idx,ch,stem,SIRB_in,LTR_in,U_in,U0_in,U_legacy_in,EXP_in,EXP0_in,EXP_legacy_in,RBR_in,RBRpct_in,SIRB_out,LTR_out,U_out,U0_out,U_legacy_out,EXP_out,EXP0_out,EXP_legacy_out,RBR_out,RBRpct_out,BR
0,0,Vocal,15.40846061706543,-15.40845012664795,0.01893727108836174,0.01893727108836174,0.018357492983341217,98.10626983642578,98.10626983642578,98.16424560546875,0.027978848665952682,2.797884941101074,37.90719985961914,-37.907073974609375,0.0029715702403336763,0.0029715688433498144,0.003533627837896347,99.70284271240234,99.70284271240234,99.64663696289062,0.00016193988267332315,0.016193987801671028,22.724531173706055
0,1,Bass,17.542253494262695,-17.5422306060791,0.11572378128767014,0.11572357267141342,0.09533397108316422,88.42761993408203,88.42764282226562,90.46659851074219,0.017305904999375343,1.7305904626846313,25.94216537475586,-25.942384719848633,0.029643915593624115,0.02964385598897934,0.020590808242559433,97.03561401367188,97.03561401367188,97.94091796875,0.002539039356634021,0.25390392541885376,8.164645195007324
0,2,Drums,30.38214111328125,-30.38196563720703,0.0005490720504894853,0.0005490718758665025,0.000775906431954354,99.9450912475586,99.9450912475586,99.92240905761719,0.0009149511461146176,0.09149511158466339,37.51886749267578,-37.51915740966797,0.00035551568726077676,0.00035551557084545493,0.00031091138953343034,99.96444702148438,99.96444702148438,99.96891021728516,0.00017702738114167005,0.0177027378231287,7.136048316955566
1,0,Vocal,13.787598609924316,-13.787601470947266,0.00834906566888094,0.008349057286977768,0.009176293388009071,99.16509246826172,99.16509246826172,99.08236694335938,0.04012849181890488,4.0128493309021,41.74698257446289,-41.75282287597656,0.0010959282517433167,0.0010959282517433167,0.0012463490711525083,99.8904037475586,99.8904037475586,99.8753662109375,6.682462117169052e-05,0.0066824620589613914,28.161243438720703
1,1,Bass,23.651260375976562,-23.65129280090332,0.041065286844968796,0.04106521233916283,0.04403257742524147,95.89347076416016,95.89347839355469,95.59674072265625,0.004295379389077425,0.42953795194625854,35.101722717285156,-35.10340881347656,0.009119128808379173,0.009119109250605106,0.012956649996340275,99.08808135986328,99.08808898925781,98.70433044433594,0.0003087796794716269,0.030877968296408653,11.595887184143066
1,2,Drums,19.36960220336914,-19.369611740112305,0.00030699692433699965,0.000306996691506356,0.0,99.96929931640625,99.96929931640625,100.0,0.011430018581449986,1.143001914024353,28.51362419128418,-28.51367950439453,0.005531005095690489,0.005531002301722765,0.005332698114216328,99.4468994140625,99.4468994140625,99.46672821044922,0.0014061451656743884,0.14061450958251953,9.203140258789062
2,0,Vocal,23.819313049316406,-23.819255828857422,0.006959633436053991,0.006959631107747555,0.007630669511854649,99.30403900146484,99.30403900146484,99.2369384765625,0.004133034497499466,0.4133034348487854,37.126190185546875,-37.1259651184082,0.0021571647375822067,0.0021571647375822067,0.001055956818163395,99.78428649902344,99.78428649902344,99.89440155029297,0.00019382720347493887,0.019382720813155174,13.604042053222656
2,1,Bass,27.99541664123535,-27.995269775390625,0.026601046323776245,0.026601046323776245,0.029324756935238838,97.33988952636719,97.33988952636719,97.06752014160156,0.0015840521082282066,0.15840521454811096,38.06019592285156,-38.058692932128906,0.002780486363917589,0.002780485898256302,0.001024876837618649,99.7219467163086,99.7219467163086,99.89750671386719,0.0001562659745104611,0.01562659814953804,10.016127586364746
2,2,Drums,28.291349411010742,-28.291301727294922,0.002835423918440938,0.0028354236856102943,0.009404907934367657,99.7164535522461,99.7164535522461,99.05950927734375,0.0014798534102737904,0.1479853391647339,31.043315887451172,-31.043262481689453,0.007906317710876465,0.00790631677955389,0.010125397704541683,99.20936584472656,99.20936584472656,98.98745727539062,0.00078581552952528,0.0785815566778183,3.05838942527771
3,0,Vocal,23.9071044921875,-23.907058715820312,0.012432693503797054,0.012432693503797054,0.01294680219143629,98.75672912597656,98.75672912597656,98.705322265625,0.004050680436193943,0.405068039894104,41.10409164428711,-41.10544204711914,0.0010616533691063523,0.0010616533691063523,0.0015701340744271874,99.89382934570312,99.89382934570312,99.84298706054688,7.754909893264994e-05,0.007754909805953503,17.397499084472656
3,1,Bass,11.305437088012695,-11.305435180664062,0.09235173463821411,0.09235111624002457,0.08245567977428436,90.76482391357422,90.76488494873047,91.75443267822266,0.06893453001976013,6.893453121185303,17.586429595947266,-17.586416244506836,0.10455760359764099,0.10455663502216339,0.10270455479621887,89.54423522949219,89.5443344116211,89.72954559326172,0.01713370531797409,1.7133705615997314,7.077230453491211
3,2,Drums,28.416275024414062,-28.416236877441406,0.0016226853476837277,0.0016226846491917968,0.0021353766787797213,99.83773040771484,99.83773040771484,99.78646087646484,0.0014379489002749324,0.14379489421844482,37.015377044677734,-37.0147819519043,0.0008589319768361747,0.0008589315693825483,0.001391215599142015,99.91410827636719,99.91410827636719,99.86087799072266,0.00019879767205566168,0.019879767671227455,8.59544849395752
4,0,Vocal,14.500333786010742,-14.500349998474121,0.012607475742697716,0.012607474811375141,0.01408373098820448,98.7392578125,98.7392578125,98.59162902832031,0.03426297754049301,3.426297664642334,37.65252685546875,-37.6505126953125,0.0020317949820309877,0.002031794749200344,0.0031360751017928123,99.79682159423828,99.79682159423828,99.68639373779297,0.00017164761084131896,0.01716476120054722,23.380037307739258
4,1,Bass,20.6476993560791,-20.647686004638672,0.04038598760962486,0.040385935455560684,0.04502248018980026,95.9614028930664,95.9614028930664,95.49774932861328,0.00854093860834837,0.8540938496589661,30.266178131103516,-30.265857696533203,0.013186163268983364,0.013186139054596424,0.014352645725011826,98.68138122558594,98.68138122558594,98.56473541259766,0.0009396998793818057,0.09396998584270477,9.508078575134277
4,2,Drums,26.556533813476562,-26.55651092529297,0.0011213463731110096,0.0011213425314053893,0.001658980967476964,99.88786315917969,99.88786315917969,99.83409881591797,0.0022049255203455687,0.22049255669116974,36.06669235229492,-36.066307067871094,0.0005637466674670577,0.0005637448630295694,0.0004970160080119967,99.9436264038086,99.9436264038086,99.9502944946289,0.00024734673206694424,0.024734674021601677,9.502660751342773
5,0,Vocal,18.169479370117188,-18.169471740722656,0.007768948096781969,0.007768937386572361,0.008286220952868462,99.22310638427734,99.22310638427734,99.17137908935547,0.01501353271305561,1.5013532638549805,41.3056640625,-41.30655288696289,0.0017627301858738065,0.0017627299530431628,0.0020655326079577208,99.82372283935547,99.82372283935547,99.79344940185547,7.40321702323854e-05,0.007403217256069183,23.34307289123535
5,1,Bass,16.444988250732422,-16.444990158081055,0.05101758614182472,0.0510166734457016,0.04402351751923561,94.89823913574219,94.89833068847656,95.59764862060547,0.022169969975948334,2.216996908187866,24.68837547302246,-24.688339233398438,0.012388762086629868,0.012388565577566624,0.010760562494397163,98.76112365722656,98.76113891601562,98.92394256591797,0.003386068157851696,0.3386068046092987,8.131674766540527
5,2,Drums,24.14353370666504,-24.143503189086914,0.00020531940390355885,0.00020531934569589794,0.0,99.9794692993164,99.9794692993164,100.0,0.0038369265384972095,0.3836926519870758,35.72163772583008,-35.72126007080078,0.0006449660286307335,0.0006449659122154117,0.0007814706186763942,99.93550109863281,99.93550109863281,99.9218521118164,0.0002677935117390007,0.026779351755976677,11.572164535522461
6,0,Vocal,32.63869857788086,-32.63884735107422,0.026302242651581764,0.02630222775042057,0.027606017887592316,97.36978149414062,97.36978149414062,97.23939514160156,0.0005443788249976933,0.05443788319826126,44.239864349365234,-44.25080108642578,0.0021659089252352715,0.0021659082267433405,0.0031990697607398033,99.78340911865234,99.78340911865234,99.68009948730469,3.7599584175040945e-05,0.003759958315640688,11.905927658081055
6,1,Bass,36.90732192993164,-36.906124114990234,0.031603407114744186,0.03160334378480911,0.03177524730563164,96.83966064453125,96.83966827392578,96.82247924804688,0.0002038259553955868,0.02038259617984295,35.694644927978516,-35.69404220581055,0.004915510304272175,0.004915500525385141,0.00476452661678195,99.5084457397461,99.50845336914062,99.52355194091797,0.0002694090362638235,0.026940904557704926,-1.1614688634872437
6,2,Drums,36.5677490234375,-36.5678825378418,0.003244074061512947,0.003244074061512947,0.006485266145318747,99.67559051513672,99.67559051513672,99.35147094726562,0.0002203321928391233,0.022033220157027245,46.47218322753906,-46.46772003173828,0.002442526165395975,0.0024425252340734005,0.002839046763256192,99.75574493408203,99.75574493408203,99.71609497070312,2.2574648028239608e-05,0.0022574649192392826,9.932259559631348
7,0,Vocal,11.561554908752441,-11.561555862426758,0.01946139708161354,0.019461382180452347,0.020433833822607994,98.05386352539062,98.05386352539062,97.95661926269531,0.06524430960416794,6.524430751800537,40.71478271484375,-40.71409606933594,0.0023352818097919226,0.0023352818097919226,0.0029234804678708315,99.76647186279297,99.76647186279297,99.70764923095703,8.487510785926133e-05,0.008487510494887829,29.40467071533203
7,1,Bass,23.40564727783203,-23.405643463134766,0.0406758189201355,0.04067578911781311,0.04311855882406235,95.93241882324219,95.93242645263672,95.68814849853516,0.004544205032289028,0.4544205069541931,25.030834197998047,-25.03076934814453,0.009253393858671188,0.009253391996026039,0.013213559053838253,99.07466125488281,99.07466125488281,98.67864227294922,0.0031300915870815516,0.3130091726779938,1.638669490814209
7,2,Drums,23.43781280517578,-23.43780517578125,0.0018084854818880558,0.0018084847833961248,0.002511820523068309,99.81915283203125,99.81915283203125,99.74881744384766,0.004510863218456507,0.4510863125324249,34.99815368652344,-34.99793243408203,0.0023303041234612465,0.0023303029593080282,0.0029251850210130215,99.7669677734375,99.7669677734375,99.70748138427734,0.0003162799112033099,0.03162799030542374,11.559845924377441
8,0,Vocal,36.936641693115234,-36.93655014038086,0.006114451680332422,0.006114443298429251,0.007815094664692879,99.38855743408203,99.38855743408203,99.21849060058594,0.00020245419000275433,0.020245419815182686,41.62108612060547,-41.618873596191406,0.0011948258616030216,0.0011948255123570561,0.0027752930764108896,99.8805160522461,99.8805160522461,99.72246551513672,6.886891060275957e-05,0.0068868910893797874,4.800337314605713
8,1,Bass,26.506813049316406,-26.5067081451416,0.012438664212822914,0.012438561767339706,0.010909619741141796,98.75613403320312,98.75614929199219,98.9090347290039,0.002230218378826976,0.22302183508872986,40.066673278808594,-40.066226959228516,0.0038149028550833464,0.003814867464825511,0.003702739719301462,99.61851501464844,99.61851501464844,99.62972259521484,9.845665044849738e-05,0.009845664724707603,13.548060417175293
8,2,Drums,28.575824737548828,-28.57569122314453,0.005999431479722261,0.005999431479722261,0.007247107103466988,99.40005493164062,99.40005493164062,99.2752914428711,0.0013861814513802528,0.13861814141273499,36.19957733154297,-36.199947357177734,0.002287294715642929,0.0022872937843203545,0.0033032246865332127,99.77127075195312,99.77127075195312,99.669677734375,0.000239826476899907,0.02398264780640602,7.618834972381592
9,0,Vocal,32.40348434448242,-32.403160095214844,0.003346029669046402,0.003346025012433529,0.00567866675555706,99.66539764404297,99.66539764404297,99.43213653564453,0.0005746507085859776,0.057465068995952606,34.44390869140625,-34.444061279296875,0.008066943846642971,0.008066941983997822,0.010053987614810467,99.19330596923828,99.19330596923828,98.99459838867188,0.00035936111817136407,0.03593611344695091,2.573758125305176
9,1,Bass,19.771806716918945,-19.77180290222168,0.020724264904856682,0.020724212750792503,0.02010256052017212,97.92757415771484,97.92757415771484,97.98974609375,0.01042958628386259,1.0429586172103882,25.432519912719727,-25.432525634765625,0.005874490365386009,0.005874470807611942,0.007387547753751278,99.41255187988281,99.41255187988281,99.26124572753906,0.0028543455991894007,0.2854345738887787,5.627717018127441
9,2,Drums,29.433286666870117,-29.433380126953125,0.005763663910329342,0.005763663910329342,0.004556993022561073,99.42363739013672,99.42363739013672,99.54429626464844,0.0011380690848454833,0.11380691081285477,35.943851470947266,-35.944190979003906,0.005636353511363268,0.005636347457766533,0.0068554263561964035,99.43636322021484,99.43636322021484,99.31446075439453,0.00025439163437113166,0.02543916366994381,6.7921600341796875
10,0,Vocal,28.469602584838867,-28.469654083251953,0.006905226968228817,0.006905226036906242,0.0075909290462732315,99.30947875976562,99.30947875976562,99.24090576171875,0.0014204515609890223,0.14204515516757965,36.937923431396484,-36.938087463378906,0.003939180169254541,0.003939180169254541,0.0035090046003460884,99.60608673095703,99.60608673095703,99.64910125732422,0.00020235669217072427,0.020235668867826462,8.755105018615723
10,1,Bass,21.182334899902344,-21.182292938232422,0.03283246234059334,0.032832201570272446,0.025303786620497704,96.71675872802734,96.71678161621094,97.46961975097656,0.007559142075479031,0.7559142112731934,28.111860275268555,-28.111801147460938,0.008949287235736847,0.008949224837124348,0.0051905130967497826,99.10507202148438,99.1050796508789,99.48094940185547,0.0015422409633174539,0.15422409772872925,6.912899017333984
10,2,Drums,37.19215774536133,-37.1921501159668,0.005626913625746965,0.0056269061751663685,0.006506835576146841,99.43730926513672,99.43730926513672,99.34931182861328,0.0001908659323817119,0.019086593762040138,31.013416290283203,-31.013469696044922,0.02905290015041828,0.029052888974547386,0.028269505128264427,97.09471130371094,97.09471130371094,97.17304992675781,0.0007912226137705147,0.07912226021289825,-5.430593490600586
11,0,Vocal,30.942298889160156,-30.941852569580078,0.002868416951969266,0.0028684139251708984,0.0009312405018135905,99.7131576538086,99.7131576538086,99.90687561035156,0.0008043009438551962,0.08043009787797928,38.39051055908203,-38.39006805419922,0.0024480002466589212,0.0024480002466589212,0.0015595657750964165,99.75519561767578,99.75519561767578,99.84404754638672,0.00014486612053588033,0.014486611820757389,7.73316764831543
11,1,Bass,17.86391830444336,-17.863916397094727,0.01575956866145134,0.01575954258441925,0.018219852820038795,98.42404174804688,98.4240493774414,98.17801666259766,0.016090258955955505,1.6090259552001953,29.011499404907227,-29.011499404907227,0.0047402456402778625,0.00474023399874568,0.0075997463427484035,99.5259780883789,99.5259780883789,99.24002075195312,0.001254029804840684,0.12540298700332642,11.091626167297363
11,2,Drums,19.551319122314453,-19.55131721496582,0.00374678079970181,0.003746776608750224,0.004143575206398964,99.62532043457031,99.62532806396484,99.58563995361328,0.010966802015900612,1.0966801643371582,34.691551208496094,-34.69162368774414,0.003940347116440535,0.003940346650779247,0.005037257913500071,99.60596466064453,99.60596466064453,99.49627685546875,0.00033936879481188953,0.03393688052892685,15.21532917022705
12,0,Vocal,28.9724063873291,-28.972442626953125,0.003986196126788855,0.003986195661127567,0.0054922704584896564,99.60137939453125,99.60137939453125,99.45077514648438,0.0012653270969167352,0.12653270363807678,40.439815521240234,-40.44000244140625,0.0025654311757534742,0.0025654311757534742,0.004564238246530294,99.74345397949219,99.74345397949219,99.5435791015625,9.040054283104837e-05,0.009040053933858871,11.795392990112305
12,1,Bass,23.291942596435547,-23.291959762573242,0.01138252206146717,0.01138242892920971,0.014704645611345768,98.86174774169922,98.86176300048828,98.52953338623047,0.004664148669689894,0.4664148688316345,33.429100036621094,-33.42901611328125,0.0033848839811980724,0.003384849987924099,0.0051153539679944515,99.66151428222656,99.66151428222656,99.48846435546875,0.0004538414941634983,0.04538414999842644,10.109562873840332
12,2,Drums,29.499134063720703,-29.49908447265625,0.007262359373271465,0.007262350060045719,0.009471061639487743,99.27376556396484,99.27376556396484,99.05289459228516,0.0011209971271455288,0.11209971457719803,29.34849739074707,-29.34839630126953,0.016130972653627396,0.016130970790982246,0.022850921377539635,98.38690185546875,98.38690185546875,97.71490478515625,0.001160557847470045,0.11605578660964966,0.43314677476882935
13,0,Vocal,31.933162689208984,-31.933204650878906,0.0030253534205257893,0.0030253534205257893,0.0042733242735266685,99.69746398925781,99.69746398925781,99.57266998291016,0.0006403750157915056,0.0640375018119812,40.91465377807617,-40.920162200927734,0.002006225287914276,0.002006224822252989,0.003777099773287773,99.79937744140625,99.79937744140625,99.6222915649414,8.095848170341924e-05,0.008095848374068737,9.233031272888184
13,1,Bass,18.668006896972656,-18.668001174926758,0.012713625095784664,0.012713620439171791,0.014318197034299374,98.7286376953125,98.7286376953125,98.56818389892578,0.013407162390649319,1.3407162427902222,32.50655746459961,-32.50623321533203,0.004968318156898022,0.004968317225575447,0.005956793203949928,99.50316619873047,99.50316619873047,99.4043197631836,0.0005612231325358152,0.0561223141849041,13.79731273651123
13,2,Drums,27.01504135131836,-27.01500701904297,0.009598213247954845,0.009598197415471077,0.014012344181537628,99.0401840209961,99.0401840209961,98.59877014160156,0.001984447706490755,0.19844476878643036,31.671390533447266,-31.671438217163086,0.027086561545729637,0.027086522430181503,0.03130077198147774,97.29134368896484,97.29135131835938,96.86991882324219,0.0006800839328207076,0.06800839304924011,4.906383514404297
14,0,Vocal,21.42848014831543,-21.42847442626953,0.03577616065740585,0.035776037722826004,0.03882807493209839,96.4223861694336,96.42240142822266,96.11719512939453,0.007145609240978956,0.7145609259605408,37.681278228759766,-37.68061447143555,0.0022843368351459503,0.0022843368351459503,0.005047968588769436,99.77156829833984,99.77156829833984,99.49520111083984,0.00017058888624887913,0.01705888845026493,16.430437088012695
14,1,Bass,17.85829734802246,-17.858299255371094,0.02679397165775299,0.02679396979510784,0.03176841139793396,97.32060241699219,97.32060241699219,96.82315826416016,0.016110843047499657,1.6110843420028687,31.42916488647461,-31.428874969482422,0.004945050459355116,0.004945047665387392,0.007069316692650318,99.5054931640625,99.5054931640625,99.2930679321289,0.0007190872565843165,0.07190872728824615,13.54283332824707
14,2,Drums,28.603778839111328,-28.603744506835938,0.0015152114210650325,0.0015152113046497107,0.0009742595138959587,99.84848022460938,99.84848022460938,99.90257263183594,0.0013772784732282162,0.13772784173488617,31.016366958618164,-31.0164852142334,0.009408246725797653,0.009408246725797653,0.012806467711925507,99.05917358398438,99.05917358398438,98.71935272216797,0.0007907233666628599,0.07907233387231827,2.844963312149048
15,0,Vocal,29.098129272460938,-29.097902297973633,0.0037535661831498146,0.003753559896722436,0.004236136097460985,99.62464904785156,99.62464904785156,99.57638549804688,0.0012293268227949739,0.12293267995119095,37.48535919189453,-37.485660552978516,0.0025538289919495583,0.0025538275949656963,0.0025454352144151926,99.74462127685547,99.74462127685547,99.7454605102539,0.00017837065388448536,0.01783706620335579,8.701623916625977
15,1,Bass,18.49449348449707,-18.494489669799805,0.010039243847131729,0.010039242915809155,0.012334181927144527,98.9960708618164,98.9960708618164,98.76658630371094,0.013946089893579483,1.394608974456787,30.622276306152344,-30.622140884399414,0.003912174608558416,0.003912172745913267,0.006325209978967905,99.6087875366211,99.6087875366211,99.36748504638672,0.0008657858707010746,0.08657858520746231,12.095133781433105
15,2,Drums,27.426071166992188,-27.42608642578125,0.013254689052700996,0.013254649937152863,0.011229157447814941,98.67453002929688,98.6745376586914,98.87708282470703,0.0018055362161248922,0.1805536150932312,33.313663482666016,-33.31338119506836,0.005146983545273542,0.005146981216967106,0.0052687013521790504,99.48530578613281,99.48530578613281,99.47312927246094,0.0004660662671085447,0.046606626361608505,5.910562992095947
16,0,Vocal,27.039554595947266,-27.039573669433594,0.04918884485960007,0.04918883740901947,0.05119746923446655,95.08111572265625,95.08111572265625,94.88025665283203,0.0019732823129743338,0.19732822477817535,34.29582977294922,-34.29713439941406,0.0020398315973579884,0.0020398306660354137,0.0,99.79601287841797,99.79601287841797,100.0,0.0003716843493748456,0.037168435752391815,7.402121067047119
16,1,Bass,14.09517765045166,-14.095176696777344,0.1796456277370453,0.1796448677778244,0.17928871512413025,82.03543090820312,82.03551483154297,82.07112884521484,0.0374876968562603,3.748769760131836,20.47124671936035,-20.471250534057617,0.1021149531006813,0.10211434215307236,0.10848728567361832,89.78850555419922,89.78856658935547,89.1512680053711,0.008891911245882511,0.8891911506652832,6.242208480834961
16,2,Drums,34.359683990478516,-34.35970687866211,0.0018541254103183746,0.001854125177487731,0.0019287283066660166,99.81459045410156,99.81459045410156,99.80712890625,0.0003663221432361752,0.03663221374154091,35.35284423828125,-35.35253143310547,0.010641762986779213,0.010641762055456638,0.009530305862426758,98.93582153320312,98.93582153320312,99.04696655273438,0.0002914636570494622,0.029146365821361542,1.4568932056427002
17,0,Vocal,26.0869140625,-26.086824417114258,0.014207110740244389,0.014207109808921814,0.01428552158176899,98.57928466796875,98.57928466796875,98.57144927978516,0.0024560976307839155,0.24560976028442383,37.52471923828125,-37.52463150024414,0.0012787515297532082,0.0012787514133378863,6.687977727182215e-09,99.87212371826172,99.87212371826172,100.0,0.00017684229533188045,0.017684228718280792,11.661444664001465
17,1,Bass,12.96646499633789,-12.966463088989258,0.19511882960796356,0.19511879980564117,0.19703969359397888,80.48811340332031,80.48812103271484,80.29602813720703,0.04807889088988304,4.807888984680176,29.462072372436523,-29.461957931518555,0.12290774285793304,0.12290773540735245,0.12151709198951721,87.70922088623047,87.70922088623047,87.84829711914062,0.0011305949883535504,0.11305949836969376,16.136932373046875
17,2,Drums,28.404035568237305,-28.403980255126953,0.007572952192276716,0.007572952192276716,0.008301674388349056,99.24270629882812,99.24270629882812,99.16983032226562,0.001442022155970335,0.14420221745967865,30.713300704956055,-30.713348388671875,0.02227689139544964,0.02227689139544964,0.022825734689831734,97.77230834960938,97.77230834960938,97.7174301147461,0.000847822695504874,0.08478227257728577,2.8650357723236084
18,0,Vocal,12.604843139648438,-12.604841232299805,0.17493398487567902,0.17493394017219543,0.17546586692333221,82.50659942626953,82.50660705566406,82.45341491699219,0.052036430686712265,5.203642845153809,27.410585403442383,-27.41049575805664,0.03521227464079857,0.03521205484867096,0.04095267504453659,96.47877502441406,96.47879791259766,95.90473175048828,0.0018119544256478548,0.1811954379081726,16.205930709838867
18,1,Bass,16.03937530517578,-16.039377212524414,0.22258369624614716,0.2225830852985382,0.21302150189876556,77.74163055419922,77.74169158935547,78.69784545898438,0.024287624284625053,2.428762435913086,18.391407012939453,-18.39141082763672,0.12424903362989426,0.12424808740615845,0.11735906451940536,87.5750961303711,87.57518768310547,88.26409912109375,0.01427625771611929,1.4276257753372192,2.1433427333831787
18,2,Drums,31.306970596313477,-31.307504653930664,0.0006763609126210213,0.0006763609126210213,0.003602476790547371,99.93236541748047,99.93236541748047,99.6397476196289,0.0007395317079499364,0.07395317405462265,35.68025207519531,-35.681968688964844,0.011384697631001472,0.011384696699678898,0.013507379218935966,98.86152648925781,98.86152648925781,98.64926147460938,0.0002702523488551378,0.027025233954191208,4.669554233551025
19,0,Vocal,8.042818069458008,-8.042818069458008,0.055182985961437225,0.05518297851085663,0.057505421340465546,94.48169708251953,94.48169708251953,94.24945831298828,0.1356467604637146,13.564676284790039,32.54131317138672,-32.540740966796875,0.023835064843297005,0.023835046216845512,0.029180273413658142,97.61649322509766,97.61649322509766,97.08197021484375,0.0005567219923250377,0.05567219853401184,25.210397720336914
19,1,Bass,11.909040451049805,-11.909040451049805,0.1656167209148407,0.16561609506607056,0.1700034737586975,83.43832397460938,83.43839263916016,82.99964904785156,0.06053106114268303,6.053106307983398,13.521839141845703,-13.521842002868652,0.0756031721830368,0.07560274749994278,0.08530409634113312,92.43968200683594,92.4397201538086,91.46958923339844,0.04255308210849762,4.255308151245117,1.4593250751495361
19,2,Drums,32.6501350402832,-32.64997100830078,0.0006339139072224498,0.0006339139072224498,0.00044952548341825604,99.93660736083984,99.93660736083984,99.95504760742188,0.000542959722224623,0.05429597198963165,35.647804260253906,-35.64666748046875,0.003952868282794952,0.003952868282794952,0.00468098372220993,99.6047134399414,99.6047134399414,99.53189849853516,0.00027236127061769366,0.027236126363277435,3.15537691116333
20,0,Vocal,26.969017028808594,-26.969036102294922,0.03938823565840721,0.03938821330666542,0.03972650319337845,96.06117248535156,96.06117248535156,96.02735137939453,0.002005533082410693,0.2005533128976822,39.4637451171875,-39.463417053222656,0.005353567656129599,0.005353567656129599,0.006951943505555391,99.46464538574219,99.46464538574219,99.3048095703125,0.00011317245662212372,0.011317245662212372,12.718669891357422
20,1,Bass,11.359312057495117,-11.359306335449219,0.27344638109207153,0.2734455466270447,0.2709585428237915,72.65536499023438,72.65544891357422,72.90414428710938,0.06814257055521011,6.8142571449279785,13.678459167480469,-13.67846965789795,0.17341910302639008,0.17341859638690948,0.17019295692443848,82.65808868408203,82.65814208984375,82.98070526123047,0.04110771045088768,4.110771179199219,2.15842342376709
20,2,Drums,35.7168083190918,-35.71826171875,0.0021925056353211403,0.0021925035398453474,0.00024431871133856475,99.78074645996094,99.78074645996094,99.97557067871094,0.0002679989265743643,0.026799893006682396,29.080665588378906,-29.08064079284668,0.01707347109913826,0.01707344874739647,0.019867973402142525,98.29265594482422,98.29265594482422,98.0132064819336,0.0012342060217633843,0.1234206035733223,-6.221778392791748
21,0,Vocal,37.24127197265625,-37.24186706542969,0.06517963111400604,0.06517963111400604,0.06643541902303696,93.4820327758789,93.4820327758789,93.35646057128906,0.0001886775717139244,0.01886775717139244,32.99448013305664,-32.994407653808594,0.005411189049482346,0.005411189049482346,0.006920607294887304,99.45887756347656,99.45887756347656,99.30793762207031,0.0005015802453272045,0.050158023834228516,-3.9730260372161865
21,1,Bass,14.830392837524414,-14.830392837524414,0.1393028050661087,0.1393027901649475,0.13817119598388672,86.06971740722656,86.06971740722656,86.18287658691406,0.03183533996343613,3.1835339069366455,27.545024871826172,-27.545015335083008,0.09870075434446335,0.09870072454214096,0.0997561365365982,90.12992095947266,90.12992858886719,90.0243911743164,0.0017568286275491118,0.17568285763263702,12.645744323730469
21,2,Drums,37.27985763549805,-37.280059814453125,0.0019411443499848247,0.0019411417888477445,0.00452772993594408,99.8058853149414,99.8058853149414,99.54722595214844,0.00018706732953432947,0.018706733360886574,34.13581085205078,-34.135528564453125,0.011721332557499409,0.01172131858766079,0.018737005069851875,98.82786560058594,98.82786560058594,98.12629699707031,0.00038568227319046855,0.03856822848320007,-2.8185384273529053
22,0,Vocal,4.081974983215332,-4.081976890563965,0.16477639973163605,0.1647758036851883,0.14834080636501312,83.5223617553711,83.52242279052734,85.1659164428711,0.28091859817504883,28.091859817504883,33.97758865356445,-33.97785186767578,0.009810014627873898,0.009810000658035278,0.018925495445728302,99.01899719238281,99.01900482177734,98.10745239257812,0.0004000100016128272,0.040001001209020615,30.224559783935547
22,1,Bass,15.580831527709961,-15.580826759338379,0.15039777755737305,0.15039777755737305,0.15479612350463867,84.96022033691406,84.96022033691406,84.5203857421875,0.026919430121779442,2.6919429302215576,18.12554931640625,-18.12554168701172,0.10907886177301407,0.10907857120037079,0.11044292151927948,89.09210968017578,89.0921401977539,88.95570373535156,0.015163860283792019,1.5163860321044922,2.4500081539154053
22,2,Drums,29.077728271484375,-29.077665328979492,0.00012830850027967244,0.00012830850027967244,0.0042328299023211,99.98716735839844,99.98716735839844,99.57672119140625,0.0012351033510640264,0.12351033836603165,27.97077178955078,-27.970733642578125,0.027134379372000694,0.027134375646710396,0.03379477933049202,97.28656768798828,97.28656768798828,96.62052154541016,0.0015930993249639869,0.15930993854999542,-0.5546334981918335
23,0,Vocal,34.67403793334961,-34.674156188964844,0.030060844495892525,0.030060842633247375,0.030610255897045135,96.9939193725586,96.9939193725586,96.93897247314453,0.00034075291478075087,0.0340752899646759,43.87745666503906,-43.879920959472656,0.002876483602449298,0.002876483602449298,0.0037260984536260366,99.71235656738281,99.71235656738281,99.62738800048828,4.0986873500514776e-05,0.004098687320947647,9.458374977111816
23,1,Bass,13.312776565551758,-13.312776565551758,0.17549848556518555,0.17549848556518555,0.18284311890602112,82.45014953613281,82.45014953613281,81.71569061279297,0.044558096677064896,4.455809593200684,19.477264404296875,-19.477245330810547,0.13083991408348083,0.1308397650718689,0.13008718192577362,86.91600799560547,86.91602325439453,86.99127960205078,0.011153312399983406,1.1153312921524048,6.1093668937683105
23,2,Drums,33.83869934082031,-33.83855056762695,0.005027567036449909,0.005027563311159611,0.0063011120073497295,99.49723815917969,99.49723815917969,99.36988830566406,0.00041300439625047147,0.04130043834447861,30.296337127685547,-30.296279907226562,0.015570985153317451,0.015570973977446556,0.014590958133339882,98.44290161132812,98.44290161132812,98.54090118408203,0.0009332192130386829,0.09332191944122314,-3.148946523666382
24,0,Vocal,23.146236419677734,-23.14622688293457,0.014645148068666458,0.01464514434337616,0.013813532888889313,98.53548431396484,98.53548431396484,98.61864471435547,0.004822535905987024,0.4822535812854767,45.802696228027344,-45.82292556762695,0.0012740710517391562,0.0012740709353238344,0.002030072035267949,99.87259674072266,99.87259674072266,99.79698944091797,2.622485044412315e-05,0.0026224851608276367,22.82877540588379
24,1,Bass,21.997316360473633,-21.997299194335938,0.039965443313121796,0.039965443313121796,0.03360925614833832,96.00345611572266,96.00345611572266,96.63907623291016,0.0062738219276070595,0.627382218837738,36.12890625,-36.128509521484375,0.017517657950520515,0.017517656087875366,0.016920914873480797,98.24822998046875,98.24822998046875,98.30790710449219,0.0002437933289911598,0.02437933348119259,14.102533340454102
24,2,Drums,32.279075622558594,-32.27892303466797,0.004199344664812088,0.004199344664812088,0.004080381244421005,99.58007049560547,99.58007049560547,99.59196472167969,0.0005913659115321934,0.05913659185171127,41.90464782714844,-41.906044006347656,0.0009986916556954384,0.0009986916556954384,0.0006870432407595217,99.90013122558594,99.90013122558594,99.9312973022461,6.446588668040931e-05,0.006446588784456253,9.638665199279785
25,0,Vocal,26.346023559570312,-26.346071243286133,0.01122044026851654,0.01122043002396822,0.011307120323181152,98.8779525756836,98.8779525756836,98.8692855834961,0.0023141822312027216,0.23141822218894958,39.56562423706055,-39.569297790527344,0.0021136964205652475,0.0021136959549039602,0.0032040108926594257,99.78862762451172,99.78862762451172,99.67960357666016,0.000110453343950212,0.011045334860682487,13.474459648132324
25,1,Bass,14.332145690917969,-14.332149505615234,0.01808862015604973,0.01808862015604973,0.02099335566163063,98.1911392211914,98.1911392211914,97.90066528320312,0.03556782379746437,3.5567824840545654,20.575176239013672,-20.575151443481445,0.01914980635046959,0.01914980635046959,0.02460309863090515,98.08502197265625,98.08502197265625,97.53968811035156,0.008683493360877037,0.8683493137359619,6.241599082946777
25,2,Drums,34.042816162109375,-34.04302215576172,0.004219451919198036,0.00421944772824645,0.0030871029011905193,99.57805633544922,99.57805633544922,99.69129180908203,0.00039404796552844346,0.03940479829907417,42.022647857666016,-42.02162170410156,0.001409204676747322,0.0014092032797634602,0.0011173896491527557,99.85907745361328,99.85907745361328,99.88825988769531,6.277089414652437e-05,0.006277089472860098,7.982362747192383
26,0,Vocal,10.811592102050781,-10.811592102050781,0.06108975037932396,0.061089735478162766,0.05964843928813934,93.89102172851562,93.89102172851562,94.03515625,0.07660030573606491,7.660030364990234,33.530128479003906,-33.53033447265625,0.0038325937930494547,0.0038325926288962364,0.009682991541922092,99.61674499511719,99.61674499511719,99.03170013427734,0.00044340459862723947,0.04434046149253845,23.155824661254883
26,1,Bass,16.77435302734375,-16.774349212646484,0.08764537423849106,0.08764515817165375,0.0969775915145874,91.23546600341797,91.23548126220703,90.30223846435547,0.020584119483828545,2.0584118366241455,32.95132064819336,-32.95122528076172,0.01424734853208065,0.014247317798435688,0.017474472522735596,98.57526397705078,98.57527160644531,98.25255584716797,0.0005065902951173484,0.05065903067588806,15.997878074645996
26,2,Drums,26.015239715576172,-26.015201568603516,0.015659432858228683,0.015659423545002937,0.014430713839828968,98.43405151367188,98.43405151367188,98.55693054199219,0.0024968336801975965,0.24968336522579193,35.371543884277344,-35.371002197265625,0.00302482838742435,0.00302482838742435,0.0038522605318576097,99.69751739501953,99.69751739501953,99.61477661132812,0.0002902309934142977,0.029023099690675735,9.36528491973877
27,0,Vocal,37.71940612792969,-37.72187805175781,0.007423373870551586,0.007423363160341978,0.006873965263366699,99.25765991210938,99.2576675415039,99.31260681152344,0.0001690084027359262,0.016900841146707535,42.303775787353516,-42.311729431152344,0.0029368107207119465,0.002936809090897441,0.0042945886962115765,99.70631408691406,99.7063217163086,99.57054138183594,5.8768706367118284e-05,0.005876870825886726,4.81273889541626
27,1,Bass,23.02841567993164,-23.02842140197754,0.046280764043331146,0.04628074914216995,0.04784263297915459,95.3719253540039,95.3719253540039,95.21573638916016,0.004954495932906866,0.49544960260391235,22.519207000732422,-22.519195556640625,0.017378229647874832,0.01737821474671364,0.014077878557145596,98.26217651367188,98.26217651367188,98.59220886230469,0.005567476619035006,0.5567476749420166,-0.5163612365722656
27,2,Drums,27.811927795410156,-27.811756134033203,0.0032201569993048906,0.0032201569993048906,0.002129737287759781,99.67798614501953,99.67798614501953,99.78702545166016,0.0016523170052096248,0.16523170471191406,37.30206298828125,-37.30067443847656,0.0013182064285501838,0.0013182064285501838,0.0010109723079949617,99.86817932128906,99.86817932128906,99.8989028930664,0.00018611265113577247,0.01861126534640789,9.489940643310547
28,0,Vocal,14.163037300109863,-14.163040161132812,0.008095115423202515,0.008095110766589642,0.009632040746510029,99.19048309326172,99.19049072265625,99.03679656982422,0.03692791238427162,3.692791223526001,37.268798828125,-37.268070220947266,0.0016503460938110948,0.0016503457445651293,0.00113309093285352,99.83496856689453,99.83496856689453,99.88668823242188,0.00018748792354017496,0.01874879188835621,23.2384090423584
28,1,Bass,16.25495147705078,-16.254953384399414,0.08911986649036407,0.0891197994351387,0.09938030689954758,91.0880126953125,91.08802032470703,90.06196594238281,0.02313859388232231,2.313859462738037,32.21472930908203,-32.214637756347656,0.010570191778242588,0.01057018805295229,0.010901037603616714,98.94298553466797,98.94298553466797,98.90989685058594,0.0006001604488119483,0.06001604348421097,15.654480934143066
28,2,Drums,16.860015869140625,-16.860004425048828,0.0016556420596316457,0.0016556420596316457,0.0011448623845353723,99.83443450927734,99.83443450927734,99.88551330566406,0.020190183073282242,2.0190184116363525,34.5063362121582,-34.506080627441406,0.004256717395037413,0.004256716463714838,0.004978934768587351,99.57432556152344,99.57432556152344,99.50210571289062,0.0003542003105394542,0.03542003035545349,17.636425018310547
29,0,Vocal,23.621044158935547,-23.621013641357422,0.01704534702003002,0.017045341432094574,0.017300670966506004,98.29547119140625,98.29547119140625,98.26993560791016,0.004325294867157936,0.432529479265213,42.63750457763672,-42.638641357421875,0.0013642582343891263,0.0013642581179738045,0.002519620582461357,99.86357879638672,99.86357879638672,99.74803924560547,5.448561569210142e-05,0.005448561627417803,19.21631622314453
29,1,Bass,16.292417526245117,-16.292417526245117,0.07677417993545532,0.07677404582500458,0.0687742754817009,92.32257843017578,92.32259368896484,93.12257385253906,0.022944439202547073,2.2944438457489014,26.61028289794922,-26.610288619995117,0.038521040230989456,0.03852089121937752,0.032759737223386765,96.14789581298828,96.14791107177734,96.72402954101562,0.0021778361406177282,0.2177836149930954,10.269889831542969
29,2,Drums,25.38467025756836,-25.38466453552246,0.005444993730634451,0.005444993264973164,0.00602309126406908,99.45549774169922,99.45549774169922,99.39768981933594,0.0028858790174126625,0.28858789801597595,36.71108627319336,-36.710906982421875,0.0022441924083977938,0.0022441924083977938,0.0021133641712367535,99.77558135986328,99.77558135986328,99.78866577148438,0.00021319641382433474,0.021319640800356865,11.335772514343262
30,0,Vocal,1.991961121559143,-1.991960883140564,0.20496930181980133,0.20496921241283417,0.19601403176784515,79.5030746459961,79.5030746459961,80.39859771728516,0.38730236887931824,38.7302360534668,21.698225021362305,-21.6982364654541,0.01609506830573082,0.016095010563731194,0.008386678993701935,98.39049530029297,98.3905029296875,99.16133117675781,0.006718143820762634,0.6718143820762634,21.253129959106445
30,1,Bass,24.24576759338379,-24.245759963989258,0.10123669356107712,0.10123655200004578,0.10151989758014679,89.87632751464844,89.8763427734375,89.84801483154297,0.003747941693291068,0.3747941553592682,44.931175231933594,-44.92822265625,0.011378945782780647,0.011378929018974304,0.010785485617816448,98.86210632324219,98.86210632324219,98.92145538330078,3.216757977497764e-05,0.003216757904738188,20.441205978393555
30,2,Drums,22.55531120300293,-22.5552921295166,0.011876136064529419,0.011876135133206844,0.013203120790421963,98.81239318847656,98.81239318847656,98.6796875,0.005521593149751425,0.552159309387207,33.09476852416992,-33.0947151184082,0.003713187761604786,0.0037131872959434986,0.004883964546024799,99.62867736816406,99.62867736816406,99.51160430908203,0.0004901191568933427,0.04901191592216492,10.532486915588379
31,0,Vocal,19.335643768310547,-19.335630416870117,0.05785487964749336,0.05785487964749336,0.056559327989816666,94.21450805664062,94.21450805664062,94.34407043457031,0.011518748477101326,1.1518748998641968,34.21918487548828,-34.21883010864258,0.008270816877484322,0.008270816877484322,0.010959300212562084,99.17292022705078,99.17292022705078,98.90406799316406,0.0003783733118325472,0.037837330251932144,15.331670761108398
31,1,Bass,16.348918914794922,-16.348920822143555,0.16781529784202576,0.1678103506565094,0.1686820685863495,83.21846771240234,83.2189712524414,83.13179016113281,0.02265460416674614,2.26546049118042,20.875560760498047,-20.87557601928711,0.0744837075471878,0.07448336482048035,0.07665625214576721,92.55162811279297,92.5516586303711,92.33438110351562,0.008107881993055344,0.8107882142066956,4.184332847595215
31,2,Drums,29.68329620361328,-29.683229446411133,0.0001832076522987336,0.00018320485833100975,0.0,99.98167419433594,99.98167419433594,100.0,0.0010745367035269737,0.10745367407798767,41.79368591308594,-41.792999267578125,0.0003628498816397041,0.00036284441011957824,0.0005141425062902272,99.96371459960938,99.96371459960938,99.9485855102539,6.615542952204123e-05,0.006615542806684971,12.124761581420898
32,0,Vocal,22.875635147094727,-22.875595092773438,0.16264121234416962,0.16264121234416962,0.17546387016773224,83.73587799072266,83.73587799072266,82.45361328125,0.00513103324919939,0.5131033062934875,35.18639373779297,-35.18634033203125,0.0075614373199641705,0.0075614373199641705,0.013573504984378815,99.24385833740234,99.24385833740234,98.64264678955078,0.00030287314439192414,0.03028731420636177,12.895142555236816
32,1,Bass,13.271981239318848,-13.271982192993164,0.04142100363969803,0.04142099991440773,0.0453970804810524,95.85790252685547,95.85790252685547,95.46028900146484,0.044959697872400284,4.495969772338867,24.383373260498047,-24.38336181640625,0.04493391886353493,0.044933900237083435,0.045585453510284424,95.50660705566406,95.50660705566406,95.44145202636719,0.0036315026227384806,0.3631502687931061,11.049163818359375
32,2,Drums,33.718727111816406,-33.7184944152832,0.0002514219668228179,0.0002514219668228179,0.0005097941029816866,99.97486114501953,99.97486114501953,99.94902038574219,0.0004246103635523468,0.04246103763580322,36.20065689086914,-36.200225830078125,0.0014130333438515663,0.0014130333438515663,0.0009860622230917215,99.85869598388672,99.85869598388672,99.90139770507812,0.00023981320555321872,0.02398131974041462,2.529224157333374
33,0,Vocal,22.032752990722656,-22.032758712768555,0.25370022654533386,0.2536996901035309,0.25668394565582275,74.62997436523438,74.63003540039062,74.33160400390625,0.006223159842193127,0.6223160028457642,38.293296813964844,-38.29267120361328,0.006313340738415718,0.006313314661383629,0.009002873674035072,99.36866760253906,99.36866760253906,99.09971618652344,0.0001481760700698942,0.014817606657743454,16.731107711791992
33,1,Bass,23.338695526123047,-23.33867645263672,0.10462410748004913,0.10462407022714615,0.10371322184801102,89.53759002685547,89.53759002685547,89.62867736816406,0.0046145073138177395,0.4614507257938385,28.945247650146484,-28.944988250732422,0.05440155789256096,0.054401546716690063,0.052191175520420074,94.55984497070312,94.55984497070312,94.7808837890625,0.001273276866413653,0.12732768058776855,5.471025466918945
33,2,Drums,39.3197021484375,-39.320289611816406,0.0003148901159875095,0.0003148899704683572,0.0005399278597906232,99.96851348876953,99.96851348876953,99.94600677490234,0.00011691685358528048,0.011691685765981674,47.264015197753906,-47.25721740722656,0.00010688724432839081,0.00010688720067264512,0.00023842956579755992,99.98931121826172,99.98931121826172,99.97615814208984,1.881902244349476e-05,0.001881902222521603,7.932495594024658
34,0,Vocal,20.490203857421875,-20.490249633789062,0.20265553891658783,0.20265553891658783,0.20570801198482513,79.73444366455078,79.73444366455078,79.42919921875,0.008853496052324772,0.8853496313095093,39.500518798828125,-39.49973678588867,0.003944987431168556,0.003944987431168556,0.0059339371509850025,99.60549926757812,99.60549926757812,99.40660858154297,0.00011218564031878486,0.01121856365352869,19.313724517822266
34,1,Bass,22.299388885498047,-22.29937744140625,0.1735994517803192,0.17359939217567444,0.16964814066886902,82.64005279541016,82.64006042480469,83.03518676757812,0.005854800809174776,0.5854800939559937,15.987760543823242,-15.987754821777344,0.08578196167945862,0.08578196167945862,0.09177771955728531,91.42180633544922,91.42180633544922,90.82222747802734,0.024570845067501068,2.4570844173431396,-6.23382043838501
34,2,Drums,40.262969970703125,-40.263065338134766,0.0003217386547476053,0.0003217386547476053,0.0,99.96782684326172,99.96782684326172,100.0,9.412428335053846e-05,0.009412428364157677,43.75282669067383,-43.748878479003906,0.0014221322489902377,0.0014221322489902377,0.001567529165185988,99.8577880859375,99.8577880859375,99.84324645996094,4.213818465359509e-05,0.004213818348944187,3.5264956951141357
35,0,Vocal,8.791177749633789,-8.791177749633789,0.7063690423965454,0.7063689827919006,0.7166560888290405,29.363096237182617,29.363101959228516,28.33439064025879,0.11668096482753754,11.668096542358398,23.578929901123047,-23.57892608642578,0.06543602794408798,0.06543410569429398,0.09347586333751678,93.4563980102539,93.45658874511719,90.65241241455078,0.0043672313913702965,0.43672314286231995,15.261489868164062
35,1,Bass,22.177288055419922,-22.1773624420166,0.1283193677663803,0.12831932306289673,0.13318435847759247,87.16806030273438,87.1680679321289,86.68156433105469,0.006020679138600826,0.6020678877830505,24.370586395263672,-24.370586395263672,0.09253959357738495,0.09253950417041779,0.09381649643182755,90.74604034423828,90.74604797363281,90.61834716796875,0.0036421383265405893,0.36421382427215576,2.11934232711792
35,2,Drums,40.3715934753418,-40.3707275390625,7.19460440450348e-05,7.194603676907718e-05,0.0,99.99280548095703,99.99280548095703,100.0,9.184541704598814e-05,0.00918454211205244,46.83131790161133,-46.837303161621094,8.951176278060302e-05,8.951176278060302e-05,5.6314398534595966e-05,99.99105072021484,99.99105072021484,99.99436950683594,2.0730811229441315e-05,0.002073081210255623,6.471149444580078
36,0,Vocal,22.364986419677734,-22.3649959564209,0.045148808509111404,0.04514880105853081,0.04636244475841522,95.48512268066406,95.48512268066406,95.36375427246094,0.005767513997852802,0.5767514109611511,36.92387008666992,-36.923851013183594,0.0023125787265598774,0.00231257826089859,0.005613564047962427,99.76873779296875,99.76873779296875,99.43864440917969,0.00020302437769714743,0.020302437245845795,14.709184646606445
36,1,Bass,15.823980331420898,-15.823997497558594,0.23737500607967377,0.23736606538295746,0.2331913411617279,76.26249694824219,76.26338958740234,76.68086242675781,0.02549098990857601,2.5490989685058594,20.24935531616211,-20.249351501464844,0.13740314543247223,0.13740290701389313,0.1407485008239746,86.25968933105469,86.25971221923828,85.9251480102539,0.009353717789053917,0.9353717565536499,4.18984842300415
36,2,Drums,34.95497512817383,-34.95504379272461,6.417840631911531e-05,6.41783990431577e-05,0.0,99.99358367919922,99.99358367919922,100.0,0.00031945487717166543,0.03194548934698105,41.88462829589844,-41.88555145263672,0.00014239489973988384,0.0001423948851879686,0.0,99.98576354980469,99.98576354980469,100.0,6.481600576080382e-05,0.00648160045966506,6.933919906616211
37,0,Vocal,9.489327430725098,-9.489327430725098,0.6779465079307556,0.6779458522796631,0.6814665198326111,32.20534896850586,32.205413818359375,31.853347778320312,0.10110572725534439,10.110572814941406,30.265626907348633,-30.265714645385742,0.06523299217224121,0.06522184610366821,0.07966648042201996,93.47669982910156,93.47781372070312,92.0333480834961,0.000939782417844981,0.09397824108600616,22.448760986328125
37,1,Bass,21.01844596862793,-21.018457412719727,0.15392886102199554,0.15392884612083435,0.15520398318767548,84.60710906982422,84.60710906982422,84.47959899902344,0.00784752331674099,0.7847523093223572,27.041526794433594,-27.041526794433594,0.08935219049453735,0.08935218304395676,0.0931125059723854,91.06478118896484,91.06478118896484,90.6887435913086,0.0019724201411008835,0.19724202156066895,5.951047897338867
37,2,Drums,40.127567291259766,-40.12841796875,8.96507190191187e-05,8.965071174316108e-05,0.0,99.99103546142578,99.99103546142578,100.0,9.706916171126068e-05,0.00970691628754139,45.81256103515625,-45.81420135498047,0.0021289060823619366,0.002128905849531293,0.0027484989259392023,99.787109375,99.787109375,99.72515106201172,2.6266912755090743e-05,0.002626691246405244,5.795304298400879
38,0,Vocal,20.43826675415039,-20.438249588012695,0.21612533926963806,0.21611857414245605,0.2230142056941986,78.38746643066406,78.38814544677734,77.69857788085938,0.008959144353866577,0.8959144353866577,35.017024993896484,-35.017417907714844,0.007389500271528959,0.007389274425804615,0.011106662452220917,99.26105499267578,99.26107788085938,98.88933563232422,0.00031484992359764874,0.03148499131202698,15.017145156860352
38,1,Bass,21.119909286499023,-21.119903564453125,0.15444804728031158,0.1544462889432907,0.15487945079803467,84.5551986694336,84.55536651611328,84.51205444335938,0.0076677207835018635,0.7667720913887024,24.402660369873047,-24.402692794799805,0.10512353479862213,0.10512229055166245,0.10275682806968689,89.4876480102539,89.4877700805664,89.72431182861328,0.0036154098343104124,0.3615409731864929,3.2367310523986816
38,2,Drums,40.5295524597168,-40.52946090698242,0.00021183412172831595,0.00021183319040574133,0.0,99.97881317138672,99.97881317138672,100.0,8.848994184518233e-05,0.00884899403899908,42.57148361206055,-42.56719970703125,0.0004958139616064727,0.0004958116915076971,0.0008342014625668526,99.95042419433594,99.95042419433594,99.91658020019531,5.5338983656838536e-05,0.005533898249268532,2.117405891418457
39,0,Vocal,20.676620483398438,-20.67661476135254,0.31343603134155273,0.31343573331832886,0.3153376281261444,68.6563949584961,68.65642547607422,68.46623229980469,0.008484702557325363,0.8484702706336975,37.253639221191406,-37.25417709350586,0.005208332557231188,0.005208330694586039,0.007028344552963972,99.47917175292969,99.47917175292969,99.29716491699219,0.00018821240519173443,0.018821241334080696,17.196884155273438
39,1,Bass,19.55707359313965,-19.557083129882812,0.13507145643234253,0.1350710242986679,0.14030015468597412,86.49285125732422,86.4928970336914,85.96998596191406,0.010952486656606197,1.0952486991882324,20.591142654418945,-20.591197967529297,0.08035747706890106,0.08035719394683838,0.08216696977615356,91.96424865722656,91.96427917480469,91.7833023071289,0.008651874028146267,0.865187406539917,0.9505513906478882
39,2,Drums,40.3687744140625,-40.36915588378906,8.853735198499635e-05,8.853735198499635e-05,0.0,99.99114990234375,99.99114990234375,100.0,9.184123337035999e-05,0.009184123016893864,28.612821578979492,-28.612899780273438,0.02119135856628418,0.02119135856628418,0.030414419248700142,97.88086700439453,97.88086700439453,96.95855712890625,0.0013744175666943192,0.1374417543411255,-11.192362785339355
40,0,Vocal,16.357133865356445,-16.35715103149414,0.007081001065671444,0.00708099827170372,0.007689695339649916,99.29190063476562,99.29190063476562,99.23102569580078,0.02261272259056568,2.2612721920013428,36.0677375793457,-36.06936264038086,0.004920808598399162,0.0049208072014153,0.005584586877375841,99.50791931152344,99.50791931152344,99.44154357910156,0.00024721905356273055,0.0247219055891037,20.565641403198242
40,1,Bass,29.490127563476562,-29.489788055419922,0.00681817252188921,0.0068181720562279224,0.007097035180777311,99.31818389892578,99.31818389892578,99.29029846191406,0.0011233582627028227,0.11233582347631454,40.757728576660156,-40.75422668457031,0.00166846695356071,0.0016684666043147445,0.001961364643648267,99.8331527709961,99.8331527709961,99.80386352539062,8.40094216982834e-05,0.008400942198932171,11.251251220703125
40,2,Drums,21.837135314941406,-21.837120056152344,0.0050150565803050995,0.005015056114643812,0.005020994693040848,99.49848937988281,99.49848937988281,99.4979019165039,0.006508041638880968,0.6508041620254517,38.80467224121094,-38.80510711669922,0.002500987844541669,0.002500987844541669,0.0031683973502367735,99.7499008178711,99.7499008178711,99.68315887451172,0.00013164833944756538,0.01316483411937952,16.985498428344727
41,0,Vocal,32.830318450927734,-32.83004379272461,0.002873857505619526,0.002873857505619526,0.0036614565178751945,99.71261596679688,99.71261596679688,99.63385772705078,0.0005208952934481204,0.05208953097462654,38.61424255371094,-38.61360168457031,0.005197631195187569,0.005197631195187569,0.005456448066979647,99.48023223876953,99.48023223876953,99.45435333251953,0.0001375910796923563,0.013759108260273933,6.334129810333252
41,1,Bass,32.660640716552734,-32.660377502441406,0.054009824991226196,0.05400969833135605,0.05763165280222893,94.5990219116211,94.59902954101562,94.23683166503906,0.0005416308413259685,0.05416308343410492,35.801673889160156,-35.80166244506836,0.011272354982793331,0.011272333562374115,0.0075038159266114235,98.87276458740234,98.87277221679688,99.24961853027344,0.0002628188522066921,0.02628188580274582,3.098256826400757
41,2,Drums,33.741355895996094,-33.741485595703125,0.0028381752781569958,0.0028381752781569958,0.003426528535783291,99.71617889404297,99.71617889404297,99.6573486328125,0.0004223623836878687,0.04223623871803284,39.61036682128906,-39.6141242980957,0.0007669254555366933,0.0007669253973290324,0.00033906742464751005,99.92330932617188,99.92330932617188,99.9660873413086,0.00010932075383607298,0.010932075791060925,5.865204334259033
42,0,Vocal,24.24237060546875,-24.242359161376953,0.0014419000362977386,0.0014418999198824167,0.0028653531335294247,99.8558120727539,99.8558120727539,99.71346282958984,0.0037508662790060043,0.37508663535118103,36.42671203613281,-36.424896240234375,0.0014988421462476254,0.0014988421462476254,0.003882460296154022,99.8501205444336,99.8501205444336,99.61175537109375,0.00022765720495954156,0.022765720263123512,12.448678970336914
42,1,Bass,21.69570541381836,-21.695653915405273,0.00901472382247448,0.009014704264700413,0.03852051496505737,99.09852600097656,99.09852600097656,96.14794921875,0.006722067948430777,0.6722068190574646,30.77206039428711,-30.77207374572754,0.004107126034796238,0.004107118584215641,0.014905208721756935,99.58928680419922,99.58928680419922,98.50947570800781,0.0008364630630239844,0.08364630490541458,8.967052459716797
42,2,Drums,22.0479736328125,-22.047948837280273,0.0003144433721899986,0.0003144432557746768,0.009428908117115498,99.96855926513672,99.96855926513672,99.0571060180664,0.0062015727162361145,0.6201572418212891,25.856340408325195,-25.856304168701172,0.060229718685150146,0.06022970378398895,0.061008334159851074,93.9770278930664,93.9770278930664,93.899169921875,0.002589671639725566,0.25896716117858887,5.087663650512695
43,0,Vocal,19.36136245727539,-19.36136245727539,0.01695321686565876,0.01695321314036846,0.016061048954725266,98.30467987060547,98.30467987060547,98.39389038085938,0.011451438069343567,1.145143747329712,38.17433166503906,-38.174137115478516,0.003954675048589706,0.003954673185944557,0.004588744603097439,99.60453796386719,99.60453796386719,99.54113006591797,0.00015224554226733744,0.01522455457597971,19.381668090820312
43,1,Bass,38.6104850769043,-38.61100769042969,0.009353992529213428,0.009353912435472012,0.008469329215586185,99.0645980834961,99.06460571289062,99.15306854248047,0.00013768997450824827,0.0137689970433712,45.99396514892578,-45.996055603027344,0.0024901311844587326,0.0024901104625314474,0.0017109446926042438,99.75099182128906,99.75099182128906,99.82890319824219,2.5148052372969687e-05,0.002514805179089308,7.370203018188477
43,2,Drums,29.242822647094727,-29.242919921875,0.00794319249689579,0.007943189702928066,0.007835270836949348,99.20568084716797,99.20568084716797,99.21647644042969,0.0011890589958056808,0.11890590190887451,38.95674133300781,-38.9563102722168,0.0028925840742886066,0.0028925833757966757,0.00267707253806293,99.71073913574219,99.71074676513672,99.73229217529297,0.00012713970500044525,0.012713970616459846,9.70840072631836
44,0,Vocal,24.13318634033203,-24.133298873901367,0.009427261538803577,0.009427260607481003,0.010453715920448303,99.0572738647461,99.0572738647461,98.95462799072266,0.0038459652569144964,0.3845965266227722,37.25776672363281,-37.25810241699219,0.0036471348721534014,0.0036471346393227577,0.0069348071701824665,99.63528442382812,99.63528442382812,99.3065185546875,0.00018801880651153624,0.01880188100039959,13.397475242614746
44,1,Bass,19.557098388671875,-19.557100296020508,0.012723404914140701,0.012723404914140701,0.03370065614581108,98.7276611328125,98.7276611328125,96.62993621826172,0.010952329263091087,1.0952329635620117,27.203754425048828,-27.203731536865234,0.003450629534199834,0.00345062930136919,0.013588649220764637,99.65493774414062,99.65493774414062,98.6411361694336,0.0019002021290361881,0.19002021849155426,7.555022239685059
44,2,Drums,29.045318603515625,-29.045337677001953,0.0013280273415148258,0.0013280273415148258,0.0006505216588266194,99.86719512939453,99.86719512939453,99.93494415283203,0.0012443067971616983,0.12443067878484726,37.403411865234375,-37.40394973754883,0.00496737752109766,0.00496737752109766,0.005551281850785017,99.50325775146484,99.50325775146484,99.44486999511719,0.0001818062737584114,0.01818062737584114,8.524063110351562
45,0,Vocal,29.050321578979492,-29.050079345703125,0.0035785180516541004,0.0035785173531621695,0.00433012330904603,99.64214324951172,99.64214324951172,99.5669937133789,0.0012428994523361325,0.12428994476795197,42.89190673828125,-42.890159606933594,0.002480778144672513,0.0024807779118418694,0.0035046974662691355,99.75192260742188,99.75192260742188,99.64952850341797,5.1392929890425876e-05,0.005139293149113655,14.112634658813477
45,1,Bass,23.825542449951172,-23.82544708251953,0.014152033254504204,0.014151915907859802,0.0218080785125494,98.58479309082031,98.58480834960938,97.8191909790039,0.004127169959247112,0.41271698474884033,31.173484802246094,-31.173568725585938,0.004275419283658266,0.00427539786323905,0.009199447929859161,99.57245635986328,99.57246398925781,99.0800552368164,0.0007626567967236042,0.07626567780971527,7.308396816253662
45,2,Drums,31.57719612121582,-31.577289581298828,0.0021629524417221546,0.0021629524417221546,0.001262687030248344,99.78370666503906,99.78370666503906,99.87373352050781,0.0006949796224944293,0.0694979652762413,37.92161560058594,-37.921470642089844,0.0011303036008030176,0.0011303034843876958,0.000789053097832948,99.88697052001953,99.88697052001953,99.92109680175781,0.0001613733620615676,0.01613733544945717,6.375306129455566
46,0,Vocal,20.593616485595703,-20.593624114990234,0.010961311869323254,0.010961275547742844,0.01030742283910513,98.90386962890625,98.90386962890625,98.96925354003906,0.008647080510854721,0.8647080659866333,36.76730728149414,-36.767494201660156,0.008005557581782341,0.008005551062524319,0.009648953564465046,99.19944763183594,99.19944763183594,99.03510284423828,0.00021042693697381765,0.02104269340634346,16.629079818725586
46,1,Bass,18.695432662963867,-18.695438385009766,0.009639198891818523,0.009639189578592777,0.009552068077027798,99.03607940673828,99.03607940673828,99.04479217529297,0.013323865830898285,1.3323866128921509,30.908611297607422,-30.908721923828125,0.002549645723775029,0.0025496429298073053,0.002106720581650734,99.74503326416016,99.74503326416016,99.7893295288086,0.0008105366723611951,0.08105366677045822,12.165962219238281
46,2,Drums,28.198623657226562,-28.198545455932617,0.0014241916360333562,0.0014241915196180344,0.0003327822487335652,99.85758209228516,99.85758209228516,99.96672058105469,0.0015117524890229106,0.15117524564266205,37.26603698730469,-37.26607131958008,0.0007278519333340228,0.0007278518751263618,0.0002649220987223089,99.92721557617188,99.92721557617188,99.97350311279297,0.00018761186220217496,0.01876118592917919,9.068309783935547
47,0,Vocal,19.0064697265625,-19.0064754486084,0.016244595870375633,0.016244595870375633,0.02068684995174408,98.37554168701172,98.37554168701172,97.93131256103516,0.012414442375302315,1.2414442300796509,37.84211730957031,-37.84272003173828,0.004277369007468224,0.004277367610484362,0.004907065536826849,99.572265625,99.572265625,99.50929260253906,0.00016427718219347298,0.016427718102931976,19.140079498291016
47,1,Bass,21.944488525390625,-21.94446563720703,0.03654247894883156,0.03654247522354126,0.03361443802714348,96.34574890136719,96.34574890136719,96.63855743408203,0.006350192241370678,0.6350192427635193,31.050243377685547,-31.049816131591797,0.008143213577568531,0.008143213577568531,0.009041677229106426,99.18568420410156,99.18568420410156,99.09583282470703,0.0007845975924283266,0.07845976203680038,9.045595169067383
47,2,Drums,30.907329559326172,-30.907180786132812,0.0006496772984974086,0.0006496767164207995,0.0,99.93502807617188,99.93502807617188,100.0,0.0008107853354886174,0.08107853680849075,39.715782165527344,-39.716285705566406,0.000358103949110955,0.00035810362896882,0.0,99.96418762207031,99.96418762207031,100.0,0.00010674085933715105,0.010674085468053818,8.810037612915039
48,0,Vocal,13.727160453796387,-13.72715950012207,0.11626940220594406,0.11626850813627243,0.1162138432264328,88.37306213378906,88.3731460571289,88.37861633300781,0.0406680591404438,4.066805839538574,30.432558059692383,-30.432655334472656,0.017660794779658318,0.017660778015851974,0.018656250089406967,98.23391723632812,98.23391723632812,98.1343765258789,0.000904414220713079,0.09044142067432404,17.476093292236328
48,1,Bass,16.847379684448242,-16.84737777709961,0.16629619896411896,0.16629581153392792,0.171399787068367,83.3703842163086,83.37041473388672,82.86002349853516,0.02024783194065094,2.024783134460449,24.126163482666016,-24.126190185546875,0.05127185955643654,0.05127181112766266,0.05595332011580467,94.87281799316406,94.87281799316406,94.40467071533203,0.0038522211834788322,0.38522210717201233,6.80072021484375
48,2,Drums,31.897708892822266,-31.89759063720703,0.0004644798464141786,0.0004644797299988568,0.001296232920140028,99.95355224609375,99.95355224609375,99.87037658691406,0.000645615509711206,0.06456155329942703,38.78505325317383,-38.785308837890625,0.00022917910246178508,0.00022917902970220894,0.0006027500494383276,99.97708129882812,99.97708129882812,99.93972778320312,0.00013228334137238562,0.013228334486484528,6.882906436920166
49,0,Vocal,20.99530029296875,-20.99529266357422,0.02124355360865593,0.02124355360865593,0.026654453948140144,97.87564086914062,97.87564086914062,97.33454895019531,0.007889151573181152,0.7889151573181152,14.320877075195312,-14.3208646774292,0.0637388527393341,0.06373884528875351,0.0,93.62611389160156,93.62611389160156,100.0,0.03565696254372597,3.5656962394714355,-3.591247320175171
49,1,Bass,34.81145095825195,-34.811614990234375,0.03806832432746887,0.03806832432746887,0.031759750097990036,96.19316864013672,96.19316864013672,96.82402801513672,0.0003301687247585505,0.0330168716609478,37.238529205322266,-37.239013671875,0.01170225441455841,0.01170225441455841,0.006098513957113028,98.82977294921875,98.82977294921875,99.39015197753906,0.00018879880371969193,0.018879881128668785,2.3748199939727783
49,2,Drums,30.217370986938477,-30.216997146606445,0.0026967423036694527,0.002696742070838809,0.0013317844131961465,99.7303237915039,99.7303237915039,99.8668212890625,0.0009503067121841013,0.09503067284822464,36.41648864746094,-36.41599655151367,0.0011542444117367268,0.0011542444117367268,0.00032892709714360535,99.88457489013672,99.88457489013672,99.96710968017578,0.00022814987460151315,0.02281498722732067,6.202490329742432
50,0,Vocal,17.203157424926758,-17.203155517578125,0.09037580341100693,0.09037569910287857,0.09365583956241608,90.9624252319336,90.9624252319336,90.63441467285156,0.018684975802898407,1.868497610092163,37.73936080932617,-37.739261627197266,0.003382519818842411,0.00338251912035048,0.004569665063172579,99.66175079345703,99.66175079345703,99.54303741455078,0.0001682746224105358,0.01682746224105358,20.748579025268555
50,1,Bass,9.891077995300293,-9.891079902648926,0.07566508650779724,0.07566508650779724,0.06460913270711899,92.43348693847656,92.43348693847656,93.5390853881836,0.09300320595502853,9.300320625305176,25.227148056030273,-25.227155685424805,0.04872197285294533,0.04872196540236473,0.049271438270807266,95.12779998779297,95.12779998779297,95.0728530883789,0.002992159454151988,0.2992159426212311,15.109375953674316
50,2,Drums,32.661598205566406,-32.66156768798828,0.0014166252221912146,0.0014166251057758927,0.0008315307786688209,99.85833740234375,99.85833740234375,99.9168472290039,0.0005414920742623508,0.05414920672774315,39.49359893798828,-39.49190139770508,0.0011962568387389183,0.0011962567223235965,0.0018942971946671605,99.88037109375,99.88037109375,99.8105697631836,0.000112366076791659,0.011236608028411865,6.853156089782715
51,0,Vocal,16.980606079101562,-16.980606079101562,0.08375702798366547,0.08375656604766846,0.08307544142007828,91.62429809570312,91.62434387207031,91.69245147705078,0.019648175686597824,1.9648175239562988,31.802465438842773,-31.802623748779297,0.009822966530919075,0.009822944179177284,0.012247392907738686,99.0177001953125,99.0177001953125,98.77526092529297,0.0006598492036573589,0.06598491966724396,16.15901756286621
51,1,Bass,23.09033966064453,-23.090335845947266,0.1358334869146347,0.13583241403102875,0.1313653588294983,86.4166488647461,86.41675567626953,86.86346435546875,0.004884738940745592,0.48847389221191406,28.829151153564453,-28.829029083251953,0.043967727571725845,0.043967705219984055,0.043207213282585144,95.60322570800781,95.60322570800781,95.67927551269531,0.0013077403418719769,0.13077403604984283,5.454885482788086
51,2,Drums,32.06624221801758,-32.066162109375,0.0009802273707464337,0.0009802266722545028,0.0020621626172214746,99.9019775390625,99.9019775390625,99.79378509521484,0.0006210355786606669,0.06210355833172798,40.343482971191406,-40.341575622558594,0.00042078911792486906,0.00042078865226358175,0.0009538616286590695,99.95791625976562,99.95791625976562,99.90461730957031,9.239139035344124e-05,0.009239139035344124,8.272354125976562
52,0,Vocal,19.851221084594727,-19.851200103759766,0.12324542552232742,0.12324488908052444,0.12102968990802765,87.67546081542969,87.6755142211914,87.89703369140625,0.010242513380944729,1.0242513418197632,34.61741638183594,-34.617225646972656,0.006143940147012472,0.0061439271084964275,0.010455487295985222,99.38560485839844,99.38560485839844,98.95445251464844,0.0003452302189543843,0.034523021429777145,15.310872077941895
52,1,Bass,12.996245384216309,-12.996244430541992,0.10948080569505692,0.10948065668344498,0.11502833664417267,89.05191802978516,89.05193328857422,88.4971694946289,0.047766055911779404,4.776605606079102,23.243640899658203,-23.243621826171875,0.05100371688604355,0.05100357532501221,0.06177531182765961,94.89962768554688,94.89964294433594,93.82246398925781,0.004716125782579184,0.4716125726699829,10.011279106140137
52,2,Drums,35.52500534057617,-35.525386810302734,0.000610177346970886,0.0006101771723479033,0.0015136166475713253,99.93898010253906,99.93898010253906,99.84864044189453,0.0002801315567921847,0.028013154864311218,41.25007247924805,-41.248870849609375,0.0004899545456282794,0.0004899544874206185,0.0012009200872853398,99.95100402832031,99.95100402832031,99.8799057006836,7.50159815652296e-05,0.007501597981899977,5.748804092407227
53,0,Vocal,19.83648681640625,-19.83649444580078,0.053748372942209244,0.05374835431575775,0.05362425372004509,94.62516021728516,94.62516021728516,94.6375732421875,0.01027699001133442,1.0276989936828613,27.572711944580078,-27.572635650634766,0.01555219478905201,0.015552191063761711,0.01079205609858036,98.44477844238281,98.44478607177734,98.92079162597656,0.001745726796798408,0.1745726764202118,8.952617645263672
53,1,Bass,17.084091186523438,-17.084091186523438,0.09027238190174103,0.09027165919542313,0.09937163442373276,90.97276306152344,90.97283172607422,90.06283569335938,0.019194362685084343,1.9194362163543701,23.049734115600586,-23.049713134765625,0.04128645732998848,0.04128618165850639,0.03861095383763313,95.87135314941406,95.87138366699219,96.13890838623047,0.004930382594466209,0.49303826689720154,5.804210186004639
53,2,Drums,34.03165817260742,-34.031455993652344,0.000978113734163344,0.0009781125700101256,0.0025072009302675724,99.90219116210938,99.90219116210938,99.74928283691406,0.00039506895700469613,0.03950689733028412,41.60981750488281,-41.611366271972656,0.00037664384581148624,0.0003766434092540294,0.0012156354496255517,99.96233367919922,99.96233367919922,99.87843322753906,6.902343011461198e-05,0.00690234312787652,7.573351860046387
54,0,Vocal,22.47241973876953,-22.472400665283203,0.0584324412047863,0.05843241512775421,0.05848369002342224,94.15675354003906,94.1567611694336,94.15162658691406,0.005627465434372425,0.562746524810791,26.457422256469727,-26.457624435424805,0.028490565717220306,0.028490565717220306,0.035115618258714676,97.15094757080078,97.15094757080078,96.48844146728516,0.002255624858662486,0.22556248307228088,5.772536277770996
54,1,Bass,9.776016235351562,-9.77601432800293,0.031123589724302292,0.031123589724302292,0.03038955293595791,96.88764190673828,96.88764190673828,96.96104431152344,0.09526228904724121,9.526228904724121,22.978973388671875,-22.978973388671875,0.04875313863158226,0.04875313490629196,0.048012349754571915,95.12468719482422,95.12468719482422,95.19876098632812,0.005010941997170448,0.5010942220687866,13.089839935302734
54,2,Drums,44.21929931640625,-44.222015380859375,0.0009313129121437669,0.0009313122136518359,0.0008145763422362506,99.90686798095703,99.90686798095703,99.91854095458984,3.784750515478663e-05,0.0037847505882382393,48.82291793823242,-48.81339645385742,0.0004846581432502717,0.00048465782310813665,0.000595299934502691,99.9515380859375,99.9515380859375,99.94047546386719,1.3119137292960659e-05,0.0013119137147441506,4.620817184448242
55,0,Vocal,19.462383270263672,-19.4623966217041,0.15233725309371948,0.15233691036701202,0.15454797446727753,84.76627349853516,84.76631164550781,84.54520416259766,0.011191150173544884,1.1191149950027466,33.7807731628418,-33.78062057495117,0.014225687831640244,0.014225651510059834,0.018280159682035446,98.57743072509766,98.57743072509766,98.17198181152344,0.00041862245416268706,0.04186224564909935,15.556280136108398
55,1,Bass,32.98519515991211,-32.98509216308594,0.08650879561901093,0.08650859445333481,0.082595594227314,91.34912109375,91.3491439819336,91.74044036865234,0.0005026503349654377,0.050265032798051834,25.94625473022461,-25.946218490600586,0.021045630797743797,0.021045591682195663,0.020174924284219742,97.89543914794922,97.89544677734375,97.98250579833984,0.0025367254856973886,0.2536725401878357,-7.117396831512451
55,2,Drums,44.39374542236328,-44.38959503173828,0.0005662739858962595,0.000566273694857955,0.0,99.94336700439453,99.94337463378906,100.0,3.6365872801980004e-05,0.0036365871783345938,46.62417984008789,-46.62697219848633,0.00027315368060953915,0.00027315353509038687,4.545717820292339e-05,99.97268676757812,99.97268676757812,99.99545288085938,2.1770150851807557e-05,0.0021770151797682047,2.232384443283081
56,0,Vocal,31.244718551635742,-31.244644165039062,0.006439576856791973,0.0064395698718726635,0.008084971457719803,99.35604095458984,99.35604095458984,99.1915054321289,0.0007502568769268692,0.07502568513154984,38.759681701660156,-38.759925842285156,0.0035848096013069153,0.0035848079714924097,0.005955550819635391,99.64151763916016,99.64151763916016,99.4044418334961,0.00013301466242410243,0.013301466591656208,7.927186489105225
56,1,Bass,29.01625633239746,-29.016077041625977,0.005424611736088991,0.005424611270427704,0.0038606792222708464,99.45753479003906,99.45753479003906,99.61393737792969,0.001252672984264791,0.12526729702949524,35.376007080078125,-35.37544631958008,0.0017264700727537274,0.001726469723507762,0.0012429114431142807,99.82735443115234,99.82735443115234,99.8757095336914,0.00028990281862206757,0.028990281745791435,6.357148170471191
56,2,Drums,29.73058319091797,-29.730480194091797,0.003126402385532856,0.003126402385532856,0.003476308658719063,99.68736267089844,99.68736267089844,99.6523666381836,0.0010629263706505299,0.10629263520240784,33.719337463378906,-33.71872329711914,0.007810245268046856,0.007810243871062994,0.008449994027614594,99.21897888183594,99.21897888183594,99.1550064086914,0.0004245318123139441,0.042453180998563766,4.226504325866699
57,0,Vocal,24.82598876953125,-24.826162338256836,0.009333992376923561,0.009333983063697815,0.011211439967155457,99.06660461425781,99.06660461425781,98.87885284423828,0.0032806808594614267,0.3280680775642395,36.584228515625,-36.58417510986328,0.004789064172655344,0.00478906137868762,0.006050755735486746,99.5210952758789,99.5210952758789,99.3949203491211,0.00021956530690658838,0.021956531330943108,12.234589576721191
57,1,Bass,31.238853454589844,-31.238767623901367,0.0029474785551428795,0.002947478322312236,0.004345770459622145,99.70525360107422,99.70525360107422,99.56542205810547,0.0007512471056543291,0.07512471079826355,37.48100662231445,-37.48090362548828,0.0006707585998810828,0.0006707585416734219,0.0010497397743165493,99.93292999267578,99.93292999267578,99.89502716064453,0.00017860549269244075,0.017860548570752144,6.232490062713623
57,2,Drums,27.78377342224121,-27.783737182617188,0.0020273029804229736,0.0020273029804229736,0.0035184966400265694,99.79727172851562,99.79727172851562,99.64814758300781,0.001663037110120058,0.16630370914936066,33.25296401977539,-33.253231048583984,0.003850225592032075,0.003850225592032075,0.004964033607393503,99.61497497558594,99.61497497558594,99.50359344482422,0.0004726042679976672,0.04726042598485947,5.595510482788086
58,0,Vocal,17.717599868774414,-17.717607498168945,0.006774162407964468,0.006774161942303181,0.00840526819229126,99.32257843017578,99.32257843017578,99.15946960449219,0.016632385551929474,1.663238525390625,29.22867774963379,-29.2286319732666,0.006845665164291859,0.006845664698630571,0.0,99.31543731689453,99.31543731689453,100.0,0.0011929514585062861,0.1192951425909996,12.233983993530273
58,1,Bass,27.665645599365234,-27.665477752685547,0.0037823377642780542,0.003782334504649043,0.0035000378265976906,99.62176513671875,99.62176513671875,99.64999389648438,0.0017088353633880615,0.17088353633880615,34.90580368041992,-34.90599060058594,0.0010292083024978638,0.0010292073711752892,0.0010080980136990547,99.89707946777344,99.89707946777344,99.8991928100586,0.0003231209993828088,0.032312098890542984,7.236331939697266
58,2,Drums,28.013296127319336,-28.013212203979492,0.0016507674008607864,0.0016507664695382118,0.0026614440139383078,99.83492279052734,99.83492279052734,99.73385620117188,0.0015776115469634533,0.15776115655899048,24.54107093811035,-24.54104232788086,0.027847683057188988,0.027847670018672943,0.024530773982405663,97.2152328491211,97.2152328491211,97.54692077636719,0.003502471372485161,0.3502471446990967,-3.102856159210205
59,0,Vocal,20.146608352661133,-20.146615982055664,0.0033666256349533796,0.003366625402122736,0.003223222913220525,99.66333770751953,99.66333770751953,99.67767333984375,0.00957543682307005,0.957543671131134,36.4244384765625,-36.42346954345703,0.004063854459673166,0.004063854459673166,0.004920348059386015,99.59361267089844,99.59361267089844,99.50796508789062,0.000227747208555229,0.022774720564484596,16.658632278442383
59,1,Bass,29.64727210998535,-29.647274017333984,0.001825952553190291,0.001825952436774969,0.000764473807066679,99.8174057006836,99.8174057006836,99.92355346679688,0.0010834387503564358,0.10834387689828873,40.15163040161133,-40.1500244140625,0.0007453796570189297,0.0007453795988112688,0.001850516302511096,99.92546081542969,99.92546081542969,99.81494903564453,9.657430200604722e-05,0.009657430462539196,10.50954532623291
59,2,Drums,23.776691436767578,-23.77672004699707,0.003998073283582926,0.003998073283582926,0.0006823946605436504,99.60018920898438,99.60018920898438,99.93175506591797,0.004173607565462589,0.41736075282096863,27.05957794189453,-27.059589385986328,0.03387176990509033,0.03387176990509033,0.030229397118091583,96.61282348632812,96.61282348632812,96.97705841064453,0.001964241499081254,0.19642415642738342,3.9382779598236084
60,0,Vocal,36.38257598876953,-36.382144927978516,0.006786010228097439,0.006786007434129715,0.0074394578114151955,99.32140350341797,99.32140350341797,99.25605773925781,0.00022999408247414976,0.022999407723546028,36.74399948120117,-36.74624252319336,0.003228056477382779,0.0032280562445521355,0.004725398030132055,99.67719268798828,99.67719268798828,99.52745819091797,0.0002115670795319602,0.021156707778573036,0.6916328072547913
60,1,Bass,34.48955154418945,-34.48923873901367,0.007323767524212599,0.007323756814002991,0.007953259162604809,99.26762390136719,99.26762390136719,99.20467376708984,0.0003555399307515472,0.03555399179458618,40.52078628540039,-40.52217483520508,0.001735847326926887,0.0017358448822051287,0.002500397153198719,99.826416015625,99.826416015625,99.74996185302734,8.86400302988477e-05,0.008864003233611584,6.042584419250488
60,2,Drums,37.34540939331055,-37.34447479248047,0.0034983607474714518,0.003498359117656946,0.0035583563148975372,99.65016174316406,99.65016174316406,99.6441650390625,0.0001842369674704969,0.018423696979880333,33.74626159667969,-33.74596405029297,0.01627778261899948,0.016277773305773735,0.02083573117852211,98.37222290039062,98.37222290039062,97.91642761230469,0.0004218714311718941,0.04218714311718941,-3.2849955558776855
61,0,Vocal,19.539997100830078,-19.539997100830078,0.005217725411057472,0.005217723548412323,0.006604448426514864,99.47822570800781,99.47822570800781,99.33955383300781,0.010995087213814259,1.0995087623596191,38.59921646118164,-38.6026725769043,0.005055251531302929,0.005055251065641642,0.009718691930174828,99.49447631835938,99.49447631835938,99.02812957763672,0.00013801555905956775,0.013801556080579758,19.465728759765625
61,1,Bass,29.62865447998047,-29.62868881225586,0.0022259936667978764,0.0022259934339672327,0.002594851655885577,99.77739715576172,99.77739715576172,99.74051666259766,0.0010880474001169205,0.10880474001169205,39.78422164916992,-39.784515380859375,0.0010628855088725686,0.0010628853924572468,0.0014553603250533342,99.89371490478516,99.89371490478516,99.85446166992188,0.00010513146844459698,0.01051314640790224,10.150199890136719
61,2,Drums,30.508853912353516,-30.508928298950195,0.005570149049162865,0.005570137407630682,0.006223461590707302,99.44298553466797,99.44298553466797,99.37765502929688,0.0008886618306860328,0.08886618167161942,35.6917610168457,-35.691978454589844,0.0033365495037287474,0.0033365425188094378,0.005153782665729523,99.66634368896484,99.66634368896484,99.484619140625,0.0002695687289815396,0.026956873014569283,5.225766181945801
62,0,Vocal,31.566028594970703,-31.565956115722656,0.0021677103359252214,0.0021677103359252214,0.0028411925304681063,99.78323364257812,99.78323364257812,99.71588134765625,0.0006967766094021499,0.06967765837907791,29.206573486328125,-29.20653533935547,0.005559378769248724,0.005559378769248724,0.0034664298873394728,99.44406127929688,99.44406127929688,99.65335845947266,0.0011990336934104562,0.11990337073802948,-1.917976975440979
62,1,Bass,15.534276962280273,-15.534292221069336,0.018046075478196144,0.018046028912067413,0.039456915110349655,98.19538879394531,98.19539642333984,96.05430603027344,0.0272015780210495,2.7201578617095947,26.97005271911621,-26.96993637084961,0.008854261599481106,0.00885423831641674,0.017681580036878586,99.11457061767578,99.11457824707031,98.23184204101562,0.00200502946972847,0.20050294697284698,11.287419319152832
62,2,Drums,38.82240676879883,-38.820533752441406,0.0005392470047809184,0.0005392445018514991,0.0020172782242298126,99.94607543945312,99.94607543945312,99.79827117919922,0.000131157721625641,0.013115772046148777,43.625701904296875,-43.622798919677734,0.00022498886391986161,0.00022498781618196517,0.0011817445047199726,99.97750091552734,99.97750091552734,99.88182830810547,4.339679435361177e-05,0.0043396796099841595,4.801418781280518
63,0,Vocal,24.88544464111328,-24.885461807250977,0.024738719686865807,0.024738719686865807,0.032906122505664825,97.52613067626953,97.52613067626953,96.70938873291016,0.003236260963603854,0.3236261010169983,32.91010665893555,-32.90998458862305,0.004683447536081076,0.004683447070419788,0.009662534110248089,99.53165435791016,99.53165435791016,99.03375244140625,0.0005114394007250667,0.051143940538167953,8.600181579589844
63,1,Bass,27.09724235534668,-27.09721565246582,0.0027193655259907246,0.0027193620335310698,0.005921091418713331,99.72806549072266,99.72806549072266,99.40789031982422,0.0019472582498565316,0.19472582638263702,32.645843505859375,-32.64664077758789,0.004690364468842745,0.004690360743552446,0.007789567578583956,99.53096771240234,99.53096771240234,99.2210464477539,0.0005434363265521824,0.054343633353710175,5.668422222137451
63,2,Drums,30.35954475402832,-30.359466552734375,0.0005654755514115095,0.0005654754932038486,0.006433924660086632,99.94345092773438,99.94345092773438,99.35661315917969,0.000919716723728925,0.09197167307138443,30.399166107177734,-30.399158477783203,0.029987230896949768,0.02998722903430462,0.037460412830114365,97.00128173828125,97.00128173828125,96.25395965576172,0.0009113418636843562,0.09113418310880661,0.8559572696685791
64,0,Vocal,23.586198806762695,-23.586200714111328,0.03169719874858856,0.03169715777039528,0.034292466938495636,96.83027648925781,96.83028411865234,96.57075500488281,0.0043600029312074184,0.4360002875328064,38.23081970214844,-38.230445861816406,0.0027455894742161036,0.0027455887757241726,0.00486082723364234,99.7254409790039,99.7254409790039,99.513916015625,0.00015029996575322002,0.015029996633529663,14.942201614379883
64,1,Bass,28.63323974609375,-28.63323211669922,0.050164759159088135,0.05016433820128441,0.04872683063149452,94.9835205078125,94.98356628417969,95.12731170654297,0.0013679759576916695,0.13679759204387665,37.35525894165039,-37.357933044433594,0.01263019535690546,0.012630138546228409,0.012019198387861252,98.73697662353516,98.73698425292969,98.79808044433594,0.00018376673688180745,0.018376674503087997,8.637592315673828
64,2,Drums,48.629859924316406,-48.627159118652344,0.0003550272958818823,0.0003550272958818823,0.000144440884469077,99.9645004272461,99.9645004272461,99.98555755615234,1.3711985957343131e-05,0.0013711985666304827,26.585338592529297,-26.585390090942383,0.032238852232694626,0.032238852232694626,0.04646221920847893,96.77611541748047,96.77611541748047,95.35377502441406,0.0021903642918914557,0.21903643012046814,-20.19501304626465
65,0,Vocal,22.122652053833008,-22.122722625732422,0.018215537071228027,0.018215535208582878,0.02070280909538269,98.1784439086914,98.1784439086914,97.92971801757812,0.006096460856497288,0.6096460819244385,28.52525520324707,-28.525066375732422,0.011898077093064785,0.01189805381000042,0.013697841204702854,98.81018829345703,98.81019592285156,98.63021087646484,0.0014024173142388463,0.14024172723293304,7.350890636444092
65,1,Bass,19.774415969848633,-19.774429321289062,0.01566368155181408,0.015663614496588707,0.01693667471408844,98.43363189697266,98.43363952636719,98.30633544921875,0.01042336504906416,1.0423364639282227,27.596843719482422,-27.59674835205078,0.005353333428502083,0.005353330168873072,0.0042008268646895885,99.46466827392578,99.46466827392578,99.57991790771484,0.0017360716592520475,0.17360717058181763,7.789073467254639
65,2,Drums,40.33229064941406,-40.330204010009766,0.000756583409383893,0.0007565745618194342,0.0008685178472660482,99.92434692382812,99.92434692382812,99.91314697265625,9.263808897230774e-05,0.009263808839023113,45.30979919433594,-45.29973602294922,0.0008861480164341629,0.0008861360838636756,0.0009300613310188055,99.91138458251953,99.91138458251953,99.90699005126953,2.946723543573171e-05,0.00294672348536551,5.2186455726623535
66,0,Vocal,24.165260314941406,-24.165245056152344,0.018594155088067055,0.018594153225421906,0.016825992614030838,98.14058685302734,98.14058685302734,98.3174057006836,0.003817817661911249,0.38178175687789917,33.567081451416016,-33.56714630126953,0.005523356143385172,0.005523356143385172,0.011094853281974792,99.44766235351562,99.44766235351562,98.89051055908203,0.0004396045987959951,0.043960459530353546,10.011589050292969
66,1,Bass,27.39188003540039,-27.39189338684082,0.07582233101129532,0.07582151144742966,0.08303248137235641,92.41776275634766,92.4178466796875,91.6967544555664,0.0018198174657300115,0.18198174238204956,35.74782943725586,-35.74737548828125,0.023050401359796524,0.023050347343087196,0.025626976042985916,97.69495391845703,97.69496154785156,97.43730163574219,0.00026613043155521154,0.02661304362118244,8.185201644897461
66,2,Drums,46.996665954589844,-46.999244689941406,0.0004355860874056816,0.0004355859418865293,0.0,99.9564437866211,99.9564437866211,100.0,1.9992043235106394e-05,0.0019992042798548937,41.2743034362793,-41.2750244140625,0.001053722808137536,0.0010537224588915706,0.0,99.89462280273438,99.89462280273438,100.0,7.459893822669983e-05,0.007459893822669983,-5.592770576477051
67,0,Vocal,3.953964948654175,-3.9539642333984375,0.5983262658119202,0.5983223915100098,0.6106157898902893,40.16737365722656,40.167762756347656,38.938419342041016,0.2869110405445099,28.691104888916016,29.77715301513672,-29.776838302612305,0.026317059993743896,0.026316966861486435,0.03800617530941963,97.36829376220703,97.3683090209961,96.19937896728516,0.0010515707544982433,0.10515707731246948,26.447105407714844
67,1,Bass,30.329505920410156,-30.329601287841797,0.03586230427026749,0.03586230427026749,0.04011257365345955,96.41376495361328,96.41376495361328,95.9887466430664,0.0009260952938348055,0.09260953217744827,28.021026611328125,-28.021053314208984,0.009067590348422527,0.009067590348422527,0.007970832288265228,99.0932388305664,99.0932388305664,99.20291900634766,0.0015747507568448782,0.1574750691652298,-2.3694403171539307
67,2,Drums,40.09304428100586,-40.09309387207031,8.447958680335432e-05,8.447957952739671e-05,0.0,99.9915542602539,99.9915542602539,100.0,9.787351154955104e-05,0.00978735089302063,35.084983825683594,-35.08488082885742,0.00441630557179451,0.00441630557179451,0.003034554421901703,99.5583724975586,99.5583724975586,99.69654846191406,0.00031001586467027664,0.031001586467027664,-4.515946865081787
68,0,Vocal,19.652996063232422,-19.65300750732422,0.07859304547309875,0.07859282195568085,0.08275455981492996,92.14070129394531,92.14071655273438,91.72454833984375,0.010715705342590809,1.0715705156326294,40.85435485839844,-40.852264404296875,0.003175936872139573,0.0031759338453412056,0.0066302441991865635,99.68241119384766,99.68241119384766,99.33697509765625,8.214712579501793e-05,0.008214712142944336,21.410484313964844
68,1,Bass,15.979593276977539,-15.979589462280273,0.01885855570435524,0.01885855570435524,0.016432229429483414,98.11414337158203,98.11414337158203,98.35678100585938,0.024615934118628502,2.4615933895111084,26.367828369140625,-26.367813110351562,0.008212178945541382,0.008212178945541382,0.01080729253590107,99.17877960205078,99.17877960205078,98.91927337646484,0.0023025961127132177,0.23025961220264435,10.356746673583984
68,2,Drums,39.31748962402344,-39.317047119140625,0.0002495329244993627,0.0002495328662917018,0.0,99.97505187988281,99.97505187988281,100.0,0.00011703154450515285,0.01170315407216549,32.01276779174805,-32.01282501220703,0.01700481027364731,0.01700480654835701,0.02035224251449108,98.29952239990234,98.29952239990234,97.96477508544922,0.000628698559012264,0.0628698542714119,-6.776396751403809
69,0,Vocal,24.279661178588867,-24.27963638305664,0.015088590793311596,0.015088588930666447,0.014468640089035034,98.49113464355469,98.49113464355469,98.55313110351562,0.0037188977003097534,0.37188977003097534,38.79681396484375,-38.79698944091797,0.00267854705452919,0.00267854705452919,0.0040219612419605255,99.73213958740234,99.73213958740234,99.59780883789062,0.00013189707533456385,0.01318970788270235,14.811296463012695
69,1,Bass,20.313766479492188,-20.313751220703125,0.011066941544413567,0.011066917330026627,0.020164132118225098,98.893310546875,98.893310546875,97.98358917236328,0.009217278100550175,0.9217278361320496,31.21718406677246,-31.2171573638916,0.004031654447317123,0.004031648859381676,0.008525917306542397,99.59683227539062,99.59683227539062,99.14740753173828,0.000755066517740488,0.07550664991140366,10.859503746032715
69,2,Drums,35.41097640991211,-35.410888671875,0.0011145946336910129,0.0011145356111228466,0.0,99.88854217529297,99.88854217529297,100.0,0.0002875673526432365,0.02875673584640026,44.84342956542969,-44.841617584228516,0.0020706590730696917,0.002070547081530094,0.0020552955102175474,99.79293060302734,99.7929458618164,99.79447174072266,3.28050518874079e-05,0.003280505072325468,9.564589500427246
70,0,Vocal,13.57922077178955,-13.579221725463867,0.017341002821922302,0.01734098605811596,0.021530121564865112,98.26589965820312,98.26590728759766,97.84698486328125,0.04201798513531685,4.201798439025879,41.45146179199219,-41.450469970703125,0.0023645558394491673,0.0023645549081265926,0.0037700720131397247,99.76354217529297,99.76354217529297,99.62299346923828,7.158457447076216e-05,0.007158457301557064,28.098907470703125
70,1,Bass,19.972835540771484,-19.97283363342285,0.01338281761854887,0.013382800854742527,0.013594652526080608,98.6617202758789,98.6617202758789,98.64053344726562,0.009962517768144608,0.9962517619132996,23.353031158447266,-23.353002548217773,0.004347879905253649,0.004347877111285925,0.0,99.56521606445312,99.56521606445312,100.0,0.0045993453823029995,0.4599345326423645,3.3159470558166504
70,2,Drums,29.963701248168945,-29.963674545288086,0.001063451636582613,0.001063451636582613,0.0006311670294962823,99.8936538696289,99.8936538696289,99.93688201904297,0.001007360639050603,0.10073606669902802,39.23638153076172,-39.2353515625,0.0011932135093957186,0.0011932133929803967,0.0015095504932105541,99.88067626953125,99.88067626953125,99.84904479980469,0.00011922579142265022,0.011922579258680344,9.325967788696289
71,0,Vocal,8.903924942016602,-8.903923988342285,0.011931182816624641,0.01193116046488285,0.0070519051514565945,98.806884765625,98.806884765625,99.29481506347656,0.11403173953294754,11.40317440032959,36.890838623046875,-36.89035415649414,0.0029738463927060366,0.0029738242737948895,0.0028721618000417948,99.7026138305664,99.70262145996094,99.71278381347656,0.00020456561469472945,0.02045656181871891,28.226837158203125
71,1,Bass,20.46141815185547,-20.461410522460938,0.0038500677328556776,0.00385006470605731,0.010057040490210056,99.61499786376953,99.61499786376953,98.99429321289062,0.008911925368010998,0.8911925554275513,26.974712371826172,-26.974639892578125,0.002667106920853257,0.0026671031955629587,0.005954081658273935,99.73328399658203,99.73328399658203,99.40459442138672,0.0020029235165566206,0.20029234886169434,6.476532936096191
71,2,Drums,28.34972381591797,-28.349666595458984,0.0005021128454245627,0.0005021104007028043,0.0,99.94979095458984,99.94979095458984,100.0,0.0014601818984374404,0.14601819217205048,36.53380584716797,-36.533565521240234,0.0020083619747310877,0.002008350333198905,0.0016931656282395124,99.79916381835938,99.79916381835938,99.83068084716797,0.00022211429313756526,0.022211428731679916,8.268233299255371
72,0,Vocal,29.91611671447754,-29.916067123413086,0.0014876212226226926,0.0014876212226226926,0.00208164076320827,99.85124206542969,99.85124206542969,99.79183959960938,0.001018524169921875,0.1018524169921875,33.958858489990234,-33.95875549316406,0.0028880995232611895,0.0028880995232611895,0.000680415250826627,99.71118927001953,99.71118927001953,99.93196105957031,0.0004017366445623338,0.040173664689064026,4.586989879608154
72,1,Bass,10.379507064819336,-10.37950611114502,0.17055155336856842,0.17055144906044006,0.18471764028072357,82.9448471069336,82.94485473632812,81.52823638916016,0.0839407667517662,8.394076347351074,20.698211669921875,-20.698204040527344,0.05456163361668587,0.054561614990234375,0.05328942835330963,94.54383850097656,94.54383850097656,94.67105865478516,0.008443011902272701,0.844301164150238,9.759419441223145
72,2,Drums,26.13450813293457,-26.134536743164062,0.00013896386371925473,0.00013896386371925473,0.0018659697379916906,99.9861068725586,99.9861068725586,99.81340026855469,0.002429360756650567,0.24293607473373413,35.3572883605957,-35.35666275024414,0.0006660153158009052,0.0006660153158009052,0.0013817466096952558,99.93339538574219,99.93339538574219,99.86182403564453,0.0002911854244302958,0.02911854162812233,9.219928741455078
73,0,Vocal,24.844072341918945,-24.844032287597656,0.006204345729202032,0.006204345729202032,0.006193489767611027,99.37956237792969,99.37956237792969,99.38064575195312,0.003267185529693961,0.3267185389995575,45.37178421020508,-45.373008728027344,0.0012031391961500049,0.0012031391961500049,0.0018422672292217612,99.87968444824219,99.87968444824219,99.8157730102539,2.9046674171695486e-05,0.002904667519032955,20.793888092041016
73,1,Bass,12.603134155273438,-12.603134155273438,0.06867267936468124,0.06867243349552155,0.09198037534952164,93.13273620605469,93.13275909423828,90.80196380615234,0.052055831998586655,5.205583095550537,23.01976203918457,-23.01976776123047,0.03142545744776726,0.031425390392541885,0.04282492399215698,96.85745239257812,96.85746002197266,95.7175064086914,0.004964375868439674,0.49643757939338684,10.173370361328125
73,2,Drums,32.65108871459961,-32.65079116821289,0.002060343511402607,0.0020603432785719633,0.0036679089535027742,99.7939682006836,99.7939682006836,99.63320922851562,0.0005428182194009423,0.054281823337078094,43.427459716796875,-43.436431884765625,0.0024317228235304356,0.0024317228235304356,0.003532557049766183,99.75682830810547,99.75682830810547,99.64674377441406,4.537232962320559e-05,0.004537233151495457,10.81386661529541
74,0,Vocal,38.00259780883789,-38.0013427734375,0.0008956593228504062,0.0008956589153967798,0.0014739568578079343,99.91043090820312,99.91043090820312,99.85260009765625,0.00015841599088162184,0.01584159955382347,41.86469650268555,-41.8643798828125,0.0032976765651255846,0.0032976758666336536,0.0047102817334234715,99.67023468017578,99.67023468017578,99.52897644042969,6.506383942905813e-05,0.0065063838846981525,4.070599555969238
74,1,Bass,13.242268562316895,-13.242264747619629,0.03313556686043739,0.0331355556845665,0.017819426953792572,96.68643951416016,96.68644714355469,98.21806335449219,0.0452544130384922,4.5254411697387695,25.902788162231445,-25.902965545654297,0.018402690067887306,0.01840265654027462,0.01604573242366314,98.15972900390625,98.15973663330078,98.39542388916016,0.002562145236879587,0.25621452927589417,12.584842681884766
74,2,Drums,22.579891204833984,-22.579856872558594,0.014976844191551208,0.014976739883422852,0.019293811172246933,98.50231170654297,98.50232696533203,98.07061767578125,0.005490622948855162,0.5490623116493225,35.23972702026367,-35.24003601074219,0.00986521877348423,0.00986513588577509,0.014874443411827087,99.01348114013672,99.01348114013672,98.51255798339844,0.0002991391811519861,0.029913917183876038,12.743123054504395
75,0,Vocal,-31.80809211730957,31.80809211730957,0.4689086079597473,0.4689072370529175,0.5290645956993103,53.10913848876953,53.109275817871094,47.09354019165039,0.9993409514427185,99.93409729003906,3.6893322467803955,-3.6893320083618164,0.49803125858306885,0.49797672033309937,0.5352122783660889,50.19687271118164,50.202327728271484,46.4787712097168,0.2995377779006958,29.953777313232422,17.2974853515625
75,1,Bass,13.99551773071289,-13.995519638061523,0.06499168276786804,0.06499158591032028,0.09597666561603546,93.5008316040039,93.50083923339844,90.40233612060547,0.03832454979419708,3.8324549198150635,29.538381576538086,-29.538318634033203,0.0292336605489254,0.029233649373054504,0.039865802973508835,97.0766372680664,97.0766372680664,96.01342010498047,0.0011109326733276248,0.11109326779842377,15.465352058410645
75,2,Drums,40.4512939453125,-40.45127868652344,0.00016890079132281244,0.00016890074766706675,0.0,99.98310852050781,99.98310852050781,100.0,9.013066301122308e-05,0.009013066068291664,32.88737487792969,-32.88705825805664,0.010463247075676918,0.010463244281709194,0.017375187948346138,98.95367431640625,98.95367431640625,98.26248168945312,0.0005140989669598639,0.051409896463155746,-7.014361381530762
76,0,Vocal,37.2316780090332,-37.231407165527344,0.002864917740225792,0.002864911686629057,0.0019344647880643606,99.71350860595703,99.71350860595703,99.80655670166016,0.00018913969688583165,0.01891396939754486,37.84684753417969,-37.846595764160156,0.0029577056411653757,0.002957703312858939,0.003427680116146803,99.70423126220703,99.70423126220703,99.65723419189453,0.00016418437007814646,0.01641843654215336,0.8354457020759583
76,1,Bass,9.069572448730469,-9.069572448730469,0.11551596969366074,0.1155158132314682,0.11742343753576279,88.44840240478516,88.44841766357422,88.25765991210938,0.11023467779159546,11.023468017578125,17.524253845214844,-17.52425765991211,0.045242227613925934,0.04524216800928116,0.03708123043179512,95.47577667236328,95.47578430175781,96.29187774658203,0.017376478761434555,1.7376478910446167,7.879075050354004
76,2,Drums,40.24102020263672,-40.240562438964844,0.0009425831376574934,0.0009425830794498324,0.0015826415037736297,99.9057388305664,99.9057388305664,99.84173583984375,9.460551518714055e-05,0.009460551664233208,44.65793228149414,-44.65620040893555,0.001992475241422653,0.0019924750085920095,0.0031681859400123358,99.80075073242188,99.80075073242188,99.68318176269531,3.419419226702303e-05,0.0034194192849099636,4.447917938232422
77,0,Vocal,28.301172256469727,-28.30113983154297,0.004925337620079517,0.004925337620079517,0.005406823940575123,99.5074691772461,99.5074691772461,99.45932006835938,0.0014765355736017227,0.14765354990959167,42.064090728759766,-42.05776596069336,0.001254136674106121,0.001254136674106121,0.0018279353389516473,99.87458801269531,99.87458801269531,99.81720733642578,6.219377246452495e-05,0.006219377275556326,13.9742431640625
77,1,Bass,15.423516273498535,-15.423538208007812,0.08750782161951065,0.08750694990158081,0.117072694003582,91.24921417236328,91.24930572509766,88.29273223876953,0.027884645387530327,2.7884645462036133,20.391141891479492,-20.391138076782227,0.03447088971734047,0.03447037562727928,0.05185859650373459,96.55290985107422,96.55296325683594,94.81414031982422,0.009056041948497295,0.9056041836738586,4.75997257232666
77,2,Drums,32.97541809082031,-32.97560119628906,0.0031930385157465935,0.003193026641383767,0.0026070084422826767,99.68069458007812,99.68069458007812,99.73930358886719,0.000503800343722105,0.05038003623485565,40.77316665649414,-40.77025604248047,0.0010337281273677945,0.0010337241692468524,0.0008872789912857115,99.8966293334961,99.8966293334961,99.91127014160156,8.368487760890275e-05,0.00836848746985197,7.8067097663879395
78,0,Vocal,43.93472671508789,-43.9344367980957,0.0022399488370865583,0.0022399486042559147,0.002785184420645237,99.77600860595703,99.77600860595703,99.72148132324219,4.0423845348414034e-05,0.004042384680360556,41.723819732666016,-41.72467803955078,0.0015429053455591202,0.0015429052291437984,0.0026509244926273823,99.84571075439453,99.84571075439453,99.73490905761719,6.722765829181299e-05,0.006722765974700451,-2.018714666366577
78,1,Bass,5.521500587463379,-5.521500587463379,0.18150439858436584,0.18150439858436584,0.16726994514465332,81.84956359863281,81.84956359863281,83.27300262451172,0.21902240812778473,21.902240753173828,19.837045669555664,-19.837038040161133,0.11808089166879654,0.11808087676763535,0.11865033209323883,88.19190979003906,88.1919174194336,88.13497161865234,0.010275679640471935,1.027567982673645,13.890376091003418
78,2,Drums,36.970027923583984,-36.96879959106445,0.0035131461918354034,0.0035131461918354034,0.0037153861485421658,99.648681640625,99.648681640625,99.62846374511719,0.00020088259771000594,0.020088259130716324,38.973060607910156,-38.97380447387695,0.0015448764897882938,0.0015448764897882938,0.00037857526331208646,99.84551239013672,99.84551239013672,99.96214294433594,0.00012667082773987204,0.01266708318144083,2.0542876720428467
79,0,Vocal,39.65079116821289,-39.651206970214844,0.0034672964829951525,0.003467296017333865,0.003919603768736124,99.65326690673828,99.65326690673828,99.60803985595703,0.00010833364649442956,0.01083336491137743,35.126949310302734,-35.12671661376953,0.00883838627487421,0.00883838627487421,0.014793241396546364,99.11615753173828,99.11615753173828,98.52067565917969,0.00030703889206051826,0.030703889206051826,-4.005590438842773
79,1,Bass,16.2681884765625,-16.268203735351562,0.12967434525489807,0.1296733021736145,0.12804807722568512,87.0325698852539,87.03266906738281,87.1951904296875,0.023069776594638824,2.3069777488708496,21.586572647094727,-21.5865478515625,0.02691267803311348,0.026912568137049675,0.039353977888822556,97.30873107910156,97.30874633789062,96.06460571289062,0.006891930475831032,0.689193069934845,5.104362487792969
79,2,Drums,32.25113296508789,-32.250946044921875,0.004549466073513031,0.0045494623482227325,0.0034526949748396873,99.54505920410156,99.54505920410156,99.65473175048828,0.0005951421917416155,0.05951422080397606,39.16102981567383,-39.1597900390625,0.0018560164608061314,0.0018560150638222694,0.0016058515757322311,99.81439971923828,99.81439971923828,99.83941650390625,0.0001212794377352111,0.012127943336963654,6.923792839050293
80,0,Vocal,33.106937408447266,-33.10624694824219,0.1234922707080841,0.12349209934473038,0.12445908784866333,87.65077209472656,87.65078735351562,87.55409240722656,0.0004887692048214376,0.048876918852329254,36.641212463378906,-36.640708923339844,0.011283176019787788,0.011283117346465588,0.012168612331151962,98.8716812133789,98.87168884277344,98.78314208984375,0.0002166770864278078,0.021667707711458206,3.8183679580688477
80,1,Bass,12.99709415435791,-12.99709415435791,0.7061082124710083,0.7060778141021729,0.7168424129486084,29.389179229736328,29.39221954345703,28.315757751464844,0.04775717481970787,4.775717258453369,9.113175392150879,-9.113174438476562,0.44297197461128235,0.4429583251476288,0.4577311873435974,55.70280456542969,55.70416259765625,54.22688293457031,0.10925377905368805,10.92537784576416,-5.432999134063721
80,2,Drums,36.17374801635742,-36.17348861694336,0.002519790083169937,0.0025197777431458235,0.0020543080754578114,99.7480239868164,99.7480239868164,99.79456329345703,0.0002412682370049879,0.024126823991537094,41.920738220214844,-41.92148208618164,0.0010156563948839903,0.0010156504577025771,0.0005906331352889538,99.8984375,99.8984375,99.9409408569336,6.427203334169462e-05,0.006427203305065632,5.769738674163818
81,0,Vocal,6.666705131530762,-6.666707515716553,0.13647279143333435,0.1364727020263672,0.14885152876377106,86.35271453857422,86.35272979736328,85.1148452758789,0.17725370824337006,17.725370407104492,14.401763916015625,-14.401761054992676,0.06957532465457916,0.06957504153251648,0.07448423653841019,93.04246520996094,93.04249572753906,92.55157470703125,0.03502204641699791,3.502204656600952,8.074359893798828
81,1,Bass,5.023679733276367,-5.023679256439209,0.3500632643699646,0.3500629961490631,0.3599798381328583,64.9936752319336,64.99370574951172,64.00201416015625,0.239259272813797,23.925928115844727,7.726006984710693,-7.726006031036377,0.2596808969974518,0.2596808671951294,0.2682323157787323,74.03191375732422,74.03191375732422,73.17676544189453,0.1444292664527893,14.442926406860352,2.357816219329834
81,2,Drums,34.55855941772461,-34.55839538574219,0.00044743006583303213,0.0004474287561606616,0.00044514561886899173,99.95525360107422,99.95525360107422,99.95549011230469,0.00034993732697330415,0.0349937342107296,42.22960662841797,-42.23053741455078,0.0003947049845010042,0.0003947039949707687,0.00048342879745177925,99.96053314208984,99.96053314208984,99.95165252685547,5.985756797599606e-05,0.005985756870359182,7.685210227966309
82,0,Vocal,20.398849487304688,-20.398849487304688,0.09483757615089417,0.09483618289232254,0.09721300005912781,90.51624298095703,90.5163803100586,90.27869415283203,0.009040022268891335,0.9040022492408752,26.129491806030273,-26.129655838012695,0.017392335459589958,0.017392124980688095,0.016237936913967133,98.2607650756836,98.26078796386719,98.37620544433594,0.0024321440141648054,0.24321439862251282,5.979912281036377
82,1,Bass,8.536177635192871,-8.536177635192871,0.5890673398971558,0.5890457034111023,0.6062563061714172,41.093265533447266,41.095428466796875,39.37437057495117,0.1228700801730156,12.287008285522461,15.19548511505127,-15.195487976074219,0.32134225964546204,0.32132765650749207,0.35322922468185425,67.86577606201172,67.86723327636719,64.67707824707031,0.0293438583612442,2.9343857765197754,4.64665412902832
82,2,Drums,31.84823989868164,-31.8480281829834,0.0035334054846316576,0.003533405251801014,0.00404853280633688,99.64665985107422,99.64665985107422,99.59514617919922,0.0006529675447382033,0.06529675424098969,36.3601188659668,-36.36184310913086,0.0027132488321512938,0.00271324859932065,0.0037613024469465017,99.72867584228516,99.72867584228516,99.62387084960938,0.00023109042376745492,0.023109043017029762,4.536764144897461
83,0,Vocal,12.718106269836426,-12.718109130859375,0.053674738854169846,0.05367445573210716,0.051962487399578094,94.63252258300781,94.63255310058594,94.80374908447266,0.05076485872268677,5.076485633850098,35.372432708740234,-35.37234115600586,0.026435723528265953,0.02643570490181446,0.027575913816690445,97.35643005371094,97.35643005371094,97.2424087524414,0.0002901765692513436,0.029017657041549683,22.914400100708008
83,1,Bass,5.365718841552734,-5.365719318389893,0.4723426103591919,0.4723280966281891,0.4791620373725891,52.76573944091797,52.76719284057617,52.083797454833984,0.22521987557411194,22.521987915039062,16.223522186279297,-16.22351837158203,0.28292104601860046,0.2829057574272156,0.2873711585998535,71.70789337158203,71.70942687988281,71.26288604736328,0.023302823305130005,2.330282211303711,10.850407600402832
83,2,Drums,38.19820785522461,-38.1983528137207,0.0042119575664401054,0.0042119575664401054,0.004046608228236437,99.57880401611328,99.57880401611328,99.5953369140625,0.0001513874885858968,0.015138749033212662,43.78984069824219,-43.78496551513672,0.0007102743838913739,0.0007102743838913739,0.0008330765995196998,99.9289779663086,99.9289779663086,99.91668701171875,4.178306699031964e-05,0.004178306553512812,5.6126813888549805
84,0,Vocal,19.138904571533203,-19.138938903808594,0.13482284545898438,0.13482233881950378,0.1394563913345337,86.51771545410156,86.51776123046875,86.05435943603516,0.012046059593558311,1.2046059370040894,30.84546661376953,-30.845985412597656,0.008303573355078697,0.008303558453917503,0.00814194418489933,99.16963958740234,99.16963958740234,99.18580627441406,0.0008223665645346045,0.08223665505647659,11.931751251220703
84,1,Bass,10.72711181640625,-10.72711181640625,0.6692488789558411,0.6692488789558411,0.6740869283676147,33.075111389160156,33.075111389160156,32.59130859375,0.07798758149147034,7.798758029937744,20.107097625732422,-20.107154846191406,0.45737528800964355,0.45737382769584656,0.45502012968063354,54.26247024536133,54.26261520385742,54.49798583984375,0.009662065654993057,0.9662065505981445,7.705657482147217
84,2,Drums,37.989540100097656,-37.98995590209961,0.0017628741916269064,0.0017628730274736881,0.0018566473154351115,99.82371520996094,99.82371520996094,99.81433868408203,0.00015884033928159624,0.01588403433561325,45.872188568115234,-45.87553024291992,0.0011221314780414104,0.0011221308959648013,0.0012090150266885757,99.88778686523438,99.88778686523438,99.87909698486328,2.5888106392812915e-05,0.002588810632005334,7.888649940490723
85,0,Vocal,18.939746856689453,-18.939741134643555,0.11604814231395721,0.11604787409305573,0.11610324680805206,88.39518737792969,88.39521789550781,88.38967895507812,0.0126042440533638,1.2604243755340576,32.681732177734375,-32.681602478027344,0.009908118285238743,0.009908108972012997,0.010035409592092037,99.00918579101562,99.00919342041016,98.9964599609375,0.0005390200531110168,0.05390200391411781,13.9169282913208
85,1,Bass,15.10807991027832,-15.108076095581055,0.42107853293418884,0.42107853293418884,0.4081777036190033,57.89214324951172,57.89214324951172,59.182228088378906,0.029922528192400932,2.992252826690674,17.081205368041992,-17.081195831298828,0.27360060811042786,0.27360060811042786,0.2482883781194687,72.63993835449219,72.63993835449219,75.17115783691406,0.019206905737519264,1.9206905364990234,1.3812812566757202
85,2,Drums,36.70744323730469,-36.70707321166992,0.0046418700367212296,0.004641869571059942,0.004774725530296564,99.53581237792969,99.53581237792969,99.52252197265625,0.00021343443950172514,0.021343443542718887,35.479034423828125,-35.478904724121094,0.002866793191060424,0.00286679295822978,0.002188190585002303,99.71331787109375,99.71331787109375,99.78118133544922,0.00028309610206633806,0.02830960974097252,-1.1891701221466064
86,0,Vocal,18.265159606933594,-18.265155792236328,0.14186258614063263,0.14186255633831024,0.1430230736732483,85.8137435913086,85.8137435913086,85.69769287109375,0.014691205695271492,1.4691206216812134,32.94876480102539,-32.94957733154297,0.022711679339408875,0.022711677476763725,0.023595215752720833,97.72882843017578,97.72882843017578,97.6404800415039,0.0005068223108537495,0.05068223178386688,15.073607444763184
86,1,Bass,9.257170677185059,-9.257169723510742,0.5461258292198181,0.5461257696151733,0.556594729423523,45.38741683959961,45.38742446899414,44.34052658081055,0.1060687005519867,10.6068696975708,23.991518020629883,-23.991491317749023,0.2577834725379944,0.2577834725379944,0.2642126977443695,74.22164916992188,74.22164916992188,73.57872772216797,0.003973012324422598,0.39730122685432434,12.623748779296875
86,2,Drums,36.87820053100586,-36.878170013427734,0.003317256225273013,0.0033171994145959616,0.003281292039901018,99.66827392578125,99.66828155517578,99.67186737060547,0.00020516820950433612,0.02051682025194168,42.44237518310547,-42.4443473815918,0.001019188086502254,0.00101917062420398,0.0010219649411737919,99.89807891845703,99.89807891845703,99.8978042602539,5.697418237105012e-05,0.005697418004274368,5.574420928955078
87,0,Vocal,20.66629409790039,-20.66628646850586,0.12062446773052216,0.12062443792819977,0.12318532168865204,87.93755340576172,87.93756103515625,87.68146514892578,0.008504735305905342,0.8504735231399536,30.02561378479004,-30.025371551513672,0.012132990173995495,0.01213298924267292,0.014856526628136635,98.78669738769531,98.78669738769531,98.51435089111328,0.0009931439999490976,0.09931439906358719,9.779837608337402
87,1,Bass,12.766155242919922,-12.766157150268555,0.6377431154251099,0.6377405524253845,0.6367667317390442,36.22568893432617,36.22594451904297,36.323326110839844,0.0502343624830246,5.023436069488525,18.84125518798828,-18.841236114501953,0.44490817189216614,0.4448995292186737,0.44756919145584106,55.509185791015625,55.51004409790039,55.243080139160156,0.012889652512967587,1.2889652252197266,4.620234966278076
87,2,Drums,28.700260162353516,-28.700580596923828,0.003602041630074382,0.003602040698751807,0.0036241766065359116,99.63980102539062,99.63980102539062,99.63758087158203,0.0013470171252265573,0.1347017139196396,40.318336486816406,-40.3192138671875,0.0008018556400202215,0.0008018555236048996,0.00044428068213164806,99.91981506347656,99.91981506347656,99.95557403564453,9.290104208048433e-05,0.009290103800594807,11.649679183959961
88,0,Vocal,26.489978790283203,-26.489974975585938,0.02311948500573635,0.02311769686639309,0.024224700406193733,97.68804931640625,97.68822479248047,97.57752990722656,0.002238851971924305,0.2238851934671402,33.1844596862793,-33.1847038269043,0.00431452551856637,0.004314274527132511,0.0018881469732150435,99.56854248046875,99.56857299804688,99.81118774414062,0.00048013555351644754,0.048013556748628616,7.366183280944824
88,1,Bass,15.930863380432129,-15.930862426757812,0.08046300709247589,0.0804528146982193,0.08047118037939072,91.95369720458984,91.95471954345703,91.952880859375,0.02488679625093937,2.4886796474456787,26.61028289794922,-26.610321044921875,0.04302840679883957,0.04302803799510002,0.04466025531291962,95.69715881347656,95.69719696044922,95.53397369384766,0.0021778279915452003,0.21778279542922974,10.893997192382812
88,2,Drums,33.831180572509766,-33.83100509643555,0.0011254166020080447,0.0011254107812419534,0.0012367586605250835,99.88745880126953,99.88745880126953,99.87632751464844,0.0004137161304242909,0.04137161374092102,40.879638671875,-40.880126953125,0.0002957602555397898,0.00029575874214060605,0.0006883317837491632,99.97042083740234,99.97042083740234,99.93116760253906,8.167010673787445e-05,0.008167010731995106,7.058143138885498
89,0,Vocal,27.45633888244629,-27.456329345703125,0.004153972491621971,0.004153919406235218,0.004830448422580957,99.58460235595703,99.58460998535156,99.51696014404297,0.0017930318135768175,0.17930318415164948,43.03012466430664,-43.025421142578125,0.0010209071915596724,0.0010209068423137069,0.0012462836457416415,99.89791107177734,99.89791107177734,99.87537384033203,4.978694050805643e-05,0.004978694021701813,15.683601379394531
89,1,Bass,26.11627960205078,-26.116317749023438,0.12908972799777985,0.12908095121383667,0.1305086761713028,87.09102630615234,87.09190368652344,86.94913482666016,0.0024395580403506756,0.2439558058977127,27.726308822631836,-27.72620391845703,0.06063053756952286,0.060625605285167694,0.060077473521232605,93.93694305419922,93.93743896484375,93.99224853515625,0.001685136347077787,0.16851364076137543,1.5629686117172241
89,2,Drums,26.729713439941406,-26.729642868041992,0.0004268209158908576,0.00042682074126787484,0.0011201556771993637,99.95731353759766,99.95731353759766,99.88798522949219,0.0021189097315073013,0.21189096570014954,33.315887451171875,-33.31597137451172,0.002159832278266549,0.002159831579774618,0.003417112398892641,99.78401947021484,99.78401947021484,99.65828704833984,0.0004658313700929284,0.0465831384062767,6.627007007598877
90,0,Vocal,34.3139762878418,-34.31367492675781,0.023733332753181458,0.023730270564556122,0.024784067645668983,97.62667083740234,97.62696838378906,97.52159118652344,0.0003702116955537349,0.03702117130160332,42.24694061279297,-42.2451057434082,0.0026324079371988773,0.002632393967360258,0.0028996181208640337,99.73676300048828,99.73676300048828,99.71003723144531,5.961315400782041e-05,0.005961315240710974,8.243622779846191
90,1,Bass,18.741268157958984,-18.74127197265625,0.12749318778514862,0.127462700009346,0.1337757557630539,87.25067901611328,87.25373077392578,86.62242126464844,0.01318584755063057,1.3185847997665405,27.829540252685547,-27.829504013061523,0.05627403035759926,0.05627398565411568,0.056246817111968994,94.37259674072266,94.37259674072266,94.37532043457031,0.0016456227749586105,0.16456228494644165,9.003844261169434
90,2,Drums,44.15143585205078,-44.15235137939453,0.0015426609897986054,0.0015426313038915396,0.001691190991550684,99.84573364257812,99.84573364257812,99.83088684082031,3.8438414776464924e-05,0.003843841375783086,49.598976135253906,-49.59941482543945,0.0003494882839731872,0.0003494816191960126,0.00048782280646264553,99.96505737304688,99.96505737304688,99.95121765136719,1.095801326300716e-05,0.0010958013590425253,5.459184169769287
91,0,Vocal,29.91103172302246,-29.910709381103516,0.004803616087883711,0.0048035308718681335,0.005203417036682367,99.51963806152344,99.51964569091797,99.47966003417969,0.0010196801740676165,0.10196802020072937,39.4729118347168,-39.472129821777344,0.0016639584209769964,0.0016639584209769964,0.0013892926508560777,99.83360290527344,99.83360290527344,99.86107635498047,0.0001128745570895262,0.011287455447018147,9.801202774047852
91,1,Bass,13.447728157043457,-13.447731018066406,0.0794479101896286,0.07943988591432571,0.06975435465574265,92.05520629882812,92.05601501464844,93.02456665039062,0.04325377196073532,4.325376987457275,22.460269927978516,-22.460247039794922,0.04798508808016777,0.047984473407268524,0.04483652487397194,95.20149230957031,95.20155334472656,95.51634979248047,0.005643095821142197,0.5643095970153809,9.091980934143066
91,2,Drums,28.904726028442383,-28.904733657836914,0.0016933073056861758,0.0016933068400248885,0.000641826365608722,99.8306655883789,99.8306655883789,99.93582153320312,0.0012852135114371777,0.12852135300636292,35.99092483520508,-35.99097442626953,0.0008239476010203362,0.0008239473681896925,0.000535083469003439,99.9176025390625,99.9176025390625,99.94649505615234,0.00025163270765915513,0.02516327053308487,7.107611179351807
92,0,Vocal,42.65655517578125,-42.655635833740234,0.0024462647270411253,0.0024462647270411253,0.0027923844754695892,99.75537109375,99.75537109375,99.72076416015625,5.42660454811994e-05,0.005426604766398668,43.796043395996094,-43.797447204589844,0.001370233134366572,0.001370233134366572,0.0018234997987747192,99.86297607421875,99.86297607421875,99.8176498413086,4.170331158093177e-05,0.004170331172645092,1.3354417085647583
92,1,Bass,8.738259315490723,-8.73825740814209,0.144558385014534,0.14455823600292206,0.14993269741535187,85.5441665649414,85.54417419433594,85.00672912597656,0.11794266849756241,11.794266700744629,24.269750595092773,-24.26969337463379,0.04005977883934975,0.040059737861156464,0.04191238433122635,95.9940185546875,95.99402618408203,95.80876159667969,0.0037273913621902466,0.37273913621902466,15.46815013885498
92,2,Drums,43.393394470214844,-43.39347457885742,0.002901239786297083,0.0029012244194746017,0.0031076245941221714,99.70987701416016,99.70987701416016,99.68923950195312,4.577650179271586e-05,0.004577650222927332,46.61229705810547,-46.604732513427734,0.001190116978250444,0.0011901104589924216,0.0014024224365130067,99.88098907470703,99.88098907470703,99.85975646972656,2.1824471332365647e-05,0.0021824471186846495,3.2175371646881104
93,0,Vocal,25.928794860839844,-25.928762435913086,0.02924705669283867,0.029243532568216324,0.028791554272174835,97.0752944946289,97.07564544677734,97.12084197998047,0.0025469523388892412,0.25469523668289185,36.724464416503906,-36.724693298339844,0.0038314235862344503,0.0038312955293804407,0.000641890277620405,99.61685180664062,99.61687469482422,99.9358139038086,0.00021255204046610743,0.02125520445406437,11.16443157196045
93,1,Bass,16.22195053100586,-16.221942901611328,0.12937819957733154,0.1293591409921646,0.12586082518100739,87.06217956542969,87.0640869140625,87.4139175415039,0.023311011493206024,2.331101179122925,20.89065170288086,-20.8906192779541,0.11963148415088654,0.11962825804948807,0.13256770372390747,88.03684997558594,88.03717803955078,86.74323272705078,0.00808002706617117,0.8080027103424072,6.155482769012451
93,2,Drums,41.583641052246094,-41.58195114135742,0.0008889096206985414,0.0008889055461622775,0.0011729206889867783,99.9111099243164,99.9111099243164,99.8827133178711,6.944032065803185e-05,0.006944031920284033,48.21593475341797,-48.216529846191406,0.00026340250042267144,0.0002634013071656227,0.000446310150437057,99.97366333007812,99.97366333007812,99.95536804199219,1.5093286492628977e-05,0.001509328605607152,6.634481430053711
94,0,Vocal,32.94723129272461,-32.946903228759766,0.007854337804019451,0.007854118943214417,0.006963036488741636,99.21456909179688,99.21459197998047,99.30369567871094,0.0005070167244412005,0.050701674073934555,37.18537902832031,-37.184051513671875,0.007194445002824068,0.007194421719759703,0.009148148819804192,99.28055572509766,99.28056335449219,99.08518981933594,0.00019118018099106848,0.019118018448352814,4.513798236846924
94,1,Bass,13.43560791015625,-13.435609817504883,0.08677239716053009,0.08676404505968094,0.09129823744297028,91.32276153564453,91.32359313964844,90.87017822265625,0.04336938261985779,4.336938381195068,22.248058319091797,-22.248058319091797,0.044127803295850754,0.0441276840865612,0.048653744161129,95.58721923828125,95.58722686767578,95.13462829589844,0.005923992954194546,0.5923992991447449,8.854771614074707
94,2,Drums,30.081546783447266,-30.081493377685547,0.0024106097407639027,0.002410593908280134,0.00230118609033525,99.75894165039062,99.75894165039062,99.76988220214844,0.0009804266737774014,0.09804266691207886,31.5084171295166,-31.508455276489258,0.0030455843079835176,0.003045565914362669,0.003962319809943438,99.69544219970703,99.69544219970703,99.60376739501953,0.000706084247212857,0.07060842216014862,1.4649943113327026
95,0,Vocal,20.84899139404297,-20.849002838134766,0.057260286062955856,0.057249147444963455,0.06210070848464966,94.27397155761719,94.27508544921875,93.78993225097656,0.008157220669090748,0.8157220482826233,26.727266311645508,-26.727188110351562,0.009894025512039661,0.009893208742141724,0.007567304186522961,99.0105972290039,99.01068115234375,99.24327087402344,0.002120107179507613,0.2120107114315033,6.360222339630127
95,1,Bass,14.935956001281738,-14.935968399047852,0.08066987991333008,0.08066366612911224,0.08110146969556808,91.93301391601562,91.93363189697266,91.88985443115234,0.031094634905457497,3.1094634532928467,23.21007537841797,-23.21002960205078,0.04903384670615196,0.049033794552087784,0.053440410643815994,95.09661865234375,95.09661865234375,94.65596008300781,0.0047525521367788315,0.47525522112846375,8.414351463317871
95,2,Drums,30.07230567932129,-30.072357177734375,7.420917972922325e-05,7.420888869091868e-05,0.0,99.9925765991211,99.9925765991211,100.0,0.0009825394954532385,0.09825395047664642,36.24079513549805,-36.24052810668945,0.0016287905164062977,0.0016287841135635972,0.0,99.83712005615234,99.83712768554688,100.0,0.00023760501062497497,0.02376050129532814,6.238336086273193
96,0,Vocal,18.402013778686523,-18.402013778686523,0.0035310126841068268,0.0035310103558003902,0.004444937687367201,99.64689636230469,99.64689636230469,99.55550384521484,0.014241928234696388,1.4241927862167358,32.448333740234375,-32.44846725463867,0.00647010700777173,0.0064701056107878685,0.006678309757262468,99.35298919677734,99.35298919677734,99.33216857910156,0.0005687128286808729,0.056871283799409866,14.607985496520996
96,1,Bass,18.619640350341797,-18.61964988708496,0.008942577987909317,0.008942567743360996,0.06859520822763443,99.10574340820312,99.10574340820312,93.1404800415039,0.013555335812270641,1.3555335998535156,22.673805236816406,-22.673789978027344,0.004317144397646189,0.004317139741033316,0.045345764607191086,99.56828308105469,99.56828308105469,95.46542358398438,0.005373770371079445,0.5373770594596863,3.946432590484619
96,2,Drums,28.218734741210938,-28.21866226196289,0.0005783052765764296,0.000578305043745786,0.021247869357466698,99.94216918945312,99.94216918945312,97.87521362304688,0.0015047701308503747,0.15047700703144073,25.441715240478516,-25.44173240661621,0.014552269130945206,0.014552264474332333,0.0048219505697488785,98.54476928710938,98.5447769165039,99.51780700683594,0.0028483495116233826,0.28483495116233826,-2.200014591217041
97,0,Vocal,18.445314407348633,-18.44530487060547,0.005299640353769064,0.005299640353769064,0.006249230820685625,99.47003936767578,99.47003936767578,99.37507629394531,0.014102673158049583,1.4102673530578613,30.968791961669922,-30.96848487854004,0.03202049061655998,0.03202049061655998,0.034897107630968094,96.7979507446289,96.7979507446289,96.51029205322266,0.0007994589977897704,0.07994589954614639,14.431853294372559
97,1,Bass,21.401020050048828,-21.401033401489258,0.005956032779067755,0.005956023465842009,0.06520792841911316,99.4043960571289,99.40440368652344,93.47920227050781,0.007190566044300795,0.7190566062927246,24.049068450927734,-24.04902458190918,0.0029614223167300224,0.0029614181257784367,0.051785022020339966,99.703857421875,99.703857421875,94.82150268554688,0.0039209164679050446,0.39209163188934326,2.5809757709503174
97,2,Drums,26.948631286621094,-26.948633193969727,0.0015724912518635392,0.0015724912518635392,0.030823931097984314,99.8427505493164,99.8427505493164,96.9176025390625,0.00201491080224514,0.2014910876750946,23.53621482849121,-23.536209106445312,0.032197222113609314,0.032197222113609314,0.07361861318349838,96.7802734375,96.7802734375,92.63813781738281,0.004410187713801861,0.4410187602043152,-1.0194218158721924
98,0,Vocal,33.25625228881836,-33.256324768066406,0.001114754704758525,0.001114754704758525,0.0013054229784756899,99.8885269165039,99.8885269165039,99.86946105957031,0.00047223136061802506,0.04722313582897186,37.835819244384766,-37.83518981933594,0.008616236038506031,0.008616236038506031,0.010740047320723534,99.13838195800781,99.13838195800781,98.92599487304688,0.00016458395111840218,0.01645839586853981,5.019722938537598
98,1,Bass,10.847824096679688,-10.847822189331055,0.059914641082286835,0.05991463363170624,0.07557335495948792,94.00853729248047,94.00853729248047,92.44266510009766,0.07601233571767807,7.60123348236084,22.856809616088867,-22.856822967529297,0.02941577322781086,0.02941576950252056,0.03755100816488266,97.05841827392578,97.05841827392578,96.24490356445312,0.005153188016265631,0.5153188109397888,11.744453430175781
98,2,Drums,34.281227111816406,-34.28136444091797,0.005847504828125238,0.005847496446222067,0.005885787773877382,99.41524505615234,99.41524505615234,99.41142272949219,0.00037299899850040674,0.037299901247024536,30.87390899658203,-30.873577117919922,0.032283369451761246,0.032283298671245575,0.03018932230770588,96.77165985107422,96.77166748046875,96.98106384277344,0.0008170781075023115,0.08170781284570694,-1.39595627784729
99,0,Vocal,18.42558479309082,-18.425582885742188,0.005487388465553522,0.005487388465553522,0.006154720671474934,99.45126342773438,99.45126342773438,99.38452911376953,0.014165961183607578,1.4165961742401123,25.18354606628418,-25.183475494384766,0.055767592042684555,0.055767592042684555,0.06334397196769714,94.4232406616211,94.4232406616211,93.66560363769531,0.003022279590368271,0.3022279739379883,8.991588592529297
99,1,Bass,21.509790420532227,-21.5097713470459,0.0057766856625676155,0.005776681005954742,0.06360514461994171,99.42233276367188,99.42233276367188,93.63948822021484,0.007014001719653606,0.7014001607894897,25.258499145507812,-25.258468627929688,0.0034072569105774164,0.0034072543494403362,0.043577488511800766,99.6592788696289,99.6592788696289,95.64225006103516,0.002970736240968108,0.297073632478714,3.64570689201355
99,2,Drums,26.40665054321289,-26.40658950805664,0.0014784714439883828,0.0014784712111577392,0.03109072893857956,99.8521499633789,99.8521499633789,96.89093017578125,0.0022821668535470963,0.22821667790412903,38.500938415527344,-38.500492095947266,0.0078069185838103294,0.007806918118149042,0.0080461036413908,99.21930694580078,99.21930694580078,99.19538879394531,0.0001412577403243631,0.014125773683190346,12.52685832977295
100,0,Vocal,11.532645225524902,-11.532651901245117,0.0989711806178093,0.0989711806178093,0.10281763225793839,90.1028823852539,90.1028823852539,89.71823120117188,0.06565143167972565,6.56514310836792,16.929428100585938,-16.929431915283203,0.1460346132516861,0.146034374833107,0.1924641877412796,85.39653778076172,85.39656066894531,80.75358581542969,0.019876455888152122,1.9876456260681152,13.47374439239502
100,1,Bass,17.345090866088867,-17.345088958740234,0.08681458979845047,0.08681457489728928,0.08840171247720718,91.31854248046875,91.31854248046875,91.15982818603516,0.018095096573233604,1.8095096349716187,23.878515243530273,-23.878488540649414,0.04322098195552826,0.04322095587849617,0.04129106178879738,95.67790222167969,95.67790985107422,95.87089538574219,0.004077367018908262,0.4077366888523102,6.40055513381958
100,2,Drums,43.130088806152344,-43.13064193725586,0.0003862472658511251,0.00038624723674729466,0.0009975708089768887,99.96138000488281,99.96138000488281,99.9002456665039,4.865447408519685e-05,0.004865447524935007,51.07445526123047,-51.064395904541016,0.0011892238399013877,0.0011892237234860659,0.0019424573983997107,99.88107299804688,99.88107299804688,99.80575561523438,7.867420208640397e-06,0.0007867420208640397,8.037013053894043
101,0,Vocal,20.01587677001953,-20.015886306762695,0.015097066760063171,0.015097049064934254,0.011063500307500362,98.49029541015625,98.49029541015625,98.89364624023438,0.00986520666629076,0.9865206480026245,30.792863845825195,-30.792858123779297,0.004517307039350271,0.004517305176705122,0.0035160083789378405,99.54827117919922,99.54827117919922,99.64839935302734,0.0008324505179189146,0.08324505388736725,11.126668930053711
101,1,Bass,18.75495719909668,-18.754995346069336,0.021997643634676933,0.021997641772031784,0.0,97.80023956298828,97.80023956298828,100.0,0.013144868426024914,1.3144868612289429,24.261810302734375,-24.261760711669922,0.0104439165443182,0.010443862527608871,0.0,98.95560455322266,98.95561218261719,100.0,0.003734182333573699,0.37341824173927307,5.54116153717041
101,2,Drums,35.032676696777344,-35.03168487548828,0.0005340943462215364,0.0005340825882740319,0.001130688819102943,99.94658660888672,99.94659423828125,99.88693237304688,0.0003137867897748947,0.03137867897748947,43.11415100097656,-43.112606048583984,0.000244298717007041,0.0002442935074213892,0.0002037501981249079,99.97557067871094,99.97557067871094,99.97962951660156,4.8857178626349196e-05,0.004885717760771513,8.08375358581543
102,0,Vocal,32.965660095214844,-32.96525192260742,0.02271454967558384,0.0227145217359066,0.023546259850263596,97.72854614257812,97.72855377197266,97.64537048339844,0.0005049509345553815,0.05049509182572365,29.490589141845703,-29.490684509277344,0.037774745374917984,0.0377747118473053,0.036215633153915405,96.22252655029297,96.2225341796875,96.37843322753906,0.0011232146061956882,0.11232145875692368,-1.399277687072754
102,1,Bass,11.897887229919434,-11.897886276245117,0.042187586426734924,0.04218628257513046,0.0951140746474266,95.78124237060547,95.7813720703125,90.48859405517578,0.060677364468574524,6.067736625671387,19.831703186035156,-19.83170509338379,0.013842837885022163,0.013842244632542133,0.05040256679058075,98.61571502685547,98.61577606201172,94.9597396850586,0.010288165882229805,1.0288165807724,7.633124828338623
102,2,Drums,35.118526458740234,-35.1183967590332,0.0002607839705888182,0.000260775035712868,0.005520721897482872,99.97392272949219,99.97392272949219,99.44792938232422,0.0003076285938732326,0.03076285868883133,44.39374542236328,-44.39366912841797,0.0003175613237544894,0.0003175504971295595,0.002520220587030053,99.96824645996094,99.96824645996094,99.74797821044922,3.6340014048619196e-05,0.003634001361206174,9.269157409667969
103,0,Vocal,32.45152282714844,-32.4515380859375,0.0019569694995880127,0.0019569694995880127,0.0024170817341655493,99.80430603027344,99.80430603027344,99.75829315185547,0.0005683063063770533,0.05683062970638275,44.7342643737793,-44.730613708496094,0.0007650157785974443,0.0007650157785974443,0.0017903660191223025,99.92350006103516,99.92350006103516,99.82096862792969,3.3578515285626054e-05,0.0033578514121472836,12.465617179870605
103,1,Bass,13.4942626953125,-13.494260787963867,0.05261402577161789,0.052613962441682816,0.043389786034822464,94.73859405517578,94.73860168457031,95.66101837158203,0.042812589555978775,4.281259059906006,20.513124465942383,-20.513113021850586,0.03789687156677246,0.03789679333567619,0.05424893647432327,96.21031188964844,96.21031951904297,94.57510375976562,0.008807400241494179,0.8807400465011597,7.5705060958862305
103,2,Drums,31.789140701293945,-31.789161682128906,0.007804331835359335,0.007804331369698048,0.009969990700483322,99.21956634521484,99.21956634521484,99.00299835205078,0.0006618811166845262,0.06618811190128326,41.20883560180664,-41.20819091796875,0.0010253461077809334,0.0010253461077809334,0.0015035857213661075,99.89746856689453,99.89746856689453,99.84963989257812,7.573590119136497e-05,0.007573590148240328,9.47695541381836
104,0,Vocal,-10.409599304199219,10.409599304199219,0.9411312937736511,0.9411296844482422,0.9511793851852417,5.886870384216309,5.887031555175781,4.88206148147583,0.9165905117988586,91.65904998779297,14.395364761352539,-14.395364761352539,0.2471281737089157,0.24709701538085938,0.30200764536857605,75.28717803955078,75.29029846191406,69.79923248291016,0.03507186844944954,3.5071868896484375,17.50836944580078
104,1,Bass,15.750740051269531,-15.750743865966797,0.4209505319595337,0.4209425747394562,0.4274086654186249,57.904945373535156,57.90574645996094,57.259132385253906,0.025913367047905922,2.591336727142334,17.840726852416992,-17.840717315673828,0.2249089479446411,0.22490063309669495,0.23589769005775452,77.50910186767578,77.50994110107422,76.41023254394531,0.016175048425793648,1.6175048351287842,2.1212284564971924
104,2,Drums,45.68610382080078,-45.674930572509766,6.025944821885787e-05,6.0257876612013206e-05,0.0,99.99397277832031,99.99397277832031,100.0,2.702458186831791e-05,0.002702458295971155,51.56531524658203,-51.58169174194336,4.8882498958846554e-05,4.8881222028285265e-05,0.0,99.99510955810547,99.99510955810547,100.0,6.967881745367777e-06,0.0006967881927266717,5.890556335449219
105,0,Vocal,11.514106750488281,-11.514104843139648,0.09370846301317215,0.09370846301317215,0.10384103655815125,90.62915802001953,90.62915802001953,89.61589050292969,0.06591382622718811,6.5913825035095215,41.88862228393555,-41.88871765136719,0.0021402807906270027,0.0021402807906270027,0.002686484018340707,99.78597259521484,99.78597259521484,99.73135375976562,6.477520946646109e-05,0.006477520801126957,30.60280990600586
105,1,Bass,18.07042121887207,-18.070423126220703,0.21612530946731567,0.21612514555454254,0.235958993434906,78.38746643066406,78.38748931884766,76.40409851074219,0.015354583971202374,1.5354584455490112,20.522476196289062,-20.522470474243164,0.1178104504942894,0.1178104504942894,0.12611521780490875,88.21895599365234,88.21895599365234,87.38848114013672,0.008788575418293476,0.8788575530052185,2.0148589611053467
105,2,Drums,38.34428024291992,-38.34369659423828,0.0018335094209760427,0.0018335094209760427,0.0023718615993857384,99.816650390625,99.816650390625,99.7628173828125,0.0001464431406930089,0.014644313603639603,46.29213333129883,-46.29027557373047,0.0006291459430940449,0.000629145884886384,0.0008993630763143301,99.93708801269531,99.93708801269531,99.91006469726562,2.3481808966607787e-05,0.0023481808602809906,7.956027984619141
106,0,Vocal,11.63980484008789,-11.639805793762207,0.37006235122680664,0.3700610399246216,0.36786916851997375,62.99376678466797,62.993896484375,63.21308517456055,0.06415404379367828,6.415404319763184,27.390310287475586,-27.390182495117188,0.014841966331005096,0.014841943047940731,0.007937664166092873,98.51580047607422,98.51580810546875,99.20623016357422,0.0018204674124717712,0.18204674124717712,16.19756507873535
106,1,Bass,13.493023872375488,-13.493021965026855,0.40530601143836975,0.405304878950119,0.3958931863307953,59.46940231323242,59.46950912475586,60.41067886352539,0.042824212461709976,4.282421112060547,17.342031478881836,-17.342039108276367,0.19847649335861206,0.19847647845745087,0.18580195307731628,80.15235137939453,80.15235137939453,81.4197998046875,0.018107593059539795,1.8107593059539795,3.088521957397461
106,2,Drums,44.13798904418945,-44.139156341552734,0.00026006708503700793,0.000260067026829347,0.00047520920634269714,99.97399139404297,99.97399139404297,99.95247650146484,3.857306728605181e-05,0.00385730667039752,48.320167541503906,-48.315528869628906,0.00020417539053596556,0.00020417534688021988,0.000433275883551687,99.97958374023438,99.97958374023438,99.95667266845703,1.4743047358933836e-05,0.0014743047067895532,4.179048538208008
107,0,Vocal,18.477882385253906,-18.47786521911621,0.042012229561805725,0.04201222583651543,0.042589183896780014,95.79878234863281,95.79878234863281,95.74108123779297,0.013998758979141712,1.3998758792877197,39.11432647705078,-39.11497497558594,0.0012663766974583268,0.0012663764646276832,0.0021669359412044287,99.87336730957031,99.87336730957031,99.78330993652344,0.0001225664309458807,0.012256642803549767,20.80946922302246
107,1,Bass,20.25625991821289,-20.256263732910156,0.22868263721466064,0.22868220508098602,0.23271344602108002,77.1317367553711,77.13177490234375,76.72865295410156,0.00933899823576212,0.9338998198509216,21.684127807617188,-21.684072494506836,0.12188494205474854,0.12188493460416794,0.13195809721946716,87.81150817871094,87.81150817871094,86.80418395996094,0.0067398929968476295,0.6739892959594727,1.4713661670684814
107,2,Drums,29.18221664428711,-29.18218421936035,0.0003055775596294552,0.00030557738500647247,0.0,99.96944427490234,99.96944427490234,100.0,0.0012057399144396186,0.120573990046978,38.561866760253906,-38.56131362915039,0.0002713306457735598,0.0002713305002544075,0.0001259018899872899,99.97286987304688,99.97286987304688,99.98741149902344,0.00013924787344876677,0.013924787752330303,9.381441116333008
108,0,Vocal,18.545000076293945,-18.54499053955078,0.11805585771799088,0.11805535107851028,0.1198744922876358,88.19441223144531,88.19446563720703,88.0125503540039,0.01378700602799654,1.378700613975525,31.17076873779297,-31.170738220214844,0.007066080812364817,0.0070660775527358055,0.009836307726800442,99.29339599609375,99.29339599609375,99.01636505126953,0.0007631332264281809,0.0763133242726326,12.887840270996094
108,1,Bass,9.609918594360352,-9.609918594360352,0.39858150482177734,0.3985607326030731,0.396977037191391,60.141849517822266,60.143924713134766,60.30229187011719,0.09860997647047043,9.860997200012207,17.910579681396484,-17.91055679321289,0.2693350911140442,0.2693345248699188,0.2723068296909332,73.06649017333984,73.06654357910156,72.76931762695312,0.015921078622341156,1.592107892036438,7.588149547576904
108,2,Drums,38.59733963012695,-38.59669876098633,0.0007883468642830849,0.000788346806075424,0.0011339995544403791,99.9211654663086,99.9211654663086,99.88660430908203,0.0001381394686177373,0.013813946396112442,43.32048797607422,-43.32124328613281,0.00069526641163975,0.0006952663534320891,0.0004818174638785422,99.93047332763672,99.93047332763672,99.95181274414062,4.652703501051292e-05,0.004652703646570444,4.729854583740234
109,0,Vocal,13.046279907226562,-13.04627799987793,0.4145912230014801,0.4145897626876831,0.4186447858810425,58.5408821105957,58.54102325439453,58.135520935058594,0.04724476486444473,4.724476337432861,35.1370849609375,-35.13691711425781,0.00949378963559866,0.009493773803114891,0.012243080884218216,99.05062103271484,99.05062103271484,98.77568817138672,0.0003063284093514085,0.03063284046947956,22.383827209472656
109,1,Bass,17.59436798095703,-17.59436798095703,0.3656121790409088,0.36561205983161926,0.36705851554870605,63.438785552978516,63.43879699707031,63.29414749145508,0.017102986574172974,1.7102986574172974,22.074512481689453,-22.07451057434082,0.16171672940254211,0.16171212494373322,0.16572795808315277,83.82833099365234,83.82878875732422,83.42720031738281,0.006164018530398607,0.6164018511772156,3.661951780319214
109,2,Drums,35.71101379394531,-35.71087646484375,0.00025517260655760765,0.0002551725774537772,0.0,99.97447967529297,99.97447967529297,100.0,0.00026841292856261134,0.026841292157769203,40.211021423339844,-40.210323333740234,0.00626634806394577,0.006266347132623196,0.006273570004850626,99.37336730957031,99.37336730957031,99.37264251708984,9.52774498728104e-05,0.009527744725346565,4.590420722961426
110,0,Vocal,17.210561752319336,-17.210567474365234,0.16834543645381927,0.16834530234336853,0.16912059485912323,83.16545104980469,83.16546630859375,83.08793640136719,0.018653791397809982,1.8653790950775146,36.080326080322266,-36.07990646362305,0.004565290175378323,0.004565290175378323,0.007394976448267698,99.54347229003906,99.54347229003906,99.26050567626953,0.0002465422439854592,0.024654224514961243,19.26065444946289
110,1,Bass,17.07259750366211,-17.072599411010742,0.223044753074646,0.2230430394411087,0.22103720903396606,77.69552612304688,77.69569396972656,77.89627838134766,0.019244298338890076,1.9244298934936523,24.04264259338379,-24.042617797851562,0.12502016127109528,0.12501972913742065,0.13103394210338593,87.49798583984375,87.4980239868164,86.8966064453125,0.003926715813577175,0.3926715850830078,6.606966972351074
110,2,Drums,39.619842529296875,-39.6191520690918,0.0013966046972200274,0.0013966035330668092,0.0011215306585654616,99.86034393310547,99.86034393310547,99.88784790039062,0.00010918742191279307,0.010918742045760155,44.62026596069336,-44.62175369262695,0.0005068248719908297,0.0005068240570835769,0.00015117805742193013,99.9493179321289,99.9493179321289,99.9848861694336,3.448548886808567e-05,0.003448548959568143,5.004598617553711
111,0,Vocal,15.971298217773438,-15.97128963470459,0.15962570905685425,0.1596238762140274,0.16421709954738617,84.03742980957031,84.03761291503906,83.57828521728516,0.024661874398589134,2.4661874771118164,39.57500457763672,-39.57549285888672,0.004832178354263306,0.004832166247069836,0.0069683087058365345,99.51678466796875,99.51678466796875,99.30316925048828,0.00011025032290490344,0.01102503202855587,23.903886795043945
111,1,Bass,18.72209358215332,-18.722097396850586,0.34289035201072693,0.3428877890110016,0.33907824754714966,65.7109603881836,65.71122741699219,66.09217834472656,0.013243439607322216,1.3243439197540283,17.942766189575195,-17.942806243896484,0.12917856872081757,0.12917599081993103,0.1315159946680069,87.08213806152344,87.0823974609375,86.84840393066406,0.015805289149284363,1.580528974533081,-1.4168694019317627
111,2,Drums,40.06141662597656,-40.065765380859375,0.0009305329876951873,0.0009305321727879345,0.0016933104488998652,99.90694427490234,99.90694427490234,99.8306655883789,9.853490337263793e-05,0.009853490628302097,47.22284698486328,-47.219581604003906,0.00047964591067284346,0.000479645561426878,0.00089546840172261,99.95203399658203,99.95203399658203,99.91045379638672,1.8978715161210857e-05,0.0018978714942932129,7.152570724487305
112,0,Vocal,22.306598663330078,-22.306560516357422,0.00843312218785286,0.00843312218785286,0.009093545377254486,99.15669250488281,99.15669250488281,99.09064483642578,0.005845129489898682,0.5845129489898682,38.942508697509766,-38.942230224609375,0.002314807614311576,0.002314807614311576,0.0031803578604012728,99.76851654052734,99.76851654052734,99.68196105957031,0.00012757393415085971,0.012757393531501293,16.880163192749023
112,1,Bass,25.570369720458984,-25.570274353027344,0.038808055222034454,0.038807887583971024,0.039779406040906906,96.11919403076172,96.11921691894531,96.02205657958984,0.002765463897958398,0.2765463888645172,36.42671203613281,-36.42579650878906,0.014053587801754475,0.01405353657901287,0.013371274806559086,98.59464263916016,98.59465026855469,98.66287231445312,0.00022759888088330626,0.02275988832116127,10.787850379943848
112,2,Drums,32.192771911621094,-32.19257736206055,0.0017877116333693266,0.0017877115169540048,0.00046602103975601494,99.82122802734375,99.82122802734375,99.9533920288086,0.0006032249075360596,0.060322489589452744,37.25638961791992,-37.25632858276367,0.001820214674808085,0.001820214674808085,0.0020315349102020264,99.81797790527344,99.81797790527344,99.79684448242188,0.00018808129243552685,0.01880813017487526,5.086137771606445
113,0,Vocal,33.875221252441406,-33.87531280517578,0.006321496330201626,0.006321496330201626,0.00597715936601162,99.36785125732422,99.36785125732422,99.40228271484375,0.00040951886330731213,0.04095188528299332,44.22614288330078,-44.226226806640625,0.001048087258823216,0.0010480871424078941,0.0019487878307700157,99.89518737792969,99.89518737792969,99.80512237548828,3.786052911891602e-05,0.0037860528100281954,10.423590660095215
113,1,Bass,16.56486701965332,-16.564868927001953,0.05210795998573303,0.0521075502038002,0.05317665636539459,94.7892074584961,94.78924560546875,94.68233489990234,0.02157936431467533,2.1579363346099854,24.763813018798828,-24.763851165771484,0.023524422198534012,0.02352423407137394,0.023640038445591927,97.6475601196289,97.64757537841797,97.63599395751953,0.003327924059703946,0.33279240131378174,8.109655380249023
113,2,Drums,33.85063171386719,-33.85037612915039,0.0007494100136682391,0.0007494087913073599,0.0,99.92505645751953,99.92505645751953,100.0,0.00041185913141816854,0.04118591174483299,37.421966552734375,-37.42254638671875,0.0017376031028106809,0.0017376008909195662,0.0,99.82624053955078,99.82624053955078,100.0,0.00018099429144058377,0.018099429085850716,3.5946121215820312
114,0,Vocal,14.935705184936523,-14.935708045959473,0.012343078851699829,0.012343071401119232,0.013094178400933743,98.76569366455078,98.76569366455078,98.69058227539062,0.031096376478672028,3.10963773727417,43.20525360107422,-43.205535888671875,0.002311412710696459,0.002311412710696459,0.002935526892542839,99.76885986328125,99.76885986328125,99.7064437866211,4.780371455126442e-05,0.0047803716734051704,28.47018051147461
114,1,Bass,18.18946075439453,-18.189453125,0.04006455838680267,0.04006410390138626,0.053369779139757156,95.99354553222656,95.99359130859375,94.66302490234375,0.01494565885514021,1.4945658445358276,34.42377471923828,-34.42351150512695,0.0083453468978405,0.008345230482518673,0.007829886861145496,99.16546630859375,99.16547393798828,99.21701049804688,0.00036098307464271784,0.036098308861255646,16.035295486450195
114,2,Drums,29.57421875,-29.574155807495117,0.0009095965651795268,0.0009095965651795268,0.0010596737265586853,99.90904235839844,99.90904235839844,99.89403533935547,0.001101798377931118,0.1101798415184021,32.9451904296875,-32.94502258300781,0.002457961905747652,0.0024579616729170084,0.0038103186525404453,99.75420379638672,99.75420379638672,99.61896514892578,0.0005073347711004317,0.050733476877212524,3.400798797607422
115,0,Vocal,24.64767837524414,-24.64764404296875,0.006021270994096994,0.006021270994096994,0.006350334733724594,99.39787292480469,99.39787292480469,99.3649673461914,0.0034178136847913265,0.3417813777923584,39.049354553222656,-39.05029296875,0.0018164394423365593,0.0018164394423365593,0.002944489009678364,99.81835174560547,99.81835174560547,99.70555114746094,0.0001244671002496034,0.012446709908545017,14.611038208007812
115,1,Bass,17.371829986572266,-17.371829986572266,0.03499534726142883,0.03499516472220421,0.033436425030231476,96.5004653930664,96.50048828125,96.65635681152344,0.017986025661230087,1.79860258102417,25.64706802368164,-25.647098541259766,0.013281361199915409,0.013281336985528469,0.012527111917734146,98.67186737060547,98.67186737060547,98.7472915649414,0.0027171538677066565,0.271715372800827,8.20657730102539
115,2,Drums,28.417177200317383,-28.417057037353516,0.0019997272174805403,0.0019997272174805403,0.0009639281197451055,99.8000259399414,99.8000259399414,99.90361022949219,0.0014376855688169599,0.1437685638666153,39.57265853881836,-39.57289123535156,0.0014954088255763054,0.0014954088255763054,0.0012400229461491108,99.85045623779297,99.85045623779297,99.8759994506836,0.00011030461610062048,0.011030461639165878,11.167196273803711
116,0,Vocal,25.78339385986328,-25.783414840698242,0.0056263054721057415,0.005626297555863857,0.006358128506690264,99.43737030029297,99.43737030029297,99.36418151855469,0.002633391646668315,0.26333916187286377,41.11077117919922,-41.10772705078125,0.0018154033459722996,0.001815402996726334,0.002120893681421876,99.8184585571289,99.8184585571289,99.78791046142578,7.745324546704069e-05,0.00774532463401556,15.533297538757324
116,1,Bass,20.360097885131836,-20.360097885131836,0.03696385771036148,0.03696385771036148,0.035873204469680786,96.3036117553711,96.3036117553711,96.41268157958984,0.00912033673375845,0.9120336771011353,27.214963912963867,-27.21489906311035,0.012199612334370613,0.01219960767775774,0.011106554418802261,98.78003692626953,98.78004455566406,98.88934326171875,0.0018953217659145594,0.18953217566013336,6.83148193359375
116,2,Drums,26.941041946411133,-26.941070556640625,0.0019341778242960572,0.0019341770093888044,0.0007397665176540613,99.80657958984375,99.80657958984375,99.926025390625,0.0020184668246656656,0.20184668898582458,39.238555908203125,-39.23954772949219,0.0028528571128845215,0.0028528550174087286,0.0035948436707258224,99.71471405029297,99.71471405029297,99.64051818847656,0.00011916685616597533,0.011916685849428177,12.325250625610352
117,0,Vocal,26.769437789916992,-26.769432067871094,0.014379302971065044,0.014379293657839298,0.015045308507978916,98.56206512451172,98.56206512451172,98.49546813964844,0.002099637407809496,0.20996373891830444,39.282230377197266,-39.28126907348633,0.002660611178725958,0.002660610480234027,0.0036883880384266376,99.73394012451172,99.73394012451172,99.63115692138672,0.00011798436753451824,0.011798436753451824,12.709247589111328
117,1,Bass,19.643409729003906,-19.643409729003906,0.03780236467719078,0.03780236095190048,0.03711064159870148,96.21976470947266,96.21976470947266,96.2889404296875,0.010739165358245373,1.0739165544509888,29.733753204345703,-29.734195709228516,0.012849553488194942,0.012849526479840279,0.013954305090010166,98.71504211425781,98.71504974365234,98.60456848144531,0.0010620343964546919,0.10620343685150146,10.029911994934082
117,2,Drums,33.875221252441406,-33.87495040893555,0.002191605744883418,0.0021916052792221308,0.0016913576982915401,99.78083801269531,99.78083801269531,99.83086395263672,0.00040956417797133327,0.040956418961286545,38.45352554321289,-38.45277786254883,0.0016426091315224767,0.001642608898691833,0.0021743348333984613,99.83573913574219,99.83573913574219,99.7825698852539,0.0001428107061656192,0.014281070791184902,4.594667911529541
118,0,Vocal,26.453857421875,-26.453834533691406,0.006569738034158945,0.006569738034158945,0.007088627200573683,99.34302520751953,99.34302520751953,99.2911376953125,0.002257509855553508,0.22575098276138306,44.627769470214844,-44.64104461669922,0.0013155824271962047,0.0013155823107808828,0.0017136152600869536,99.86843872070312,99.86843872070312,99.8286361694336,3.439733700361103e-05,0.0034397337585687637,18.346975326538086
118,1,Bass,20.38189125061035,-20.381868362426758,0.05121186375617981,0.051211852580308914,0.047498419880867004,94.87881469726562,94.87881469726562,95.25016021728516,0.009075146168470383,0.9075146317481995,27.257312774658203,-27.257205963134766,0.01925388164818287,0.01925388164818287,0.020723486319184303,98.0746078491211,98.0746078491211,97.92765045166016,0.0018769374582916498,0.1876937448978424,6.82587194442749
118,2,Drums,34.97936248779297,-34.97938537597656,0.001152487238869071,0.001152487238869071,0.0,99.88475036621094,99.88475036621094,100.0,0.0003176602185703814,0.031766023486852646,41.444236755371094,-41.444618225097656,0.0010709707858040929,0.0010709707858040929,0.0,99.89289855957031,99.89289855957031,100.0,7.172374171204865e-05,0.007172374054789543,6.475619316101074
119,0,Vocal,23.438907623291016,-23.438894271850586,0.0036140030715614557,0.0036140030715614557,0.0012851362116634846,99.63859558105469,99.63859558105469,99.8714828491211,0.004509721416980028,0.45097213983535767,38.612361907958984,-38.610984802246094,0.0026660922449082136,0.00266609201207757,0.0023709689266979694,99.73339080810547,99.73339080810547,99.76290130615234,0.00013761660375166684,0.01376166008412838,15.460067749023438
119,1,Bass,22.101810455322266,-22.10181427001953,0.04622378200292587,0.0462237223982811,0.05557556077837944,95.37762451171875,95.37763214111328,94.44244384765625,0.006125634536147118,0.61256343126297,25.071006774902344,-25.071002960205078,0.014884025789797306,0.014884024858474731,0.021882865577936172,98.5115966796875,98.5115966796875,97.81171417236328,0.003101333975791931,0.3101333975791931,2.9138846397399902
119,2,Drums,27.478378295898438,-27.478431701660156,0.00012065006740158424,0.00012064993643434718,0.001548534957692027,99.9879379272461,99.9879379272461,99.84514617919922,0.0017839521169662476,0.17839521169662476,36.83925247192383,-36.83890914916992,0.002237963955849409,0.0022379611618816853,0.003160076681524515,99.77619934082031,99.77619934082031,99.68399047851562,0.00020705131464637816,0.02070513181388378,9.385570526123047
120,0,Vocal,27.221946716308594,-27.222179412841797,0.0435214638710022,0.0435214601457119,0.04473280534148216,95.6478500366211,95.6478500366211,95.52671813964844,0.0018922026501968503,0.18922026455402374,38.926300048828125,-38.92444610595703,0.003339392365887761,0.0033393914345651865,0.004901856184005737,99.66606140136719,99.66606140136719,99.50981140136719,0.00012807585881091654,0.01280758623033762,12.053230285644531
120,1,Bass,23.236534118652344,-23.23651123046875,0.11424125730991364,0.11424097418785095,0.11342979222536087,88.57587432861328,88.57589721679688,88.65702056884766,0.004723833408206701,0.4723833501338959,29.30251693725586,-29.302562713623047,0.03929193317890167,0.03929193317890167,0.04149314761161804,96.07080841064453,96.07080841064453,95.8506851196289,0.0011728296522051096,0.11728296428918839,6.039849281311035
120,2,Drums,37.062522888183594,-37.0618782043457,0.003575645387172699,0.003575641429051757,0.0038491906598210335,99.64244079589844,99.64244079589844,99.61508178710938,0.0001966842683032155,0.019668426364660263,36.962303161621094,-36.96192169189453,0.010900897905230522,0.010900885798037052,0.01144370436668396,98.909912109375,98.909912109375,98.85562896728516,0.00020126975141465664,0.02012697607278824,0.16009947657585144
121,0,Vocal,15.427518844604492,-15.427522659301758,0.05624552071094513,0.05624552071094513,0.058645471930503845,94.37545013427734,94.37545013427734,94.13545227050781,0.027859782800078392,2.785978317260742,22.69283103942871,-22.69282341003418,0.037265531718730927,0.037265531718730927,0.03518437221646309,96.27344512939453,96.27344512939453,96.48155975341797,0.005350403022021055,0.5350403189659119,9.086844444274902
121,1,Bass,22.268634796142578,-22.268579483032227,0.1655181348323822,0.16551779210567474,0.1791704297065735,83.44818115234375,83.4482192993164,82.08295440673828,0.005896193441003561,0.5896193385124207,29.165481567382812,-29.165306091308594,0.039071809500455856,0.039071716368198395,0.037893589586019516,96.09281921386719,96.09282684326172,96.21063995361328,0.0012104081688448787,0.12104081362485886,6.492159843444824
121,2,Drums,35.1821174621582,-35.18227005004883,0.0022282099816948175,0.002228209748864174,0.001223260536789894,99.77718353271484,99.77718353271484,99.87767028808594,0.0003031352534890175,0.03031352534890175,27.35724449157715,-27.357250213623047,0.008648398332297802,0.008648397400975227,0.013721726834774017,99.13516235351562,99.13516235351562,98.6278305053711,0.0018343495903536677,0.18343496322631836,-7.476293563842773
122,0,Vocal,14.83540153503418,-14.83540153503418,0.2698873281478882,0.26988285779953003,0.2760494649410248,73.01126861572266,73.01171112060547,72.39505004882812,0.031799837946891785,3.1799838542938232,19.82233238220215,-19.82231903076172,0.09524626284837723,0.09523988515138626,0.12004756182432175,90.47537231445312,90.47601318359375,87.9952392578125,0.010310153476893902,1.031015396118164,11.601173400878906
122,1,Bass,20.717641830444336,-20.717628479003906,0.12669965624809265,0.12669862806797028,0.12664665281772614,87.33003234863281,87.33013916015625,87.33533477783203,0.008405652828514576,0.8405652642250061,27.66033935546875,-27.660066604614258,0.03421766310930252,0.03421757370233536,0.03373349457979202,96.57823181152344,96.57823944091797,96.62664794921875,0.0017109318869188428,0.1710931956768036,6.6477789878845215
122,2,Drums,38.79877853393555,-38.79890823364258,0.0009877821430563927,0.0009877588599920273,0.0007680390845052898,99.9012222290039,99.9012222290039,99.9231948852539,0.00013183917326387018,0.013183916918933392,45.74401092529297,-45.73945999145508,0.00026010858709923923,0.00026010259171016514,0.00020252467948012054,99.97399139404297,99.97399139404297,99.97974395751953,2.6686941055231728e-05,0.0026686941273510456,6.937140464782715
123,0,Vocal,13.736685752868652,-13.736696243286133,0.07394252717494965,0.07394226640462875,0.0747138038277626,92.60574340820312,92.60577392578125,92.52861785888672,0.04058251157402992,4.05825138092041,23.86355972290039,-23.863676071166992,0.044329993426799774,0.044329896569252014,0.059819236397743225,95.56700134277344,95.56700897216797,94.01808166503906,0.004091249778866768,0.4091249704360962,11.200437545776367
123,1,Bass,22.22897720336914,-22.22905921936035,0.12262841314077377,0.12262833118438721,0.11897653341293335,87.7371597290039,87.73716735839844,88.10234832763672,0.005949873011559248,0.5949872732162476,26.71382713317871,-26.71377944946289,0.03687218576669693,0.036872152239084244,0.033892057836055756,96.31278228759766,96.31278228759766,96.61079406738281,0.0021266925614327192,0.2126692533493042,4.287938117980957
123,2,Drums,35.6850471496582,-35.684669494628906,0.0016314289532601833,0.00163142045494169,0.002072812058031559,99.83685302734375,99.83685302734375,99.79271697998047,0.000270011747488752,0.02700117416679859,42.922245025634766,-42.921058654785156,0.0006443539750762284,0.0006443505990318954,0.0013558103237301111,99.9355697631836,99.9355697631836,99.86441802978516,5.1047853048658e-05,0.005104785319417715,7.235603332519531
124,0,Vocal,11.19067668914795,-11.190679550170898,0.24709546566009521,0.2470952868461609,0.2740958034992218,75.29045104980469,75.29047393798828,72.59042358398438,0.07064992189407349,7.0649919509887695,28.852401733398438,-28.85210418701172,0.017077773809432983,0.01707775704562664,0.02983984909951687,98.29222106933594,98.29222869873047,97.0160140991211,0.0013007617089897394,0.13007616996765137,19.181222915649414
124,1,Bass,27.157190322875977,-27.157169342041016,0.14422984421253204,0.14422976970672607,0.149894580245018,85.57701873779297,85.5770263671875,85.01054382324219,0.0019206616561859846,0.19206616282463074,31.277297973632812,-31.2774658203125,0.05134843662381172,0.05134842172265053,0.05187603458762169,94.86515808105469,94.86515808105469,94.8124008178711,0.0007446312229149044,0.0744631215929985,3.975539207458496
124,2,Drums,40.124900817871094,-40.123233795166016,0.0011519964318722486,0.0011519892141222954,0.0010688875336199999,99.88480377197266,99.88480377197266,99.89311218261719,9.71611007116735e-05,0.009716110303997993,42.65655517578125,-42.65432357788086,0.0028028988745063543,0.002802880946546793,0.003753963392227888,99.71971130371094,99.71971130371094,99.62460327148438,5.426861753221601e-05,0.005426861811429262,2.603651523590088
125,0,Vocal,30.21328353881836,-30.2132625579834,0.04457372426986694,0.04457370564341545,0.04516763612627983,95.5426254272461,95.5426254272461,95.48323822021484,0.0009511776734143496,0.09511777013540268,42.022647857666016,-42.02412033081055,0.002232222119346261,0.0022322216536849737,0.004044468980282545,99.77677917480469,99.77677917480469,99.59555053710938,6.275308987824246e-05,0.006275308784097433,12.222213745117188
125,1,Bass,28.824989318847656,-28.824827194213867,0.11702549457550049,0.11702518165111542,0.1103006899356842,88.29744720458984,88.29747772216797,88.96993255615234,0.0013089971616864204,0.13089971244335175,32.047515869140625,-32.04827880859375,0.02891026996076107,0.028910232707858086,0.022484801709651947,97.10897064208984,97.10897827148438,97.75152587890625,0.0006236730259843171,0.06236730143427849,3.052875280380249
125,2,Drums,37.14091110229492,-37.14155578613281,0.002554786391556263,0.0025547861587256193,0.002617925638332963,99.74452209472656,99.74452209472656,99.73820495605469,0.00019309157505631447,0.019309157505631447,28.804445266723633,-28.804473876953125,0.04970898851752281,0.04970898479223251,0.05633169040083885,95.02910614013672,95.02910614013672,94.36682891845703,0.0013151486637070775,0.13151486217975616,-7.576206207275391
126,0,Vocal,19.531816482543945,-19.531858444213867,0.043665457516908646,0.043665457516908646,0.04434558376669884,95.63345336914062,95.63345336914062,95.56544494628906,0.011015537194907665,1.1015536785125732,28.511411666870117,-28.51120948791504,0.030732467770576477,0.03073246218264103,0.029856204986572266,96.9267578125,96.9267578125,97.0143814086914,0.0014068594900891185,0.14068594574928284,10.617361068725586
126,1,Bass,36.64839172363281,-36.64838790893555,0.09334864467382431,0.09334864467382431,0.09283638745546341,90.6651382446289,90.6651382446289,90.71636199951172,0.0002162958844564855,0.021629588678479195,35.9174690246582,-35.91786193847656,0.027313105762004852,0.027313103899359703,0.025316664949059486,97.26869201660156,97.26869201660156,97.46833801269531,0.00025591003941372037,0.025591004639863968,-0.8834154605865479
126,2,Drums,42.96814727783203,-42.9698371887207,0.0025040360633283854,0.002504035597667098,0.002462122356519103,99.74959564208984,99.74959564208984,99.7537841796875,5.0467140681575984e-05,0.005046714097261429,45.34511184692383,-45.34307861328125,0.0011848247377201915,0.0011848245048895478,0.0010952623561024666,99.88151550292969,99.88151550292969,99.8904800415039,2.9187460313551128e-05,0.0029187460895627737,2.396747589111328
127,0,Vocal,17.500408172607422,-17.50041389465332,0.0457945354282856,0.04579450935125351,0.04423858970403671,95.42054748535156,95.42054748535156,95.57614135742188,0.017470447346568108,1.7470446825027466,28.068702697753906,-28.068603515625,0.04375667870044708,0.04375660419464111,0.058907948434352875,95.62433624267578,95.62433624267578,94.10920715332031,0.0015576115110889077,0.15576115250587463,14.87847900390625
127,1,Bass,27.49892234802246,-27.498960494995117,0.15803056955337524,0.15803056955337524,0.15725243091583252,84.19694519042969,84.19694519042969,84.2747573852539,0.0017755385488271713,0.17755386233329773,30.333145141601562,-30.333223342895508,0.05138518661260605,0.05138518288731575,0.04574039950966835,94.86148071289062,94.86148071289062,95.42595672607422,0.0009253034950233996,0.09253034740686417,2.5268900394439697
127,2,Drums,35.34751892089844,-35.34786605834961,0.0013009780086576939,0.0013009777758270502,0.001050009741447866,99.86990356445312,99.86990356445312,99.89500427246094,0.0002918254758697003,0.029182547703385353,41.48777770996094,-41.493473052978516,0.0005663086194545031,0.0005663085612468421,0.0009072580141946673,99.94336700439453,99.94336700439453,99.9092788696289,7.093238673405722e-05,0.007093238644301891,6.164966583251953
128,0,Vocal,26.83842658996582,-26.838462829589844,0.006238851230591536,0.006238851230591536,0.007311902940273285,99.37611389160156,99.37611389160156,99.26881408691406,0.002066585700958967,0.20665857195854187,40.97904968261719,-40.979164123535156,0.0015019085258245468,0.0015019085258245468,0.0025616027414798737,99.84980773925781,99.84980773925781,99.74383544921875,7.980288501130417e-05,0.007980288937687874,14.381471633911133
128,1,Bass,32.59467697143555,-32.594642639160156,0.012453458271920681,0.012453421950340271,0.011220778338611126,98.75465393066406,98.75465393066406,98.87792205810547,0.0005499168764799833,0.05499168857932091,28.02959632873535,-28.02960968017578,0.03070688806474209,0.03070680797100067,0.031224224716424942,96.92931365966797,96.9293212890625,96.87757873535156,0.001571623724885285,0.1571623682975769,-3.872709274291992
128,2,Drums,32.193634033203125,-32.19355010986328,0.003029718529433012,0.0030297127086669207,0.0018986056093126535,99.69702911376953,99.69702911376953,99.81014251708984,0.0006030559889040887,0.06030559912323952,37.30484390258789,-37.304054260253906,0.0013493378646671772,0.001349335303530097,0.0010756012052297592,99.86506652832031,99.86506652832031,99.89244079589844,0.0001859943149611354,0.018599431961774826,5.116330146789551
129,0,Vocal,23.8760929107666,-23.876123428344727,0.008364235982298851,0.008364235982298851,0.010494749061763287,99.16357421875,99.16357421875,98.95052337646484,0.0040795872919261456,0.4079587161540985,39.27565002441406,-39.27903366088867,0.00224210973829031,0.00224210973829031,0.003205510787665844,99.77578735351562,99.77578735351562,99.679443359375,0.00011809360148617998,0.01180936023592949,15.596570014953613
129,1,Bass,24.037019729614258,-24.03704833984375,0.014080839231610298,0.014080831781029701,0.014429294504225254,98.5919189453125,98.5919189453125,98.55707550048828,0.00393178453668952,0.39317846298217773,34.08972930908203,-34.089805603027344,0.005764828994870186,0.005764825269579887,0.006493222434073687,99.42351531982422,99.42351531982422,99.35067749023438,0.00038977479562163353,0.0389774814248085,10.098978996276855
129,2,Drums,38.34782028198242,-38.346744537353516,0.0008061870466917753,0.0008061867556534708,0.0007192653138190508,99.91938018798828,99.91938018798828,99.9280776977539,0.00014627008931711316,0.014627008698880672,43.045753479003906,-43.04802703857422,0.000686908490024507,0.0006869082571938634,0.0007353916298598051,99.93131256103516,99.93131256103516,99.92646026611328,4.959616489941254e-05,0.004959616344422102,4.705502033233643
130,0,Vocal,22.871021270751953,-22.871105194091797,0.009816089645028114,0.00981608871370554,0.010377880185842514,99.01838684082031,99.01838684082031,98.96221160888672,0.005136346910148859,0.5136346817016602,37.355255126953125,-37.35401916503906,0.0025970502756536007,0.0025970502756536007,0.0035446621477603912,99.74029541015625,99.74029541015625,99.6455307006836,0.00018385518342256546,0.018385518342256546,14.78530502319336
130,1,Bass,27.468358993530273,-27.468421936035156,0.021811556071043015,0.02181127294898033,0.025387682020664215,97.81884765625,97.81887817382812,97.46122741699219,0.0017880538944154978,0.1788053959608078,29.383251190185547,-29.383617401123047,0.019950447604060173,0.01995016261935234,0.024602411314845085,98.00495147705078,98.0049819946289,97.53975677490234,0.0011512134224176407,0.11512134224176407,2.4306859970092773
130,2,Drums,40.53540802001953,-40.53566360473633,0.00114002067130059,0.0011400203220546246,0.0006697628414258361,99.88600158691406,99.88600158691406,99.93302154541016,8.838614303385839e-05,0.008838614448904991,43.63764953613281,-43.634727478027344,0.0006783115677535534,0.0006783113931305707,0.000843699264805764,99.93216705322266,99.93216705322266,99.9156265258789,4.333159813540988e-05,0.004333159886300564,3.123438835144043
131,0,Vocal,26.673152923583984,-26.673362731933594,0.008989144116640091,0.008989144116640091,0.010462949983775616,99.10108184814453,99.10108184814453,98.95370483398438,0.0021465911995619535,0.21465912461280823,36.116180419921875,-36.115325927734375,0.0062188091687858105,0.0062188091687858105,0.008144979365170002,99.37812042236328,99.37812042236328,99.18550109863281,0.0002444935671519488,0.024449355900287628,9.853242874145508
131,1,Bass,25.588897705078125,-25.58884048461914,0.005732648074626923,0.005732640624046326,0.007247739937156439,99.4267349243164,99.4267349243164,99.27522277832031,0.0027536696288734674,0.27536696195602417,34.087074279785156,-34.086769104003906,0.0035856275353580713,0.0035856233444064856,0.00550808385014534,99.64143371582031,99.64143371582031,99.4491958618164,0.00039004767313599586,0.03900476545095444,8.783385276794434
131,2,Drums,34.57933044433594,-34.57957077026367,0.0021469665225595236,0.00214695674367249,0.0037647425197064877,99.7853012084961,99.7853012084961,99.62352752685547,0.00034824892645701766,0.03482489287853241,27.886154174804688,-27.88614273071289,0.018499990925192833,0.01849989965558052,0.029905591160058975,98.1500015258789,98.15000915527344,97.00943756103516,0.0016243279678747058,0.16243278980255127,-6.287515640258789
132,0,Vocal,24.197025299072266,-24.197002410888672,0.006039863917976618,0.006039862986654043,0.006826239172369242,99.39601135253906,99.39601135253906,99.31737518310547,0.003790129441767931,0.37901294231414795,42.40167999267578,-42.40131378173828,0.0012500666780397296,0.0012500666780397296,0.0023692790418863297,99.87499237060547,99.87499237060547,99.76306915283203,5.755702659371309e-05,0.0057557024993002415,18.403263092041016
132,1,Bass,33.880916595458984,-33.88080978393555,0.01688147895038128,0.01688130758702755,0.015711968764662743,98.31185150146484,98.31187438964844,98.42880249023438,0.00040901917964220047,0.04090191796422005,29.895050048828125,-29.894962310791016,0.012014134787023067,0.012014016509056091,0.010391350835561752,98.798583984375,98.79859924316406,98.96086120605469,0.0010234739165753126,0.10234738886356354,-3.7384138107299805
132,2,Drums,26.550771713256836,-26.550792694091797,0.0002533209335524589,0.00025332067161798477,0.0015637219185009599,99.97467041015625,99.97467041015625,99.8436279296875,0.002207821235060692,0.22078213095664978,37.020591735839844,-37.02030563354492,0.0027319672517478466,0.0027319644577801228,0.004625269211828709,99.72679901123047,99.72679901123047,99.5374755859375,0.0001985165581572801,0.01985165663063526,10.536266326904297
133,0,Vocal,24.15465545654297,-24.154634475708008,0.011667991988360882,0.011667989194393158,0.010812610387802124,98.83320617675781,98.83320617675781,98.91873931884766,0.003827082458883524,0.38270825147628784,37.44491195678711,-37.44718551635742,0.0043838899582624435,0.004383889492601156,0.005996344145387411,99.56161499023438,99.56161499023438,99.4003677368164,0.00017999178089667112,0.017999177798628807,13.639392852783203
133,1,Bass,33.21803283691406,-33.21825408935547,0.016191115602850914,0.01619100756943226,0.016934063285589218,98.38088989257812,98.38089752197266,98.30659484863281,0.0004763782781083137,0.047637827694416046,40.3885498046875,-40.38887405395508,0.005202602129429579,0.005202568136155605,0.005352561362087727,99.47974395751953,99.47974395751953,99.4647445678711,9.140057227341458e-05,0.009140057489275932,7.149524211883545
133,2,Drums,41.11077117919922,-41.11055374145508,0.0008216489804908633,0.0008216481073759496,0.0010858230525627732,99.91783142089844,99.91783142089844,99.89141845703125,7.745704351691529e-05,0.007745704147964716,29.933963775634766,-29.933879852294922,0.009378182701766491,0.00937817245721817,0.01278576161712408,99.06217956542969,99.06217956542969,98.72142791748047,0.0010143229737877846,0.10143229365348816,-10.927160263061523
134,0,Vocal,29.087181091308594,-29.087121963500977,0.005194884724915028,0.005194884724915028,0.005705976393073797,99.48050689697266,99.48050689697266,99.42940521240234,0.0012324019335210323,0.12324019521474838,40.06404495239258,-40.064918518066406,0.0012981119798496366,0.0012981119798496366,0.0019648096058517694,99.87018585205078,99.87018585205078,99.80352020263672,9.852109360508621e-05,0.009852109476923943,11.190946578979492
134,1,Bass,26.593875885009766,-26.593856811523438,0.006714473012834787,0.0067144716158509254,0.014194237068295479,99.32855224609375,99.32855224609375,98.58057403564453,0.0021860606502741575,0.21860606968402863,34.901798248291016,-34.90167999267578,0.002467793645337224,0.002467792946845293,0.007283370476216078,99.75321960449219,99.75321960449219,99.27165985107422,0.0003233531897421926,0.0323353186249733,8.300800323486328
134,2,Drums,32.68365478515625,-32.683250427246094,0.0037098724860697985,0.0037098724860697985,0.002077530138194561,99.62901306152344,99.62901306152344,99.79225158691406,0.0005387757555581629,0.0538775771856308,31.92831039428711,-31.928443908691406,0.008092683739960194,0.008092683739960194,6.816735549364239e-05,99.19072723388672,99.19072723388672,99.99317932128906,0.0006410189089365304,0.06410188972949982,-0.5892744660377502
135,0,Vocal,25.797115325927734,-25.79707145690918,0.007681997027248144,0.0076819960959255695,0.008989231660962105,99.23179626464844,99.23179626464844,99.10108184814453,0.0026251233648508787,0.26251232624053955,41.07415008544922,-41.07535934448242,0.0016557559138163924,0.0016557559138163924,0.0024571469984948635,99.83442687988281,99.83442687988281,99.75428771972656,7.806736539350823e-05,0.007806736510246992,15.513035774230957
135,1,Bass,24.261878967285156,-24.261890411376953,0.013810775242745876,0.013810764998197556,0.011412163265049458,98.61892700195312,98.61892700195312,98.8587875366211,0.003734125290066004,0.37341251969337463,33.587154388427734,-33.5869140625,0.005565475206822157,0.005565472412854433,0.003674406325444579,99.44345092773438,99.44345092773438,99.63256072998047,0.0004376330762170255,0.043763305991888046,9.376395225524902
135,2,Drums,39.48439407348633,-39.48469543457031,0.0013920560013502836,0.001392050296999514,0.0017491716425865889,99.86079406738281,99.86079406738281,99.82508087158203,0.00011260215978836641,0.011260216124355793,44.51649475097656,-44.51276779174805,0.0005793861928395927,0.0005793838645331562,0.0011266919318586588,99.94206237792969,99.94206237792969,99.8873291015625,3.5373494029045105e-05,0.0035373494029045105,5.040884971618652
136,0,Vocal,-1.8536330461502075,1.8536330461502075,0.368041068315506,0.3680380880832672,0.3402803838253021,63.19589614868164,63.19619369506836,65.97196197509766,0.6051127910614014,60.51128005981445,17.453048706054688,-17.45302391052246,0.11302743852138519,0.11302705109119415,0.13606604933738708,88.69725799560547,88.69729614257812,86.39339447021484,0.017658689990639687,1.7658690214157104,21.76030158996582
136,1,Bass,14.464004516601562,-14.463996887207031,0.2176765352487564,0.2176762968301773,0.18345756828784943,78.23234558105469,78.23236846923828,81.65424346923828,0.034540895372629166,3.454089641571045,18.287261962890625,-18.287256240844727,0.08346763253211975,0.08346656709909439,0.042361289262771606,91.65323638916016,91.6533432006836,95.76387023925781,0.014617715030908585,1.4617714881896973,3.2658257484436035
136,2,Drums,39.30644226074219,-39.30691146850586,7.958479545777664e-05,7.958464266266674e-05,0.0,99.9920425415039,99.9920425415039,100.0,0.00011728573008440435,0.01172857265919447,42.86178207397461,-42.86115646362305,0.0002938639954663813,0.00029386344249360263,0.0003828598710242659,99.97061157226562,99.97061157226562,99.96171569824219,5.1762395742116496e-05,0.005176239646971226,3.599970579147339
137,0,Vocal,27.26630401611328,-27.266338348388672,0.016931751742959023,0.016931749880313873,0.017206216230988503,98.30682373046875,98.30682373046875,98.27938079833984,0.0018731005256995559,0.18731005489826202,45.02895736694336,-45.03118896484375,0.0012612190330401063,0.0012612188002094626,0.0012815126683562994,99.8738784790039,99.8738784790039,99.8718490600586,3.140464468742721e-05,0.003140464425086975,17.94156837463379
137,1,Bass,15.500144958496094,-15.50014877319336,0.15754334628582,0.15754324197769165,0.16899481415748596,84.24566650390625,84.24567413330078,83.10052490234375,0.027410436421632767,2.7410435676574707,24.910228729248047,-24.910140991210938,0.05209733545780182,0.05209731683135033,0.05328446254134178,94.79026794433594,94.79026794433594,94.67155456542969,0.003217950463294983,0.3217950463294983,8.89555549621582
137,2,Drums,18.51456642150879,-18.51456069946289,0.0006449773791246116,0.0006449624779634178,0.0018398186657577753,99.93550109863281,99.93550109863281,99.8160171508789,0.013882642611861229,1.3882642984390259,31.129549026489258,-31.12936782836914,0.0039070299826562405,0.003906936850398779,0.004587519448250532,99.60929870605469,99.60930633544922,99.54124450683594,0.000770400685723871,0.07704006880521774,12.609195709228516
138,0,Vocal,22.84164047241211,-22.84166145324707,0.017778147011995316,0.017778147011995316,0.01838523894548416,98.22218322753906,98.22218322753906,98.1614761352539,0.005171116907149553,0.5171117186546326,37.31181335449219,-37.31216812133789,0.0018954285187646747,0.0018954284023493528,0.00017558147374074906,99.81045532226562,99.81045532226562,99.98243713378906,0.0001856678572949022,0.018566785380244255,14.778017044067383
138,1,Bass,21.30475616455078,-21.304758071899414,0.15918265283107758,0.15918239951133728,0.15832586586475372,84.08173370361328,84.08175659179688,84.16741180419922,0.007350606843829155,0.7350606918334961,25.193523406982422,-25.19352912902832,0.07027114182710648,0.07027099281549454,0.06687519699335098,92.97288513183594,92.972900390625,93.3124771118164,0.0030153384432196617,0.30153384804725647,3.582104206085205
138,2,Drums,21.625892639160156,-21.62588119506836,0.0008455734350718558,0.0008455701754428446,0.004126350861042738,99.91544342041016,99.91544342041016,99.58736419677734,0.006830231752246618,0.6830231547355652,24.78775978088379,-24.78775978088379,0.038968317210674286,0.03896814584732056,0.03565884381532669,96.10316467285156,96.10318756103516,96.43411254882812,0.003309688763692975,0.3309688866138458,4.031740665435791
139,0,Vocal,17.908632278442383,-17.90865707397461,0.011808945797383785,0.01180894486606121,0.011380618438124657,98.81910705566406,98.81910705566406,98.8619384765625,0.015928005799651146,1.5928006172180176,36.823020935058594,-36.82133865356445,0.004478503949940205,0.004478502552956343,0.004993501119315624,99.5521469116211,99.5521469116211,99.50064849853516,0.00020781895727850497,0.020781895145773888,19.337322235107422
139,1,Bass,18.254709243774414,-18.25470542907715,0.2453513741493225,0.24535132944583893,0.24889551103115082,75.46485900878906,75.4648666381836,75.1104507446289,0.014726054854691029,1.4726054668426514,27.840740203857422,-27.840625762939453,0.09362159669399261,0.09362150728702545,0.09330961108207703,90.6378402709961,90.63784790039062,90.66903686523438,0.0016414265846833587,0.1641426533460617,8.98861026763916
139,2,Drums,23.757179260253906,-23.757200241088867,0.0019857226870954037,0.001985682174563408,0.0024393945932388306,99.80142974853516,99.80142974853516,99.75606536865234,0.004192364402115345,0.4192364513874054,31.223363876342773,-31.223003387451172,0.006568646524101496,0.006568509619683027,0.007422839757055044,99.34313201904297,99.34314727783203,99.2577133178711,0.0007539635407738388,0.0753963515162468,7.6730427742004395
140,0,Vocal,32.78334045410156,-32.78315734863281,0.01829562336206436,0.018295621499419212,0.018812967464327812,98.1704330444336,98.1704330444336,98.11870574951172,0.0005265655345283449,0.05265655368566513,40.42837142944336,-40.42779541015625,0.0024536147247999907,0.0024536135606467724,0.0024072977248579264,99.754638671875,99.754638671875,99.75926971435547,9.059507283382118e-05,0.00905950739979744,7.887290000915527
140,1,Bass,25.689208984375,-25.689353942871094,0.09591615945100784,0.09591615200042725,0.09340889751911163,90.40838623046875,90.40838623046875,90.65911102294922,0.002690928755328059,0.2690928876399994,32.27951431274414,-32.27972412109375,0.039579056203365326,0.03957902640104294,0.036385975778102875,96.04209899902344,96.04209899902344,96.36140441894531,0.0005912766791880131,0.05912766605615616,6.4839067459106445
140,2,Drums,30.0389404296875,-30.038822174072266,0.008992352522909641,0.008992352522909641,0.008117017336189747,99.10076141357422,99.10076141357422,99.18830108642578,0.000990133616141975,0.09901335835456848,33.0584602355957,-33.05841827392578,0.013845523819327354,0.013845523819327354,0.014117165468633175,98.61544799804688,98.61544799804688,98.5882797241211,0.0004942271043546498,0.04942271113395691,3.395519733428955
141,0,Vocal,22.605281829833984,-22.605295181274414,0.02131836488842964,0.02131836488842964,0.021914834156632423,97.8681640625,97.8681640625,97.80851745605469,0.005458778701722622,0.5458778738975525,37.015377044677734,-37.015533447265625,0.0023337288293987513,0.0023337274324148893,0.0023650010116398335,99.76663208007812,99.76663208007812,99.76350402832031,0.00019875244470313191,0.019875245168805122,14.787680625915527
141,1,Bass,20.715343475341797,-20.715330123901367,0.14243414998054504,0.14243243634700775,0.1415402889251709,85.756591796875,85.75675201416016,85.8459701538086,0.008410082198679447,0.8410082459449768,28.878385543823242,-28.878231048583984,0.04857187718153,0.0485711432993412,0.046986207365989685,95.14281463623047,95.14288330078125,95.30137634277344,0.001293053268454969,0.12930533289909363,7.87010383605957
141,2,Drums,26.57717514038086,-26.57710838317871,0.007326686754822731,0.007326677907258272,0.007760143838822842,99.267333984375,99.267333984375,99.22398376464844,0.002194479340687394,0.21944794058799744,36.56070327758789,-36.560184478759766,0.0040519461035728455,0.00405194191262126,0.0038391847629100084,99.59481048583984,99.59481048583984,99.61608123779297,0.00022074660228099674,0.022074660286307335,10.010910987854004
142,0,Vocal,29.755765914916992,-29.75556182861328,0.06772700697183609,0.06772694736719131,0.06911203265190125,93.227294921875,93.22730255126953,93.08879089355469,0.0010567419230937958,0.10567419230937958,26.69265365600586,-26.692703247070312,0.011542361229658127,0.01154235191643238,0.011730113066732883,98.84576416015625,98.84576416015625,98.82698822021484,0.002136991359293461,0.2136991322040558,-2.3850040435791016
142,1,Bass,15.762899398803711,-15.762921333312988,0.5804051756858826,0.5804044604301453,0.5783156156539917,41.9594841003418,41.95955276489258,42.16843795776367,0.02584272064268589,2.5842721462249756,12.54006576538086,-12.540063858032227,0.5594814419746399,0.5594808459281921,0.5880999565124512,44.051856994628906,44.05191421508789,41.19000244140625,0.052777133882045746,5.277713298797607,0.6498772501945496
142,2,Drums,32.4315185546875,-32.43149948120117,0.0001695357059361413,0.0001695356477284804,0.001141335698775947,99.98304748535156,99.98304748535156,99.88587188720703,0.0005710067925974727,0.057100679725408554,40.67226028442383,-40.66963577270508,0.0003611149440985173,0.00036111482768319547,0.0009165577939711511,99.96388244628906,99.96388244628906,99.9083480834961,8.565362804802135e-05,0.00856536254286766,8.25985336303711
143,0,Vocal,6.295794486999512,-6.295793533325195,0.33897560834884644,0.3389754593372345,0.3307676613330841,66.1024398803711,66.10245513916016,66.92323303222656,0.19005389511585236,19.005390167236328,26.38148307800293,-26.38153076171875,0.04284123703837395,0.042841192334890366,0.052564796060323715,95.71587371826172,95.71588134765625,94.74352264404297,0.0022953972220420837,0.22953972220420837,21.610841751098633
143,1,Bass,15.703959465026855,-15.703962326049805,0.1703156679868698,0.17031565308570862,0.18306569755077362,82.96842956542969,82.96843719482422,81.69342803955078,0.026186609640717506,2.6186609268188477,18.937002182006836,-18.936983108520508,0.0502503477036953,0.050250343978405,0.06452533602714539,94.97496795654297,94.97496795654297,93.5474624633789,0.01261212583631277,1.2612125873565674,2.940150260925293
143,2,Drums,33.30311584472656,-33.30290985107422,5.235482603893615e-05,5.235465141595341e-05,0.00022815915872342885,99.99476623535156,99.99476623535156,99.97718048095703,0.00046721415128558874,0.04672141373157501,39.0120735168457,-39.01072311401367,0.00013124429096933454,0.00013124386896379292,0.0,99.98687744140625,99.98687744140625,100.0,0.0001255551615031436,0.012555516324937344,5.724461078643799
144,0,Vocal,6.12917947769165,-6.129179000854492,0.905412495136261,0.9054123163223267,0.913316547870636,9.45875072479248,9.458768844604492,8.66834545135498,0.19602981209754944,19.602981567382812,14.012186050415039,-14.012195587158203,0.6157513856887817,0.6157513856887817,0.6177604794502258,38.424861907958984,38.424861907958984,38.22395324707031,0.03818328678607941,3.818328619003296,19.692615509033203
144,1,Bass,5.990286350250244,-5.990286827087402,0.6507421731948853,0.6507421135902405,0.6718864440917969,34.92578125,34.92578887939453,32.81135559082031,0.20111915469169617,20.111915588378906,10.426583290100098,-10.426586151123047,0.4500487148761749,0.4500475227832794,0.4708988070487976,54.99513244628906,54.9952507019043,52.910118103027344,0.08311101049184799,8.311100959777832,3.6115782260894775
144,2,Drums,47.83803939819336,-47.839637756347656,5.8041820011567324e-05,5.8041820011567324e-05,0.0005153448437340558,99.99419403076172,99.99419403076172,99.9484634399414,1.6458649042760953e-05,0.0016458649188280106,38.06019592285156,-38.06010437011719,0.002241671085357666,0.002241671085357666,0.007668738719075918,99.77583312988281,99.77583312988281,99.23312377929688,0.00015626456297468394,0.0156264565885067,-9.524084091186523
145,0,Vocal,21.648542404174805,-21.648540496826172,0.4469558000564575,0.4469544291496277,0.4536384344100952,55.304420471191406,55.30455780029297,54.63615798950195,0.006794968619942665,0.6794968843460083,26.526634216308594,-26.526626586914062,0.030943509191274643,0.030943412333726883,0.03604646772146225,96.90564727783203,96.9056625366211,96.39535522460938,0.0022200592793524265,0.2220059335231781,5.3097243309021
145,1,Bass,20.130504608154297,-20.130502700805664,0.8978019952774048,0.8977488279342651,0.8993682861328125,10.21980094909668,10.225116729736328,10.06317138671875,0.00961074884980917,0.9610748887062073,23.367815017700195,-23.367835998535156,0.65439373254776,0.6543055772781372,0.6712074875831604,34.56062698364258,34.56944274902344,32.879249572753906,0.004583801608532667,0.45838016271591187,2.8112354278564453
145,2,Drums,47.195621490478516,-47.20234680175781,0.0008678059675730765,0.0008678024169057608,0.0008055465295910835,99.91322326660156,99.91322326660156,99.91944122314453,1.90757436939748e-05,0.0019075743621215224,53.21628189086914,-53.21754455566406,0.00037486653309315443,0.00037486504879780114,0.00037656116182915866,99.96251678466797,99.96251678466797,99.96234130859375,4.799993348569842e-06,0.00047999934758991003,5.997875690460205
146,0,Vocal,8.539413452148438,-8.53941535949707,0.7393460273742676,0.739345908164978,0.7422966361045837,26.065397262573242,26.06540870666504,25.770336151123047,0.12278980016708374,12.278980255126953,29.518131256103516,-29.518041610717773,0.07813560962677002,0.07813434302806854,0.08676433563232422,92.18643951416016,92.18656158447266,91.32356262207031,0.0011161051224917173,0.11161050945520401,21.470178604125977
146,1,Bass,16.997894287109375,-16.997892379760742,0.5457046627998352,0.5457021594047546,0.5463774800300598,45.429534912109375,45.42978286743164,45.36225128173828,0.01957162655889988,1.957162618637085,23.70025634765625,-23.70020866394043,0.22980551421642303,0.22980311512947083,0.2290961593389511,77.01944732666016,77.01969146728516,77.09038543701172,0.0042474172078073025,0.4247417151927948,7.018486499786377
146,2,Drums,47.06197738647461,-47.065277099609375,0.0002712562563829124,0.0002712561981752515,0.00038314153789542615,99.9728775024414,99.9728775024414,99.96168518066406,1.9669250832521357e-05,0.0019669251050800085,34.76309585571289,-34.76321792602539,0.002870017196983099,0.002870016498491168,0.00023494960623793304,99.71299743652344,99.71299743652344,99.97650146484375,0.0003338295500725508,0.03338295593857765,-12.166162490844727
147,0,Vocal,10.140299797058105,-10.140299797058105,0.5066233277320862,0.5066231489181519,0.5270012617111206,49.33766555786133,49.337684631347656,47.29987335205078,0.08827433735132217,8.827433586120605,22.790462493896484,-22.79055404663086,0.1120259091258049,0.1120259016752243,0.12576816976070404,88.79740905761719,88.79740905761719,87.42317962646484,0.005232036113739014,0.5232036113739014,13.133984565734863
147,1,Bass,19.850122451782227,-19.850112915039062,0.3403029143810272,0.3403027355670929,0.3414245545864105,65.9697036743164,65.9697265625,65.8575439453125,0.010245157405734062,1.0245157480239868,13.637175559997559,-13.637175559997559,0.15832620859146118,0.15832601487636566,0.16311919689178467,84.1673812866211,84.16739654541016,83.68807983398438,0.041484080255031586,4.148407936096191,-6.411327838897705
147,2,Drums,36.417625427246094,-36.41725158691406,0.00035191839560866356,0.00035191833740100265,0.0014759544283151627,99.96481323242188,99.96481323242188,99.85240936279297,0.0002281228662468493,0.022812286391854286,29.871566772460938,-29.87152099609375,0.0056730895303189754,0.005673088598996401,0.027054395526647568,99.43268585205078,99.43268585205078,97.29456329345703,0.0010289652273058891,0.10289652645587921,-6.074885845184326
148,0,Vocal,16.8016414642334,-16.8016414642334,0.2589375078678131,0.2589375078678131,0.2579047977924347,74.10625457763672,74.10625457763672,74.20952606201172,0.020457837730646133,2.045783758163452,28.93833351135254,-28.93865966796875,0.008006111718714237,0.008006111718714237,0.011226390488445759,99.19938659667969,99.19938659667969,98.87735748291016,0.001275259768590331,0.12752597033977509,12.521976470947266
148,1,Bass,13.90498161315918,-13.9049711227417,0.8680154085159302,0.8680154085159302,0.8650678396224976,13.19845962524414,13.19845962524414,13.493215560913086,0.03910031169652939,3.9100310802459717,16.91044044494629,-16.910436630249023,0.6912922859191895,0.691290020942688,0.6934874653816223,30.870771408081055,30.87099838256836,30.65125274658203,0.019961824640631676,1.9961824417114258,1.038460373878479
148,2,Drums,30.849878311157227,-30.85000228881836,0.0006217678892426193,0.0006217678892426193,0.0011557723628357053,99.93782043457031,99.93782043457031,99.8844223022461,0.000821571855340153,0.0821571871638298,36.816795349121094,-36.81660079956055,0.0012076729908585548,0.0012076729908585548,0.001985029550269246,99.87923431396484,99.87923431396484,99.80149841308594,0.00020809941634070128,0.020809940993785858,6.050135135650635
149,0,Vocal,22.845918655395508,-22.846038818359375,0.2899233102798462,0.2899232506752014,0.2910056412220001,71.0076675415039,71.00767517089844,70.8994369506836,0.005165974143892527,0.5165973901748657,37.014076232910156,-37.013893127441406,0.013977770693600178,0.013977770693600178,0.01606954075396061,98.60222625732422,98.60222625732422,98.3930435180664,0.00019879324827343225,0.019879324361681938,14.537018775939941
149,1,Bass,14.09060287475586,-14.090603828430176,0.6730567812919617,0.6730567812919617,0.6790619492530823,32.69432067871094,32.69432067871094,32.09380340576172,0.03752569481730461,3.7525694370269775,20.440656661987305,-20.44063949584961,0.5671471953392029,0.5671455264091492,0.5670171976089478,43.285282135009766,43.28544616699219,43.29827880859375,0.008954232558608055,0.8954232335090637,6.018666744232178
149,2,Drums,44.12458419799805,-44.12120819091797,0.0007936800247989595,0.0007936800247989595,0.001085182884708047,99.9206314086914,99.9206314086914,99.89148712158203,3.868862404488027e-05,0.003868862520903349,46.97081756591797,-46.99039077758789,0.0013485647505149245,0.0013485647505149245,0.001842964324168861,99.86514282226562,99.86514282226562,99.81570434570312,2.00298018171452e-05,0.0020029800944030285,2.973264694213867
150,0,Vocal,13.105720520019531,-13.105730056762695,0.49964189529418945,0.4996283948421478,0.503544270992279,50.03581237792969,50.03715896606445,49.645572662353516,0.046632442623376846,4.663244247436523,24.149429321289062,-24.149389266967773,0.05229867994785309,0.05229758843779564,0.057232197374105453,94.77013397216797,94.7702407836914,94.27677917480469,0.0038317018188536167,0.3831701874732971,11.358457565307617
150,1,Bass,13.299169540405273,-13.299168586730957,0.8813355565071106,0.8813179731369019,0.8939524292945862,11.86644458770752,11.868202209472656,10.604757308959961,0.04469169303774834,4.4691691398620605,10.957172393798828,-10.957169532775879,0.6480412483215332,0.6479775309562683,0.6281077265739441,35.19587707519531,35.202247619628906,37.18922805786133,0.07426268607378006,7.426268577575684,-2.8323042392730713
150,2,Drums,35.91039276123047,-35.90974044799805,0.0004742847813758999,0.00047428449033759534,0.0008490696782246232,99.95257568359375,99.95257568359375,99.91509246826172,0.0002563832968007773,0.02563832886517048,40.995296478271484,-40.99363327026367,0.0015379772521555424,0.001537976204417646,0.002810006495565176,99.84619903564453,99.84619903564453,99.71900177001953,7.953379827085882e-05,0.007953380234539509,5.172970294952393
151,0,Vocal,12.90941333770752,-12.909416198730469,0.5600532293319702,0.5600515604019165,0.5619946122169495,43.99467849731445,43.994842529296875,43.800537109375,0.04868369176983833,4.868369102478027,19.46868133544922,-19.468679428100586,0.03645540028810501,0.03645523265004158,0.04497043788433075,96.35446166992188,96.35447692871094,95.5029525756836,0.011175098828971386,1.1175098419189453,7.035914421081543
151,1,Bass,22.70803451538086,-22.708023071289062,0.7826616764068604,0.7826600074768066,0.7839357852935791,21.73383331298828,21.733999252319336,21.606422424316406,0.005331790540367365,0.5331790447235107,23.67931365966797,-23.679330825805664,0.5058276653289795,0.5058203339576721,0.5074071884155273,49.417232513427734,49.417964935302734,49.259281158447266,0.004267869517207146,0.42678695917129517,1.023166537284851
151,2,Drums,29.796913146972656,-29.796993255615234,9.266523557016626e-05,9.266511915484443e-05,6.122020568000153e-05,99.99073028564453,99.99073028564453,99.99388122558594,0.0010467933025211096,0.10467933118343353,41.90866470336914,-41.90715026855469,0.00034142594086006284,0.00034142553340643644,0.00037775159580633044,99.96585845947266,99.96585845947266,99.96221923828125,6.443307938752696e-05,0.006443307735025883,12.119058609008789
152,0,Vocal,31.381511688232422,-31.381546020507812,0.025742415338754654,0.025742221623659134,0.02648770622909069,97.4257583618164,97.42577362060547,97.35122680664062,0.0007270363857969642,0.07270363718271255,30.22555923461914,-30.225666046142578,0.013067527674138546,0.013067527674138546,0.015189406462013721,98.69324493408203,98.69324493408203,98.4810562133789,0.0009484573383815587,0.0948457345366478,0.002405201317742467
152,1,Bass,5.944086074829102,-5.944085597991943,0.5142129063606262,0.5142112970352173,0.5411413311958313,48.57870864868164,48.5788688659668,45.885868072509766,0.20283380150794983,20.28338050842285,12.092638969421387,-12.092638969421387,0.2772139012813568,0.2770623564720154,0.3364292085170746,72.27861022949219,72.29376220703125,66.3570785522461,0.058171190321445465,5.817119121551514,7.848552227020264
152,2,Drums,36.79198455810547,-36.79073715209961,0.0008180330623872578,0.0008180285803973675,0.0008595973486080766,99.91819763183594,99.91819763183594,99.9140396118164,0.00020929383754264563,0.020929383113980293,21.248844146728516,-21.24881935119629,0.03632417693734169,0.03632416948676109,0.020734934136271477,96.3675765991211,96.36758422851562,97.92650604248047,0.007445123046636581,0.7445123195648193,-14.137882232666016
153,0,Vocal,30.960372924804688,-30.960351943969727,0.03274311497807503,0.03274311125278473,0.0348978191614151,96.72569274902344,96.72569274902344,96.51022338867188,0.0008009313605725765,0.0800931379199028,35.933685302734375,-35.93388748168945,0.008159290067851543,0.008159290067851543,0.011268951930105686,99.18407440185547,99.18407440185547,98.87310028076172,0.0002549904165789485,0.025499042123556137,6.240524768829346
153,1,Bass,9.293782234191895,-9.293781280517578,0.37064704298973083,0.3706435263156891,0.3965783715248108,62.9352912902832,62.93564987182617,60.3421630859375,0.10527199506759644,10.527199745178223,18.501819610595703,-18.501811981201172,0.08561285585165024,0.08560885488986969,0.07298225909471512,91.43871307373047,91.43911743164062,92.70177459716797,0.01392289623618126,1.392289638519287,9.686410903930664
153,2,Drums,35.41548156738281,-35.415428161621094,0.0008716314914636314,0.0008716312004253268,0.00042636547004804015,99.91283416748047,99.91283416748047,99.95736694335938,0.00028729450423270464,0.028729449957609177,25.608549118041992,-25.608470916748047,0.03153981268405914,0.03153979778289795,0.017229849472641945,96.84602355957031,96.84602355957031,98.27701568603516,0.00274129887111485,0.2741298973560333,-8.614502906799316
154,0,Vocal,21.10445785522461,-21.10443878173828,0.030871104449033737,0.030870897695422173,0.0338958278298378,96.91288757324219,96.91291046142578,96.61041259765625,0.007694842293858528,0.7694842219352722,26.067096710205078,-26.067087173461914,0.047760430723428726,0.04776030406355858,0.05282440781593323,95.22396087646484,95.22396850585938,94.71755981445312,0.0024672800209373236,0.24672800302505493,7.7909722328186035
154,1,Bass,6.383837699890137,-6.38383674621582,0.41973814368247986,0.4197380840778351,0.45919278264045715,58.02618408203125,58.02619552612305,54.080726623535156,0.18695281445980072,18.695281982421875,19.54507064819336,-19.54505157470703,0.14181166887283325,0.14181163907051086,0.1327465921640396,85.81883239746094,85.81884002685547,86.725341796875,0.010982387699186802,1.0982388257980347,14.478517532348633
154,2,Drums,32.980045318603516,-32.97988510131836,0.000507502758409828,0.0005075026419945061,0.0006077311118133366,99.94924926757812,99.94924926757812,99.93922424316406,0.0005032248445786536,0.050322484225034714,35.146392822265625,-35.146183013916016,0.0012128091184422374,0.001212808769196272,0.0018671804573386908,99.87871551513672,99.87871551513672,99.81328582763672,0.0003057055582758039,0.030570555478334427,2.233384847640991
155,0,Vocal,31.116119384765625,-31.116273880004883,0.018867602571845055,0.01886758580803871,0.019846217706799507,98.11323547363281,98.11323547363281,98.015380859375,0.0007727486081421375,0.0772748589515686,30.030834197998047,-30.030963897705078,0.01779918372631073,0.01779918186366558,0.016276083886623383,98.22007751464844,98.22007751464844,98.37239074707031,0.0009919453877955675,0.09919454157352448,-0.1949990689754486
155,1,Bass,9.201305389404297,-9.201306343078613,0.32511788606643677,0.32511618733406067,0.3311766982078552,67.48821258544922,67.48838806152344,66.88233184814453,0.10729456692934036,10.729456901550293,23.51950454711914,-23.51951789855957,0.05716806650161743,0.05716114491224289,0.06519441306591034,94.28319549560547,94.28388214111328,93.48056030273438,0.004427123814821243,0.44271236658096313,14.3583345413208
155,2,Drums,38.213623046875,-38.21369934082031,0.0014544123550876975,0.0014544000150635839,0.0019491072744131088,99.85456085205078,99.85456085205078,99.80508422851562,0.00015084448386915028,0.015084448270499706,30.381858825683594,-30.38182830810547,0.04171447083353996,0.04171426221728325,0.03922099247574806,95.82855224609375,95.82857513427734,96.0779037475586,0.0009150202968157828,0.09150203317403793,-6.708823204040527
156,0,Vocal,25.639053344726562,-25.639049530029297,0.035842832177877426,0.03584269806742668,0.03786430507898331,96.41571807861328,96.41572570800781,96.21356964111328,0.0027221336495131254,0.2722133696079254,33.69439697265625,-33.694313049316406,0.012632159516215324,0.01263215858489275,0.01496418472379446,98.73678588867188,98.73678588867188,98.50358581542969,0.00042698599281720817,0.04269859939813614,9.292895317077637
156,1,Bass,7.910635471343994,-7.910635471343994,0.33513593673706055,0.3351343870162964,0.3332410156726837,66.48640441894531,66.48656463623047,66.6759033203125,0.13925503194332123,13.92550277709961,22.116546630859375,-22.116504669189453,0.06022879481315613,0.06021998077630997,0.06525149196386337,93.97711944580078,93.97799682617188,93.474853515625,0.00610502902418375,0.6105028986930847,14.245831489562988
156,2,Drums,37.8880500793457,-37.888797760009766,0.0010876383166760206,0.0010876316810026765,0.001475329976528883,99.8912353515625,99.89124298095703,99.85246276855469,0.0001625996665097773,0.016259966418147087,38.9061279296875,-38.90599060058594,0.00166343676391989,0.0016633978812023997,0.0035391536075621843,99.83365631103516,99.83366394042969,99.64608764648438,0.0001286370970774442,0.012863709591329098,1.28849458694458
157,0,Vocal,24.62221908569336,-24.62224006652832,0.010893819853663445,0.01089381705969572,0.011286217719316483,98.91061401367188,98.91061401367188,98.87138366699219,0.0034378059208393097,0.3437805771827698,33.44224548339844,-33.44234848022461,0.02329634316265583,0.02329634316265583,0.02490321733057499,97.67036437988281,97.67036437988281,97.50967407226562,0.0004524410469457507,0.04524410516023636,10.60893726348877
157,1,Bass,8.59437084197998,-8.59437084197998,0.24149887263774872,0.241498664021492,0.2495652735233307,75.85011291503906,75.85013580322266,75.04347229003906,0.12143326550722122,12.143326759338379,10.983261108398438,-10.983261108398438,0.4080418646335602,0.4080263376235962,0.4485679268836975,59.19581604003906,59.197364807128906,55.14320755004883,0.07385077327489853,7.385077476501465,9.162708282470703
157,2,Drums,30.411977767944336,-30.412105560302734,0.0010244805598631501,0.0010244803270325065,0.001623892574571073,99.89755249023438,99.89755249023438,99.83761596679688,0.0009086561040021479,0.0908656120300293,16.764604568481445,-16.764604568481445,0.12432942539453506,0.12432926148176193,0.16691097617149353,87.56705474853516,87.56707000732422,83.30889892578125,0.020629383623600006,2.0629384517669678,-10.912373542785645
158,0,Vocal,12.826889991760254,-12.82689094543457,0.052008841186761856,0.05200836807489395,0.05385633185505867,94.79911041259766,94.79916381835938,94.61437225341797,0.04957133159041405,4.9571332931518555,23.97408676147461,-23.974117279052734,0.06244372949004173,0.062443725764751434,0.06826385855674744,93.75563049316406,93.75563049316406,93.17361450195312,0.003988933749496937,0.3988933861255646,16.05925178527832
158,1,Bass,6.682424068450928,-6.682425022125244,0.4912283420562744,0.49122384190559387,0.4828540086746216,50.877166748046875,50.87761688232422,51.714599609375,0.17672647535800934,17.67264747619629,24.241886138916016,-24.241811752319336,0.11866264045238495,0.11863341182470322,0.12818966805934906,88.13373565673828,88.13665771484375,87.1810302734375,0.0037512858398258686,0.3751285970211029,18.049419403076172
158,2,Drums,42.28620910644531,-42.283660888671875,0.00018038904818240553,0.00018038837879430503,0.0011904349084943533,99.98196411132812,99.98196411132812,99.8809585571289,5.907728336751461e-05,0.005907728336751461,31.5113525390625,-31.511411666870117,0.008161775767803192,0.008161679841578007,0.010490422137081623,99.18382263183594,99.18383026123047,98.95095825195312,0.0007055845344439149,0.07055845111608505,-10.439664840698242
159,0,Vocal,31.454456329345703,-31.454627990722656,0.0150867635384202,0.015086760744452477,0.015794852748513222,98.49132537841797,98.49132537841797,98.4205093383789,0.0007148980512283742,0.07148980349302292,30.1224365234375,-30.122314453125,0.015207959339022636,0.015207953751087189,0.01658368483185768,98.47920227050781,98.47920227050781,98.34162902832031,0.0009712707833386958,0.09712707996368408,-0.6783424615859985
159,1,Bass,10.818864822387695,-10.818864822387695,0.3133416473865509,0.313340425491333,0.3079499900341034,68.66584014892578,68.66595458984375,69.20500183105469,0.07648195326328278,7.648195266723633,19.691476821899414,-19.69151496887207,0.0587550550699234,0.058753687888383865,0.07300646603107452,94.12449645996094,94.1246337890625,92.69935607910156,0.010622129775583744,1.0622129440307617,8.90754508972168
159,2,Drums,39.09536361694336,-39.0952262878418,0.00113693717867136,0.0011369294952601194,0.0016222370322793722,99.88630676269531,99.88630676269531,99.83777618408203,0.0001231500500580296,0.01231500506401062,49.346805572509766,-49.335838317871094,0.000506519281771034,0.0005065188743174076,0.0008719260222278535,99.94934844970703,99.94934844970703,99.91281127929688,1.1622605597949587e-05,0.0011622605379670858,10.264799118041992
160,0,Vocal,30.263973236083984,-30.264041900634766,0.007527031935751438,0.007527031935751438,0.008177771233022213,99.2472915649414,99.2472915649414,99.18222045898438,0.000940121419262141,0.09401214122772217,40.74848556518555,-40.7496337890625,0.0013000526232644916,0.0013000526232644916,0.0023311481345444918,99.8699951171875,99.8699951171875,99.76688385009766,8.417118806391954e-05,0.008417118340730667,10.626397132873535
160,1,Bass,20.48077392578125,-20.48078155517578,0.06703377515077591,0.06703373044729233,0.07808483392000198,93.29662322998047,93.296630859375,92.19152069091797,0.008872661739587784,0.8872661590576172,23.010704040527344,-23.01070213317871,0.04488981515169144,0.04488975182175636,0.05007867515087128,95.51101684570312,95.51102447509766,94.99213409423828,0.004974694922566414,0.4974694848060608,2.463419198989868
160,2,Drums,24.035303115844727,-24.03530502319336,0.0030056152027100325,0.003005614969879389,0.004895369987934828,99.6994400024414,99.6994400024414,99.51045989990234,0.003933338914066553,0.39333388209342957,34.167484283447266,-34.168609619140625,0.0021741536911576986,0.0021741532254964113,0.0030770956072956324,99.78258514404297,99.78258514404297,99.69229125976562,0.0003828416811302304,0.038284167647361755,10.137900352478027
161,0,Vocal,20.53595542907715,-20.53595542907715,0.007868967950344086,0.007868966087698936,0.008844615891575813,99.21310424804688,99.21310424804688,99.11553955078125,0.008761586621403694,0.8761586546897888,39.603267669677734,-39.60209274291992,0.004306197166442871,0.004306195303797722,0.004741549026221037,99.56938171386719,99.56938171386719,99.52584838867188,0.00010959232895402238,0.010959233157336712,19.46595001220703
161,1,Bass,17.728439331054688,-17.728466033935547,0.14280618727207184,0.14280617237091064,0.15707477927207947,85.7193832397461,85.7193832397461,84.29251861572266,0.016591593623161316,1.6591594219207764,24.250484466552734,-24.250478744506836,0.07778096944093704,0.07778093963861465,0.07457183301448822,92.2219009399414,92.2219009399414,92.54281616210938,0.0037438678555190563,0.3743867874145508,6.340080261230469
161,2,Drums,24.944419860839844,-24.944442749023438,0.002791348844766617,0.0027913483791053295,0.003277904586866498,99.72086334228516,99.72086334228516,99.67221069335938,0.003192794742062688,0.3192794620990753,36.306678771972656,-36.30656814575195,0.0012024152092635632,0.0012024150928482413,0.0015139310853555799,99.8797607421875,99.8797607421875,99.84860229492188,0.00023401310318149626,0.023401310667395592,11.36253833770752
162,0,Vocal,25.736339569091797,-25.73630142211914,0.005425718612968922,0.005425712559372187,0.00660141883417964,99.45742797851562,99.45742797851562,99.33985900878906,0.0026620100252330303,0.266200989484787,32.30543518066406,-32.305397033691406,0.01521767396479845,0.015217672102153301,0.016675423830747604,98.47823333740234,98.47823333740234,98.33245849609375,0.0005877655348740518,0.058776553720235825,7.45836067199707
162,1,Bass,31.037385940551758,-31.037498474121094,0.05868542939424515,0.058685265481472015,0.05902308225631714,94.13145446777344,94.13147735595703,94.09769439697266,0.0007868960965424776,0.07868961244821548,38.44990158081055,-38.44967269897461,0.0237374696880579,0.023737434297800064,0.023545855656266212,97.62625122070312,97.62625885009766,97.64541625976562,0.00014286641089711338,0.014286641031503677,7.351578235626221
162,2,Drums,36.43468475341797,-36.433860778808594,0.005813672672957182,0.005813672672957182,0.006957005709409714,99.41863250732422,99.41863250732422,99.3042984008789,0.0002272199053550139,0.022721990942955017,42.097530364990234,-42.09712600708008,0.0025470340624451637,0.0025470340624451637,0.0029071832541376352,99.74530029296875,99.74530029296875,99.70928192138672,6.172776920720935e-05,0.0061727771535515785,5.663148403167725
163,0,Vocal,19.62582778930664,-19.62582015991211,0.06975360214710236,0.06975355744361877,0.07477100193500519,93.02464294433594,93.02465057373047,92.52290344238281,0.010782287456095219,1.0782287120819092,22.647632598876953,-22.647605895996094,0.0127717899158597,0.01277176383882761,0.01657501608133316,98.72282409667969,98.72282409667969,98.34249877929688,0.005406087264418602,0.5406087040901184,4.059978485107422
163,1,Bass,17.815664291381836,-17.815673828125,0.11150366812944412,0.1115032359957695,0.128368079662323,88.8496322631836,88.84967803955078,87.16319274902344,0.016267091035842896,1.6267091035842896,16.632816314697266,-16.632814407348633,0.05495743453502655,0.054957207292318344,0.06379155814647675,94.50425720214844,94.50428009033203,93.62084197998047,0.021251505240797997,2.125150442123413,-1.3185338973999023
163,2,Drums,34.64299011230469,-34.643314361572266,0.0011047523003071547,0.0011047523003071547,0.0013532463926821947,99.8895263671875,99.8895263671875,99.86466979980469,0.0003431870136409998,0.034318700432777405,42.46059036254883,-42.46112060546875,0.0006234828615561128,0.0006234828615561128,0.00028357806149870157,99.93765258789062,99.93765258789062,99.97164154052734,5.674438943970017e-05,0.005674439016729593,7.818395614624023
164,0,Vocal,28.859384536743164,-28.859718322753906,0.043974507600069046,0.043974507600069046,0.046026088297367096,95.60254669189453,95.60254669189453,95.39739227294922,0.0012986304936930537,0.12986305356025696,28.889225006103516,-28.889196395874023,0.015689153224229813,0.015689149498939514,0.014786834828555584,98.43108367919922,98.43108367919922,98.52131652832031,0.0012898584827780724,0.12898585200309753,0.7112494111061096
164,1,Bass,23.904281616210938,-23.904287338256836,0.09158068150281906,0.09158063679933548,0.09244251996278763,90.84193420410156,90.84193420410156,90.75575256347656,0.004053316544741392,0.40533164143562317,25.987472534179688,-25.987503051757812,0.03485126793384552,0.03485126793384552,0.0406499058008194,96.51487731933594,96.51487731933594,95.93501281738281,0.0025127765256911516,0.2512776553630829,2.0729639530181885
164,2,Drums,47.155094146728516,-47.1513671875,0.0018331955652683973,0.0018331955652683973,0.001983423251658678,99.81668090820312,99.81668090820312,99.8016586303711,1.926012191688642e-05,0.0019260122207924724,38.787010192871094,-38.78672790527344,0.002243070164695382,0.002243070164695382,0.0015853896038606763,99.77569580078125,99.77569580078125,99.84146118164062,0.0001322535827057436,0.013225357979536057,-8.044034957885742
165,0,Vocal,18.10774803161621,-18.10778045654297,0.029537826776504517,0.029537826776504517,0.029041573405265808,97.04621887207031,97.04621887207031,97.09584045410156,0.015225095674395561,1.5225095748901367,34.45473098754883,-34.45487594604492,0.010726061649620533,0.010726061649620533,0.015128343366086483,98.92739868164062,98.92739868164062,98.48716735839844,0.0003583902434911579,0.0358390249311924,17.204233169555664
165,1,Bass,25.526939392089844,-25.52691650390625,0.23025494813919067,0.23025454580783844,0.23230986297130585,76.97450256347656,76.97454833984375,76.76901245117188,0.0027931693475693464,0.2793169319629669,31.113773345947266,-31.113494873046875,0.057807572185993195,0.05780747905373573,0.05575640872120857,94.21924591064453,94.21924591064453,94.42436218261719,0.0007731845253147185,0.0773184522986412,5.158526420593262
165,2,Drums,44.516502380371094,-44.51786804199219,0.0008504058932885528,0.0008504058350808918,0.0012038005515933037,99.91496276855469,99.91496276855469,99.87962341308594,3.534614370437339e-05,0.0035346143413335085,50.97611999511719,-50.95814514160156,0.00033488008193671703,0.0003348800528328866,0.0004621199914254248,99.96651458740234,99.96651458740234,99.95378875732422,7.999426998139825e-06,0.0007999427034519613,6.4520955085754395
166,0,Vocal,13.650617599487305,-13.650615692138672,0.19883662462234497,0.19883662462234497,0.20125812292099,80.11634063720703,80.11634063720703,79.87419128417969,0.041361257433891296,4.136125564575195,31.8486385345459,-31.84868812561035,0.0189385823905468,0.01893857680261135,0.03525741398334503,98.10614013671875,98.10614013671875,96.47425842285156,0.0006528846570290625,0.0652884691953659,19.096479415893555
166,1,Bass,19.023414611816406,-19.02338409423828,0.07488348335027695,0.07488338649272919,0.055312179028987885,92.51165771484375,92.51165771484375,94.46878051757812,0.012366748414933681,1.2366747856140137,28.30345344543457,-28.30338478088379,0.03385810926556587,0.03385809808969498,0.03404764086008072,96.61418914794922,96.61418914794922,96.59523010253906,0.0014757361495867372,0.14757362008094788,9.245489120483398
166,2,Drums,40.754642486572266,-40.753639221191406,0.00010072271106764674,0.00010072270379168913,0.0,99.98992919921875,99.98992919921875,100.0,8.403715764870867e-05,0.008403715677559376,45.248695373535156,-45.244293212890625,0.00027713668532669544,0.00027713668532669544,0.0002036494988715276,99.97228240966797,99.97228240966797,99.97962951660156,2.986699291795958e-05,0.002986699342727661,4.5171027183532715
167,0,Vocal,49.302486419677734,-49.312625885009766,0.0023976729717105627,0.0023976729717105627,0.00292257871478796,99.7602310180664,99.7602310180664,99.7077407836914,1.1712531886587385e-05,0.0011712531559169292,46.78168487548828,-46.78074645996094,0.0013938767369836569,0.0013938765041530132,0.0019992743618786335,99.86061096191406,99.86061096191406,99.8000717163086,2.1000356355216354e-05,0.002100035548210144,-2.2717607021331787
167,1,Bass,12.58315658569336,-12.583155632019043,0.13076722621917725,0.13076266646385193,0.13750886917114258,86.92327880859375,86.9237289428711,86.24911499023438,0.052283283323049545,5.228328227996826,20.529998779296875,-20.52999496459961,0.019917523488402367,0.019916754215955734,0.0709531307220459,98.00824737548828,98.0083236694336,92.9046859741211,0.008773536421358585,0.8773536682128906,7.696804046630859
167,2,Drums,32.78580093383789,-32.78603744506836,0.010213789530098438,0.010213787667453289,0.01039695180952549,98.97862243652344,98.97862243652344,98.9603042602539,0.0005262207705527544,0.052622076123952866,31.369770050048828,-31.36956024169922,0.004139414988458157,0.004139414522796869,0.0022951834835112095,99.5860595703125,99.5860595703125,99.77047729492188,0.0007289797649718821,0.07289797812700272,-1.34620201587677
168,0,Vocal,32.841270446777344,-32.84142303466797,0.00032103052944876254,0.00032103052944876254,0.001347472076304257,99.9678955078125,99.9678955078125,99.86524963378906,0.0005196034326218069,0.05196034163236618,43.108856201171875,-43.1177978515625,0.0012759867822751403,0.0012759867822751403,0.0033475335221737623,99.87239837646484,99.87239837646484,99.66524505615234,4.8803140089148656e-05,0.004880314227193594,10.504133224487305
168,1,Bass,9.434164047241211,-9.434167861938477,0.028923174366354942,0.02892313525080681,0.033173900097608566,97.10768127441406,97.10768127441406,96.68260955810547,0.10226596146821976,10.226595878601074,37.889644622802734,-37.89226150512695,0.008306694217026234,0.008306682109832764,0.010555383749306202,99.1693344116211,99.1693344116211,98.9444580078125,0.00016247110033873469,0.016247110441327095,28.431262969970703
168,2,Drums,22.492544174194336,-22.49262237548828,0.0066808611154556274,0.0066808611154556274,0.006590959150344133,99.33191680908203,99.33191680908203,99.34090423583984,0.005601465702056885,0.5601465702056885,29.877614974975586,-29.877626419067383,0.01655818149447441,0.01655818149447441,0.017203016206622124,98.34418487548828,98.34418487548828,98.27969360351562,0.001027563470415771,0.10275634378194809,7.595702648162842
169,0,Vocal,27.268381118774414,-27.268142700195312,0.035260915756225586,0.0352608785033226,0.03711141273379326,96.47390747070312,96.47391510009766,96.28885650634766,0.0018722101813182235,0.18722102046012878,47.3475341796875,-47.368865966796875,0.001990285702049732,0.0019902829080820084,0.003358290297910571,99.80097198486328,99.80097198486328,99.66416931152344,1.834135218814481e-05,0.0018341352697461843,20.320688247680664
169,1,Bass,15.354872703552246,-15.354869842529297,0.055560920387506485,0.05556056648492813,0.05995912849903107,94.44390869140625,94.44393920898438,94.00408935546875,0.028316399082541466,2.8316400051116943,29.315349578857422,-29.315195083618164,0.02067357674241066,0.02067357674241066,0.02227921225130558,97.9326400756836,97.9326400756836,97.77207946777344,0.001169385272078216,0.1169385239481926,13.998156547546387
169,2,Drums,36.54547882080078,-36.54544448852539,0.0015309659065678716,0.0015309657901525497,0.0030588977970182896,99.84690856933594,99.84690856933594,99.69410705566406,0.00022149745200295,0.022149745374917984,41.48048782348633,-41.4796257019043,0.0007551817107014358,0.0007551816524937749,0.0012730705784633756,99.92448425292969,99.92448425292969,99.87268829345703,7.10945314494893e-05,0.007109452970325947,4.932599067687988
170,0,Vocal,35.62882995605469,-35.630767822265625,0.03869028016924858,0.038690198212862015,0.04219977930188179,96.13097381591797,96.1309814453125,95.78002166748047,0.00027348430012352765,0.027348430827260017,38.79485321044922,-38.79582977294922,0.004315073601901531,0.004315071273595095,0.010194954462349415,99.56848907470703,99.56848907470703,98.98050689697266,0.00013197785301599652,0.01319778524339199,3.5786337852478027
170,1,Bass,18.846792221069336,-18.84679412841797,0.49567848443984985,0.4956779479980469,0.5072423219680786,50.432151794433594,50.43220520019531,49.2757682800293,0.012873469851911068,1.2873469591140747,30.089481353759766,-30.08946990966797,0.03459715470671654,0.03459715470671654,0.03836468979716301,96.540283203125,96.540283203125,96.16352844238281,0.000978688825853169,0.09786888211965561,12.026987075805664
170,2,Drums,29.863264083862305,-29.863197326660156,0.008793905377388,0.008793887682259083,0.007746909745037556,99.12061309814453,99.12061309814453,99.22530364990234,0.001030933577567339,0.10309335589408875,31.219585418701172,-31.219497680664062,0.01390067022293806,0.01390064787119627,0.01743166521191597,98.60993194580078,98.60993957519531,98.2568359375,0.00075458426726982,0.07545842975378036,1.6493874788284302
171,0,Vocal,21.632919311523438,-21.6329288482666,0.06985390931367874,0.06985390931367874,0.07331230491399765,93.01461029052734,93.01461029052734,92.66876983642578,0.006819271948188543,0.6819272041320801,38.121925354003906,-38.12152862548828,0.00560181587934494,0.005601808428764343,0.007714671548455954,99.4398193359375,99.4398193359375,99.22853088378906,0.00015411828644573689,0.015411828644573689,16.89329719543457
171,1,Bass,13.216068267822266,-13.216066360473633,0.06009591370820999,0.06009577214717865,0.06495402008295059,93.99040985107422,93.99041748046875,93.50459289550781,0.04551578313112259,4.551578521728516,28.314006805419922,-28.314048767089844,0.048866014927625656,0.04886574298143387,0.04996633529663086,95.11339569091797,95.1134262084961,95.00336456298828,0.0014721639454364777,0.14721639454364777,14.996353149414062
171,2,Drums,39.59854507446289,-39.598548889160156,0.0009669907158240676,0.0009669905994087458,0.0013842015760019422,99.90330505371094,99.90330505371094,99.86157989501953,0.0001096678533940576,0.010966785252094269,45.087032318115234,-45.08891296386719,0.0005355945904739201,0.0005355945322662592,0.0006969674723222852,99.94644165039062,99.94644165039062,99.93030548095703,3.099532113992609e-05,0.003099532099440694,5.504513740539551
172,0,Vocal,11.579503059387207,-11.57950496673584,0.017930159345269203,0.017930157482624054,0.025235764682292938,98.20698547363281,98.20698547363281,97.47642517089844,0.06499272584915161,6.499272346496582,38.749961853027344,-38.74977493286133,0.0015366872539743781,0.0015366872539743781,0.004632343538105488,99.8463363647461,99.8463363647461,99.5367660522461,0.00013331719674170017,0.013331719674170017,27.47274398803711
172,1,Bass,6.56995964050293,-6.569958209991455,0.12451668083667755,0.12451666593551636,0.11497583985328674,87.54833221435547,87.54833221435547,88.5024185180664,0.18052585422992706,18.05258560180664,22.46114730834961,-22.461130142211914,0.05103457346558571,0.05103456601500511,0.059976134449243546,94.89654541015625,94.89654541015625,94.00238037109375,0.005641958210617304,0.5641958117485046,15.539363861083984
172,2,Drums,39.843753814697266,-39.844051361083984,0.002106749452650547,0.0021067485213279724,0.0038808330427855253,99.7893295288086,99.7893295288086,99.6119155883789,0.00010362843750044703,0.010362843982875347,30.568742752075195,-30.568645477294922,0.005376287270337343,0.005376285873353481,0.02656329981982708,99.46237182617188,99.46237182617188,97.34367370605469,0.0008764846716076136,0.08764846622943878,-9.103753089904785
173,0,Vocal,1.5637098550796509,-1.5637093782424927,0.1934014856815338,0.19340147078037262,0.28769755363464355,80.65985107421875,80.65985107421875,71.2302474975586,0.41094568371772766,41.09457015991211,19.63739585876465,-19.63738250732422,0.05494127795100212,0.05494126304984093,0.09076832234859467,94.50586700439453,94.50587463378906,90.92316436767578,0.010753883048892021,1.0753883123397827,18.960325241088867
173,1,Bass,0.35896214842796326,-0.35896164178848267,0.21261274814605713,0.21261239051818848,0.30989891290664673,78.73872375488281,78.73876190185547,69.0101089477539,0.4793482720851898,47.9348258972168,18.701618194580078,-18.70165252685547,0.23433677852153778,0.23433561623096466,0.2940911650657654,76.56632232666016,76.56643676757812,70.59088134765625,0.013305136933922768,1.3305137157440186,17.180105209350586
173,2,Drums,37.94898223876953,-37.94966125488281,0.00025868730153888464,0.0002586872724350542,0.0007051322027109563,99.97412872314453,99.97412872314453,99.92948913574219,0.00016034930013120174,0.01603493094444275,36.638824462890625,-36.6384162902832,0.006314052268862724,0.006314051803201437,0.005711689125746489,99.36859893798828,99.36859893798828,99.4288330078125,0.00021682299848180264,0.02168229967355728,-1.2082444429397583
174,0,Vocal,41.14097213745117,-41.13862609863281,0.007892902009189129,0.00789289828389883,0.00855895783752203,99.21070861816406,99.21070861816406,99.14410400390625,7.690092024859041e-05,0.007690092083066702,41.323184967041016,-41.32295608520508,0.0020250859670341015,0.002025085734203458,0.0025807686615735292,99.79749298095703,99.79749298095703,99.7419204711914,7.375283894361928e-05,0.007375284098088741,0.5616126656532288
174,1,Bass,16.344234466552734,-16.34423065185547,0.12404504418373108,0.12404504418373108,0.12310469150543213,87.59549713134766,87.59549713134766,87.68952941894531,0.022678570821881294,2.267857074737549,19.65082359313965,-19.65081787109375,0.02567565254867077,0.02567565254867077,0.04804578423500061,97.43243408203125,97.43243408203125,95.19542694091797,0.010721059516072273,1.0721060037612915,3.34617018699646
174,2,Drums,36.63166427612305,-36.63217544555664,0.007568694185465574,0.007568692322820425,0.00900164432823658,99.24312591552734,99.24312591552734,99.0998306274414,0.00021714167087338865,0.021714167669415474,44.11122131347656,-44.10755920410156,0.0018035958055406809,0.0018035953398793936,0.0024792933836579323,99.81964111328125,99.81964111328125,99.75206756591797,3.880440999637358e-05,0.003880440955981612,7.481807231903076
175,0,Vocal,30.005311965942383,-30.005159378051758,0.026469511911273003,0.02646949701011181,0.02740495838224888,97.3530502319336,97.3530502319336,97.25950622558594,0.0009978306479752064,0.09978306293487549,43.146087646484375,-43.14555358886719,0.002502795774489641,0.0025027950759977102,0.0036287896800786257,99.74971771240234,99.74971771240234,99.63712310791016,4.8473477363586426e-05,0.004847347736358643,13.503433227539062
175,1,Bass,18.20640754699707,-18.20640754699707,0.08712689578533173,0.08712689578533173,0.09041623026132584,91.28730773925781,91.28730773925781,90.9583740234375,0.014888272620737553,1.4888272285461426,29.947011947631836,-29.94711685180664,0.026048459112644196,0.026048459112644196,0.027799488976597786,97.39514923095703,97.39514923095703,97.22005462646484,0.001011244603432715,0.10112445801496506,11.619577407836914
175,2,Drums,37.420536041259766,-37.42000198364258,0.0023614605888724327,0.002361460356041789,0.0020722101908177137,99.76385498046875,99.76385498046875,99.79277801513672,0.00018112215911969543,0.018112216144800186,42.0350341796875,-42.03491973876953,0.0008207781356759369,0.000820778077468276,0.00045911275083199143,99.91792297363281,99.91792297363281,99.95408630371094,6.257023778744042e-05,0.00625702366232872,4.616894245147705
176,0,Vocal,13.160219192504883,-13.1602144241333,0.05747232586145401,0.05747232213616371,0.060322534292936325,94.25276184082031,94.25276184082031,93.9677505493164,0.04607773572206497,4.607773780822754,40.36033248901367,-40.364837646484375,0.0032029664143919945,0.003202965948730707,0.004932745359838009,99.67970275878906,99.67970275878906,99.50672149658203,9.199140185955912e-05,0.009199140593409538,27.640703201293945
176,1,Bass,20.754850387573242,-20.754854202270508,0.2332482933998108,0.23324693739414215,0.23516730964183807,76.6751708984375,76.67530822753906,76.48326873779297,0.008334508165717125,0.8334507942199707,23.552162170410156,-23.5521240234375,0.1159430593252182,0.11594299226999283,0.11239779740571976,88.40569305419922,88.40570068359375,88.76022338867188,0.004394134506583214,0.439413458108902,2.4599995613098145
176,2,Drums,27.178035736083984,-27.178075790405273,0.004442267119884491,0.004442265722900629,0.0033405597787350416,99.55577087402344,99.55577087402344,99.66594696044922,0.0019114509923383594,0.19114509224891663,34.568931579589844,-34.56917190551758,0.0026749265380203724,0.0026749263051897287,0.002300176303833723,99.73250579833984,99.73250579833984,99.76998138427734,0.0003491076349746436,0.034910764545202255,7.4122161865234375
177,0,Vocal,25.429973602294922,-25.42994499206543,0.01531294360756874,0.015312937088310719,0.015002710744738579,98.46870422363281,98.46871185302734,98.49972534179688,0.0028560208156704903,0.2856020927429199,40.39421463012695,-40.39469909667969,0.0014313874999061227,0.0014313874999061227,0.0022962468210607767,99.85685729980469,99.85685729980469,99.77037048339844,9.128552483161911e-05,0.009128552861511707,15.163931846618652
177,1,Bass,17.475908279418945,-17.47590446472168,0.11869990080595016,0.11869784444570541,0.12129297107458115,88.13001251220703,88.13021850585938,87.8707046508789,0.017567599192261696,1.7567598819732666,28.19399642944336,-28.194347381591797,0.023796699941158295,0.023796334862709045,0.02487536147236824,97.62033081054688,97.62036895751953,97.51246643066406,0.0015133337583392859,0.15133337676525116,10.536794662475586
177,2,Drums,29.86980438232422,-29.869873046875,0.0021735280752182007,0.00217352039180696,0.0029656393453478813,99.78264617919922,99.78264617919922,99.70343780517578,0.0010293548693880439,0.10293548554182053,35.781036376953125,-35.78090286254883,0.001307249185629189,0.0013072442961856723,0.0020355957094579935,99.86927795410156,99.86927795410156,99.79644012451172,0.0002641312894411385,0.02641312964260578,5.948031902313232
178,0,Vocal,18.850419998168945,-18.850419998168945,0.020944591611623764,0.020944522693753242,0.02252916805446148,97.9055404663086,97.90554809570312,97.74707794189453,0.01286280807107687,1.2862807512283325,40.57365036010742,-40.57423400878906,0.0024829991161823273,0.002482996555045247,0.003342908341437578,99.75170135498047,99.75170135498047,99.66571044921875,8.762387005845085e-05,0.008762386627495289,22.017820358276367
178,1,Bass,7.1995697021484375,-7.199569225311279,0.11521149426698685,0.11521143466234207,0.1352892816066742,88.47885131835938,88.4788589477539,86.4710693359375,0.16006264090538025,16.006263732910156,21.22574806213379,-21.225723266601562,0.04285884648561478,0.04285789653658867,0.05886530876159668,95.71411895751953,95.7142105102539,94.11347198486328,0.007484528236091137,0.7484528422355652,13.327559471130371
178,2,Drums,24.538251876831055,-24.538240432739258,0.003259369870647788,0.003259366611018777,0.004951149690896273,99.67406463623047,99.67406463623047,99.5048828125,0.003504726104438305,0.3504725992679596,36.79941177368164,-36.79896545410156,0.0017908760346472263,0.001790874172002077,0.002259762492030859,99.82091522216797,99.82091522216797,99.77401733398438,0.0002089069748762995,0.020890697836875916,12.25158977508545
179,0,Vocal,22.845666885375977,-22.845638275146484,0.012760084122419357,0.012760062702000141,0.01337385457009077,98.72399139404297,98.7239990234375,98.66261291503906,0.005166369955986738,0.5166369676589966,38.155662536621094,-38.15433883666992,0.0024046413600444794,0.002404640894383192,0.003025855403393507,99.75953674316406,99.75953674316406,99.69741821289062,0.00015289982547983527,0.01528998278081417,15.553181648254395
179,1,Bass,9.132790565490723,-9.13278865814209,0.10495010763406754,0.10495009273290634,0.13220971822738647,89.50498962402344,89.50498962402344,86.7790298461914,0.10881504416465759,10.88150405883789,22.184560775756836,-22.18456268310547,0.03780398517847061,0.03780397027730942,0.043718986213207245,96.21959686279297,96.2196044921875,95.62809753417969,0.006010702811181545,0.6010702848434448,12.702821731567383
179,2,Drums,26.30706787109375,-26.307031631469727,0.0021456170361489058,0.0021456002723425627,0.0023154285736382008,99.78543853759766,99.78543853759766,99.76846313476562,0.0023349756374955177,0.23349756002426147,35.06914520263672,-35.07051086425781,0.0010634164791554213,0.0010634076315909624,0.0011650484520941973,99.89366149902344,99.89366149902344,99.88349914550781,0.0003110776306129992,0.031107762828469276,8.757325172424316
180,0,Vocal,15.946645736694336,-15.94664478302002,0.031051360070705414,0.03105129860341549,0.033828556537628174,96.89486694335938,96.8948745727539,96.61714172363281,0.0247988048940897,2.4798805713653564,35.9174690246582,-35.91701126098633,0.009045873768627644,0.009045867249369621,0.010884677991271019,99.09541320800781,99.09541320800781,98.91152954101562,0.0002559381537139416,0.025593815371394157,20.485265731811523
180,1,Bass,10.917948722839355,-10.917947769165039,0.24455636739730835,0.2445540428161621,0.24608060717582703,75.54436492919922,75.54459381103516,75.39193725585938,0.07488593459129333,7.488593578338623,16.645278930664062,-16.64527702331543,0.10091916471719742,0.10091834515333176,0.1193980798125267,89.9080810546875,89.90816497802734,88.06019592285156,0.021191898733377457,2.119189977645874,5.177862167358398
180,2,Drums,24.566362380981445,-24.566335678100586,0.0022895033471286297,0.0022895028814673424,0.003006639890372753,99.77104949951172,99.77104949951172,99.69933319091797,0.0034821873996406794,0.34821873903274536,29.83945083618164,-29.839435577392578,0.025277946144342422,0.025277942419052124,0.025283705443143845,97.47220611572266,97.47220611572266,97.47163391113281,0.001036610803566873,0.10366108268499374,5.828160285949707
181,0,Vocal,19.218923568725586,-19.218921661376953,0.03965684771537781,0.03965684399008751,0.04152362793684006,96.03430938720703,96.03431701660156,95.8476333618164,0.011828780174255371,1.182878017425537,37.47810745239258,-37.47825241088867,0.003600258147343993,0.003600258147343993,0.005418849643319845,99.63997650146484,99.63997650146484,99.45811462402344,0.00017867614224087447,0.017867613583803177,18.65116310119629
181,1,Bass,14.534758567810059,-14.534770011901855,0.190073162317276,0.19007021188735962,0.19777162373065948,80.99268341064453,80.99298095703125,80.22283935546875,0.0340016670525074,3.4001667499542236,24.417417526245117,-24.417369842529297,0.03602607920765877,0.03602563589811325,0.03907545655965805,96.39739227294922,96.3974380493164,96.09245300292969,0.003603254910558462,0.36032548546791077,9.50645923614502
181,2,Drums,29.986652374267578,-29.986726760864258,0.001948827994056046,0.001948827994056046,0.001497735152952373,99.80511474609375,99.80511474609375,99.85022735595703,0.0010020856279879808,0.10020856559276581,38.3815803527832,-38.381317138671875,0.0007119361544027925,0.0007119361544027925,0.00044822649215348065,99.9288101196289,99.9288101196289,99.9551773071289,0.00014515698421746492,0.014515697956085205,8.397229194641113
182,0,Vocal,19.01797103881836,-19.017963409423828,0.011744355782866478,0.01174432784318924,0.012495825998485088,98.8255615234375,98.82556915283203,98.75041961669922,0.0123820211738348,1.2382020950317383,36.187721252441406,-36.18791198730469,0.005033185705542564,0.005033185705542564,0.006496794521808624,99.4966812133789,99.4966812133789,99.3503189086914,0.00024049179046414793,0.0240491796284914,17.745878219604492
182,1,Bass,15.044912338256836,-15.044912338256836,0.03597130998969078,0.03597130998969078,0.013731923885643482,96.40287017822266,96.40287017822266,98.6268081665039,0.030347688123583794,3.03476881980896,38.85411071777344,-38.85470962524414,0.01749354600906372,0.01749354600906372,0.01953951269388199,98.25064849853516,98.25064849853516,98.0460433959961,0.00013017738820053637,0.013017739169299603,23.93071746826172
182,2,Drums,32.769588470458984,-32.76939392089844,0.0070670414716005325,0.007067041005939245,0.006311951670795679,99.29329681396484,99.29329681396484,99.36880493164062,0.0005282460479065776,0.052824605256319046,45.85222244262695,-45.84473419189453,0.0013554879697039723,0.0013554878532886505,0.001230048481374979,99.86445617675781,99.86445617675781,99.87699127197266,2.6009443899965845e-05,0.0026009443681687117,13.082361221313477
183,0,Vocal,29.908493041992188,-29.908449172973633,0.02126159518957138,0.02126159518957138,0.02242986112833023,97.87384033203125,97.87384033203125,97.75701141357422,0.0010202775010839105,0.10202775150537491,41.45146179199219,-41.452083587646484,0.0022157481871545315,0.0022157481871545315,0.0022297396790236235,99.77842712402344,99.77842712402344,99.77702331542969,7.159925007726997e-05,0.007159925065934658,11.822002410888672
183,1,Bass,17.723365783691406,-17.723392486572266,0.13766208291053772,0.1376596987247467,0.14681124687194824,86.23379516601562,86.2340316772461,85.31887817382812,0.01661067083477974,1.6610671281814575,18.083229064941406,-18.083229064941406,0.03620205819606781,0.036201391369104385,0.024873988702893257,96.37979125976562,96.3798599243164,97.51260375976562,0.015309998765587807,1.5309998989105225,0.3679015040397644
183,2,Drums,35.65922927856445,-35.659385681152344,0.0012974451528862119,0.0012974445708096027,0.0029322172049432993,99.87025451660156,99.87025451660156,99.70677947998047,0.0002716361777856946,0.027163617312908173,42.281829833984375,-42.27899169921875,0.002470835344865918,0.0024708341807127,0.0035589616745710373,99.75291442871094,99.75291442871094,99.64410400390625,5.915231304243207e-05,0.005915231071412563,6.655908107757568
184,0,Vocal,36.27251434326172,-36.27218246459961,0.009440998546779156,0.009440994821488857,0.010132218711078167,99.05590057373047,99.05590057373047,98.98677825927734,0.00023584661539644003,0.02358466200530529,44.69593048095703,-44.69416809082031,0.00248267431743443,0.0024826740846037865,0.003605474019423127,99.7517318725586,99.7517318725586,99.63945007324219,3.393000952200964e-05,0.0033930009230971336,8.632172584533691
184,1,Bass,32.8482551574707,-32.84785461425781,0.05351410433650017,0.05351400002837181,0.05325078219175339,94.64859008789062,94.64859771728516,94.67491912841797,0.0005187847418710589,0.05187847465276718,36.221221923828125,-36.221107482910156,0.013486560434103012,0.013486542738974094,0.012993096373975277,98.6513442993164,98.6513442993164,98.70069122314453,0.0002386565611232072,0.023865656927227974,3.3338425159454346
184,2,Drums,40.696510314941406,-40.69654083251953,0.002363662701100111,0.00236366200260818,0.0025162927340716124,99.76363372802734,99.76363372802734,99.74837493896484,8.515782974427566e-05,0.008515782654285431,46.40378952026367,-46.39642333984375,0.0010674740187823772,0.0010674733202904463,0.0013577694771811366,99.89325714111328,99.89325714111328,99.86421966552734,2.291363307449501e-05,0.002291363198310137,5.721194744110107
185,0,Vocal,17.092073440551758,-17.092077255249023,0.07353903353214264,0.07353897392749786,0.07223272323608398,92.6460952758789,92.64610290527344,92.77672576904297,0.019159842282533646,1.9159842729568481,39.619842529296875,-39.61789321899414,0.003771009622141719,0.0037710091564804316,0.00477878050878644,99.6229019165039,99.6229019165039,99.5221176147461,0.0001091359299607575,0.010913592763245106,22.7646541595459
185,1,Bass,18.147581100463867,-18.14757537841797,0.221062570810318,0.22106073796749115,0.21956391632556915,77.89374542236328,77.8939208984375,78.04360961914062,0.015088269487023354,1.5088269710540771,30.931041717529297,-30.931156158447266,0.057866159826517105,0.057865481823682785,0.057651810348033905,94.21338653564453,94.21344757080078,94.23481750488281,0.0008063696441240609,0.08063696324825287,12.42449951171875
185,2,Drums,33.28376007080078,-33.283973693847656,0.0023315672297030687,0.0023315618745982647,0.0025631426833570004,99.766845703125,99.766845703125,99.74369049072266,0.00046926888171583414,0.046926889568567276,44.71122360229492,-44.708473205566406,0.00044250942301005125,0.0004425083752721548,0.000642601225990802,99.95574951171875,99.95574951171875,99.93573760986328,3.3824264392023906e-05,0.003382426453754306,11.43258285522461
186,0,Vocal,28.320350646972656,-28.320281982421875,0.010623235255479813,0.010623232461512089,0.011330134235322475,98.93767547607422,98.93767547607422,98.86698913574219,0.001470021903514862,0.1470021903514862,45.7246208190918,-45.72898864746094,0.0011823733802884817,0.0011823733802884817,0.0019921232014894485,99.88175964355469,99.88175964355469,99.80078887939453,2.6776042432175018e-05,0.0026776043232530355,17.59984016418457
186,1,Bass,14.833736419677734,-14.833732604980469,0.06699527055025101,0.06699518859386444,0.06934976577758789,93.30047607421875,93.30047607421875,93.06502532958984,0.031811684370040894,3.181168556213379,24.687454223632812,-24.687416076660156,0.024431804195046425,0.02443179301917553,0.031230503693223,97.55681610107422,97.55682373046875,96.87694549560547,0.003386767813935876,0.338676780462265,9.751974105834961
186,2,Drums,38.430015563964844,-38.429908752441406,0.002011189702898264,0.002011189702898264,0.0021887316834181547,99.79888153076172,99.79888153076172,99.7811279296875,0.00014351574645843357,0.014351574704051018,46.04573059082031,-46.039466857910156,0.0006298225489445031,0.0006298223743215203,0.0006491916719824076,99.93701934814453,99.93701934814453,99.9350814819336,2.486302582838107e-05,0.0024863025173544884,7.617974758148193
187,0,Vocal,17.148460388183594,-17.148479461669922,0.030918113887310028,0.030917929485440254,0.03266876935958862,96.90818786621094,96.908203125,96.73312377929688,0.01891728863120079,1.8917288780212402,43.210670471191406,-43.209571838378906,0.001981734298169613,0.00198173220269382,0.002764326287433505,99.80182647705078,99.80182647705078,99.72356414794922,4.771522435476072e-05,0.004771522246301174,26.2658634185791
187,1,Bass,17.10546875,-17.105472564697266,0.05476948991417885,0.05476875230669975,0.04824027419090271,94.5230484008789,94.52312469482422,95.17597198486328,0.019101904705166817,1.910190463066101,26.415071487426758,-26.414913177490234,0.02401559054851532,0.024015255272388458,0.023646986111998558,97.59844207763672,97.59847259521484,97.63529968261719,0.0022777807898819447,0.22777807712554932,9.203155517578125
187,2,Drums,33.08368682861328,-33.0837287902832,0.0012066933559253812,0.0012066932395100594,0.0023673695977777243,99.87933349609375,99.87933349609375,99.76325988769531,0.0004914032178930938,0.0491403229534626,38.41021728515625,-38.410804748535156,0.0018123446498066187,0.0018123445333912969,0.0021523935720324516,99.81876373291016,99.81876373291016,99.78475952148438,0.00014417173224501312,0.014417173340916634,5.348217010498047
188,0,Vocal,26.346134185791016,-26.346115112304688,0.0076731471344828606,0.007673146668821573,0.008297660388052464,99.2326889038086,99.2326889038086,99.17023468017578,0.0023140558041632175,0.2314055860042572,41.0378303527832,-41.03672409057617,0.0014822852099314332,0.0014822852099314332,0.0021878452971577644,99.85176849365234,99.85176849365234,99.78121185302734,7.881743658799678e-05,0.00788174383342266,14.909605026245117
188,1,Bass,21.966245651245117,-21.96624755859375,0.056112486869096756,0.056112486869096756,0.058877330273389816,94.38875579833984,94.38875579833984,94.11226654052734,0.006318648345768452,0.6318648457527161,32.43197250366211,-32.432193756103516,0.015230373479425907,0.015230298973619938,0.015290213748812675,98.47696685791016,98.47696685791016,98.47097778320312,0.0005708828684873879,0.05708828568458557,10.317495346069336
188,2,Drums,26.256467819213867,-26.25664520263672,0.0005867229774594307,0.0005867229774594307,0.0009640196221880615,99.94132232666016,99.94132232666016,99.90359497070312,0.0023621979635208845,0.23621979355812073,36.0374755859375,-36.037906646728516,0.0006943632615730166,0.0006943618063814938,0.000981446704827249,99.9305648803711,99.9305648803711,99.90185546875,0.0002489703765604645,0.02489703707396984,9.784167289733887
189,0,Vocal,9.62686538696289,-9.626862525939941,0.1303357034921646,0.1303357034921646,0.1369761973619461,86.9664306640625,86.9664306640625,86.30238342285156,0.0982636883854866,9.826369285583496,32.01771545410156,-32.01756286621094,0.008333933539688587,0.008333932608366013,0.00875841174274683,99.16661071777344,99.16661071777344,99.12416076660156,0.0006280362140387297,0.06280361860990524,22.653776168823242
189,1,Bass,13.853644371032715,-13.853644371032715,0.2732294201850891,0.2732293903827667,0.27880600094795227,72.67705535888672,72.67706298828125,72.11940002441406,0.03954688459634781,3.954688549041748,23.326425552368164,-23.326393127441406,0.09012879431247711,0.09012879431247711,0.09371132403612137,90.98712158203125,90.98712158203125,90.62886810302734,0.004627464339137077,0.46274644136428833,9.06761360168457
189,2,Drums,44.74197006225586,-44.74103927612305,0.0012440524296835065,0.0012440524296835065,0.0013218041276559234,99.87559509277344,99.87559509277344,99.8678207397461,3.356402521603741e-05,0.0033564025070518255,45.94281005859375,-45.939125061035156,0.0009528903756290674,0.0009528897935524583,0.0009682264644652605,99.90470886230469,99.90470886230469,99.9031753540039,2.5448367523495108e-05,0.002544836839661002,1.2229713201522827
190,0,Vocal,18.001070022583008,-18.001075744628906,0.19465391337871552,0.19465361535549164,0.19838474690914154,80.53460693359375,80.53463745117188,80.1615219116211,0.015597888268530369,1.5597888231277466,28.123138427734375,-28.123126983642578,0.022863905876874924,0.02286388725042343,0.025817135348916054,97.71360778808594,97.71361541748047,97.41828155517578,0.0015381909906864166,0.15381909906864166,11.285886764526367
190,1,Bass,16.876127243041992,-16.876123428344727,0.028959238901734352,0.028959151357412338,0.025910301133990288,97.10408020019531,97.10408782958984,97.40896606445312,0.020116932690143585,2.011693239212036,26.928852081298828,-26.928733825683594,0.010547536425292492,0.01054750569164753,0.006529961246997118,98.94525146484375,98.94525146484375,99.34700012207031,0.0020241306629031897,0.20241306722164154,9.978745460510254
190,2,Drums,35.38136672973633,-35.38180160522461,0.0003621256910264492,0.0003621235955506563,0.0,99.96379089355469,99.96379089355469,100.0,0.0002895423094742,0.02895423024892807,43.17825698852539,-43.17336654663086,0.00019106072431895882,0.0001910594291985035,0.0,99.98089599609375,99.98089599609375,100.0,4.8128706112038344e-05,0.004812870640307665,7.797298431396484
191,0,Vocal,7.956575393676758,-7.956575393676758,0.2536388337612152,0.25363850593566895,0.2650017738342285,74.63611602783203,74.63614654541016,73.49982452392578,0.1379920095205307,13.799201011657715,28.883399963378906,-28.8834285736084,0.018837064504623413,0.018836840987205505,0.02963598258793354,98.11628723144531,98.11631774902344,97.0363998413086,0.0012915263650938869,0.12915264070034027,21.76591682434082
191,1,Bass,18.383594512939453,-18.383594512939453,0.05101034417748451,0.05101001635193825,0.05749083310365677,94.89896392822266,94.89900207519531,94.25091552734375,0.014301602728664875,1.4301602840423584,30.335664749145508,-30.335342407226562,0.013908352702856064,0.013908252120018005,0.016726680099964142,98.60916900634766,98.60917663574219,98.32733154296875,0.0009247885318472981,0.09247885644435883,11.79310417175293
191,2,Drums,34.890602111816406,-34.89060974121094,0.0006501824827864766,0.000650182191748172,0.000730828964151442,99.93498229980469,99.93498229980469,99.92691802978516,0.00032422688673250377,0.032422687858343124,44.627769470214844,-44.62678527832031,0.00048000324750319123,0.0004800032183993608,0.0007730255601927638,99.9520034790039,99.9520034790039,99.92269897460938,3.4480573958717287e-05,0.0034480574540793896,9.742510795593262
192,0,Vocal,34.04676055908203,-34.04670715332031,0.0022552860900759697,0.002255285158753395,0.0024946334306150675,99.77447509765625,99.77447509765625,99.75053405761719,0.00039370154263451695,0.03937015309929848,44.97978973388672,-44.96909713745117,0.0019873580895364285,0.001987357856705785,0.0025328630581498146,99.80126953125,99.80126953125,99.74671936035156,3.175659730914049e-05,0.003175659803673625,11.170873641967773
192,1,Bass,13.06969165802002,-13.06968879699707,0.020075589418411255,0.02007557451725006,0.021386096253991127,97.99244689941406,97.99244689941406,97.86138916015625,0.04700273647904396,4.700273513793945,23.361408233642578,-23.361431121826172,0.022438930347561836,0.022438915446400642,0.026304632425308228,97.756103515625,97.756103515625,97.36953735351562,0.004590485244989395,0.4590485095977783,10.262299537658691
192,2,Drums,30.267831802368164,-30.267940521240234,0.02338862046599388,0.023388603702187538,0.02425934374332428,97.66114044189453,97.66114044189453,97.57406616210938,0.0009393147774972022,0.09393148124217987,39.47979736328125,-39.47953796386719,0.0035297793801873922,0.0035297772847115993,0.004662568215280771,99.64701843261719,99.64701843261719,99.53374481201172,0.00011270464165136218,0.011270464397966862,9.230083465576172
193,0,Vocal,3.3867905139923096,-3.3867907524108887,0.3295617699623108,0.3295617699623108,0.3467239737510681,67.0438232421875,67.0438232421875,65.32760620117188,0.31435492634773254,31.43549346923828,26.242429733276367,-26.24245834350586,0.040299758315086365,0.0402996800839901,0.07490844279527664,95.97002410888672,95.97003173828125,92.5091552734375,0.0023698974400758743,0.23698973655700684,23.43131446838379
193,1,Bass,16.609912872314453,-16.609912872314453,0.019251463934779167,0.019251462072134018,0.011171345598995686,98.0748519897461,98.0748519897461,98.88286590576172,0.021361440420150757,2.1361441612243652,28.502944946289062,-28.50323486328125,0.02098466083407402,0.02098466083407402,0.022502953186631203,97.90153503417969,97.90153503417969,97.74970245361328,0.0014095467049628496,0.14095467329025269,12.22684097290039
193,2,Drums,33.325904846191406,-33.325927734375,0.00017764786025509238,0.00017764786025509238,0.0,99.98223876953125,99.98223876953125,100.0,0.0004647551104426384,0.04647551104426384,21.337621688842773,-21.337623596191406,0.11247614026069641,0.11247614026069641,0.1383892148733139,88.75238800048828,88.75238800048828,86.16107940673828,0.007295554969459772,0.7295554876327515,-9.882149696350098
194,0,Vocal,5.119241714477539,-5.119240760803223,0.3200446367263794,0.3200388252735138,0.3302598297595978,67.99553680419922,67.99612426757812,66.9740219116211,0.23527728021144867,23.527727127075195,13.714498519897461,-13.714498519897461,0.24976475536823273,0.24976179003715515,0.36014461517333984,75.02352905273438,75.02381896972656,63.985538482666016,0.040781907737255096,4.078190803527832,19.757322311401367
194,1,Bass,18.229766845703125,-18.22974395751953,0.015355754643678665,0.015355730429291725,0.008713873103260994,98.46442413330078,98.46443176269531,99.12860870361328,0.014809614047408104,1.4809614419937134,20.663959503173828,-20.663949966430664,0.09352246671915054,0.09352226555347443,0.10938292741775513,90.64775085449219,90.64777374267578,89.06170654296875,0.008509308099746704,0.8509308099746704,4.302736759185791
194,2,Drums,37.37078094482422,-37.371315002441406,0.00011310028639854863,0.00011310028639854863,0.0,99.98868560791016,99.98868560791016,100.0,0.00018315827765036374,0.01831582747399807,14.365567207336426,-14.365564346313477,0.04823580011725426,0.04823580011725426,0.1296079009771347,95.17642211914062,95.17642211914062,87.0392074584961,0.035304825752973557,3.530482530593872,-21.375835418701172
195,0,Vocal,41.43701934814453,-41.4362907409668,0.0009087100625038147,0.0009087100625038147,0.0010049444390460849,99.90912628173828,99.90912628173828,99.89950561523438,7.178815576480702e-05,0.007178815547376871,55.81266403198242,-55.85678482055664,0.00014812960580457002,0.00014812960580457002,0.0006104342173784971,99.98519134521484,99.98519134521484,99.93895721435547,2.6274665287928656e-06,0.00026274664560332894,14.430617332458496
195,1,Bass,16.011812210083008,-16.011816024780273,0.03859039768576622,0.038590334355831146,0.038037966936826706,96.14096069335938,96.1409683227539,96.19620513916016,0.02443845011293888,2.44384503364563,35.57987976074219,-35.58020782470703,0.016619140282273293,0.016619114205241203,0.01726038195192814,98.33808898925781,98.33808898925781,98.27396392822266,0.0002766591205727309,0.027665911242365837,19.55138397216797
195,2,Drums,11.892367362976074,-11.892366409301758,0.0011082513956353068,0.0011082513956353068,0.0,99.88917541503906,99.88917541503906,100.0,0.06074976921081543,6.074976921081543,36.757476806640625,-36.75735092163086,0.004922538064420223,0.004922538064420223,0.004178366623818874,99.50775146484375,99.50775146484375,99.58216857910156,0.00021093894611112773,0.02109389379620552,24.94118309020996
196,0,Vocal,28.949932098388672,-28.949932098388672,0.005365234799683094,0.005365233868360519,0.005728963762521744,99.4634780883789,99.4634780883789,99.4271011352539,0.0012718563666567206,0.1271856427192688,40.216461181640625,-40.2159309387207,0.001568136620335281,0.001568136503919959,0.0012864720774814487,99.84318542480469,99.84318542480469,99.87135314941406,9.515729470876977e-05,0.009515729732811451,11.621186256408691
196,1,Bass,27.972400665283203,-27.97247886657715,0.01705613173544407,0.017056090757250786,0.017593353986740112,98.29438781738281,98.29438781738281,98.24066162109375,0.0015924988547340035,0.15924988687038422,36.97260665893555,-36.97524642944336,0.010891927406191826,0.01089190412312746,0.011407961137592793,98.91081237792969,98.91081237792969,98.85919952392578,0.00020071731705684215,0.020071731880307198,8.99947738647461
196,2,Drums,31.47006607055664,-31.470722198486328,0.0058064707554876804,0.005806468427181244,0.005930817686021328,99.41935729980469,99.41935729980469,99.40691375732422,0.0007122756214812398,0.07122756540775299,30.427688598632812,-30.427810668945312,0.027016887441277504,0.02701687440276146,0.021199487149715424,97.29830932617188,97.29830932617188,97.88005065917969,0.0009053742978721857,0.090537428855896,0.048294804990291595
197,0,Vocal,38.397666931152344,-38.39789581298828,0.0007890966953709722,0.0007890966953709722,0.0009342099656350911,99.92108917236328,99.92108917236328,99.90657806396484,0.00014463344996329397,0.01446334458887577,54.46567153930664,-54.426307678222656,0.0004167317529208958,0.0004167317529208958,0.0007333274697884917,99.95832824707031,99.95832824707031,99.92666625976562,3.5937773645855486e-06,0.00035937773645855486,16.11870002746582
197,1,Bass,14.354277610778809,-14.354278564453125,0.00942317396402359,0.009423171170055866,0.01221033651381731,99.05767822265625,99.05767822265625,98.77896881103516,0.03539340943098068,3.5393409729003906,25.383861541748047,-25.38382339477539,0.018480388447642326,0.01848038285970688,0.013048067688941956,98.15196228027344,98.15196228027344,98.69519805908203,0.002886419417336583,0.28864192962646484,11.201543807983398
197,2,Drums,18.7820987701416,-18.78209686279297,0.04418144375085831,0.04418144375085831,0.043135207146406174,95.58185577392578,95.58185577392578,95.68647766113281,0.0130640659481287,1.3064066171646118,26.113941192626953,-26.113901138305664,0.10922831296920776,0.10922830551862717,0.10927940905094147,89.0771713256836,89.0771713256836,89.07205963134766,0.002440867479890585,0.24408674240112305,10.765779495239258
198,0,Vocal,21.48858070373535,-21.48858070373535,0.0020864903926849365,0.002086490159854293,0.0031064776703715324,99.79135131835938,99.79135131835938,99.6893539428711,0.007048035506159067,0.7048035264015198,41.69312286376953,-41.69331359863281,0.0005769329727627337,0.0005769329145550728,0.0004723762976936996,99.94230651855469,99.94230651855469,99.95276641845703,6.775330257369205e-05,0.006775330286473036,20.282995223999023
198,1,Bass,14.60485553741455,-14.604849815368652,0.011944888159632683,0.011944861151278019,0.01914186403155327,98.80551147460938,98.80551147460938,98.0858154296875,0.03347555175423622,3.347555160522461,21.226619720458984,-21.226699829101562,0.011972109787166119,0.01197210792452097,0.012899836525321007,98.80278778076172,98.80278778076172,98.71002197265625,0.007482940796762705,0.7482940554618835,6.604513645172119
198,2,Drums,28.244651794433594,-28.244606018066406,0.0005048046004958451,0.0005048044840805233,0.0,99.94952392578125,99.94952392578125,100.0,0.001495822099968791,0.14958220720291138,34.09172439575195,-34.091495513916016,0.0031640552915632725,0.0031640545930713415,0.0026489512529224157,99.68359375,99.68359375,99.735107421875,0.0003896648995578289,0.03896649181842804,6.021542072296143
199,0,Vocal,36.158748626708984,-36.15837860107422,0.005751841235905886,0.005751841235905886,0.006207794416695833,99.42481231689453,99.42481231689453,99.37921905517578,0.0002421183598926291,0.024211835116147995,46.93232727050781,-46.92531967163086,0.0005680609028786421,0.0005680609028786421,0.001112762140110135,99.94319915771484,99.94319915771484,99.88872528076172,2.027586924668867e-05,0.0020275870338082314,10.92724895477295
199,1,Bass,17.761943817138672,-17.76192855834961,0.04399494454264641,0.04399494454264641,0.04691755771636963,95.60050201416016,95.60050201416016,95.30824279785156,0.016466310247778893,1.6466310024261475,30.435710906982422,-30.43557357788086,0.029312370344996452,0.029312366619706154,0.03276664391160011,97.06876373291016,97.06876373291016,96.72333526611328,0.0009037142735905945,0.09037142992019653,12.656939506530762
199,2,Drums,29.38235092163086,-29.382369995117188,0.013231612741947174,0.013231612741947174,0.013643966056406498,98.67683410644531,98.67683410644531,98.63560485839844,0.001151515170931816,0.11515151709318161,36.113006591796875,-36.112648010253906,0.006859171204268932,0.006859171204268932,0.003253370523452759,99.31407928466797,99.31407928466797,99.67466735839844,0.0002446867583785206,0.02446867525577545,7.034051418304443
200,0,Vocal,12.132097244262695,-12.132096290588379,0.2498905509710312,0.2498905211687088,0.2525179982185364,75.01094055175781,75.01094818115234,74.74819946289062,0.05767545849084854,5.767545700073242,34.67707824707031,-34.6764030456543,0.022138793021440506,0.02213873341679573,0.026148665696382523,97.78612518310547,97.78612518310547,97.3851318359375,0.0003405142342671752,0.03405142202973366,22.80820655822754
200,1,Bass,5.790953636169434,-5.790951728820801,0.26790851354599,0.26790815591812134,0.26218169927597046,73.20915222167969,73.20918273925781,73.78182983398438,0.20859485864639282,20.859485626220703,21.269102096557617,-21.269081115722656,0.17206472158432007,0.17206448316574097,0.1752769947052002,82.79352569580078,82.79354858398438,82.47229766845703,0.007410675287246704,0.7410675287246704,15.33765983581543
200,2,Drums,45.83234405517578,-45.827293395996094,0.0013719293056055903,0.0013719291891902685,0.001140905893407762,99.86280822753906,99.86280822753906,99.88591003417969,2.612334537843708e-05,0.002612334443256259,42.20372772216797,-42.20576477050781,0.0010022675851359963,0.0010022675851359963,0.0012905927142128348,99.89977264404297,99.89977264404297,99.87094116210938,6.019671855028719e-05,0.00601967191323638,-3.6035783290863037
201,0,Vocal,17.92909049987793,-17.929092407226562,0.12836357951164246,0.12836353480815887,0.12625518441200256,87.16363525390625,87.16364288330078,87.37448120117188,0.015854449942708015,1.5854450464248657,39.596187591552734,-39.60146713256836,0.0026970577891916037,0.002697055460885167,0.0017521473346278071,99.73029327392578,99.73029327392578,99.82478332519531,0.00010965362889692187,0.010965363122522831,21.957645416259766
201,1,Bass,9.941375732421875,-9.941376686096191,0.28159987926483154,0.28159984946250916,0.2885616719722748,71.84001159667969,71.84001159667969,71.14382934570312,0.09203090518712997,9.20309066772461,11.110723495483398,-11.110721588134766,0.24295789003372192,0.24295784533023834,0.24956601858139038,75.70420837402344,75.70421600341797,75.04339599609375,0.07186834514141083,7.186834335327148,1.0014991760253906
201,2,Drums,35.71101379394531,-35.70982360839844,0.002000757260248065,0.002000757260248065,0.0005844552651979029,99.7999267578125,99.7999267578125,99.9415512084961,0.0002684246574062854,0.02684246562421322,47.775550842285156,-47.77388000488281,0.0008026925497688353,0.0008026925497688353,0.0007011668640188873,99.91973114013672,99.91973114013672,99.92987823486328,1.6693446013960056e-05,0.0016693446086719632,12.069781303405762
202,0,Vocal,7.882591247558594,-7.8825907707214355,0.23817719519138336,0.23817694187164307,0.2395850419998169,76.18228149414062,76.18230438232422,76.04149627685547,0.1400308907032013,14.00308895111084,29.25220489501953,-29.25229835510254,0.009617987088859081,0.009617986157536507,0.013726730830967426,99.03820037841797,99.03820037841797,98.62732696533203,0.001186469104140997,0.11864691227674484,21.808605194091797
202,1,Bass,9.415855407714844,-9.415855407714844,0.3248525559902191,0.32485222816467285,0.3171427845954895,67.51473999023438,67.51477813720703,68.28572082519531,0.10265368223190308,10.265368461608887,10.767060279846191,-10.767059326171875,0.23409390449523926,0.23409375548362732,0.22970405220985413,76.59060668945312,76.59062194824219,77.02959442138672,0.07732876390218735,7.732876300811768,1.2536113262176514
202,2,Drums,40.02741241455078,-40.02659606933594,0.000911719398573041,0.000911719398573041,0.0009739494998939335,99.90882873535156,99.90882873535156,99.90260314941406,9.936061542248353e-05,0.009936061687767506,41.23628234863281,-41.235103607177734,0.0015219013439491391,0.0015219013439491391,0.0017753241118043661,99.84780883789062,99.84780883789062,99.82246398925781,7.526380068156868e-05,0.007526380009949207,1.282240390777588
203,0,Vocal,20.853633880615234,-20.853683471679688,0.14712795615196228,0.1471276432275772,0.1480879932641983,85.28720092773438,85.28723907470703,85.19120025634766,0.008148535154759884,0.8148534893989563,41.04112243652344,-41.03809356689453,0.0033254162408411503,0.003325415775179863,0.004930436611175537,99.6674575805664,99.6674575805664,99.5069580078125,7.867827662266791e-05,0.007867828011512756,20.438251495361328
203,1,Bass,1.9887508153915405,-1.9887502193450928,0.3926191031932831,0.39261800050735474,0.38789719343185425,60.73808670043945,60.73820114135742,61.21028137207031,0.3874777555465698,38.74777603149414,17.18136978149414,-17.18135643005371,0.254755437374115,0.2547541558742523,0.2578713297843933,74.52445983886719,74.52458190917969,74.2128677368164,0.01877721957862377,1.877721905708313,14.35345458984375
203,2,Drums,36.3601188659668,-36.360618591308594,0.0015895325923338532,0.0015895325923338532,0.0002784685930237174,99.84104919433594,99.84104919433594,99.97215270996094,0.00023112125927582383,0.02311212569475174,26.999126434326172,-26.999107360839844,0.013959101401269436,0.013959101401269436,0.01558890100568533,98.60408782958984,98.60408782958984,98.44110870361328,0.0019916899036616087,0.19916899502277374,-9.047098159790039
204,0,Vocal,7.395017147064209,-7.395017623901367,0.4046434462070465,0.4046420753002167,0.400288850069046,59.53565979003906,59.535789489746094,59.97111892700195,0.15410439670085907,15.410439491271973,27.823240280151367,-27.823165893554688,0.03218226134777069,0.03218225762248039,0.0375516377389431,96.78176879882812,96.78176879882812,96.24483489990234,0.0016480260528624058,0.16480261087417603,21.787710189819336
204,1,Bass,7.6135945320129395,-7.6135945320129395,0.423669695854187,0.4236685335636139,0.4168022871017456,57.63302993774414,57.633148193359375,58.31977081298828,0.14765729010105133,14.765728950500488,12.274368286132812,-12.27436637878418,0.26657819747924805,0.26657798886299133,0.24841134250164032,73.34217834472656,73.34220123291016,75.15886688232422,0.05592064931988716,5.59206485748291,3.3088393211364746
204,2,Drums,41.2639045715332,-41.26502227783203,0.0004017179016955197,0.00040171784348785877,0.0,99.95982360839844,99.95982360839844,100.0,7.47471276554279e-05,0.007474712561815977,37.88964080810547,-37.88991165161133,0.002336782868951559,0.0023367826361209154,0.0011937912786379457,99.76631927490234,99.76631927490234,99.88062286376953,0.0001625485165277496,0.0162548515945673,-3.3353753089904785
205,0,Vocal,14.246535301208496,-14.246532440185547,0.1700446754693985,0.17004461586475372,0.17239072918891907,82.99553680419922,82.99553680419922,82.76093292236328,0.03625022992491722,3.6250228881835938,34.6181640625,-34.618343353271484,0.03152533248066902,0.03152533248066902,0.03245428204536438,96.84746551513672,96.84746551513672,96.75457763671875,0.00034514794242568314,0.03451479598879814,20.639894485473633
205,1,Bass,2.7283382415771484,-2.7283380031585693,0.35737964510917664,0.3573794364929199,0.3647350072860718,64.26203155517578,64.26205444335938,63.5265007019043,0.34791359305381775,34.791358947753906,19.993011474609375,-19.993017196655273,0.19589971005916595,0.1958984136581421,0.20968741178512573,80.41002655029297,80.41015625,79.03125762939453,0.009916801005601883,0.9916800856590271,16.45221710205078
205,2,Drums,35.328041076660156,-35.327720642089844,0.0018254558090120554,0.0018254558090120554,0.0015333276242017746,99.81745147705078,99.81745147705078,99.84666442871094,0.00029314126004464924,0.029314126819372177,30.35841941833496,-30.35846519470215,0.024582035839557648,0.024582035839557648,0.028231928125023842,97.54179382324219,97.54179382324219,97.17681121826172,0.0009199467021971941,0.09199467301368713,-4.168382167816162
206,0,Vocal,12.019208908081055,-12.019208908081055,0.10255636274814606,0.10255526751279831,0.11140750348567963,89.7443618774414,89.74447631835938,88.85924530029297,0.059104450047016144,5.910445213317871,34.13916778564453,-34.139217376708984,0.004869472701102495,0.004869459196925163,0.0056532383896410465,99.51305389404297,99.51305389404297,99.43467712402344,0.00038542484981007874,0.0385424867272377,22.438833236694336
206,1,Bass,2.4612667560577393,-2.4612679481506348,0.4317162334918976,0.4317077100276947,0.4523543119430542,56.8283805847168,56.829227447509766,54.76456832885742,0.361992210149765,36.199222564697266,9.094311714172363,-9.094311714172363,0.38174840807914734,0.3817397356033325,0.39745059609413147,61.825157165527344,61.826026916503906,60.25494384765625,0.10967722535133362,10.96772289276123,5.410484790802002
206,2,Drums,34.66416931152344,-34.66408157348633,0.0016735659446567297,0.0016735653625801206,0.0005586041952483356,99.8326416015625,99.8326416015625,99.94413757324219,0.0003415356623008847,0.034153565764427185,40.500404357910156,-40.498878479003906,0.0008881247485987842,0.0008881243993528187,0.0,99.91118621826172,99.91118621826172,100.0,8.911073382478207e-05,0.008911073207855225,5.848459720611572
207,0,Vocal,20.013385772705078,-20.013381958007812,0.11744862049818039,0.1174486055970192,0.11823474615812302,88.25513458251953,88.25513458251953,88.17652130126953,0.009870834648609161,0.9870834350585938,44.40800476074219,-44.40587615966797,0.0017923582345247269,0.0017923582345247269,0.002496799686923623,99.82076263427734,99.82076263427734,99.75032043457031,3.6222518247086555e-05,0.003622251795604825,24.59682846069336
207,1,Bass,0.09830084443092346,-0.0983002632856369,0.5363940000534058,0.5363937020301819,0.5130624175071716,46.360599517822266,46.36063003540039,48.69375991821289,0.49434158205986023,49.43415832519531,11.231802940368652,-11.231801986694336,0.47152209281921387,0.47152209281921387,0.45929741859436035,52.8477897644043,52.8477897644043,54.07025909423828,0.07003068923950195,7.003068923950195,9.164935111999512
207,2,Drums,37.246761322021484,-37.2462158203125,0.0008837398490868509,0.0008837398490868509,0.002135117072612047,99.91162109375,99.91162109375,99.78649139404297,0.00018847963656298816,0.018847962841391563,40.90188980102539,-40.9014892578125,0.002134621376171708,0.002134621376171708,0.003560630837455392,99.78653717041016,99.78653717041016,99.64393615722656,8.121851715259254e-05,0.008121851831674576,3.8720016479492188
208,0,Vocal,22.08470916748047,-22.084806442260742,0.005879235919564962,0.005879235919564962,0.006205317564308643,99.41207885742188,99.41207885742188,99.37947082519531,0.006149606313556433,0.6149606108665466,43.09299087524414,-43.09470748901367,0.0017881710082292557,0.0017881708918139338,0.0023404250387102365,99.82118225097656,99.82118225097656,99.76595306396484,4.905465539195575e-05,0.00490546552464366,21.27388572692871
208,1,Bass,14.742071151733398,-14.742074966430664,0.0804964080452919,0.0804964080452919,0.10744991153478622,91.95035552978516,91.95035552978516,89.25501251220703,0.03246816247701645,3.2468161582946777,25.787139892578125,-25.787336349487305,0.013725871220231056,0.013725864700973034,0.02809770405292511,98.62741088867188,98.62741088867188,97.19023132324219,0.002631044713780284,0.26310446858406067,10.741963386535645
208,2,Drums,21.774486541748047,-21.77446746826172,0.010457136668264866,0.010457135736942291,0.010413418523967266,98.95428466796875,98.95428466796875,98.95865631103516,0.006601965520530939,0.6601965427398682,30.677995681762695,-30.67782974243164,0.0037644680123776197,0.003764467779546976,0.002869421150535345,99.6235580444336,99.6235580444336,99.71305847167969,0.0008547512697987258,0.0854751244187355,9.034690856933594
209,0,Vocal,17.282487869262695,-17.282482147216797,0.008167361840605736,0.008167360909283161,0.007925376296043396,99.18325805664062,99.18325805664062,99.20745849609375,0.018353018909692764,1.8353018760681152,41.0841064453125,-41.08336639404297,0.0012516655260697007,0.0012516654096543789,0.0016344926552847028,99.87483978271484,99.87483978271484,99.83655548095703,7.79474648879841e-05,0.0077947466634213924,24.03832244873047
209,1,Bass,7.28066349029541,-7.280663967132568,0.06693276017904282,0.06693214923143387,0.049617886543273926,93.30672454833984,93.3067855834961,95.0382080078125,0.15756814181804657,15.756814002990723,20.47589111328125,-20.475893020629883,0.020436516031622887,0.020435836166143417,0.016667090356349945,97.95634460449219,97.9564208984375,98.33329010009766,0.008882537484169006,0.8882537484169006,12.784626960754395
209,2,Drums,21.08251190185547,-21.082489013671875,0.0023618212435394526,0.0023618191480636597,0.001369424513541162,99.7638168334961,99.7638168334961,99.8630599975586,0.007733547128736973,0.773354709148407,37.93930435180664,-37.93982696533203,0.0013356147101148963,0.0013356136623769999,0.0010145932901650667,99.86643981933594,99.86643981933594,99.89854431152344,0.00016068546392489225,0.01606854610145092,16.869075775146484
210,0,Vocal,10.625558853149414,-10.625558853149414,0.021454069763422012,0.021454067900776863,0.023964272812008858,97.8545913696289,97.8545913696289,97.60356903076172,0.07968571782112122,7.968571662902832,32.89090347290039,-32.89099884033203,0.015927311033010483,0.015927307307720184,0.028500331565737724,98.40727233886719,98.40727233886719,97.14997100830078,0.0005136539111845195,0.05136539041996002,22.770090103149414
210,1,Bass,20.093700408935547,-20.093765258789062,0.030967509374022484,0.030966462567448616,0.023871272802352905,96.90324401855469,96.90335083007812,97.61286926269531,0.009691659361124039,0.9691659212112427,29.476308822631836,-29.47640609741211,0.005520624108612537,0.005520425271242857,0.003799672704190016,99.44793701171875,99.44795989990234,99.62003326416016,0.0011268670205026865,0.11268670111894608,9.324443817138672
210,2,Drums,13.739729881286621,-13.739729881286621,0.003881995100528002,0.003881993470713496,0.0035334837157279253,99.61180114746094,99.61180114746094,99.64665222167969,0.04055526852607727,4.0555267333984375,39.291019439697266,-39.28903579711914,0.005765443202108145,0.005765440873801708,0.00688424427062273,99.42345428466797,99.42345428466797,99.31157684326172,0.00011774763697758317,0.011774763464927673,25.532642364501953
211,0,Vocal,32.22769546508789,-32.22785949707031,0.0006153939757496119,0.0006153933354653418,0.0011027524014934897,99.93846130371094,99.93846130371094,99.88972473144531,0.0005983691080473363,0.05983690917491913,31.41980743408203,-31.41970443725586,0.0040000611916184425,0.004000059794634581,0.003772038035094738,99.59999084472656,99.59999084472656,99.62279510498047,0.0007206352893263102,0.07206352800130844,-0.4293578267097473
211,1,Bass,14.936307907104492,-14.936305046081543,0.020022669807076454,0.020022355020046234,0.00904750358313322,97.99773406982422,97.99776458740234,99.09524536132812,0.03109223209321499,3.1092231273651123,22.741548538208008,-22.74153709411621,0.006786863319575787,0.006786818616092205,0.0108916275203228,99.3213119506836,99.32131958007812,98.91083526611328,0.005291072651743889,0.5291072726249695,7.760591983795166
211,2,Drums,17.924198150634766,-17.924192428588867,0.0015985309146344662,0.001597592025063932,0.010315665043890476,99.84014892578125,99.84024047851562,98.96843719482422,0.015872038900852203,1.587203860282898,28.459396362304688,-28.459299087524414,0.011540276929736137,0.011533424258232117,0.011365561746060848,98.8459701538086,98.8466567993164,98.86344909667969,0.0014237783616408706,0.1423778384923935,10.581244468688965
212,0,Vocal,38.12360763549805,-38.12212371826172,0.0003868632484227419,0.0003868632484227419,0.0004330678202677518,99.96131896972656,99.96131896972656,99.9566879272461,0.00015403192082885653,0.01540319249033928,38.25674057006836,-38.25580978393555,0.0013508570846170187,0.0013508570846170187,0.00027590146055445075,99.86491394042969,99.86491394042969,99.972412109375,0.0001494129974162206,0.014941299334168434,0.38334783911705017
212,1,Bass,12.275343894958496,-12.275351524353027,0.012662122026085854,0.012661764398217201,0.0,98.7337875366211,98.73382568359375,100.0,0.05590871348977089,5.590871334075928,22.013038635253906,-22.013107299804688,0.013313590548932552,0.01331327948719263,0.010388713330030441,98.66864013671875,98.66867065429688,98.96112823486328,0.006251269020140171,0.6251268982887268,9.698719024658203
212,2,Drums,28.214771270751953,-28.214738845825195,0.015512119978666306,0.015511936508119106,0.015388647094368935,98.44879150390625,98.44880676269531,98.46113586425781,0.0015061513986438513,0.1506151407957077,16.393457412719727,-16.393455505371094,0.11006069928407669,0.11005890369415283,0.1428554505109787,88.99392700195312,88.99411010742188,85.7144546508789,0.022428657859563828,2.242865800857544,-9.644882202148438
213,0,Vocal,20.488550186157227,-20.488536834716797,0.006156641058623791,0.006156640592962503,0.007140563800930977,99.38433837890625,99.38433837890625,99.28594207763672,0.008856859058141708,0.885685920715332,39.41368865966797,-39.41217041015625,0.0012244684621691704,0.0012244683457538486,0.0029189351480454206,99.87755584716797,99.87755584716797,99.7081069946289,0.00011442914546933025,0.011442914605140686,19.14877700805664
213,1,Bass,12.548943519592285,-12.548941612243652,0.1931248903274536,0.1931237429380417,0.1983395218849182,80.68750762939453,80.6876220703125,80.16604614257812,0.05267500877380371,5.267500877380371,22.011333465576172,-22.01132583618164,0.07458717375993729,0.07458687573671341,0.07826316356658936,92.5412826538086,92.54131317138672,92.1736831665039,0.006253763567656279,0.6253763437271118,8.948610305786133
213,2,Drums,23.34275245666504,-23.3427791595459,0.0009225109242834151,0.0009225109242834151,0.0003571213164832443,99.90775299072266,99.90775299072266,99.96428680419922,0.004610168281942606,0.46101683378219604,34.0087776184082,-34.00910186767578,0.003153741592541337,0.0031537413597106934,0.006445771083235741,99.68462371826172,99.68462371826172,99.35542297363281,0.00039715535240247846,0.03971553593873978,10.748044967651367
214,0,Vocal,17.17919158935547,-17.179182052612305,0.0174658615142107,0.0174658615142107,0.01875288225710392,98.25341033935547,98.25341033935547,98.12471008300781,0.018786437809467316,1.8786437511444092,39.72792434692383,-39.726715087890625,0.001993834041059017,0.001993832876905799,0.0027706718537956476,99.80061340332031,99.80061340332031,99.72293090820312,0.00010650110198184848,0.010650110431015491,22.858346939086914
214,1,Bass,17.407955169677734,-17.407936096191406,0.08088570088148117,0.08088568598031998,0.09365873783826828,91.91143035888672,91.91143035888672,90.63412475585938,0.017839670181274414,1.7839670181274414,25.751771926879883,-25.751731872558594,0.009597034193575382,0.009597032330930233,0.013646635226905346,99.04029083251953,99.04029846191406,98.63533020019531,0.0026526039000600576,0.26526039838790894,8.099617958068848
214,2,Drums,20.8048038482666,-20.80481719970703,0.0017885583220049739,0.0017885583220049739,0.0,99.8211441040039,99.8211441040039,100.0,0.008239971473813057,0.8239971399307251,35.61088180541992,-35.61125946044922,0.0016647626180201769,0.0016647626180201769,0.0013085564132779837,99.83352661132812,99.83352661132812,99.869140625,0.00027465925086289644,0.027465924620628357,14.86224365234375
215,0,Vocal,23.513633728027344,-23.513648986816406,0.005741499364376068,0.005741499364376068,0.006195524707436562,99.42584991455078,99.42584991455078,99.38044738769531,0.004433095455169678,0.4433095455169678,43.50799560546875,-43.51896667480469,0.001096590654924512,0.001096590654924512,0.0005426174029707909,99.89034271240234,99.89034271240234,99.94573974609375,4.453139627003111e-05,0.004453139845281839,20.229724884033203
215,1,Bass,15.28996467590332,-15.289968490600586,0.08714385330677032,0.08714381605386734,0.07519274950027466,91.28561401367188,91.28561401367188,92.48072814941406,0.028730522841215134,2.8730523586273193,31.919025421142578,-31.919124603271484,0.022513212636113167,0.022513212636113167,0.020675495266914368,97.7486801147461,97.7486801147461,97.93244934082031,0.0006424558814615011,0.06424558907747269,16.502201080322266
215,2,Drums,15.767208099365234,-15.76720142364502,0.0009256096673198044,0.0009256096091121435,0.003489134833216667,99.90744018554688,99.90744018554688,99.65108489990234,0.025817839428782463,2.5817840099334717,33.49754333496094,-33.49738311767578,0.002709910972043872,0.002709910972043872,0.004115996416658163,99.72900390625,99.72900390625,99.5884017944336,0.00044678006088361144,0.04467800632119179,17.764549255371094
216,0,Vocal,8.865804672241211,-8.865803718566895,0.739643931388855,0.7396437525749207,0.741019606590271,26.035606384277344,26.035625457763672,25.898038864135742,0.11492151767015457,11.492152214050293,25.092491149902344,-25.092487335205078,0.08842089027166367,0.08840058743953705,0.09932203590869904,91.15791320800781,91.15994262695312,90.06779479980469,0.0030860896222293377,0.3086089491844177,16.771690368652344
216,1,Bass,27.466472625732422,-27.466447830200195,0.33041420578956604,0.33041420578956604,0.3265856206417084,66.95858001708984,66.95858001708984,67.34143829345703,0.0017888875445351005,0.17888875305652618,21.637279510498047,-21.63726043701172,0.1949099898338318,0.1949051171541214,0.1886567771434784,80.50900268554688,80.50949096679688,81.13432312011719,0.0068124947138130665,0.6812494993209839,-5.868999004364014
216,2,Drums,57.475982666015625,-57.33432388305664,0.0007591373287141323,0.0007591365720145404,0.0006274983752518892,99.92408752441406,99.92408752441406,99.93724822998047,1.807320472835272e-06,0.00018073205137625337,49.23685073852539,-49.22697067260742,0.00034377173869870603,0.00034377138945274055,0.0010351919336244464,99.96562194824219,99.96562194824219,99.89647674560547,1.191144656331744e-05,0.0011911446927115321,-8.180643081665039
217,0,Vocal,7.2486419677734375,-7.248640537261963,0.8701496720314026,0.8701475262641907,0.87300705909729,12.98503303527832,12.985247611999512,12.699294090270996,0.15854938328266144,15.854938507080078,17.178251266479492,-17.17825698852539,0.2404688000679016,0.240348681807518,0.26216959953308105,75.95311737060547,75.96513366699219,73.78304290771484,0.018790440633893013,1.8790440559387207,10.838310241699219
217,1,Bass,27.940282821655273,-27.940290451049805,0.34867388010025024,0.34867385029792786,0.34377142786979675,65.13261413574219,65.13261413574219,65.62285614013672,0.0016042569186538458,0.16042569279670715,31.723501205444336,-31.723407745361328,0.1623026430606842,0.16229747235774994,0.15829414129257202,83.76973724365234,83.77024841308594,84.17058563232422,0.000672021065838635,0.06720210611820221,3.8881633281707764
217,2,Drums,56.932403564453125,-56.90746307373047,0.0004474316374398768,0.0004474316374398768,0.0007453252328559756,99.95525360107422,99.95525360107422,99.92546844482422,2.06328991225746e-06,0.00020632898667827249,56.44935607910156,-56.394466400146484,0.00011424729018472135,0.00011424729018472135,0.0,99.98857116699219,99.98857116699219,100.0,2.295881131431088e-06,0.00022958811314310879,-0.46242189407348633
218,0,Vocal,10.245880126953125,-10.245878219604492,0.7348396182060242,0.7348393201828003,0.7356029152870178,26.51603889465332,26.516067504882812,26.439708709716797,0.08633723109960556,8.633723258972168,20.721494674682617,-20.72149658203125,0.07517722249031067,0.07516056299209595,0.08315783739089966,92.48228454589844,92.48394012451172,91.68421936035156,0.008398264646530151,0.8398264646530151,10.95781135559082
218,1,Bass,21.470163345336914,-21.470115661621094,0.3265707194805145,0.32657065987586975,0.3261280953884125,67.34292602539062,67.34293365478516,67.3871841430664,0.007077840156853199,0.7077839970588684,33.56354522705078,-33.56362533569336,0.1508343517780304,0.15083356201648712,0.15600097179412842,84.91656494140625,84.9166488647461,84.39990234375,0.00043999336776323617,0.043999336659908295,12.793152809143066
218,2,Drums,59.69447326660156,-59.58889389038086,0.0007650962797924876,0.0007650962215848267,0.000750906765460968,99.92349243164062,99.92349243164062,99.92491149902344,1.0649675914464751e-06,0.00010649675823515281,49.48253631591797,-49.493980407714844,0.00038496809429489076,0.0003849680651910603,0.001372437342070043,99.96150207519531,99.96150207519531,99.86275482177734,1.1267631634837016e-05,0.0011267631780356169,-10.216399192810059
219,0,Vocal,6.8526411056518555,-6.852640151977539,0.6909914612770081,0.6909912824630737,0.692817747592926,30.900854110717773,30.90087127685547,30.718225479125977,0.1710961014032364,17.109609603881836,24.362815856933594,-24.362838745117188,0.1440158188343048,0.1440044343471527,0.15364320576190948,85.59841918945312,85.59955596923828,84.63568115234375,0.003648689715191722,0.36486896872520447,17.800853729248047
219,1,Bass,32.976959228515625,-32.977962493896484,0.3950338363647461,0.39503005146980286,0.3973115086555481,60.49661636352539,60.49699783325195,60.26884841918945,0.0005035469075664878,0.05035468935966492,31.054208755493164,-31.054244995117188,0.3227301836013794,0.3227294683456421,0.32249903678894043,67.72698211669922,67.72705078125,67.7500991821289,0.0007838637102395296,0.07838637381792068,-0.09085670858621597
219,2,Drums,51.52835464477539,-51.53651428222656,0.0004873713187407702,0.0004873712023254484,0.0010457084281370044,99.95126342773438,99.95126342773438,99.89543151855469,7.028136678854935e-06,0.0007028136751614511,55.526206970214844,-55.46739959716797,0.000227062773774378,0.00022706273011863232,0.00020734455029014498,99.977294921875,99.977294921875,99.97926330566406,2.8051811113982694e-06,0.00028051811386831105,3.988795042037964
220,0,Vocal,9.791413307189941,-9.791414260864258,0.7308418154716492,0.7308417558670044,0.7345227003097534,26.91581916809082,26.91582489013672,26.5477294921875,0.0949571505188942,9.495715141296387,22.505901336669922,-22.505870819091797,0.061820678412914276,0.06181224435567856,0.0723729133605957,93.81793212890625,93.81877899169922,92.76271057128906,0.005584436468780041,0.5584436655044556,13.317495346069336
220,1,Bass,24.121173858642578,-24.121200561523438,0.3284539580345154,0.3284539580345154,0.3274160921573639,67.15460205078125,67.15460205078125,67.25839233398438,0.0038565672002732754,0.3856567144393921,37.43772888183594,-37.43742370605469,0.2066972404718399,0.20669379830360413,0.20637956261634827,79.33027648925781,79.33061981201172,79.36204528808594,0.0001803807244868949,0.0180380716919899,13.384371757507324
220,2,Drums,43.47905731201172,-43.47710418701172,0.0007264919113367796,0.0007264856249094009,0.00172826973721385,99.9273452758789,99.92735290527344,99.8271713256836,4.491139770834707e-05,0.0044911396689713,54.68843460083008,-54.68796157836914,0.00029114788048900664,0.0002911453484557569,1.61698590090964e-05,99.97088623046875,99.97088623046875,99.99838256835938,3.404402150408714e-06,0.0003404402232263237,11.19821834564209
221,0,Vocal,5.435714244842529,-5.435715675354004,0.7076195478439331,0.7076165676116943,0.7108044028282166,29.23804473876953,29.23834228515625,28.919559478759766,0.22241996228694916,22.24199676513672,20.458782196044922,-20.458784103393555,0.05675303936004639,0.056746143847703934,0.0655701532959938,94.32469940185547,94.32538604736328,93.44298553466797,0.008917265571653843,0.891726553440094,15.452190399169922
221,1,Bass,33.40349578857422,-33.40362548828125,0.33224576711654663,0.33224570751190186,0.3323974907398224,66.77542114257812,66.77542877197266,66.76025390625,0.0004565454146359116,0.0456545427441597,21.058589935302734,-21.058597564697266,0.1993628740310669,0.19936075806617737,0.20982135832309723,80.06371307373047,80.06392669677734,79.01786804199219,0.007775906939059496,0.7775906920433044,-10.291449546813965
221,2,Drums,63.21630096435547,-63.36146926879883,0.0006946924258954823,0.0006946873036213219,0.0007046519895084202,99.93053436279297,99.93053436279297,99.92953491210938,4.543379077404097e-07,4.5433789637172595e-05,30.603763580322266,-30.60369873046875,0.028560560196638107,0.028560327365994453,0.048346612602472305,97.1439437866211,97.14396667480469,95.16533660888672,0.0008694629650563002,0.08694629371166229,-32.18437957763672
222,0,Vocal,7.912164211273193,-7.912162780761719,0.7099747657775879,0.709973931312561,0.7089532613754272,29.00252342224121,29.002607345581055,29.104673385620117,0.13921286165714264,13.921286582946777,21.96587371826172,-21.965843200683594,0.08018676936626434,0.08017084002494812,0.09161689132452011,91.9813232421875,91.98291015625,90.83831024169922,0.0063191791996359825,0.6319178938865662,14.602584838867188
222,1,Bass,35.73810958862305,-35.737892150878906,0.3507957458496094,0.3507938086986542,0.3532234728336334,64.92042541503906,64.92061614990234,64.67765808105469,0.00026674135006032884,0.02667413465678692,30.529020309448242,-30.529010772705078,0.1336812973022461,0.13367260992527008,0.14441122114658356,86.63186645507812,86.63274383544922,85.55887603759766,0.0008845239062793553,0.08845239132642746,-3.9880895614624023
222,2,Drums,53.109039306640625,-53.07602310180664,0.0005541705759242177,0.0005541705759242177,0.0,99.94458770751953,99.94458770751953,100.0,4.912225449515972e-06,0.0004912225413136184,52.851985931396484,-52.84678649902344,0.00024387097801081836,0.00024387096345890313,0.0007405926007777452,99.97561645507812,99.97561645507812,99.92594146728516,5.1858642109436914e-06,0.0005185864283703268,-0.2180795818567276
223,0,Vocal,6.899355888366699,-6.899355888366699,0.7295327186584473,0.7295318245887756,0.7203704118728638,27.046728134155273,27.046817779541016,27.96295928955078,0.16957597434520721,16.957597732543945,19.29763412475586,-19.297645568847656,0.06411567330360413,0.06410936266183853,0.07136508077383041,93.58843231201172,93.58905792236328,92.86349487304688,0.011618774384260178,1.1618773937225342,12.8521089553833
223,1,Bass,35.376895904541016,-35.376708984375,0.28375983238220215,0.28375983238220215,0.28563424944877625,71.62401580810547,71.62401580810547,71.43656921386719,0.00028985575772821903,0.02898557484149933,38.76747512817383,-38.76662826538086,0.14278464019298553,0.14278389513492584,0.14254026114940643,85.7215347290039,85.72161102294922,85.7459716796875,0.00013287363981362432,0.013287363573908806,3.341801404953003
223,2,Drums,56.5651741027832,-56.50511169433594,0.001036444678902626,0.0010364374611526728,0.0010417511221021414,99.89635467529297,99.89635467529297,99.89582061767578,2.2120702851680107e-06,0.00022120702487882227,53.43904495239258,-53.41090774536133,0.0003608671249821782,0.0003608645929489285,0.0015403070719912648,99.96391296386719,99.96391296386719,99.8459701538086,4.554548013402382e-06,0.0004554548067972064,-3.129436492919922
224,0,Vocal,8.191415786743164,-8.191412925720215,0.6962334513664246,0.6962317824363708,0.6973939538002014,30.37665557861328,30.376821517944336,30.260604858398438,0.13168486952781677,13.168486595153809,27.053640365600586,-27.053699493408203,0.0664835274219513,0.0664774626493454,0.0731225311756134,93.35165405273438,93.35224914550781,92.68775177001953,0.0019669116009026766,0.19669115543365479,19.28384017944336
224,1,Bass,18.59685516357422,-18.59688949584961,0.3962158262729645,0.3961954116821289,0.4112588167190552,60.378421783447266,60.38045883178711,58.87411880493164,0.013625558465719223,1.3625558614730835,19.495019912719727,-19.495031356811523,0.19528040289878845,0.19526472687721252,0.21876457333564758,80.47195434570312,80.4735336303711,78.12354278564453,0.01110826525837183,1.1108264923095703,0.7136293649673462
224,2,Drums,55.912506103515625,-55.906219482421875,0.0005687265656888485,0.0005687236553058028,0.0006385872839018703,99.94312286376953,99.94312286376953,99.93614196777344,2.5847591587080387e-06,0.0002584759204182774,47.08837890625,-47.080467224121094,0.0009863023879006505,0.0009862976148724556,0.0011651628883555532,99.90137481689453,99.90137481689453,99.88348388671875,1.9574999896576628e-05,0.001957499887794256,-8.77008056640625
225,0,Vocal,4.7017412185668945,-4.701742172241211,0.3900165855884552,0.3900165259838104,0.3891054689884186,60.99834442138672,60.99834442138672,61.089454650878906,0.2530112862586975,25.301128387451172,28.827564239501953,-28.82744598388672,0.013836497440934181,0.013836494646966457,0.016167858615517616,98.61634826660156,98.61634826660156,98.38320922851562,0.0013082512887194753,0.13082513213157654,24.361726760864258
225,1,Bass,23.507305145263672,-23.5073184967041,0.4978701174259186,0.4978700876235962,0.4973592460155487,50.212989807128906,50.212989807128906,50.26407241821289,0.004439570941030979,0.4439570903778076,27.276840209960938,-27.2768611907959,0.17198558151721954,0.17198550701141357,0.17443816363811493,82.80144500732422,82.80145263671875,82.55618286132812,0.0018685556715354323,0.18685556948184967,6.662530422210693
225,2,Drums,49.302486419677734,-49.29834747314453,0.0014693483244627714,0.0014693483244627714,0.0016402722103521228,99.85306549072266,99.85306549072266,99.83597564697266,1.177335980173666e-05,0.0011773359728977084,25.660560607910156,-25.660598754882812,0.01737532950937748,0.01737532950937748,0.033376146107912064,98.26246643066406,98.26246643066406,96.66238403320312,0.0027087179478257895,0.2708717882633209,-23.212451934814453
226,0,Vocal,-4.832143306732178,4.832143306732178,0.05400719866156578,0.05400719866156578,0.05914139375090599,94.59928131103516,94.59928131103516,94.08586120605469,0.7526213526725769,75.26213836669922,24.550498962402344,-24.55050277709961,0.06285061687231064,0.06285041570663452,0.08192399889230728,93.7149429321289,93.71495819091797,91.8075942993164,0.003494806820526719,0.34948068857192993,30.33248519897461
226,1,Bass,41.124168395996094,-41.12312698364258,0.001169628114439547,0.0011696277651935816,0.0013206027215346694,99.88304138183594,99.88304138183594,99.8679428100586,7.72055791458115e-05,0.007720557972788811,48.16473388671875,-48.142662048339844,0.000360100413672626,0.0003601002972573042,0.0004925706889480352,99.9639892578125,99.9639892578125,99.95074462890625,1.5269333744072355e-05,0.0015269333962351084,7.038396835327148
226,2,Drums,13.607938766479492,-13.607935905456543,0.02067405916750431,0.02067405916750431,0.021531274542212486,97.9325942993164,97.9325942993164,97.84687042236328,0.04175268113613129,4.175268173217773,35.67833709716797,-35.678245544433594,0.009513476863503456,0.009513476863503456,0.010183394886553288,99.04865264892578,99.04865264892578,98.98165893554688,0.0002704530779737979,0.02704530768096447,22.06463050842285
227,0,Vocal,-3.8130834102630615,3.8130834102630615,0.6258097290992737,0.6258096694946289,0.6152613162994385,37.41902542114258,37.41903305053711,38.47386932373047,0.7064065337181091,70.64065551757812,27.41602897644043,-27.41584587097168,0.09203717112541199,0.09203582257032394,0.10037785768508911,90.79627990722656,90.79641723632812,89.96221160888672,0.0018096885178238153,0.18096885085105896,31.768999099731445
227,1,Bass,25.670246124267578,-25.670242309570312,0.3037753999233246,0.303774356842041,0.29939305782318115,69.6224594116211,69.62256622314453,70.0606918334961,0.0027027535252273083,0.270275354385376,24.43106460571289,-24.430959701538086,0.1447785496711731,0.14477814733982086,0.13787676393985748,85.52214813232422,85.52218627929688,86.21232604980469,0.0035919889342039824,0.3591988980770111,-1.8339827060699463
227,2,Drums,40.38288879394531,-40.3822021484375,0.001680464018136263,0.001680464018136263,0.00210006907582283,99.83194732666016,99.83194732666016,99.78999328613281,9.15548880584538e-05,0.009155488573014736,45.48929214477539,-45.490421295166016,0.0032909689471125603,0.0032909687142819166,0.003427495015785098,99.67090606689453,99.67090606689453,99.6572494506836,2.828897413564846e-05,0.0028288974426686764,5.133030414581299
228,0,Vocal,5.4775238037109375,-5.477524280548096,0.6311385035514832,0.6311153769493103,0.6223233938217163,36.88615036010742,36.88846206665039,37.767662048339844,0.22075936198234558,22.07593536376953,30.671937942504883,-30.672426223754883,0.03933897614479065,0.03933589160442352,0.04598449543118477,96.06610870361328,96.06640625,95.40155029296875,0.0008558559347875416,0.0855855941772461,25.60651397705078
228,1,Bass,17.883779525756836,-17.883756637573242,0.4883138835430145,0.48831385374069214,0.49040061235427856,51.168609619140625,51.16861343383789,50.959938049316406,0.016018057242035866,1.6018056869506836,23.485048294067383,-23.485021591186523,0.1969299018383026,0.19692988693714142,0.1850380152463913,80.3070068359375,80.30701446533203,81.49620056152344,0.004462293814867735,0.44622936844825745,4.101659774780273
228,2,Drums,29.63628387451172,-29.636322021484375,0.00016298142145387828,0.0001629813341423869,0.0,99.98370361328125,99.98370361328125,100.0,0.0010861638002097607,0.10861638188362122,35.94181442260742,-35.94230651855469,0.00032637189724482596,0.00032637169351801276,0.0,99.96736145019531,99.96736145019531,100.0,0.0002545144525356591,0.02545144595205784,6.318926811218262
229,0,Vocal,-4.31602668762207,4.31602668762207,0.09361249953508377,0.09361188113689423,0.10126172751188278,90.63874816894531,90.63880920410156,89.87382507324219,0.7298381924629211,72.98381805419922,24.872142791748047,-24.872095108032227,0.043543457984924316,0.04354336857795715,0.06357824057340622,95.6456527709961,95.64566802978516,93.64217376708984,0.0032462019007653,0.32462018728256226,29.72059440612793
229,1,Bass,36.823020935058594,-36.82335662841797,0.0006811466882936656,0.0006811454077251256,0.001149220042861998,99.931884765625,99.931884765625,99.88507843017578,0.00020780172781087458,0.02078017219901085,26.6228084564209,-26.62282943725586,0.05339181423187256,0.05339169502258301,0.06282635778188705,94.66082000732422,94.66082763671875,93.71736907958984,0.0021715781185775995,0.21715781092643738,-9.20163345336914
229,2,Drums,10.69709587097168,-10.697096824645996,0.0024479536805301905,0.0024479522835463285,0.0038291497621685266,99.75520324707031,99.75520324707031,99.6170883178711,0.07848601043224335,7.8486008644104,27.86831283569336,-27.868282318115234,0.01651034876704216,0.016510339453816414,0.014707807451486588,98.34896087646484,98.34896087646484,98.52922058105469,0.001631048507988453,0.163104847073555,17.315658569335938
230,0,Vocal,-3.294405937194824,3.2944061756134033,0.04670343175530434,0.04670339077711105,0.042308855801820755,95.32965087890625,95.32965850830078,95.76911163330078,0.6810420751571655,68.10420989990234,24.492685317993164,-24.492687225341797,0.04282481223344803,0.0428244024515152,0.03829599544405937,95.71752166748047,95.71755981445312,96.17040252685547,0.003541526384651661,0.354152649641037,28.342823028564453
230,1,Bass,47.195621490478516,-47.19084167480469,0.0010684659937396646,0.001068465644493699,0.0013775484403595328,99.89315032958984,99.89315032958984,99.86225128173828,1.9084123778156936e-05,0.0019084124360233545,52.42446517944336,-52.427310943603516,0.00037170405266806483,0.0003717039944604039,0.0007230432238429785,99.96282958984375,99.96282958984375,99.92769622802734,5.770281404693378e-06,0.0005770281422883272,5.195805072784424
230,2,Drums,13.707038879394531,-13.707036018371582,0.05961551144719124,0.05961551144719124,0.048712391406297684,94.0384521484375,94.0384521484375,95.1287612915039,0.040849171578884125,4.084917068481445,26.70602798461914,-26.706228256225586,0.05218266323208809,0.05218256264925003,0.0630556046962738,94.78173065185547,94.78174591064453,93.6944351196289,0.0021304006222635508,0.2130400687456131,14.054047584533691
231,0,Vocal,1.4921517372131348,-1.4921517372131348,0.5748242139816284,0.574799656867981,0.5791703462600708,42.517578125,42.52003479003906,42.08296585083008,0.4149399697780609,41.493995666503906,26.399267196655273,-26.399272918701172,0.05100676417350769,0.050999805331230164,0.05270081385970116,94.89932250976562,94.90001678466797,94.72991943359375,0.00228599039837718,0.22859904170036316,25.224895477294922
231,1,Bass,21.980077743530273,-21.980026245117188,0.3244549036026001,0.3244513273239136,0.3268483877182007,67.55451202392578,67.55487060546875,67.3151626586914,0.0062986984848976135,0.629869818687439,29.70602798461914,-29.70613670349121,0.10962288826704025,0.1096215546131134,0.11048337817192078,89.03771209716797,89.03784942626953,88.95166015625,0.0010688985930755734,0.10688985884189606,7.629828453063965
231,2,Drums,49.552024841308594,-49.548614501953125,0.001374850980937481,0.001374850980937481,0.0016637509688735008,99.86251831054688,99.86251831054688,99.83362579345703,1.1088802239100914e-05,0.001108880271203816,41.051002502441406,-41.05137252807617,0.0016745816683396697,0.0016745813190937042,0.0023600163403898478,99.8325424194336,99.8325424194336,99.76399230957031,7.849500252632424e-05,0.007849500514566898,-8.466784477233887
232,0,Vocal,-12.009895324707031,12.009895324707031,0.12728343904018402,0.12727932631969452,0.07086525857448578,87.27165222167969,87.27206420898438,92.9134750366211,0.9407761096954346,94.0776138305664,7.649452209472656,-7.6494526863098145,0.4414272904396057,0.44124430418014526,0.43778902292251587,55.857269287109375,55.87556838989258,56.22109603881836,0.14662116765975952,14.662117004394531,20.644975662231445
232,1,Bass,17.6983642578125,-17.698362350463867,0.057216934859752655,0.057216666638851166,0.0,94.27830505371094,94.27833557128906,100.0,0.01670505292713642,1.6705052852630615,27.953393936157227,-27.95345115661621,0.020740559324622154,0.020740363746881485,0.018877176567912102,97.92594146728516,97.92596435546875,98.1122817993164,0.0015994057757779956,0.15994057059288025,10.360617637634277
232,2,Drums,14.052748680114746,-14.05274772644043,0.03597567230463028,0.035975370556116104,0.02128237672150135,96.40242767333984,96.40245819091797,97.87176513671875,0.0378417931497097,3.784179210662842,30.650197982788086,-30.650264739990234,0.012938820756971836,0.012938778847455978,0.0068288459442555904,98.70612335205078,98.70612335205078,99.3171157836914,0.0008601948502473533,0.08601948618888855,16.514625549316406
233,0,Vocal,11.528779983520508,-11.52878189086914,0.16379962861537933,0.16378527879714966,0.18117263913154602,83.62003326416016,83.62147521972656,81.88273620605469,0.06570602208375931,6.5706024169921875,29.04573631286621,-29.045812606811523,0.007319223135709763,0.007319211028516293,0.008666414767503738,99.26808166503906,99.26808166503906,99.13336181640625,0.0012441760627552867,0.12441760301589966,18.00986671447754
233,1,Bass,15.025362968444824,-15.025358200073242,0.19458919763565063,0.19457988440990448,0.17470726370811462,80.54107666015625,80.54200744628906,82.5292739868164,0.030480409041047096,3.0480408668518066,27.742496490478516,-27.742435455322266,0.03625155985355377,0.036250803619623184,0.01067530456930399,96.37484741210938,96.37491607666016,98.9324722290039,0.001678887871094048,0.1678887903690338,12.221320152282715
233,2,Drums,24.005931854248047,-24.005918502807617,0.018796293064951897,0.018795987591147423,0.02832256257534027,98.12037658691406,98.12040710449219,97.16773986816406,0.00395992211997509,0.3959922194480896,30.405139923095703,-30.40487289428711,0.0062207309529185295,0.006220658775418997,0.013684209436178207,99.37792205810547,99.37793731689453,98.63157653808594,0.0009101242758333683,0.09101242572069168,6.46912956237793
234,0,Vocal,5.554559230804443,-5.554558753967285,0.24373748898506165,0.24369966983795166,0.23772099614143372,75.62625122070312,75.63003540039062,76.2279052734375,0.21772311627864838,21.77231216430664,28.603214263916016,-28.603519439697266,0.026042437180876732,0.026042316108942032,0.028310317546129227,97.395751953125,97.39576721191406,97.1689682006836,0.0013774100225418806,0.13774099946022034,23.525772094726562
234,1,Bass,20.169952392578125,-20.16994285583496,0.37754184007644653,0.37751755118370056,0.36795997619628906,62.24581527709961,62.24824142456055,63.204002380371094,0.009524649940431118,0.9524649977684021,28.184070587158203,-28.18406105041504,0.19812797009944916,0.19812513887882233,0.18860484659671783,80.18720245361328,80.18748474121094,81.13951873779297,0.0015168372774496675,0.1516837328672409,7.440953254699707
234,2,Drums,32.05083465576172,-32.05075454711914,0.013419002294540405,0.013418675400316715,0.012607227079570293,98.65809631347656,98.65813446044922,98.7392807006836,0.0006232234300114214,0.06232234463095665,38.435428619384766,-38.43572998046875,0.004320976324379444,0.004320886917412281,0.0037012854591012,99.56790161132812,99.56791687011719,99.62987518310547,0.00014334697334561497,0.014334697276353836,6.389202117919922
235,0,Vocal,-8.298685073852539,8.298685073852539,0.12329114973545074,0.12327205389738083,0.12539154291152954,87.67088317871094,87.67279052734375,87.46084594726562,0.8711138367652893,87.11138153076172,9.3711519241333,-9.371150016784668,0.2874450385570526,0.28742098808288574,0.31047025322914124,71.2554931640625,71.25790405273438,68.9529800415039,0.10360577702522278,10.360577583312988,18.51789093017578
235,1,Bass,16.645801544189453,-16.64579200744629,0.026939386501908302,0.02693929150700569,0.0,97.30606079101562,97.30607604980469,100.0,0.021189410239458084,2.118941068649292,22.370634078979492,-22.37061309814453,0.04365496337413788,0.043654829263687134,0.03276574984192848,95.6344985961914,95.634521484375,96.72342681884766,0.005760089959949255,0.5760089755058289,6.452206134796143
235,2,Drums,11.18391227722168,-11.183910369873047,0.010601473040878773,0.010601201094686985,0.01879272609949112,98.93985748291016,98.93988037109375,98.1207275390625,0.07075228542089462,7.075228691101074,24.087345123291016,-24.087326049804688,0.02179403230547905,0.02179352007806301,0.020256591960787773,97.82059478759766,97.82064819335938,97.9743423461914,0.0038866170216351748,0.3886617124080658,12.858282089233398
236,0,Vocal,15.861701965332031,-15.861698150634766,0.16621705889701843,0.1661781221628189,0.17158293724060059,83.37828826904297,83.38218688964844,82.84170532226562,0.025276195257902145,2.5276196002960205,24.40345001220703,-24.40345573425293,0.02456854283809662,0.024568459019064903,0.028638135641813278,97.54314422607422,97.54315948486328,97.13618469238281,0.003614783985540271,0.36147838830947876,9.310504913330078
236,1,Bass,20.4791259765625,-20.479122161865234,0.26542389392852783,0.26537731289863586,0.2913993000984192,73.45761108398438,73.46227264404297,70.86006927490234,0.008875994943082333,0.8875994682312012,35.26142120361328,-35.26176834106445,0.05309788137674332,0.053095657378435135,0.05146060138940811,94.6902084350586,94.69043731689453,94.85393524169922,0.00029765747603960335,0.029765747487545013,14.358743667602539
236,2,Drums,23.456584930419922,-23.456554412841797,0.016480369493365288,0.016479743644595146,0.011896437034010887,98.35195922851562,98.3520278930664,98.81035614013672,0.0044914735481143,0.4491473436355591,28.097259521484375,-28.09722900390625,0.017514467239379883,0.017513765022158623,0.01665317453444004,98.24855041503906,98.24862670898438,98.33467864990234,0.0015474141109734774,0.15474140644073486,5.208073139190674
237,0,Vocal,-9.117528915405273,9.117528915405273,0.11865600943565369,0.11865052580833435,0.11508356779813766,88.1343994140625,88.13494110107422,88.49164581298828,0.8908437490463257,89.0843734741211,8.29506778717041,-8.295066833496094,0.4637102484703064,0.4637054204940796,0.4775272607803345,53.62897491455078,53.629459381103516,52.24727249145508,0.12897977232933044,12.897976875305176,17.1082820892334
237,1,Bass,19.965126037597656,-19.965137481689453,0.06836023926734924,0.06835918128490448,0.08310440182685852,93.16397857666016,93.16407775878906,91.68955993652344,0.009980062954127789,0.998006284236908,31.906545639038086,-31.906635284423828,0.0260374266654253,0.026037130504846573,0.02939215488731861,97.39625549316406,97.39628601074219,97.06078338623047,0.0006442738813348114,0.06442739069461823,11.78105640411377
237,2,Drums,14.467530250549316,-14.467521667480469,0.031451888382434845,0.03145135939121246,0.049590788781642914,96.85481262207031,96.85486602783203,95.04092407226562,0.03451384976506233,3.451385021209717,27.332714080810547,-27.332685470581055,0.022133296355605125,0.022133158519864082,0.02996753342449665,97.78667449951172,97.78668212890625,97.00324249267578,0.0018447170732542872,0.1844717115163803,13.062376022338867
238,0,Vocal,-25.880706787109375,25.880706787109375,0.36111125349998474,0.36092522740364075,0.3779688775539398,63.88887023925781,63.90747833251953,62.20310974121094,0.9974247813224792,99.74247741699219,6.571328163146973,-6.571328163146973,0.8268899321556091,0.8268649578094482,0.8747938871383667,17.311006546020508,17.31350326538086,12.520610809326172,0.1804792433977127,18.047924041748047,31.821489334106445
238,1,Bass,32.21127700805664,-32.211307525634766,0.13751867413520813,0.13751250505447388,0.147981196641922,86.24813842773438,86.24874877929688,85.2018814086914,0.0006006421754136682,0.06006421893835068,36.17803955078125,-36.178436279296875,0.03195413202047348,0.03195396065711975,0.03922281786799431,96.8045883178711,96.80460357666016,96.07771301269531,0.0002410278539173305,0.02410278469324112,3.739746332168579
238,2,Drums,23.210294723510742,-23.210304260253906,0.02329150028526783,0.023290827870368958,0.021273553371429443,97.67084503173828,97.6709213256836,97.87264251708984,0.004752269946038723,0.4752269983291626,38.846160888671875,-38.84587478637695,0.006404499523341656,0.006404337007552385,0.00683737825602293,99.35955047607422,99.35956573486328,99.3162612915039,0.00013044847582932562,0.013044847175478935,15.658003807067871
239,0,Vocal,4.948657989501953,-4.948657512664795,0.14182375371456146,0.1418043076992035,0.14536139369010925,85.817626953125,85.81956481933594,85.46385955810547,0.2424175888299942,24.241758346557617,31.720802307128906,-31.72075080871582,0.02446635626256466,0.024466319009661674,0.027980919927358627,97.5533676147461,97.5533676147461,97.201904296875,0.0006724543636664748,0.06724543869495392,27.333984375
239,1,Bass,21.08490753173828,-21.084915161132812,0.18243196606636047,0.18241804838180542,0.19159087538719177,81.75680541992188,81.75819396972656,80.84091186523438,0.007729274686425924,0.772927463054657,29.4664306640625,-29.466875076293945,0.12645088136196136,0.12644970417022705,0.12814535200595856,87.35491180419922,87.35502624511719,87.18546295166016,0.001129373093135655,0.1129373088479042,8.80295181274414
239,2,Drums,26.71297264099121,-26.712949752807617,0.01865694485604763,0.01865658164024353,0.017199663445353508,98.1343002319336,98.13433837890625,98.28003692626953,0.002127105137333274,0.21271051466464996,31.953433990478516,-31.953479766845703,0.010088547132909298,0.010088371112942696,0.010329063981771469,98.99114227294922,98.99116516113281,98.96709442138672,0.0006373835494741797,0.06373835355043411,5.3206963539123535
240,0,Vocal,22.888484954833984,-22.888500213623047,0.008519003167748451,0.008519002236425877,0.008205365389585495,99.14810180664062,99.14810180664062,99.1794662475586,0.005115911830216646,0.5115911960601807,23.88872528076172,-23.888656616210938,0.045054689049720764,0.04505467414855957,0.04494411498308182,95.4945297241211,95.4945297241211,95.5055923461914,0.00406781118363142,0.4067811071872711,4.463039875030518
240,1,Bass,21.705638885498047,-21.705636978149414,0.023655902594327927,0.023655887693166733,0.017200009897351265,97.63441467285156,97.63441467285156,98.27999877929688,0.006706802174448967,0.6706802248954773,28.760910034179688,-28.761001586914062,0.009788213297724724,0.009788210503757,0.007429339457303286,99.02117919921875,99.02117919921875,99.25706481933594,0.0013283778680488467,0.13283778727054596,7.03289794921875
240,2,Drums,26.9285945892334,-26.928646087646484,0.0017047690926119685,0.0017047689761966467,0.0,99.82952117919922,99.82952117919922,100.0,0.0020242079626768827,0.20242080092430115,33.9659538269043,-33.96562957763672,0.0005516711971722543,0.0005516711389645934,0.0,99.94483184814453,99.94483184814453,100.0,0.0004010705160908401,0.04010705277323723,7.039890766143799
241,0,Vocal,15.27426815032959,-15.274256706237793,0.006006178911775351,0.006006097421050072,0.0064425538294017315,99.39938354492188,99.3993911743164,99.35574340820312,0.02883155457675457,2.883155345916748,25.76166534423828,-25.761608123779297,0.03744715452194214,0.037446945905685425,0.035701096057891846,96.25528717041016,96.25530242919922,96.42989349365234,0.002646569162607193,0.2646569013595581,12.249144554138184
241,1,Bass,19.027910232543945,-19.027889251708984,0.013206669129431248,0.013206669129431248,0.03156043589115143,98.67933654785156,98.67933654785156,96.84395599365234,0.01235412061214447,1.2354121208190918,21.18412971496582,-21.18410873413086,0.007927032187581062,0.007927032187581062,0.01571854017674923,99.20729064941406,99.20729064941406,98.42814636230469,0.007556004449725151,0.7556004524230957,2.0890345573425293
241,2,Drums,18.318950653076172,-18.318960189819336,0.004253377206623554,0.00425337627530098,0.0076747434213757515,99.57466125488281,99.57466125488281,99.2325210571289,0.014512945897877216,1.4512945413589478,30.664073944091797,-30.664159774780273,0.006834366824477911,0.006834365893155336,0.00864347629249096,99.31655883789062,99.31655883789062,99.13565826416016,0.0008574694511480629,0.08574694395065308,12.315274238586426
242,0,Vocal,16.81505584716797,-16.81505012512207,0.050297994166612625,0.050297994166612625,0.04539015144109726,94.97019958496094,94.97019958496094,95.46098327636719,0.020395958796143532,2.03959584236145,27.830326080322266,-27.830368041992188,0.008069241419434547,0.008069241419434547,0.008957448415458202,99.19307708740234,99.19307708740234,99.10425567626953,0.00164531241171062,0.16453124582767487,11.557061195373535
242,1,Bass,18.034183502197266,-18.034164428710938,0.0667257159948349,0.06672543287277222,0.04571576789021492,93.32742309570312,93.32745361328125,95.42842864990234,0.015481268987059593,1.5481269359588623,23.70926284790039,-23.70926284790039,0.019836032763123512,0.019835973158478737,0.00979647133499384,98.01639556884766,98.01640319824219,99.02034759521484,0.004238681402057409,0.4238681495189667,5.592738151550293
242,2,Drums,27.217561721801758,-27.217561721801758,0.0003977058222517371,0.0003977058222517371,0.0,99.96023559570312,99.96023559570312,100.0,0.0018941505113616586,0.18941505253314972,33.779537200927734,-33.779457092285156,0.000402614357881248,0.000402614357881248,0.0,99.9597396850586,99.9597396850586,100.0,0.0004187078739050776,0.04187078773975372,6.564589500427246
243,0,Vocal,18.11351776123047,-18.113513946533203,0.06523619592189789,0.06523606926202774,0.06513786315917969,93.47637939453125,93.47639465332031,93.48621368408203,0.01520528644323349,1.5205286741256714,29.41193389892578,-29.411909103393555,0.021129237487912178,0.02112923189997673,0.028007473796606064,97.88707733154297,97.88707733154297,97.19925689697266,0.0011437101056799293,0.11437100917100906,12.278499603271484
243,1,Bass,21.70793342590332,-21.707904815673828,0.08927253633737564,0.08927245438098907,0.08673670142889023,91.07274627685547,91.07275390625,91.32633209228516,0.006703285500407219,0.6703285574913025,33.254608154296875,-33.25448989868164,0.03002939000725746,0.030029380694031715,0.03065231814980507,96.99705505371094,96.99706268310547,96.93476867675781,0.00047245569294318557,0.0472455695271492,11.399232864379883
243,2,Drums,34.5070686340332,-34.506980895996094,0.0027640052139759064,0.0027640049811452627,0.004912162199616432,99.72360229492188,99.72360229492188,99.5087890625,0.0003541241749189794,0.035412415862083435,42.84679412841797,-42.84843444824219,0.0008850179146975279,0.0008850177982822061,0.0024957081768661737,99.9114990234375,99.9114990234375,99.75042724609375,5.1908413297496736e-05,0.0051908413879573345,8.33438491821289
244,0,Vocal,19.602832794189453,-19.60287094116211,0.033992208540439606,0.03399218991398811,0.035912349820137024,96.60077667236328,96.60078430175781,96.40876770019531,0.010838835500180721,1.08388352394104,33.94020462036133,-33.940067291259766,0.0045616826973855495,0.004561682231724262,0.0038861411157995462,99.54383087158203,99.54383087158203,99.61138153076172,0.0004034966987092048,0.04034966975450516,14.723344802856445
244,1,Bass,13.661905288696289,-13.66189956665039,0.09702741354703903,0.09702712297439575,0.09985388815402985,90.29725646972656,90.29728698730469,90.01461029052734,0.04125829041004181,4.125829219818115,32.05707550048828,-32.056793212890625,0.03321750462055206,0.03321745619177818,0.037163104861974716,96.67825317382812,96.67825317382812,96.28369140625,0.0006223518867045641,0.062235187739133835,18.125883102416992
244,2,Drums,32.23592758178711,-32.23571014404297,0.004885252099484205,0.004885251168161631,0.005506094545125961,99.511474609375,99.511474609375,99.44938659667969,0.0005972718936391175,0.05972718819975853,38.293296813964844,-38.292362213134766,0.001457075122743845,0.001457075122743845,0.002605414018034935,99.85429382324219,99.85429382324219,99.73945617675781,0.0001481380022596568,0.014813800342381,6.049903392791748
245,0,Vocal,18.55124855041504,-18.55124282836914,0.014394601806998253,0.014394600875675678,0.013697739690542221,98.56053924560547,98.56053924560547,98.6302261352539,0.013767505995929241,1.3767505884170532,34.302799224853516,-34.30302047729492,0.0031830810476094484,0.0031830810476094484,0.0027359770610928535,99.68169403076172,99.68169403076172,99.72640228271484,0.0003711629833560437,0.03711629658937454,16.008840560913086
245,1,Bass,15.790186882019043,-15.790186882019043,0.04748352989554405,0.047483425587415695,0.04178527742624283,95.25164794921875,95.25165557861328,95.82147216796875,0.025685053318738937,2.56850528717041,27.839950561523438,-27.83993148803711,0.01998980902135372,0.01998976431787014,0.019145872443914413,98.00102233886719,98.00102233886719,98.08541870117188,0.001641688635572791,0.16416886448860168,11.930782318115234
245,2,Drums,29.545616149902344,-29.545398712158203,0.0029573473148047924,0.0029573114588856697,0.004284201189875603,99.70426940917969,99.70426940917969,99.57157897949219,0.0011090913321822882,0.11090913414955139,36.34111785888672,-36.34074401855469,0.0029621943831443787,0.0029621575959026814,0.0035442793741822243,99.70378112792969,99.70378112792969,99.64557647705078,0.00023215526016429067,0.023215526714920998,6.8219709396362305
246,0,Vocal,11.889618873596191,-11.889616012573242,0.05476420372724533,0.054764021188020706,0.05618983879685402,94.5235824584961,94.52359771728516,94.38101959228516,0.0607859268784523,6.078592777252197,26.78168487548828,-26.781631469726562,0.016600357368588448,0.016600336879491806,0.018250439316034317,98.3399658203125,98.3399658203125,98.17495727539062,0.0020937148947268724,0.20937149226665497,15.801227569580078
246,1,Bass,23.61443519592285,-23.614421844482422,0.07004215568304062,0.0700417086482048,0.07128635793924332,92.99578857421875,92.9958267211914,92.8713607788086,0.00433184253051877,0.43318426609039307,28.042648315429688,-28.042644500732422,0.021116070449352264,0.02111603319644928,0.0257184486836195,97.88838958740234,97.88839721679688,97.42815399169922,0.0015669738641008735,0.15669739246368408,4.288322448730469
246,2,Drums,22.093908309936523,-22.093887329101562,0.0012459602439776063,0.0012459543067961931,0.000751024519558996,99.87540435791016,99.87540435791016,99.92489624023438,0.006136739626526833,0.613673985004425,35.12189483642578,-35.12192153930664,0.0022355217952281237,0.0022355113178491592,0.0035474332980811596,99.77644348144531,99.77644348144531,99.64525604248047,0.00030737114138901234,0.03073711320757866,13.028440475463867
247,0,Vocal,29.57280921936035,-29.57281494140625,0.015163564123213291,0.015163556672632694,0.01614287495613098,98.483642578125,98.483642578125,98.38571166992188,0.0011021395912393928,0.11021395772695541,24.4013671875,-24.40134048461914,0.06709616631269455,0.06709612905979156,0.07428918778896332,93.2903823852539,93.29039001464844,92.57108306884766,0.003616531379520893,0.3616531491279602,-1.2162213325500488
247,1,Bass,22.683452606201172,-22.683393478393555,0.039711326360702515,0.03971131891012192,0.045643314719200134,96.02886199951172,96.02886962890625,95.4356689453125,0.005361924413591623,0.5361924171447754,34.03953170776367,-34.03922653198242,0.01358927134424448,0.01358926109969616,0.012576364912092686,98.64107513427734,98.64107513427734,98.74236297607422,0.00039433245547115803,0.03943324461579323,11.254892349243164
247,2,Drums,32.20481491088867,-32.2047004699707,0.002771068597212434,0.002771068597212434,0.0034258407540619373,99.72289276123047,99.72289276123047,99.65741729736328,0.0006015459657646716,0.06015459820628166,40.639137268066406,-40.63762664794922,0.0016594547778367996,0.001659454545006156,0.0014708628877997398,99.83405303955078,99.83405303955078,99.85291290283203,8.631450327811763e-05,0.00863145012408495,8.44091796875
248,0,Vocal,24.3604679107666,-24.360456466674805,0.009630589745938778,0.009630589745938778,0.010157337412238121,99.03694152832031,99.03694152832031,98.98426818847656,0.0036505928728729486,0.3650592863559723,41.61357116699219,-41.609439849853516,0.0007051227148622274,0.0007051227148622274,0.0018644881201907992,99.92948913574219,99.92948913574219,99.81355285644531,6.895957631058991e-05,0.006895957514643669,17.391881942749023
248,1,Bass,11.394731521606445,-11.394730567932129,0.44344767928123474,0.4434303045272827,0.44843754172325134,55.65522766113281,55.6569709777832,55.15624237060547,0.06762649118900299,6.762649059295654,26.162260055541992,-26.162303924560547,0.11030091345310211,0.11029481142759323,0.10823630541563034,88.96990966796875,88.97052001953125,89.1763687133789,0.0024139047600328922,0.24139048159122467,14.712210655212402
248,2,Drums,33.84309005737305,-33.842689514160156,0.0017849779687821865,0.0017849777359515429,0.002312410855665803,99.82150268554688,99.82150268554688,99.76876068115234,0.0004126022395212203,0.04126022383570671,13.413491249084473,-13.413490295410156,0.029948584735393524,0.029948581010103226,0.14169776439666748,97.00514221191406,97.00514221191406,85.8302230834961,0.04358120262622833,4.358120441436768,-17.898849487304688
249,0,Vocal,54.538665771484375,-54.46302032470703,0.005475183948874474,0.005475183948874474,0.005674510262906551,99.45248413085938,99.45248413085938,99.43254852294922,3.5439222756394884e-06,0.0003543922211974859,53.734596252441406,-53.721900939941406,0.0003932348918169737,0.0003932348918169737,0.0007769938092678785,99.96067810058594,99.96067810058594,99.92230224609375,4.282470854377607e-06,0.0004282470908947289,-0.7255659103393555
249,1,Bass,1.86897611618042,-1.8689762353897095,0.34940817952156067,0.34940817952156067,0.3553209602832794,65.05918884277344,65.05918884277344,64.46791076660156,0.39404332637786865,39.40433120727539,25.182430267333984,-25.182401657104492,0.42555415630340576,0.42555177211761475,0.43056774139404297,57.444583892822266,57.44482421875,56.9432258605957,0.003023015335202217,0.3023015260696411,26.493799209594727
249,2,Drums,44.84342956542969,-44.84031295776367,0.0008631449309177697,0.0008631449309177697,0.0012316707288846374,99.91368865966797,99.91368865966797,99.8768310546875,3.2790783734526485e-05,0.003279078286141157,16.3839168548584,-16.383935928344727,0.07628848403692245,0.07628848403692245,0.09031398594379425,92.37115478515625,92.37115478515625,90.9686050415039,0.02247679978609085,2.2476799488067627,-26.23488998413086
250,0,Vocal,24.750720977783203,-24.75088882446289,0.002612739335745573,0.0026127391029149294,0.0025149520952254534,99.73873138427734,99.73873138427734,99.74850463867188,0.0033378377556800842,0.3337837755680084,42.670894622802734,-42.67957305908203,0.000516518484801054,0.000516518484801054,0.0014645729679614305,99.94834899902344,99.94834899902344,99.85354614257812,5.398851499194279e-05,0.005398851353675127,18.102046966552734
250,1,Bass,17.856943130493164,-17.856948852539062,0.01214149035513401,0.01214149035513401,0.006075473967939615,98.78585052490234,98.78585052490234,99.39244842529297,0.016115698963403702,1.611569881439209,14.478644371032715,-14.478639602661133,0.2640484571456909,0.26404842734336853,0.24291057884693146,73.59515380859375,73.59515380859375,75.70894622802734,0.034428637474775314,3.442863702774048,4.068269729614258
250,2,Drums,22.637054443359375,-22.637073516845703,0.00022518110927194357,0.00022518110927194357,0.0017101174453273416,99.97747802734375,99.97747802734375,99.82898712158203,0.005419192370027304,0.5419192314147949,19.41876220703125,-19.418752670288086,0.12499794363975525,0.12499794363975525,0.17950764298439026,87.50020599365234,87.50020599365234,82.04924011230469,0.011302847415208817,1.1302847862243652,-1.4271302223205566
251,0,Vocal,46.40378952026367,-46.4040412902832,0.0006758340168744326,0.0006758339004591107,0.0011495242360979319,99.93241119384766,99.93241119384766,99.88504791259766,2.2942012947169133e-05,0.0022942014038562775,45.461891174316406,-45.459815979003906,0.0012831155909225345,0.0012831154745072126,0.002274836180731654,99.87168884277344,99.87168884277344,99.77252197265625,2.843938818841707e-05,0.0028439387679100037,-0.7732031345367432
251,1,Bass,32.01194381713867,-32.01261520385742,0.004117427859455347,0.004117405042052269,0.0030774001497775316,99.5882568359375,99.5882568359375,99.6922607421875,0.0006287581636570394,0.06287581473588943,32.11109924316406,-32.1108283996582,0.001928532961755991,0.0019285234156996012,0.0,99.8071517944336,99.8071517944336,100.0,0.0006146660889498889,0.061466608196496964,0.08296177536249161
251,2,Drums,40.81981658935547,-40.817848205566406,0.001981658861041069,0.00198165699839592,0.0020812717266380787,99.80183410644531,99.80183410644531,99.7918701171875,8.281924237962812e-05,0.008281923830509186,26.66952896118164,-26.6694278717041,0.016790097579360008,0.016790077090263367,0.019700605422258377,98.32099151611328,98.32099151611328,98.02993774414062,0.002148410538211465,0.2148410528898239,-13.063694953918457
252,0,Vocal,31.067115783691406,-31.06707000732422,0.003113481681793928,0.00311348051764071,0.0033522015437483788,99.68865203857422,99.68865203857422,99.66477966308594,0.0007815841818228364,0.0781584158539772,35.82835006713867,-35.828712463378906,0.004208947066217661,0.004208945669233799,0.0045166765339672565,99.57910919189453,99.57910919189453,99.54833221435547,0.0002613226533867419,0.026132265105843544,5.062138080596924
252,1,Bass,27.316997528076172,-27.317031860351562,0.013336539268493652,0.013336514122784138,0.013411875814199448,98.66634368896484,98.66634368896484,98.6588134765625,0.0018514132825657725,0.18514132499694824,36.520999908447266,-36.52070999145508,0.0029660698492079973,0.0029660656582564116,0.0028947938699275255,99.7033920288086,99.7033920288086,99.71051788330078,0.00022274150978773832,0.02227415144443512,9.204559326171875
252,2,Drums,33.77830123901367,-33.778472900390625,0.0075844768434762955,0.007584475912153721,0.00939759612083435,99.2415542602539,99.2415542602539,99.06023406982422,0.00041878505726344883,0.041878506541252136,29.209171295166016,-29.20950698852539,0.00492947269231081,0.00492947269231081,0.029730450361967087,99.50704956054688,99.50704956054688,97.0269546508789,0.0011982503347098827,0.11982503533363342,-4.404167175292969
253,0,Vocal,33.688941955566406,-33.68833541870117,0.002919521415606141,0.0029195211827754974,0.0036476976238191128,99.70805358886719,99.70805358886719,99.6352310180664,0.00042751632281579077,0.04275163263082504,39.619842529296875,-39.617794036865234,0.002088685054332018,0.0020886848215013742,0.004532088525593281,99.79113006591797,99.79113006591797,99.54679107666016,0.00010913833102677017,0.010913833044469357,6.13314151763916
253,1,Bass,28.23928451538086,-28.239212036132812,0.02174987643957138,0.02174987643957138,0.01962568610906601,97.82501220703125,97.82501220703125,98.03742980957031,0.0014976912643760443,0.149769127368927,28.481481552124023,-28.481468200683594,0.02738944999873638,0.02738944999873638,0.030755389481782913,97.26105499267578,97.26105499267578,96.9244613647461,0.001416529412381351,0.1416529417037964,1.022550106048584
253,2,Drums,24.760303497314453,-24.7602481842041,0.005994237493723631,0.005994236562401056,0.002700640819966793,99.40057373046875,99.40057373046875,99.72993469238281,0.0033305927645415068,0.33305928111076355,37.18537902832031,-37.18452835083008,0.00398612953722477,0.003986129071563482,0.003678149078041315,99.60138702392578,99.60138702392578,99.63218688964844,0.00019117543706670403,0.01911754347383976,12.48402214050293
254,0,Vocal,54.118045806884766,-54.055572509765625,0.03332488611340523,0.03332488611340523,0.033562492579221725,96.66751098632812,96.66751098632812,96.64375305175781,3.8607681744906586e-06,0.00038607680471614003,46.46070861816406,-46.46411895751953,0.0013134719338268042,0.0013134719338268042,0.001453553093597293,99.86865234375,99.86865234375,99.85464477539062,2.2606904167332686e-05,0.0022606903221458197,-7.417689323425293
254,1,Bass,31.653526306152344,-31.65350914001465,0.03262528404593468,0.03262528404593468,0.03528735786676407,96.73747253417969,96.73747253417969,96.47126007080078,0.0006829222547821701,0.06829222291707993,32.74757766723633,-32.747798919677734,0.005050698760896921,0.005050698760896921,0.007481788285076618,99.49492645263672,99.49492645263672,99.25181579589844,0.0005308888503350317,0.05308888480067253,1.0164353847503662
254,2,Drums,17.254426956176758,-17.25442123413086,0.004273759201169014,0.004273758735507727,0.004220002796500921,99.57262420654297,99.57262420654297,99.5780029296875,0.018469801172614098,1.846980094909668,35.31569290161133,-35.31602478027344,0.006841222755610943,0.006841222755610943,0.0066017392091453075,99.31587219238281,99.31587219238281,99.33982849121094,0.00029394199373200536,0.029394200071692467,18.04836654663086
255,0,Vocal,36.044761657714844,-36.04462814331055,0.001814452582038939,0.001814452582038939,0.00045584762119688094,99.81855773925781,99.81855773925781,99.95441436767578,0.0002485816949047148,0.02485816925764084,46.30317306518555,-46.30815505981445,0.0003384027804713696,0.0003384027804713696,0.0012196482857689261,99.9661636352539,99.9661636352539,99.87803649902344,2.3426260668202303e-05,0.0023426259867846966,10.361404418945312
255,1,Bass,19.83831787109375,-19.83832359313965,0.017927663400769234,0.017927540466189384,0.013769487850368023,98.20723724365234,98.20724487304688,98.623046875,0.010272664949297905,1.027266502380371,27.135101318359375,-27.13507843017578,0.007398474961519241,0.007398421876132488,0.00914709735661745,99.2601547241211,99.2601547241211,99.08528900146484,0.0019304441520944238,0.19304440915584564,7.279491901397705
255,2,Drums,23.48464012145996,-23.48465347290039,0.003185748355463147,0.003185748355463147,0.0,99.68142700195312,99.68142700195312,100.0,0.004462677054107189,0.446267694234848,37.09025955200195,-37.08930587768555,0.0019234538776800036,0.0019234538776800036,0.002083976985886693,99.80765533447266,99.80765533447266,99.7916030883789,0.00019538900232873857,0.01953889988362789,13.646434783935547
256,0,Vocal,27.530437469482422,-27.5302677154541,0.0014955982333049178,0.0014955982333049178,0.003474950324743986,99.8504409790039,99.8504409790039,99.65250396728516,0.0017627808265388012,0.17627808451652527,39.055599212646484,-39.05654525756836,0.0044019161723554134,0.0044019161723554134,0.005932117812335491,99.55980682373047,99.55980682373047,99.40679168701172,0.00012427450565155596,0.01242745015770197,11.917567253112793
256,1,Bass,20.701862335205078,-20.701854705810547,0.012993085198104382,0.012993085198104382,0.017885373905301094,98.70069122314453,98.70069122314453,98.21146392822266,0.008436004631221294,0.8436004519462585,29.27959442138672,-29.2796630859375,0.004313682205975056,0.004313682205975056,0.006503221578896046,99.5686264038086,99.5686264038086,99.34967803955078,0.0011790835997089744,0.11790835857391357,8.538814544677734
256,2,Drums,24.84168815612793,-24.841678619384766,0.00011160485883010551,0.00011160482245031744,0.00045280143967829645,99.98884582519531,99.98884582519531,99.95471954345703,0.003268931992352009,0.3268932104110718,34.038875579833984,-34.03881072998047,0.0017965709557756782,0.001796570373699069,0.0017054877243936062,99.82034301757812,99.82034301757812,99.82945251464844,0.00039440765976905823,0.03944076597690582,9.245920181274414
257,0,Vocal,31.277996063232422,-31.277584075927734,0.000826339004561305,0.0008263385971076787,0.0015091300010681152,99.91736602783203,99.91736602783203,99.84909057617188,0.0007445428636856377,0.07445428520441055,43.98627853393555,-43.988834381103516,0.0008570398204028606,0.0008570396457798779,0.0007942640804685652,99.91429138183594,99.91429138183594,99.92057037353516,3.9958744309842587e-05,0.003995874430984259,12.856973648071289
257,1,Bass,27.655946731567383,-27.65618324279785,0.009129824116826057,0.009129801765084267,0.011907397769391537,99.08702087402344,99.08702087402344,98.80925750732422,0.001712554250843823,0.171255424618721,34.55560302734375,-34.55702209472656,0.002011265605688095,0.0020112607162445784,0.0027088073547929525,99.79887390136719,99.79887390136719,99.72911834716797,0.000350110640283674,0.035011064261198044,6.880061626434326
257,2,Drums,30.893932342529297,-30.89397430419922,0.004175679292529821,0.004175662528723478,0.007474088110029697,99.58243560791016,99.58243560791016,99.25259399414062,0.0008132914081215858,0.08132913708686829,37.126190185546875,-37.12600326538086,0.003919463139027357,0.003919447306543589,0.004914029035717249,99.6080551147461,99.6080551147461,99.50859832763672,0.0001937957713380456,0.019379576668143272,6.264934539794922
258,0,Vocal,30.481245040893555,-30.481246948242188,0.0003304955898784101,0.0003304948622826487,0.00036344712134450674,99.96694946289062,99.96694946289062,99.96365356445312,0.00089432013919577,0.0894320160150528,29.616287231445312,-29.616214752197266,0.013030948117375374,0.013030936010181904,0.011511469259858131,98.69690704345703,98.69690704345703,98.8488540649414,0.0010912041179835796,0.10912041366100311,-0.3809560537338257
258,1,Bass,20.753753662109375,-20.75371742248535,0.005942783784121275,0.005942781921476126,0.0035783553030341864,99.40572357177734,99.40572357177734,99.64216613769531,0.008336616680026054,0.833661675453186,28.55046844482422,-28.55048179626465,0.0032372954301536083,0.0032372944988310337,8.013789192773402e-05,99.67626953125,99.67626953125,99.99198913574219,0.0013942945515736938,0.13942945003509521,7.783605575561523
258,2,Drums,20.10485076904297,-20.104848861694336,0.016000822186470032,0.016000717878341675,0.016999926418066025,98.39991760253906,98.3999252319336,98.30001068115234,0.009667140431702137,0.9667140245437622,30.574657440185547,-30.574541091918945,0.011933302506804466,0.01193321868777275,0.011997315101325512,98.80667114257812,98.80667877197266,98.80026245117188,0.000875309866387397,0.08753098547458649,10.50561809539795
259,0,Vocal,33.99575424194336,-33.99724578857422,0.0014425922418013215,0.0014425922418013215,0.0015447406331077218,99.8557357788086,99.8557357788086,99.84552764892578,0.0003982738417107612,0.0398273840546608,39.12701416015625,-39.126136779785156,0.008039233274757862,0.008039232343435287,0.008334958925843239,99.19607543945312,99.19607543945312,99.16650390625,0.0001222799182869494,0.012227991595864296,5.520559787750244
259,1,Bass,22.721721649169922,-22.721662521362305,0.011770178563892841,0.011770102195441723,0.012516281567513943,98.82298278808594,98.82299041748047,98.74837493896484,0.005315112881362438,0.5315113067626953,34.077789306640625,-34.077362060546875,0.004706851206719875,0.004706825129687786,0.006102357525378466,99.52931213378906,99.5293197631836,99.38976287841797,0.00039087209734134376,0.0390872098505497,11.342245101928711
259,2,Drums,28.612632751464844,-28.61260414123535,0.005228128284215927,0.005228122696280479,0.006884600501507521,99.47718811035156,99.47718811035156,99.31153869628906,0.0013744833413511515,0.13744834065437317,43.519622802734375,-43.5185432434082,0.0019150692969560623,0.001915067434310913,0.0026616377290338278,99.80848693847656,99.80848693847656,99.73383331298828,4.446339517016895e-05,0.004446339327841997,14.90771198272705
260,0,Vocal,31.191524505615234,-31.191633224487305,0.0023969062604010105,0.0023969055619090796,0.003594405483454466,99.76031494140625,99.76031494140625,99.64056396484375,0.0007595086353830993,0.07595086097717285,37.554107666015625,-37.553462982177734,0.008097215555608273,0.008097214624285698,0.010208601132035255,99.19027709960938,99.19027709960938,98.97914123535156,0.00017560998094268143,0.01756099797785282,6.80539083480835
260,1,Bass,20.66629409790039,-20.666284561157227,0.012868599966168404,0.012868591584265232,0.01967262476682663,98.71314239501953,98.71314239501953,98.0327377319336,0.008504791185259819,0.8504791259765625,28.843643188476562,-28.843738555908203,0.004298182670027018,0.004298180807381868,0.007221318781375885,99.57017517089844,99.57017517089844,99.27786254882812,0.001303348341025412,0.13033483922481537,8.149828910827637
260,2,Drums,24.853782653808594,-24.853778839111328,0.00011935724614886567,0.00011935724614886567,0.0004846264491789043,99.98806762695312,99.98806762695312,99.9515380859375,0.0032599028199911118,0.3259902894496918,32.46750259399414,-32.46708297729492,0.004844497423619032,0.004844496957957745,0.006156246177852154,99.51554870605469,99.51554870605469,99.3843765258789,0.0005662580369971693,0.05662580206990242,7.7055559158325195
261,0,Vocal,24.208765029907227,-24.208744049072266,0.0007501431973651052,0.0007501427899114788,0.0015439579728990793,99.92498779296875,99.92498779296875,99.8456039428711,0.003779907478019595,0.3779907524585724,42.75307083129883,-42.75091552734375,0.0009292685426771641,0.0009292683680541813,0.0012261808151379228,99.90707397460938,99.90707397460938,99.87738037109375,5.304853038978763e-05,0.005304852966219187,18.615196228027344
261,1,Bass,21.789274215698242,-21.789339065551758,0.01055685430765152,0.010556853376328945,0.010718680918216705,98.9443130493164,98.9443130493164,98.92813110351562,0.0065796817652881145,0.6579681634902954,29.48114013671875,-29.48096466064453,0.0032007687259465456,0.0032007682602852583,0.003836655057966709,99.67992401123047,99.67992401123047,99.6163330078125,0.001125612761825323,0.11256127804517746,7.66923189163208
261,2,Drums,22.53963851928711,-22.53962516784668,0.0021171148400753736,0.0021171148400753736,0.004281495697796345,99.78829193115234,99.78829193115234,99.57184600830078,0.005541450809687376,0.554145097732544,36.17803955078125,-36.177852630615234,0.004288254305720329,0.004288254305720329,0.005537783727049828,99.57117462158203,99.57117462158203,99.44622039794922,0.00024104866315610707,0.02410486713051796,13.68698501586914
262,0,Vocal,34.81930160522461,-34.81951141357422,0.00020168792980257422,0.00020168792980257422,0.0,99.97982788085938,99.97982788085938,100.0,0.00032958260271698236,0.0329582616686821,44.53117370605469,-44.527549743652344,0.00040513824205845594,0.00040513824205845594,0.0020524319261312485,99.95948791503906,99.95948791503906,99.79475402832031,3.522968836477958e-05,0.003522968851029873,9.768474578857422
262,1,Bass,23.810327529907227,-23.810272216796875,0.0008494138601236045,0.0008494115900248289,0.0053976913914084435,99.91505432128906,99.91505432128906,99.46023559570312,0.004141576588153839,0.4141576588153839,34.26667022705078,-34.26681900024414,0.0007644392899237573,0.0007644374272786081,0.004962445702403784,99.92355346679688,99.92355346679688,99.50375366210938,0.00037423899630084634,0.03742390125989914,10.456676483154297
262,2,Drums,26.048519134521484,-26.048503875732422,0.0078103248961269855,0.0078103248961269855,0.016762349754571915,99.21896362304688,99.21896362304688,98.32376098632812,0.002477854723110795,0.24778547883033752,32.94876480102539,-32.948646545410156,0.004980709403753281,0.004980708938091993,0.011238970793783665,99.5019302368164,99.5019302368164,98.8760986328125,0.0005068746395409107,0.05068746209144592,6.9636759757995605
263,0,Vocal,30.707801818847656,-30.707523345947266,0.0037288975436240435,0.003728896379470825,0.0047779325395822525,99.62710571289062,99.62711334228516,99.52220916748047,0.0008488805033266544,0.0848880484700203,27.7703857421875,-27.77042007446289,0.013772229664027691,0.013772227801382542,0.022402625530958176,98.62277221679688,98.62277221679688,97.75973510742188,0.0016681600827723742,0.16681601107120514,-2.067000389099121
263,1,Bass,21.192319869995117,-21.192325592041016,0.010824060998857021,0.010824060998857021,0.012066369876265526,98.91759490966797,98.91759490966797,98.79336547851562,0.007541895378381014,0.7541895508766174,28.488441467285156,-28.488454818725586,0.003505636705085635,0.0035056364722549915,0.005492084193974733,99.6494369506836,99.6494369506836,99.45079040527344,0.0014143107691779733,0.1414310783147812,7.2852253913879395
263,2,Drums,38.519309997558594,-38.51995849609375,0.0019002188928425312,0.0019002178451046348,0.0017451817402616143,99.80998229980469,99.80998229980469,99.82548522949219,0.00014062196714803576,0.01406219694763422,42.86178207397461,-42.856544494628906,0.0029847428668290377,0.002984741237014532,0.003366767428815365,99.70152282714844,99.70152282714844,99.66332244873047,5.176605191081762e-05,0.005176605191081762,4.478867053985596
264,0,Vocal,24.381513595581055,-24.381505966186523,0.0022785940673202276,0.002278593135997653,0.0022252839989960194,99.77214050292969,99.77214050292969,99.77747344970703,0.0036330372095108032,0.3633037209510803,42.5621337890625,-42.560672760009766,0.0006458519492298365,0.0006458518910221756,0.0006322189001366496,99.93540954589844,99.93540954589844,99.93677520751953,5.542874714592472e-05,0.005542874801903963,18.283803939819336
264,1,Bass,24.184839248657227,-24.18480682373047,0.0030711833387613297,0.0030711640138179064,0.002916220808401704,99.69287872314453,99.69287872314453,99.70838165283203,0.003800675505772233,0.3800675570964813,32.48583984375,-32.485511779785156,0.0010334986727684736,0.0010334921535104513,0.0007790179224684834,99.89665222167969,99.89665222167969,99.9220962524414,0.000563842651899904,0.056384265422821045,8.290233612060547
264,2,Drums,31.38258171081543,-31.3825626373291,0.0007169907330535352,0.0007169906748458743,0.0,99.92829895019531,99.92829895019531,100.0,0.000726824626326561,0.0726824626326561,38.565589904785156,-38.56562042236328,0.0003641097864601761,0.00036410975735634565,0.0,99.96358489990234,99.96358489990234,100.0,0.00013910842244513333,0.013910842128098011,7.185857772827148
265,0,Vocal,28.931224822998047,-28.93128204345703,0.01100474689155817,0.01100474689155817,0.011322423815727234,98.89952850341797,98.89952850341797,98.86775970458984,0.0012774077476933599,0.1277407705783844,41.1578369140625,-41.153568267822266,0.0006326875300146639,0.0006326875300146639,0.0,99.93672943115234,99.93672943115234,100.0,7.661984272999689e-05,0.0076619843021035194,12.321475982666016
265,1,Bass,29.239990234375,-29.23990249633789,0.006558732595294714,0.006558683700859547,0.00995405949652195,99.34413146972656,99.34413146972656,99.00459289550781,0.0011898258235305548,0.11898258328437805,32.835296630859375,-32.836116790771484,0.0015456844121217728,0.00154567277058959,0.0,99.8454360961914,99.8454360961914,100.0,0.0005202703760005534,0.05202703922986984,3.5552351474761963
265,2,Drums,36.37919998168945,-36.3797492980957,0.0005041729309596121,0.0005041725817136467,0.0014584970194846392,99.94957733154297,99.94957733154297,99.8541488647461,0.0002301222993992269,0.023012230172753334,43.94755935668945,-43.94832229614258,0.00021839207329321653,0.00021839192777406424,0.0007172059849835932,99.97816467285156,99.97816467285156,99.92827606201172,4.030921991216019e-05,0.004030921962112188,7.56403923034668
266,0,Vocal,23.690595626831055,-23.69061279296875,0.0014146271860226989,0.0014146269531920552,0.0016608559526503086,99.85853576660156,99.85853576660156,99.83390808105469,0.004256842657923698,0.42568427324295044,40.879638671875,-40.880245208740234,0.00041391095146536827,0.0004139109223615378,0.00024307706917170435,99.95861053466797,99.95861053466797,99.97569274902344,8.171252557076514e-05,0.00817125290632248,17.294872283935547
266,1,Bass,27.66594886779785,-27.665912628173828,0.002478277077898383,0.0024782572872936726,0.003381820162758231,99.75216674804688,99.7521743774414,99.66181182861328,0.0017087258165702224,0.17087258398532867,35.39031982421875,-35.39177322387695,0.0006483813631348312,0.0006483762990683317,0.0,99.93516540527344,99.93516540527344,100.0,0.00028893392300233245,0.02889339253306389,7.706454277038574
266,2,Drums,28.136980056762695,-28.13704490661621,0.000257840845733881,0.000257840845733881,0.0036365382838994265,99.97421264648438,99.97421264648438,99.63634490966797,0.0015333011979237199,0.15333011746406555,25.11163330078125,-25.11161994934082,0.03659859672188759,0.03659859299659729,0.047651756554841995,96.34014129638672,96.34014129638672,95.23482513427734,0.0030725994147360325,0.3072599470615387,-2.2102272510528564
267,0,Vocal,27.746204376220703,-27.7462215423584,0.004914965480566025,0.00491495942696929,0.005569180473685265,99.50850677490234,99.50850677490234,99.44308471679688,0.0016774852992966771,0.16774852573871613,41.31616973876953,-41.313777923583984,0.002200625604018569,0.0022006246726959944,0.003219359554350376,99.77993774414062,99.77993774414062,99.67806243896484,7.387754885712638e-05,0.00738775497302413,13.857224464416504
267,1,Bass,24.06101417541504,-24.061031341552734,0.0036972351372241974,0.0036972344387322664,0.0027842188719660044,99.63027954101562,99.63027954101562,99.7215805053711,0.003910209983587265,0.3910210132598877,34.565223693847656,-34.5665397644043,0.001583911245688796,0.0015839110128581524,0.0003698854416143149,99.84160614013672,99.84160614013672,99.9630126953125,0.00034934640279971063,0.0349346399307251,10.489347457885742
267,2,Drums,34.64374923706055,-34.64376449584961,0.002081786748021841,0.0020817862823605537,0.0017449172446504235,99.79181671142578,99.79181671142578,99.82550811767578,0.0003431687073316425,0.03431687131524086,39.456886291503906,-39.454654693603516,0.0009379322873428464,0.0009379319963045418,0.0004244748270139098,99.90620422363281,99.90620422363281,99.95755004882812,0.00011332660506013781,0.011332660913467407,4.817944049835205
268,0,Vocal,30.668609619140625,-30.668411254882812,0.004555923864245415,0.004555923398584127,0.004998365417122841,99.54440307617188,99.54440307617188,99.50016021728516,0.0008565878961235285,0.08565878868103027,40.014404296875,-40.01020812988281,0.002743803197517991,0.0027438029646873474,0.004076043143868446,99.72562408447266,99.72562408447266,99.59239196777344,9.969322854885831e-05,0.009969322942197323,9.592513084411621
268,1,Bass,30.534879684448242,-30.534832000732422,0.00602069403976202,0.006020691245794296,0.00694760587066412,99.39793395996094,99.39793395996094,99.30524444580078,0.0008833874017000198,0.08833874017000198,39.667545318603516,-39.666744232177734,0.001169640920124948,0.0011696403380483389,0.0003166380920447409,99.88304138183594,99.88304138183594,99.96833801269531,0.00010793869296321645,0.010793869383633137,9.111748695373535
268,2,Drums,40.05879211425781,-40.05899429321289,0.002135529415681958,0.0021355291828513145,0.0030201843474060297,99.78644561767578,99.78644561767578,99.69798278808594,9.861652506515384e-05,0.009861652739346027,46.41511535644531,-46.417484283447266,0.0007925507961772382,0.0007925507961772382,0.0010885875672101974,99.92074584960938,99.92074584960938,99.89114379882812,2.283104186062701e-05,0.0022831042297184467,6.3508124351501465
269,0,Vocal,6.198409080505371,-6.198408603668213,0.28024280071258545,0.2802419066429138,0.29344746470451355,71.97572326660156,71.9758071899414,70.6552505493164,0.19352968037128448,19.352968215942383,21.258769989013672,-21.25875473022461,0.10884370654821396,0.10884296894073486,0.14608226716518402,89.11563110351562,89.1156997680664,85.39176940917969,0.007428253069519997,0.7428253293037415,19.800317764282227
269,1,Bass,33.52662658691406,-33.52780532836914,0.006798921152949333,0.0067989155650138855,0.008092821575701237,99.32010650634766,99.32010650634766,99.19071960449219,0.000443699216702953,0.04436992108821869,39.21039962768555,-39.20852279663086,0.002450409112498164,0.0024504074826836586,0.004083896521478891,99.75495910644531,99.75495910644531,99.59161376953125,0.00011995108798146248,0.011995108798146248,5.674429416656494
269,2,Drums,42.632755279541016,-42.63420104980469,0.0003854837850667536,0.0003854837850667536,0.0006529265083372593,99.96145629882812,99.96145629882812,99.93470764160156,5.4542910220334306e-05,0.005454291123896837,47.933494567871094,-47.925777435302734,0.00014286951045505702,0.00014286951045505702,0.0005071940831840038,99.98571014404297,99.98571014404297,99.94927978515625,1.6093779777293094e-05,0.0016093780286610126,5.307053089141846
270,0,Vocal,19.929481506347656,-19.92949104309082,0.003052696119993925,0.0030526937916874886,0.002742740325629711,99.69473266601562,99.69473266601562,99.72572326660156,0.010061460547149181,1.0061460733413696,34.8421516418457,-34.84351348876953,0.008292111568152905,0.00829210877418518,0.009632336907088757,99.17078399658203,99.17079162597656,99.0367660522461,0.0003277752548456192,0.03277752548456192,15.353804588317871
270,1,Bass,21.0208740234375,-21.020824432373047,0.00758624542504549,0.00758624542504549,0.02245432697236538,99.24137878417969,99.24137878417969,97.75457000732422,0.007843244820833206,0.7843244671821594,27.037582397460938,-27.03744888305664,0.07388056069612503,0.07388056069612503,0.09105312824249268,92.61194610595703,92.61194610595703,90.89468383789062,0.001974215265363455,0.19742152094841003,7.2070512771606445
270,2,Drums,31.899717330932617,-31.8996639251709,0.0010878911707550287,0.0010878911707550287,0.0028188726864755154,99.8912124633789,99.8912124633789,99.71810913085938,0.0006452664965763688,0.06452664732933044,39.41143035888672,-39.410926818847656,0.00048483131104148924,0.00048483131104148924,0.00145743100438267,99.9515151977539,99.9515151977539,99.85425567626953,0.00011447905853856355,0.01144790556281805,7.511422634124756
271,0,Vocal,27.242279052734375,-27.24230194091797,0.007751961704343557,0.007751956582069397,0.00598484231159091,99.22480773925781,99.22480773925781,99.4015121459961,0.0018834428628906608,0.18834428489208221,30.639970779418945,-30.63990020751953,0.005254155024886131,0.005254153162240982,0.008130352944135666,99.4745864868164,99.4745864868164,99.18696594238281,0.0008622530731372535,0.08622530847787857,4.046539783477783
271,1,Bass,24.588645935058594,-24.588558197021484,0.006659449078142643,0.0066594406962394714,0.009022788144648075,99.33405303955078,99.33405303955078,99.09772491455078,0.003464427310973406,0.34644272923469543,34.502681732177734,-34.502052307128906,0.002485994715243578,0.002485991455614567,0.003490071278065443,99.75140380859375,99.75140380859375,99.65099334716797,0.0003544714709278196,0.035447146743535995,9.891739845275879
271,2,Drums,37.285396575927734,-37.28602600097656,0.0014826399274170399,0.0014826399274170399,0.0028994493186473846,99.85173034667969,99.85173034667969,99.71005249023438,0.00018682681547943503,0.018682681024074554,42.325836181640625,-42.323097229003906,0.0006187186809256673,0.0006187186809256673,0.0013167299330234528,99.9381332397461,99.9381332397461,99.86832427978516,5.8538527810014784e-05,0.0058538527227938175,5.0382914543151855
272,0,Vocal,25.748348236083984,-25.748327255249023,0.12681521475315094,0.12681519985198975,0.12740907073020935,87.3184814453125,87.3184814453125,87.25908660888672,0.002654691692441702,0.26546916365623474,38.82635498046875,-38.825626373291016,0.00401313928887248,0.00401313928887248,0.005182637367397547,99.59868621826172,99.59868621826172,99.48173522949219,0.0001310310763074085,0.013103107921779156,13.639381408691406
272,1,Bass,10.247037887573242,-10.247039794921875,0.32300910353660583,0.32300910353660583,0.32279300689697266,67.69908905029297,67.69908905029297,67.720703125,0.08631614595651627,8.631614685058594,23.835756301879883,-23.835693359375,0.20817673206329346,0.20817580819129944,0.20835070312023163,79.18232727050781,79.18241882324219,79.16492462158203,0.004117500502616167,0.41175004839897156,13.291487693786621
272,2,Drums,36.120418548583984,-36.12059020996094,0.001588301151059568,0.0015883005689829588,0.002484111348167062,99.84117126464844,99.84117126464844,99.75159454345703,0.0002442750846967101,0.0244275089353323,43.42176055908203,-43.420631408691406,0.0006830174243077636,0.0006830170168541372,0.0009783458663150668,99.93170166015625,99.93170166015625,99.90216827392578,4.550283119897358e-05,0.004550283309072256,7.300895690917969
273,0,Vocal,14.569548606872559,-14.569548606872559,0.16777679324150085,0.1677766740322113,0.16177894175052643,83.22232055664062,83.22232818603516,83.82210540771484,0.03373953327536583,3.373953342437744,30.7436580657959,-30.743675231933594,0.014876619912683964,0.014876616187393665,0.020047850906848907,98.51233673095703,98.51233673095703,97.9952163696289,0.0008419245132245123,0.08419245481491089,17.5877742767334
273,1,Bass,9.957181930541992,-9.957181930541992,0.41219958662986755,0.4121994078159332,0.4108300507068634,58.78003692626953,58.78006362915039,58.91699981689453,0.09172716736793518,9.172717094421387,18.552583694458008,-18.55257797241211,0.26693153381347656,0.2669309377670288,0.2702235281467438,73.30684661865234,73.3069076538086,72.97765350341797,0.013763307593762875,1.3763307332992554,8.32111930847168
273,2,Drums,38.914188385009766,-38.91458511352539,0.0007562278769910336,0.000756227585952729,0.0011266283690929413,99.92437744140625,99.92437744140625,99.88733673095703,0.0001283762394450605,0.012837624177336693,44.27436447143555,-44.2713737487793,0.00032497357460670173,0.00032497348729521036,0.0006330700125545263,99.9675064086914,99.9675064086914,99.93669128417969,3.740051033673808e-05,0.0037400510627776384,5.358530044555664
274,0,Vocal,14.8704833984375,-14.870481491088867,0.1465350091457367,0.1465350091457367,0.14593471586704254,85.34649658203125,85.34649658203125,85.40653228759766,0.03155209496617317,3.155209541320801,37.44059753417969,-37.44047546386719,0.007285286206752062,0.007285282947123051,0.00903142336755991,99.27146911621094,99.27146911621094,99.09685516357422,0.00018025557801593095,0.018025558441877365,23.167339324951172
274,1,Bass,5.111151218414307,-5.111150741577148,0.4101370871067047,0.4101370871067047,0.4072590172290802,58.98629379272461,58.98629379272461,59.27410125732422,0.23561261594295502,23.561262130737305,29.199878692626953,-29.19988441467285,0.26543867588043213,0.26543810963630676,0.2681545913219452,73.45613098144531,73.45619201660156,73.18453979492188,0.0012008268386125565,0.12008268386125565,23.496501922607422
274,2,Drums,42.743324279785156,-42.74337387084961,0.001115664024837315,0.001115664024837315,0.0015307302819564939,99.88843536376953,99.88843536376953,99.84693145751953,5.315427915775217e-05,0.0053154281340539455,47.965782165527344,-47.959617614746094,0.00036527871270664036,0.00036527871270664036,0.000636954209767282,99.96347045898438,99.96347045898438,99.93630981445312,1.601722942723427e-05,0.001601722906343639,5.20913028717041
275,0,Vocal,17.6075382232666,-17.6075439453125,0.08952908217906952,0.08952873945236206,0.08927261084318161,91.04708862304688,91.04712677001953,91.07273864746094,0.017052022740244865,1.7052022218704224,30.464183807373047,-30.46410369873047,0.013748401775956154,0.013748385943472385,0.014139220118522644,98.62516021728516,98.62516021728516,98.58607482910156,0.0008978483383543789,0.08978483080863953,13.433216094970703
275,1,Bass,4.874691009521484,-4.874689102172852,0.41762128472328186,0.41761940717697144,0.4148220717906952,58.23787307739258,58.238059997558594,58.517791748046875,0.2455592006444931,24.555919647216797,12.796917915344238,-12.79691219329834,0.2662160396575928,0.2662152051925659,0.24183320999145508,73.3783950805664,73.37847900390625,75.81668090820312,0.04989750310778618,4.989750385284424,6.900450706481934
275,2,Drums,38.277591705322266,-38.277565002441406,0.0018510814988985658,0.0018510814988985658,0.0018315179040655494,99.81489562988281,99.81489562988281,99.81684875488281,0.00014867632125969976,0.01486763171851635,44.94731903076172,-44.943389892578125,0.000726555532310158,0.000726555532310158,0.0010524020763114095,99.9273452758789,99.9273452758789,99.89476013183594,3.199877392034978e-05,0.0031998774502426386,6.680163860321045
276,0,Vocal,17.617990493774414,-17.617977142333984,0.09039369225502014,0.09039368480443954,0.0928141325712204,90.96063232421875,90.96063232421875,90.71858215332031,0.01701180823147297,1.7011808156967163,36.4130859375,-36.41284942626953,0.003954682499170303,0.00395467784255743,0.005513080861419439,99.60453033447266,99.60453796386719,99.44869232177734,0.00022843129409011453,0.0228431299328804,19.067378997802734
276,1,Bass,5.683133125305176,-5.683135509490967,0.5522549748420715,0.5522536635398865,0.5739126205444336,44.77450180053711,44.774635314941406,42.60873794555664,0.21272292733192444,21.272293090820312,23.540756225585938,-23.540740966796875,0.25047388672828674,0.25042498111724854,0.2650037705898285,74.9526138305664,74.95750427246094,73.49961853027344,0.004405634012073278,0.4405634105205536,16.808923721313477
276,2,Drums,36.123600006103516,-36.12303161621094,0.002348626498132944,0.002348626498132944,0.00026040099328383803,99.76513671875,99.76513671875,99.97396087646484,0.00024406785087194294,0.024406785145401955,42.6043701171875,-42.604698181152344,0.0005923386197537184,0.0005923386197537184,0.0,99.94076538085938,99.94076538085938,100.0,5.491647243616171e-05,0.005491647403687239,6.486910820007324
277,0,Vocal,26.120004653930664,-26.11992645263672,0.0845799446105957,0.08457958698272705,0.08771710097789764,91.54200744628906,91.54203796386719,91.22828674316406,0.002437480026856065,0.2437480092048645,34.694602966308594,-34.69464874267578,0.008054914884269238,0.008054906502366066,0.009664591401815414,99.19451141357422,99.19451141357422,99.03353881835938,0.0003391434729564935,0.03391434624791145,8.969369888305664
277,1,Bass,7.731886386871338,-7.731884956359863,0.3478076756000519,0.34778982400894165,0.3528999388217926,65.21923828125,65.22101593017578,64.71000671386719,0.14426209032535553,14.426209449768066,15.10223388671875,-15.102232933044434,0.21128983795642853,0.21127086877822876,0.2057192623615265,78.87101745605469,78.87290954589844,79.4280776977539,0.029961636289954185,2.9961636066436768,7.0053534507751465
277,2,Drums,36.40289306640625,-36.402679443359375,0.003781957784667611,0.003781957319006324,0.004359990358352661,99.6218032836914,99.6218032836914,99.56400299072266,0.00022891235130373389,0.02289123460650444,46.600440979003906,-46.597381591796875,0.001372559810988605,0.0013725594617426395,0.001449689269065857,99.86273956298828,99.86273956298828,99.85502624511719,2.189627048210241e-05,0.0021896271500736475,10.191950798034668
278,0,Vocal,12.527624130249023,-12.527633666992188,0.06411361694335938,0.06411361694335938,0.062070053070783615,93.58863830566406,93.58863830566406,93.7929916381836,0.05292043462395668,5.292043685913086,29.291919708251953,-29.291629791259766,0.013698119670152664,0.013698119670152664,0.013651379384100437,98.63018798828125,98.63018798828125,98.6348648071289,0.0011757508618757129,0.11757508665323257,17.560739517211914
278,1,Bass,7.108797550201416,-7.108797550201416,0.4719463288784027,0.47194522619247437,0.4823005497455597,52.805362701416016,52.805477142333984,51.76994705200195,0.1628926545381546,16.289264678955078,20.449037551879883,-20.44902801513672,0.33695125579833984,0.33694273233413696,0.3385806381702423,66.30487060546875,66.30572509765625,66.14193725585938,0.008937171660363674,0.8937171697616577,12.570245742797852
278,2,Drums,28.837881088256836,-28.83782386779785,0.0002004807465709746,0.0002004807465709746,0.0005578863201662898,99.97994995117188,99.97994995117188,99.9442138671875,0.0013050974812358618,0.13050974905490875,38.201629638671875,-38.201454162597656,0.0003735917853191495,0.0003735917853191495,0.0007157675572670996,99.96263885498047,99.96263885498047,99.92842102050781,0.00015131337568163872,0.015131337568163872,9.369024276733398
279,0,Vocal,28.725540161132812,-28.72549057006836,0.08052810281515121,0.08052803575992584,0.08187254518270493,91.94718933105469,91.94719696044922,91.812744140625,0.0013392780674621463,0.13392780721187592,39.52830123901367,-39.52684020996094,0.008756890892982483,0.008756889961659908,0.007982760667800903,99.12431335449219,99.12431335449219,99.20172882080078,0.00011149098281748593,0.011149098165333271,11.396966934204102
279,1,Bass,5.991419792175293,-5.991419792175293,0.3896924555301666,0.3896903693675995,0.41376036405563354,61.030757904052734,61.03096008300781,58.62396240234375,0.20107722282409668,20.107723236083984,17.45736312866211,-17.45735740661621,0.3464886248111725,0.3464886248111725,0.34998077154159546,65.35114288330078,65.35114288330078,65.00192260742188,0.017641451209783554,1.7641451358795166,11.06930160522461
279,2,Drums,42.59965515136719,-42.59724426269531,0.0017010231968015432,0.001701022614724934,0.0019469565013423562,99.82990264892578,99.82990264892578,99.8052978515625,5.496832091012038e-05,0.005496832076460123,47.593299865722656,-47.592315673828125,0.000987038598395884,0.0009870382491499186,0.0012185736559331417,99.90129089355469,99.90129089355469,99.87814331054688,1.7387630578014068e-05,0.0017387630650773644,5.008151531219482
280,0,Vocal,23.95977783203125,-23.959781646728516,0.029382528737187386,0.029382504522800446,0.030027631670236588,97.0617446899414,97.0617446899414,96.99723815917969,0.004002053290605545,0.4002053141593933,37.7209358215332,-37.72100067138672,0.0022458191961050034,0.0022458182647824287,0.0033848672173917294,99.7754135131836,99.7754135131836,99.66151428222656,0.00016899268666747957,0.016899269074201584,13.968494415283203
280,1,Bass,28.080703735351562,-28.08067512512207,0.05773361027240753,0.05773293226957321,0.055093150585889816,94.22663879394531,94.2267074584961,94.49068450927734,0.0015532764373347163,0.15532764792442322,28.38466453552246,-28.384628295898438,0.012894630432128906,0.012894507497549057,0.014188410714268684,98.71054077148438,98.7105484008789,98.58116149902344,0.0014484412968158722,0.14484412968158722,0.21574439108371735
280,2,Drums,20.889005661010742,-20.889007568359375,0.0034228579606860876,0.0034228574950248003,0.004525244701653719,99.65771484375,99.65771484375,99.54747772216797,0.008083063177764416,0.8083063364028931,36.60906982421875,-36.60845184326172,0.0036594716366380453,0.0036594714038074017,0.004393839742988348,99.63404846191406,99.63404846191406,99.56061553955078,0.00021827014279551804,0.021827014163136482,15.706316947937012
281,0,Vocal,26.28147315979004,-26.281463623046875,0.016213413327932358,0.016213374212384224,0.018463358283042908,98.378662109375,98.378662109375,98.1536636352539,0.002348722890019417,0.23487228155136108,39.55860137939453,-39.55418014526367,0.002295041223987937,0.0022950409911572933,0.005256215576082468,99.77050018310547,99.77050018310547,99.47437286376953,0.00011072200140915811,0.011072199791669846,13.532183647155762
281,1,Bass,33.777061462402344,-33.77656173706055,0.07211875915527344,0.07211840897798538,0.0699424147605896,92.78812408447266,92.78816223144531,93.0057601928711,0.00041889521526172757,0.04188952222466469,37.3006706237793,-37.298606872558594,0.034575700759887695,0.034575480967760086,0.03366001695394516,96.54242706298828,96.54244995117188,96.63400268554688,0.00018615947919897735,0.018615948036313057,4.0162248611450195
281,2,Drums,47.141666412353516,-47.13500213623047,0.0012070054654031992,0.00120700360275805,0.0013928008265793324,99.87930297851562,99.87930297851562,99.86072540283203,1.9313318261993118e-05,0.0019313318189233541,33.1021728515625,-33.10177230834961,0.022076250985264778,0.022076210007071495,0.029775792732834816,97.79237365722656,97.7923812866211,97.02242279052734,0.0004893147270195186,0.04893147200345993,-13.512107849121094
282,0,Vocal,21.877920150756836,-21.877906799316406,0.011990077793598175,0.0119900768622756,0.012321969494223595,98.80099487304688,98.80099487304688,98.76780700683594,0.006447636988013983,0.644763708114624,39.703670501708984,-39.703983306884766,0.0019522452494129539,0.0019522452494129539,0.0024698839988559484,99.80477905273438,99.80477905273438,99.75301361083984,0.00010702116560423747,0.010702116414904594,18.075000762939453
282,1,Bass,14.849091529846191,-14.849091529846191,0.10649937391281128,0.10649862140417099,0.11139005422592163,89.35005950927734,89.35014343261719,88.86099243164062,0.031702931970357895,3.170293092727661,20.84400177001953,-20.84398651123047,0.05399327352643013,0.05399306118488312,0.06453759223222733,94.60066986083984,94.60069274902344,93.5462417602539,0.008166567422449589,0.816656768321991,5.809752464294434
282,2,Drums,26.588420867919922,-26.58843231201172,0.008059258572757244,0.00805925764143467,0.01088743470609188,99.19407653808594,99.19407653808594,98.9112548828125,0.0021887789480388165,0.2188778966665268,40.80109405517578,-40.801448822021484,0.0023216295521706343,0.0023216293193399906,0.003145239781588316,99.76783752441406,99.76783752441406,99.68547821044922,8.31711440696381e-05,0.008317114785313606,14.19922161102295
283,0,Vocal,28.421146392822266,-28.421228408813477,0.00026969503960572183,0.00026969495229423046,0.001638453803025186,99.97303009033203,99.97303009033203,99.83615112304688,0.0014363699592649937,0.14363700151443481,31.135942459106445,-31.135671615600586,0.002432105131447315,0.002432104665786028,0.0,99.75679016113281,99.75679016113281,100.0,0.0007692377548664808,0.07692377269268036,3.0236189365386963
283,1,Bass,16.487468719482422,-16.487472534179688,0.003909202292561531,0.003909202292561531,0.0027148888912051916,99.60907745361328,99.60907745361328,99.728515625,0.021958868950605392,2.1958868503570557,31.75444793701172,-31.754243850708008,0.002459249459207058,0.0024592492263764143,0.002339053899049759,99.75407409667969,99.75407409667969,99.7660903930664,0.0006672010058537126,0.06672009825706482,15.261556625366211
283,2,Drums,11.35958194732666,-11.359580993652344,0.010161549784243107,0.010161541402339935,0.018317347392439842,98.98384094238281,98.98384857177734,98.16826629638672,0.06813859939575195,6.813859939575195,18.88297462463379,-18.88298225402832,0.10498783737421036,0.10498770326375961,0.11262218654155731,89.50121307373047,89.50122833251953,88.73777770996094,0.012767951004207134,1.2767951488494873,10.359726905822754
284,0,Vocal,23.862417221069336,-23.862438201904297,0.0028713257052004337,0.002871324773877859,0.003842246951535344,99.7128677368164,99.7128677368164,99.61577606201172,0.004092379938811064,0.40923798084259033,38.60108947753906,-38.60024642944336,0.001055489876307547,0.0010554895270615816,0.001864854246377945,99.89445495605469,99.89445495605469,99.81351470947266,0.00013798069267068058,0.013798069208860397,14.941752433776855
284,1,Bass,17.42816734313965,-17.42815399169922,0.03914712369441986,0.039147112518548965,0.032651785761117935,96.08528900146484,96.08528900146484,96.73482513427734,0.017758313566446304,1.7758313417434692,27.58416748046875,-27.58420181274414,0.019782425835728645,0.019782425835728645,0.024466613307595253,98.02175903320312,98.02175903320312,97.55333709716797,0.0017411003354936838,0.1741100400686264,10.419461250305176
284,2,Drums,27.018314361572266,-27.018281936645508,0.010694148950278759,0.010694148018956184,0.010446586646139622,98.93058776855469,98.93058776855469,98.95533752441406,0.001982948277145624,0.19829483330249786,32.5278434753418,-32.527652740478516,0.0032357838936150074,0.0032357836607843637,0.0033268965780735016,99.67642211914062,99.67642211914062,99.66731262207031,0.0005584280588664114,0.0558428056538105,5.495835781097412
285,0,Vocal,35.28847122192383,-35.2883186340332,0.02210528962314129,0.02210528776049614,0.023175857961177826,97.78947448730469,97.78947448730469,97.68241882324219,0.0002958046388812363,0.029580464586615562,41.0576057434082,-41.05366134643555,0.002811016980558634,0.00281101674772799,0.004814470186829567,99.7188949584961,99.7188949584961,99.5185546875,7.840578473405913e-05,0.007840578444302082,6.04934549331665
285,1,Bass,16.754047393798828,-16.754043579101562,0.07823404669761658,0.07823403924703598,0.08924634009599686,92.17658996582031,92.17659759521484,91.07536315917969,0.020678604021668434,2.0678603649139404,28.86277961730957,-28.863201141357422,0.014609197154641151,0.014609195291996002,0.01874118484556675,98.53907775878906,98.53907775878906,98.1258773803711,0.0012976182624697685,0.12976182997226715,11.941910743713379
285,2,Drums,25.61992645263672,-25.619956970214844,0.003057420253753662,0.003057419788092375,0.0,99.69425964355469,99.69425964355469,100.0,0.0027341011445969343,0.2734101116657257,31.439983367919922,-31.43985366821289,0.0011877762153744698,0.001187776098959148,0.0007902298239059746,99.88121795654297,99.88121795654297,99.92097473144531,0.0007172737387008965,0.07172737270593643,5.840995788574219
286,0,Vocal,36.16516876220703,-36.16542434692383,0.022877832874655724,0.022877832874655724,0.024824639782309532,97.71221923828125,97.71221923828125,97.51753997802734,0.0002417921496089548,0.024179214611649513,41.25007247924805,-41.251121520996094,0.0018260577926412225,0.0018260576762259007,0.0030901615973562002,99.81739807128906,99.81739807128906,99.69098663330078,7.498584454879165e-05,0.007498584687709808,5.351150989532471
286,1,Bass,17.031461715698242,-17.031455993652344,0.13572879135608673,0.13572879135608673,0.13284331560134888,86.4271240234375,86.4271240234375,86.71566772460938,0.019423842430114746,1.9423842430114746,23.4677734375,-23.467771530151367,0.038975197821855545,0.03897496685385704,0.030085192993283272,96.10248565673828,96.10250854492188,96.9914779663086,0.0044799488969147205,0.4479948878288269,6.255692005157471
286,2,Drums,38.04035949707031,-38.03958511352539,0.0027369793970137835,0.00273697916418314,0.004796403925865889,99.72630310058594,99.72630310058594,99.5203628540039,0.00015700928634032607,0.01570092886686325,29.387081146240234,-29.386981964111328,0.007104383781552315,0.0071043833158910275,0.003913617227226496,99.28955841064453,99.28955841064453,99.60863494873047,0.0011502703418955207,0.1150270327925682,-8.505191802978516
287,0,Vocal,31.478435516357422,-31.47829818725586,0.019645314663648605,0.019645243883132935,0.020308610051870346,98.03546905517578,98.03547668457031,97.9691390991211,0.0007109589641913772,0.07109589874744415,42.66611099243164,-42.67502212524414,0.0018416122766211629,0.001841612160205841,0.002752036554738879,99.81584167480469,99.81584167480469,99.72479248046875,5.406932541518472e-05,0.0054069324396550655,11.367897033691406
287,1,Bass,12.420663833618164,-12.420660018920898,0.14567828178405762,0.14567707479000092,0.1590319722890854,85.43217468261719,85.43228912353516,84.0968017578125,0.054168593138456345,5.416859149932861,27.423486709594727,-27.42353057861328,0.06917937844991684,0.06917887181043625,0.06665453314781189,93.08206176757812,93.08211517333984,93.33454132080078,0.0018066311022266746,0.1806631088256836,14.912354469299316
287,2,Drums,35.056678771972656,-35.056148529052734,0.0025690936017781496,0.0025690924376249313,0.003140711458399892,99.74309539794922,99.74309539794922,99.68592834472656,0.00031204140395857394,0.031204139813780785,39.63172149658203,-39.630645751953125,0.0005794279277324677,0.000579427694901824,0.001040469971485436,99.94205474853516,99.94205474853516,99.89595031738281,0.0001088880017050542,0.010888800024986267,4.578894138336182
288,0,Vocal,16.823434829711914,-16.82343864440918,0.020377781242132187,0.02037777379155159,0.016582870855927467,97.96222686767578,97.96222686767578,98.34171295166016,0.020357470959424973,2.0357470512390137,19.6298828125,-19.629892349243164,0.011575712822377682,0.011575707234442234,0.0,98.8424301147461,98.8424301147461,100.0,0.01077226921916008,1.0772268772125244,3.4309208393096924
288,1,Bass,29.505613327026367,-29.50558853149414,0.019997941330075264,0.019997941330075264,0.015059681609272957,98.00020599365234,98.00020599365234,98.49402618408203,0.0011193148093298078,0.11193148046731949,35.30162048339844,-35.3016471862793,0.0043733022175729275,0.00437330175191164,0.0,99.56266784667969,99.56266784667969,100.0,0.00029491132590919733,0.029491132125258446,5.755237102508545
288,2,Drums,34.93475341796875,-34.93492889404297,0.0071075609885156155,0.007107560522854328,0.0057426742278039455,99.28924560546875,99.28924560546875,99.42573547363281,0.00032092983019538224,0.03209298476576805,43.80225372314453,-43.797943115234375,0.0014570696512237191,0.0014570691855624318,0.001574884750880301,99.85429382324219,99.85429382324219,99.84251403808594,4.1671406506793573e-05,0.004167140461504459,8.906180381774902
289,0,Vocal,23.9251708984375,-23.925167083740234,0.011621038429439068,0.011621038429439068,0.0,98.837890625,98.837890625,100.0,0.004033937584608793,0.4033937454223633,19.54452133178711,-19.54450798034668,0.013844963163137436,0.013844963163137436,0.022503627464175224,98.6155014038086,98.6155014038086,97.74964141845703,0.010983798652887344,1.0983798503875732,-2.398709774017334
289,1,Bass,32.477577209472656,-32.477725982666016,0.0075364140793681145,0.007536404766142368,0.021970095112919807,99.2463607788086,99.2463607788086,97.80299377441406,0.0005649005179293454,0.05649005249142647,36.773460388183594,-36.772483825683594,0.001029575476422906,0.0010295743122696877,0.01132422685623169,99.89704132080078,99.89704132080078,98.8675765991211,0.0002102144353557378,0.021021444350481033,4.266206741333008
289,2,Drums,29.521617889404297,-29.521480560302734,0.0007552634924650192,0.0007552634924650192,0.0,99.92447662353516,99.92447662353516,100.0,0.0011152010411024094,0.11152010411024094,21.501544952392578,-21.501544952392578,0.05683416500687599,0.05683416500687599,0.05428441986441612,94.31658172607422,94.31658172607422,94.57156372070312,0.00702723627910018,0.7027236223220825,-6.782254219055176
290,0,Vocal,21.444711685180664,-21.444717407226562,0.006894657388329506,0.006894655991345644,0.006485839374363422,99.31053161621094,99.31053161621094,99.3514175415039,0.007119099609553814,0.7119099497795105,28.433618545532227,-28.43368148803711,0.006565316114574671,0.0065653156489133835,0.017297301441431046,99.34346771240234,99.34346771240234,98.270263671875,0.0014322903007268906,0.14322903752326965,7.449193954467773
290,1,Bass,16.48542022705078,-16.485414505004883,0.045716580003499985,0.045716412365436554,0.05613427609205246,95.4283447265625,95.42835998535156,94.3865737915039,0.021969009190797806,2.1969008445739746,28.075366973876953,-28.075225830078125,0.012236705981194973,0.01223666686564684,0.019202062860131264,98.77632904052734,98.77633666992188,98.07979583740234,0.0015552204567939043,0.15552204847335815,11.4375
290,2,Drums,23.05866050720215,-23.058635711669922,2.1766372810816392e-05,2.1766198187833652e-05,0.00012875846005044878,99.9978256225586,99.9978256225586,99.98712158203125,0.00492035923525691,0.4920359253883362,34.6226692199707,-34.62187957763672,0.002044128952547908,0.0020441103260964155,0.003946047741919756,99.79558563232422,99.79559326171875,99.60539245605469,0.0003448250063229352,0.034482501447200775,11.68951416015625
291,0,Vocal,25.656536102294922,-25.656526565551758,0.007716229651123285,0.007716228254139423,0.008539981208741665,99.22837829589844,99.22837829589844,99.14600372314453,0.0027112397365272045,0.2711239755153656,19.273088455200195,-19.273082733154297,0.01682066172361374,0.01682065986096859,0.025302788242697716,98.31793212890625,98.31793212890625,97.4697265625,0.011683913879096508,1.1683913469314575,-5.48157262802124
291,1,Bass,24.784622192382812,-24.784637451171875,0.02405821718275547,0.02405809983611107,0.047993019223213196,97.59417724609375,97.59419250488281,95.20069885253906,0.0033120561856776476,0.3312056064605713,31.73624038696289,-31.736286163330078,0.004828967619687319,0.004828944802284241,0.010364546440541744,99.51709747314453,99.51710510253906,98.96354675292969,0.0006700242520309985,0.06700242310762405,6.838099956512451
291,2,Drums,26.393030166625977,-26.39299201965332,0.00398577656596899,0.003985776100307703,0.0033703939989209175,99.60142517089844,99.60142517089844,99.66295623779297,0.0022893103305250406,0.22893103957176208,43.69182586669922,-43.68564224243164,0.0011431681923568249,0.001143168075941503,0.0005991340731270611,99.88568115234375,99.88568115234375,99.9400863647461,4.276294930605218e-05,0.004276294726878405,17.30121612548828
292,0,Vocal,17.270334243774414,-17.27033805847168,0.01227800827473402,0.01227798406034708,0.014070631936192513,98.77220153808594,98.77220153808594,98.59293365478516,0.018403438851237297,1.8403438329696655,15.981328964233398,-15.981330871582031,0.0179288312792778,0.017928818240761757,0.0,98.20711517333984,98.20711517333984,100.0,0.024606330320239067,2.4606330394744873,1.1723629236221313
292,1,Bass,25.344642639160156,-25.344680786132812,0.04020366445183754,0.04020366445183754,0.03232787176966667,95.97962951660156,95.97962951660156,96.7672119140625,0.002912517637014389,0.2912517786026001,34.674800872802734,-34.67452621459961,0.009950985200703144,0.00995098426938057,0.013684667646884918,99.00489807128906,99.00489807128906,98.63153076171875,0.00034072514972649515,0.03407251462340355,9.30986213684082
292,2,Drums,20.36746597290039,-20.367446899414062,0.0012976301368325949,0.0012976299040019512,0.0007119383662939072,99.87023162841797,99.87023162841797,99.9288101196289,0.009105042554438114,0.9105042815208435,33.19472122192383,-33.194332122802734,0.0046576401218771935,0.00465763546526432,0.004980461206287146,99.53424072265625,99.53424072265625,99.501953125,0.0004789946833625436,0.04789946973323822,12.912781715393066
293,0,Vocal,19.350696563720703,-19.35070037841797,0.008501403033733368,0.008501401171088219,0.01136829610913992,99.14985656738281,99.14985656738281,98.86317443847656,0.011479348875582218,1.147934913635254,19.58978843688965,-19.589801788330078,0.01615695282816887,0.016156945377588272,0.00011043249105568975,98.3843002319336,98.3843002319336,99.98895263671875,0.010871082544326782,1.0871082544326782,1.0483005046844482
293,1,Bass,29.057626724243164,-29.057722091674805,0.024225646629929543,0.024225575849413872,0.009298382326960564,97.57743835449219,97.57743835449219,99.07015991210938,0.0012408015318214893,0.12408015131950378,35.71583938598633,-35.71607971191406,0.004147657658904791,0.004147645086050034,0.0015615599695593119,99.58523559570312,99.58523559570312,99.84384155273438,0.00026805297238752246,0.026805296540260315,6.6730828285217285
293,2,Drums,23.239343643188477,-23.239322662353516,0.003397054271772504,0.0033970437943935394,0.0005318511975929141,99.66029357910156,99.66029357910156,99.94681549072266,0.00472080335021019,0.4720803499221802,31.191865921020508,-31.19175148010254,0.006400579586625099,0.006400557700544596,0.006263464689254761,99.35993957519531,99.35993957519531,99.37364959716797,0.0007594636990688741,0.0759463682770729,8.083202362060547
294,0,Vocal,15.30909538269043,-15.30909538269043,0.014351899735629559,0.014351898804306984,0.0,98.56481170654297,98.56481170654297,100.0,0.02860790491104126,2.860790491104126,21.605335235595703,-21.605398178100586,0.012333338148891926,0.012333338148891926,0.0,98.76667022705078,98.76667022705078,100.0,0.006862351205199957,0.6862351298332214,7.778763294219971
294,1,Bass,22.768535614013672,-22.76862144470215,0.01101547759026289,0.01101547759026289,0.0,98.89845275878906,98.89845275878906,100.0,0.005258380901068449,0.5258380770683289,29.304725646972656,-29.304454803466797,0.0023292331025004387,0.0023292331025004387,0.0,99.76707458496094,99.76707458496094,100.0,0.001172287273220718,0.11722872406244278,6.573742389678955
294,2,Drums,24.75259017944336,-24.752588272094727,0.0006647288100793958,0.0006647258996963501,0.0,99.93353271484375,99.93353271484375,100.0,0.0033365089911967516,0.3336508870124817,27.253585815429688,-27.25360870361328,0.0027911015786230564,0.0027910899370908737,0.0,99.72088623046875,99.72088623046875,100.0,0.0018785522552207112,0.18785522878170013,2.726966381072998
295,0,Vocal,21.116134643554688,-21.116140365600586,0.014569000340998173,0.014568997547030449,0.028720518574118614,98.54309844970703,98.54309844970703,97.1279525756836,0.007674310356378555,0.7674310207366943,25.900257110595703,-25.90024757385254,0.00803423672914505,0.00803423672914505,0.007900734432041645,99.19657897949219,99.19657897949219,99.20993041992188,0.0025636497884988785,0.25636497139930725,5.437625408172607
295,1,Bass,25.219863891601562,-25.219877243041992,0.0087041724473238,0.008704165928065777,0.01813480257987976,99.12957763671875,99.12957763671875,98.18651580810547,0.0029971806798130274,0.29971808195114136,34.52906036376953,-34.529354095458984,0.0010541948722675443,0.0010541939409449697,0.007554846815764904,99.89458465576172,99.89458465576172,99.24451446533203,0.00035234724055044353,0.0352347232401371,9.283231735229492
295,2,Drums,28.009681701660156,-28.009693145751953,0.0004430859407875687,0.00044308562064543366,0.0,99.9556884765625,99.9556884765625,100.0,0.0015788397286087275,0.15788397192955017,21.657602310180664,-21.657596588134766,0.01216964703053236,0.01216963678598404,0.006489465478807688,98.78303527832031,98.78303527832031,99.3510513305664,0.006780834868550301,0.6780834794044495,-5.877285003662109
296,0,Vocal,6.122769832611084,-6.122768402099609,0.1771286129951477,0.17712759971618652,0.17908258736133575,82.28713989257812,82.28723907470703,82.09174346923828,0.19626249372959137,19.626249313354492,24.755859375,-24.755817413330078,0.013177775777876377,0.013177753426134586,0.013910685665905476,98.6822280883789,98.6822280883789,98.60893249511719,0.003333967411890626,0.3333967328071594,19.445077896118164
296,1,Bass,26.621612548828125,-26.621572494506836,0.03361119329929352,0.03361118584871292,0.046791110187768936,96.63888549804688,96.63888549804688,95.32088470458984,0.0021721620578318834,0.21721620857715607,32.164527893066406,-32.16450881958008,0.008876421488821507,0.008876419626176357,0.00983715895563364,99.11235809326172,99.11235809326172,99.01628112792969,0.0006071714451536536,0.0607171431183815,5.467903137207031
296,2,Drums,43.32048797607422,-43.320980072021484,0.0028521702624857426,0.0028520701453089714,0.003124103182926774,99.71478271484375,99.71479034423828,99.68759155273438,4.653586802305654e-05,0.004653587006032467,47.18206787109375,-47.179664611816406,0.001229950226843357,0.0012299006339162588,0.0020654702093452215,99.87700653076172,99.87701416015625,99.79344940185547,1.918086491059512e-05,0.0019180865492671728,3.8506264686584473
297,0,Vocal,13.59033203125,-13.590324401855469,0.31738871335983276,0.31738871335983276,0.3169623613357544,68.2611312866211,68.2611312866211,68.30376434326172,0.041915163397789,4.191516399383545,39.553924560546875,-39.553192138671875,0.005887184292078018,0.005887171719223261,0.006171021144837141,99.4112777709961,99.41128540039062,99.38289642333984,0.00011080593685619533,0.011080593802034855,26.357696533203125
297,1,Bass,30.570812225341797,-30.57027816772461,0.029712041839957237,0.029711998999118805,0.03302672877907753,97.02880096435547,97.02880096435547,96.69732666015625,0.00087611103663221,0.08761110156774521,36.9225959777832,-36.922157287597656,0.008362817578017712,0.008362813852727413,0.01043781079351902,99.1637191772461,99.1637191772461,98.95622253417969,0.00020308213424868882,0.02030821330845356,6.283428192138672
297,2,Drums,12.47305965423584,-12.473058700561523,0.002926507033407688,0.0029264898039400578,0.009968075901269913,99.70734405517578,99.70735168457031,99.00318908691406,0.05355381220579147,5.355381011962891,29.063690185546875,-29.06377601623535,0.044171929359436035,0.04417184367775917,0.0470697320997715,95.58280944824219,95.58280944824219,95.29302978515625,0.0012390442425385118,0.12390442192554474,16.953582763671875
298,0,Vocal,5.345597267150879,-5.345596790313721,0.02641713246703148,0.026417121291160583,0.025846710428595543,97.35828399658203,97.35828399658203,97.41532897949219,0.22602936625480652,22.602935791015625,37.873741149902344,-37.873287200927734,0.0032555549405515194,0.00325555051676929,0.004447808489203453,99.67444610595703,99.67444610595703,99.55522155761719,0.00016312966181430966,0.016312966123223305,32.888511657714844
298,1,Bass,31.876895904541016,-31.876689910888672,0.032098591327667236,0.03209858760237694,0.034766603261232376,96.7901382446289,96.7901382446289,96.5233383178711,0.0006487194332294166,0.06487194448709488,38.47898864746094,-38.47871398925781,0.011033586226403713,0.011033584363758564,0.012570164166390896,98.89663696289062,98.89663696289062,98.74298858642578,0.00014188165368977934,0.01418816577643156,6.608308792114258
298,2,Drums,12.855522155761719,-12.855518341064453,0.0030252556316554546,0.0030252505093812943,0.004671252332627773,99.69747924804688,99.69747924804688,99.53287506103516,0.04926164820790291,4.926164627075195,31.006874084472656,-31.006834030151367,0.011958997696638107,0.011958997696638107,0.011924690566956997,98.8041000366211,98.8041000366211,98.80753326416016,0.00079241709318012,0.07924170792102814,18.100252151489258
299,0,Vocal,5.292815685272217,-5.292815208435059,0.02902963198721409,0.02902960777282715,0.02935703471302986,97.09703826904297,97.09703826904297,97.06430053710938,0.22816255688667297,22.816255569458008,37.244014739990234,-37.24329376220703,0.006200750824064016,0.006200746167451143,0.007243667263537645,99.37992858886719,99.37992858886719,99.27562713623047,0.00018860622367355973,0.018860623240470886,32.305274963378906
299,1,Bass,26.50320816040039,-26.503211975097656,0.036440491676330566,0.03644048795104027,0.04127399995923042,96.35594940185547,96.35594940185547,95.87259674072266,0.00223210989497602,0.22321099042892456,34.386627197265625,-34.38625717163086,0.01054636761546135,0.010546366684138775,0.013716592453420162,98.94535827636719,98.94535827636719,98.62834167480469,0.000364051345968619,0.036405134946107864,7.798158168792725
299,2,Drums,13.326330184936523,-13.326324462890625,0.002649742178618908,0.0026497412472963333,0.005998147185891867,99.73503112792969,99.73503112792969,99.40018463134766,0.04442545026540756,4.442544937133789,25.548646926879883,-25.548669815063477,0.0412297397851944,0.0412297397851944,0.051599469035863876,95.87702941894531,95.87702941894531,94.84005737304688,0.0027792456094175577,0.2779245674610138,12.722726821899414
300,0,Vocal,15.256009101867676,-15.256010055541992,0.0115771209821105,0.011577032506465912,0.01115676574409008,98.84228515625,98.84230041503906,98.88432312011719,0.028949521481990814,2.8949520587921143,35.97654342651367,-35.97603988647461,0.006002326961606741,0.006002319976687431,0.0053756581619381905,99.39977264404297,99.39977264404297,99.46243286132812,0.0002525026793591678,0.02525026723742485,21.217451095581055
300,1,Bass,25.91678810119629,-25.916807174682617,0.041777435690164566,0.04177625849843025,0.041884370148181915,95.82225799560547,95.82237243652344,95.81156158447266,0.002553915372118354,0.25539153814315796,27.977449417114258,-27.977293014526367,0.009839274920523167,0.009839032776653767,0.008810876868665218,99.01606750488281,99.01609802246094,99.11891174316406,0.0015906230546534061,0.15906231105327606,1.9800574779510498
300,2,Drums,16.402132034301758,-16.402132034301758,0.001839101198129356,0.0018391003832221031,0.0022887650411576033,99.81609344482422,99.81609344482422,99.77112579345703,0.022384919226169586,2.238492012023926,27.43210792541504,-27.432071685791016,0.0022519065532833338,0.0022519065532833338,0.002651848830282688,99.77481079101562,99.77481079101562,99.73480987548828,0.0018030449282377958,0.18030449748039246,10.983392715454102
301,0,Vocal,18.669084548950195,-18.6690731048584,0.012251042760908604,0.012251039035618305,0.011794972233474255,98.77489471435547,98.77489471435547,98.82050323486328,0.013403929769992828,1.3403929471969604,33.52604293823242,-33.52613830566406,0.01145533099770546,0.011455322615802288,0.01136397197842598,98.85446166992188,98.8544692993164,98.86360168457031,0.00044383705244399607,0.044383704662323,15.578813552856445
301,1,Bass,22.29045867919922,-22.29041290283203,0.09947837889194489,0.09947305172681808,0.09220049530267715,90.05216217041016,90.05269622802734,90.77994537353516,0.005866745952516794,0.5866745710372925,27.23787498474121,-27.237834930419922,0.037344060838222504,0.037342339754104614,0.03224355727434158,96.26559448242188,96.2657699584961,96.77564239501953,0.0018853791989386082,0.18853792548179626,4.870150566101074
301,2,Drums,28.05607032775879,-28.05610466003418,0.008103927597403526,0.008103925734758377,0.010512628592550755,99.18960571289062,99.18960571289062,98.94873809814453,0.0015621494967490435,0.15621495246887207,25.947893142700195,-25.947914123535156,0.035840149968862534,0.035840149968862534,0.06143724545836449,96.41598510742188,96.41598510742188,93.85627746582031,0.002535743173211813,0.25357431173324585,-1.4003578424453735
302,0,Vocal,4.954597473144531,-4.954596996307373,0.03040495701134205,0.030404822900891304,0.029009494930505753,96.95950317382812,96.95951843261719,97.09904479980469,0.24216653406620026,24.21665382385254,32.464759826660156,-32.46474075317383,0.01646910235285759,0.01646897755563259,0.017676418647170067,98.35308837890625,98.35310363769531,98.23236083984375,0.000566608679946512,0.05666086822748184,28.132600784301758
302,1,Bass,22.169206619262695,-22.16922378540039,0.03847568854689598,0.03847566619515419,0.025185246020555496,96.15242767333984,96.15242767333984,97.48147583007812,0.006031840108335018,0.6031839847564697,33.9299430847168,-33.92961883544922,0.013854444026947021,0.01385443564504385,0.010958530940115452,98.61455535888672,98.61455535888672,98.90414428710938,0.00040443812031298876,0.04044381156563759,11.722851753234863
302,2,Drums,22.7358455657959,-22.735843658447266,0.033757295459508896,0.033757176250219345,0.0346793457865715,96.62427520751953,96.62428283691406,96.53206634521484,0.005297977011650801,0.5297976732254028,31.858169555664062,-31.857831954956055,0.020503217354416847,0.02050318568944931,0.02604115568101406,97.94967651367188,97.9496841430664,97.39588165283203,0.0006514894193969667,0.06514894217252731,9.372634887695312
303,0,Vocal,34.036251068115234,-34.03633117675781,0.14579005539417267,0.1457897573709488,0.14724963903427124,85.4209976196289,85.42102813720703,85.27503967285156,0.00039461173582822084,0.0394611731171608,33.79068374633789,-33.78988265991211,0.0031487145461142063,0.0031487098895013332,0.0028277658857405186,99.68512725830078,99.68512725830078,99.71722412109375,0.00041760914609767497,0.04176091402769089,0.03383348509669304
303,1,Bass,30.24033546447754,-30.240238189697266,0.03166597709059715,0.03166596218943596,0.03473242372274399,96.83340454101562,96.83340454101562,96.5267562866211,0.0009452878148294985,0.09452877938747406,32.75148391723633,-32.75167465209961,0.00542093813419342,0.005420936271548271,0.010423490777611732,99.4579086303711,99.4579086303711,98.95764923095703,0.0005304321530275047,0.053043216466903687,2.505913496017456
303,2,Drums,24.164306640625,-24.164236068725586,0.00029542556148953736,0.0002954255323857069,0.0,99.970458984375,99.970458984375,100.0,0.0038186609745025635,0.38186609745025635,28.51067543029785,-28.5106258392334,0.005726331379264593,0.005726331379264593,0.03599930554628372,99.4273681640625,99.4273681640625,96.40007019042969,0.0014070759061723948,0.1407075971364975,4.710024833679199
304,0,Vocal,36.135284423828125,-36.13547897338867,0.008453653194010258,0.008453651331365108,0.008709554560482502,99.15463256835938,99.15463256835938,99.12904357910156,0.00024340367235708982,0.024340366944670677,44.30215835571289,-44.312713623046875,0.0010190667817369103,0.0010190666653215885,0.0034757782705128193,99.8980941772461,99.8980941772461,99.65242004394531,3.712909165187739e-05,0.0037129090633243322,8.303181648254395
304,1,Bass,24.467815399169922,-24.467941284179688,0.048048537224531174,0.04804380610585213,0.04978654161095619,95.19514465332031,95.19561767578125,95.02134704589844,0.0035617549438029528,0.3561754822731018,34.16950988769531,-34.16899108886719,0.006512159947305918,0.006511548068374395,0.004843354225158691,99.34878540039062,99.34884643554688,99.51566314697266,0.00038270893855951726,0.038270894438028336,9.68844223022461
304,2,Drums,28.24604034423828,-28.246078491210938,0.007527817972004414,0.007527812384068966,0.0075975386425852776,99.2472152709961,99.2472152709961,99.24024200439453,0.0014953736681491137,0.1495373696088791,37.93930435180664,-37.939491271972656,0.003588180523365736,0.0035881800577044487,0.0038939814548939466,99.64118194580078,99.64118194580078,99.61060333251953,0.00016069988487288356,0.016069987788796425,9.746216773986816
305,0,Vocal,27.85831069946289,-27.858335494995117,0.0011020231759175658,0.001102022361010313,0.0010928118135780096,99.8897933959961,99.8897933959961,99.8907241821289,0.0016347852069884539,0.1634785234928131,43.146087646484375,-43.14008331298828,0.000859997991938144,0.0008599977591075003,0.0023212984669953585,99.91400146484375,99.91400146484375,99.76786804199219,4.84830561617855e-05,0.004848305601626635,15.346396446228027
305,1,Bass,16.27832794189453,-16.278329849243164,0.03410682827234268,0.0341067835688591,0.03349936753511429,96.58931732177734,96.58931732177734,96.65006256103516,0.023017264902591705,2.3017265796661377,27.862913131713867,-27.862838745117188,0.011150568723678589,0.011150550097227097,0.01062129344791174,98.88494110107422,98.88494873046875,98.9378662109375,0.0016330849612131715,0.1633085012435913,11.525847434997559
305,2,Drums,35.70812225341797,-35.708160400390625,0.006564261857420206,0.006564260460436344,0.006406966596841812,99.34357452392578,99.34357452392578,99.35930633544922,0.000268617324763909,0.026861732825636864,39.15037155151367,-39.15357971191406,0.0021021009888499975,0.002102100756019354,0.0009884150931611657,99.789794921875,99.789794921875,99.90116119384766,0.00012155621516285464,0.012155621312558651,3.4587595462799072
306,0,Vocal,18.024938583374023,-18.024946212768555,0.07653118669986725,0.07653113454580307,0.07684239745140076,92.34688568115234,92.34688568115234,92.31575775146484,0.015513676218688488,1.5513676404953003,43.47905731201172,-43.477272033691406,0.0016597008798271418,0.0016597008798271418,0.00214782333932817,99.83403015136719,99.83403015136719,99.78521728515625,4.4938595237908885e-05,0.004493859596550465,25.53248405456543
306,1,Bass,37.193511962890625,-37.19256591796875,0.006973398849368095,0.0069732447154819965,0.006664445158094168,99.30265808105469,99.30267333984375,99.33355712890625,0.00019079275080002844,0.01907927542924881,43.151432037353516,-43.15153503417969,0.0017639492871239781,0.0017639113357290626,0.0019127982668578625,99.8236083984375,99.8236083984375,99.80872344970703,4.8431058530695736e-05,0.004843106027692556,5.949461936950684
306,2,Drums,24.025468826293945,-24.025442123413086,0.05274807661771774,0.05274806171655655,0.053030937910079956,94.72518920898438,94.72518920898438,94.6968994140625,0.003942248877137899,0.3942248821258545,30.02770233154297,-30.027809143066406,0.01848210021853447,0.018482064828276634,0.019654681906104088,98.15179443359375,98.15179443359375,98.03453063964844,0.0009926487691700459,0.09926487505435944,6.044766426086426
307,0,Vocal,9.97307300567627,-9.973073959350586,0.0038937730714678764,0.0038937681820243597,0.004968167282640934,99.6106185913086,99.6106185913086,99.50318145751953,0.09142281860113144,9.142281532287598,41.411861419677734,-41.410850524902344,0.0018841119017452002,0.0018841119017452002,0.0027961779851466417,99.81159210205078,99.81159210205078,99.72038269042969,7.226094021461904e-05,0.007226094137877226,31.54056167602539
307,1,Bass,28.71819305419922,-28.717937469482422,0.0011790001299232244,0.0011789790587499738,0.0028629612643271685,99.8821029663086,99.8821029663086,99.71369934082031,0.001341550494544208,0.1341550499200821,39.63886260986328,-39.635658264160156,0.000555686594452709,0.0005556766991503537,0.001556979725137353,99.94442749023438,99.94442749023438,99.84429931640625,0.00010868232493521646,0.010868232697248459,10.914132118225098
307,2,Drums,10.478338241577148,-10.478338241577148,0.015436604619026184,0.015436568297445774,0.02514452487230301,98.45634460449219,98.45634460449219,97.48554992675781,0.08220737427473068,8.22073745727539,24.788467407226562,-24.788448333740234,0.04488980397582054,0.04488980025053024,0.04925895854830742,95.51101684570312,95.51101684570312,95.07410430908203,0.003309135790914297,0.33091357350349426,14.242513656616211
308,0,Vocal,17.619400024414062,-17.619396209716797,0.016969047486782074,0.01696903631091118,0.017191261053085327,98.3031005859375,98.3031005859375,98.28086853027344,0.017006324604153633,1.7006324529647827,47.10163879394531,-47.092506408691406,0.0014596019173040986,0.0014596018008887768,0.003236412303522229,99.85404205322266,99.85404205322266,99.67636108398438,1.9520344721968286e-05,0.0019520344212651253,29.57096290588379
308,1,Bass,28.61527442932129,-28.615312576293945,0.014812934212386608,0.014812694862484932,0.013777886517345905,98.51870727539062,98.51873016357422,98.62220764160156,0.0013736400287598372,0.137364000082016,32.19707107543945,-32.19694519042969,0.0037421511951833963,0.003742092987522483,0.00449755834415555,99.62578582763672,99.62579345703125,99.55023956298828,0.0006025766488164663,0.06025766581296921,3.572624683380127
308,2,Drums,28.774982452392578,-28.775020599365234,0.03221455216407776,0.03221454471349716,0.026675477623939514,96.77854919433594,96.77854919433594,97.33245086669922,0.0013241209089756012,0.13241209089756012,34.679359436035156,-34.67921829223633,0.011156490072607994,0.011156490072607994,0.0046821762807667255,98.88435363769531,98.88435363769531,99.53178405761719,0.000340373459039256,0.03403734415769577,5.8753790855407715
309,0,Vocal,34.84056854248047,-34.84072494506836,0.02945881150662899,0.029458779841661453,0.029702769592404366,97.05411529541016,97.05412292480469,97.02972412109375,0.00032793378341011703,0.032793376594781876,42.3926887512207,-42.39998245239258,0.002229128498584032,0.0022291282657533884,0.0041464511305093765,99.77708435058594,99.77708435058594,99.58535766601562,5.763877197750844e-05,0.005763877183198929,7.746319770812988
309,1,Bass,27.614057540893555,-27.614049911499023,0.016933195292949677,0.016933102160692215,0.020114082843065262,98.30667877197266,98.30669403076172,97.98859405517578,0.0017292191041633487,0.17292191088199615,35.14808654785156,-35.14813995361328,0.00493916729465127,0.004939137026667595,0.008883928880095482,99.50608825683594,99.50608825683594,99.11160278320312,0.00030554510885849595,0.03055451065301895,7.519714832305908
309,2,Drums,29.42009925842285,-29.42007827758789,0.03339318186044693,0.03339311480522156,0.033915258944034576,96.66068267822266,96.66068267822266,96.60847473144531,0.0011415857588872313,0.11415857821702957,36.7513427734375,-36.75164031982422,0.008897493593394756,0.008897491730749607,0.009188434109091759,99.1102523803711,99.1102523803711,99.08116149902344,0.00021123483020346612,0.021123483777046204,7.3239521980285645
310,0,Vocal,25.006181716918945,-25.006160736083984,0.002110917354002595,0.0021109171211719513,0.0024516484700143337,99.78890991210938,99.78890991210938,99.75483703613281,0.003147844225168228,0.3147844076156616,43.359596252441406,-43.35693359375,0.0006806987803429365,0.0006806987803429365,0.0013558048522099853,99.93193054199219,99.93193054199219,99.86441802978516,4.619094033841975e-05,0.004619094077497721,18.42495346069336
310,1,Bass,19.721132278442383,-19.721174240112305,0.026231028139591217,0.02623084932565689,0.02427827939391136,97.37689208984375,97.37691497802734,97.57217407226562,0.010550638660788536,1.0550638437271118,32.306758880615234,-32.30650329589844,0.006948750000447035,0.006948705296963453,0.007334333378821611,99.30512237548828,99.30513000488281,99.26656341552734,0.0005876257200725377,0.0587625727057457,12.545319557189941
310,2,Drums,34.67707824707031,-34.6764030456543,0.008322197943925858,0.008322197012603283,0.009567762725055218,99.16778564453125,99.16778564453125,99.04322814941406,0.0003405403986107558,0.03405404090881348,39.67955780029297,-39.6791877746582,0.005610624793916941,0.005610624328255653,0.00661142822355032,99.43893432617188,99.43893432617188,99.33885955810547,0.00010767731873784214,0.010767731815576553,5.095219135284424
311,0,Vocal,22.97544288635254,-22.9754638671875,0.018566228449344635,0.018566220998764038,0.018032042309641838,98.14337158203125,98.14337158203125,98.1968002319336,0.005015057511627674,0.5015057325363159,44.50187683105469,-44.50551986694336,0.0006005766335874796,0.0006005766335874796,0.0005638572620227933,99.93994140625,99.93994140625,99.94361114501953,3.5439665225567296e-05,0.0035439664497971535,21.668203353881836
311,1,Bass,30.31024169921875,-30.310190200805664,0.018637526780366898,0.01863749884068966,0.021028002724051476,98.13624572753906,98.1362533569336,97.89720153808594,0.0009301825775764883,0.09301825612783432,40.82920837402344,-40.82901382446289,0.0031710772309452295,0.0031710730399936438,0.004212615080177784,99.68289184570312,99.68289184570312,99.5787353515625,8.264285133918747e-05,0.008264285512268543,10.500359535217285
311,2,Drums,20.122028350830078,-20.121997833251953,0.03593366593122482,0.03593366593122482,0.03758779540657997,96.40663146972656,96.40663146972656,96.24121856689453,0.009629335254430771,0.9629335403442383,32.13985061645508,-32.13967514038086,0.014000852592289448,0.014000850729644299,0.013440280221402645,98.59991455078125,98.59991455078125,98.65597534179688,0.0006105765351094306,0.06105765327811241,11.963873863220215
312,0,Vocal,27.959394454956055,-27.959383010864258,0.008989660069346428,0.008989659138023853,0.00909219216555357,99.10103607177734,99.10103607177734,99.09078216552734,0.0015972851542755961,0.1597285121679306,46.259193420410156,-46.25983428955078,0.0005494882352650166,0.0005494881770573556,0.0002829855075106025,99.94505310058594,99.94505310058594,99.9717025756836,2.3650381990591995e-05,0.002365038264542818,18.368053436279297
312,1,Bass,13.060880661010742,-13.060879707336426,0.11477836221456528,0.11477815359830856,0.1147962287068367,88.52216339111328,88.52218627929688,88.52037811279297,0.04709367826581001,4.709367752075195,29.50653839111328,-29.506214141845703,0.03063671663403511,0.030636703595519066,0.03159705922007561,96.93632507324219,96.93632507324219,96.84029388427734,0.0011190593941137195,0.11190593987703323,16.354393005371094
312,2,Drums,23.063369750976562,-23.063364028930664,3.91752109862864e-05,3.917516369256191e-05,0.0,99.99608612060547,99.99608612060547,100.0,0.004915040452033281,0.491504043340683,44.37952423095703,-44.381568908691406,0.0001971770980162546,0.00019717685063369572,0.0,99.98028564453125,99.98028564453125,100.0,3.6486646422417834e-05,0.0036486645694822073,21.320526123046875
313,0,Vocal,-13.880385398864746,13.880385398864746,0.6242193579673767,0.6242178082466125,0.6364296674728394,37.57806396484375,37.57822036743164,36.357032775878906,0.9606863856315613,96.06864166259766,6.804719924926758,-6.8047194480896,0.5704811811447144,0.5702515840530396,0.6482977271080017,42.951881408691406,42.9748420715332,35.17022705078125,0.17266668379306793,17.26666831970215,25.223405838012695
313,1,Bass,23.627779006958008,-23.627775192260742,0.21799342334270477,0.21799340844154358,0.22315764427185059,78.20065307617188,78.2006607055664,77.68423461914062,0.004318602848798037,0.4318602979183197,27.007862091064453,-27.00767707824707,0.05637190490961075,0.056371886283159256,0.05275234952569008,94.36280822753906,94.3628158569336,94.72476196289062,0.0019877140875905752,0.1987714022397995,3.0796821117401123
313,2,Drums,54.05174255371094,-54.038482666015625,7.594355702167377e-05,7.594355702167377e-05,0.0,99.9924087524414,99.9924087524414,100.0,3.955717147618998e-06,0.0003955717256758362,56.80651092529297,-56.86106872558594,0.00010642909910529852,0.00010642909910529852,0.0,99.9893569946289,99.9893569946289,100.0,2.092501063089003e-06,0.0002092501090373844,2.7684874534606934
314,0,Vocal,21.516559600830078,-21.51663589477539,0.03452160209417343,0.03452159836888313,0.034382905811071396,96.54784393310547,96.54784393310547,96.56171417236328,0.0070030963979661465,0.7003096342086792,31.441791534423828,-31.441734313964844,0.01782463863492012,0.01782463863492012,0.0167103074491024,98.21753692626953,98.21753692626953,98.32897186279297,0.0007169701275415719,0.07169701159000397,10.606478691101074
314,1,Bass,13.766925811767578,-13.766923904418945,0.14761558175086975,0.1476147323846817,0.14357507228851318,85.23844146728516,85.238525390625,85.64249420166016,0.04031233489513397,4.031233310699463,29.83945083618164,-29.839111328125,0.03009762428700924,0.03009757027029991,0.03207564726471901,96.99024200439453,96.99024200439453,96.79243469238281,0.0010366053320467472,0.10366053134202957,15.840853691101074
314,2,Drums,39.413692474365234,-39.41460037231445,0.0008609650540165603,0.0008609627839177847,6.077111538616009e-05,99.91390228271484,99.91390228271484,99.9939193725586,0.000114429734821897,0.011442973278462887,45.85222244262695,-45.85298538208008,0.00033906311728060246,0.0003390621277503669,0.0001281114964513108,99.9660873413086,99.9660873413086,99.98719024658203,2.597666571091395e-05,0.0025976665783673525,6.443019866943359
315,0,Vocal,31.45264434814453,-31.45328712463379,0.006191598251461983,0.006191597785800695,0.005951399449259043,99.3808364868164,99.3808364868164,99.40486145019531,0.0007151675526984036,0.07151675224304199,48.96335220336914,-48.9370002746582,0.001073956722393632,0.001073956722393632,0.001968753756955266,99.8926010131836,99.8926010131836,99.8031234741211,1.2746370884997305e-05,0.0012746370630338788,17.63067626953125
315,1,Bass,24.127445220947266,-24.127437591552734,0.10368549823760986,0.10368407517671585,0.10709056258201599,89.6314468383789,89.631591796875,89.29093933105469,0.003851060988381505,0.38510608673095703,30.139543533325195,-30.139501571655273,0.012483427301049232,0.012483309023082256,0.01192337553948164,98.75165557861328,98.75167083740234,98.80766296386719,0.0009674479952082038,0.09674479812383652,5.912787914276123
315,2,Drums,31.264097213745117,-31.26410675048828,0.005918323993682861,0.005918323528021574,0.007309818174690008,99.40816497802734,99.40816497802734,99.2690200805664,0.0007469378178939223,0.07469378411769867,42.552799224853516,-42.552490234375,0.00101086450740695,0.0010108635760843754,0.0013233625795692205,99.89891815185547,99.89891815185547,99.86766815185547,5.5529271776322275e-05,0.005552927032113075,11.312457084655762
316,0,Vocal,15.718621253967285,-15.71864128112793,0.1062454953789711,0.1062454804778099,0.11251932382583618,89.37545013427734,89.37545776367188,88.7480697631836,0.026100628077983856,2.610062837600708,30.169105529785156,-30.16921043395996,0.015612471848726273,0.015612471848726273,0.017131326720118523,98.43875122070312,98.43875122070312,98.286865234375,0.000960875186137855,0.0960875153541565,15.209157943725586
316,1,Bass,22.04717445373535,-22.047183990478516,0.1603046953678131,0.160301074385643,0.15973655879497528,83.96953582763672,83.96989440917969,84.0263442993164,0.006202719174325466,0.6202719211578369,23.482833862304688,-23.482749938964844,0.0919908955693245,0.09199081361293793,0.10200347006320953,90.80091094970703,90.80091857910156,89.79965209960938,0.004464545752853155,0.44645458459854126,1.9490145444869995
316,2,Drums,32.84326934814453,-32.84330749511719,0.0002066571469185874,0.00020665713236667216,0.0007509880815632641,99.97933197021484,99.97933197021484,99.9249038696289,0.0005193580291233957,0.05193580314517021,43.03532409667969,-43.033447265625,0.0002588669885881245,0.0002588669303804636,0.0005239072488620877,99.97411346435547,99.97411346435547,99.9476089477539,4.971286398358643e-05,0.004971286281943321,10.201367378234863
317,0,Vocal,22.06442642211914,-22.06444549560547,0.05062711983919144,0.050626788288354874,0.050860803574323654,94.93728637695312,94.93731689453125,94.9139175415039,0.006178275682032108,0.6178275942802429,33.72972106933594,-33.729881286621094,0.007687716279178858,0.007687706034630537,0.008784700185060501,99.23123168945312,99.23123168945312,99.12152862548828,0.00042349420255050063,0.04234942048788071,12.100993156433105
317,1,Bass,19.079185485839844,-19.079177856445312,0.1684730499982834,0.16846153140068054,0.17145253717899323,83.15269470214844,83.15384674072266,82.85475158691406,0.0122108468785882,1.221084713935852,23.879215240478516,-23.879243850708008,0.06213356927037239,0.06213165447115898,0.060135774314403534,93.7866439819336,93.78683471679688,93.98641967773438,0.004076674114912748,0.4076673984527588,4.611330986022949
317,2,Drums,41.969356536865234,-41.97084045410156,0.0016051405109465122,0.0016051403945311904,0.002083319239318371,99.83948516845703,99.83948516845703,99.79167175292969,6.351358024403453e-05,0.0063513582572340965,35.711978912353516,-35.71351623535156,0.019497603178024292,0.019497595727443695,0.020232191309332848,98.05023956298828,98.05023956298828,97.97677612304688,0.00026828079717233777,0.026828080415725708,-5.840568542480469
318,0,Vocal,21.489395141601562,-21.489355087280273,0.032846249639987946,0.03284624218940735,0.0320296473801136,96.71537017822266,96.71537780761719,96.79703521728516,0.007046785205602646,0.7046785354614258,39.04104232788086,-39.040367126464844,0.002677807817235589,0.002677805023267865,0.004628278780728579,99.73222351074219,99.73222351074219,99.53717041015625,0.00012470201181713492,0.012470201589167118,17.671100616455078
318,1,Bass,9.447084426879883,-9.447084426879883,0.17417840659618378,0.1741780787706375,0.12772642076015472,82.58216094970703,82.58219146728516,87.22735595703125,0.10199326276779175,10.199326515197754,20.96941375732422,-20.969425201416016,0.07986006885766983,0.07986006140708923,0.0634353905916214,92.01399230957031,92.01399230957031,93.65646362304688,0.007935932837426662,0.7935932874679565,12.002832412719727
318,2,Drums,29.96472930908203,-29.96443748474121,0.0002359659265493974,0.00023596591199748218,0.0,99.97640228271484,99.97640228271484,100.0,0.0010071650613099337,0.10071650892496109,39.52830123901367,-39.528465270996094,0.00032528661540709436,0.00032528661540709436,0.0,99.96747589111328,99.96747589111328,100.0,0.00011143656593048945,0.011143656447529793,9.569538116455078
319,0,Vocal,32.71501541137695,-32.71584701538086,0.011398440226912498,0.011398437432944775,0.010468650609254837,98.86015319824219,98.86015319824219,98.95313262939453,0.0005348489503376186,0.05348489433526993,40.13023376464844,-40.12932205200195,0.002582913963124156,0.0025829137302935123,0.004124505911022425,99.74170684814453,99.74170684814453,99.5875473022461,9.702024544822052e-05,0.009702024981379509,7.659811973571777
319,1,Bass,17.29707908630371,-17.29706573486328,0.06251489371061325,0.06251481175422668,0.08026646077632904,93.7485122680664,93.74851989746094,91.97335052490234,0.018292583525180817,1.8292583227157593,27.407724380493164,-27.407663345336914,0.014968222007155418,0.01496819406747818,0.01690683141350746,98.50318145751953,98.50318145751953,98.30931091308594,0.0018131670076400042,0.18131670355796814,9.980069160461426
319,2,Drums,31.02850341796875,-31.028419494628906,0.0007149736047722399,0.000714973546564579,0.0,99.92850494384766,99.92850494384766,100.0,0.0007885469822213054,0.07885469496250153,32.1212272644043,-32.120704650878906,0.01102854497730732,0.01102854497730732,0.008701326325535774,98.89714813232422,98.89714813232422,99.12986755371094,0.0006132361013442278,0.061323609203100204,1.2990654706954956
320,0,Vocal,10.488283157348633,-10.488282203674316,0.021777622401714325,0.021777620539069176,0.02391582727432251,97.82223510742188,97.82223510742188,97.60841369628906,0.08203474432229996,8.203474044799805,38.196495056152344,-38.196006774902344,0.003407179843634367,0.003407179843634367,0.004698160570114851,99.6592788696289,99.6592788696289,99.53018188476562,0.0001514615141786635,0.015146151185035706,28.048381805419922
320,1,Bass,19.974647521972656,-19.974624633789062,0.33816438913345337,0.33816346526145935,0.33453258872032166,66.18356323242188,66.18364715576172,66.54673767089844,0.009958358481526375,0.9958358407020569,25.264446258544922,-25.264450073242188,0.18543414771556854,0.18543346226215363,0.18108369410037994,81.45658111572266,81.45665740966797,81.89163208007812,0.002966668689623475,0.29666686058044434,4.986636638641357
320,2,Drums,23.361013412475586,-23.360998153686523,0.0023408408742398024,0.0023408157285302877,0.0037111472338438034,99.76591491699219,99.76592254638672,99.6288833618164,0.004590913187712431,0.45909130573272705,33.38481521606445,-33.384437561035156,0.002100386656820774,0.0021003647707402706,0.003166850423440337,99.78996276855469,99.78996276855469,99.68331146240234,0.00045850290916860104,0.04585029184818268,10.015706062316895
321,0,Vocal,8.904219627380371,-8.904219627380371,0.031982772052288055,0.03198276832699776,0.03428858146071434,96.80171966552734,96.80171966552734,96.5711441040039,0.11402486264705658,11.402485847473145,36.94945526123047,-36.94965744018555,0.0033214306458830833,0.0033214306458830833,0.004475402180105448,99.66786193847656,99.66786193847656,99.55245971679688,0.0002018283266806975,0.020182833075523376,28.243982315063477
321,1,Bass,21.71116065979004,-21.711170196533203,0.4030071198940277,0.4030071198940277,0.4042946994304657,59.699283599853516,59.699283599853516,59.570526123046875,0.006698320619761944,0.6698320508003235,31.615381240844727,-31.615171432495117,0.17546875774860382,0.17546868324279785,0.17338676750659943,82.453125,82.45313262939453,82.66132354736328,0.0006889066426083446,0.06889066100120544,9.589431762695312
321,2,Drums,27.354700088500977,-27.354642868041992,0.0066345930099487305,0.006634592544287443,0.005768666509538889,99.33654022216797,99.33654022216797,99.42313385009766,0.0018354174681007862,0.18354174494743347,36.52565383911133,-36.52541732788086,0.002621474675834179,0.002621474675834179,0.0034743340220302343,99.73785400390625,99.73785400390625,99.6525650024414,0.00022252934286370873,0.02225293405354023,9.179899215698242
322,0,Vocal,21.99382972717285,-21.993896484375,0.1341276615858078,0.1341276317834854,0.1341145783662796,86.58723449707031,86.58723449707031,86.58854675292969,0.006278840824961662,0.6278840899467468,32.1220703125,-32.1220588684082,0.010778076015412807,0.010778074152767658,0.011034660041332245,98.92219543457031,98.92219543457031,98.89653015136719,0.0006130740512162447,0.061307404190301895,10.377067565917969
322,1,Bass,21.634754180908203,-21.63473892211914,0.3372112512588501,0.33721110224723816,0.33930352330207825,66.27887725830078,66.27888488769531,66.06964874267578,0.0068164183758199215,0.6816418170928955,31.239543914794922,-31.23944091796875,0.09988605231046677,0.099885955452919,0.09657075256109238,90.01139068603516,90.01140594482422,90.34292602539062,0.0007511400617659092,0.07511400431394577,9.335512161254883
322,2,Drums,31.97176170349121,-31.971643447875977,0.006802225485444069,0.006802225485444069,0.005712137091904879,99.31977844238281,99.31977844238281,99.42878723144531,0.0006346781156025827,0.06346780806779861,36.77592849731445,-36.77561950683594,0.0023367267567664385,0.0023367267567664385,0.0007874749135226011,99.76632690429688,99.76632690429688,99.92124938964844,0.00021003505389671773,0.02100350521504879,4.814697742462158
323,0,Vocal,21.60670280456543,-21.606700897216797,0.09443387389183044,0.09443380683660507,0.09435050189495087,90.55661010742188,90.55662536621094,90.56494903564453,0.006860256195068359,0.6860256195068359,38.165836334228516,-38.16487121582031,0.006462280638515949,0.006462278310209513,0.008191066794097424,99.35377502441406,99.35377502441406,99.18089294433594,0.00015254641766659915,0.015254641883075237,16.86384391784668
323,1,Bass,17.16863250732422,-17.168624877929688,0.4661768972873688,0.4661767780780792,0.47638973593711853,53.3823127746582,53.38232421875,52.36102294921875,0.01883132942020893,1.8831329345703125,26.919506072998047,-26.91953468322754,0.2455524206161499,0.24555237591266632,0.24188800156116486,75.44475555419922,75.44476318359375,75.81120300292969,0.002028432209044695,0.20284321904182434,8.919912338256836
323,2,Drums,29.251331329345703,-29.251272201538086,0.009329129010438919,0.009329129010438919,0.007666291669011116,99.06708526611328,99.06708526611328,99.23336791992188,0.0011867571156471968,0.11867570877075195,35.98270034790039,-35.98259353637695,0.0039351461455225945,0.0039351461455225945,0.003720287699252367,99.60648345947266,99.60648345947266,99.62797546386719,0.000252155790803954,0.025215579196810722,6.736665725708008
324,0,Vocal,8.963170051574707,-8.96316909790039,0.044214844703674316,0.04421484097838402,0.03750059753656387,95.5785140991211,95.5785140991211,96.24993896484375,0.11266075074672699,11.266075134277344,35.32274627685547,-35.32294845581055,0.007626655511558056,0.007626653648912907,0.008854860439896584,99.23733520507812,99.23733520507812,99.11451721191406,0.00029346946394070983,0.029346946626901627,26.729707717895508
324,1,Bass,21.4495849609375,-21.449556350708008,0.2694430649280548,0.2694425880908966,0.26530712842941284,73.05569458007812,73.05574035644531,73.46928405761719,0.007111199200153351,0.7111198902130127,24.71908950805664,-24.719018936157227,0.13042087852954865,0.13042069971561432,0.12940627336502075,86.95791625976562,86.95793151855469,87.05937194824219,0.003362264484167099,0.3362264633178711,3.0490169525146484
324,2,Drums,35.99916076660156,-35.998931884765625,0.009324248880147934,0.009324210695922375,0.009589568711817265,99.06757354736328,99.06758117675781,99.04104614257812,0.00025121186627075076,0.025121185928583145,41.8607177734375,-41.8580322265625,0.003743828507140279,0.0037438138388097286,0.003915367182344198,99.62561798095703,99.62561798095703,99.60845947265625,6.517495057778433e-05,0.0065174950286746025,5.854650497436523
325,0,Vocal,11.670923233032227,-11.67092514038086,0.03891858458518982,0.038918569684028625,0.03237531706690788,96.10813903808594,96.10814666748047,96.76246643066406,0.06372518092393875,6.372518062591553,43.96687316894531,-43.96826171875,0.0026202111039310694,0.0026202108711004257,0.0036105909384787083,99.73797607421875,99.73797607421875,99.6389389038086,4.0138562326319516e-05,0.004013856407254934,32.60392761230469
325,1,Bass,20.847328186035156,-20.847322463989258,0.3160415589809418,0.31604111194610596,0.31710854172706604,68.39584350585938,68.39588928222656,68.28914642333984,0.008160369470715523,0.8160369396209717,28.50092315673828,-28.50088119506836,0.14053726196289062,0.14053651690483093,0.12496986240148544,85.94627380371094,85.94634246826172,87.50301361083984,0.0014102504355832934,0.14102503657341003,7.464593410491943
325,2,Drums,33.20175552368164,-33.20170593261719,0.006173064932227135,0.006173053756356239,0.007488320581614971,99.3826904296875,99.3826904296875,99.25116729736328,0.0004782071046065539,0.04782070964574814,38.07346725463867,-38.073211669921875,0.002224563853815198,0.0022245601285248995,0.0025003079790621996,99.77754211425781,99.77754211425781,99.74996948242188,0.00015582343621645123,0.015582343563437462,4.86152982711792
326,0,Vocal,17.796215057373047,-17.796207427978516,0.1019236296415329,0.1019236296415329,0.10131916403770447,89.80763244628906,89.80763244628906,89.86808013916016,0.016338974237442017,1.6338974237442017,42.952796936035156,-42.954933166503906,0.0026373460423201323,0.0026373460423201323,0.0035083892289549112,99.73626708984375,99.73626708984375,99.64916229248047,5.067100209998898e-05,0.005067100282758474,25.349029541015625
326,1,Bass,18.21096420288086,-18.21096420288086,0.4255625307559967,0.42556244134902954,0.4246777296066284,57.443748474121094,57.443756103515625,57.5322265625,0.014872915111482143,1.4872914552688599,22.84511375427246,-22.84510040283203,0.26024046540260315,0.26024022698402405,0.2589879035949707,73.97595977783203,73.97598266601562,74.10121154785156,0.00516706146299839,0.5167061686515808,4.434627056121826
326,2,Drums,35.807586669921875,-35.8068962097168,0.008682824671268463,0.008682822808623314,0.009208086878061295,99.1317138671875,99.1317138671875,99.07919311523438,0.0002625144552439451,0.026251446455717087,40.80421447753906,-40.80339050292969,0.0021184857469052076,0.0021184852812439203,0.002199694747105241,99.78815460205078,99.78815460205078,99.780029296875,8.311246347147971e-05,0.008311246521770954,5.024346351623535
327,0,Vocal,17.222469329833984,-17.222455978393555,0.16359640657901764,0.16359639167785645,0.16296882927417755,83.6403579711914,83.6403579711914,83.70311737060547,0.018603628501296043,1.8603628873825073,36.638824462890625,-36.63832473754883,0.0035331128165125847,0.0035331128165125847,0.007442352827638388,99.64669036865234,99.64669036865234,99.25576782226562,0.00021679341443814337,0.021679341793060303,19.708677291870117
327,1,Bass,26.491485595703125,-26.49140167236328,0.27634260058403015,0.2763422429561615,0.2792333662509918,72.36573791503906,72.36577606201172,72.07666778564453,0.0022380996961146593,0.22380997240543365,32.01523971557617,-32.01519012451172,0.12205841392278671,0.12205824255943298,0.11963193863630295,87.79415893554688,87.79417419433594,88.03680419921875,0.000628381036221981,0.0628381073474884,5.3591790199279785
327,2,Drums,31.114778518676758,-31.11454200744629,0.005571900401264429,0.005571900401264429,0.005403333343565464,99.44281005859375,99.44281005859375,99.45966339111328,0.0007730008801445365,0.07730008661746979,37.532047271728516,-37.531864166259766,0.00210254336707294,0.00210254336707294,0.0013795534614473581,99.78974151611328,99.78974151611328,99.86204528808594,0.00017652916721999645,0.01765291765332222,6.426517009735107
328,0,Vocal,26.79384422302246,-26.793827056884766,0.028370410203933716,0.028370410203933716,0.02803557738661766,97.1629638671875,97.1629638671875,97.19644165039062,0.002087912056595087,0.20879121124744415,34.83583450317383,-34.8353157043457,0.00492657208815217,0.00492657208815217,0.006442180834710598,99.5073471069336,99.5073471069336,99.35578155517578,0.0003283224650658667,0.03283224627375603,8.564228057861328
328,1,Bass,19.073158264160156,-19.073144912719727,0.07063108682632446,0.07063040882349014,0.07287819683551788,92.9368896484375,92.93695831298828,92.7121810913086,0.012227647937834263,1.2227648496627808,27.482158660888672,-27.482158660888672,0.018930776044726372,0.01893061399459839,0.02028331346809864,98.10691833496094,98.10694122314453,97.97166442871094,0.0017824249807745218,0.1782425045967102,8.276731491088867
328,2,Drums,35.97449493408203,-35.97408676147461,0.0006044143228791654,0.0006044142064638436,0.0009576110169291496,99.93955993652344,99.93955993652344,99.90423583984375,0.00025262261624448,0.02526226080954075,41.018150329589844,-41.019248962402344,0.00023161237186286598,0.0002316123282071203,0.00044678503763861954,99.97683715820312,99.97683715820312,99.955322265625,7.908547559054568e-05,0.007908547297120094,5.042679786682129
329,0,Vocal,17.90081024169922,-17.90081214904785,0.01972942240536213,0.019729413092136383,0.016612745821475983,98.02705383300781,98.02705383300781,98.3387222290039,0.015956323593854904,1.5956323146820068,37.579246520996094,-37.57889938354492,0.0018728486029431224,0.0018728483701124787,0.0030137761496007442,99.81271362304688,99.81271362304688,99.69862365722656,0.0001746250782161951,0.017462506890296936,19.85342025756836
329,1,Bass,24.85409927368164,-24.854049682617188,0.07626824080944061,0.07626815140247345,0.0775919109582901,92.37317657470703,92.37318420410156,92.24081420898438,0.003259679302573204,0.325967937707901,33.21151351928711,-33.21110916137695,0.020745711401104927,0.020745685324072838,0.01939629390835762,97.92543029785156,97.92543029785156,98.06037139892578,0.0004771235981024802,0.047712359577417374,8.188325881958008
329,2,Drums,28.807008743286133,-28.806926727294922,0.0003337920643389225,0.00033379203523509204,0.0006112658302299678,99.96662139892578,99.96662139892578,99.93887329101562,0.001314407680183649,0.13144077360630035,37.57035827636719,-37.570030212402344,0.0003907716309186071,0.00039077160181477666,0.0005547658074647188,99.96092224121094,99.96092224121094,99.94452667236328,0.00017497148655820638,0.017497148364782333,8.760512351989746
330,0,Vocal,19.852140426635742,-19.852142333984375,0.023430543020367622,0.023430543020367622,0.022920193150639534,97.65694427490234,97.65694427490234,97.70797729492188,0.010240369476377964,1.0240370035171509,38.55629348754883,-38.55442428588867,0.0023686764761805534,0.0023686764761805534,0.00337317050434649,99.76313018798828,99.76313018798828,99.66268920898438,0.00013939387281425297,0.013939387165009975,18.98570442199707
330,1,Bass,20.066864013671875,-20.066917419433594,0.053536899387836456,0.05353681743144989,0.06412331759929657,94.64630889892578,94.64631652832031,93.5876693725586,0.009751124307513237,0.9751124382019043,32.5833854675293,-32.58306121826172,0.021071918308734894,0.02107188291847706,0.02094222605228424,97.89280700683594,97.89280700683594,97.90577697753906,0.0005513721844181418,0.05513721704483032,12.3994779586792
330,2,Drums,33.68470001220703,-33.68440246582031,0.0010513442102819681,0.0010513442102819681,0.0014779079938307405,99.89486694335938,99.89486694335938,99.85221099853516,0.00042795814806595445,0.0427958145737648,35.997100830078125,-35.996849060058594,0.0016644176794216037,0.0016644176794216037,0.0014508592430502176,99.83355712890625,99.83355712890625,99.85491943359375,0.00025128645938821137,0.025128645822405815,2.3839104175567627
331,0,Vocal,8.001163482666016,-8.001163482666016,0.7876225709915161,0.787613034248352,0.7960802912712097,21.237743377685547,21.238697052001953,20.391971588134766,0.13677528500556946,13.677528381347656,18.220407485961914,-18.220413208007812,0.08864984661340714,0.08864539116621017,0.13373161852359772,91.135009765625,91.13545989990234,86.62683868408203,0.014841062016785145,1.484106183052063,10.534567832946777
331,1,Bass,14.449997901916504,-14.449997901916504,0.11676479130983353,0.11676476895809174,0.10967449098825455,88.32352447509766,88.32352447509766,89.03254699707031,0.034648582339286804,3.464858293533325,24.751110076904297,-24.75107192993164,0.03776133060455322,0.037761326879262924,0.036454565823078156,96.22386932373047,96.22386932373047,96.35454559326172,0.0033376719802618027,0.33376720547676086,10.152024269104004
331,2,Drums,39.324134826660156,-39.32329177856445,8.776038157520816e-05,8.776037429925054e-05,0.0,99.99122619628906,99.99122619628906,100.0,0.00011681551404763013,0.011681551113724709,44.635292053222656,-44.635284423828125,3.731154720298946e-05,3.731154720298946e-05,0.0,99.99626922607422,99.99626922607422,100.0,3.4443837648723274e-05,0.003444383852183819,5.3053436279296875
332,0,Vocal,19.597740173339844,-19.59774398803711,0.019360946491360664,0.019360942766070366,0.02024325169622898,98.06390380859375,98.06390380859375,97.97567749023438,0.010851447470486164,1.0851447582244873,37.124855041503906,-37.126991271972656,0.0017645350890234113,0.0017645349726080894,0.0034071910195052624,99.82354736328125,99.82354736328125,99.6592788696289,0.00019380907178856432,0.019380906596779823,17.695220947265625
332,1,Bass,19.043424606323242,-19.04339599609375,0.11298703402280807,0.11298687756061554,0.09930010885000229,88.7012939453125,88.7013168334961,90.06999206542969,0.012310609221458435,1.2310609817504883,15.793084144592285,-15.793083190917969,0.052473120391368866,0.05247306823730469,0.03539467230439186,94.752685546875,94.75269317626953,96.46053314208984,0.025668393820524216,2.5668394565582275,-3.209383010864258
332,2,Drums,33.36677932739258,-33.36665725708008,0.0006409907946363091,0.0006409907946363091,0.0,99.93589782714844,99.93589782714844,100.0,0.0004604041459970176,0.04604041576385498,45.02895736694336,-45.021629333496094,0.00021943956380710006,0.00021943956380710006,0.0,99.9780502319336,99.9780502319336,100.0,3.142406785627827e-05,0.0031424066983163357,11.672918319702148
333,0,Vocal,18.527538299560547,-18.527544021606445,0.032883673906326294,0.03288363292813301,0.022329650819301605,96.71163940429688,96.71163940429688,97.76703643798828,0.013841788284480572,1.384178876876831,34.662654876708984,-34.662601470947266,0.0024634588044136763,0.002463458338752389,0.00444927578791976,99.75365447998047,99.75365447998047,99.5550765991211,0.0003416969266254455,0.03416969254612923,16.55299186706543
333,1,Bass,20.821434020996094,-20.821441650390625,0.07289863377809525,0.07289858162403107,0.07488247752189636,92.71013641357422,92.71014404296875,92.51174926757812,0.008208750747144222,0.8208750486373901,28.254716873168945,-28.254642486572266,0.02967824973165989,0.029678212478756905,0.03560888022184372,97.03218078613281,97.03218078613281,96.4391098022461,0.0014924023998901248,0.14924024045467377,7.395103931427002
333,2,Drums,33.44281768798828,-33.44277572631836,0.0008023155387490988,0.0008023054688237607,0.0012430157512426376,99.91976928710938,99.91976928710938,99.87570190429688,0.0004524156975094229,0.045241568237543106,39.375404357910156,-39.37399673461914,0.0003675850748550147,0.0003675804764498025,0.000656162213999778,99.96324157714844,99.96324157714844,99.93437957763672,0.00011546201858436689,0.011546202003955841,5.930062770843506
334,0,Vocal,24.50701141357422,-24.50701904296875,0.03031506948173046,0.030315067619085312,0.03154223784804344,96.96849822998047,96.96849822998047,96.84577941894531,0.0035299158189445734,0.35299158096313477,41.69694900512695,-41.70519256591797,0.0014155074022710323,0.0014155068201944232,0.0024898075498640537,99.85845184326172,99.85845184326172,99.75102233886719,6.757503433618695e-05,0.006757503375411034,17.459802627563477
334,1,Bass,26.431732177734375,-26.431676864624023,0.07907945662736893,0.07907944172620773,0.07967595756053925,92.09205627441406,92.09205627441406,92.03240203857422,0.0022690549958497286,0.22690549492835999,34.187137603759766,-34.18745422363281,0.012823342345654964,0.012823338620364666,0.011794161051511765,98.71766662597656,98.71766662597656,98.82058715820312,0.0003811835194937885,0.03811835125088692,7.585161209106445
334,2,Drums,35.0285530090332,-35.02821350097656,0.001437819330021739,0.0014378192136064172,0.0014117667451500893,99.85621643066406,99.85621643066406,99.85881805419922,0.00031409095390699804,0.03140909597277641,40.24375915527344,-40.243072509765625,0.0005616462440229952,0.0005616462440229952,0.00030656374292448163,99.94383239746094,99.94383239746094,99.96934509277344,9.452603262616321e-05,0.009452602826058865,5.223451614379883
335,0,Vocal,23.951017379760742,-23.950984954833984,0.041313838213682175,0.041313834488391876,0.0426998995244503,95.86861419677734,95.86861419677734,95.73001098632812,0.004010104574263096,0.4010104537010193,41.26043701171875,-41.25401306152344,0.002898341976106167,0.002898341743275523,0.00430677505210042,99.71016693115234,99.71016693115234,99.56932067871094,7.483753870474175e-05,0.007483753841370344,17.60411834716797
335,1,Bass,35.5139274597168,-35.513648986816406,0.07911942154169083,0.0791192352771759,0.0805497094988823,92.08805847167969,92.08808135986328,91.94503021240234,0.00028084125369787216,0.028084125369787216,35.69560623168945,-35.69572067260742,0.014201438054442406,0.014201406389474869,0.011891497299075127,98.5798568725586,98.5798568725586,98.81085205078125,0.0002693930291570723,0.026939302682876587,0.10133896768093109
335,2,Drums,37.33979034423828,-37.33995056152344,0.0009744911221787333,0.0009744911221787333,0.00023660826263949275,99.90254974365234,99.90254974365234,99.97633361816406,0.00018449277558829635,0.01844927668571472,42.83683395385742,-42.83842468261719,0.0003812010691035539,0.0003812010691035539,0.0,99.96188354492188,99.96188354492188,100.0,5.2011764637427405e-05,0.0052011762745678425,5.5004563331604
336,0,Vocal,26.270660400390625,-26.270673751831055,0.02748093008995056,0.02748091146349907,0.029530666768550873,97.25190734863281,97.25190734863281,97.04693603515625,0.0023545341100543737,0.23545341193675995,35.849212646484375,-35.849029541015625,0.004391402006149292,0.00439140060916543,0.006072157062590122,99.56085968017578,99.56085968017578,99.39278411865234,0.00026001298101618886,0.026001298800110817,9.987177848815918
336,1,Bass,25.189048767089844,-25.189077377319336,0.01284792274236679,0.012847885489463806,0.012073271907866001,98.7152099609375,98.7152099609375,98.79267120361328,0.0030184490606188774,0.30184489488601685,34.737571716308594,-34.73750305175781,0.005411349702626467,0.005411333404481411,0.005659245885908604,99.45886993408203,99.45886993408203,99.43407440185547,0.00033580526360310614,0.03358052670955658,9.521573066711426
336,2,Drums,30.893932342529297,-30.893869400024414,0.002874034224078059,0.0028740328270941973,0.005132652819156647,99.71260070800781,99.71260070800781,99.48673248291016,0.0008133226656354964,0.081332266330719,43.94755935668945,-43.94384765625,0.0013467944227159023,0.0013467940734699368,0.002076891250908375,99.86532592773438,99.86532592773438,99.79231262207031,4.029628689750098e-05,0.004029628820717335,13.100476264953613
337,0,Vocal,9.437056541442871,-9.437058448791504,0.3660549819469452,0.3660545349121094,0.38802602887153625,63.394500732421875,63.39454650878906,61.1973991394043,0.102204829454422,10.22048282623291,23.691083908081055,-23.691083908081055,0.042550474405288696,0.042550358921289444,0.06340141594409943,95.74495697021484,95.74496459960938,93.65985870361328,0.004256410524249077,0.4256410598754883,15.661192893981934
337,1,Bass,40.55889892578125,-40.55999755859375,0.03713328391313553,0.03713328018784523,0.036948107182979584,96.28667449951172,96.28667449951172,96.30519104003906,8.789325511315838e-05,0.008789325132966042,35.60052490234375,-35.601951599121094,0.02604481764137745,0.026044812053442,0.02812051959335804,97.39551544189453,97.39552307128906,97.18795013427734,0.00027526012854650617,0.027526013553142548,-4.709590435028076
337,2,Drums,43.05620574951172,-43.058387756347656,0.0012643092777580023,0.0012643091613426805,0.0018440685234963894,99.87356567382812,99.87356567382812,99.81559753417969,4.946162152918987e-05,0.0049461619928479195,41.924766540527344,-41.922142028808594,0.003875772701576352,0.003875772003084421,0.005762252490967512,99.61241912841797,99.61241912841797,99.42377471923828,6.421637226594612e-05,0.0064216372556984425,-0.9815740585327148
338,0,Vocal,19.20305061340332,-19.20305633544922,0.03485390916466713,0.034853823482990265,0.034576646983623505,96.51460266113281,96.51461791992188,96.5423355102539,0.01187159214168787,1.1871591806411743,33.38990020751953,-33.390892028808594,0.007152853533625603,0.0071528456173837185,0.013362529687583447,99.28471374511719,99.28471374511719,98.66374969482422,0.00045788096031174064,0.04578809440135956,15.034003257751465
338,1,Bass,21.71809196472168,-21.718154907226562,0.04565320163965225,0.04565318673849106,0.03914991766214371,95.43467712402344,95.43468475341797,96.08500671386719,0.006687629036605358,0.6687629222869873,29.9041748046875,-29.90398406982422,0.011316733434796333,0.011316732503473759,0.009678011760115623,98.86833190917969,98.86833190917969,99.03219604492188,0.0010212354827672243,0.10212355107069016,8.114169120788574
338,2,Drums,30.46735954284668,-30.4674072265625,0.0005758804618380964,0.0005758801707997918,0.0016523360973224044,99.94241333007812,99.94241333007812,99.83476257324219,0.0008971411734819412,0.08971411734819412,37.04412841796875,-37.044002532958984,0.005297427531331778,0.005297425668686628,0.006217555608600378,99.47026062011719,99.47026062011719,99.37824249267578,0.00019749066268559545,0.01974906586110592,6.662734031677246
339,0,Vocal,22.294767379760742,-22.294788360595703,0.015942875295877457,0.01594286784529686,0.017076564952731133,98.40571594238281,98.40571594238281,98.29234313964844,0.005860964767634869,0.586096465587616,36.13103103637695,-36.13098907470703,0.0029553240165114403,0.0029553237836807966,0.004482072312384844,99.7044677734375,99.7044677734375,99.55178833007812,0.00024365198623854667,0.024365197867155075,14.177597045898438
339,1,Bass,38.44446563720703,-38.443214416503906,0.026607219129800797,0.026607196778059006,0.02792637050151825,97.33927917480469,97.33927917480469,97.20735931396484,0.0001430333941243589,0.014303339645266533,44.52383041381836,-44.52217102050781,0.007369804196059704,0.007369800005108118,0.007609175518155098,99.26301574707031,99.26301574707031,99.23908233642578,3.5319641028763726e-05,0.0035319640301167965,6.013118743896484
339,2,Drums,28.357364654541016,-28.357431411743164,0.001582861877977848,0.0015828616451472044,0.0030177810695022345,99.84171295166016,99.84171295166016,99.6982192993164,0.0014575482346117496,0.1457548290491104,38.57117462158203,-38.57014465332031,0.0007491668220609426,0.0007491667638532817,0.001290717744268477,99.92507934570312,99.92507934570312,99.87092590332031,0.00013893253344576806,0.013893253169953823,10.235569953918457
340,0,Vocal,16.65239715576172,-16.65238380432129,0.12621550261974335,0.12621383368968964,0.12917616963386536,87.37844848632812,87.37861633300781,87.08238220214844,0.021157952025532722,2.115795135498047,20.82340431213379,-20.823402404785156,0.012539247050881386,0.012539141811430454,0.051726020872592926,98.7460708618164,98.74608612060547,94.827392578125,0.008205070160329342,0.8205069899559021,6.34164571762085
340,1,Bass,46.6600227355957,-46.68209457397461,0.009294547140598297,0.009294502437114716,0.010088132694363594,99.07054138183594,99.07054901123047,98.9911880493164,2.156413029297255e-05,0.0021564129274338484,50.260589599609375,-50.23262405395508,0.001786247594282031,0.001786239561624825,0.001667010597884655,99.82138061523438,99.82138061523438,99.83329772949219,9.3939779617358e-06,0.0009393977816216648,3.585984706878662
340,2,Drums,38.75579071044922,-38.755210876464844,0.002855458064004779,0.002855450613424182,0.0029244055040180683,99.7144546508789,99.7144546508789,99.70756530761719,0.00013316786498762667,0.013316786848008633,46.161834716796875,-46.15825271606445,0.0010448615066707134,0.001044858479872346,0.0006700690719299018,99.89551544189453,99.89551544189453,99.93299102783203,2.4250333808595315e-05,0.0024250333663076162,7.396699905395508
341,0,Vocal,22.077980041503906,-22.077970504760742,0.00356998760253191,0.003569986904039979,0.004501185845583677,99.64300537109375,99.64300537109375,99.54988098144531,0.006159152369946241,0.6159152388572693,39.26470947265625,-39.26342010498047,0.0023957043886184692,0.0023957041557878256,0.003145771101117134,99.76042938232422,99.76042938232422,99.6854248046875,0.00011844580876640975,0.011844580993056297,17.393535614013672
341,1,Bass,26.312406539916992,-26.31240463256836,0.009733758866786957,0.009733757004141808,0.0098043791949749,99.02662658691406,99.02662658691406,99.01956176757812,0.0023320873733609915,0.23320873081684113,35.545387268066406,-35.546844482421875,0.0035748486407101154,0.003574848175048828,0.003659108653664589,99.64251708984375,99.64251708984375,99.63408660888672,0.000278748688288033,0.027874868363142014,9.2122802734375
341,2,Drums,27.164487838745117,-27.16453742980957,0.0009042315068654716,0.0009042313322424889,0.001282671233639121,99.90957641601562,99.90957641601562,99.87173461914062,0.001917421817779541,0.1917421817779541,20.24335479736328,-20.24334716796875,0.10002578049898148,0.10002575069665909,0.1013709157705307,89.99742126464844,89.99742126464844,89.86290740966797,0.009366491809487343,0.9366492033004761,-4.957555294036865
342,0,Vocal,29.708209991455078,-29.708057403564453,0.01667792722582817,0.016677923500537872,0.018702346831560135,98.33220672607422,98.33220672607422,98.12976837158203,0.0010683739092200994,0.10683739185333252,44.0779914855957,-44.07817459106445,0.0012652284931391478,0.0012652284931391478,0.0017775354208424687,99.87347412109375,99.87347412109375,99.82225036621094,3.912915417458862e-05,0.003912915475666523,14.62635326385498
342,1,Bass,37.28401184082031,-37.28429412841797,0.019021406769752502,0.01902139186859131,0.019578229635953903,98.09786224365234,98.09786224365234,98.04217529296875,0.0001868400431703776,0.01868400350213051,35.686004638671875,-35.68568801879883,0.005115719046443701,0.005115718115121126,0.0032799714244902134,99.4884262084961,99.4884262084961,99.67200469970703,0.00026997088571079075,0.026997089385986328,-1.5895593166351318
342,2,Drums,38.32663345336914,-38.32600021362305,0.006173624657094479,0.006173624191433191,0.006342852953821421,99.38263702392578,99.38263702392578,99.36571502685547,0.00014700478641316295,0.014700478874146938,44.93923568725586,-44.9397087097168,0.002313717734068632,0.0023137175012379885,0.0024403107818216085,99.76862335205078,99.76862335205078,99.75596618652344,3.206210385542363e-05,0.003206210443750024,6.6113128662109375
343,0,Vocal,11.656557083129883,-11.656558990478516,0.017466023564338684,0.017466016113758087,0.02140820398926735,98.25340270996094,98.25340270996094,97.85917663574219,0.06392282992601395,6.392282962799072,35.13877487182617,-35.13909912109375,0.005089965183287859,0.005089962854981422,0.009410375729203224,99.49100494384766,99.49100494384766,99.0589599609375,0.00030616973526775837,0.030616972595453262,23.842008590698242
343,1,Bass,22.56545639038086,-22.565431594848633,0.00875342357903719,0.008753392845392227,0.011044268496334553,99.1246566772461,99.1246566772461,98.89557647705078,0.005508814938366413,0.5508815050125122,28.479469299316406,-28.47949981689453,0.0031349235214293003,0.003134913742542267,0.00391347287222743,99.68650817871094,99.68650817871094,99.60865020751953,0.001417262014001608,0.14172619581222534,5.883919715881348
343,2,Drums,25.15742301940918,-25.15732192993164,0.0009258437785319984,0.0009258436621166766,0.0022696300875395536,99.90741729736328,99.90741729736328,99.77304077148438,0.0030404487624764442,0.3040448725223541,29.90290641784668,-29.902847290039062,0.007172626908868551,0.007172624580562115,0.0,99.2827377319336,99.2827377319336,100.0,0.0010215654037892818,0.10215654224157333,5.590078353881836
344,0,Vocal,27.006032943725586,-27.005950927734375,0.023085717111825943,0.023085681721568108,0.023770296946167946,97.6914291381836,97.69143676757812,97.62297058105469,0.001988551812246442,0.1988551765680313,46.600440979003906,-46.590972900390625,0.000724270474165678,0.000724270474165678,0.001525656320154667,99.92757415771484,99.92757415771484,99.8474349975586,2.1911555450060405e-05,0.0021911554504185915,19.704875946044922
344,1,Bass,17.27802085876465,-17.27800750732422,0.042970508337020874,0.042970508337020874,0.04491225257515907,95.70294952392578,95.70294952392578,95.50877380371094,0.018371516838669777,1.8371516466140747,31.9930362701416,-31.993152618408203,0.00784268043935299,0.007842665538191795,0.010131451301276684,99.21573638916016,99.21573638916016,98.98685455322266,0.000631609873380512,0.0631609857082367,14.621352195739746
344,2,Drums,38.40483093261719,-38.40387725830078,0.0012304541887715459,0.001230435911566019,0.0018094814149662852,99.876953125,99.87696075439453,99.81905364990234,0.00014437077334150672,0.014437077566981316,42.47887420654297,-42.477779388427734,0.013068519532680511,0.013068392872810364,0.013765159994363785,98.69315338134766,98.69316101074219,98.62348175048828,5.6544238759670407e-05,0.005654423963278532,4.218651294708252
345,0,Vocal,20.351455688476562,-20.351449966430664,0.01594761572778225,0.015947610139846802,0.016903238371014595,98.40523529052734,98.40524291992188,98.30967712402344,0.009138363413512707,0.9138363599777222,35.8303337097168,-35.828704833984375,0.0028215779457241297,0.0028215767815709114,0.0018667459953576326,99.71784210205078,99.71784210205078,99.81332397460938,0.0002611795498523861,0.026117954403162003,15.788737297058105
345,1,Bass,27.053773880004883,-27.053720474243164,0.015800274908542633,0.015800273045897484,0.012616154737770557,98.41996765136719,98.41996765136719,98.73838806152344,0.0019668492022901773,0.19668492674827576,34.55634307861328,-34.55665969848633,0.0026166155003011227,0.002616614568978548,0.00158994912635535,99.73833465576172,99.73833465576172,99.84100341796875,0.00035009931889362633,0.03500993177294731,7.4879469871521
345,2,Drums,30.04601287841797,-30.045948028564453,0.0008186426712200046,0.0008186423801817,0.0,99.91813659667969,99.91813659667969,100.0,0.0009884710889309645,0.09884710609912872,34.419471740722656,-34.41922378540039,0.00310542993247509,0.00310542737133801,0.003430811455473304,99.68946075439453,99.68946075439453,99.65692138671875,0.0003613598528318107,0.03613598644733429,4.612581253051758
346,0,Vocal,24.01868438720703,-24.018699645996094,0.010091167874634266,0.010091151110827923,0.011749755591154099,98.99088287353516,98.99089050292969,98.82502746582031,0.003948314115405083,0.39483141899108887,28.037853240966797,-28.038158416748047,0.017722956836223602,0.017722954973578453,0.016382437199354172,98.22770690917969,98.22770690917969,98.36175537109375,0.001568650477565825,0.15686504542827606,5.048169136047363
346,1,Bass,31.796581268310547,-31.796628952026367,0.015791358426213264,0.01579132303595543,0.01615792326629162,98.42086791992188,98.42086791992188,98.38420867919922,0.0006608078838326037,0.06608078628778458,41.49142837524414,-41.49187088012695,0.0013976746704429388,0.001397671876475215,0.0021427138708531857,99.8602294921875,99.8602294921875,99.78572845458984,7.094047759892419e-05,0.007094047963619232,9.686511993408203
346,2,Drums,36.046844482421875,-36.04684066772461,0.0027094800025224686,0.002709475113078952,0.008114773780107498,99.72904968261719,99.72905731201172,99.18852233886719,0.00024844109429977834,0.024844110012054443,40.408416748046875,-40.40790939331055,0.017574789002537727,0.01757478527724743,0.02033655345439911,98.24252319335938,98.24252319335938,97.96634674072266,9.103089541895315e-05,0.009103089570999146,4.559804439544678
347,0,Vocal,30.52608871459961,-30.52608871459961,0.0024432518985122442,0.0024432509671896696,0.0037840972654521465,99.75567626953125,99.75567626953125,99.62158966064453,0.0008851535967551172,0.08851535618305206,36.50939178466797,-36.50954818725586,0.0016160589875653386,0.0016160589875653386,0.0008350174175575376,99.83839416503906,99.83839416503906,99.91649627685547,0.0002233635459560901,0.022336354479193687,6.251701831817627
347,1,Bass,39.273460388183594,-39.27315902709961,0.0015905629843473434,0.0015905590262264013,0.0019818476866930723,99.8409423828125,99.8409423828125,99.80181121826172,0.00011822494707303122,0.011822494678199291,47.40412139892578,-47.40207290649414,0.00034138638875447214,0.0003413855447433889,0.0007689732010476291,99.96585845947266,99.96586608886719,99.92310333251953,1.8175207515014336e-05,0.0018175207078456879,8.130827903747559
347,2,Drums,17.92076873779297,-17.92075538635254,0.013917378149926662,0.013916956260800362,0.015390530228614807,98.60826110839844,98.60830688476562,98.46094512939453,0.015884360298514366,1.5884360074996948,20.61480712890625,-20.614803314208984,0.10531705617904663,0.10531681030988693,0.1374373883008957,89.46829223632812,89.46831512451172,86.25625610351562,0.008605332113802433,0.8605332374572754,4.643535614013672
348,0,Vocal,19.364152908325195,-19.36415672302246,0.002204340184107423,0.002204338787123561,0.0038898519705981016,99.7795639038086,99.7795639038086,99.61101531982422,0.011444244533777237,1.1444244384765625,28.136642456054688,-28.13644790649414,0.0018290713196620345,0.0018290712032467127,0.0,99.81709289550781,99.81709289550781,100.0,0.0015334575437009335,0.1533457487821579,8.960400581359863
348,1,Bass,23.837589263916016,-23.837596893310547,0.005289563909173012,0.005289562977850437,0.02429264411330223,99.4710464477539,99.4710464477539,97.57073211669922,0.004115778487175703,0.41157785058021545,29.020397186279297,-29.02040672302246,0.0008389808353967965,0.0008389807189814746,0.017911942675709724,99.91609954833984,99.91609954833984,98.20880126953125,0.0012514585396274924,0.12514585256576538,5.15936803817749
348,2,Drums,19.94802474975586,-19.94801139831543,0.0030892828945070505,0.0030892794020473957,0.028018971905112267,99.69107055664062,99.69107055664062,97.19810485839844,0.010019042529165745,1.0019042491912842,33.272186279296875,-33.2723274230957,0.005900203250348568,0.005900198593735695,0.01225530356168747,99.40998077392578,99.40998077392578,98.77446746826172,0.0004705195315182209,0.04705195128917694,13.425501823425293
349,0,Vocal,22.059917449951172,-22.059926986694336,0.01080895122140646,0.010808950290083885,0.011698709800839424,98.91910552978516,98.91910552978516,98.83012390136719,0.0061846463941037655,0.6184646487236023,42.912105560302734,-42.90908432006836,0.0008959461702033877,0.0008959461702033877,0.0002192239189753309,99.91040802001953,99.91040802001953,99.97808074951172,5.1160899602109566e-05,0.005116090178489685,21.042015075683594
349,1,Bass,38.98534393310547,-38.98576736450195,0.046569909900426865,0.046569693833589554,0.04712247848510742,95.34300994873047,95.34303283691406,95.28775024414062,0.0001263390004169196,0.01263390015810728,43.140750885009766,-43.135032653808594,0.004612542688846588,0.004612520337104797,0.0035668325144797564,99.53874206542969,99.53874969482422,99.643310546875,4.8522400902584195e-05,0.004852239973843098,4.016739368438721
349,2,Drums,33.95692443847656,-33.9566764831543,0.0022665360011160374,0.00226653553545475,0.0019670254550874233,99.77334594726562,99.77334594726562,99.80329895019531,0.00040191246080212295,0.04019124433398247,18.866575241088867,-18.866565704345703,0.020920850336551666,0.02092084288597107,0.0,97.90791320800781,97.90791320800781,100.0,0.012815662659704685,1.2815662622451782,-13.714686393737793
350,0,Vocal,14.409598350524902,-14.40959358215332,0.05533522367477417,0.05533513426780701,0.05418454855680466,94.46647644042969,94.46648406982422,94.58154296875,0.03496110811829567,3.4961109161376953,32.88133239746094,-32.88148498535156,0.0029517055954784155,0.002951687667518854,0.0,99.704833984375,99.704833984375,100.0,0.0005147692863829434,0.05147692933678627,18.911672592163086
350,1,Bass,27.930110931396484,-27.930049896240234,0.0061033680103719234,0.0061033423990011215,0.011439741589128971,99.38966369628906,99.38966369628906,98.85602569580078,0.0016080569475889206,0.16080570220947266,37.54674530029297,-37.54695129394531,0.0011418639915063977,0.0011418594513088465,0.002946171909570694,99.88581848144531,99.88581848144531,99.70538330078125,0.0001758622529450804,0.017586225643754005,9.593403816223145
350,2,Drums,35.842247009277344,-35.841941833496094,0.0002024144196184352,0.0002024139539571479,0.0,99.9797592163086,99.9797592163086,100.0,0.0002604321052785963,0.026043210178613663,25.144119262695312,-25.144134521484375,0.027430474758148193,0.027430439367890358,0.0298447348177433,97.25695037841797,97.2569580078125,97.0155258178711,0.003049715654924512,0.3049715757369995,-9.890460014343262
351,0,Vocal,27.240076065063477,-27.240318298339844,0.0026862595696002245,0.0026862595696002245,0.005608638282865286,99.73137664794922,99.73137664794922,99.43914031982422,0.0018843498546630144,0.18843498826026917,39.1016731262207,-39.10026931762695,0.000938513083383441,0.000938513083383441,0.0010183218400925398,99.90614318847656,99.90614318847656,99.89816284179688,0.00012295370106585324,0.012295369990170002,12.001474380493164
351,1,Bass,28.066041946411133,-28.066083908081055,0.0028370723593980074,0.0028370723593980074,0.001046065823175013,99.71629333496094,99.71629333496094,99.89539337158203,0.0015585623914375901,0.15585623681545258,32.053749084472656,-32.053871154785156,0.0011814668541774154,0.0011814668541774154,0.0007384063792414963,99.88185119628906,99.88185119628906,99.92616271972656,0.0006227922858670354,0.06227922812104225,3.987055778503418
351,2,Drums,22.559646606445312,-22.559616088867188,0.005036279559135437,0.0050362772308290005,0.008773930370807648,99.49636840820312,99.49636840820312,99.12260437011719,0.005516129080206156,0.551612913608551,30.916927337646484,-30.91686248779297,0.004052871372550726,0.004052869509905577,0.009891492314636707,99.59471130371094,99.59471130371094,99.01084899902344,0.0008090460323728621,0.08090460300445557,8.394718170166016
352,0,Vocal,16.591156005859375,-16.591156005859375,0.02824866585433483,0.028248630464076996,0.027584269642829895,97.17513275146484,97.17514038085938,97.2415771484375,0.02145192213356495,2.1451921463012695,41.632381439208984,-41.62605285644531,0.004163962788879871,0.004163959063589573,0.00614915182814002,99.58360290527344,99.58360290527344,99.38508605957031,6.869160279165953e-05,0.006869160104542971,25.28706169128418
352,1,Bass,15.18017864227295,-15.180176734924316,0.10628408938646317,0.10628380626440048,0.11011388897895813,89.37158966064453,89.37162017822266,88.98861694335938,0.029444420710206032,2.9444420337677,34.25147247314453,-34.25163650512695,0.0342528261244297,0.03425281122326851,0.033348795026540756,96.57471466064453,96.57471466064453,96.66512298583984,0.00037555626477114856,0.03755562752485275,18.957469940185547
352,2,Drums,40.5295524597168,-40.526893615722656,0.0025665664579719305,0.0025665664579719305,0.0029534061904996634,99.74333953857422,99.74333953857422,99.70465850830078,8.853121107676998e-05,0.008853120729327202,38.973060607910156,-38.97338104248047,0.0017962283454835415,0.0017962283454835415,0.0015401635318994522,99.82037353515625,99.82037353515625,99.84597778320312,0.00012669336865656078,0.0126693369820714,-1.4162631034851074
353,0,Vocal,9.451118469238281,-9.451118469238281,0.052426282316446304,0.05242624878883362,0.051300063729286194,94.75736999511719,94.75737762451172,94.8699951171875,0.1019081398844719,10.190814018249512,35.253597259521484,-35.25373077392578,0.003701851237565279,0.0037018496077507734,0.006809696555137634,99.62981414794922,99.62981414794922,99.31903076171875,0.00029819723567925394,0.029819723218679428,26.238481521606445
353,1,Bass,10.449928283691406,-10.449928283691406,0.037587858736515045,0.03758782520890236,0.0358637236058712,96.2412109375,96.24121856689453,96.41362762451172,0.08270227909088135,8.270227432250977,20.003833770751953,-20.003826141357422,0.052563056349754333,0.05256296321749687,0.05995025858283043,94.74369049072266,94.74370574951172,94.00497436523438,0.009892375208437443,0.9892375469207764,9.533073425292969
353,2,Drums,27.546796798706055,-27.546634674072266,0.00023027924180496484,0.00023027797578833997,0.000520570669323206,99.97697448730469,99.97697448730469,99.94794464111328,0.001756155863404274,0.1756155788898468,37.89921188354492,-37.899391174316406,0.00043539219768717885,0.0004353899275884032,0.0006286170100793242,99.95645904541016,99.95645904541016,99.93714141845703,0.00016215682262554765,0.01621568202972412,10.359989166259766
354,0,Vocal,22.49565887451172,-22.495641708374023,0.014297880232334137,0.014297879301011562,0.01505708135664463,98.5702133178711,98.5702133178711,98.49429321289062,0.005597569048404694,0.559756875038147,33.69742965698242,-33.69768142700195,0.002931633498519659,0.002931632800027728,0.003016503294929862,99.70683288574219,99.70683288574219,99.69834899902344,0.00042661113548092544,0.04266111180186272,11.409465789794922
354,1,Bass,10.882867813110352,-10.882864952087402,0.1310618370771408,0.13106073439121246,0.14483673870563507,86.89381408691406,86.89392852783203,85.51632690429688,0.07544753700494766,7.544753551483154,19.963056564331055,-19.963062286376953,0.06519155949354172,0.06519093364477158,0.05730288475751877,93.48084259033203,93.48091125488281,94.26971435546875,0.009984769858419895,0.9984769821166992,8.834136962890625
354,2,Drums,27.02787208557129,-27.027881622314453,0.004979130811989307,0.0049791294150054455,0.005484871566295624,99.50209045410156,99.50209045410156,99.4515151977539,0.0019786010961979628,0.19786010682582855,37.5028076171875,-37.50159454345703,0.0018880604766309261,0.001888059894554317,0.0022224406711757183,99.81119537353516,99.81119537353516,99.77775573730469,0.00017770002887118608,0.017770003527402878,10.493818283081055
355,0,Vocal,20.284385681152344,-20.28435516357422,0.024872375652194023,0.024872364476323128,0.02524537406861782,97.51276397705078,97.51276397705078,97.4754638671875,0.009279259480535984,0.9279259443283081,39.49821090698242,-39.498687744140625,0.0016462593339383602,0.0016462572384625673,0.0005624580662697554,99.83537292480469,99.83537292480469,99.94375610351562,0.00011225113121327013,0.011225112713873386,19.384550094604492
355,1,Bass,24.067533493041992,-24.06755828857422,0.0706794410943985,0.07067934423685074,0.07499924302101135,92.93206024169922,92.93206024169922,92.50007629394531,0.003904322860762477,0.39043229818344116,34.646766662597656,-34.64622116088867,0.023243142291903496,0.023243112489581108,0.024942032992839813,97.67568969726562,97.67568969726562,97.50579833984375,0.0003429019416216761,0.034290194511413574,10.438764572143555
355,2,Drums,29.136672973632812,-29.13661766052246,0.011258759535849094,0.01125875674188137,0.011255872435867786,98.8741226196289,98.8741226196289,98.8744125366211,0.001218438264913857,0.12184382975101471,32.85775375366211,-32.857643127441406,0.026987988501787186,0.0269879549741745,0.032127488404512405,97.30120086669922,97.30120086669922,96.78724670410156,0.0005176080740056932,0.05176080763339996,4.375781059265137
356,0,Vocal,17.749046325683594,-17.74905014038086,0.020576030015945435,0.02057601511478424,0.02286653406918049,97.94239807128906,97.94239807128906,97.71334838867188,0.016514405608177185,1.6514406204223633,37.28817367553711,-37.2908821105957,0.003852075431495905,0.0038520751986652613,0.005085932090878487,99.61479187011719,99.61479187011719,99.49140930175781,0.00018661054491531104,0.018661053851246834,19.69194221496582
356,1,Bass,13.434515953063965,-13.434514999389648,0.031171496957540512,0.031171487644314766,0.040603410452604294,96.88285064697266,96.88285064697266,95.93965911865234,0.043379850685596466,4.337985038757324,20.994672775268555,-20.99468421936035,0.019134830683469772,0.019134821370244026,0.025103768333792686,98.08651733398438,98.08651733398438,97.4896240234375,0.007890300825238228,0.7890300750732422,7.421319961547852
356,2,Drums,32.95132064819336,-32.95124435424805,0.001378874876536429,0.001378874760121107,0.0024850645568221807,99.86211395263672,99.86211395263672,99.75149536132812,0.000506567070260644,0.05065670609474182,33.91587829589844,-33.91557312011719,0.007825294509530067,0.007825294509530067,0.006345140747725964,99.21746826171875,99.21746826171875,99.36548614501953,0.0004057240148540586,0.0405724011361599,1.1487127542495728
357,0,Vocal,18.069753646850586,-18.069747924804688,0.05229762941598892,0.052297573536634445,0.054713670164346695,94.77023315429688,94.7702407836914,94.52863311767578,0.015356901101768017,1.5356900691986084,38.902103424072266,-38.90298080444336,0.004094633273780346,0.004094632808119059,0.0053553832694888115,99.59053039550781,99.59053039550781,99.46446228027344,0.00012875086395069957,0.0128750866279006,21.004375457763672
357,1,Bass,16.556047439575195,-16.5560359954834,0.11356514692306519,0.11356504261493683,0.11280661076307297,88.64348602294922,88.64349365234375,88.7193374633789,0.021622344851493835,2.1622345447540283,24.785327911376953,-24.785215377807617,0.06406508386135101,0.06406496465206146,0.06115157902240753,93.59349060058594,93.593505859375,93.88484191894531,0.003311567008495331,0.3311567008495331,8.119243621826172
357,2,Drums,37.43055725097656,-37.4303092956543,0.0025077403988689184,0.0025077383033931255,0.0032749520614743233,99.74922180175781,99.74922180175781,99.67250061035156,0.0001806495274649933,0.0180649533867836,44.52383041381836,-44.523433685302734,0.0007937008049339056,0.0007937003392726183,0.0011301381746307015,99.9206314086914,99.9206314086914,99.8869857788086,3.529673631419428e-05,0.0035296736750751734,7.08577823638916
358,0,Vocal,21.432788848876953,-21.432758331298828,0.017503848299384117,0.01750384084880352,0.017622629180550575,98.2496109008789,98.2496109008789,98.23773193359375,0.007138588931411505,0.7138589024543762,36.24079513549805,-36.240020751953125,0.0029923911206424236,0.0029923911206424236,0.001634481130167842,99.70075988769531,99.70075988769531,99.83655548095703,0.00023758104362059385,0.02375810407102108,15.148408889770508
358,1,Bass,12.82535171508789,-12.825345039367676,0.21046869456768036,0.21046867966651917,0.20351655781269073,78.95313262939453,78.95313262939453,79.64834594726562,0.049588073045015335,4.958807468414307,25.976333618164062,-25.97631072998047,0.07246319204568863,0.07246316224336624,0.0715588703751564,92.75367736816406,92.7536849975586,92.84410858154297,0.002519230591133237,0.2519230544567108,12.945345878601074
358,2,Drums,23.890514373779297,-23.890525817871094,0.00029841772629879415,0.0002984151942655444,0.0014634483959525824,99.97015380859375,99.97015380859375,99.85365295410156,0.004066090099513531,0.4066089987754822,39.16957473754883,-39.169952392578125,0.0030585038475692272,0.0030584775377064943,0.0041304538026452065,99.69415283203125,99.69415283203125,99.58695220947266,0.00012104760389775038,0.012104760855436325,15.3153657913208
359,0,Vocal,17.219621658325195,-17.219650268554688,0.0017252032412216067,0.0017252027755603194,0.0020096045918762684,99.82748413085938,99.82748413085938,99.79903411865234,0.018615543842315674,1.8615543842315674,40.28779983520508,-40.28655242919922,0.0006085049244575202,0.0006085049244575202,0.0001086523407138884,99.93914794921875,99.93914794921875,99.9891357421875,9.362472337670624e-05,0.009362472221255302,23.230052947998047
359,1,Bass,29.962928771972656,-29.96291160583496,0.0014303126372396946,0.0014303027419373393,0.0026513359043747187,99.85696411132812,99.85697174072266,99.73486328125,0.001007606158964336,0.10076061636209488,42.2774543762207,-42.27726364135742,0.00037624110700562596,0.00037623857497237623,0.0011866044951602817,99.9623794555664,99.9623794555664,99.88134002685547,5.922888885834254e-05,0.005922888871282339,12.309974670410156
359,2,Drums,-3.5137887001037598,3.5137887001037598,0.11972693353891373,0.11972611397504807,0.1451033502817154,88.02730560302734,88.02738952636719,85.48966979980469,0.691913366317749,69.19133758544922,5.3482346534729,-5.3482346534729,0.23411884903907776,0.23410546779632568,0.30636632442474365,76.58811950683594,76.5894546508789,69.36336517333984,0.2259231060743332,22.592309951782227,9.32066822052002
360,0,Vocal,25.97046661376953,-25.97049331665039,0.006071136798709631,0.006071136798709631,0.008580809459090233,99.39288330078125,99.39288330078125,99.14192199707031,0.0025226243305951357,0.2522624433040619,36.34111785888672,-36.341270446777344,0.004330117255449295,0.004330117255449295,0.007047525141388178,99.5669937133789,99.5669937133789,99.29524993896484,0.00023215504188556224,0.023215504363179207,10.669394493103027
360,1,Bass,15.670402526855469,-15.67039680480957,0.05845832824707031,0.058458030223846436,0.06564418971538544,94.15416717529297,94.1541976928711,93.43557739257812,0.026384441182017326,2.638444185256958,27.948694229125977,-27.948623657226562,0.016420768573880196,0.016420766711235046,0.018496785312891006,98.35792541503906,98.35792541503906,98.15032196044922,0.0016011836705729365,0.16011837124824524,12.196637153625488
360,2,Drums,24.29568862915039,-24.295631408691406,0.0005049601895734668,0.0005049601895734668,0.0015341900289058685,99.94950103759766,99.94950103759766,99.8465805053711,0.0037052875850349665,0.3705287575721741,36.84801483154297,-36.84811019897461,0.0021909140050411224,0.0021909140050411224,0.00268934341147542,99.78091430664062,99.78091430664062,99.73106384277344,0.00020658952416852117,0.020658953115344048,12.559173583984375
361,0,Vocal,33.548858642578125,-33.549007415771484,0.023348750546574593,0.023348744958639145,0.02741226740181446,97.66512298583984,97.66512298583984,97.25877380371094,0.0004414601135067642,0.044146012514829636,38.902103424072266,-38.90255355834961,0.005811441224068403,0.005811440758407116,0.010204775258898735,99.41885375976562,99.41885375976562,98.97952270507812,0.0001287405757466331,0.01287405751645565,5.700003623962402
361,1,Bass,16.130050659179688,-16.130041122436523,0.03743944689631462,0.037439215928316116,0.028111876919865608,96.25605010986328,96.2560806274414,97.18881225585938,0.023797694593667984,2.3797695636749268,27.309999465942383,-27.309934616088867,0.010524649173021317,0.010524628683924675,0.008565838448703289,98.94754028320312,98.94754028320312,99.14341735839844,0.0018544183112680912,0.18544183671474457,11.125391960144043
361,2,Drums,34.844520568847656,-34.84476089477539,0.00252726161852479,0.0025272562634199858,0.0007830534013919532,99.74727630615234,99.74727630615234,99.92169952392578,0.00032763733179308474,0.032763734459877014,46.02495193481445,-46.02717971801758,0.0013431103434413671,0.0013431072002276778,0.0009940621675923467,99.86568450927734,99.86568450927734,99.90058898925781,2.494960426702164e-05,0.0024949603248387575,11.215831756591797
362,0,Vocal,26.36141014099121,-26.361379623413086,0.0075136590749025345,0.0075136576779186726,0.015241147950291634,99.2486343383789,99.2486343383789,98.47588348388672,0.0023060219828039408,0.2306022047996521,32.64060592651367,-32.63991928100586,0.013979540206491947,0.013979539275169373,0.02196331135928631,98.60204315185547,98.60204315185547,97.80367279052734,0.0005441796383820474,0.054417964071035385,7.002194404602051
362,1,Bass,25.986955642700195,-25.986957550048828,0.001389598473906517,0.0013895940501242876,0.002256441628560424,99.86103820800781,99.86103820800781,99.77435302734375,0.0025131397414952517,0.2513139843940735,40.75156784057617,-40.75170135498047,0.0012825261801481247,0.0012825226876884699,0.002307715592905879,99.87174987792969,99.87174987792969,99.76922607421875,8.411848830292001e-05,0.008411848917603493,14.83675479888916
362,2,Drums,33.27824401855469,-33.278011322021484,0.015689682215452194,0.015689676627516747,0.01940765045583248,98.4310302734375,98.4310302734375,98.05923461914062,0.0004699030832853168,0.04699030891060829,36.663978576660156,-36.66437530517578,0.011433582752943039,0.011433575302362442,0.014704188331961632,98.85664367675781,98.85664367675781,98.52958679199219,0.0002155070542357862,0.021550705656409264,3.446603775024414
363,0,Vocal,16.81624984741211,-16.816232681274414,0.010844288393855095,0.010844227857887745,0.015963571146130562,98.91557312011719,98.91557312011719,98.40364074707031,0.020390501245856285,2.0390501022338867,30.114173889160156,-30.113954544067383,0.010044322349131107,0.010044300928711891,0.015920929610729218,98.99556732177734,98.99557495117188,98.40790557861328,0.00097312853904441,0.09731285274028778,14.019521713256836
363,1,Bass,16.33171844482422,-16.331737518310547,0.02261495217680931,0.022614769637584686,0.023576177656650543,97.7385025024414,97.738525390625,97.64237976074219,0.02274240367114544,2.274240255355835,24.85577392578125,-24.85578727722168,0.007816057652235031,0.007816027849912643,0.013683202676475048,99.21839141845703,99.21839904785156,98.63168334960938,0.0032584245782345533,0.3258424699306488,8.476847648620605
363,2,Drums,34.04018783569336,-34.03977584838867,0.000505521718878299,0.0005055212532170117,0.00032345473300665617,99.94944763183594,99.94944763183594,99.9676513671875,0.00039429788012057543,0.039429787546396255,42.46059036254883,-42.46103286743164,0.00023757097369525582,0.000237570857279934,0.0003892236854881048,99.97624206542969,99.97624206542969,99.96107482910156,5.673274790751748e-05,0.005673274863511324,8.423707962036133
364,0,Vocal,18.787744522094727,-18.787729263305664,0.02022356539964676,0.020223531872034073,0.025441590696573257,97.97764587402344,97.97764587402344,97.45584106445312,0.013047322630882263,1.304732322692871,31.48536491394043,-31.485204696655273,0.02331177145242691,0.023311756551265717,0.030790455639362335,97.6688232421875,97.6688232421875,96.92095184326172,0.000709839048795402,0.0709839016199112,14.265573501586914
364,1,Bass,16.720754623413086,-16.720748901367188,0.06478934735059738,0.0647893100976944,0.08557967096567154,93.52106475830078,93.52107238769531,91.44203186035156,0.020834438502788544,2.0834438800811768,25.33911895751953,-25.339052200317383,0.019119707867503166,0.01911970041692257,0.02567977085709572,98.0880355834961,98.0880355834961,97.43202209472656,0.0029162210412323475,0.2916221022605896,8.459731101989746
364,2,Drums,37.20710372924805,-37.207088470458984,0.00018383115821052343,0.00018383070710115135,0.0006858272827230394,99.98162078857422,99.98162078857422,99.9314193725586,0.00019021173648070544,0.01902117393910885,46.204833984375,-46.20164489746094,0.00014187724445946515,0.00014187692431733012,0.00042207734077237546,99.9858169555664,99.9858169555664,99.95779418945312,2.4002287318580784e-05,0.0024002287536859512,8.998895645141602
365,0,Vocal,18.066604614257812,-18.06660270690918,0.022514862939715385,0.022514861077070236,0.040072470903396606,97.7485122680664,97.7485122680664,95.99275207519531,0.01536788884550333,1.5367889404296875,20.567005157470703,-20.567058563232422,0.02886871062219143,0.028868695721030235,0.055809758603572845,97.11312866210938,97.11312866210938,94.41902923583984,0.008699635043740273,0.869963526725769,4.202349662780762
365,1,Bass,21.74757194519043,-21.747560501098633,0.005323096178472042,0.005323092453181744,0.006897583603858948,99.46768951416016,99.46768951416016,99.31024169921875,0.006642816588282585,0.6642816662788391,35.556541442871094,-35.55513000488281,0.0028039426542818546,0.0028039379976689816,0.0035667652264237404,99.7196044921875,99.7196044921875,99.64332580566406,0.00027816800866276026,0.02781680040061474,13.95557689666748
365,2,Drums,29.114395141601562,-29.11435317993164,0.0015127771766856313,0.0015127771766856313,0.0023179256822913885,99.84872436523438,99.84872436523438,99.7682113647461,0.001224688021466136,0.12246879935264587,33.425106048583984,-33.424930572509766,0.012335158884525299,0.012335158884525299,0.01431952603161335,98.7664794921875,98.7664794921875,98.56804656982422,0.00045429239980876446,0.04542924091219902,4.614346027374268
366,0,Vocal,24.292604446411133,-24.292573928833008,0.0002967474574688822,0.00029674742836505175,0.0035236573312431574,99.97032165527344,99.97032165527344,99.64763641357422,0.0037078855093568563,0.3707885444164276,38.229095458984375,-38.22728729248047,0.004016480874270201,0.004016480874270201,0.0070915622636675835,99.59835052490234,99.59835052490234,99.29084014892578,0.00015035593241918832,0.015035592950880527,14.26871395111084
366,1,Bass,22.888484954833984,-22.888490676879883,0.0008305878727696836,0.0008305868832394481,0.0007721192669123411,99.91693878173828,99.91693878173828,99.92279052734375,0.0051159183494746685,0.5115918517112732,40.553016662597656,-40.55754089355469,0.0009372453787364066,0.000937244389206171,0.0014494509669020772,99.90628051757812,99.90628051757812,99.85505676269531,8.79588260431774e-05,0.00879588257521391,17.68636703491211
366,2,Drums,-7.049983978271484,7.049983024597168,0.10510818660259247,0.10510814934968948,0.11528263986110687,89.48918151855469,89.48918914794922,88.47173309326172,0.8352522850036621,83.52523040771484,6.628671646118164,-6.628671169281006,0.6631093621253967,0.6631093621253967,0.7297365069389343,33.689064025878906,33.689064025878906,27.026350021362305,0.17853453755378723,17.85345458984375,13.141847610473633
367,0,Vocal,28.79224395751953,-28.792320251464844,0.006527346093207598,0.006527344696223736,0.009563034400343895,99.3472671508789,99.3472671508789,99.04369354248047,0.001318848691880703,0.1318848729133606,33.16132354736328,-33.160953521728516,0.00978234875947237,0.00978234875947237,0.011817083694040775,99.02175903320312,99.02175903320312,98.81829071044922,0.00048272035201080143,0.048272036015987396,5.100889682769775
367,1,Bass,18.322952270507812,-18.32294273376465,0.017677847295999527,0.017677847295999527,0.018702233210206032,98.23221588134766,98.23221588134766,98.12977600097656,0.014499819837510586,1.449981927871704,29.287513732910156,-29.28729248046875,0.005983919836580753,0.005983919370919466,0.006186802871525288,99.40160369873047,99.40160369873047,99.3813247680664,0.0011769196717068553,0.11769196391105652,10.919771194458008
367,2,Drums,39.8587646484375,-39.85798645019531,0.001541997422464192,0.0015419943956658244,0.001982780871912837,99.8458023071289,99.8458023071289,99.80171966552734,0.00010328516509616747,0.010328516364097595,38.20505142211914,-38.20488357543945,0.004332074895501137,0.00433206744492054,0.005682486575096846,99.5667953491211,99.5667953491211,99.43175506591797,0.00015117730072233826,0.015117730014026165,-1.2531027793884277
368,0,Vocal,12.57917308807373,-12.579181671142578,0.09501723945140839,0.09501692652702332,0.0957665666937828,90.49827575683594,90.49830627441406,90.42334747314453,0.05232873186469078,5.23287296295166,15.11411190032959,-15.114115715026855,0.03518081083893776,0.0351792611181736,0.03914381563663483,96.48191833496094,96.48207092285156,96.08561706542969,0.029882226139307022,2.988222599029541,2.837569236755371
368,1,Bass,12.286252975463867,-12.28625202178955,0.20195727050304413,0.2019565999507904,0.1980402171611786,79.80426788330078,79.80433654785156,80.19597625732422,0.05577632784843445,5.577632904052734,28.741052627563477,-28.740859985351562,0.1458010971546173,0.14580106735229492,0.15207330882549286,85.41989135742188,85.41989135742188,84.79267120361328,0.0013345124898478389,0.13345125317573547,16.53249740600586
368,2,Drums,45.248695373535156,-45.251792907714844,0.0009561461629346013,0.0009561461629346013,0.0010727423941716552,99.90438842773438,99.90438842773438,99.8927230834961,2.9836040994268842e-05,0.0029836040921509266,50.09872055053711,-50.09256362915039,0.0003457312996033579,0.0003457312996033579,0.0004231652710586786,99.9654312133789,99.9654312133789,99.95767974853516,9.771971235750243e-06,0.0009771970799192786,4.849032878875732
369,0,Vocal,17.248062133789062,-17.248062133789062,0.07448163628578186,0.07448156923055649,0.07555816322565079,92.55184173583984,92.55184173583984,92.44418334960938,0.018496347591280937,1.8496347665786743,31.768447875976562,-31.769107818603516,0.005911119747906923,0.005910960491746664,0.004552749916911125,99.40888977050781,99.40890502929688,99.54473114013672,0.000665021943859756,0.06650219112634659,14.689301490783691
369,1,Bass,3.1096222400665283,-3.109621524810791,0.33219659328460693,0.332195907831192,0.3316597640514374,66.78034210205078,66.78041076660156,66.83402252197266,0.32827070355415344,32.82707214355469,9.073227882385254,-9.073225021362305,0.40284061431884766,0.40284013748168945,0.4032268524169922,59.715938568115234,59.71598815917969,59.67731475830078,0.11015216261148453,11.015215873718262,6.128239631652832
369,2,Drums,38.79288864135742,-38.79076385498047,0.0012368493480607867,0.0012368493480607867,0.001282346434891224,99.87631225585938,99.87631225585938,99.87176513671875,0.00013205394498072565,0.013205394148826599,48.686885833740234,-48.684661865234375,0.00018753645417746156,0.00018753645417746156,0.0004350850940681994,99.98124694824219,99.98124694824219,99.95648956298828,1.3516678336600307e-05,0.0013516678009182215,9.902894973754883
370,0,Vocal,11.525083541870117,-11.52508544921875,0.20618773996829987,0.2061874121427536,0.205756276845932,79.3812255859375,79.38125610351562,79.42436981201172,0.0657583624124527,6.575836181640625,20.942306518554688,-20.942306518554688,0.03664706274867058,0.03664705529808998,0.035127732902765274,96.33528900146484,96.33528900146484,96.48722076416016,0.007985296659171581,0.7985296845436096,9.697875022888184
370,1,Bass,3.82460355758667,-3.824603319168091,0.2742900848388672,0.2742897570133209,0.27638348937034607,72.57099151611328,72.57102966308594,72.36164855957031,0.2930436134338379,29.30436134338379,16.930927276611328,-16.930931091308594,0.20490549504756927,0.20490172505378723,0.20766888558864594,79.50944519042969,79.50982666015625,79.23310852050781,0.019869713112711906,1.9869712591171265,12.795734405517578
370,2,Drums,36.67359924316406,-36.673797607421875,0.0005148764466866851,0.0005148640484549105,0.0010906524257734418,99.94851684570312,99.94851684570312,99.89093780517578,0.00021507056953851134,0.021507056429982185,37.329978942871094,-37.32948684692383,0.0008069954346865416,0.0008069767500273883,0.0,99.91930389404297,99.91930389404297,100.0,0.00018487618945073336,0.01848761923611164,0.6902018189430237
371,0,Vocal,11.892367362976074,-11.89236831665039,0.23452700674533844,0.23452700674533844,0.23636691272258759,76.54730224609375,76.54730224609375,76.3633041381836,0.06074977293610573,6.074977397918701,30.230205535888672,-30.23017692565918,0.05628550797700882,0.05628298595547676,0.06711278855800629,94.37145233154297,94.3717041015625,93.2887191772461,0.0009474997641518712,0.09474997967481613,18.70646858215332
371,1,Bass,6.420207977294922,-6.420207500457764,0.12161096930503845,0.12160748243331909,0.10754815489053726,87.83889770507812,87.83924865722656,89.24518585205078,0.18568317592144012,18.568317413330078,16.811199188232422,-16.811193466186523,0.14659705758094788,0.14659109711647034,0.12614856660366058,85.34029388427734,85.34089660644531,87.38513946533203,0.02041376382112503,2.0413763523101807,10.164067268371582
371,2,Drums,36.54547882080078,-36.544403076171875,0.0003864130121655762,0.0003864079772029072,0.002183516975492239,99.96135711669922,99.96135711669922,99.78164672851562,0.00022149413416627795,0.02214941382408142,42.59965515136719,-42.60143280029297,0.0001486051914980635,0.00014860325609333813,0.0009030232904478908,99.98513793945312,99.98513793945312,99.90969848632812,5.4978700063657016e-05,0.005497870035469532,6.047544002532959
372,0,Vocal,12.013315200805664,-12.013321876525879,0.24774101376533508,0.2477407157421112,0.24592995643615723,75.22589874267578,75.22592163085938,75.4070053100586,0.05917995423078537,5.917995452880859,30.033187866210938,-30.03312110900879,0.04401160031557083,0.04401068016886711,0.05088843032717705,95.59883880615234,95.59893035888672,94.9111557006836,0.0009914105758070946,0.09914106130599976,19.209699630737305
372,1,Bass,7.179333686828613,-7.1793341636657715,0.2373601347208023,0.23735842108726501,0.23080384731292725,76.26398468017578,76.26415252685547,76.91961669921875,0.160690039396286,16.06900405883789,12.506464004516602,-12.506464958190918,0.1790442317724228,0.17903757095336914,0.1827908456325531,82.09557342529297,82.09624481201172,81.72090911865234,0.05316527932882309,5.316527843475342,5.221376895904541
372,2,Drums,40.474334716796875,-40.47486114501953,0.0006596844177693129,0.0006596833118237555,0.0006080975872464478,99.93402862548828,99.93402862548828,99.93919372558594,8.965955930761993e-05,0.008965956047177315,46.95794677734375,-46.94410705566406,0.00032293141703121364,0.00032293086405843496,0.00025620069936849177,99.96770477294922,99.96770477294922,99.97438049316406,2.0161023712716997e-05,0.0020161024294793606,6.482576847076416
373,0,Vocal,16.137535095214844,-16.137527465820312,0.07193267345428467,0.07193266600370407,0.07235667109489441,92.80673217773438,92.80673217773438,92.76432800292969,0.0237576961517334,2.37576961517334,18.325363159179688,-18.32535171508789,0.02159157022833824,0.021591447293758392,0.02213056944310665,97.8408432006836,97.84085845947266,97.78694152832031,0.014491896145045757,1.4491896629333496,2.5960874557495117
373,1,Bass,7.61948823928833,-7.61948823928833,0.2695285677909851,0.26952847838401794,0.2675311267375946,73.0471420288086,73.04714965820312,73.24688720703125,0.14748656749725342,14.7486572265625,22.153732299804688,-22.153709411621094,0.24596676230430603,0.24596670269966125,0.24186135828495026,75.4033203125,75.40333557128906,75.8138656616211,0.0060532777570188046,0.6053277850151062,14.438581466674805
373,2,Drums,26.492877960205078,-26.492877960205078,0.0001755233242874965,0.00017552329518366605,0.0005804504617117345,99.9824447631836,99.9824447631836,99.94195556640625,0.002237392822280526,0.22373928129673004,40.77935791015625,-40.77906036376953,0.00032654774258844554,0.00032654768438078463,0.0006588210235349834,99.96734619140625,99.96734619140625,99.93412017822266,8.356354373972863e-05,0.00835635419934988,14.289559364318848
374,0,Vocal,13.7403564453125,-13.74035358428955,0.13356907665729523,0.13356906175613403,0.13261842727661133,86.64309692382812,86.64309692382812,86.7381591796875,0.04054967686533928,4.054967880249023,28.988208770751953,-28.98809814453125,0.014504230581223965,0.014503187499940395,0.015327119268476963,98.54957580566406,98.5496826171875,98.46729278564453,0.0012607723474502563,0.12607723474502563,15.461009979248047
374,1,Bass,9.517899513244629,-9.517899513244629,0.24806393682956696,0.24806387722492218,0.25191810727119446,75.19361114501953,75.19361114501953,74.80818939208984,0.1005093976855278,10.050939559936523,18.68375015258789,-18.683719635009766,0.14441557228565216,0.14441514015197754,0.15281884372234344,85.55844116210938,85.55848693847656,84.7181167602539,0.013359316624701023,1.335931658744812,9.05783462524414
374,2,Drums,30.08498191833496,-30.085033416748047,0.00018091226229444146,0.00018091224774252623,0.0005706780357286334,99.9819107055664,99.9819107055664,99.94293212890625,0.0009796592639759183,0.09796592593193054,41.957149505615234,-41.9557991027832,0.00020376201428007334,0.00020376201428007334,0.00047121039824560285,99.97962188720703,99.97962188720703,99.95287322998047,6.373857468133792e-05,0.0063738576136529446,11.870205879211426
375,0,Vocal,15.751766204833984,-15.75177001953125,0.09891247749328613,0.09891042113304138,0.10117097198963165,90.10874938964844,90.10895538330078,89.88290405273438,0.025907378643751144,2.590737819671631,29.519758224487305,-29.519821166992188,0.0076581500470638275,0.00765801640227437,0.009275447577238083,99.23418426513672,99.23419952392578,99.07245635986328,0.0011157040717080235,0.11157041043043137,13.967190742492676
375,1,Bass,7.6047258377075195,-7.604725360870361,0.15143969655036926,0.15143781900405884,0.1387374997138977,84.85603332519531,84.85621643066406,86.12625122070312,0.14791445434093475,14.7914457321167,24.83184814453125,-24.831865310668945,0.11224418133497238,0.11224264651536942,0.11375054717063904,88.77558135986328,88.7757339477539,88.62493896484375,0.003276323201134801,0.3276323080062866,17.101360321044922
375,2,Drums,26.682348251342773,-26.68228530883789,0.00024126812058966607,0.00024126753851305693,0.0019869909156113863,99.97587585449219,99.97587585449219,99.80130004882812,0.002142051700502634,0.21420517563819885,43.91555404663086,-43.9158821105957,0.0005072469357401133,0.0005072457133792341,0.0013345127226784825,99.94927978515625,99.94927978515625,99.8665542602539,4.0568011172581464e-05,0.004056801088154316,17.231996536254883
376,0,Vocal,6.079724311828613,-6.079724311828613,0.020076900720596313,0.020076576620340347,0.020792217925190926,97.9923095703125,97.99234008789062,97.9207763671875,0.19783072173595428,19.783071517944336,37.43485641479492,-37.43473434448242,0.00726633844897151,0.007266295608133078,0.011154578998684883,99.27336883544922,99.27336883544922,98.8845443725586,0.00018048827769234776,0.018048828467726707,31.620012283325195
376,1,Bass,16.11537742614746,-16.11537742614746,0.016276918351650238,0.016276907175779343,0.059379372745752335,98.37230682373047,98.37230682373047,94.06205749511719,0.023876341059803963,2.387634038925171,31.96564483642578,-31.965286254882812,0.013175344094634056,0.013175337575376034,0.00532446289435029,98.68246459960938,98.6824722290039,99.4675521850586,0.000635563803371042,0.06355638056993484,15.562803268432617
376,2,Drums,18.768287658691406,-18.768281936645508,0.007139722816646099,0.007139713503420353,0.012235384434461594,99.28602600097656,99.28602600097656,98.77645874023438,0.01310514286160469,1.3105143308639526,30.17990493774414,-30.179689407348633,0.005339470226317644,0.005339469760656357,0.006458227057009935,99.46605682373047,99.46605682373047,99.35417938232422,0.000958503398578614,0.09585034102201462,11.368680000305176
377,0,Vocal,5.20789098739624,-5.20789098739624,0.00765917357057333,0.0076589686796069145,0.0086583336815238,99.23407745361328,99.23410034179688,99.13416290283203,0.2316245138645172,23.162450790405273,36.13209533691406,-36.131980895996094,0.0030131270177662373,0.0030131267849355936,0.004469085019081831,99.69868469238281,99.69868469238281,99.55309295654297,0.0002436396898701787,0.024363968521356583,31.051746368408203
377,1,Bass,19.8714656829834,-19.871471405029297,0.012527387589216232,0.012527113780379295,0.01939283311367035,98.74726104736328,98.7472915649414,98.06071472167969,0.010195383802056313,1.019538402557373,22.78539276123047,-22.785367965698242,0.0052104550413787365,0.0052103400230407715,0.009350087493658066,99.47895050048828,99.47896575927734,99.06499481201172,0.005238214507699013,0.5238214731216431,2.865679979324341
377,2,Drums,15.020572662353516,-15.020565032958984,0.005064402706921101,0.005064358934760094,0.008279062807559967,99.49356079101562,99.49356079101562,99.17208862304688,0.030513007193803787,3.0513007640838623,31.582416534423828,-31.58246612548828,0.015196854248642921,0.01519683375954628,0.01430129911750555,98.48031616210938,98.48031616210938,98.56986999511719,0.0006941416650079191,0.0694141685962677,16.505401611328125
378,0,Vocal,34.28330612182617,-34.2833137512207,0.004860875196754932,0.004860874265432358,0.005536901764571667,99.513916015625,99.513916015625,99.4463119506836,0.000372818554751575,0.03728185594081879,42.50183868408203,-42.50075912475586,0.0019919320475310087,0.0019919313490390778,0.0035590145271271467,99.8008041381836,99.8008041381836,99.64410400390625,5.621011587209068e-05,0.00562101136893034,8.509015083312988
378,1,Bass,1.649947166442871,-1.6499476432800293,0.7390375733375549,0.7388471961021423,0.7369310259819031,26.096242904663086,26.115280151367188,26.30689811706543,0.4061475098133087,40.614749908447266,7.3344221115112305,-7.3344221115112305,0.626238226890564,0.6252318024635315,0.6906735897064209,37.37617874145508,37.4768180847168,30.932640075683594,0.1559320092201233,15.59320068359375,17.042953491210938
378,2,Drums,33.5138053894043,-33.51386642456055,0.007100341375917196,0.007100339978933334,0.007606534752994776,99.28996276855469,99.28996276855469,99.23934936523438,0.0004450893902685493,0.04450893774628639,37.55116271972656,-37.55079650878906,0.003996231593191624,0.003996230661869049,0.00508836517110467,99.60037231445312,99.60037231445312,99.49115753173828,0.00017570094496477395,0.017570095136761665,4.0629401206970215
379,0,Vocal,14.133919715881348,-14.133906364440918,0.021654313430190086,0.02165427803993225,0.024057187139987946,97.8345718383789,97.8345718383789,97.59427642822266,0.03716716542840004,3.7167165279388428,41.73925018310547,-41.738861083984375,0.0017837830819189548,0.0017837826162576675,0.0012047045165672898,99.82162475585938,99.82162475585938,99.87952423095703,6.697174103464931e-05,0.006697174161672592,27.77790641784668
379,1,Bass,20.64950180053711,-20.64948844909668,0.06667522341012955,0.06666819751262665,0.06829575449228287,93.33247375488281,93.33317565917969,93.17042541503906,0.008537371642887592,0.8537371754646301,34.75611877441406,-34.755882263183594,0.023981448262929916,0.02397902123630047,0.023816002532839775,97.60185241699219,97.60209655761719,97.61840057373047,0.0003344173892401159,0.03344173729419708,13.953245162963867
379,2,Drums,31.682832717895508,-31.68292999267578,0.014705450274050236,0.014705435372889042,0.014330246485769749,98.52944946289062,98.52945709228516,98.56697082519531,0.0006783186690881848,0.0678318664431572,39.34857940673828,-39.347869873046875,0.004283609800040722,0.004283607471734285,0.004352453630417585,99.57164001464844,99.57164001464844,99.56475830078125,0.00011617731070145965,0.011617731302976608,7.658996105194092
380,0,Vocal,17.35955047607422,-17.359542846679688,0.04705264791846275,0.04705255478620529,0.04983950033783913,95.29473876953125,95.29474639892578,95.01605224609375,0.0180360134691,1.8036013841629028,41.953086853027344,-41.95293426513672,0.0021239561028778553,0.0021239558700472116,0.003114554565399885,99.78760528564453,99.78760528564453,99.68854522705078,6.380760169122368e-05,0.006380760110914707,24.777408599853516
380,1,Bass,22.784648895263672,-22.7846622467041,0.023068921640515327,0.023068590089678764,0.02465115860104561,97.69310760498047,97.6931381225586,97.53488159179688,0.00523909367620945,0.5239093899726868,34.77241134643555,-34.773597717285156,0.010981879197061062,0.010981659404933453,0.012304341420531273,98.90181732177734,98.9018325805664,98.76956176757812,0.0003330634208396077,0.033306341618299484,11.946415901184082
380,2,Drums,16.437925338745117,-16.43792724609375,0.00113982695620507,0.001139820204116404,0.006666839122772217,99.88601684570312,99.88601684570312,99.33331298828125,0.022205231711268425,2.2205231189727783,25.97787857055664,-25.97792625427246,0.010633501224219799,0.010633479803800583,0.014190083369612694,98.9366455078125,98.93665313720703,98.58099365234375,0.00251836609095335,0.2518365979194641,9.53223705291748
381,0,Vocal,12.146493911743164,-12.146501541137695,0.006206806283444166,0.006206806283444166,0.006367454770952463,99.37931823730469,99.37931823730469,99.3632583618164,0.05749547481536865,5.749547481536865,38.51747131347656,-38.517005920410156,0.00211386289447546,0.0021138626616448164,0.003411319572478533,99.78861236572266,99.78861236572266,99.65887451171875,0.0001407176605425775,0.014071766287088394,26.619037628173828
381,1,Bass,16.009239196777344,-16.00923728942871,0.02022307924926281,0.020223068073391914,0.01831529662013054,97.97769165039062,97.97769165039062,98.16847229003906,0.024452554062008858,2.4452555179595947,22.38357925415039,-22.383602142333984,0.010535907931625843,0.01053589303046465,0.0017260172171518207,98.9464111328125,98.9464111328125,99.82740020751953,0.005743039771914482,0.5743039846420288,6.31138801574707
381,2,Drums,17.34650421142578,-17.346494674682617,0.004636676050722599,0.0046366555616259575,0.0042997729033231735,99.53633117675781,99.53633880615234,99.57002258300781,0.018089311197400093,1.8089311122894287,28.536174774169922,-28.53624153137207,0.009716439992189407,0.009716431610286236,0.009923475794494152,99.02835845947266,99.02835845947266,99.00765228271484,0.0013988363789394498,0.1398836374282837,11.20875358581543
382,0,Vocal,17.735170364379883,-17.735164642333984,0.06519529223442078,0.06519529223442078,0.06720156967639923,93.48046875,93.48046875,93.27984619140625,0.01656639575958252,1.656639575958252,37.03495788574219,-37.03554153442383,0.0028844999615103006,0.0028844999615103006,0.0036902802530676126,99.7115478515625,99.7115478515625,99.63096618652344,0.00019789091311395168,0.019789092242717743,19.7033634185791
382,1,Bass,28.28190040588379,-28.281803131103516,0.09132746607065201,0.09132746607065201,0.09822440892457962,90.86724853515625,90.86724853515625,90.17755889892578,0.0014830828877165914,0.14830829203128815,39.6651496887207,-39.66413497924805,0.02470553293824196,0.02470550872385502,0.024427995085716248,97.52944946289062,97.52944946289062,97.55719757080078,0.00010803997429320589,0.01080399751663208,11.310531616210938
382,2,Drums,24.068466186523438,-24.068435668945312,0.013179519213736057,0.013179507106542587,0.012638642452657223,98.68204498291016,98.68205261230469,98.73613739013672,0.003903561271727085,0.3903561234474182,31.79775619506836,-31.797771453857422,0.007453547324985266,0.007453546393662691,0.007166304625570774,99.25464630126953,99.25464630126953,99.28337097167969,0.0006605787784792483,0.06605787575244904,7.765644073486328
383,0,Vocal,5.119078636169434,-5.119078636169434,0.03465297445654869,0.03465283662080765,0.03457916900515556,96.53470611572266,96.53471374511719,96.54208374023438,0.2352839857339859,23.528398513793945,40.13023376464844,-40.131072998046875,0.003767633344978094,0.0037676331121474504,0.0063080741092562675,99.62323760986328,99.62323760986328,99.36919403076172,9.704342664917931e-05,0.009704343043267727,35.33423614501953
383,1,Bass,15.407547950744629,-15.407544136047363,0.00742509076371789,0.0074249026365578175,0.00015247751434799284,99.25749206542969,99.25750732421875,99.98475646972656,0.027984583750367165,2.7984583377838135,31.260284423828125,-31.261003494262695,0.005422424990683794,0.0054222699254751205,0.004062328953295946,99.45775604248047,99.45777130126953,99.59376525878906,0.0007474904414266348,0.07474904507398605,15.8112154006958
383,2,Drums,17.24995994567871,-17.24996566772461,0.011411743238568306,0.011411553248763084,0.01722905971109867,98.85882568359375,98.85884857177734,98.27709197998047,0.01848839595913887,1.8488396406173706,32.73734664916992,-32.737308502197266,0.01038995012640953,0.01038991380482912,0.012021149508655071,98.96100616455078,98.96100616455078,98.79788970947266,0.0005321662174537778,0.05321662127971649,15.43050765991211
384,0,Vocal,11.865654945373535,-11.865649223327637,0.4346899390220642,0.43468955159187317,0.43957147002220154,56.531005859375,56.53104782104492,56.042850494384766,0.061101701110601425,6.110169887542725,37.681278228759766,-37.67885208129883,0.008913488127291203,0.008913476951420307,0.013256149366497993,99.10865020751953,99.10865783691406,98.67438507080078,0.00017052631301339716,0.017052631825208664,26.183427810668945
384,1,Bass,8.146394729614258,-8.146393775939941,0.4483886957168579,0.4483886957168579,0.4560011625289917,55.161128997802734,55.161128997802734,54.39988327026367,0.1328747570514679,13.2874755859375,14.850273132324219,-14.850268363952637,0.4061812162399292,0.4061812162399292,0.4092247486114502,59.38187789916992,59.38187789916992,59.0775260925293,0.03169458359479904,3.1694583892822266,6.369760990142822
384,2,Drums,43.625701904296875,-43.623077392578125,0.0007572841714136302,0.0007572838803753257,0.0007819297607056797,99.92427062988281,99.92427062988281,99.92180633544922,4.337236168794334e-05,0.004337236285209656,52.24717712402344,-52.214054107666016,0.00033192054252140224,0.00033192045520991087,0.00044900484499521554,99.96680450439453,99.96680450439453,99.9551010131836,5.958029760222416e-06,0.0005958029651083052,8.628119468688965
385,0,Vocal,13.684931755065918,-13.684932708740234,0.4892932176589966,0.4892929792404175,0.4905034601688385,51.0706787109375,51.070701599121094,50.94965744018555,0.04104909673333168,4.104909896850586,25.31081199645996,-25.310762405395508,0.02679143287241459,0.026791103184223175,0.031910669058561325,97.32085418701172,97.32089233398438,96.8089370727539,0.0029352717101573944,0.29352718591690063,12.120126724243164
385,1,Bass,9.969627380371094,-9.969626426696777,0.7146633267402649,0.7146631479263306,0.7125875949859619,28.533666610717773,28.5336856842041,28.741241455078125,0.09148874878883362,9.14887523651123,15.26319694519043,-15.263200759887695,0.35412731766700745,0.3541271984577179,0.36730703711509705,64.58727264404297,64.5872802734375,63.26929473876953,0.028902992606163025,2.8902993202209473,2.3945798873901367
385,2,Drums,33.46577453613281,-33.46574401855469,0.00163937546312809,0.00163937546312809,0.0011732525890693069,99.8360595703125,99.8360595703125,99.88267517089844,0.0004500717332120985,0.04500717297196388,40.448421478271484,-40.44834899902344,0.000785453652497381,0.0007854534778743982,0.00049593549920246,99.92145538330078,99.92145538330078,99.95040893554688,9.017142292577773e-05,0.009017142467200756,6.989743709564209
386,0,Vocal,17.896608352661133,-17.896602630615234,0.20655158162117004,0.20655158162117004,0.2108944058418274,79.3448486328125,79.3448486328125,78.91056060791016,0.015971597284078598,1.597159743309021,34.49829864501953,-34.498573303222656,0.010706360451877117,0.010706356726586819,0.013436734676361084,98.92936706542969,98.92936706542969,98.65632629394531,0.00035485406988300383,0.0354854054749012,16.945585250854492
386,1,Bass,14.142717361450195,-14.142728805541992,0.4287661910057068,0.4287658631801605,0.41746240854263306,57.123382568359375,57.123409271240234,58.25375747680664,0.03709467127919197,3.7094671726226807,19.0349178314209,-19.034908294677734,0.16578423976898193,0.1657838672399521,0.17629529535770416,83.42157745361328,83.42161560058594,82.37046813964844,0.01233443059027195,1.233443021774292,3.6621575355529785
386,2,Drums,31.583538055419922,-31.583463668823242,0.0016362606547772884,0.0016362606547772884,0.0,99.83637237548828,99.83637237548828,100.0,0.0006940113962627947,0.06940113753080368,39.361968994140625,-39.361717224121094,0.0008027788135223091,0.0008027787553146482,0.0,99.91972351074219,99.91972351074219,100.0,0.00011579177953535691,0.011579178273677826,7.787611484527588
387,0,Vocal,5.877786636352539,-5.8777875900268555,0.7022912502288818,0.7022265195846558,0.7139847874641418,29.7708740234375,29.777347564697266,28.601520538330078,0.20531338453292847,20.53133773803711,19.911895751953125,-19.911882400512695,0.13722196221351624,0.1372089982032776,0.14882740378379822,86.2778091430664,86.27909851074219,85.11725616455078,0.010101941414177418,1.010194182395935,14.79218578338623
387,1,Bass,18.409210205078125,-18.40918731689453,0.6634457111358643,0.6634207963943481,0.6643109321594238,33.65542984008789,33.657920837402344,33.56890869140625,0.014218677766621113,1.4218677282333374,18.72617530822754,-18.726167678833008,0.37179329991340637,0.3717377781867981,0.38128697872161865,62.82067108154297,62.82622146606445,61.87130355834961,0.013231164775788784,1.323116421699524,-1.6001592874526978
387,2,Drums,40.14091873168945,-40.14179611206055,0.0006012412486597896,0.0006012400845065713,0.00035149886389262974,99.93988037109375,99.93988037109375,99.96485137939453,9.677230264060199e-05,0.009677230380475521,34.45834732055664,-34.45835494995117,0.013562813401222229,0.013562788255512714,0.013101705349981785,98.64372253417969,98.64372253417969,98.68982696533203,0.0003580956254154444,0.03580956161022186,-5.4360575675964355
388,0,Vocal,9.244686126708984,-9.244686126708984,0.2173658162355423,0.2173658013343811,0.21404141187667847,78.26342010498047,78.26342010498047,78.59585571289062,0.10634154826402664,10.6341552734375,36.90351104736328,-36.902976989746094,0.01222540345042944,0.012225400656461716,0.013884158805012703,98.77745819091797,98.77745819091797,98.61157989501953,0.0002039937535300851,0.02039937488734722,28.11995506286621
388,1,Bass,11.984051704406738,-11.984048843383789,0.5343588590621948,0.53435879945755,0.5364924669265747,46.56411361694336,46.56412124633789,46.35075378417969,0.05955633148550987,5.955633163452148,24.36331558227539,-24.36334800720215,0.2674817442893982,0.26748138666152954,0.2677852511405945,73.25182342529297,73.25186157226562,73.22147369384766,0.003648229641839862,0.36482295393943787,11.517861366271973
388,2,Drums,35.336883544921875,-35.33717727661133,0.004360711667686701,0.004360710736364126,0.003752659074962139,99.56392669677734,99.56392669677734,99.6247329711914,0.00029255234403535724,0.029255233705043793,40.186622619628906,-40.186798095703125,0.0016622224356979132,0.0016622220864519477,0.00169416016433388,99.83377838134766,99.83377838134766,99.8305892944336,9.582047641742975e-05,0.00958204735070467,4.860265731811523
389,0,Vocal,12.261253356933594,-12.261253356933594,0.22820428013801575,0.22820396721363068,0.2174062430858612,77.17957305908203,77.17960357666016,78.25936889648438,0.05608024448156357,5.608024597167969,35.28847122192383,-35.287593841552734,0.023701708763837814,0.023701688274741173,0.027326762676239014,97.62982940673828,97.62983703613281,97.26732635498047,0.00029586919117718935,0.029586918652057648,23.417837142944336
389,1,Bass,6.402070045471191,-6.402070045471191,0.6945262551307678,0.6945261359214783,0.6781823635101318,30.547374725341797,30.547386169433594,32.1817626953125,0.18631552159786224,18.63155174255371,16.5413875579834,-16.541412353515625,0.5316763520240784,0.5316755771636963,0.5510989427566528,46.83236312866211,46.83244323730469,44.890106201171875,0.021693788468837738,2.1693787574768066,9.426417350769043
389,2,Drums,38.17093276977539,-38.17021560668945,0.00031102122738957405,0.00031102122738957405,0.0006546750664710999,99.9688949584961,99.9688949584961,99.93453216552734,0.00015236847684718668,0.015236848033964634,47.18206787109375,-47.18547439575195,0.00019391892419662327,0.00019391892419662327,0.0007226713350974023,99.9806137084961,99.9806137084961,99.927734375,1.9133303794660605e-05,0.0019133304012939334,9.01401138305664
390,0,Vocal,18.481542587280273,-18.48154640197754,0.20043446123600006,0.20043432712554932,0.20137493312358856,79.95655822753906,79.9565658569336,79.86250305175781,0.013987088575959206,1.3987088203430176,38.67679977416992,-38.675819396972656,0.010264401324093342,0.010264400392770767,0.011984482407569885,98.97355651855469,98.97355651855469,98.80155181884766,0.00013558923092205077,0.01355892326682806,20.45018768310547
390,1,Bass,3.0926897525787354,-3.0926897525787354,0.6876208782196045,0.6876206398010254,0.6776537895202637,31.237911224365234,31.23793601989746,32.234619140625,0.32913094758987427,32.91309356689453,25.341522216796875,-25.341442108154297,0.3396954834461212,0.3396954834461212,0.33639127016067505,66.03045654296875,66.03045654296875,66.36087036132812,0.0029146112501621246,0.29146111011505127,17.82784080505371
390,2,Drums,36.251708984375,-36.251617431640625,0.0003417744592297822,0.00034177443012595177,0.0004927795380353928,99.9658203125,99.9658203125,99.95072174072266,0.00023700634483247995,0.023700634017586708,42.06825637817383,-42.06597137451172,0.0001424754736945033,0.00014247545914258808,0.0002693265560083091,99.98575592041016,99.98575592041016,99.97306823730469,6.21237704763189e-05,0.006212376989424229,5.815791130065918
391,0,Vocal,21.72511100769043,-21.725080490112305,0.07117403298616409,0.0711740255355835,0.07209286093711853,92.88259887695312,92.88259887695312,92.79071044921875,0.006677014287561178,0.6677014231681824,42.60908508300781,-42.60841369628906,0.0035297549329698086,0.0035297549329698086,0.004408785607665777,99.64702606201172,99.64702606201172,99.55912017822266,5.488939132192172e-05,0.005488939117640257,21.1619930267334
391,1,Bass,22.02417755126953,-22.024185180664062,0.5063090920448303,0.5062797665596008,0.5033356547355652,49.36909103393555,49.37202453613281,49.66643524169922,0.0062354207038879395,0.623542070388794,10.784639358520508,-10.784639358520508,0.3890869617462158,0.38906267285346985,0.40310725569725037,61.091304779052734,61.09373474121094,59.68927001953125,0.0770404264330864,7.704042434692383,-11.290436744689941
391,2,Drums,36.520999908447266,-36.52092742919922,0.007707538083195686,0.007707478478550911,0.009216350503265858,99.229248046875,99.22925567626953,99.07836151123047,0.00022275454830378294,0.02227545529603958,43.839691162109375,-43.84052658081055,0.002488043624907732,0.0024880242999643087,0.0037139744963496923,99.7511978149414,99.7511978149414,99.62860107421875,4.1351286199642345e-05,0.004135128576308489,7.32859992980957
392,0,Vocal,34.469207763671875,-34.46888732910156,0.036802392452955246,0.03680219501256943,0.03825129568576813,96.31975555419922,96.31978607177734,96.17487335205078,0.0003572273126337677,0.03572273254394531,39.833778381347656,-39.832908630371094,0.003493833588436246,0.003493829630315304,0.007324765436351299,99.6506118774414,99.6506118774414,99.26752471923828,0.00010394804849056527,0.010394805110991001,5.487544059753418
392,1,Bass,11.911835670471191,-11.911839485168457,0.2511683404445648,0.25116389989852905,0.2361426204442978,74.88316345214844,74.88361358642578,76.38573455810547,0.06049448251724243,6.049448013305664,13.524335861206055,-13.524331092834473,0.13764995336532593,0.13764451444149017,0.13712526857852936,86.2350082397461,86.23554992675781,86.2874755859375,0.042529650032520294,4.252964973449707,1.4401192665100098
392,2,Drums,45.619503021240234,-45.61123275756836,0.0004515640903264284,0.0004515640903264284,0.0009912133682519197,99.95484161376953,99.95484161376953,99.90087890625,2.7446303647593595e-05,0.0027446304447948933,52.03528594970703,-52.00895690917969,0.0001930085418280214,0.0001930085418280214,0.0005080636474303901,99.98069763183594,99.98069763183594,99.9491958618164,6.288146778388182e-06,0.0006288146832957864,6.406662940979004
393,0,Vocal,26.718830108642578,-26.718772888183594,0.010586561635136604,0.01058655884116888,0.010689428076148033,98.94134521484375,98.94134521484375,98.9310531616211,0.0021242189686745405,0.21242189407348633,41.33373260498047,-41.339073181152344,0.0014806031249463558,0.0014806026592850685,0.0025796066038310528,99.85194396972656,99.85194396972656,99.74203491210938,7.352453394560143e-05,0.00735245319083333,14.831326484680176
393,1,Bass,10.837244987487793,-10.83724594116211,0.2164137214422226,0.2164137214422226,0.2066190093755722,78.35862731933594,78.35862731933594,79.33809661865234,0.07618352770805359,7.618352890014648,17.878414154052734,-17.87841033935547,0.1904161125421524,0.19041596353054047,0.18660883605480194,80.95838928222656,80.95840454101562,81.339111328125,0.016037533059716225,1.6037533283233643,7.666294574737549
393,2,Drums,41.22597122192383,-41.22686767578125,0.004238588735461235,0.004238588735461235,0.004426592029631138,99.57614135742188,99.57614135742188,99.55734252929688,7.540427031926811e-05,0.007540427148342133,46.204833984375,-46.202301025390625,0.0006908106151968241,0.0006908105569891632,0.0008582713198848069,99.93091583251953,99.93091583251953,99.91417694091797,2.4003271391848102e-05,0.002400327241048217,4.971566200256348
394,0,Vocal,28.39290428161621,-28.392698287963867,0.015616149641573429,0.015616149641573429,0.014966992661356926,98.43838500976562,98.43838500976562,98.50330352783203,0.0014457331271842122,0.14457331597805023,37.622467041015625,-37.622066497802734,0.005754515994340181,0.005754515528678894,0.005170232150703669,99.42454528808594,99.42454528808594,99.48297882080078,0.00017287571972701699,0.017287572845816612,9.582784652709961
394,1,Bass,11.452618598937988,-11.452617645263672,0.32537057995796204,0.3253704011440277,0.330700159072876,67.46294403076172,67.46295928955078,66.92998504638672,0.0667908564209938,6.679085731506348,20.9307861328125,-20.93075180053711,0.21516065299510956,0.21515868604183197,0.22051644325256348,78.48393249511719,78.484130859375,77.94835662841797,0.008006298914551735,0.8006299138069153,9.083939552307129
394,2,Drums,41.83299255371094,-41.831512451171875,0.0010782127501443028,0.00107821193523705,0.001703913789242506,99.89218139648438,99.89218139648438,99.82960510253906,6.55749681754969e-05,0.006557496730238199,46.576839447021484,-46.57197952270508,0.0003369053010828793,0.0003369050391484052,0.0006221502553671598,99.96630859375,99.96630859375,99.93778228759766,2.200181916123256e-05,0.0022001818288117647,4.741022109985352
395,0,Vocal,15.864097595214844,-15.864091873168945,0.018812967464327812,0.018812956288456917,0.02097129262983799,98.11870574951172,98.11870574951172,97.90287017822266,0.025262601673603058,2.5262601375579834,30.622875213623047,-30.622961044311523,0.006227548699826002,0.006227548234164715,0.008361369371414185,99.37724304199219,99.37724304199219,99.16386413574219,0.0008656412246637046,0.08656412363052368,14.963788986206055
395,1,Bass,15.067805290222168,-15.067808151245117,0.16970783472061157,0.16970516741275787,0.1776106208562851,83.02921295166016,83.02948760986328,82.23893737792969,0.030192874372005463,3.019287347793579,21.114198684692383,-21.114212036132812,0.09660222381353378,0.09660033136606216,0.10058413445949554,90.33978271484375,90.3399658203125,89.94158172607422,0.007677766494452953,0.7677766680717468,6.029078483581543
395,2,Drums,28.731157302856445,-28.730979919433594,0.0012599293841049075,0.0012599275214597583,0.0018254085443913937,99.87400817871094,99.87400817871094,99.81745910644531,0.0013375465059652925,0.1337546557188034,40.57365036010742,-40.57258605957031,0.0003486911882646382,0.0003486906352918595,0.0007459510234184563,99.96513366699219,99.96513366699219,99.92540740966797,8.766875544097275e-05,0.008766875602304935,11.84033489227295
396,0,Vocal,29.920188903808594,-29.920162200927734,0.05964719131588936,0.05964719131588936,0.062076929956674576,94.0352783203125,94.0352783203125,93.79230499267578,0.001017485628835857,0.10174856334924698,33.13298034667969,-33.132720947265625,0.0063963523134589195,0.0063963462598621845,0.008889270015060902,99.36036682128906,99.36036682128906,99.11107635498047,0.0004858628090005368,0.04858627915382385,3.7086689472198486
396,1,Bass,9.962220191955566,-9.962217330932617,0.2530973553657532,0.25309717655181885,0.263221800327301,74.69026184082031,74.6902847290039,73.67781829833984,0.09163057804107666,9.163057327270508,19.858272552490234,-19.858245849609375,0.133331760764122,0.13332848250865936,0.1397143006324768,86.66682434082031,86.66715240478516,86.02857208251953,0.010226093232631683,1.0226093530654907,9.490304946899414
396,2,Drums,42.089149475097656,-42.08944320678711,0.0009810772025957704,0.0009810758056119084,0.00046686752466484904,99.90189361572266,99.90189361572266,99.95330810546875,6.181793287396431e-05,0.006181793287396431,49.917198181152344,-49.89925765991211,0.00036931506474502385,0.00036931451177224517,0.00024674899759702384,99.96306610107422,99.96306610107422,99.97532653808594,1.0221290722256526e-05,0.0010221290867775679,7.8313307762146
397,0,Vocal,26.85024070739746,-26.850208282470703,0.01203281432390213,0.012032812461256981,0.012271608226001263,98.79672241210938,98.79672241210938,98.77284240722656,0.002060985192656517,0.2060985267162323,40.876468658447266,-40.87795639038086,0.0014592045918107033,0.0014592045918107033,0.001987653551623225,99.85408020019531,99.85408020019531,99.80123901367188,8.171466470230371e-05,0.008171466179192066,14.243025779724121
397,1,Bass,10.089316368103027,-10.08932113647461,0.059197138994932175,0.05919663608074188,0.06012514978647232,94.08028411865234,94.08033752441406,93.98748016357422,0.08922361582517624,8.922361373901367,25.732147216796875,-25.732126235961914,0.05478108674287796,0.054780080914497375,0.05583339184522629,94.52188873291016,94.5219955444336,94.41665649414062,0.002664573723450303,0.26645737886428833,15.593996047973633
397,2,Drums,39.51206970214844,-39.51201629638672,0.002077599987387657,0.0020775969605892897,0.0017261499306187034,99.79224395751953,99.79224395751953,99.82738494873047,0.0001118941800086759,0.011189417913556099,43.46753692626953,-43.47002410888672,0.0005998269189149141,0.0005998261040076613,0.00059415033319965,99.94001770019531,99.94001770019531,99.94058227539062,4.5010434405412525e-05,0.004501043353229761,3.9587464332580566
398,0,Vocal,29.885440826416016,-29.885427474975586,0.01387479156255722,0.013874778524041176,0.01397422980517149,98.6125259399414,98.6125259399414,98.60257720947266,0.001025644363835454,0.10256443917751312,43.38209533691406,-43.38361358642578,0.002133539877831936,0.0021335387136787176,0.0026453868485987186,99.7866439819336,99.7866439819336,99.73546600341797,4.59170296380762e-05,0.004591702949255705,13.635297775268555
398,1,Bass,21.28902816772461,-21.288984298706055,0.10865515470504761,0.10865514725446701,0.11250536143779755,89.13448333740234,89.13448333740234,88.74946594238281,0.007377034053206444,0.7377033829689026,30.194528579711914,-30.194477081298828,0.035167090594768524,0.035167086869478226,0.0351029708981514,96.48329162597656,96.48329162597656,96.48970031738281,0.0009552859701216221,0.09552859514951706,8.731294631958008
398,2,Drums,34.17289352416992,-34.17277908325195,0.003801771905273199,0.003801767947152257,0.004622441716492176,99.61982727050781,99.61982727050781,99.53775024414062,0.00038247491465881467,0.0382474921643734,42.26435089111328,-42.26470947265625,0.0010032356949523091,0.0010032346472144127,0.0012085497146472335,99.89967346191406,99.8996810913086,99.87914276123047,5.934311411692761e-05,0.005934311542659998,8.09444808959961
399,0,Vocal,3.8111748695373535,-3.811175584793091,0.6559125185012817,0.6559016108512878,0.6927736401557922,34.408748626708984,34.40983963012695,30.72263526916504,0.29368460178375244,29.368459701538086,21.481264114379883,-21.481277465820312,0.21317358314990997,0.21317020058631897,0.3259257972240448,78.6826400756836,78.6829833984375,67.40741729736328,0.007059846539050341,0.7059846520423889,22.309114456176758
399,1,Bass,7.275727272033691,-7.275725364685059,0.09287223219871521,0.09287180751562119,0.08719232678413391,90.71277618408203,90.71282196044922,91.28076934814453,0.15771910548210144,15.771910667419434,19.431102752685547,-19.431068420410156,0.09698034822940826,0.09697850048542023,0.09847892820835114,90.30196380615234,90.30215454101562,90.15210723876953,0.011271128430962563,1.127112865447998,11.806178092956543
399,2,Drums,45.25736999511719,-45.255271911621094,4.290913784643635e-05,4.2909134208457544e-05,0.0004092194722034037,99.99571228027344,99.99571228027344,99.95907592773438,2.9792381610604934e-05,0.0029792380519211292,50.6036376953125,-50.586814880371094,4.447686660569161e-05,4.447685569175519e-05,0.0002779836067929864,99.99555206298828,99.99555206298828,99.97219848632812,8.703465937287547e-06,0.0008703466155566275,5.347858428955078
