idx,ch,stem,lag_in,lag_out,sisdr_in,sisnr_in,sir_in,sar_in,sisdr,sisnr,sir,sar,sisdr_impr,sisnr_impr,sir_impr,sar_impr
0,0,Vocal,0,0,13.261753300816096,13.261753300816094,63.39613164730687,13.261797030320164,24.132748698172986,24.132748698172986,63.498586523290044,24.133248746509295,10.87099539735689,10.870995397356891,0.10245487598317027,10.871451716189132
0,1,Bass,0,0,8.126555421976814,8.126555421976814,36.7388801842256,8.133457505954956,14.296713809738566,14.296713809738566,43.79962428269887,14.30176681357771,6.170158387761752,6.170158387761752,7.060744098473272,6.168309307622755
0,2,Drums,0,0,28.286960060385606,28.286960060385606,38.459886612684855,28.72635720711331,32.389487333888766,32.389487333888766,53.28063363413391,32.42502296108548,4.10252727350316,4.10252727350316,14.820747021449058,3.698665753972172
1,0,Vocal,0,0,12.87754294003274,12.87754294003274,43.18341610396962,12.881800805737564,28.207272600720717,28.207272600720717,61.9090195602173,28.20911838547186,15.329729660687978,15.329729660687978,18.725603456247683,15.327317579734297
1,1,Bass,0,0,13.21299935223551,13.21299935223551,26.4269309292363,13.435181978131949,19.563805349377212,19.563805349377212,38.40312959134697,19.621540657877826,6.350805997141702,6.350805997141702,11.976198662110669,6.186358679745878
1,2,Drums,0,0,19.234766235125555,19.234766235125555,24.35663392025431,20.846323553397426,20.168934267216198,20.168934267216198,37.086735033920625,20.259001997257414,0.9341680320906427,0.9341680320906427,12.730101113666315,-0.5873215561400116
2,0,Vocal,0,0,19.64276781744895,19.64276781744895,31.64007258078872,19.928971081524324,24.995278535745385,24.995278535745385,57.02836417707141,24.99800016730106,5.352510718296436,5.352510718296436,25.38829159628269,5.069029085776737
2,1,Bass,0,0,15.291090879278586,15.291090879278586,28.26277557167891,15.522370509871177,25.106484762874864,25.106484762874864,51.44819096258075,25.116607673908714,9.815393883596277,9.815393883596277,23.18541539090184,9.594237164037537
2,2,Drums,0,0,23.51765902881782,23.517659028817818,34.896946683408295,23.847281646416135,13.684415116346198,13.684415116346198,41.12107607030882,13.692593870923243,-9.833243912471623,-9.83324391247162,6.224129386900522,-10.154687775492892
3,0,Vocal,0,0,17.758491709269244,17.758491709269244,38.13015967032774,17.799210583498702,28.766478587351326,28.766478587351326,74.11853499409406,28.766598435466996,11.007986878082082,11.007986878082082,35.98837532376632,10.967387851968294
3,1,Bass,0,0,7.306945701100042,7.306945701100042,19.963334843398496,7.592738191653776,7.2518641652520355,7.251864165252036,49.250838569584374,7.252189728988493,-0.05508153584800635,-0.05508153584800546,29.28750372618588,-0.34054846266528305
3,2,Drums,0,0,25.10068231862878,25.10068231862878,29.840477068393593,26.881891844072637,29.425452784480505,29.425452784480505,40.43660766530827,29.784328102719165,4.324770465851724,4.324770465851724,10.59613059691468,2.902436258646528
4,0,Vocal,0,0,13.072441639937027,13.072441639937027,56.49061616161681,13.072648853841704,25.698113007600153,25.69811300760015,57.702478859439665,25.700854714001935,12.625671367663125,12.625671367663122,1.211862697822852,12.62820586016023
4,1,Bass,1,0,12.798842937714493,12.798842937714493,39.082344398892474,12.809610912790523,18.316602721036013,18.316602721036013,53.83673457987777,18.31783879990124,5.5177597833215195,5.5177597833215195,14.754390180985297,5.508227887110715
4,2,Drums,0,0,24.759570538231483,24.759570538231483,34.437085406846315,25.256063917601516,30.550891551722422,30.550891551722422,48.00190692653214,30.629775448469676,5.79132101349094,5.79132101349094,13.564821519685829,5.37371153086816
5,0,Vocal,0,0,16.32929818240615,16.32929818240615,49.726975090778396,16.3313307135966,26.646433407776943,26.646433407776943,67.34196569290496,26.646800479353008,10.317135225370794,10.317135225370794,17.614990602126568,10.315469765756408
5,1,Bass,0,0,11.244907435898499,11.244907435898497,28.39539938880192,11.335705839771332,17.735245814865547,17.735245814865547,43.07293395213878,17.748184078164797,6.4903383789670475,6.490338378967049,14.677534563336863,6.412478238393465
5,2,Drums,0,0,23.891365298720565,23.891365298720565,33.625271811238065,24.381421979298175,30.15436144200401,30.15436144200401,48.29768303200228,30.22153591477004,6.262996143283445,6.262996143283445,14.672411220764218,5.840113935471866
6,0,Vocal,0,0,15.582910890880818,15.582910890880818,28.087425261339448,15.84073910305868,25.2468118514429,25.2468118514429,54.778795376738444,25.251657141700523,9.663900960562081,9.663900960562081,26.691370115398996,9.410918038641842
6,1,Bass,1,0,14.805744437259914,14.805744437259916,32.19454375285856,14.888327939453038,21.853476048542856,21.853476048542856,53.82809799043155,21.85625000531244,7.047731611282941,7.04773161128294,21.633554237572994,6.967922065859401
6,2,Drums,0,0,24.431850026870208,24.431850026870208,33.0907339816386,25.06974410268817,23.18417509928055,23.18417509928055,48.49144516572542,23.197049795424615,-1.2476749275896566,-1.2476749275896566,15.400711184086823,-1.8726943072635542
7,0,Vocal,0,0,10.3415148830392,10.3415148830392,39.59609144425306,10.347150558983609,24.817200177141608,24.817200177141608,57.210001019003826,24.819708380337563,14.475685294102409,14.475685294102409,17.613909574750764,14.472557821353954
7,1,Bass,0,0,13.22825825933598,13.228258259335984,31.260742475013856,13.300366797217062,18.933882517984465,18.93388251798447,49.03826084232232,18.938178163262297,5.705624258648484,5.705624258648484,17.777518367308467,5.637811366045234
7,2,Drums,0,0,21.960980489452474,21.960980489452474,33.05317465907915,22.314710764089355,25.153336430881602,25.153336430881602,44.159384007307885,25.208446962254072,3.1923559414291276,3.1923559414291276,11.106209348228738,2.893736198164717
8,0,Vocal,0,0,21.91168617240352,21.91168617240352,35.45508655395792,22.10935875497161,26.975522621765272,26.975522621765272,56.09335544956316,26.98084614428684,5.063836449361752,5.063836449361752,20.638268895605243,4.871487389315231
8,1,Bass,0,0,18.112788862752208,18.112788862752204,29.116908449674476,18.477196956330232,23.801062138754958,23.801062138754958,44.57204210678774,23.837729530880925,5.68827327600275,5.688273276002754,15.455133657113265,5.360532574550692
8,2,Drums,0,0,21.232373084590556,21.232373084590552,34.83279557899677,21.42761750570906,25.81123766910919,25.81123766910919,43.38848995235512,25.887970015286715,4.578864584518634,4.578864584518637,8.55569437335835,4.460352509577657
9,0,Vocal,0,0,24.063547226540997,24.063547226540997,50.94402755749926,24.07249460976045,12.783411952396303,12.783411952396303,44.44464597369801,12.786531197385933,-11.280135274144694,-11.280135274144694,-6.499381583801252,-11.285963412374517
9,1,Bass,0,0,14.948607888968779,14.948607888968779,28.56781563463819,15.147606250465127,20.444359086293787,20.444359086293794,46.54137796764917,20.455133717144804,5.495751197325008,5.495751197325015,17.973562333010978,5.307527466679677
9,2,Drums,0,0,21.4943486318248,21.4943486318248,30.404059522753396,22.095813624366052,21.293629483118313,21.293629483118313,46.291052467686185,21.30749334048121,-0.20071914870648655,-0.20071914870648655,15.88699294493279,-0.7883202838848433
10,0,Vocal,0,0,20.648951578413634,20.648951578413634,39.175143067974815,20.710883531935345,23.21052728314342,23.21052728314342,44.34907272751788,23.244226031392405,2.561575704729787,2.561575704729787,5.173929659543063,2.53334249945706
10,1,Bass,0,0,13.698026863448284,13.698026863448288,28.61079305680684,13.846435129805304,19.558290964619125,19.558290964619125,44.816435831184265,19.57139307486001,5.860264101170841,5.860264101170838,16.205642774377424,5.724957945054705
10,2,Drums,0,0,22.221267632410353,22.221267632410353,32.621421431177296,22.638946953723643,14.604320480301789,14.604320480301789,39.73869678352177,14.618117019194084,-7.616947152108564,-7.616947152108564,7.117275352344471,-8.020829934529559
11,0,Vocal,0,0,24.415331043509873,24.415331043509873,51.78938013622745,24.423314675433247,24.812682947017244,24.812682947017244,54.459887614325254,24.817408433786493,0.3973519035073707,0.3973519035073707,2.6705074780978038,0.39409375835324667
11,1,Bass,0,0,14.709249303626335,14.709249303626335,26.714875424267955,15.00116152732678,21.81602200907808,21.81602200907808,38.3892837324113,21.913317116932273,7.106772705451744,7.106772705451744,11.674408308143345,6.912155589605494
11,2,Drums,0,0,18.334923235695868,18.334923235695868,26.458938242552875,19.07116407120084,23.322725769130905,23.322725769130905,39.364919462198976,23.432627053134553,4.987802533435037,4.987802533435037,12.905981219646101,4.3614629819337125
12,0,Vocal,0,0,22.510199134828763,22.510199134828763,39.572965649676405,22.596936327331637,23.53155443882035,23.53155443882035,51.29960367540449,23.538849722960546,1.0213553039915872,1.0213553039915872,11.726638025728086,0.9419133956289087
12,1,Bass,0,0,17.82658436581989,17.82658436581989,30.483509160482797,18.072650863644192,23.736730435963405,23.736730435963405,41.60092139111951,23.808632588252344,5.910146070143515,5.910146070143515,11.117412230636717,5.735981724608152
12,2,Drums,0,0,20.682476907950868,20.682476907950868,29.991077355292965,21.228484324413262,16.013172948520115,16.013172948520115,38.65019440399075,16.037493529855226,-4.669303959430753,-4.669303959430753,8.659117048697787,-5.1909907945580365
13,0,Vocal,0,0,24.31914684223402,24.31914684223402,40.39124727911411,24.428182310985207,25.15920932896392,25.15920932896392,61.390845668673286,25.16024344958932,0.8400624867299022,0.8400624867299022,20.999598389559175,0.7320611386041129
13,1,Bass,0,0,15.725826811418369,15.725826811418369,26.2815349853514,16.136038436552212,22.421612567753584,22.421612567753584,39.82026987161626,22.5018440336774,6.695785756335216,6.695785756335216,13.538734886264862,6.365805597125188
13,2,Drums,0,0,19.24612332306711,19.24612332306711,29.88571749755621,19.642570650069814,15.216580760692711,15.216580760692711,58.04918646178058,15.216813391353451,-4.029542562374399,-4.029542562374399,28.163468964224368,-4.425757258716363
14,0,Vocal,0,0,13.47083449441961,13.47083449441961,45.41052954626289,13.473737146671866,25.106960089925572,25.106960089925575,54.15713803936188,25.11235976698729,11.636125595505963,11.636125595505966,8.74660849309899,11.638622620315424
14,1,Bass,0,0,13.532726431994353,13.532726431994355,31.6489328514346,13.60323211041303,22.4102321120675,22.4102321120675,73.13060813200279,22.410266592330437,8.877505680073147,8.877505680073146,41.48167528056819,8.807034481917407
14,2,Drums,0,0,25.33383926955025,25.33383926955025,36.58686017679309,25.673076591162843,17.75666791018081,17.75666791018081,41.60661710339917,17.774901568617885,-7.577171359369441,-7.577171359369441,5.019756926606078,-7.898175022544958
15,0,Vocal,0,0,22.935695156920026,22.935695156920026,44.548871629284335,22.96590387698254,21.87997916651193,21.87997916651193,53.00804920545563,21.88334977309318,-1.0557159904080962,-1.0557159904080962,8.459177576171292,-1.0825541038893611
15,1,Bass,0,0,16.05029898479654,16.050298984796544,25.23541249711045,16.621617180975413,22.76596126472013,22.76596126472013,50.436603864043185,22.77342991500458,6.715662279923588,6.715662279923585,25.201191366932736,6.151812734029168
15,2,Drums,0,0,18.069702978996553,18.069702978996556,25.99024636018364,18.84515420607768,22.2994900555681,22.2994900555681,46.52882565989301,22.316015596535507,4.229787076571547,4.229787076571544,20.53857929970937,3.470861390457827
16,0,Vocal,0,0,12.654305160970502,12.654305160970502,30.975449930455326,12.722172622383642,24.05372569710499,24.05372569710499,44.662347018409065,24.091783740867584,11.399420536134489,11.399420536134489,13.686897087953739,11.369611118483942
16,1,Bass,0,0,5.60528187622204,5.605281876222039,20.23245480877931,5.798539629535018,8.079768398706364,8.079768398706364,35.35686986467753,8.089170456251102,2.474486522484323,2.474486522484325,15.124415055898218,2.290630826716084
16,2,Drums,0,0,26.48682767984868,26.48682767984868,46.83177836667291,26.5272145362402,16.206171216881252,16.206171216881252,51.72459494291036,16.207419089553234,-10.280656462967428,-10.280656462967428,4.8928165762374505,-10.319795446686967
17,0,Vocal,0,0,17.71307169158988,17.71307169158988,36.5704379991685,17.770898488854012,27.481835495034247,27.481835495034247,54.80577776115037,27.48989629666695,9.768763803444365,9.768763803444365,18.23533976198187,9.718997807812936
17,1,Bass,0,0,5.131813058105412,5.131813058105412,18.106343598979294,5.4231197199853245,8.144304366305864,8.144304366305864,42.18653553130686,8.146279331920226,3.0124913082004516,3.0124913082004516,24.080191932327565,2.7231596119349017
17,2,Drums,0,0,20.400455877328916,20.400455877328916,25.590348534618826,21.978222478322863,15.363808739761728,15.363808739761728,41.945444236930456,15.373638049578798,-5.036647137567188,-5.036647137567188,16.35509570231163,-6.604584428744065
18,0,Vocal,0,0,5.549837329568384,5.549837329568385,27.872309306783283,5.582435495073988,12.449933178453321,12.449933178453321,50.76551642257879,12.450606762729194,6.900095848884937,6.900095848884936,22.89320711579551,6.868171267655206
18,1,Bass,0,0,4.78323384307144,4.78323384307144,19.06466009630285,5.001916743258377,6.997497532058366,6.997497532058366,29.73060403058158,7.025323627385111,2.214263688986926,2.214263688986926,10.665943934278733,2.023406884126734
18,2,Drums,0,0,28.54105503803914,28.54105503803914,42.642972503083584,28.71354171308813,17.309872832894747,17.309872832894747,44.21832713130506,17.318895658818107,-11.231182205144393,-11.231182205144393,1.5753546282214757,-11.394646054270023
19,0,Vocal,0,0,6.2062274599116325,6.2062274599116325,29.972095307685507,6.228881399008946,14.881423722727817,14.881423722727817,41.222653931107786,14.891844259432132,8.675196262816185,8.675196262816185,11.250558623422279,8.662962860423185
19,1,Bass,0,0,5.287992592979962,5.287992592979961,19.084853641726657,5.5263433547333545,7.977088940236575,7.977088940236577,26.530061682270002,8.047762523698495,2.689096347256613,2.6890963472566156,7.445208040543346,2.5214191689651404
19,2,Drums,0,0,29.290706170775323,29.290706170775323,45.48563058404534,29.39639671236,17.537520548884583,17.537520548884586,55.734291356763556,17.538189530696762,-11.75318562189074,-11.753185621890736,10.248660772718218,-11.85820718166324
20,0,Vocal,0,0,13.644338407266929,13.644338407266929,35.02487424888074,13.677422153747006,22.104483279364263,22.104483279364263,46.9997934602937,22.118659473420493,8.460144872097334,8.460144872097334,11.97491921141296,8.441237319673487
20,1,Bass,0,0,3.0167355179879207,3.0167355179879207,17.891381993277427,3.2304518567481457,5.437477910885466,5.437477910885466,30.272208043023298,5.455844806001696,2.4207423928975453,2.4207423928975453,12.38082604974587,2.2253929492535507
20,2,Drums,0,0,25.976351875028506,25.976351875028506,38.72526508620747,26.213899095417567,15.270039398295445,15.270039398295445,76.8849236577827,15.270042301788187,-10.70631247673306,-10.70631247673306,38.159658571575235,-10.94385679362938
21,0,Vocal,0,0,11.547463603495341,11.547463603495343,29.801623012087187,11.617415258722701,20.776855250473773,20.776855250473773,43.78936448195412,20.798790937673658,9.229391646978431,9.22939164697843,13.98774146986693,9.181375678950957
21,1,Bass,0,0,6.760135049088506,6.7601350490885075,20.77693578773929,6.972035667141288,8.828912130380447,8.828912130380449,34.99572047786855,8.840797175383328,2.068777081291941,2.068777081291941,14.218784690129262,1.8687615082420397
21,2,Drums,0,0,26.633969641582524,26.633969641582528,43.695295601862796,26.720441125529156,15.46843419827123,15.46843419827123,56.03258443200748,15.468826123004193,-11.165535443311294,-11.165535443311297,12.337288830144686,-11.251615002524963
22,0,Vocal,0,0,2.0029448997048624,2.002944899704863,18.70787802074193,2.154782467162547,19.09935464201746,19.099354642017456,39.98288194704033,19.135354037901664,17.0964097423126,17.096409742312595,21.275003926298403,16.980571570739116
22,1,Bass,0,0,5.1932989912124805,5.1932989912124805,19.644949420285794,5.398856741722927,6.989777992096002,6.989777992096005,23.96630490818275,7.095175784457991,1.7964790008835214,1.796479000883524,4.321355487896955,1.6963190427350643
22,2,Drums,0,0,28.73049975989749,28.73049975989749,77.90796716453751,28.73054677955727,13.823203115983262,13.823203115983262,44.88694746674713,13.826744649069383,-14.90729664391423,-14.90729664391423,-33.02101969779038,-14.903802130487886
23,0,Vocal,0,0,15.019821013577845,15.019821013577845,40.23015248178278,15.033336515273902,24.302544434969434,24.302544434969434,65.7584087135142,24.30285246496558,9.282723421391589,9.282723421391589,25.52825623173142,9.269515949691677
23,1,Bass,0,0,5.577450534548047,5.577450534548047,19.341733456443105,5.814182188868989,6.744510138514076,6.744510138514076,39.644955568167134,6.747209002501352,1.1670596039660284,1.1670596039660284,20.30322211172403,0.9330268136323632
23,2,Drums,0,0,22.546294211433118,22.546294211433118,29.867298067633115,23.440846054456145,14.742687343217302,14.742687343217302,57.47177920922888,14.742926575507793,-7.803606868215816,-7.803606868215816,27.604481141595762,-8.697919478948352
24,0,Vocal,0,0,17.18370933183587,17.18370933183587,40.946628432838345,17.202356345534195,28.339776908787027,28.339776908787027,57.6509558197153,28.344872082123732,11.156067576951155,11.156067576951155,16.704327386876955,11.142515736589537
24,1,Bass,0,0,12.506157474848198,12.506157474848198,26.689156033473765,12.6844637995559,16.415214003752613,16.415214003752613,55.325519660193905,16.415784813232147,3.909056528904415,3.909056528904415,28.63636362672014,3.731321013676247
24,2,Drums,0,0,23.0794370070128,23.0794370070128,48.42611929490877,23.09219673850508,29.642967076922204,29.642967076922204,71.71516059882337,29.643231823938486,6.563530069909405,6.563530069909405,23.2890413039146,6.551035085433405
25,0,Vocal,0,0,18.627747519972246,18.627747519972246,41.33240425532085,18.651427299370535,26.037680858750612,26.037680858750612,46.85788363486544,26.073872681268305,7.409933338778366,7.409933338778366,5.525479379544585,7.42244538189777
25,1,Bass,0,0,12.582057431581191,12.582057431581188,28.639356376096377,12.697011050169994,15.497256777928571,15.497256777928571,43.808788289487254,15.503848684348085,2.9151993463473804,2.915199346347384,15.169431913390877,2.806837634178091
25,2,Drums,0,0,23.31606946176802,23.31606946176802,38.9029735606023,23.438291863393385,28.231383738127043,28.231383738127043,61.673248878360205,28.233350531663554,4.915314276359023,4.915314276359023,22.770275317757907,4.795058668270169
26,0,Vocal,0,0,8.120208619029867,8.120208619029869,37.57133897842272,8.12589887837195,22.774086431792174,22.774086431792174,52.97229375427918,22.778254117193505,14.653877812762307,14.653877812762305,15.400954775856455,14.652355238821555
26,1,Bass,0,0,9.247461124260482,9.247461124260482,24.343932293200833,9.399844813837676,17.501510420735038,17.501510420735038,61.75462266463093,17.501676103517013,8.254049296474555,8.254049296474555,37.41069037143009,8.101831289679337
26,2,Drums,0,0,17.32329984198264,17.32329984198264,35.51562636346526,17.390872676012272,24.584200349436955,24.584200349436955,62.000541037137715,24.58498891105362,7.260900507454316,7.260900507454316,26.484914673672456,7.194116235041349
27,0,Vocal,0,0,21.165352283351414,21.165352283351414,46.12211455694858,21.17935107546703,24.14766701881255,24.14766701881255,57.98465892579689,24.14946838483651,2.982314735461138,2.982314735461138,11.862544368848312,2.9701173093694813
27,1,Bass,0,0,12.698090154223996,12.698090154223996,29.594837720678647,12.792512164933429,16.29381316831134,16.29381316831134,47.720031717304394,16.297014772878768,3.5957230140873424,3.5957230140873424,18.125193996625747,3.504502607945339
27,2,Drums,0,0,23.114602138143287,23.114602138143287,52.204314181349424,23.119986171726936,28.209210039650273,28.209210039650273,46.516886166188144,28.27390490690055,5.094607901506986,5.094607901506986,-5.687428015161281,5.153918735173615
28,0,Vocal,0,0,13.18456961949446,13.18456961949446,42.48372276141943,13.18992110374037,24.91208338726453,24.91208338726453,53.32335450544157,24.918366963520292,11.72751376777007,11.72751376777007,10.839631744022142,11.728445859779923
28,1,Bass,0,0,9.067053083878017,9.067053083878017,23.506767430876362,9.2455063750325,19.149911648569166,19.14991164856917,55.6262431733541,19.150900748817193,10.082858564691149,10.082858564691152,32.11947574247773,9.905394373784693
28,2,Drums,0,0,16.499325478344737,16.499325478344737,32.52319512847174,16.611623792673203,23.268594651235432,23.268594651235425,58.19544590966241,23.26999700103801,6.769269172890695,6.769269172890688,25.67225078119067,6.658373208364807
29,0,Vocal,0,0,16.62806645827505,16.628066458275047,41.4253744147787,16.64279248832493,26.896156627569674,26.896156627569674,65.24054994514469,26.896789505664927,10.268090169294624,10.268090169294627,23.81517553036599,10.253997017339998
29,1,Bass,0,0,9.564051614599283,9.564051614599283,24.918518487043855,9.706475786678523,13.498771616410925,13.498771616410925,35.60653140873558,13.526778786041513,3.934720001811643,3.934720001811643,10.688012921691723,3.8203029993629904
29,2,Drums,0,0,20.742007859145602,20.742007859145602,33.02050801635434,21.009091850492418,25.929046183245763,25.92904618324576,49.11968949441181,25.949978715882445,5.187038324100161,5.187038324100158,16.099181478057467,4.940886865390027
30,0,Vocal,0,0,-0.20663127967321665,-0.20663127967321562,25.800258431393157,-0.1843187784528756,9.01373046383188,9.01373046383188,44.48802312016329,9.01511423104776,9.220361743505096,9.220361743505096,18.687764688770134,9.199433009500634
30,1,Bass,0,0,9.316936143445918,9.316936143445918,24.83366136349632,9.454857198121967,19.047420311768356,19.047420311768356,43.04456852388971,19.064970771536487,9.730484168322437,9.730484168322437,18.21090716039339,9.61011357341452
30,2,Drums,0,0,17.512897011170324,17.512897011170324,37.385425416120476,17.558644518156438,23.56650900500142,23.56650900500142,65.91201769713244,23.566762058082517,6.0536119938310975,6.0536119938310975,28.526592281011965,6.008117539926079
31,0,Vocal,0,0,11.354314294102942,11.354314294102942,34.82533468395462,11.375316696655934,16.694360349789804,16.694360349789804,31.43468201266667,16.84578124873292,5.340046055686862,5.340046055686862,-3.3906526712879526,5.470464552076985
31,1,Bass,0,0,6.34040844508864,6.340408445088642,23.697935096339684,6.439451525771723,9.370421055774585,9.370421055774585,46.135960963532355,9.371441408586243,3.0300126106859455,3.030012610685943,22.43802586719267,2.93198988281452
31,2,Drums,0,0,29.009193321123007,29.009193321123007,46.70326398644054,29.083773818626263,33.5094419227471,33.50944192274711,77.63554136350935,33.50960437726674,4.500248601624094,4.500248601624101,30.932277377068807,4.425830558640477
32,0,Vocal,0,0,6.534825767510604,6.534825767510604,51.599113602915864,6.534990494822396,19.64714653191307,19.64714653191307,59.98920697753894,19.647539883396426,13.112320764402465,13.112320764402465,8.390093374623078,13.112549388574031
32,1,Bass,0,0,10.321717492419179,10.321717492419179,29.398009961894243,10.380760596406981,12.619005785316963,12.619005785316963,39.1649267102893,12.629163040452996,2.2972882928977842,2.2972882928977842,9.766916748395058,2.2484024440460146
32,2,Drums,0,0,31.66708457651395,31.66708457651395,47.83060460604219,31.773501006311996,27.081689336471456,27.081689336471456,62.18495475886752,27.083031365634604,-4.585395240042494,-4.585395240042494,14.354350152825326,-4.690469640677392
33,0,Vocal,0,0,4.537027034212653,4.537027034212653,50.81868130258989,4.5371649216663155,20.449751310522597,20.449751310522593,59.70377978237412,20.450261231375443,15.912724276309945,15.912724276309941,8.885098479784233,15.913096309709127
33,1,Bass,0,0,8.925657991735806,8.925657991735807,27.263277874248008,8.997960256803974,11.113264155125774,11.113264155125776,32.69754119663597,11.14585706461998,2.187606163389969,2.187606163389969,5.4342633223879595,2.1478968078160054
33,2,Drums,0,0,33.58986860713563,33.58986860713563,56.02522379428721,33.61473512513127,38.89208473539303,38.89208473539303,67.14726848060955,38.89856806298626,5.302216128257399,5.302216128257399,11.122044686322347,5.283832937854989
34,0,Vocal,0,0,5.758992628779697,5.758992628779696,30.26534035343156,5.778489855631595,21.327645471218748,21.327645471218748,55.57354671756501,21.32927413733604,15.56865284243905,15.568652842439052,25.308206364133447,15.550784281704445
34,1,Bass,0,0,6.43182270432402,6.431822704324022,25.64931501790309,6.495950623610779,8.690215740621689,8.690215740621689,40.79713048309276,8.69325147552828,2.2583930362976687,2.258393036297667,15.14781546518967,2.1973008519175012
34,2,Drums,0,0,33.81193808349292,33.81193808349292,46.20584066987,34.069793852509534,28.275748100662152,28.275748100662152,55.21290804497756,28.284559040362964,-5.536189982830766,-5.536189982830766,9.00706737510756,-5.7852348121465695
35,0,Vocal,0,0,-4.69130920687712,-4.69130920687712,41.07122811089589,-4.690856237898026,11.082312444969775,11.082312444969777,34.484607764282316,11.103726394609918,15.773621651846895,15.773621651846897,-6.5866203466135715,15.794582632507943
35,1,Bass,0,0,8.02033997665852,8.02033997665852,27.299450982522984,8.079996560780602,9.520918659508382,9.520918659508384,48.20321651658933,9.521572526107853,1.5005786828498628,1.5005786828498646,20.903765534066345,1.4415759653272513
35,2,Drums,0,0,37.94040968693248,37.94040968693248,50.954838948564365,38.162974933658,39.60622219890432,39.60622219890433,60.28634046503426,39.64349700201785,1.6658125119718363,1.6658125119718434,9.331501516469892,1.4805220683598534
36,0,Vocal,0,0,12.694257838655325,12.694257838655327,36.95436884891392,12.711448181668514,25.369020003583334,25.369020003583334,77.54857181323267,25.369040677575036,12.674762164928008,12.674762164928007,40.59420296431875,12.657592495906522
36,1,Bass,0,0,4.072079429490174,4.072079429490174,21.36201827923498,4.185525132585662,6.82030299850749,6.82030299850749,46.21477617111726,6.82090604089262,2.7482235690173162,2.7482235690173162,24.852757891882277,2.635380908306958
36,2,Drums,0,0,34.1639305156647,34.1639305156647,62.781841619940806,34.16990191591899,36.83861442028455,36.83861442028455,67.02307325972704,36.842769895213436,2.6746839046198474,2.6746839046198474,4.2412316397862355,2.6728679792944448
37,0,Vocal,0,0,-3.8646148381438787,-3.864614838143879,27.168647795055506,-3.852863832856712,5.565361980469216,5.565361980469215,35.80692242646777,5.570606354457414,9.429976818613095,9.429976818613095,8.638274631412266,9.423470187314127
37,1,Bass,0,0,7.171983618925846,7.171983618925846,25.849346395749745,7.242556768722173,9.794296329999138,9.79429632999914,54.601885993305864,9.794454861246663,2.6223127110732927,2.6223127110732944,28.75253959755612,2.5518980925244907
37,2,Drums,0,0,37.32046055422921,37.32046055422921,49.68195083818259,37.58024586802398,24.19375453680725,24.19375453680725,59.703812837241216,24.194979921495783,-13.126706017421956,-13.126706017421956,10.021861999058629,-13.385265946528197
38,0,Vocal,0,0,5.3639260072788915,5.3639260072788915,49.1638318919426,5.364159031716751,18.572348332816226,18.572348332816226,73.8169079410427,18.572349072788747,13.208422325537335,13.208422325537335,24.6530760491001,13.208190041071996
38,1,Bass,0,0,7.096172836955369,7.096172836955368,26.530870883912975,7.155566567173297,9.022345174190626,9.022345174190626,37.928245242602195,9.028635568049854,1.9261723372352568,1.9261723372352577,11.39737435868922,1.8730690008765567
38,2,Drums,0,0,35.227976928252296,35.227976928252296,48.43280985049489,35.44079072298302,29.79163363577191,29.79163363577191,61.87598849646673,29.79432164604562,-5.436343292480387,-5.436343292480387,13.443178645971841,-5.646469076937397
39,0,Vocal,0,0,3.2983783968210165,3.298378396821018,34.98800971052659,3.302698940031095,21.224226817166265,21.224226817166265,66.17306475152485,21.224337140470052,17.925848420345247,17.925848420345247,31.185055040998257,17.921638200438956
39,1,Bass,0,0,7.664098252053563,7.664098252053563,27.50219588624763,7.71712501280402,9.974364537912352,9.974364537912354,54.72348477771498,9.974524570839199,2.3102662858587895,2.3102662858587912,27.22128889146735,2.2573995580351784
39,2,Drums,0,0,37.484376949833454,37.484376949833454,59.81238394393906,37.50984849747149,11.315487725424521,11.315487725424525,57.93162967688133,11.315589329556248,-26.168889224408932,-26.16888922440893,-1.880754267057732,-26.19425916791524
40,0,Vocal,0,0,15.197039721004762,15.197039721004762,52.35697532629107,15.197899306138885,14.680265729926473,14.680265729926473,81.0156716631829,14.680265730117345,-0.5167739910782885,-0.5167739910782885,28.65869633689183,-0.5176335760215398
40,1,Bass,0,0,20.913175628220703,20.913175628220703,35.301545748254036,21.07551096887662,27.496032553198994,27.496032553198994,48.269498053303614,27.532589912911995,6.582856924978291,6.582856924978291,12.967952305049579,6.4570789440353735
40,2,Drums,0,0,19.339819437941618,19.339819437941618,38.417777763198714,19.394480004261844,25.44500005245166,25.44500005245166,63.23807546543676,25.4457196339065,6.105180614510044,6.105180614510044,24.820297702238044,6.051239629644655
41,0,Vocal,0,0,24.7581065119231,24.7581065119231,45.112289510457416,24.7984506358926,20.72029358586482,20.72029358586482,84.06944675106124,20.720294040607033,-4.03781292605828,-4.03781292605828,38.95715724060382,-4.0781565952855665
41,1,Bass,0,0,12.175689610440122,12.175689610440122,25.576619994902245,12.390844758968992,19.255009971221483,19.255009971221483,44.97716197212851,19.266790554256488,7.079320360781361,7.079320360781361,19.40054197722627,6.875945795287496
41,2,Drums,0,0,24.814588790004883,24.814588790004883,32.14885414088945,25.704301060519835,30.583687074792092,30.583687074792092,56.46972711312845,30.594904670168106,5.7690982847872085,5.7690982847872085,24.320872972239002,4.89060360964827
42,0,Vocal,0,0,22.738301924942967,22.738301924942963,32.643643942574656,23.208883375100754,27.16293296325621,27.16293296325621,51.28704823871155,27.179796010627282,4.424631038313244,4.4246310383132474,18.643404296136893,3.9709126355265276
42,1,Bass,0,0,17.98247295182642,17.98247295182642,27.08126361386909,18.561275552077138,22.884260837586762,22.884260837586762,40.50922005154124,22.96034049145468,4.901787885760342,4.901787885760342,13.427956437672151,4.399064939377542
42,2,Drums,0,0,21.841679926280158,21.841679926280158,27.34503740036695,23.286135249523042,9.997511467045022,9.997511467045022,41.965638866217944,10.000548825828,-11.844168459235135,-11.844168459235135,14.620601465850992,-13.285586423695042
43,0,Vocal,0,0,15.437785878059437,15.437785878059433,50.39890396419381,15.439210680184996,20.89253119974146,20.89253119974146,53.315599549478506,20.89503507515807,5.454745321682022,5.454745321682026,2.9166955852846925,5.4558243949730745
43,1,Bass,0,0,20.093910714366775,20.093910714366775,34.44064159941065,20.258108263180596,25.963880444937768,25.963880444937764,49.91885867609538,25.981427151545006,5.869969730570993,5.86996973057099,15.478217076684736,5.72331888836441
43,2,Drums,0,0,20.344347003719033,20.344347003719033,35.77853809379286,20.471576405752486,25.123064088124227,25.123064088124227,60.41474516046969,25.12435034226698,4.778717084405194,4.778717084405194,24.636207066676832,4.6527739365144924
44,0,Vocal,0,0,18.737170612880764,18.737170612880764,60.47118926189481,18.737464444304116,23.381768234021443,23.381768234021443,74.95222891337177,23.381794314764957,4.644597621140679,4.644597621140679,14.481039651476962,4.64432987046084
44,1,Bass,0,0,16.133636991729013,16.133636991729013,31.83791149265149,16.2548555820039,22.357747141704646,22.357747141704646,64.17663819757975,22.358032530675768,6.224110149975633,6.224110149975633,32.33872670492826,6.103176948671869
44,2,Drums,0,0,25.860712954953208,25.8607129549532,62.86884362230542,25.861578370957016,22.69799788842544,22.69799788842544,69.0292576539128,22.698098594700923,-3.162715066527767,-3.1627150665277597,6.160414031607374,-3.163479776256093
45,0,Vocal,0,0,23.167772300876663,23.167772300876663,47.29911752815223,23.18465614192036,23.083966398027933,23.083966398027925,69.45578254691429,23.08406282711527,-0.0838059028487308,-0.0838059028487379,22.156665018762062,-0.1005933148050886
45,1,Bass,0,0,17.17866607705582,17.17866607705582,32.740912334392206,17.303341677374483,22.65366189352533,22.65366189352533,66.76895300780656,22.653827704923906,5.474995816469512,5.474995816469512,34.02804067341435,5.350486027549422
45,2,Drums,0,0,25.423123589607957,25.423123589607957,41.91121545802004,25.5220036622066,28.738597881687966,28.738597881687966,48.84960256876765,28.781187247902974,3.315474292080008,3.315474292080008,6.9383871107476125,3.2591835856963733
46,0,Vocal,0,0,17.077747613367556,17.077747613367556,46.30393881074394,17.083041346579087,19.06747756830913,19.06747756830913,49.2002267386465,19.07174217645158,1.9897299549415735,1.9897299549415735,2.896287927902563,1.9887008298724922
46,1,Bass,0,0,16.22385222487349,16.22385222487349,25.436317644763363,16.790845261436612,24.72001125310573,24.720011253105728,41.587994087364244,24.810569324075843,8.496159028232242,8.496159028232238,16.15167644260088,8.01972406263923
46,2,Drums,0,0,25.29215930342993,25.29215930342993,40.84851413363293,25.41505071811131,29.845367752312498,29.845367752312498,60.238374645662844,29.849337879721894,4.553208448882568,4.553208448882568,19.389860512029912,4.434287161610584
47,0,Vocal,0,0,15.286797763771968,15.286797763771968,48.63941693232193,15.288863590149855,22.46654751592142,22.46654751592142,55.20361113122219,22.468868607339324,7.179749752149451,7.179749752149451,6.56419419890026,7.180005017189469
47,1,Bass,0,0,13.472247614523328,13.472247614523328,23.380073873250012,13.960082358451809,20.290208089648726,20.290208089648726,34.17351444033259,20.47320612225279,6.817960475125398,6.817960475125398,10.793440567082577,6.513123763800982
47,2,Drums,0,0,28.32187179492971,28.32187179492971,44.1297195309371,28.43758642239493,32.92151297043317,32.92151297043317,65.13616053274974,32.92411856983517,4.599641175503461,4.599641175503461,21.00644100181264,4.4865321474402435
48,0,Vocal,0,0,7.226667152168215,7.226667152168215,38.294119818639146,7.230707925571243,14.873992382011615,14.873992382011615,49.1784774477124,14.875655201099425,7.6473252298434,7.6473252298434,10.884357629073257,7.644947275528182
48,1,Bass,0,0,6.238407483688334,6.238407483688334,22.892043693954307,6.355540302995248,10.046331846746499,10.046331846746499,30.958462118467665,10.085158960727767,3.8079243630581647,3.8079243630581647,8.066418424513358,3.7296186577325194
48,2,Drums,0,0,29.54549214394147,29.54549214394147,41.587001720806064,29.82605833591999,34.16331035757185,34.16331035757185,48.442354495853635,34.328607806380454,4.6178182136303825,4.6178182136303825,6.855352775047571,4.502549470460465
49,0,Vocal,0,0,15.284259828667874,15.284259828667876,31.27403872823762,15.398243320754188,4.081147317681148,4.081147317681148,22.788645118745112,4.16281987706747,-11.203112510986728,-11.203112510986728,-8.485393609492508,-11.235423443686718
49,1,Bass,0,0,13.778313412283648,13.778313412283644,33.674643037745724,13.824884126854391,19.09140106567898,19.09140106567898,50.089295947034806,19.094895403320958,5.313087653395332,5.3130876533953355,16.41465290928908,5.270011276466567
49,2,Drums,0,0,24.397857830837367,24.39785783083737,35.2493048005511,24.771656093428874,28.63479932026966,28.63479932026966,45.007680235569325,28.73621533288175,4.236941489432294,4.23694148943229,9.758375435018223,3.964559239452875
50,0,Vocal,0,0,9.101830877207066,9.101830877207068,45.05301929038475,9.103069515616147,23.79196944339678,23.79196944339678,49.328731579882614,23.804163000701482,14.690138566189715,14.690138566189713,4.275712289497861,14.701093485085336
50,1,Bass,0,0,6.861407826405007,6.861407826405007,23.86516003129207,6.966658975189319,11.323873727500622,11.323873727500622,37.958604582968256,11.334004302611202,4.462465901095615,4.462465901095615,14.093444551676185,4.367345327421883
50,2,Drums,0,0,27.080026637231672,27.080026637231672,38.20897374677894,27.42917744613395,28.732039212719947,28.732039212719954,74.38518071701732,28.732155919616957,1.6520125754882748,1.652012575488282,36.17620697023838,1.3029784734830088
51,0,Vocal,0,0,9.450090375526221,9.450090375526221,42.98503460526237,9.45223329585777,9.09329907049013,9.09329907049013,46.95812319601677,9.0940962846015,-0.3567913050360918,-0.3567913050360918,3.9730885907544007,-0.35813701125626984
51,1,Bass,0,0,7.389442384332306,7.389442384332306,25.577000336123085,7.467877840081143,12.243972569646147,12.243972569646147,44.1525903643918,12.246938731053163,4.85453018531384,4.85453018531384,18.575590028268714,4.77906089097202
51,2,Drums,0,0,27.958830786602633,27.958830786602633,45.026054080919735,28.045137622884596,32.36583157111747,32.36583157111747,54.902521417776875,32.39012703163685,4.407000784514835,4.407000784514835,9.87646733685714,4.344989408752255
52,0,Vocal,0,0,8.188209024371547,8.188209024371547,42.12168212313313,8.190231025343918,14.199086306294454,14.199086306294454,35.25612531095661,14.234560242508786,6.010877281922907,6.010877281922907,-6.865556812176514,6.044329217164869
52,1,Bass,0,0,7.345380608511629,7.345380608511629,24.039431411229245,7.456467639834354,11.112373546351975,11.112373546351977,35.081383280928364,11.131169443556066,3.766992937840346,3.7669929378403477,11.041951869699119,3.674701803721712
52,2,Drums,0,0,30.41832927600351,30.41832927600351,44.229785139398736,30.6029193681597,32.1262748345936,32.1262748345936,52.70606697352653,32.16446412250599,1.7079455585900902,1.7079455585900902,8.476281834127796,1.56154475434629
53,0,Vocal,0,0,11.576582428982379,11.576582428982379,47.9386605796521,11.577655612797496,6.77470154999111,6.77470154999111,28.97833756819006,6.806418592839681,-4.801880878991269,-4.801880878991269,-18.96032301146204,-4.771237019957815
53,1,Bass,0,0,9.04268384089523,9.04268384089523,25.572418556291453,9.152357501023165,12.267186972448211,12.26718697244821,38.41927183500745,12.278358123110822,3.224503131552982,3.2245031315529804,12.846853278715997,3.1260006220876573
53,2,Drums,0,0,28.584042671745152,28.584042671745152,40.59460934618659,28.86675635252352,33.3931264432133,33.3931264432133,54.18554334113114,33.42947456057724,4.809083771468146,4.809083771468146,13.59093399494455,4.56271820805372
54,0,Vocal,0,0,11.635393513252472,11.635393513252472,35.2790984051882,11.65548924182567,5.236156923584061,5.236156923584061,28.20288869802281,5.264709903542258,-6.399236589668411,-6.399236589668411,-7.07620970716539,-6.390779338283412
54,1,Bass,0,0,8.650972404575985,8.650972404575985,25.469649047455466,8.754581398012032,12.144421183230232,12.144421183230232,40.04176550611773,12.151904602430438,3.4934487786542476,3.4934487786542476,14.572116458662261,3.397323204418406
54,2,Drums,0,0,30.07949906593764,30.07949906593764,67.69926391592035,30.08024801081168,32.84789491129862,32.84789491129862,56.56166255281814,32.8664053471239,2.7683958453609776,2.7683958453609776,-11.137601363102213,2.786157336312222
55,0,Vocal,0,0,7.104013301408536,7.104013301408536,51.66322725966779,7.104194150129651,7.857901088339173,7.857901088339173,42.84788732028783,7.859501891545996,0.7538877869306377,0.7538877869306377,-8.81533993937996,0.7553077414163454
55,1,Bass,0,0,10.042743864233037,10.042743864233037,28.251766324069656,10.115331460814435,15.631444112927477,15.631444112927475,41.20369584701088,15.643827697416874,5.58870024869444,5.588700248694439,12.95192952294122,5.5284962366024395
55,2,Drums,0,0,32.205730324351734,32.205730324351734,55.77691073459418,32.22486460435824,35.30260951320932,35.30260951320932,87.56575580986231,35.30262897472571,3.096879188857585,3.096879188857585,31.788845075268128,3.0777643703674684
56,0,Vocal,0,0,21.403489133991016,21.403489133991016,47.92149681611305,21.413249408849776,23.801765170374072,23.801765170374072,43.742778373642544,23.846190780478842,2.3982760363830558,2.3982760363830558,-4.178718442470505,2.4329413716290667
56,1,Bass,0,0,21.64153957001843,21.64153957001843,29.8878528966332,22.350527992969162,26.69951501248933,26.69951501248933,45.294801392256716,26.760068940151818,5.057975442470898,5.057975442470898,15.406948495623517,4.409540947182656
56,2,Drums,0,0,23.727167700497006,23.727167700497006,40.406622602731055,23.821868283120395,17.91714422936968,17.91714422936968,65.16264794245038,17.917226820938666,-5.810023471127327,-5.810023471127327,24.756025339719322,-5.904641462181729
57,0,Vocal,0,0,18.829593791115144,18.829593791115144,27.265759871474557,19.50967544780704,22.06069118803805,22.06069118803805,47.30189822218729,22.073776039808223,3.2310973969229053,3.2310973969229053,20.036138350712733,2.564100592001182
57,1,Bass,0,0,24.26306823010885,24.263068230108846,33.73302946990493,24.785572961091205,30.672655531639673,30.672655531639673,45.83448558742174,30.807129862144713,6.409587301530824,6.409587301530827,12.101456117516811,6.021556901053508
57,2,Drums,0,0,24.310995844192288,24.310995844192288,33.616115142022274,24.855003047845,22.837986334136918,22.837986334136918,45.0238015870013,22.864455413120535,-1.4730095100553697,-1.4730095100553697,11.407686444979028,-1.9905476347244644
58,0,Vocal,0,0,16.171616448896163,16.171616448896163,54.57191781488981,16.172257327211106,17.428720780354546,17.428720780354546,59.07052541925256,17.42902051302146,1.2571043314583825,1.2571043314583825,4.498607604362753,1.2567631858103532
58,1,Bass,0,0,22.50378629934343,22.50378629934343,32.94447912011178,22.917247822554558,28.634249134199283,28.634249134199283,47.633415447577214,28.689349173420744,6.130462834855852,6.130462834855852,14.688936327465434,5.772101350866187
58,2,Drums,0,0,24.88964074779986,24.88964074779986,52.99807126106347,24.89637879689417,14.011086777374926,14.011086777374926,32.08091989740984,14.082042207110792,-10.878553970424933,-10.878553970424933,-20.91715136365363,-10.814336589783377
59,0,Vocal,0,0,18.670153147157308,18.670153147157308,27.29351953451014,19.319632225527506,22.95449119717938,22.95449119717938,44.43496974638602,22.985634577484877,4.284338050022072,4.284338050022072,17.141450211875878,3.6660023519573706
59,1,Bass,0,0,25.285069944317556,25.285069944317556,34.498582613769656,25.84105654116632,30.60389899334535,30.60389899334535,47.78671403184794,30.68785076080164,5.318829049027794,5.318829049027794,13.288131418078287,4.846794219635321
59,2,Drums,0,0,20.760663894102738,20.760663894102738,29.346556370985326,21.413091559636808,13.54221097287156,13.54221097287156,33.78254344404839,13.58531497474312,-7.218452921231178,-7.218452921231178,4.4359870730630675,-7.827776584893687
60,0,Vocal,0,0,21.503218059556243,21.50321805955624,46.76645408167033,21.516251982354156,20.41981688877344,20.41981688877344,52.1095077194843,20.422785505816034,-1.0834011707828033,-1.0834011707827997,5.343053637813966,-1.0934664765381221
60,1,Bass,0,0,21.11667935536975,21.11667935536975,28.459837766754674,22.007918300830344,27.426508093280333,27.426508093280333,47.983350902796545,27.464940616556568,6.309828737910582,6.309828737910582,19.52351313604187,5.457022315726224
60,2,Drums,0,0,24.2883925640814,24.2883925640814,43.56979118799344,24.340130259481217,16.261415812623415,16.261415812623415,50.92576782602296,16.262934510363237,-8.026976751457983,-8.026976751457983,7.355976638029524,-8.07719574911798
61,0,Vocal,0,0,17.84204165989416,17.84204165989416,62.10733614478805,17.842205034099855,19.67140166817494,19.67140166817494,60.552065016897586,19.671756834649592,1.82936000828078,1.82936000828078,-1.5552711278904638,1.829551800549737
61,1,Bass,0,0,24.713930807862702,24.713930807862702,34.0612894756361,25.25216837319015,29.190797694627832,29.190797694627832,56.610256230501605,29.19867409820524,4.47686688676513,4.47686688676513,22.548966754865504,3.9465057250150934
61,2,Drums,0,0,21.830730386591036,21.830730386591036,48.09527431931039,21.841072136469762,24.32384635976753,24.32384635976753,66.30736210713306,24.32411879774367,2.4931159731764936,2.4931159731764936,18.212087787822668,2.4830466612739066
62,0,Vocal,0,0,25.357872101800044,25.357872101800044,47.045634181892346,25.387497114256345,18.93645026502489,18.936450265024888,55.69191199667762,18.9373773223527,-6.421421836775153,-6.421421836775156,8.646277814785272,-6.450119791903646
62,1,Bass,0,0,13.318755240980966,13.318755240980966,24.28034146381745,13.697708871631631,19.018450677885212,19.018450677885212,34.27633730248313,19.151456207165825,5.699695436904246,5.699695436904246,9.995995838665678,5.453747335534194
62,2,Drums,0,0,31.71552192605472,31.71552192605472,47.27147298947807,31.838146834290256,35.687669630886354,35.687669630886354,55.38041911277955,35.734539229802095,3.9721477048316345,3.9721477048316345,8.108946123301479,3.896392395511839
63,0,Vocal,0,0,15.407677819902512,15.407677819902512,36.57667995462156,15.441936197682246,16.73630927144861,16.73630927144861,45.85384874362746,16.741739397985086,1.3286314515460997,1.3286314515460997,9.277168789005898,1.29980320030284
63,1,Bass,0,0,23.197863706652797,23.197863706652797,35.773995191591794,23.445873584901907,22.579097984763447,22.579097984763447,45.593483928137424,22.600964708788233,-0.6187657218893499,-0.6187657218893499,9.81948873654563,-0.8449088761136743
63,2,Drums,0,0,28.326363096830164,28.326363096830164,40.31992543534815,28.610239786940227,13.925667380318467,13.925667380318467,45.25639453846266,13.928994426051345,-14.400695716511697,-14.400695716511697,4.936469103114504,-14.681245360888882
64,0,Vocal,0,0,14.315741829333561,14.315741829333561,49.24309743880691,14.317188762906936,22.735927223281095,22.735927223281095,50.792870076780986,22.742751195102954,8.420185393947534,8.420185393947534,1.5497726379740726,8.425562432196019
64,1,Bass,0,0,12.284812542848037,12.284812542848037,22.689602169648868,12.722970190873951,18.78650995372618,18.78650995372618,46.251778172501076,18.794404158781752,6.501697410878144,6.501697410878144,23.56217600285221,6.071433967907801
64,2,Drums,0,0,34.28755962055882,34.28755962055882,49.942582823841526,34.40734415935574,13.824325224068648,13.824325224068648,68.47222006645485,13.82434068057642,-20.46323439649017,-20.46323439649017,18.529637242613326,-20.583003478779318
65,0,Vocal,0,0,16.01851930916164,16.01851930916164,42.034053386868486,16.029673071641746,12.931193981021183,12.931193981021181,57.8955434243344,12.931338353839454,-3.087325328140457,-3.0873253281404587,15.861490037465913,-3.0983347178022917
65,1,Bass,0,0,15.698990296468134,15.698990296468134,27.878458831560312,15.977286675112094,22.052893902008925,22.052893902008922,52.22362828765344,22.057096307719114,6.353903605540792,6.353903605540788,24.345169456093128,6.07980963260702
65,2,Drums,0,0,30.686856907482607,30.686856907482607,43.05853750776771,30.94619335039626,29.80043119234404,29.80043119234404,54.53296015578164,29.815075032050714,-0.8864257151385679,-0.8864257151385679,11.474422648013928,-1.1311183183455462
66,0,Vocal,0,0,16.35363780702085,16.35363780702085,59.71186316574631,16.353841591059737,17.506001307482304,17.506001307482304,60.82805940521737,17.5062050727266,1.1523635004614547,1.1523635004614547,1.1161962394710585,1.152363481666864
66,1,Bass,0,0,10.453967467178998,10.453967467178998,20.20873704603085,10.980860327420856,15.789092077290885,15.789092077290887,25.736948418331526,16.26407380598783,5.335124610111887,5.3351246101118885,5.5282113723006745,5.283213478566974
66,2,Drums,0,0,33.25438432794026,33.25438432794026,44.11058741100198,33.626629395039785,28.861568704386972,28.861568704386972,76.03662880594301,28.86165119587114,-4.392815623553286,-4.392815623553286,31.92604139494103,-4.764978199168645
67,0,Vocal,0,0,-4.146883347923885,-4.146883347923884,23.98067170483461,-4.122866914738531,14.703727063995249,14.703727063995249,46.44827211558179,14.706614352030599,18.850610411919135,18.850610411919135,22.467600410747178,18.82948126676913
67,1,Bass,0,0,14.1147804737774,14.1147804737774,24.52384980805703,14.544491176800456,19.580579546393338,19.580579546393338,57.409889720510236,19.581302826021194,5.465799072615939,5.465799072615939,32.88603991245321,5.036811649220738
67,2,Drums,0,0,37.42227256103934,37.42227256103934,48.55445937092217,37.770549817882,17.63474336609829,17.63474336609829,49.01542839349855,17.637959106948973,-19.78752919494105,-19.78752919494105,0.4609690225763856,-20.132590710933027
68,0,Vocal,0,0,10.093558328733954,10.093558328733954,34.88670280372959,10.109394104036687,24.183084022399413,24.183084022399413,59.597756664277696,24.184308934289614,14.08952569366546,14.08952569366546,24.711053860548105,14.074914830252927
68,1,Bass,0,0,13.228931544971198,13.228931544971198,23.60151105495663,13.665924544545112,19.60729406880027,19.60729406880027,34.88700203133947,19.73942013905704,6.3783625238290735,6.3783625238290735,11.285490976382839,6.073495594511927
68,2,Drums,0,0,34.35850232753717,34.35850232753717,45.199264060635954,34.732093348616864,16.581963898477692,16.581963898477692,37.33230610796583,16.619459489888207,-17.776538429059475,-17.776538429059475,-7.866957952670127,-18.112633858728657
69,0,Vocal,0,0,17.303873799004243,17.303873799004243,42.450810420398746,17.317416369252754,21.48305459854285,21.48305459854285,55.931503376466544,21.48462120470814,4.1791807995386065,4.1791807995386065,13.480692956067799,4.167204835455387
69,1,Bass,0,0,16.80471692045035,16.804716920450346,26.746511841144198,17.277983693342634,23.111418618200755,23.11141861820075,71.3884419970008,23.111482674739232,6.306701697750405,6.306701697750405,44.6419301558566,5.833498981396598
69,2,Drums,0,0,28.51696036925445,28.51696036925445,37.4668429323828,29.109354636337585,25.597259282370572,25.597259282370572,54.130244376796696,25.603367740966057,-2.919701086883876,-2.919701086883876,16.6634014444139,-3.505986895371528
70,0,Vocal,0,0,12.083105998547971,12.083105998547971,38.95579283000549,12.092589694829353,25.044420890934347,25.044420890934347,60.7566639214465,25.04557289648963,12.961314892386376,12.961314892386376,21.80087109144101,12.952983201660278
70,1,Bass,0,0,16.230375023852357,16.23037502385236,28.221882952448205,16.520530318400585,20.46295246102718,20.46295246102718,33.959455617011166,20.663318236281665,4.232577437174822,4.232577437174818,5.737572664562961,4.14278791788108
70,2,Drums,0,0,26.79454523763353,26.79454523763353,37.47868731345541,27.183127202113745,28.116937708285654,28.116937708285654,50.47970350873878,28.142254283798888,1.322392470652126,1.322392470652126,13.00101619528337,0.9591270816851427
71,0,Vocal,0,0,8.687571660248546,8.687571660248546,39.977184003657975,8.691236059844003,24.16747920368699,24.16747920368699,58.8770803789475,24.168935579992592,15.479907543438445,15.479907543438445,18.899896375289522,15.477699520148589
71,1,Bass,0,0,18.849214572134922,18.849214572134922,25.35889530898978,19.95971854279228,23.10628867179368,23.10628867179368,32.547705358374884,23.63301998963966,4.257074099658759,4.257074099658759,7.188810049385104,3.673301446847379
71,2,Drums,0,0,27.019828836084848,27.01982883608485,35.83305055748426,27.632887753392975,25.553984496685583,25.553984496685583,51.70755065512593,25.564555880689795,-1.4658443393992648,-1.4658443393992684,15.874500097641665,-2.0683318727031796
72,0,Vocal,0,0,25.91168943281894,25.91168943281894,46.41998864713638,25.950592167191306,13.148021935264316,13.148021935264316,43.39934114455608,13.152321049245042,-12.763667497554623,-12.763667497554623,-3.020647502580296,-12.798271117946264
72,1,Bass,0,0,4.937194001617119,4.9371940016171205,15.470777978224607,5.460845461072925,9.894025262610196,9.894025262610196,25.382798672311573,10.031065963793413,4.956831260993077,4.956831260993075,9.912020694086966,4.570220502720488
72,2,Drums,0,0,25.890416928339025,25.890416928339025,33.94799453286136,26.63080949871132,30.137952780378274,30.137952780378274,51.11016185090093,30.172841610387508,4.247535852039249,4.247535852039249,17.16216731803957,3.542032111676189
73,0,Vocal,0,0,20.20172553815915,20.201725538159145,42.46530962248564,20.2278359398004,25.66648617941752,25.66648617941752,65.70050748914296,25.666914086728944,5.464760641258373,5.464760641258376,23.235197866657323,5.439078146928544
73,1,Bass,0,0,8.894536212383654,8.894536212383654,26.061863463831276,8.989466108132797,13.750747030038399,13.750747030038399,34.64221382072646,13.787752329576023,4.856210817654745,4.856210817654745,8.580350356895185,4.798286221443226
73,2,Drums,0,0,25.811092808411097,25.811092808411097,32.551474859946886,26.847236501885604,25.977849258077867,25.977849258077867,55.45106735496212,25.98276651468696,0.16675644966677083,0.16675644966677083,22.899592495015234,-0.8644699871986425
74,0,Vocal,0,0,29.58820339231002,29.588203392310028,50.6454942317341,29.62240698402516,21.24558774022724,21.24558774022724,52.25495601582179,21.249055213765324,-8.342615652082781,-8.342615652082788,1.6094617840876921,-8.373351770259838
74,1,Bass,0,0,11.261097426451343,11.261097426451343,21.986405201260695,11.672478594661051,16.664134603247533,16.664134603247533,37.816736649389725,16.698279396277783,5.4030371767961896,5.4030371767961896,15.83033144812903,5.025800801616732
74,2,Drums,0,0,16.91580027608164,16.91580027608164,28.40780033854645,17.24155128107205,18.856036070442126,18.856036070442126,57.463358824492644,18.85663731808912,1.9402357943604862,1.9402357943604862,29.055558485946193,1.6150860370170719
75,0,Vocal,2324,0,-50.011483560916176,-50.011483560916176,-16.502292853909662,-33.416272813008405,-2.4577542201769047,-2.457754220176903,22.920768936005963,-2.423185257136256,47.553729340739274,47.553729340739274,39.42306178991562,30.993087555872147
75,1,Bass,0,0,8.896661776029376,8.896661776029376,24.449307094164503,9.034865059778882,12.17729462417416,12.17729462417416,40.79087952278148,12.183635814509033,3.2806328481447835,3.2806328481447835,16.341572428616978,3.148770754730151
75,2,Drums,0,0,35.93268423886087,35.93268423886087,51.77465883389857,36.04732577340725,18.174686298679564,18.174686298679564,40.348682218731504,18.201492811513468,-17.75799794018131,-17.75799794018131,-11.425976615167066,-17.845832961893784
76,0,Vocal,0,0,25.173287304227102,25.173287304227102,49.909366650551725,25.187948451752703,22.36691633792602,22.36691633792602,50.669147000933854,22.37337768610015,-2.806370966301081,-2.806370966301081,0.7597803503821297,-2.8145707656525545
76,1,Bass,0,0,6.203538702269935,6.203538702269935,22.878291170788167,6.320276480015675,10.187196593488046,10.187196593488046,43.210362110157945,10.189568952295364,3.9836578912181118,3.9836578912181118,20.33207093936978,3.869292472279689
76,2,Drums,0,0,29.833496822912583,29.833496822912583,49.569638209367966,29.87993834764406,26.886526428990326,26.88652642899033,77.89027033565722,26.886559339592605,-2.946970393922257,-2.9469703939222534,28.320632126289254,-2.9933790080514555
77,0,Vocal,0,0,21.80860056507486,21.80860056507486,65.25535435003306,21.808797186542492,26.734633268420097,26.734633268420097,60.4428659635884,26.736483227472068,4.926032703345239,4.926032703345239,-4.812488386444656,4.927686040929576
77,1,Bass,0,0,8.935156983041395,8.935156983041393,24.136817780779275,9.085002138389516,13.097437789434416,13.097437789434416,39.84418007014178,13.107082548424314,4.162280806393021,4.162280806393023,15.707362289362507,4.022080410034798
77,2,Drums,0,0,24.28990428192209,24.28990428192209,29.90363236578029,25.6882883194821,29.401007278841107,29.401007278841107,48.13440171068157,29.45960026970517,5.111102996919016,5.111102996919016,18.230769344901283,3.771311950223069
78,0,Vocal,0,0,26.41837165822043,26.41837165822043,50.589232941044536,26.43506142408823,27.254171354074348,27.254171354074348,71.7165710690104,27.254323782817863,0.8357996958539182,0.8357996958539182,21.127338127965864,0.8192623587296346
78,1,Bass,0,0,2.458346089607656,2.458346089607656,15.025629973921212,2.8401523795443087,6.5390391864759065,6.5390391864759065,26.54470130326032,6.592241629226246,4.08069309686825,4.08069309686825,11.51907132933911,3.752089249681937
78,2,Drums,0,0,24.234865385185937,24.234865385185937,32.24526286087715,24.984901139833,27.492836892205442,27.492836892205442,49.000464202430685,27.523689662990506,3.257971507019505,3.257971507019505,16.755201341553537,2.538788523157507
79,0,Vocal,0,0,24.45003688608537,24.45003688608537,44.08032476239717,24.49775276819063,12.24150203783924,12.24150203783924,49.605747519117344,12.242346362330945,-12.208534848246131,-12.208534848246131,5.525422756720175,-12.255406405859684
79,1,Bass,0,0,7.450225889454252,7.450225889454252,17.31756944131493,8.002598397284261,14.362407714830018,14.362407714830018,32.52529238829564,14.431641981497839,6.912181825375766,6.912181825375766,15.20772294698071,6.429043584213577
79,2,Drums,0,0,22.766690742353486,22.766690742353486,30.040670587720413,23.671835342694227,26.86929904528627,26.86929904528627,42.86933128314353,26.9800032864009,4.102608302932783,4.102608302932783,12.828660695423117,3.3081679437066747
80,0,Vocal,0,0,8.490226292488783,8.490226292488783,24.41524114563148,8.61834344204794,18.7006185241535,18.7006185241535,56.77426333502085,18.701302955693173,10.210392231664718,10.210392231664718,32.359022189389364,10.082959513645232
80,1,Bass,0,0,-4.5142000151332935,-4.5142000151332935,7.540334321575602,-3.530047529261619,-2.1981514547171863,-2.1981514547171863,17.87600225715129,-2.084992783275899,2.316048560416107,2.316048560416107,10.335667935575685,1.4450547459857201
80,2,Drums,0,0,25.518734775632616,25.518734775632616,30.69399748689008,27.09459483962086,29.06342447634372,29.06342447634372,47.550955446431345,29.125459305372353,3.5446897007111033,3.5446897007111033,16.856957959541266,2.030864465751492
81,0,Vocal,0,0,3.6339685996819733,3.6339685996819733,22.63155017382605,3.7126498915051185,9.171748683335366,9.171748683335366,34.06535905249505,9.18754802548103,5.537780083653393,5.537780083653393,11.433808878668998,5.474898133975912
81,1,Bass,0,0,-0.20817728222236656,-0.20817728222236656,13.263100144753553,0.1918114826222407,2.0230661285985105,2.0230661285985105,21.336804835660935,2.1060365367944622,2.231243410820877,2.231243410820877,8.073704690907382,1.9142250541722214
81,2,Drums,0,0,30.97949517399684,30.97949517399684,43.37839727926034,31.237146943252235,33.093503524182616,33.093503524182616,56.914360309834024,33.111561477788406,2.1140083501857774,2.1140083501857774,13.535963030573683,1.8744145345361716
82,0,Vocal,0,0,8.976976209526843,8.976976209526844,23.724167456191992,9.143423670297588,16.45841162157583,16.45841162157583,34.141393020497205,16.534765945347278,7.481435412048988,7.481435412048986,10.417225564305213,7.3913422750496895
82,1,Bass,0,0,-3.3039969279460593,-3.3039969279460593,7.471079113073207,-2.209389321870407,-0.43576855884234217,-0.4357685588423427,26.811902214969095,-0.418536468211333,2.868228369103717,2.8682283691037167,19.340823101895886,1.790852853659074
82,2,Drums,0,0,23.780327092135984,23.780327092135984,32.37328398721455,24.42908900553948,25.236603223241868,25.236603223241868,80.09458244498398,25.236615265254322,1.4562761311058843,1.4562761311058843,47.721298457769436,0.8075262597148409
83,0,Vocal,0,0,9.46279217022067,9.46279217022067,26.356915275185994,9.562540582855867,15.41728441520958,15.41728441520958,33.978307777533956,15.479936103613028,5.954492244988909,5.954492244988909,7.6213925023479625,5.917395520757161
83,1,Bass,0,0,-1.9777910848418667,-1.9777910848418667,10.296377347341423,-1.3247958043517525,3.5708643494259515,3.570864349425953,30.71687434584181,3.5829317336946365,5.548655434267818,5.54865543426782,20.420496998500386,4.907727538046389
83,2,Drums,0,0,23.257043630803395,23.257043630803395,29.49459358258562,24.44133261145066,31.10450822472152,31.10450822472152,59.05942057300556,31.11146844133382,7.847464593918126,7.847464593918126,29.56482699041994,6.670135829883158
84,0,Vocal,0,0,7.682264086396823,7.682264086396824,22.53936305255159,7.850699651411841,19.952756140472733,19.95275614047273,82.76696678913649,19.952756654304125,12.270492054075909,12.270492054075905,60.227603736584896,12.102057002892284
84,1,Bass,0,0,-3.8052869935022215,-3.8052869935022215,7.870323117638098,-2.842605856680183,-1.1579910982851036,-1.1579910982851036,23.777480291011305,-1.1258690456830067,2.647295895217118,2.647295895217118,15.907157173373207,1.7167368109971763
84,2,Drums,0,0,27.1305813864485,27.1305813864485,35.97847330757257,27.7383794151865,29.38389611589188,29.38389611589188,71.68710444510998,29.38414799698242,2.253314729443378,2.253314729443378,35.70863113753741,1.6457685817959202
85,0,Vocal,0,0,8.389335008210978,8.389335008210978,24.146409633753066,8.522944882871592,19.45131036455943,19.45131036455943,56.01458262729335,19.45227759309407,11.061975356348452,11.061975356348452,31.868172993540284,10.929332710222479
85,1,Bass,0,0,0.4318231844741483,0.4318231844741483,11.643063221959915,1.0612608385940112,2.5352998792886563,2.5352998792886567,24.391957165748423,2.579483082081355,2.103476694814508,2.1034766948145083,12.748893943788508,1.5182222434873436
85,2,Drums,0,0,23.106003182431373,23.106003182431373,31.301441565647252,23.82277806605885,24.886638565046624,24.88663856504663,51.77787031842925,24.89555953004561,1.7806353826152517,1.7806353826152588,20.476428752782,1.072781463986761
86,0,Vocal,0,0,7.358408000612171,7.358408000612171,22.323008739781578,7.52448689597755,15.901752358539982,15.901752358539982,41.2453302455032,15.914785129651257,8.543344357927811,8.543344357927811,18.92232150572162,8.390298233673708
86,1,Bass,-504,0,-2.8933640000614167,-2.8933640000614167,22.87393588177393,-2.859489560023831,0.09798082760980836,0.09798082760980836,27.503068034943006,0.11359224872849838,2.991344827671225,2.991344827671225,4.629132153169074,2.973081808752329
86,2,Drums,0,0,24.476075007085218,24.476075007085218,32.84047474038422,25.162398155655712,29.588443797665356,29.588443797665356,67.68482234005137,29.589113215431592,5.112368790580138,5.112368790580138,34.84434759966715,4.42671505977588
87,0,Vocal,0,0,8.31726459485568,8.317264594855677,22.76974156664226,8.498807314969453,18.407317936021045,18.407317936021045,56.527870505877615,18.40799598263467,10.090053341165365,10.090053341165367,33.758128939235355,9.909188667665218
87,1,Bass,0,0,-2.834727882133505,-2.834727882133504,8.47409372871831,-1.9238917587629003,-0.7613315248922914,-0.7613315248922902,23.881340948397774,-0.7286623277847302,2.0733963572412133,2.0733963572412137,15.407247219679464,1.1952294309781701
87,2,Drums,0,0,23.03531627014799,23.03531627014799,30.346501227299193,23.93163752637235,30.334456621134713,30.334456621134713,58.54242736779723,30.34102365013751,7.299140350986722,7.299140350986722,28.195926140498038,6.409386123765163
88,0,Vocal,0,0,15.91514017301316,15.915140173013162,43.65835528488483,15.922634602769538,17.629289238196293,17.62928923819629,72.94384502641319,17.629300295992667,1.7141490651831326,1.7141490651831273,29.28548974152836,1.7066656932231297
88,1,Bass,0,0,9.404567438602559,9.404567438602559,26.48251551527504,9.500274920125376,12.969078592749261,12.969078592749261,37.51147835945798,12.985134782489853,3.564511154146702,3.564511154146702,11.028962844182942,3.484859862364477
88,2,Drums,0,0,28.108322962747287,28.108322962747287,34.45741511034599,29.255064867325732,33.99605758131243,33.99605758131243,53.56239230277226,34.044326038263,5.8877346185651405,5.8877346185651405,19.10497719242627,4.789261170937269
89,0,Vocal,0,0,22.216399299739926,22.216399299739926,61.867254372143336,22.216871772288425,28.834669689024395,28.834669689024395,82.74202928426593,28.83468254857362,6.6182703892844685,6.6182703892844685,20.87477491212259,6.6178107762851965
89,1,Bass,0,0,8.18181462939907,8.181814629399069,22.30274145651446,8.378786175000853,11.62302881328924,11.62302881328924,35.48878027772817,11.642124484518474,3.4412141838901693,3.441214183890171,13.186038821213707,3.2633383095176214
89,2,Drums,0,0,25.94790354434184,25.94790354434184,33.99303897732756,26.690588921239645,24.89018374063274,24.89018374063274,42.59080547857488,24.964798597764847,-1.0577198037091016,-1.0577198037091016,8.597766501247321,-1.725790323474797
90,0,Vocal,0,0,16.07498731387386,16.074987313873855,42.02725615583126,16.08630226953809,25.0684413704607,25.0684413704607,72.3642078470081,25.068514968734704,8.993454056586842,8.993454056586845,30.336951691176843,8.982212699196612
90,1,Bass,0,0,7.8802307629499335,7.8802307629499335,22.85866373541132,8.04291927932331,11.806117622515483,11.806117622515481,40.8560621314787,11.811882069637804,3.9258868595655496,3.925886859565548,17.997398396067382,3.768962790314493
90,2,Drums,0,0,27.9785026357591,27.978502635759096,32.88825962395002,29.673996821338747,34.31130766235307,34.31130766235307,51.23813492887841,34.400366612895546,6.332805026593974,6.332805026593977,18.34987530492839,4.726369791556799
91,0,Vocal,0,0,22.097714178263995,22.097714178263995,53.66963768053517,22.100756914650503,26.52609198795947,26.52609198795947,56.835098070540305,26.530144500476766,4.428377809695476,4.428377809695476,3.165460390005137,4.429387585826262
91,1,Bass,0,0,8.457860411232245,8.457860411232245,22.006480020616905,8.681333982904357,12.194428688021388,12.194428688021388,38.089270262427014,12.2062932414577,3.736568276789143,3.736568276789143,16.08279024181011,3.524959258553343
91,2,Drums,0,0,25.222317862372,25.222317862372,32.64800726827354,26.09129080524569,29.490029502108115,29.490029502108115,45.68212103375529,29.595789146845558,4.267711639736113,4.267711639736113,13.034113765481749,3.5044983415998665
92,0,Vocal,0,0,25.961476547600945,25.961476547600945,47.85219872782831,25.989736104432097,27.41060946729453,27.410609467294535,71.79664953768088,27.410763116980466,1.4491329196935858,1.4491329196935894,23.94445080985257,1.4210270125483682
92,1,Bass,0,0,4.8283937518173845,4.828393751817385,16.792624954561354,5.203813231605423,13.06334918771876,13.063349187718762,30.850129643876546,13.139816769983753,8.234955435901377,8.234955435901377,14.057504689315191,7.93600353837833
92,2,Drums,0,0,25.246083616113406,25.246083616113406,32.32053210535127,26.196795738882305,29.085270094228246,29.085270094228246,40.964134360580175,29.37694362281444,3.83918647811484,3.83918647811484,8.643602255228906,3.180147883932136
93,0,Vocal,0,0,14.721668414333102,14.721668414333102,42.48778388309339,14.729182531104122,22.62724860732684,22.627248607326838,60.85189632245477,22.62790049317243,7.905580192993739,7.905580192993735,18.364112439361378,7.898717962068307
93,1,Bass,0,0,7.44503958407864,7.44503958407864,22.849912328940214,7.594461740117221,6.371165977282065,6.371165977282065,34.19472982083296,6.379993020011808,-1.0738736067965755,-1.0738736067965755,11.344817491892748,-1.2144687201054127
93,2,Drums,0,0,30.179604746483882,30.179604746483882,35.227770310970286,31.809694376435253,34.90509891429819,34.90509891429819,53.88196026864361,34.96042830439501,4.725494167814311,4.725494167814311,18.654189957673324,3.150733927959756
94,0,Vocal,0,0,20.563179421073713,20.563179421073713,65.74610234740064,20.563311033579428,20.33219981755055,20.33219981755055,63.39418495396957,20.332415159537206,-0.2309796035231635,-0.2309796035231635,-2.3519173934310658,-0.230895874042222
94,1,Bass,0,0,8.35227955034772,8.35227955034772,22.85662816213258,8.531451845400522,12.297057762629533,12.297057762629533,81.55596788750991,12.297057763559438,3.944778212281813,3.944778212281813,58.69933972537733,3.7656059181589168
94,2,Drums,0,0,24.64717569305129,24.64717569305129,29.075663538316725,26.595525732895588,24.037659409001016,24.037659409001016,50.125326941045515,24.048405068217825,-0.6095162840502759,-0.6095162840502759,21.04966340272879,-2.547120664677763
95,0,Vocal,0,0,11.512005099556637,11.512005099556637,44.336989332400556,11.514430524692433,18.12578723082466,18.125787230824663,60.93194105982094,18.126012031485207,6.613782131268023,6.613782131268026,16.594951727420387,6.611581506792774
95,1,Bass,0,0,9.012808795272173,9.012808795272173,27.588913025008207,9.08107075584655,12.170753497873756,12.170753497873756,35.224990631994984,12.193606317188792,3.1579447026015828,3.1579447026015828,7.6360776069867775,3.1125355613422414
95,2,Drums,0,0,29.710808262062194,29.710808262062194,37.97242987358435,30.413343194229792,26.726133625725698,26.726133625725698,50.81511996216844,26.743139935581368,-2.9846746363364964,-2.9846746363364964,12.842690088584085,-3.6702032586484243
96,0,Vocal,0,0,17.16763951030942,17.16763951030942,39.86335270965597,17.191495993125564,15.699436076442696,15.699436076442696,55.818052308879544,15.69986950767887,-1.4682034338667247,-1.4682034338667247,15.954699599223574,-1.4916264854466945
96,1,Bass,0,0,16.861232619180477,16.861232619180477,23.78860303261697,17.864169821426263,20.260717705351023,20.260717705351023,28.494148968471297,20.97366531814167,3.3994850861705466,3.3994850861705466,4.705545935854328,3.1094954967154074
96,2,Drums,0,0,27.08409925386263,27.08409925386263,31.453339361780923,29.06397483210516,16.564216765255754,16.564216765255754,32.03442987662961,16.69196007404759,-10.519882488606875,-10.519882488606875,0.581090514848686,-12.37201475805757
97,0,Vocal,0,0,17.26769557124503,17.26769557124503,35.92289759885245,17.328404321569913,6.86998025067199,6.86998025067199,35.03465149019698,6.877974397277309,-10.397715320573042,-10.397715320573042,-0.8882461086554727,-10.450429924292603
97,1,Bass,-1,0,19.015224595181486,19.015224595181486,30.42604009399323,19.344912614243036,21.913283304132563,21.913283304132563,40.187489337054046,21.978803450813555,2.8980587089510763,2.8980587089510763,9.761449243060817,2.6338908365705187
97,2,Drums,0,0,24.73969147831493,24.739691478314928,31.008512206357896,25.912834212377366,10.68942551012981,10.68942551012981,26.359212520079748,10.818789265956328,-14.050265968185121,-14.050265968185117,-4.649299686278148,-15.094044946421038
98,0,Vocal,0,0,27.99973158461638,27.99973158461638,38.849044220852846,28.37298981495531,17.505273124676318,17.505273124676318,53.71792152691458,17.506330126421258,-10.494458459940063,-10.494458459940063,14.868877306061734,-10.866659688534053
98,1,Bass,0,0,8.298712080785467,8.298712080785467,14.488160297795877,9.645073137094979,14.070236869557133,14.070236869557133,31.360111421760323,14.155233837760438,5.771524788771666,5.771524788771666,16.871951123964443,4.510160700665459
98,2,Drums,0,0,21.85959341840343,21.859593418403428,28.597285360546422,22.900042131701305,13.077364805316636,13.077364805316636,37.87956049492615,13.09246963742898,-8.782228613086795,-8.782228613086792,9.28227513437973,-9.807572494272325
99,0,Vocal,0,0,17.20308906297664,17.20308906297664,35.805357780230004,17.264564241918087,5.763449298661486,5.763449298661486,31.803123453971285,5.777138767675838,-11.439639764315155,-11.439639764315155,-4.002234326258719,-11.487425474242249
99,1,Bass,-1,0,19.087633507127183,19.087633507127183,30.38298844047845,19.426484382619876,21.967362484403168,21.967362484403168,40.43111352475222,22.0300595589171,2.8797289772759846,2.8797289772759846,10.04812508427377,2.6035751762972232
99,2,Drums,0,0,24.559427775715406,24.559427775715406,31.080633020555428,25.657380944865082,19.589648724766626,19.589648724766626,52.16310008753781,19.592076618621103,-4.96977905094878,-4.96977905094878,21.082467066982385,-6.065304326243979
100,0,Vocal,0,0,7.256531391431339,7.256531391431339,16.020158401086253,7.983258789278937,5.231849383887215,5.231849383887215,41.88905658674485,5.233058808627385,-2.024682007544124,-2.024682007544124,25.868898185658598,-2.7501999806515514
100,1,Bass,0,0,9.334363949670758,9.334363949670758,17.44308238944807,10.141144448904809,13.002649896535647,13.002649896535647,36.6703879630671,13.022288580240192,3.6682859468648896,3.6682859468648896,19.22730557361903,2.8811441313353825
100,2,Drums,0,0,33.65496193843744,33.65496193843744,77.88186959270197,33.65512001946647,29.08268520314387,29.08268520314387,62.7522350500798,29.08455136671119,-4.572276735293567,-4.572276735293567,-15.129634542622178,-4.570568652755284
101,0,Vocal,0,0,16.052617023916337,16.052617023916337,28.437474136913448,16.317150235311374,20.366350089808215,20.366350089808215,81.23618844919916,20.36635014288759,4.313733065891878,4.313733065891878,52.79871431228571,4.049199907576217
101,1,Bass,0,0,14.214881443915692,14.214881443915692,22.641821055342128,14.91194224199569,18.44270003216712,18.44270003216712,49.15251728089751,18.446441794656934,4.227818588251429,4.227818588251429,26.510696225555385,3.5344995526612433
101,2,Drums,0,0,30.692215746769776,30.692215746769772,41.046352523955285,31.112505391693027,35.39667431904579,35.3966743190458,61.36674421312645,35.407667644276714,4.7044585722760175,4.704458572276028,20.320391689171167,4.295162252583687
102,0,Vocal,0,0,16.147944187056908,16.147944187056908,23.186618438066514,17.12568570084445,11.505555452801213,11.505555452801213,45.20359082994069,11.507539491199188,-4.642388734255695,-4.642388734255695,22.016972391874173,-5.618146209645262
102,1,Bass,1,0,9.821076928938142,9.821076928938142,15.504283850267306,11.309606027272705,16.24885041112352,16.24885041112352,21.66185362861726,17.75077046227696,6.427773482185378,6.427773482185378,6.157569778349952,6.441164435004255
102,2,Drums,0,0,32.628181850481155,32.62818185048116,49.334767376271564,32.721941814453125,34.575975977056814,34.575975977056814,59.800532197415905,34.58903500105269,1.9477941265756584,1.9477941265756513,10.46576482114434,1.8670931865995684
103,0,Vocal,0,0,25.965975854008413,25.965975854008413,38.64124608687463,26.207701385306695,28.630549265101187,28.630549265101187,88.59622969258395,28.630549803631066,2.664573411092775,2.664573411092775,49.954983605709316,2.422848418324371
103,1,Bass,1,0,9.777943922098869,9.777943922098869,16.078669526640223,11.043663413657434,12.625385120282115,12.625385120282115,25.50465774645613,12.86736505051004,2.8474411981832457,2.8474411981832457,9.425988219815906,1.823701636852606
103,2,Drums,0,0,20.441302258069143,20.44130225806915,28.509674757819333,21.18406432482186,29.231298441303842,29.231298441303842,54.17106326442594,29.245258959185723,8.789996183234699,8.789996183234692,25.661388506606606,8.061194634363861
104,0,Vocal,0,0,-12.810454377974171,-12.810454377974171,18.06750116737761,-12.739660423269068,3.8091946032668007,3.8091946032668,24.275995981260646,3.8645569033061644,16.61964898124097,16.61964898124097,6.208494813883036,16.60421732657523
104,1,Bass,0,0,0.953539515054012,0.953539515054012,18.01468578124141,1.1078953526554676,2.6004542042977743,2.6004542042977743,28.2963137196322,2.6185946738838184,1.6469146892437623,1.6469146892437623,10.281627938390788,1.5106993212283508
104,2,Drums,0,0,40.520798600654224,40.520798600654224,67.97159458698127,40.528604536011116,41.724953510087474,41.724953510087474,79.04051736544011,41.72574262399653,1.2041549094332495,1.2041549094332495,11.068922778458841,1.1971380879854152
105,0,Vocal,0,0,7.131631911741781,7.131631911741781,34.249138893910775,7.141706195914363,24.52445848569328,24.52445848569328,67.1987051005039,24.52468546057282,17.3928265739515,17.3928265739515,32.949566206593126,17.382979264658456
105,1,Bass,0,0,4.810120703607263,4.810120703607261,21.612619199742518,4.931621433408863,6.787057437139663,6.787057437139663,25.927328053492413,6.851398314099695,1.9769367335324004,1.9769367335324022,4.314708853749895,1.919776880690832
105,2,Drums,0,0,26.758622320758164,26.758622320758164,42.016283980663914,26.890286855502875,31.41974881809802,31.41974881809802,69.83940021297657,31.42037097038312,4.661126497339858,4.661126497339858,27.823116232312657,4.530084114880246
106,0,Vocal,0,0,1.6296648900932145,1.6296648900932154,29.288261715564715,1.6422304644718413,17.066381682106087,17.066381682106087,75.76826027643578,17.066383927380343,15.436716792012872,15.436716792012872,46.47999856087107,15.424153462908501
106,1,Bass,0,0,0.8963415721014106,0.89634157210141,17.451509801555186,1.070820562738692,3.53298874091183,3.532988740911832,35.86358691214493,3.5366543659384346,2.6366471688104194,2.636647168810422,18.412077110589745,2.4658338031997427
106,2,Drums,0,0,35.22737852821874,35.22737852821874,49.45276037202129,35.39475794721519,36.27213486028731,36.27213486028731,59.947683407352876,36.29080446410303,1.044756332068566,1.044756332068566,10.494923035331588,0.8960465168878429
107,0,Vocal,0,0,12.308139061078371,12.308139061078371,63.842586968008135,12.308170932918301,27.871318614263863,27.871318614263863,56.558805840419296,27.877192524532234,15.563179553185492,15.563179553185492,-7.2837811275888384,15.569021591613932
107,1,Bass,0,0,4.982478235301199,4.9824782353012,21.185843799264088,5.120772374322053,7.956041566347257,7.956041566347257,34.84890167727357,7.966353989266834,2.9735633310460576,2.9735633310460567,13.663057878009479,2.8455816149447806
107,2,Drums,0,0,28.146307352151236,28.146307352151236,36.942821189914035,28.761644170671534,33.689516621786936,33.689516621786936,46.838452537918016,33.90519073733331,5.5432092696357,5.5432092696357,9.895631348003981,5.143546566661772
108,0,Vocal,0,0,8.186265945368433,8.186265945368433,45.29250259155667,8.187239760441173,18.645994840770488,18.645994840770488,40.761968438317744,18.67311899360526,10.459728895402055,10.459728895402055,-4.530534153238925,10.485879233164088
108,1,Bass,0,0,0.42929715064716767,0.42929715064716767,18.004022521090267,0.5741091455700404,3.3559131971404126,3.3559131971404126,77.69829298499154,3.355913329326224,2.926616046493245,2.926616046493245,59.694270463901276,2.7818041837561838
108,2,Drums,0,0,30.270382240344112,30.270382240344112,54.70108609275171,30.286080029818102,31.209394254268737,31.209394254268737,71.6783999764696,31.209781422227575,0.939012013924625,0.939012013924625,16.977313883717898,0.9237013924094732
109,0,Vocal,0,0,0.9509482068540362,0.9509482068540362,27.311629090238178,0.9690570718786217,19.59066564468194,19.59066564468194,51.053719053875845,19.593793363548613,18.639717437827905,18.639717437827905,23.742089963637667,18.62473629166999
109,1,Bass,0,0,1.93933872798487,1.93933872798487,17.865637309245436,2.122157460468275,5.230376408302249,5.230376408302249,51.04074799345412,5.230524497045956,3.2910376803173786,3.2910376803173786,33.17511068420868,3.108367036577681
109,2,Drums,0,0,32.844529815582135,32.844529815582135,52.97097729744812,32.886938331542666,21.75032981267207,21.75032981267207,52.090061797456485,21.75437444984391,-11.094200002910064,-11.094200002910064,-0.8809154999916373,-11.132563881698754
110,0,Vocal,0,0,6.455799368869888,6.4557993688698865,31.057330923273547,6.474281731935995,19.685994540432514,19.685994540432514,66.9536471809752,19.68607278877688,13.230195171562626,13.230195171562627,35.89631625770165,13.211791056840884
110,1,Bass,0,0,4.981088988649595,4.981088988649594,21.81413091838275,5.100591455619572,7.6742264592612255,7.6742264592612255,86.49671478477808,7.674226461032674,2.6931374706116307,2.6931374706116316,64.68258386639533,2.5736350054131023
110,2,Drums,0,0,28.135167099244235,28.135167099244235,52.96604056067316,28.149490085830276,32.52457595007492,32.52457595007492,62.36682945439703,32.529080431420496,4.389408850830684,4.389408850830684,9.40078889372387,4.37959034559022
111,0,Vocal,0,0,6.4345327303438795,6.4345327303438795,35.72795993405642,6.440807112985745,22.25750865858862,22.25750865858862,55.19336572266318,22.25972695499063,15.822975928244741,15.822975928244741,19.46540578860676,15.818919842004885
111,1,Bass,0,0,2.127631198322961,2.127631198322961,19.15809178070359,2.2669450765754537,5.767160854963746,5.7671608549637465,58.80411674676484,5.767188106170079,3.6395296566407844,3.6395296566407853,39.64602496606125,3.500243029594625
111,2,Drums,0,0,29.81716569210961,29.81716569210961,42.15039508662092,30.078928446993093,32.849093723535894,32.849093723535894,53.40421671177562,32.8874984763239,3.0319280314262826,3.0319280314262826,11.2538216251547,2.808570029330806
112,0,Vocal,0,0,18.3404248797546,18.3404248797546,43.665230998822025,18.35337321269781,25.160491883692714,25.16049188369272,52.309412342628605,25.168893234570312,6.820067003938114,6.820067003938121,8.64418134380658,6.815520021872501
112,1,Bass,0,0,13.499324679523435,13.499324679523435,27.07826168302809,13.7026291063571,18.366688284562372,18.366688284562372,40.28342302229121,18.3951172942438,4.867363605038937,4.867363605038937,13.205161339263121,4.692488187886699
112,2,Drums,0,0,26.16903723637446,26.16903723637446,35.09383900424049,26.76566983472789,26.714118860856765,26.714118860856765,47.07881873122532,26.75431867431567,0.5450816244823038,0.5450816244823038,11.984979726984825,-0.011351160412221617
113,0,Vocal,0,0,21.612636352723786,21.612636352723786,54.50451878707494,21.614882556103503,28.730917556176145,28.730917556176145,64.94127517570264,28.7319518294837,7.118281203452359,7.118281203452359,10.4367563886277,7.117069273380199
113,1,Bass,0,0,11.15222178858823,11.15222178858823,27.368173146244736,11.265233860884226,15.51097748868014,15.51097748868014,37.208074567467776,15.541284265598527,4.35875570009191,4.35875570009191,9.83990142122304,4.276050404714301
113,2,Drums,0,0,29.302025567387116,29.302025567387116,50.75801221520543,29.333229773969357,26.837711276665637,26.837711276665637,70.66879512209697,26.83788985920117,-2.464314290721479,-2.464314290721479,19.910782906891534,-2.495339914768188
114,0,Vocal,0,0,13.455942507390034,13.455942507390034,37.32967694343101,13.474581235379224,25.796496463902017,25.796496463902017,58.06024727578095,25.799072700492644,12.340553956511982,12.340553956511982,20.73057033234994,12.32449146511342
114,1,Bass,0,0,11.724770204613925,11.724770204613923,27.23755654457781,11.856754845489657,20.10739442378631,20.10739442378631,41.056563634300396,20.142778037967183,8.382624219172385,8.382624219172387,13.819007089722586,8.286023192477526
114,2,Drums,0,0,26.918284969838044,26.918284969838044,37.08524820957797,27.35854649319741,25.14565423694869,25.14565423694869,71.88023472875169,25.145745653237412,-1.772630732889354,-1.772630732889354,34.79498651917372,-2.2128008399599963
115,0,Vocal,0,0,20.010363573630418,20.010363573630418,45.02874437682568,20.024196053602683,26.518115291932137,26.518115291932137,76.5051290079845,26.51815375124713,6.507751718301719,6.507751718301719,31.476384631158815,6.493957697644447
115,1,Bass,0,0,11.802400789316938,11.802400789316938,24.469125462506614,12.059514456676695,16.16474181545136,16.16474181545136,34.46554427149835,16.230998818372118,4.362341026134423,4.362341026134423,9.996418808991738,4.171484361695423
115,2,Drums,0,0,24.604813240856508,24.604813240856508,33.780411379407184,25.166266822481596,27.807433666507286,27.807433666507286,46.71527992789655,27.863733562106013,3.202620425650778,3.202620425650778,12.93486854848937,2.697466739624417
116,0,Vocal,0,0,20.749385523606513,20.749385523606513,46.10067731203148,20.76217570609565,26.551960851131653,26.55196085113166,59.64287154248238,26.55409220650846,5.80257532752514,5.8025753275251475,13.542194230450903,5.79191650041281
116,1,Bass,0,0,12.526388135174605,12.526388135174605,24.937088903197846,12.797036162929762,16.711577022462677,16.711577022462674,34.726064813260905,16.782188270472602,4.1851888872880725,4.185188887288069,9.788975910063058,3.9851521075428398
116,2,Drums,0,0,23.970516904794476,23.970516904794476,34.19338555524994,24.40567225641152,25.06219481792401,25.06219481792401,43.07975691980967,25.131507153312796,1.0916779131295336,1.0916779131295336,8.886371364559729,0.7258348969012758
117,0,Vocal,0,0,17.77703642923742,17.77703642923742,43.799642461624906,17.788082383942232,25.033956561512902,25.033956561512895,58.99382244263103,25.035701751649633,7.256920132275482,7.256920132275475,15.194179981006123,7.247619367707401
117,1,Bass,0,0,12.941354991653714,12.941354991653714,27.56543954721204,13.101351551604319,17.986208326338204,17.986208326338204,39.996657014704596,18.014065053653336,5.04485333468449,5.04485333468449,12.431217467492555,4.912713502049018
117,2,Drums,0,0,25.800194973397183,25.800194973397183,35.82018869430074,26.25668957327063,27.151854534407917,27.151854534407917,48.33372966023666,27.185125666017402,1.3516595610107345,1.3516595610107345,12.513540965935924,0.9284360927467716
118,0,Vocal,0,0,20.445678123343853,20.445678123343853,68.03256649932335,20.445753251492967,27.82809092353752,27.82809092353752,77.04031376327285,27.828135986403453,7.382412800193666,7.382412800193666,9.007747263949497,7.382382734910486
118,1,Bass,0,0,11.857913513982774,11.857913513982776,24.855699115652584,12.095511317963062,16.331745151052765,16.331745151052765,39.24756412126992,16.35451021019107,4.47383163706999,4.473831637069988,14.391865005617333,4.258998892228007
118,2,Drums,0,0,28.29045323967883,28.29045323967883,36.92951522378978,28.930229570233784,29.293142086176417,29.293142086176417,47.32730243313969,29.362054414344655,1.0026888464975876,1.0026888464975876,10.397787209349914,0.43182484411087074
119,0,Vocal,0,0,20.873084378861137,20.873084378861137,44.83187567448986,20.890714706352963,25.059826008849914,25.059826008849914,59.596279320553556,25.06135353821806,4.186741629988777,4.186741629988777,14.764403646063698,4.170638831865098
119,1,Bass,0,0,12.157888039225371,12.157888039225373,27.417193894235908,12.297094479030665,16.288788179656027,16.288788179656027,46.1337146552666,16.29339646761356,4.130900140430656,4.130900140430654,18.716520761030694,3.9963019885828963
119,2,Drums,0,0,27.11184702050726,27.11184702050726,39.53740059896691,27.368161452495684,25.71682849221531,25.71682849221531,52.646524367544274,25.725666114614274,-1.3950185282919492,-1.3950185282919492,13.109123768577362,-1.6424953378814102
120,0,Vocal,0,0,13.231599145170694,13.231599145170694,33.7794286933915,13.271869676113791,16.528178176250016,16.528178176250016,53.75576302042777,16.529017818615504,3.2965790310793217,3.2965790310793217,19.97633432703627,3.2571481425017126
120,1,Bass,0,0,8.648786266292085,8.648786266292088,29.78776623428988,8.686884163047617,12.842872030582784,12.842872030582784,40.975333327367444,12.849900193925736,4.1940857642906995,4.194085764290696,11.187567093077565,4.163016030878119
120,2,Drums,0,0,24.141228542332463,24.141228542332463,30.384023736155143,25.3229798001516,19.236513750959418,19.236513750959418,41.106402728650686,19.265177777186082,-4.904714791373046,-4.904714791373046,10.722378992495543,-6.057802022965518
121,0,Vocal,0,0,10.480020297631734,10.480020297631734,33.393911217680476,10.50426647663497,7.800789025532825,7.800789025532825,36.35842206092568,7.807850957280626,-2.6792312720989093,-2.6792312720989093,2.9645108432452076,-2.6964155193543435
121,1,Bass,0,0,6.645940644550925,6.645940644550924,25.405329452144173,6.716609373849346,13.38171050342702,13.38171050342702,51.12257032273731,13.382474444844135,6.735769858876094,6.735769858876095,25.717240870593137,6.665865070994789
121,2,Drums,0,0,25.960843614017378,25.960843614017378,35.929344081312074,26.423039641644543,19.66848567777397,19.66848567777397,42.33037158518431,19.692331791605795,-6.292357936243409,-6.292357936243409,6.4010275038722355,-6.730707850038748
122,0,Vocal,0,0,3.845636817915383,3.8456368179153815,30.402677787475874,3.859199187167957,-1.7549259098553343,-1.754925909855335,51.13542585079274,-1.7548730640858992,-5.600562727770717,-5.600562727770717,20.73274806331687,-5.614072251253856
122,1,Bass,0,0,7.84728531002389,7.8472853100238895,25.926060262200032,7.926492712119765,13.397798441680207,13.397798441680205,37.36291512812133,13.416059264473688,5.5505131316563165,5.550513131656316,11.436854865921298,5.489566552353923
122,2,Drums,0,0,29.367836524579044,29.367836524579047,37.46247283342568,30.100420350522313,34.93375606823707,34.93375606823707,45.530273545013884,35.32994878323428,5.565919543658023,5.565919543658019,8.067800711588205,5.229528432711966
123,0,Vocal,0,0,9.014828783942255,9.014828783942257,28.731022754561195,9.067252818207617,10.441964372325645,10.441964372325643,43.62771981310683,10.444238068747406,1.4271355883833898,1.4271355883833863,14.896697058545634,1.3769852505397893
123,1,Bass,0,0,8.19396544868077,8.19396544868077,26.300684249861224,8.271817698744883,13.71732946804294,13.717329468042943,36.25974530640783,13.742609106723695,5.523364019362171,5.523364019362173,9.959061056546606,5.470791407978812
123,2,Drums,0,0,27.11407235140598,27.11407235140598,33.724678897193144,28.18519140478301,31.499686611313372,31.499686611313372,42.7487877796661,31.838518109957704,4.385614259907392,4.385614259907392,9.024108882472959,3.6533267051746954
124,0,Vocal,0,0,3.4858651211058485,3.4858651211058485,31.151754448004432,3.4966343808977274,8.641389665645669,8.641389665645665,39.669049715775245,8.645284911527925,5.15552454453982,5.155524544539817,8.517295267770812,5.1486505306301975
124,1,Bass,0,0,7.4720833660917805,7.4720833660917805,26.83324898070704,7.531683707146981,11.823672645928678,11.823672645928678,34.702699365140724,11.847581849953798,4.351589279836897,4.351589279836897,7.869450384433684,4.315898142806817
124,2,Drums,0,0,28.928048787127988,28.928048787127988,37.55184538749373,29.570131129237073,25.3550108061245,25.3550108061245,47.60577299883457,25.381027131121762,-3.5730379810034876,-3.5730379810034876,10.05392761134084,-4.189103998115311
125,0,Vocal,0,0,13.217844452088194,13.217844452088197,34.4277628504355,13.252405038387348,13.90599468248536,13.90599468248536,79.03527258772726,13.905995568099119,0.6881502303971665,0.6881502303971629,44.607509737291764,0.6535905297117708
125,1,Bass,0,0,8.686388169863623,8.686388169863623,28.63285224473701,8.736525959772779,14.441390913952441,14.441390913952441,37.75412245065685,14.462420335906652,5.755002744088818,5.755002744088818,9.121270205919842,5.725894376133873
125,2,Drums,0,0,25.564882687393716,25.564882687393716,32.78844386517717,26.479716919504952,12.008518254838016,12.008518254838016,41.12956259229449,12.014173434504631,-13.5563644325557,-13.5563644325557,8.341118727117319,-14.465543485000321
126,0,Vocal,0,0,12.418544464062265,12.418544464062267,28.648043758762668,12.52919632825229,7.149780792598798,7.149780792598798,43.22337485493638,7.1510599906612775,-5.268763671463467,-5.268763671463469,14.575331096173713,-5.3781363375910125
126,1,Bass,0,0,9.802702795379476,9.802702795379478,29.79366398562785,9.85099404018481,15.215382051994997,15.215382051994997,38.271122593375125,15.237570448725542,5.412679256615521,5.412679256615519,8.477458607747277,5.386576408540732
126,2,Drums,0,0,25.857442524676337,25.857442524676337,32.89757005144894,26.81625286930069,29.08846796599593,29.08846796599593,39.50556949000568,29.50256060811551,3.231025441319595,3.231025441319595,6.607999438556746,2.6863077388148184
127,0,Vocal,0,0,11.816831369020262,11.816831369020262,34.54954205734106,11.841564015097978,-0.062245258046223946,-0.062245258046223946,62.14421031933369,-0.062240268810085056,-11.879076627066485,-11.879076627066485,27.59466826199263,-11.903804283908062
127,1,Bass,0,0,7.180534948560649,7.180534948560649,25.85674407393548,7.251104759418383,12.215414598651929,12.215414598651925,34.259223375338756,12.244255048217823,5.03487965009128,5.034879650091276,8.402479301403275,4.99315028879944
127,2,Drums,0,0,27.919983071267588,27.919983071267588,36.734147501271245,28.532685542411688,31.895909965955337,31.895909965955337,51.033522426183865,31.94923339500634,3.975926894687749,3.975926894687749,14.29937492491262,3.4165478525946504
128,0,Vocal,0,0,20.750741910095552,20.750741910095552,43.340227559755576,20.77493023477534,24.33650724940489,24.33650724940489,53.602772987654326,24.341663926643548,3.5857653393093365,3.5857653393093365,10.26254542789875,3.566733691868208
128,1,Bass,0,0,18.67556111693814,18.67556111693814,33.06997471811898,18.83852921573867,14.318799881519041,14.318799881519041,42.44381964948669,14.325740041307318,-4.3567612354191,-4.3567612354191,9.373844931367714,-4.512789174431353
128,2,Drums,0,0,24.320714224192134,24.320714224192134,33.215658166441486,24.922476455312296,28.040337719818915,28.040337719818915,46.025975396532964,28.110055245952175,3.719623495626781,3.719623495626781,12.810317230091478,3.187578790639879
129,0,Vocal,0,0,18.9252700179834,18.9252700179834,34.12300272449562,19.060194462783244,23.16911591150319,23.16911591150319,66.03203371006518,23.169334751756438,4.24384589351979,4.24384589351979,31.909030985569558,4.109140288973194
129,1,Bass,0,0,17.345258242139426,17.345258242139426,31.54393683952491,17.516687391363266,21.665523027996866,21.665523027996866,40.2618587627239,21.726349030626185,4.3202647858574394,4.3202647858574394,8.717921923198986,4.209661639262919
129,2,Drums,0,0,30.14448511863273,30.14448511863273,40.74932733963066,30.540137021657657,31.03580747708564,31.03580747708564,48.93234935612108,31.106928952002487,0.8913223584529106,0.8913223584529106,8.183022016490419,0.5667919303448308
130,0,Vocal,0,0,18.13481662657367,18.13481662657367,37.74831552400682,18.183276745502162,23.384151198512715,23.384151198512715,60.73342858534573,23.384946715016078,5.249334571939045,5.249334571939045,22.985113061338907,5.201669969513915
130,1,Bass,0,0,16.084887884805642,16.084887884805642,31.345781273727194,16.219365580834452,15.918800987068082,15.918800987068082,38.70302049085031,15.942321581195603,-0.1660868977375607,-0.1660868977375607,7.357239217123112,-0.27704399963884896
130,2,Drums,0,0,29.042960461274415,29.042960461274415,39.28043442823962,29.475443513720705,31.135471070574564,31.135471070574564,50.24180094403779,31.189191031854726,2.092510609300149,2.092510609300149,10.961366515798169,1.7137475181340207
131,0,Vocal,0,0,19.33418044124685,19.33418044124685,37.58886932200003,19.400334129660685,18.4721350622901,18.4721350622901,48.169349083764985,18.476857206473852,-0.8620453789567506,-0.8620453789567506,10.580479761764956,-0.9234769231868327
131,1,Bass,0,0,20.55823565778693,20.55823565778693,36.09162997133707,20.682497233155598,22.921288973424865,22.921288973424865,45.768694883094554,22.944006425165576,2.3630533156379343,2.3630533156379343,9.677064911757483,2.261509192009978
131,2,Drums,0,0,25.960475221648434,25.960475221648437,35.33161426901699,26.495163582484782,16.42734270636795,16.42734270636795,32.88188387860786,16.52895631530661,-9.533132515280485,-9.533132515280489,-2.4497303904091297,-9.966207267178174
132,0,Vocal,0,0,20.05127955141222,20.05127955141222,43.805793175026565,20.069791262326923,25.064313416951485,25.064313416951485,49.97917599012937,25.078376076745407,5.0130338655392634,5.0130338655392634,6.173382815102805,5.008584814418484
132,1,Bass,0,0,17.453055942771712,17.453055942771712,32.72194811175605,17.586423623675778,18.07079458455389,18.070794584553887,42.779184937080466,18.085735384364405,0.6177386417821786,0.6177386417821751,10.057236825324416,0.49931176068862726
132,2,Drums,0,0,26.038160683564474,26.038160683564474,36.72196221528487,26.426921528070135,25.054710693589048,25.054710693589048,53.574310235303,25.060839390531022,-0.9834499899754263,-0.9834499899754263,16.852348020018134,-1.366082137539113
133,0,Vocal,0,0,18.14569633061573,18.14569633061573,48.653948427628904,18.14961796841924,20.28948037165933,20.289480371659327,51.43602355079559,20.29284352617936,2.143784041043599,2.1437840410435953,2.7820751231666847,2.143225557760122
133,1,Bass,0,0,17.694086988356613,17.694086988356613,31.76581905979466,17.87046042631024,22.184188039830044,22.184188039830044,42.8541511444636,22.221793456195478,4.490101051473431,4.490101051473431,11.088332084668941,4.3513330298852395
133,2,Drums,0,0,30.411426626687657,30.411426626687657,51.389918270516894,30.4462626558156,19.53581383552542,19.53581383552542,52.36175382647851,19.538105004890493,-10.875612791162236,-10.875612791162236,0.9718355559616185,-10.908157650925109
134,0,Vocal,0,0,21.976527579054682,21.976527579054682,45.462667749601565,21.996151969799254,23.525186981525195,23.525186981525195,49.70250724860215,23.53571264150728,1.5486594024705127,1.5486594024705127,4.239839499000588,1.5395606717080277
134,1,Bass,0,0,20.421005996226103,20.421005996226103,33.11661815868711,20.663099090163772,24.849609809969706,24.849609809969706,55.038520310355864,24.853781695064043,4.428603813743603,4.428603813743603,21.921902151668753,4.190682604900271
134,2,Drums,0,0,23.661811926669305,23.661811926669305,34.43397050151775,24.04305075240401,20.42804240180624,20.42804240180624,47.5376728282302,20.43657550283617,-3.233769524863064,-3.233769524863064,13.103702326712451,-3.60647524956784
135,0,Vocal,0,0,19.77782704964363,19.777827049643626,35.986170911952804,19.884163914991035,24.421044214135073,24.421044214135073,55.90861576183451,24.424132675764767,4.643217164491443,4.643217164491446,19.922444849881707,4.539968760773732
135,1,Bass,0,0,17.43452209545859,17.434522095458586,32.22942569348801,17.583538071031786,21.901619442852123,21.901619442852123,47.860388104250845,21.912716484437947,4.467097347393533,4.467097347393537,15.630962410762834,4.3291784134061615
135,2,Drums,0,0,28.17939232458105,28.17939232458105,39.184267491300645,28.53893902308274,31.94366731471326,31.943667314713252,51.81299544924634,31.988679642049156,3.7642749901322112,3.764274990132204,12.628727957945692,3.449740618966416
136,0,Vocal,0,0,-4.47058631975511,-4.47058631975511,20.60569239742307,-4.419460689601706,8.195830003780525,8.195830003780522,34.39571092042612,8.207814973459532,12.666416323535636,12.666416323535632,13.790018523003049,12.627275663061239
136,1,Bass,0,0,3.6376494179118337,3.6376494179118337,20.282499192317147,3.7732243530880973,7.184906862108312,7.184906862108312,26.06207150643217,7.25225783619893,3.547257444196478,3.547257444196478,5.779572314115022,3.4790334831108325
136,2,Drums,0,0,37.17719607323262,37.17719607323262,57.645127978043845,37.21633970401139,34.360021223656815,34.360021223656815,64.75682950232317,34.363970737934864,-2.8171748495758067,-2.8171748495758067,7.111701524279326,-2.8523689660765257
137,0,Vocal,0,0,17.152545384284,17.152545384284,42.060680834906435,17.166865072504358,28.229203032621587,28.229203032621587,54.79475775264277,28.238799520377974,11.076657648337587,11.076657648337587,12.734076917736331,11.071934447873616
137,1,Bass,0,0,6.321758337044163,6.321758337044162,20.145673931507567,6.547441931476474,9.273372683309116,9.273372683309116,38.21050453995916,9.279578944215785,2.951614346264953,2.951614346264954,18.064830608451594,2.7321370127393116
137,2,Drums,0,0,18.302610776577733,18.302610776577733,23.570135966806042,19.85417971762154,23.13173173345818,23.13173173345818,40.99994818256661,23.20361305884345,4.829120956880448,4.829120956880448,17.42981221576057,3.3494333412219106
138,0,Vocal,0,0,16.257789160846286,16.257789160846286,46.33505925079868,16.262158091857145,25.01025762625696,25.01025762625696,69.20116001211788,25.010419555533883,8.752468465410672,8.752468465410672,22.866100761319203,8.748261463676737
138,1,Bass,0,0,6.816449619759646,6.816449619759646,20.68697755901647,7.035251394671564,9.14683820809873,9.14683820809873,33.761501356941196,9.163698055069231,2.3303885883390842,2.3303885883390842,13.074523797924726,2.1284466603976675
138,2,Drums,0,0,21.097024393254422,21.097024393254422,24.67419101635016,23.620755245763874,12.014245695976026,12.014245695976026,59.875280865609895,12.014321086761363,-9.082778697278396,-9.082778697278396,35.20108984925973,-11.60643415900251
139,0,Vocal,0,0,15.43857027801199,15.438570278011989,41.48025035701168,15.449696786972627,22.162983393069126,22.162983393069126,47.656921567485,22.175329391216543,6.724413115057136,6.724413115057137,6.176671210473323,6.725632604243916
139,1,Bass,0,0,4.543177390246037,4.543177390246037,18.841971636524832,4.7639869334261356,8.752179881575762,8.752179881575762,46.40603371083738,8.753024476286184,4.209002491329724,4.209002491329724,27.564062074312545,3.989037542860048
139,2,Drums,0,0,22.03496904690285,22.034969046902848,27.576820163645763,23.464011356701935,20.861533287598427,20.861533287598427,59.21106677410539,20.86217273173968,-1.1734357593044251,-1.1734357593044216,31.634246610459627,-2.601838624962255
140,0,Vocal,0,0,17.141560673108696,17.141560673108696,52.79594812050529,17.142764311122246,25.36969798105165,25.36969798105165,52.24745529716212,25.378641573994752,8.228137307942955,8.228137307942955,-0.5484928233431674,8.235877262872506
140,1,Bass,0,0,9.115450869224563,9.115450869224563,23.970622538673517,9.277189040166391,12.724304369032225,12.724304369032225,34.973933657960174,12.751634342311887,3.608853499807662,3.608853499807662,11.003311119286657,3.4744453021454955
140,2,Drums,0,0,19.92121451053509,19.92121451053509,27.086778632503936,20.855923843111917,17.541265947902584,17.541265947902584,43.628367221630526,17.55215932865803,-2.3799485626325065,-2.3799485626325065,16.54158858912659,-3.3037645144538885
141,0,Vocal,0,0,15.609839804531042,15.609839804531042,49.80945851939502,15.611536327948976,23.17536422312323,23.17536422312323,66.40406571149114,23.175568946730746,7.565524418592187,7.565524418592187,16.59460719209612,7.56403261878177
141,1,Bass,0,0,7.215147923623934,7.215147923623933,21.687997486982766,7.402387300165127,11.380872173988028,11.380872173988031,33.678762101329056,11.408394483765802,4.165724250364094,4.165724250364098,11.99076461434629,4.006007183600675
141,2,Drums,0,0,20.164950764198917,20.164950764198917,28.24611950080274,20.90573348196898,23.370429370597336,23.370429370597343,67.06991299481496,23.37061364848852,3.205478606398419,3.205478606398426,38.823793494012214,2.4648801665195386
142,0,Vocal,0,0,11.324337155693442,11.324337155693442,36.166532832034505,11.339651334623575,17.627004543898074,17.627004543898074,53.453598116404436,17.628156078053483,6.3026673882046325,6.3026673882046325,17.28706528436993,6.2885047434299075
142,1,Bass,0,7028,-1.6362249140497256,-1.6362249140497263,14.143243422250208,-1.355764222571916,-2.13025154241161,-2.13025154241161,37.04987895651843,-2.1288710389111016,-0.4940266283618846,-0.49402662836188393,22.90663553426822,-0.7731068163391857
142,2,Drums,0,0,31.410232815010538,31.410232815010538,38.56819024058474,32.3388552825662,33.57958772541318,33.57958772541318,48.1894981990954,33.73253395406307,2.169354910402639,2.169354910402639,9.621307958510656,1.3936786714968719
143,0,Vocal,0,0,0.7904154993668988,0.7904154993668988,21.61367086931641,0.8563406811133154,10.02310825663515,10.02310825663515,54.663065033544115,10.023249950564157,9.23269275726825,9.23269275726825,33.04939416422771,9.16690926945084
143,1,Bass,0,0,5.887843799740352,5.887843799740352,24.543392191931144,5.962667362215481,11.04669777741867,11.04669777741867,45.31322428042952,11.048451109065931,5.1588539776783175,5.1588539776783175,20.76983208849838,5.08578374685045
143,2,Drums,0,0,33.013448641188056,33.013448641188056,37.223993381961776,35.08519926825517,35.91375963816899,35.91375963816899,44.16619243612053,36.61734754169889,2.9003109969809344,2.9003109969809344,6.942199054158756,1.532148273443724
144,0,Vocal,17150,0,-37.68690213387846,-37.68690213387846,15.005951697730591,-37.55259482669053,-3.1186943438097794,-3.118694343809778,38.59065960680767,-3.117829135268784,34.56820779006868,34.56820779006868,23.58470790907708,34.434765691421745
144,1,Bass,0,0,-4.4105097765178645,-4.410509776517867,7.253344181502634,-3.354892829349407,-1.1310210036896444,-1.1310210036896455,18.82790555184433,-1.0304409833892385,3.27948877282822,3.2794887728282216,11.574561370341698,2.3244518459601684
144,2,Drums,0,0,41.35432909923141,41.35432909923142,82.17004830518256,41.35463942301851,25.188676317300228,25.188676317300228,54.086638237538125,25.19429302678825,-16.16565278193118,-16.165652781931193,-28.083410067644436,-16.16034639623026
145,0,Vocal,0,0,0.7325500578494348,0.7325500578494348,17.28570610649044,0.9100589289200414,14.313221656037484,14.313221656037484,44.45810522777012,14.317577817127155,13.580671598188049,13.580671598188049,27.17239912127968,13.407518888207115
145,1,Bass,0,0,-10.359275915502726,-10.359275915502726,1.1706377407251387,-7.578358671003914,-6.483561363359971,-6.483561363359971,26.67681660199994,-6.472138628101623,3.875714552142755,3.875714552142755,25.5061788612748,1.106220042902291
145,2,Drums,0,0,30.482251143948083,30.482251143948076,38.19778558329481,31.288033356787473,34.10229272366269,34.10229272366269,55.45734458854242,34.13420223500999,3.6200415797146093,3.6200415797146164,17.25955900524761,2.846168878222514
146,0,Vocal,0,0,-5.304625978291547,-5.304625978291549,16.726353033884905,-5.186011517163061,10.646065459923786,10.646065459923783,42.66668555857227,10.64902443292519,15.950691438215333,15.950691438215332,25.940332524687364,15.835035950088251
146,1,Bass,0,0,-0.9646091832090892,-0.964609183209088,11.186919106466924,-0.3731063307261824,4.060613740775391,4.060613740775391,37.44961952122695,4.063385505781719,5.02522292398448,5.0252229239844795,26.262700414760026,4.436491836507901
146,2,Drums,0,0,35.319120782045005,35.319120782045005,51.31742292614121,35.42966722960489,24.611146348906694,24.611146348906694,61.75172638597733,24.611987170663816,-10.707974433138311,-10.707974433138311,10.434303459836116,-10.817680058941072
147,0,Vocal,0,0,-1.2135263630122752,-1.2135263630122752,16.833610822988923,-1.0557827670930513,8.595455576520724,8.595455576520724,50.02524451400605,8.595807973006112,9.808981939532998,9.808981939532998,33.191633691017124,9.651590740099163
147,1,Bass,0,0,2.380002922124609,2.380002922124609,16.925087781708516,2.622524799046249,5.351198803941063,5.351198803941064,22.490863488911565,5.460335633844156,2.9711958818164543,2.971195881816455,5.5657757072030485,2.8378108347979074
147,2,Drums,0,0,32.34640916458154,32.34640916458154,54.42255360477051,32.37342335149299,20.079051236671784,20.079051236671784,55.96373795851112,20.08018190336252,-12.267357927909753,-12.267357927909753,1.5411843537406043,-12.29324144813047
148,0,Vocal,0,0,4.2347655281966565,4.234765528196656,21.487221613014743,4.348031734112335,19.025085049596612,19.025085049596612,60.04735888293609,19.025429903740594,14.790319521399955,14.790319521399956,38.56013726992134,14.677398169628258
148,1,Bass,-2359,-2360,-10.265150306597535,-10.265150306597535,31.796831415765862,-10.262009803652543,-8.622865257689947,-8.622865257689947,28.097844490348123,-8.615216672794062,1.6422850489075884,1.6422850489075884,-3.6989869254177385,1.6467931308584802
148,2,Drums,0,0,28.316061001260433,28.316061001260433,33.38014974090109,29.939614121540068,28.309079515167067,28.309079515167067,59.700732677654386,28.31223516320928,-0.006981486093366129,-0.006981486093366129,26.320582936753297,-1.6273789583307874
149,0,Vocal,0,0,3.804398258604516,3.8043982586045164,20.747976116812037,3.92948912118051,18.262597201062597,18.262597201062597,71.53837873758856,18.262615471012275,14.45819894245808,14.45819894245808,50.79040262077652,14.333126349831765
149,1,Bass,0,0,-3.8096024317111077,-3.8096024317111086,7.978551010053389,-2.8700485186331854,-1.907955591137981,-1.907955591137981,18.74429634787738,-1.8128143498502327,1.9016468405731266,1.9016468405731275,10.765745337823992,1.0572341687829527
149,2,Drums,0,0,30.770555921186464,30.770555921186464,41.45858864680491,31.15830579564839,28.28667344725416,28.28667344725416,55.32645224392872,28.295278448561533,-2.4838824739323044,-2.4838824739323044,13.867863597123808,-2.863027347086856
150,0,Vocal,0,0,-0.4617631750301583,-0.4617631750301583,16.793935633791307,-0.2893602342389811,12.131507867881934,12.131507867881933,52.719105442794934,12.131909090852933,12.593271042912093,12.593271042912091,35.92516980900363,12.421269325091913
150,1,Bass,0,0,-10.256370609740026,-10.256370609740026,1.8943081940993851,-7.817664943559209,-5.419880406820727,-5.4198804068207265,22.100383625293937,-5.385492947164328,4.836490202919299,4.8364902029192995,20.206075431194552,2.4321719963948816
150,2,Drums,0,0,31.335972335985876,31.335972335985876,38.615268252925496,32.236186097667755,27.720670125439746,27.720670125439746,52.70573303630452,27.734494580077033,-3.6153022105461297,-3.6153022105461297,14.090464783379026,-4.5016915175907215
151,0,Vocal,0,0,-1.4290457284341798,-1.4290457284341793,14.292347497989297,-1.152437501524814,13.050805438779236,13.050805438779236,35.44017704852401,13.077169071872056,14.479851167213415,14.479851167213415,21.147829550534716,14.22960657339687
151,1,Bass,0,0,-5.938400558722061,-5.938400558722061,4.742529737221913,-4.2937171407879315,-0.3921667860412053,-0.3921667860412042,22.13537064431424,-0.34135071651412296,5.546233772680856,5.546233772680857,17.392840907092328,3.9523664242738086
151,2,Drums,0,0,29.33908370747514,29.33908370747514,38.847008647313245,29.85550366594843,33.70658412771661,33.70658412771661,61.52941917742006,33.71375444217851,4.36750042024147,4.36750042024147,22.682410530106814,3.858250776230083
152,0,Vocal,0,0,15.420112310510547,15.420112310510547,43.927539204672684,15.42641520821091,7.588819754570424,7.588819754570425,37.809754674389794,7.59366795273158,-7.831292555940123,-7.831292555940122,-6.11778453028289,-7.8327472554793305
152,1,Bass,1,0,-2.0554231794550843,-2.0554231794550843,17.582786163181353,-1.9328447752263311,2.150131393228714,2.150131393228714,34.15062982412083,2.154540898172385,4.205554572683798,4.205554572683798,16.567843660939474,4.087385673398716
152,2,Drums,0,0,29.953173966268153,29.953173966268153,38.767893229494575,30.565440084436784,12.719387544933332,12.71938754493333,37.562494728831545,12.734410682444315,-17.23378642133482,-17.233786421334823,-1.20539850066303,-17.831029401992467
153,0,Vocal,0,0,14.59443959046105,14.594439590461048,68.71986110765887,14.594454953732082,9.079496574851687,9.079496574851687,41.73685034663568,9.082142739569393,-5.514943015609363,-5.5149430156093615,-26.983010761023195,-5.512312214162689
153,1,Bass,1,0,1.0989738647943084,1.0989738647943084,22.28679190529376,1.157712495658751,8.250728106807031,8.250728106807031,34.93617358703638,8.261446133479323,7.151754242012723,7.151754242012723,12.649381681742618,7.1037336378205715
153,2,Drums,0,0,29.355032018347572,29.355032018347572,37.641823567364824,30.053216553762574,13.89836252238676,13.89836252238676,34.48426893732352,13.938023639923792,-15.456669495960812,-15.456669495960812,-3.1575546300413038,-16.115192913838783
154,0,Vocal,0,0,13.901429381204935,13.901429381204935,47.43490691007406,13.903431832538065,7.552848655123475,7.552848655123475,47.35138580309072,7.553382731094949,-6.34858072608146,-6.34858072608146,-0.08352110698334059,-6.3500491014431155
154,1,Bass,0,0,-0.5465638602949562,-0.5465638602949545,20.19996095803593,-0.46856038418274026,4.174542962820872,4.174542962820873,28.05588958152469,4.199136560552906,4.721106823115828,4.721106823115827,7.855928623488758,4.667696944735646
154,2,Drums,0,0,29.87874123322353,29.87874123322353,42.36576514985322,30.131114152056266,27.811077302376784,27.811077302376784,59.43390187293501,27.81406573712043,-2.067663930846745,-2.067663930846745,17.068136723081793,-2.3170484149358366
155,0,Vocal,0,0,16.901450772039656,16.901450772039656,61.971439299644125,16.901587295515384,10.393784834687645,10.393784834687645,65.47676898402318,10.39379910526285,-6.5076659373520105,-6.5076659373520105,3.5053296843790562,-6.507788190252533
155,1,Bass,0,0,1.7460000606967077,1.7460000606967083,20.26758038989721,1.848118128750658,11.731702551086403,11.731702551086403,42.026652530704595,11.7360329139065,9.985702490389695,9.985702490389695,21.759072140807387,9.887914785155843
155,2,Drums,0,0,27.859454840972337,27.859454840972337,35.509824926000924,28.679188948750106,12.51089421353894,12.510894213538936,58.899641466538064,12.510999227250952,-15.348560627433397,-15.3485606274334,23.38981654053714,-16.168189721499154
156,0,Vocal,0,0,13.888055904827137,13.888055904827139,42.20878895708977,13.894713594026404,7.430961820282606,7.430961820282605,48.444322879893775,7.431367381823803,-6.457094084544531,-6.457094084544534,6.235533922804002,-6.463346212202602
156,1,Bass,0,0,1.1594126689469242,1.1594126689469242,19.192180051450492,1.2802643489159515,11.341290728367088,11.341290728367087,45.433115660390214,11.34310658821657,10.181878059420164,10.181878059420162,26.240935608939722,10.062842239300618
156,2,Drums,0,0,29.0344526795175,29.0344526795175,39.34354724527821,29.459498632411997,27.0290788703161,27.0290788703161,59.30363149663663,27.03165111839393,-2.0053738092014015,-2.0053738092014015,19.960084251358424,-2.4278475140180653
157,0,Vocal,0,0,18.392420324147086,18.392420324147086,47.228995888412975,18.398181525002496,6.282431050519875,6.282431050519874,33.23197314876572,6.293269167842349,-12.10998927362721,-12.10998927362721,-13.997022739647257,-12.104912357160146
157,1,Bass,0,0,2.710585374008001,2.710585374008001,21.713704448113514,2.794738015041274,0.4418363520012328,0.4418363520012328,41.76258794547473,0.4424450955589395,-2.268749022006768,-2.268749022006768,20.048883497361214,-2.3522929194823345
157,2,Drums,0,0,27.132090208017697,27.132090208017697,34.990474495176315,27.910058329370404,7.221870987855279,7.221870987855279,40.06315223277604,7.224557076873957,-19.910219220162418,-19.910219220162418,5.072677737599726,-20.685501252496447
158,0,Vocal,0,0,9.576595922738202,9.5765959227382,38.79956179611234,9.582364434024873,1.7836612746529312,1.7836612746529312,40.685984480681,1.7845901723727176,-7.792934648085271,-7.792934648085269,1.8864226845686574,-7.7977742616521555
158,1,Bass,0,0,-1.5433300364493143,-1.5433300364493134,17.886971745561603,-1.4234513557019755,8.142382914775384,8.142382914775382,30.287964516500278,8.173024125910024,9.685712951224698,9.685712951224696,12.400992770938675,9.596475481612
158,2,Drums,0,0,36.3843125856176,36.3843125856176,55.437813329248925,36.43863987617525,19.554246843143858,19.554246843143854,43.12333682446885,19.573592903572806,-16.830065742473742,-16.830065742473746,-12.314476504780075,-16.865046972602446
159,0,Vocal,0,0,17.95276329864724,17.95276329864724,53.01319416807015,17.954137928266128,11.657907302635351,11.657907302635353,53.586131304544494,11.658204416280672,-6.29485599601189,-6.294855996011888,0.5729371364743443,-6.2959335119854565
159,1,Bass,0,0,2.4126432001108937,2.4126432001108946,23.21184402298041,2.4696044228789256,11.293114729627934,11.293114729627934,43.91632128501016,11.29566398128095,8.88047152951704,8.88047152951704,20.70447726202975,8.826059558402024
159,2,Drums,0,0,28.989490931606735,28.989490931606735,37.174013905858615,29.705827997272486,32.9059095164401,32.9059095164401,51.51201858163519,32.96620746879754,3.9164185848333624,3.9164185848333624,14.338004675776574,3.260379471525056
160,0,Vocal,0,0,20.651292121403763,20.651292121403763,52.991718390923324,20.653846983765863,27.05629918509347,27.05629918509347,60.780084963710735,27.058139839007275,6.405007063689705,6.405007063689705,7.78836657278741,6.404292855241412
160,1,Bass,0,0,10.714439985929015,10.714439985929015,24.589316892443833,10.911207145571176,12.521844705844785,12.521844705844785,42.49526690172285,12.526460686974199,1.8074047199157697,1.8074047199157697,17.905950009279017,1.615253541403023
160,2,Drums,0,0,21.489271740358614,21.489271740358614,27.54101410013911,22.735969770071527,25.631061424963892,25.631061424963892,44.827997707226274,25.683768535575375,4.141789684605278,4.141789684605278,17.286983607087162,2.9477987655038476
161,0,Vocal,0,0,17.62893517541152,17.62893517541152,45.94141357571057,17.635455037789818,21.23967814719407,21.23967814719407,73.23465318928217,21.239704059812667,3.6107429717825497,3.6107429717825497,27.2932396135716,3.6042490220228487
161,1,Bass,0,0,7.11700147639884,7.117001476398839,24.062840996216536,7.222648198053161,10.088209244325428,10.088209244325428,34.57460619832037,10.10520872782424,2.9712077679265887,2.9712077679265896,10.511765202103831,2.8825605297710784
161,2,Drums,0,0,22.181656137143975,22.181656137143975,28.458405195295114,23.355099659585065,28.243124256707986,28.243124256707986,48.96320679943586,28.280127792311372,6.061468119564012,6.061468119564012,20.504801604140745,4.9250281327263075
162,0,Vocal,0,0,20.947959377453387,20.947959377453387,50.38154786388384,20.952947258952218,11.079187917298611,11.079187917298611,40.468344614513576,11.084579126276283,-9.868771460154775,-9.868771460154775,-9.913203249370262,-9.868368132675934
162,1,Bass,0,0,11.836270470971924,11.836270470971924,27.27285963049905,11.970411621617846,15.715329842078331,15.715329842078331,37.42124492223737,15.7455363603164,3.8790593711064076,3.8790593711064076,10.148385291738322,3.7751247386985547
162,2,Drums,0,0,22.086729831201133,22.086729831201133,31.879676056151936,22.570747014910182,25.696962494116597,25.696962494116597,45.78530632884451,25.739839065684883,3.6102326629154646,3.6102326629154646,13.905630272692576,3.169092050774701
163,0,Vocal,0,0,10.750847406579386,10.750847406579386,42.40250846972561,10.754066387183416,12.556419930169087,12.556419930169087,38.38735125455699,12.568404681268232,1.805572523589701,1.805572523589701,-4.015157215168621,1.8143382940848163
163,1,Bass,0,0,8.195769354795708,8.195769354795708,26.375350038627595,8.272313651331192,10.65611029079497,10.65611029079497,32.75081614132704,10.685308737228658,2.4603409359992625,2.4603409359992625,6.375466102699448,2.4129950858974656
163,2,Drums,0,0,28.25460093657632,28.25460093657632,43.63957081961477,28.382325369507953,31.450990188469895,31.450990188469895,51.06192370315199,31.498777156887027,3.1963892518935744,3.1963892518935744,7.422352883537222,3.1164517873790736
164,0,Vocal,0,0,13.265519105194635,13.265519105194635,41.734471405588145,13.27199200933359,16.090552094159122,16.090552094159122,49.20942799314247,16.092719535402658,2.8250329889644874,2.8250329889644874,7.474956587554324,2.820727526069067
164,1,Bass,0,0,9.423114479908065,9.423114479908065,25.650672482301516,9.539695659380943,13.147795690679576,13.147795690679576,33.75131896429803,13.187585843629108,3.724681210771511,3.724681210771511,8.100646481996513,3.6478901842481655
164,2,Drums,0,0,27.319999934136842,27.319999934136842,39.165841618580274,27.614149693990942,25.25202521158359,25.25202521158359,47.91895089846976,25.275657027717756,-2.0679747225532523,-2.0679747225532523,8.753109279889486,-2.3384926662731864
165,0,Vocal,0,0,13.475279321604619,13.475279321604619,40.956480412964744,13.483390117405381,11.253043445882723,11.253043445882723,34.83545644586727,11.273545173837931,-2.2222358757218963,-2.2222358757218963,-6.1210239670974715,-2.2098449435674503
165,1,Bass,0,0,4.12813811810732,4.12813811810732,22.73201331159349,4.21154084333644,10.708375213757657,10.708375213757655,44.396709339861886,10.710390351373038,6.580237095650337,6.580237095650335,21.664696028268395,6.4988495080365976
165,2,Drums,0,0,30.440524810270837,30.440524810270833,43.15129102345553,30.679847485430507,34.57681856801798,34.57681856801798,51.753130001502484,34.66085185150645,4.13629375774714,4.1362937577471435,8.601838978046956,3.9810043660759433
166,0,Vocal,0,0,5.267831026109966,5.267831026109965,37.19023908918571,5.271448169765084,16.04910551511208,16.049105515112082,43.870748630257516,16.056430236130417,10.781274489002111,10.781274489002117,6.680509541071807,10.784982066365334
166,1,Bass,0,0,10.035035881426168,10.035035881426168,28.119103564065814,10.109769042723224,13.472248308558811,13.472248308558811,39.05360315169273,13.484817303479613,3.4372124271326427,3.4372124271326427,10.934499587626913,3.3750482607563885
166,2,Drums,0,0,37.29347068459457,37.29347068459457,80.1993411938936,37.29366711763327,34.91336728667157,34.91336728667157,89.40163783481358,34.91336761174027,-2.380103397922994,-2.380103397922994,9.202296640919982,-2.3802995058929994
167,0,Vocal,0,0,26.179092033731663,26.179092033731663,49.31436526015396,26.200287977179745,25.85938013754483,25.859380137544832,64.66114147682467,25.85994892865715,-0.3197118961868348,-0.31971189618683127,15.346776216670705,-0.3403390485225941
167,1,Bass,1,0,6.033552659862968,6.033552659862968,18.966171060782273,6.315198677500269,15.132315161139351,15.132315161139347,40.61220102364628,15.145003645925918,9.098762501276383,9.09876250127638,21.646029962864006,8.829804968425648
167,2,Drums,0,0,19.609863051388764,19.609863051388764,25.39863295140631,20.95187114303709,22.5019719725368,22.5019719725368,42.9770299514543,22.541294106153117,2.8921089211480364,2.8921089211480364,17.57839700004799,1.5894229631160286
168,0,Vocal,0,0,30.56951242644837,30.56951242644837,42.99026998517781,30.825827520853576,28.05611422270159,28.05611422270159,64.8459674150992,28.057009632502158,-2.513398203746778,-2.513398203746778,21.855697429921385,-2.7688178883514176
168,1,Bass,0,0,8.288047292277428,8.288047292277426,17.04734514328001,8.993067128509098,20.290220937419225,20.290220937419225,43.15190874024018,20.312918981311178,12.002173645141797,12.002173645141799,26.104563596960173,11.31985185280208
168,2,Drums,0,0,18.759041512381735,18.75904151238173,23.709462938286805,20.451493019439408,15.24775617788264,15.24775617788264,46.27203866548169,15.251289784469193,-3.511285334499096,-3.5112853344990924,22.562575727194883,-5.200203234970214
169,0,Vocal,0,0,14.002177345399147,14.002177345399147,59.53455253747897,14.00230274780441,25.862598382620966,25.862598382620966,72.62639884197921,25.862675703274547,11.860421037221819,11.860421037221819,13.091846304500237,11.860372955470137
169,1,Bass,0,0,10.341648482491468,10.341648482491468,27.441851251923637,10.434981446449115,15.283414952533915,15.283414952533915,45.47266780184713,15.287697386433173,4.941766470042447,4.941766470042447,18.030816549923493,4.8527159399840585
169,2,Drums,0,0,27.5529174993181,27.552917499318102,47.469338884665106,27.59749298762275,30.757964359604145,30.757964359604145,56.38608424719632,30.769869024871646,3.2050468602860462,3.2050468602860427,8.916745362531216,3.1723760372488954
170,0,Vocal,0,0,13.934926623943147,13.934926623943147,41.39248187289376,13.943045453346361,21.830166264647556,21.830166264647552,55.78682305705472,21.8319102941686,7.895239640704409,7.895239640704405,14.394341184160957,7.88886484082224
170,1,Bass,0,0,-0.46543379272660756,-0.46543379272660756,13.64180376317899,-0.10957752501363606,13.23354950133654,13.233549501336544,53.06862122845124,13.234014264617741,13.698983294063147,13.69898329406315,39.42681746527225,13.343591789631377
170,2,Drums,0,0,19.667055800824876,19.667055800824873,24.547559598012644,21.389545133843452,17.824044194695045,17.824044194695045,42.988310968514945,17.83750315999333,-1.8430116061298314,-1.8430116061298278,18.4407513705023,-3.552041973850123
171,0,Vocal,0,0,10.834705155804263,10.834705155804263,55.30494439516055,10.834871547527438,21.809453371135355,21.809453371135362,64.83028253626539,21.80965136322921,10.974748215331092,10.974748215331099,9.52533814110484,10.974779815701773
171,1,Bass,0,0,9.221313783929597,9.221313783929597,26.403858457153614,9.315133925869203,12.370967607898091,12.370967607898093,66.34123860881442,12.370985612618137,3.149653823968494,3.149653823968496,39.937380151660804,3.055851686748934
171,2,Drums,0,0,29.6457263248713,29.6457263248713,54.067377523821925,29.66145592869331,32.409268654737104,32.409268654737104,60.23598743661846,32.41643119485492,2.7635423298658033,2.7635423298658033,6.1686099127965335,2.754975266161612
172,0,Vocal,0,0,10.247530109018166,10.247530109018166,38.32682346258446,10.25493134182135,25.631358019961155,25.631358019961155,52.98820565554973,25.639336009861072,15.383827910942989,15.383827910942989,14.66138219296527,15.384404668039721
172,1,Bass,-213,0,3.028242782811523,3.028242782811523,29.472374947938324,3.043003488274479,6.653029008987189,6.653029008987188,40.26017299098911,6.655330744640942,3.624786226175666,3.624786226175665,10.787798043050788,3.612327256366463
172,2,Drums,0,0,26.430900108038657,26.430900108038657,35.264428503375676,27.041049141269816,22.009574481964982,22.009574481964982,45.865173539820034,22.027596333564965,-4.421325626073674,-4.421325626073674,10.600745036444359,-5.0134528077048515
173,0,Vocal,0,0,-1.2854829923477689,-1.2854829923477684,18.780857406252167,-1.1853753302585837,11.694997496990906,11.694997496990906,42.33393678510918,11.698978516822919,12.980480489338674,12.980480489338674,23.553079378857014,12.884353847081503
173,1,Bass,0,0,-3.0534805820294073,-3.0534805820294064,9.764194980387973,-2.384437677892377,0.18551706969622359,0.18551706969622359,21.072244570930682,0.25486679148375735,3.2389976517256307,3.23899765172563,11.308049590542709,2.6393044693761345
173,2,Drums,0,0,34.29454326023177,34.29454326023177,40.32029904581915,35.54254996662265,21.73118066561905,21.73118066561905,55.786282971789156,21.732896743364044,-12.56336259461272,-12.56336259461272,15.465983925970008,-13.809653223258607
174,0,Vocal,0,0,20.960269351482147,20.960269351482147,48.80172262001342,20.967469470994665,25.505883719735422,25.505883719735422,53.352821257894014,25.513033445229432,4.5456143682532755,4.5456143682532755,4.551098637880592,4.545563974234767
174,1,Bass,0,0,7.477522672571095,7.477522672571093,22.82403876609324,7.628821684278679,13.630901958632089,13.630901958632089,47.25518993669687,13.632868240645433,6.153379286060994,6.153379286060996,24.431151170603634,6.004046556366753
174,2,Drums,0,0,21.00985512299794,21.00985512299794,31.038412952211864,21.467685626921128,27.202993926495967,27.202993926495967,68.50249076672193,27.20331327234461,6.193138803498027,6.193138803498027,37.46407781451007,5.735627645423481
175,0,Vocal,0,0,15.490010098513219,15.490010098513219,53.36191406399534,15.490738175468739,22.013629112224578,22.013629112224578,61.94635478344739,22.01406856427792,6.523619013711359,6.523619013711359,8.584440719452047,6.523330388809182
175,1,Bass,0,0,9.426297509154722,9.426297509154724,26.060952827550395,9.532337036315115,14.508819836948255,14.508819836948257,43.37689400989784,14.514658669067998,5.082522327793534,5.082522327793534,17.315941182347444,4.982321632752884
175,2,Drums,0,0,25.901705142410204,25.901705142410204,40.07822406089282,26.071394862419858,30.488600132505166,30.488600132505166,53.35345584454955,30.511126584193555,4.586894990094962,4.586894990094962,13.275231783656729,4.439731721773697
176,0,Vocal,0,0,9.459901006333858,9.45990100633386,70.68108094394526,9.459904156430635,21.92508372078994,21.92508372078994,49.65864136462965,21.932446624314522,12.46518271445608,12.465182714456079,-21.02243957931561,12.472542467883887
176,1,Bass,0,0,4.907380981074054,4.907380981074054,29.499716847364176,4.927362727144492,8.047258836926135,8.047258836926135,52.17275114338008,8.047452887787186,3.139877855852081,3.139877855852081,22.673034296015906,3.120090160642694
176,2,Drums,0,0,21.94182183948581,21.94182183948581,30.714681254478215,22.5635695181608,25.077362353916513,25.077362353916513,41.49423062998234,25.17792152887894,3.1355405144307014,3.1355405144307014,10.779549375504125,2.6143520107181395
177,0,Vocal,0,0,17.32474389824542,17.324743898245416,54.141796211467145,17.32566338816193,27.572707443192932,27.572707443192932,71.64151016967263,27.57286537658345,10.247963544947513,10.247963544947517,17.499713958205483,10.24720198842152
177,1,Bass,0,0,8.061274022867213,8.061274022867213,27.43046723904598,8.119625470670535,15.440003825454763,15.440003825454763,43.322527582634706,15.447281956178255,7.37872980258755,7.37872980258755,15.892060343588724,7.32765648550772
177,2,Drums,0,0,24.883357820396114,24.883357820396114,44.64564869986926,24.929621766720235,27.900473924861103,27.900473924861103,71.69823561405951,27.90065167156242,3.0171161044649892,3.0171161044649892,27.05258691419025,2.9710299048421867
178,0,Vocal,0,0,14.444059255550188,14.444059255550188,47.634035577415546,14.446217592308923,24.240388069404624,24.240388069404624,54.50274524125709,24.24448867414601,9.796328813854435,9.796328813854435,6.868709663841543,9.798271081837086
178,1,Bass,-1,0,4.632742716325924,4.6327427163259225,24.563496947255665,4.692254888153985,11.89441469543041,11.89441469543041,46.797629497940825,11.895909279815605,7.261671979104485,7.261671979104487,22.23413255068516,7.20365439166162
178,2,Drums,0,0,21.677286816865248,21.677286816865248,36.809000141179276,21.813511283477922,26.78037407251545,26.78037407251545,72.22463293804368,26.78049598100291,5.103087255650202,5.103087255650202,35.41563279686441,4.966984697524989
179,0,Vocal,0,0,17.391379885426254,17.391379885426257,46.47061817926911,17.396848880175156,25.088412352166113,25.088412352166113,58.12862460266409,25.09057120655589,7.697032466739859,7.697032466739856,11.65800642339498,7.693722326380733
179,1,Bass,0,0,5.8782097229586014,5.8782097229586014,24.870542396263573,5.947454935142975,12.722292182813051,12.722292182813051,44.94942671193465,12.72503141754418,6.84408245985445,6.84408245985445,20.078884315671075,6.777576482401205
179,2,Drums,0,0,23.463203866668252,23.463203866668252,43.97630658889945,23.502139070671426,28.52370203783852,28.52370203783852,56.11110091869021,28.531285083424486,5.06049817117027,5.06049817117027,12.134794329790765,5.02914601275306
180,0,Vocal,0,0,12.150082408861829,12.150082408861827,56.06641104941357,12.15026898248963,19.401046586949715,19.401046586949715,54.105550720324025,19.402531299489787,7.2509641780878855,7.250964178087887,-1.9608603290895417,7.252262317000158
180,1,Bass,-1,0,3.5486764789752527,3.5486764789752527,27.14320411058263,3.5760756456301386,7.853646022273057,7.853646022273057,44.167032057523684,7.854827192821373,4.304969543297804,4.304969543297804,17.023827946941054,4.278751547191234
180,2,Drums,0,0,22.334759300868633,22.334759300868633,31.380323024309703,22.915746210663816,15.219681536992136,15.219681536992136,43.8182612187269,15.225862638847849,-7.1150777638764975,-7.1150777638764975,12.4379381944172,-7.689883571815967
181,0,Vocal,0,0,12.704523236959492,12.70452323695949,52.369143856939615,12.705016449937737,21.363273221241037,21.363273221241037,78.28384604882707,21.363273299485705,8.658749984281545,8.658749984281547,25.914702191887457,8.658256849547968
181,1,Bass,0,0,5.515009941583566,5.515009941583566,28.37503472925668,5.543856269084353,13.546432529339329,13.546432529339327,40.05520642219657,13.556573418052356,8.031422587755763,8.031422587755761,11.68017169293989,8.012717148968003
181,2,Drums,0,0,25.257225924007965,25.257225924007965,45.45570241065994,25.299036405924134,30.619472178945504,30.619472178945504,56.865075979516334,30.62979581573966,5.3622462549375385,5.3622462549375385,11.409373568856395,5.330759409815524
182,0,Vocal,0,0,15.980010123373653,15.980010123373653,41.583575473631846,15.992278966995189,14.076301203622748,14.076301203622744,49.720566993456934,14.077531031312082,-1.9037089197509047,-1.9037089197509083,8.136991519825088,-1.9147479356831063
182,1,Bass,0,0,11.818933409322936,11.818933409322936,32.27078123744871,11.860822389473993,17.293341584261867,17.293341584261867,52.717979592165975,17.294609285973003,5.474408174938931,5.474408174938931,20.447198354717266,5.43378689649901
182,2,Drums,0,0,21.077371624787613,21.077371624787613,30.783833869131158,21.572444330855006,28.482306019565243,28.482306019565236,57.060406746296536,28.488338981992772,7.40493439477763,7.404934394777623,26.27657287716538,6.915894651137766
183,0,Vocal,0,0,16.391735629723826,16.391735629723826,44.983945640154836,16.39788205669974,25.17633918730145,25.17633918730145,73.85584782988428,25.17638820430694,8.784603557577626,8.784603557577626,28.871902189729447,8.7785061476072
183,1,Bass,0,0,7.583340055042301,7.5833400550423,26.33646584756341,7.651685302414214,13.715039606839605,13.715039606839605,42.83003087686187,13.720592871701632,6.131699551797304,6.131699551797305,16.49356502929846,6.0689075692874175
183,2,Drums,0,0,27.940780512570882,27.940780512570882,34.79583684817942,28.94563983549493,25.840980799638935,25.84098079963894,45.71334601461782,25.886052219710997,-2.0997997129319472,-2.0997997129319437,10.9175091664384,-3.059587615783933
184,0,Vocal,0,0,20.092257940961243,20.092257940961243,46.82619080685467,20.101569324675737,25.36371846070752,25.36371846070752,51.295583606395596,25.374841489080907,5.271460519746277,5.271460519746277,4.469392799540927,5.273272164405171
184,1,Bass,0,0,12.244613578001363,12.244613578001363,27.3565663373456,12.388535017159104,18.376212116592402,18.3762121165924,40.50511038642715,18.403280469815282,6.131598538591039,6.131598538591035,13.148544049081547,6.014745452656179
184,2,Drums,0,0,26.059756765047403,26.059756765047403,36.61449817804562,26.460796049571933,29.18914862888887,29.18914862888887,51.063095104937005,29.2174821230886,3.129391863841466,3.129391863841466,14.448596926891383,2.7566860735166685
185,0,Vocal,0,0,10.019313959313473,10.019313959313473,35.17392082690883,10.033906562977197,23.689775114713363,23.689775114713363,67.28874806284855,23.68996118726045,13.67046115539989,13.67046115539989,32.11482723593973,13.656054624283254
185,1,Bass,0,0,5.0498854104401225,5.0498854104401225,21.266361543597615,5.187255511530467,10.823049457497888,10.823049457497888,49.10786729934468,10.823747280105538,5.773164047057765,5.773164047057765,27.841505755747068,5.636491768575071
185,2,Drums,0,0,25.49399945780808,25.49399945780808,35.67237593667709,25.93337463004149,32.998566578555476,32.998566578555476,57.92533452513897,33.01255744598224,7.504567120747396,7.504567120747396,22.25295858846188,7.079182815940747
186,0,Vocal,0,0,19.103261814397317,19.103261814397317,47.87042931381621,19.109104127281377,28.304938355800626,28.304938355800626,71.14063187091118,28.305156158313732,9.201676541403309,9.201676541403309,23.27020255709497,9.196052031032355
186,1,Bass,0,0,9.614159114275667,9.614159114275667,24.131676225575397,9.78715049903157,15.210682619255682,15.210682619255682,54.08576666592829,15.211261854584084,5.596523504980015,5.596523504980015,29.954090440352893,5.424111355552514
186,2,Drums,0,0,26.62373417777607,26.62373417777607,34.28293578299552,27.44204652529045,31.61528652677483,31.61528652677483,59.60987903592863,31.622186435931496,4.991552348998763,4.991552348998763,25.326943252933106,4.180139910641046
187,0,Vocal,0,0,12.769223468294893,12.769223468294895,44.72224631958231,12.772140243429623,26.34276289882152,26.34276289882152,61.01527681520417,26.34423555241261,13.573539430526626,13.573539430526624,16.293030495621856,13.572095308982986
187,1,Bass,0,0,10.966410406472043,10.966410406472043,26.69486804139308,11.093405663235643,15.420451322511354,15.420451322511354,40.358702781350864,15.434803508341137,4.454040916039311,4.454040916039311,13.663834739957785,4.341397845105494
187,2,Drums,0,0,27.65115098862473,27.651150988624735,40.10603386870598,27.905634415274335,26.437224631990247,26.437224631990247,80.88662121070355,26.43723964170662,-1.2139263566344844,-1.213926356634488,40.780587341997574,-1.4683947735677165
188,0,Vocal,0,0,19.87338191457973,19.87338191457973,63.219440780829686,19.873583760468247,27.28227380273421,27.28227380273421,59.41129163601695,27.284932580567553,7.4088918881544785,7.4088918881544785,-3.808149144812738,7.411348820099306
188,1,Bass,0,0,11.669905540747227,11.669905540747227,26.835772231391694,11.813138551878733,17.75985299641739,17.75985299641739,32.24927266542673,17.9197221492465,6.089947455670163,6.089947455670163,5.413500434035036,6.1065835973677665
188,2,Drums,0,0,25.278637729499465,25.278637729499465,34.280903322917,25.864282786557066,30.208495880828412,30.208495880828412,54.20608425437997,30.225843786067657,4.929858151328947,4.929858151328947,19.925180931462968,4.361560999510591
189,0,Vocal,0,0,5.381193731219708,5.381193731219707,32.26615676324186,5.3926771512507905,19.004051547716006,19.004051547716006,66.18452612119864,19.00413236828463,13.6228578164963,13.6228578164963,33.918369357956784,13.61145521703384
189,1,Bass,0,0,3.457259199899341,3.457259199899341,20.281129186422774,3.588967107777325,9.570856749613993,9.570856749613991,38.75754012633516,9.576675251585073,6.113597549714652,6.11359754971465,18.476410939912384,5.9877081438077475
189,2,Drums,0,0,28.846182346455336,28.846182346455336,41.32787991833175,29.09895066657316,30.00301671016276,30.00301671016276,54.499114883436164,30.018480442208052,1.156834363707425,1.156834363707425,13.17123496510441,0.9195297756348921
190,0,Vocal,0,0,5.811296540114225,5.811296540114226,31.968448866007844,5.824589034340944,15.235187029045372,15.235187029045372,53.58170027489932,15.235833397739999,9.423890488931146,9.423890488931146,21.613251408891475,9.411244363399055
190,1,Bass,0,0,12.709906371768962,12.709906371768962,30.13763789157376,12.793355864243045,18.69733924680161,18.69733924680161,39.15358970608868,18.737142036786736,5.987432875032649,5.987432875032649,9.01595181451492,5.943786172543691
190,2,Drums,0,0,31.844998254105548,31.844998254105548,61.69823210981946,31.84949402820896,36.19328773901087,36.19328773901087,66.45894527463979,36.197371247324284,4.348289484905322,4.348289484905322,4.760713164820331,4.347877219115325
191,0,Vocal,0,0,2.4795152522075146,2.4795152522075146,26.480868362456413,2.506587656367448,15.975954114170206,15.975954114170206,53.287799216472635,15.976765499913414,13.496438861962691,13.496438861962691,26.806930854016223,13.470177843545965
191,1,Bass,0,0,11.535756955333378,11.535756955333378,28.529672394124788,11.629498628096908,18.11087367137382,18.11087367137382,43.75017716902563,18.12292622906552,6.5751167160404425,6.5751167160404425,15.220504774900846,6.493427600968612
191,2,Drums,0,0,30.082423502542525,30.082423502542525,50.9947280939048,30.11780102065074,32.626803905987096,32.626803905987096,57.663997697860836,32.64044678073517,2.5443804034445705,2.5443804034445705,6.669269603956039,2.5226457600844263
192,0,Vocal,0,0,25.749295716990726,25.749295716990726,56.11920039945596,25.753294884623926,26.194868882075717,26.194868882075717,63.077572992130804,26.195759455693736,0.44557316508499056,0.44557316508499056,6.958372592674841,0.4424645710698094
192,1,Bass,0,0,11.499391366991333,11.499391366991333,20.803659613167362,12.077569155184909,15.29778463804966,15.29778463804966,40.45799389730738,15.311431452933537,3.798393271058327,3.798393271058327,19.65433428414002,3.2338622977486278
192,2,Drums,0,0,16.011175133722748,16.011175133722748,20.07867813662839,18.214345846805326,24.262444578565866,24.262444578565866,49.838069300739875,24.274532188596133,8.251269444843118,8.251269444843118,29.759391164111484,6.060186341790807
193,0,Vocal,0,0,-0.5666623098731698,-0.5666623098731698,28.28565173448076,-0.5545661389874305,13.917137796717116,13.917137796717116,49.96410864674733,13.91819445250902,14.483800106590285,14.483800106590285,21.67845691226657,14.472760591496451
193,1,Bass,0,0,13.755749537050484,13.755749537050484,31.379369005133558,13.83462792732766,15.317151266486036,15.317151266486036,64.65409293366612,15.31720295215287,1.561401729435552,1.561401729435552,33.274723928532566,1.482575024825211
193,2,Drums,0,0,32.18224766008626,32.18224766008626,45.94044557201286,32.36909275129027,8.569524764647356,8.569524764647355,43.57923773816627,8.571085610756198,-23.612722895438907,-23.612722895438907,-2.361207833846592,-23.798007140534068
194,0,Vocal,0,0,0.38926191783487446,0.38926191783487446,24.908112015466088,0.41863255039494957,-1.8505977164866758,-1.850597716486675,44.290879614599355,-1.8503926589007766,-2.2398596343215504,-2.2398596343215496,19.382767599133267,-2.269025209295726
194,1,Bass,0,0,14.995760306384643,14.995760306384643,32.42356652024598,15.07748771828597,8.769017277174111,8.769017277174111,37.22541676633006,8.776040696267737,-6.226743029210532,-6.226743029210532,4.801850246084086,-6.301447022018234
194,2,Drums,0,0,35.993828230565974,35.993828230565974,50.6365779460016,36.145556269574996,10.922792605013079,10.922792605013079,39.536903906029906,10.92925516930829,-25.071035625552895,-25.071035625552895,-11.099674039971696,-25.216301100266705
195,0,Vocal,0,0,30.100321441252905,30.100321441252905,56.707154068851096,30.10982476136683,35.8788046409242,35.8788046409242,85.42812755188223,35.87884243049641,5.778483199671296,5.778483199671296,28.72097348303113,5.769017669129582
195,1,Bass,0,0,11.761644158766556,11.761644158766558,17.74864033468112,13.09461729557421,17.17498582375015,17.17498582375015,47.17652899173239,17.179411962657266,5.413341664983593,5.413341664983591,29.42788865705127,4.084794667083056
195,2,Drums,0,0,11.79932830832145,11.79932830832145,13.68355808904884,16.516030804391526,22.716482024072135,22.716482024072135,64.16406950699806,22.716792731979915,10.917153715750686,10.917153715750686,50.48051141794922,6.200761927588388
196,0,Vocal,0,0,21.778747324364602,21.778747324364602,39.67182778742845,21.85033743388464,26.855431679512346,26.855431679512343,62.388803761923974,26.856634817703476,5.076684355147744,5.076684355147741,22.716975974495526,5.006297383818836
196,1,Bass,0,0,17.20569995594227,17.20569995594227,29.69498017414005,17.462352699154355,19.469980553109046,19.469980553109046,35.57183682382873,19.579073551771767,2.2642805971667777,2.2642805971667777,5.876856649688683,2.116720852617412
196,2,Drums,0,0,21.769013829114932,21.769013829114932,32.39290031983859,22.1649915899617,14.177361757727276,14.177361757727276,54.76596417771369,14.177754818631115,-7.5916520713876565,-7.5916520713876565,22.373063857875103,-7.987236771330586
197,0,Vocal,0,0,30.305380528766747,30.305380528766747,62.86681970208303,30.307787115348916,30.88198383202851,30.88198383202851,85.76820809832398,30.881993026314575,0.5766033032617628,0.5766033032617628,22.901388396240954,0.5742059109656594
197,1,Bass,0,0,13.318372191373967,13.318372191373967,19.44294823287054,14.582740788429769,16.06348423832547,16.06348423832547,51.074495633433685,16.0648875952288,2.745112046951501,2.745112046951501,31.631547400563147,1.4821468067990313
197,2,Drums,0,0,12.118224007104846,12.118224007104846,14.280506677243213,16.342448785516122,6.396994119205003,6.396994119205002,35.68135295493657,6.4032916523487025,-5.7212298878998435,-5.721229887899844,21.400846277693358,-9.93915713316742
198,0,Vocal,0,0,20.17145234290374,20.17145234290374,67.47995337885375,20.171532125199544,31.432484433158606,31.432484433158606,66.01784998618056,31.433973670438625,11.261032090254865,11.261032090254865,-1.4621033926731855,11.262441545239081
198,1,Bass,0,0,13.182485796136778,13.182485796136778,27.319389381121848,13.361376389872632,16.047233987072815,16.047233987072815,37.97152065168521,16.075900251877776,2.8647481909360373,2.8647481909360373,10.652131270563363,2.7145238620051444
198,2,Drums,0,0,26.93795558063117,26.93795558063117,43.375960011127574,27.03791201085299,24.131502247730378,24.131502247730378,44.29725569508544,24.17366688815506,-2.806453332900791,-2.806453332900791,0.9212956839578652,-2.864245122697927
199,0,Vocal,0,0,22.20149542008535,22.20149542008535,42.894242960369766,22.23890156287203,30.410651737099705,30.410651737099705,68.03495111951933,30.411390436467673,8.209156317014354,8.209156317014354,25.14070815914957,8.172488873595643
199,1,Bass,0,0,11.670576383759085,11.670576383759085,24.04438559283278,11.94664968498914,14.01680775836014,14.016807758360137,41.060774525317214,14.02573404678539,2.3462313746010537,2.346231374601052,17.016388932484436,2.07908436179625
199,2,Drums,0,0,18.25922204707641,18.25922204707641,22.83365197704809,20.144530170752763,21.3320995968729,21.3320995968729,58.70812033504813,21.332898515387168,3.072877549796491,3.072877549796491,35.874468358000044,1.188368344634405
200,0,Vocal,0,0,3.8314779338694334,3.831477933869433,21.792389544108147,3.930141674632075,16.257412676995177,16.257412676995177,44.867511679705686,16.263537720279373,12.425934743125744,12.425934743125744,23.07512213559754,12.333396045647298
200,1,Bass,0,0,1.3385816651114362,1.3385816651114355,13.825104578940993,1.76711364691121,6.26293165211548,6.262931652115479,39.261042778594934,6.265624546017603,4.924349987004044,4.924349987004043,25.43593819965394,4.498510899106393
200,2,Drums,0,0,28.51411729011645,28.51411729011645,45.87134785759246,28.594780864312742,29.598751754768237,29.598751754768237,58.53715175374038,29.604304425335506,1.0846344646517885,1.0846344646517885,12.66580389614792,1.009523561022764
201,0,Vocal,0,0,7.831696890984059,7.831696890984059,25.0516959364399,7.928410806281978,22.537219273609644,22.537219273609644,45.547861324321275,22.559104264827177,14.705522382625585,14.705522382625585,20.496165387881376,14.630693458545199
201,1,Bass,0,0,2.5867729378166997,2.5867729378166997,14.54799524557022,3.022231644553913,3.5540180636977645,3.5540180636977645,22.842986668872165,3.627985801339148,0.9672451258810648,0.9672451258810648,8.294991423301944,0.6057541567852351
201,2,Drums,0,0,26.418472737017314,26.418472737017314,47.99172302063495,26.44887649530331,30.762207683181476,30.762207683181476,88.27486649026136,30.762208957131566,4.343734946164162,4.343734946164162,40.28314346962641,4.3133324618282565
202,0,Vocal,0,0,2.790021324530603,2.7900213245306045,21.678824739594347,2.875884621432556,17.084389371870053,17.084389371870053,45.85646683969518,17.090265417569444,14.29436804733945,14.294368047339448,24.177642100100833,14.214380796136888
202,1,Bass,0,0,1.8734224476602548,1.8734224476602548,14.611326752642599,2.258662340713073,3.7725294543132986,3.7725294543132986,23.672304965514357,3.8358064673056296,1.8991070066530438,1.8991070066530438,9.060978212871758,1.5771441265925565
202,2,Drums,0,0,29.88426994527211,29.88426994527211,44.77831959635235,30.027469814016538,27.809151466961787,27.809151466961787,74.31254205621399,27.809247061240168,-2.0751184783103227,-2.0751184783103227,29.53422245986164,-2.21822275277637
203,0,Vocal,0,0,7.370106540218865,7.370106540218863,24.44494995263588,7.471703284202928,24.172865364415586,24.172865364415586,69.57150280488968,24.172987407609273,16.802758824196722,16.802758824196722,45.126552852253795,16.701284123406346
203,1,Bass,0,0,-2.3780029862539216,-2.3780029862539207,10.010037061562462,-1.7068672178529976,3.2316188124705136,3.2316188124705123,36.77738636442136,3.2344507834258995,5.609621798724435,5.609621798724433,26.767349302858896,4.941318001278897
203,2,Drums,0,0,27.344199230944582,27.344199230944582,38.999184284600815,27.652042675917357,17.157534140138505,17.157534140138505,66.03369350960247,17.15759131830871,-10.186665090806077,-10.186665090806077,27.034509225001656,-10.494451357608646
204,0,Vocal,0,0,0.0938666601740599,0.0938666601740599,17.60418803065033,0.24635645035299772,11.378630232179782,11.378630232179782,41.555902194254024,11.383103473549564,11.284763572005723,11.284763572005723,23.951714163603693,11.136747023196566
204,1,Bass,0,0,-0.5396083154682474,-0.5396083154682474,11.851364790651225,-0.006978604132346469,1.3493704792829961,1.3493704792829961,38.42595507890418,1.3508458843755804,1.8889787947512435,1.8889787947512435,26.574590288252956,1.357824488507927
204,2,Drums,0,0,33.15576014917142,33.15576014917142,57.59140993062874,33.171429848454935,25.785419614867173,25.785419614867173,69.22674920819114,25.785615761008938,-7.370340534304248,-7.370340534304248,11.635339277562394,-7.385814087445997
205,0,Vocal,0,0,5.98917448710117,5.98917448710117,23.11629625401267,6.095293520174546,14.777965698662495,14.777965698662495,41.139745267443004,14.788347790993793,8.788791211561325,8.788791211561325,18.023449013430334,8.693054270819246
205,1,Bass,0,0,-1.8097388773182685,-1.8097388773182685,10.425515783399963,-1.1651644446046363,3.8182040343177484,3.818204034317747,29.40681202511156,3.835189156371135,5.627942911636017,5.627942911636016,18.981296241711597,5.000353600975771
205,2,Drums,0,0,26.683926312613615,26.683926312613615,37.20599703004157,27.08801028365563,15.354603690008805,15.354603690008805,48.42507639757879,15.356808104190268,-11.32932262260481,-11.32932262260481,11.21907936753722,-11.731202179465363
206,0,Vocal,0,0,7.030203868867211,7.0302038688672095,22.408578302443765,7.182811568114685,22.253611515896882,22.253611515896882,52.28777133635201,22.25794583492327,15.22340764702967,15.223407647029672,29.879193033908244,15.075134266808584
206,1,Bass,0,0,-2.621545445925912,-2.621545445925912,9.614926484643306,-1.9035904350734534,0.04382611727277938,0.04382611727277843,36.188562347141854,0.04592578019857224,2.665371563198691,2.6653715631986903,26.57363586249855,1.9495162152720256
206,2,Drums,0,0,26.852534535544578,26.852534535544578,38.97439042194663,27.128046117440977,29.98191407422473,29.98191407422473,53.200526009191336,30.002679337068567,3.1293795386801513,3.1293795386801513,14.226135587244706,2.87463321962759
207,0,Vocal,0,0,8.38757881683013,8.38757881683013,24.98523630507536,8.497457696968473,26.22124927439578,26.22124927439578,72.2843352670469,26.221351579393655,17.833670457565653,17.833670457565653,47.29909896197154,17.72389388242518
207,1,Bass,0,-1,-5.612294168091832,-5.612294168091832,7.2401239353575715,-4.629994431389674,-2.8483524840110808,-2.8483524840110825,39.69162033835896,-2.8476443183964593,2.7639416840807516,2.76394168408075,32.451496403001386,1.7823501129932149
207,2,Drums,0,0,29.593112619033857,29.593112619033857,42.724795982160245,29.809810325823676,26.03704882049614,26.03704882049614,59.23476536610561,26.03913312717934,-3.5560637985377177,-3.5560637985377177,16.509969383945368,-3.7706771986443357
208,0,Vocal,0,0,19.139553161010557,19.139553161010557,56.025866959581656,19.14045316343812,26.429344115599864,26.429344115599864,56.67859759133699,26.433453568646243,7.289790954589307,7.289790954589307,0.6527306317553325,7.293000405208122
208,1,Bass,0,0,9.041747948652386,9.041747948652386,21.267620348926833,9.342313454286277,17.172981263823683,17.172981263823683,36.79712964772676,17.221504025563362,8.131233315171297,8.131233315171297,15.52950929879993,7.8791905712770856
208,2,Drums,0,0,17.556464497331522,17.556464497331522,25.50737321277765,18.327378219756564,22.840283532458635,22.840283532458635,46.07901480382723,22.861040769112133,5.283819035127113,5.283819035127113,20.571641591049577,4.533662549355569
209,0,Vocal,0,0,15.695841950363988,15.695841950363988,59.579109518720074,15.696023885962491,27.724457339990238,27.724457339990238,51.30362587555865,27.743572621228203,12.02861538962625,12.02861538962625,-8.275483643161422,12.047548735265712
209,1,Bass,0,0,5.6729808626569564,5.6729808626569564,19.522833917115197,5.903955608957519,14.625403358227121,14.625403358227121,41.12389423243301,14.635475064812143,8.952422495570165,8.952422495570165,21.601060315317813,8.731519455854624
209,2,Drums,0,0,19.899908730600536,19.899908730600536,26.859239300576547,20.885575528031172,28.167549610912378,28.167549610912378,51.94087463053574,28.185828644218994,8.267640880311841,8.267640880311841,25.08163532995919,7.300253116187822
210,0,Vocal,0,0,9.593424411765106,9.593424411765106,33.64229710889638,9.612430145016885,17.457330481951303,17.457330481951303,53.93937460972581,17.458317634085073,7.8639060701861965,7.8639060701861965,20.29707750082943,7.845887489068188
210,1,Bass,0,0,13.71333714550161,13.71333714550161,26.46888316994808,13.959713243487311,21.37484531609504,21.37484531609504,35.97901168544621,21.529047363956046,7.6615081705934305,7.6615081705934305,9.510128515498131,7.569334120468735
210,2,Drums,0,0,13.336355047942888,13.336355047942888,33.898292727106494,13.376450280088225,22.185398105107396,22.185398105107403,76.4206938392903,22.185404449311473,8.849043057164508,8.849043057164515,42.5224011121838,8.808954169223249
211,0,Vocal,0,0,30.130203114410556,30.130203114410556,56.61756619866509,30.13994919365787,22.921571621841682,22.921571621841682,46.63620432204258,22.94016371135134,-7.208631492568873,-7.208631492568873,-9.981361876622508,-7.199785482306531
211,1,Bass,0,0,13.873130409769612,13.873130409769612,23.020480013459228,14.458274237638168,19.512142435509894,19.512142435509894,66.02952414997647,19.512234194183428,5.639012025740282,5.639012025740282,43.00904413651724,5.05395995654526
211,2,Drums,0,0,17.56764512372732,17.56764512372732,21.8732270964954,19.609655510188247,18.700023027628408,18.70002302762841,39.78127642720544,18.73446498701774,1.1323779039010873,1.1323779039010908,17.908049330710043,-0.8751905231705059
212,0,Vocal,0,0,32.65817829833815,32.65817829833815,62.699505059898215,32.662471256625736,26.908751919847283,26.908751919847283,59.89491463673425,26.910936727305366,-5.749426378490867,-5.749426378490867,-2.8045904231639653,-5.75153452932037
212,1,Bass,0,0,11.917994580457567,11.917994580457567,21.15814818965201,12.501962886903879,17.03917996167322,17.03917996167322,33.86936360159311,17.13201500899626,5.121185381215653,5.121185381215653,12.711215411941097,4.63005212209238
212,2,Drums,0,0,17.56474097454662,17.56474097454662,22.73606509568365,19.161690327036712,8.353310237919397,8.353310237919397,56.616262237466124,8.353384370681741,-9.211430736627223,-9.211430736627223,33.880197141782475,-10.808305956354971
213,0,Vocal,0,0,18.019493610676665,18.019493610676665,51.19978937149757,18.021614569228216,27.34851377579944,27.34851377579944,61.38087390425065,27.35022800889009,9.329020165122774,9.329020165122774,10.181084532753076,9.328613439661876
213,1,Bass,0,0,5.089224723931274,5.089224723931274,18.19772708179217,5.37215554035958,9.689478899005582,9.689478899005584,34.984387313922355,9.70370769650335,4.6002541750743084,4.60025417507431,16.786660232130185,4.33155215614377
213,2,Drums,0,0,22.500132592092434,22.500132592092434,27.18484606617877,24.313244674331074,24.262525661838392,24.262525661838392,50.21335745802666,24.273613117807752,1.7623930697459578,1.7623930697459578,23.028511391847886,-0.03963155652332162
214,0,Vocal,0,0,14.331662652364967,14.331662652364967,57.91053142737567,14.331859433233769,25.0902812103828,25.0902812103828,52.20158692473398,25.098752316998024,10.758618558017831,10.758618558017831,-5.7089445026416925,10.766892883764255
214,1,Bass,0,0,9.558949727292989,9.558949727292989,23.693110979197478,9.748422969140575,18.111496583248382,18.111496583248382,34.81150608900363,18.206786633996018,8.552546855955393,8.552546855955393,11.118395109806151,8.458363664855442
214,2,Drums,0,0,19.948887823209432,19.948887823209432,30.476297073147833,20.355516966351992,26.890409142397548,26.890409142397548,52.74153763468674,26.90173198023381,6.941521319188116,6.941521319188116,22.26524056153891,6.546215013881817
215,0,Vocal,0,0,19.878615404573797,19.878615404573797,65.82598693433036,19.878726183493917,28.54745884158779,28.54745884158779,74.56591156109417,28.54756163115838,8.668843437013994,8.668843437013994,8.739924626763809,8.668835447664463
215,1,Bass,0,0,8.80548219158835,8.80548219158835,18.350425195996134,9.379728243026433,15.298760688045567,15.298760688045565,38.470394952064055,15.320351068375885,6.493278496457217,6.493278496457215,20.11996975606792,5.940622825349452
215,2,Drums,0,0,15.615177047972056,15.615177047972056,20.20558979720566,17.510617351024546,24.861827382624114,24.861827382624114,45.0162995876876,24.904076506453542,9.246650334652058,9.246650334652058,24.810709790481937,7.393459155428996
216,0,Vocal,0,0,-5.268881803396097,-5.268881803396095,31.323681667383546,-5.2647296130182255,9.909036597513287,9.909036597513287,53.25135996144283,9.909254040194641,15.177918400909384,15.177918400909382,21.927678294059284,15.173983653212867
216,1,Bass,0,0,3.0228787690972125,3.0228787690972125,23.16444298098058,3.0860272536493456,6.007551985395211,6.007551985395211,46.88652320651318,6.007995616057747,2.9846732162979985,2.9846732162979985,23.7220802255326,2.9219683624084016
216,2,Drums,0,0,31.18022787919233,31.18022787919233,45.408586111818124,31.347570048481934,34.45451361573011,34.4545136157301,48.89915926349304,34.61351165675292,3.2742857365377773,3.27428573653777,3.4905731516749157,3.2659416082709853
217,0,Vocal,0,0,-9.258205300313545,-9.258205300313545,52.298958823598376,-9.258177701803668,4.642498921886898,4.642498921886898,40.91220476649375,4.643872030982122,13.900704222200442,13.900704222200442,-11.386754057104625,13.90204973278579
217,1,Bass,0,0,2.674894013745377,2.674894013745377,22.513578467223464,2.744480393893032,7.090010436434136,7.090010436434135,51.79731073438069,7.090185993145771,4.41511642268876,4.415116422688758,29.283732267157223,4.345705599252739
217,2,Drums,0,0,33.46973082294609,33.46973082294609,48.02584367041604,33.624641627091265,39.1777170313638,39.1777170313638,49.91458561384004,39.560673192577475,5.707986208417708,5.707986208417708,1.8887419434240016,5.936031565486211
218,0,Vocal,0,0,-4.930510193313692,-4.930510193313692,30.60719525306141,-4.925522383565978,10.419658133313659,10.419658133313659,43.50793648201267,10.421980739611172,15.350168326627351,15.350168326627351,12.900741228951258,15.34750312317715
218,1,Bass,0,0,3.0257593011030415,3.025759301103043,23.22957073681458,3.0879933171704836,7.42841140109106,7.428411401091059,45.665413481294486,7.429180950416413,4.402652099988018,4.402652099988016,22.435842744479906,4.341187633245929
218,2,Drums,0,0,31.150132127607428,31.150132127607428,45.37158983022944,31.317746464768167,33.944845457942215,33.944845457942215,54.819080980151085,33.980515366027085,2.794713330334787,2.794713330334787,9.447491149921646,2.662768901258918
219,0,Vocal,0,0,-4.632912063641844,-4.632912063641845,37.449084839686584,-4.631862259411894,7.654429559913693,7.654429559913691,42.80090633321973,7.655983098077378,12.287341623555537,12.287341623555536,5.351821493533144,12.287845357489271
219,1,Bass,0,0,1.8341992680005936,1.8341992680005936,21.623938308253287,1.909802288836651,2.5899151618463723,2.5899151618463727,41.38075723242592,2.59080486256229,0.7557158938457786,0.7557158938457791,19.756818924172634,0.6810025737256389
219,2,Drums,0,0,33.05638386363582,33.05638386363582,45.958607641405784,33.28502039895612,36.30799303525485,36.30799303525485,45.63084095648969,36.84787934896295,3.2516091716190303,3.2516091716190303,-0.3277666849160923,3.5628589500068273
220,0,Vocal,0,0,-4.949651235296594,-4.949651235296592,30.12607766130621,-4.944085208072094,11.428198010245064,11.428198010245064,40.84070716576905,11.433525103165568,16.377849245541658,16.377849245541654,10.714629504462838,16.37761031123766
220,1,Bass,0,0,3.0314150103159374,3.0314150103159374,23.242591912871614,3.0935166163769408,5.826982016259973,5.826982016259973,34.66190616085016,5.834149236356128,2.7955670059440356,2.7955670059440356,11.419314247978544,2.740632619979187
220,2,Drums,0,0,31.12946082691847,31.129460826918468,45.33696883689678,31.297625578403863,35.264426539890486,35.264426539890486,47.023034571600206,35.5643078846107,4.134965712972015,4.1349657129720185,1.6860657347034262,4.266682306206835
221,0,Vocal,0,0,-5.336955029735777,-5.336955029735777,33.684050292593724,-5.334552323311906,11.579469607002522,11.579469607002522,51.13192678768343,11.579978455980717,16.9164246367383,16.9164246367383,17.44787649508971,16.914530779292622
221,1,Bass,0,0,3.0016899410460978,3.0016899410460978,23.5220806960918,3.059645110652892,4.070069125348495,4.0700691253484935,35.361554849853164,4.074559519018842,1.0683791843023975,1.0683791843023958,11.839474153761365,1.01491440836595
221,2,Drums,0,0,31.573974883854415,31.57397488385441,45.838213305765024,31.739902859258706,14.633824497585163,14.633824497585163,47.97660255192379,14.635905588183881,-16.940150386269252,-16.94015038626925,2.1383892461587664,-17.103997271074824
222,0,Vocal,0,0,-4.729804967921988,-4.729804967921986,30.84751374159123,-4.725031304836604,10.156098805401435,10.156098805401435,52.84703143105218,10.156350815832507,14.885903773323422,14.88590377332342,21.99951768946095,14.881382120669112
222,1,Bass,0,0,2.662812814950846,2.662812814950846,22.931160412511318,2.725891031031682,7.826707083327289,7.826707083327289,43.61182363373629,7.82804241579314,5.163894268376443,5.163894268376443,20.680663221224975,5.102151384761458
222,2,Drums,0,0,32.52320686100041,32.52320686100041,46.34854876469027,32.707133557398095,35.954380240261486,35.954380240261486,53.57406924816364,36.03018522981869,3.4311733792610752,3.4311733792610752,7.2255204834733675,3.323051672420597
223,0,Vocal,0,0,-5.13686863585587,-5.13686863585587,28.577126087933618,-5.128999603458439,10.931680469031125,10.931680469031125,42.98003587598096,10.9346049973597,16.068549104886994,16.068549104886994,14.402909788047342,16.063604600818138
223,1,Bass,0,0,4.001516598707941,4.001516598707941,24.368163831784415,4.05746990785831,7.77891957978186,7.77891957978186,46.596410864901884,7.779584860975518,3.7774029810739194,3.7774029810739194,22.22824703311747,3.7221149531172086
223,2,Drums,0,0,29.830104095876052,29.830104095876052,47.048404313730856,29.913386309637346,34.33384987951568,34.333849879515675,46.384196358280235,34.61362656039266,4.50374578363963,4.503745783639623,-0.6642079554506211,4.700240250755314
224,0,Vocal,0,0,-4.463269315209986,-4.463269315209986,21.190128248974407,-4.41854345627764,11.22973196201998,11.22973196201998,40.38553581760209,11.2354047599873,15.693001277229964,15.693001277229964,19.195407568627683,15.65394821626494
224,1,Bass,0,0,0.9998486093411028,0.9998486093411035,17.1575649999877,1.1891147654576042,4.5145129802851525,4.514512980285152,31.57287946310964,4.526093354037943,3.5146643709440495,3.514664370944048,14.415314463121941,3.3369785885803394
224,2,Drums,0,0,32.137176508618865,32.137176508618865,47.38533267466253,32.26893856353601,28.289877043919148,28.289877043919148,56.3892519061292,28.29661872335109,-3.8472994646997165,-3.8472994646997165,9.003919231466675,-3.9723198401849196
225,0,Vocal,0,0,-0.7367427194682126,-0.7367427194682137,24.43128190999895,-0.7078833740999446,17.62850880603623,17.62850880603623,53.62849603222115,17.62961330305696,18.36525152550444,18.365251525504444,29.1972141222222,18.337496677156906
225,1,Bass,-225,-227,-0.7400116712172767,-0.7400116712172775,19.886032429926598,-0.6578917801409488,4.4067539886019675,4.406753988601967,30.909047618954737,4.42000352116583,5.146765659819244,5.146765659819244,11.02301518902814,5.0778953013067785
225,2,Drums,0,0,27.754079091636473,27.754079091636477,36.251800919089995,28.416833838312737,16.298569818590373,16.298569818590373,48.350667262849605,16.301341629473576,-11.4555092730461,-11.455509273046104,12.09886634375961,-12.11549220883916
226,0,Vocal,0,0,-5.151161564742893,-5.151161564742893,9.57661749356178,-4.54825650430789,11.086515192143976,11.086515192143976,54.85907945006777,11.086701162107044,16.23767675688687,16.23767675688687,45.28246195650598,15.634957666414934
226,1,Bass,0,0,28.88248710795998,28.88248710795998,45.81567206199442,28.97149807875554,34.1402549108629,34.1402549108629,81.89638775257438,34.1403173893902,5.257767802902919,5.257767802902919,36.080715690579964,5.168819310634657
226,2,Drums,0,0,11.776802910475277,11.776802910475277,31.400361558417163,11.827569434212446,18.8306626476855,18.8306626476855,75.48994017227272,18.830671034112342,7.053859737210223,7.053859737210223,44.089578613855565,7.003101599899896
227,0,Vocal,0,0,-8.951899288396199,-8.951899288396199,16.104222312132293,-8.833103343400808,9.275822884815325,9.275822884815325,56.509574824801604,9.275908346902145,18.227722173211525,18.227722173211525,40.40535251266931,18.109011690302953
227,1,Bass,0,0,2.4359988254256684,2.4359988254256697,19.59033920363792,2.5679073386482165,6.224329947076205,6.224329947076205,37.65296384738478,6.2282020436476095,3.7883311216505366,3.7883311216505353,18.06262464374686,3.660294704999393
227,2,Drums,0,0,26.765780434031186,26.765780434031186,41.097729695700735,26.9293184902877,24.052853081717295,24.052853081717295,54.30475373415809,24.05696901334952,-2.7129273523138906,-2.7129273523138906,13.207024038457355,-2.8723494769381794
228,0,Vocal,0,0,-3.9645909032144404,-3.9645909032144404,24.946009298057255,-3.9451232413751445,13.30250776657688,13.30250776657688,40.78752092708743,13.310622024679935,17.26709866979132,17.26709866979132,15.841511629030173,17.25574526605508
228,1,Bass,0,0,-0.2556082422258178,-0.2556082422258178,17.278437292740776,-0.09777674078674048,5.262831639476806,5.262831639476807,54.97655735561417,5.262891780664425,5.518439881702624,5.518439881702625,37.69812006287339,5.360668521451165
228,2,Drums,0,0,28.978271290694583,28.978271290694583,47.13449083847167,29.04526622739653,31.713328264925096,31.713328264925096,49.732951853526615,31.78243955165027,2.7350569742305133,2.7350569742305133,2.5984610150549443,2.737173324253739
229,0,Vocal,0,0,-4.86877558518617,-4.86877558518617,9.617437583380617,-4.2612429646154295,13.089056282439543,13.089056282439543,31.941100201673635,13.148759580880448,17.957831867625714,17.957831867625714,22.323662618293017,17.410002545495878
229,1,Bass,0,0,30.28780580203062,30.28780580203062,47.007004193273865,30.381327160113358,10.473390360558632,10.473390360558634,49.90796801626817,10.473929371721859,-19.814415441471986,-19.814415441471986,2.9009638229943064,-19.9073977883915
229,2,Drums,0,0,10.575372939884279,10.575372939884279,30.4148384565414,10.624618482002845,16.556961300936962,16.556961300936962,47.9587573620151,16.560175891739895,5.981588361052683,5.981588361052683,17.5439189054737,5.935557409737051
230,0,Vocal,0,0,-3.5166067099195435,-3.516606709919544,10.407139391667535,-2.9585336931573787,12.713110693724168,12.713110693724168,57.131183586115945,12.713263709631452,16.22971740364371,16.22971740364371,46.72404419444841,15.67179740278883
230,1,Bass,0,0,29.656541892355275,29.656541892355275,83.10792684151922,29.65655671647326,34.29224086257513,34.29224086257513,59.291849852827134,34.30598853475101,4.6356989702198526,4.6356989702198526,-23.816076988692082,4.649431818277748
230,2,Drums,0,0,9.549047876673743,9.549047876673743,28.977965090180117,9.60435674458667,9.542631889975892,9.542631889975894,42.08157627695141,9.54532148703587,-0.006415986697851039,-0.006415986697849263,13.103611186771293,-0.05903525755079997
231,0,Vocal,0,0,-4.899525903960926,-4.899525903960925,29.31623619314479,-4.892800224882186,12.373809808212444,12.373809808212444,44.5535797964378,12.376587555216714,17.27333571217337,17.27333571217337,15.237343603293013,17.2693877800989
231,1,Bass,0,0,2.338090197040636,2.338090197040636,18.5377824050353,2.503940121293854,8.588460564240485,8.588460564240485,36.589022633924856,8.596300601380518,6.250370367199849,6.250370367199849,18.051240228889554,6.092360480086664
231,2,Drums,0,0,28.30518275646635,28.30518275646635,41.8220907842834,28.503136696818498,26.469715866937765,26.469715866937765,51.57552058847651,26.483169259747736,-1.8354668895285862,-1.8354668895285862,9.753429804193111,-2.019967437070761
232,0,Vocal,-19811,0,-43.38538597107511,-43.38538597107511,-24.00045457210616,-19.317356503069117,-1.20627813570687,-1.2062781357068686,12.196583228115403,-0.7489242286270168,42.17910783536824,42.17910783536824,36.197037800221565,18.5684322744421
232,1,Bass,1,0,10.902624495158319,10.902624495158319,27.059583874642314,11.017676432660474,16.37513652856845,16.37513652856845,34.61630782504575,16.442242348503132,5.472512033410132,5.472512033410132,7.556723950403438,5.424565915842658
232,2,Drums,0,0,10.446525472000248,10.446525472000248,20.59021229379897,10.926170952395328,18.387461947372433,18.387461947372433,47.28262856428326,18.393147454311936,7.940936475372185,7.940936475372185,26.692416270484287,7.4669765019166086
233,0,Vocal,0,0,4.923616253467978,4.923616253467978,27.324016056579957,4.95671192570428,19.86879891873548,19.86879891873548,59.60407101984153,19.86926155229521,14.9451826652675,14.9451826652675,32.28005496326157,14.91254962659093
233,1,Bass,-1,0,5.212374701512591,5.212374701512591,20.675075329927314,5.37463892465836,13.913984285987622,13.91398428598762,37.35882304419351,13.934473430635805,8.701609584475031,8.70160958447503,16.683747714266193,8.559834505977445
233,2,Drums,0,0,16.179416762226257,16.179416762226257,26.1261662597969,16.653532312264346,20.86368510563974,20.86368510563974,43.29827722779137,20.888751306468258,4.684268343413482,4.684268343413482,17.172110967994467,4.235218994203912
234,0,Vocal,0,0,1.7586671323368785,1.7586671323368805,38.19298006469549,1.7603125575075584,14.73143911604195,14.73143911604195,42.94780065200672,14.738211372285585,12.972771983705071,12.97277198370507,4.7548205873112295,12.977898814778026
234,1,Bass,0,0,1.9959797175471727,1.995979717547172,16.67870257167843,2.238614770473312,5.8724475881326486,5.872447588132648,34.052889320502345,5.880763235564626,3.8764678705854756,3.8764678705854756,17.374186748823917,3.6421484650913145
234,2,Drums,0,0,18.472548675604767,18.472548675604767,28.783116780569603,18.90269129280582,23.357305264624912,23.357305264624912,38.58736777399824,23.490148781563143,4.884756589020146,4.884756589020146,9.804250993428635,4.587457488757323
235,0,Vocal,0,0,-8.951555525425267,-8.951555525425269,5.3368193913035755,-7.6719364727995165,1.6860220316933283,1.6860220316933283,16.608085597602088,1.921960276238123,10.637577557118595,10.637577557118597,11.271266206298513,9.59389674903764
235,1,Bass,-1,0,12.963694313661026,12.963694313661026,30.79955708197518,13.039382463233757,12.594508239790558,12.594508239790558,47.26934309154527,12.596070010449413,-0.369186073870468,-0.369186073870468,16.469786009570086,-0.44331245278434395
235,2,Drums,0,0,10.52964775797025,10.52964775797025,20.465411574474697,11.033260789592008,14.838074030345535,14.838074030345537,35.938059505815275,14.87302394717803,4.308426272375284,4.308426272375286,15.472647931340578,3.839763157586022
236,0,Vocal,0,0,6.08085367509711,6.08085367509711,29.694577753558633,6.104449371565287,13.749621892123084,13.749621892123084,38.73358807731094,13.764008142152196,7.668768217025974,7.668768217025974,9.039010323752308,7.6595587705869095
236,1,Bass,0,0,4.035519458842588,4.035519458842588,19.23593221144201,4.220159747358392,12.174781993893774,12.174781993893774,54.26883353739776,12.175066075054664,8.139262535051186,8.139262535051186,35.03290132595575,7.954906327696272
236,2,Drums,0,0,16.49528009107018,16.49528009107018,26.79014639113477,16.93037897301479,17.066711205054517,17.066711205054517,37.48975636021134,17.107063166562778,0.5714311139843389,0.5714311139843389,10.699609969076569,0.17668419354798814
237,0,Vocal,0,0,-10.402702613279748,-10.402702613279748,11.933947462668835,-10.10759811646648,-2.4457410958029313,-2.445741095802932,8.284251722570028,-1.4610780745102447,7.956961517476817,7.956961517476817,-3.6496957400988066,8.646520041956236
237,1,Bass,-2,0,10.650242589964954,10.650242589964954,26.514754116030332,10.773952245666912,15.467475144702998,15.467475144702998,33.51503819780161,15.538028440762448,4.817232554738045,4.817232554738045,7.000284081771277,4.7640761950955355
237,2,Drums,0,0,11.098063914373736,11.098063914373736,21.42656419825597,11.551784469007595,14.419951859630329,14.419951859630329,23.062769257162326,15.07965586012564,3.3218879452565933,3.3218879452565933,1.6362050589063557,3.5278713911180457
238,0,Vocal,-19948,0,-42.44537463736271,-42.44537463736271,-27.03176699507155,-15.27833281056705,-7.240776104468724,-7.240776104468724,38.168551111180335,-7.240031284076217,35.20459853289399,35.20459853289399,65.20031810625188,8.038301526490834
238,1,Bass,0,0,7.880731146713372,7.880731146713373,24.822095009180135,7.983746750720099,14.580109346291298,14.580109346291298,38.91481475852278,14.596703353390323,6.699378199577926,6.699378199577925,14.092719749342645,6.612956602670224
238,2,Drums,0,0,15.359700634579191,15.359700634579195,26.080251572669624,15.754818815020728,21.7575286710618,21.7575286710618,39.09021256437764,21.839077471343575,6.397828036482608,6.397828036482604,13.009960991708013,6.084258656322847
239,0,Vocal,0,0,2.676071111894212,2.6760711118942133,30.988573599057297,2.6859383328130493,15.270872554386854,15.270872554386854,48.67158044737246,15.272914505969226,12.594801442492642,12.59480144249264,17.683006848315166,12.586976173156177
239,1,Bass,0,0,6.274697897292371,6.274697897292371,22.33572361237405,6.4089099439324855,8.24205615665907,8.24205615665907,42.83543625845681,8.243790551544242,1.9673582593666987,1.9673582593666987,20.49971264608276,1.8348806076117565
239,2,Drums,0,0,16.731840661387626,16.731840661387626,27.297177186975876,17.138997317644936,19.63524691496579,19.63524691496579,33.58193582917549,19.81580574029555,2.903406253578165,2.903406253578165,6.284758642199616,2.6768084226506126
240,0,Vocal,0,0,18.63672543188775,18.636725431887754,37.737007334617054,18.691213572450987,4.1686305587499595,4.168630558749959,23.32358098914363,4.241868258727174,-14.46809487313779,-14.468094873137796,-14.413426345473425,-14.449345313723814
240,1,Bass,0,0,14.974242715220313,14.974242715220312,31.912279430688262,15.065837684369122,19.274542834512392,19.274542834512392,43.83426952434703,19.28994727691566,4.3003001192920784,4.30030011929208,11.921990093658767,4.22410959254654
240,2,Drums,0,0,24.279644912190253,24.279644912190253,46.150612596921036,24.308069878829365,30.174643590786676,30.174643590786676,52.82552419048933,30.198314849188144,5.894998678596423,5.894998678596423,6.6749115935682966,5.890244970358779
241,0,Vocal,0,0,13.950599481398235,13.950599481398239,41.770268180418896,13.958068829177712,5.416766572597897,5.416766572597897,36.11007107277061,5.421533636129835,-8.533832908800338,-8.533832908800342,-5.660197107648287,-8.536535193047877
241,1,Bass,0,0,15.811621265320447,15.81162126532045,29.56806743521714,16.003245877263694,18.41334280889014,18.41334280889014,35.89576791503214,18.49270299449089,2.601721543569692,2.6017215435696883,6.327700479814997,2.4894571172271966
241,2,Drums,0,0,17.21279629851242,17.21279629851242,33.83918456772186,17.310068884670592,20.91297071236432,20.91297071236432,48.06821162814889,20.921405644162085,3.700174413851901,3.700174413851901,14.229027060427029,3.6113367594914934
242,0,Vocal,0,0,11.386171703339592,11.386171703339592,32.74840200519287,11.420330508465836,18.45031707348062,18.45031707348062,69.4587886608513,18.450350773614915,7.064145370141027,7.064145370141027,36.710386655658425,7.030020265149078
242,1,Bass,0,0,10.429112385657223,10.429112385657222,27.150938431628013,10.530855451710874,14.633929666674483,14.633929666674481,41.114004406869455,14.644043927342302,4.2048172810172595,4.2048172810172595,13.963065975241442,4.1131884756314285
242,2,Drums,0,0,26.312839250633505,26.312839250633505,32.9728517600514,27.370614257391537,30.81741189698459,30.81741189698459,39.08405808549486,31.51891014506169,4.504572646351086,4.504572646351086,6.111206325443462,4.148295887670152
243,0,Vocal,0,0,10.65893833733247,10.658938337332472,59.09313853965199,10.659005790773449,9.806239878786014,9.806239878786014,37.04514261680477,9.815306429832548,-0.8526984585464561,-0.8526984585464579,-22.04799592284722,-0.8436993609409011
243,1,Bass,0,0,9.595210365643098,9.595210365643098,25.342835238049584,9.725066835223847,14.468656478745785,14.468656478745785,38.119433338639574,14.488103779355612,4.873446113102688,4.873446113102688,12.77659810058999,4.763036944131764
243,2,Drums,0,0,24.994594284580813,24.994594284580813,61.660512339270646,24.995532500668087,30.089465694040612,30.089465694040612,59.82246469605967,30.09408884416098,5.094871409459799,5.094871409459799,-1.8380476432109774,5.098556343492891
244,0,Vocal,0,0,13.283592174181605,13.283592174181605,44.74519372026434,13.286840590812073,19.569152170093787,19.569152170093787,46.431882891725884,19.57820283381225,6.285559995912182,6.285559995912182,1.6866891714615448,6.291362243000176
244,1,Bass,0,0,8.036579605143066,8.036579605143066,22.57639640235054,8.2159457127429,13.899595665634417,13.899595665634418,45.65106732543056,13.902616345739853,5.863016060491351,5.863016060491352,23.07467092308002,5.686670632996952
244,2,Drums,0,0,22.57379597209896,22.57379597209896,36.010945764869355,22.776302764602207,27.89984185077153,27.89984185077153,48.68238375758714,27.936319347667677,5.32604587867257,5.32604587867257,12.671437992717784,5.16001658306547
245,0,Vocal,0,0,15.331492230530825,15.331492230530825,41.97140734299326,15.341192383697276,20.577979582358907,20.577979582358907,50.31123519344544,20.58263949843259,5.2464873518280815,5.2464873518280815,8.339827850452181,5.241447114735315
245,1,Bass,0,0,11.282950901104929,11.28295090110493,26.86556209852929,11.41366566542738,15.530197714884409,15.530197714884409,43.23444285970353,15.537778234069977,4.24724681377948,4.247246813779478,16.36888076117424,4.124112568642596
245,2,Drums,0,0,23.855792932954675,23.855792932954675,34.47604326274166,24.251164899371318,24.774920933726733,24.774920933726733,43.72180664634936,24.830807315785787,0.9191280007720586,0.9191280007720586,9.245763383607695,0.5796424164144689
246,0,Vocal,0,0,9.000453980590791,9.000453980590791,41.33689618209993,9.003309751760542,9.460564790857402,9.4605647908574,34.739954471879436,9.474919501563809,0.4601108102666114,0.4601108102666096,-6.5969417102204915,0.4716097498032674
246,1,Bass,0,0,10.83519599633178,10.83519599633178,26.961233865106998,10.951213848894586,15.677168016423584,15.677168016423584,34.907465732571204,15.730733290824846,4.841972020091804,4.841972020091804,7.946231867464206,4.77951944193026
246,2,Drums,0,0,21.290033803365063,21.290033803365063,36.55718532828027,21.42209436612337,25.61734670922453,25.61734670922453,56.12398510715127,25.62122271975379,4.327312905859468,4.327312905859468,19.566799778871,4.199128353630417
247,0,Vocal,0,0,17.828508870694307,17.828508870694307,33.751868375124275,17.942814281373664,2.217616422514859,2.2176164225148596,39.62497448527078,2.2188787468164572,-15.610892448179449,-15.610892448179447,5.873106110146509,-15.723935534557206
247,1,Bass,0,0,13.236706553515297,13.236706553515297,28.978258086040285,13.359547815592892,18.433074706220292,18.433074706220296,37.74635915375046,18.48497316852105,5.196368152704995,5.1963681527049985,8.768101067710177,5.1254253529281595
247,2,Drums,0,0,24.676206800608544,24.676206800608544,49.68652298670909,24.6899751538075,27.541039766785055,27.541039766785055,66.2916751680701,27.541617956709118,2.864832966176511,2.864832966176511,16.605152181361007,2.851642802901619
248,0,Vocal,0,0,18.6871426852927,18.687142685292695,44.68114526448279,18.698227916604566,29.923333698884903,29.92333369888491,60.29526205238958,29.927320861712417,11.236191013592205,11.236191013592215,15.614116787906795,11.229092945107851
248,1,Bass,0,0,0.34839210323125114,0.34839210323125114,16.09006608084014,0.5712961451459511,8.95038077435313,8.95038077435313,24.9073314067602,9.075985244407764,8.601988671121878,8.601988671121878,8.817265325920062,8.504689099261814
248,2,Drums,0,0,26.559167739410015,26.559167739410015,58.964231013380186,26.56166806753295,10.30939532417484,10.30939532417484,48.1454699161451,10.310176646455155,-16.249772415235174,-16.249772415235174,-10.818761097235083,-16.251491421077795
249,0,Vocal,0,0,22.595323045602225,22.595323045602225,38.36994841288568,22.712401645668947,32.656350613126406,32.656350613126406,66.90187924745328,32.65797343444041,10.061027567524182,10.061027567524182,28.531930834567603,9.94557178877146
249,1,Bass,0,0,-1.8414419924101197,-1.8414419924101204,35.90809648890553,-1.8395992512360353,-0.45301329180958105,-0.4530132918095815,60.029218224238356,-0.45300677129047573,1.3884287006005387,1.388428700600539,24.121121735332828,1.3865924799455596
249,2,Drums,0,0,30.44724945451283,30.44724945451283,68.8689779439293,30.44787130141644,4.86698077942304,4.86698077942304,59.293597890852716,4.867001537076813,-25.58026867508979,-25.58026867508979,-9.575380053076579,-25.580869764339628
250,0,Vocal,0,0,22.70043686352484,22.70043686352484,46.465461677228376,22.718822500125476,31.204404387447603,31.204404387447603,66.74616523714226,31.20560593327953,8.503967523922764,8.503967523922764,20.28070355991389,8.486783433154052
250,1,Bass,0,0,14.757421631810416,14.75742163181042,20.850077141849486,16.018616373435904,1.7242162779892904,1.7242162779892924,26.12331503433883,1.75060710300394,-13.033205353821126,-13.033205353821128,5.273237892489345,-14.268009270431964
250,2,Drums,0,0,22.461340999934404,22.461340999934404,30.184300908166865,23.269118812292756,7.90319861588498,7.903198615884978,37.02444483447346,7.909380322063085,-14.558142384049424,-14.558142384049425,6.840143926306592,-15.35973849022967
251,0,Vocal,0,0,31.605637213598765,31.605637213598765,45.38222220465137,31.79169976428891,17.086328990286603,17.086328990286603,62.3920631443476,17.086459111318103,-14.519308223312162,-14.519308223312162,17.009840939696232,-14.705240652970808
251,1,Bass,0,0,23.202629542950305,23.202629542950305,36.157368273452285,23.42938739989262,25.919276480320118,25.919276480320118,36.374280286663975,26.330113549330335,2.7166469373698128,2.7166469373698128,0.21691201321169018,2.900726149437716
251,2,Drums,0,0,26.823115995741897,26.823115995741897,41.869584770924305,26.96143900948845,14.780626307180535,14.780626307180535,55.559919510780034,14.78100098017429,-12.042489688561362,-12.042489688561362,13.690334739855729,-12.18043802931416
252,0,Vocal,0,0,24.14159234964822,24.14159234964822,63.179048550265364,24.142134288764243,22.832197045435855,22.832197045435855,45.46291720303191,22.856081635770646,-1.3093953042123658,-1.3093953042123658,-17.716131347233457,-1.2860526529935967
252,1,Bass,0,0,18.1344258553921,18.1344258553921,30.106143380144825,18.42362059317628,24.952192634134978,24.952192634134978,48.330306928715174,24.9722518072089,6.817766778742879,6.817766778742879,18.22416354857035,6.548631214032618
252,2,Drums,0,0,20.9835287494815,20.9835287494815,32.91357530158005,21.27354689794975,22.665067036409283,22.665067036409283,53.53097418424548,22.668643906309043,1.6815382869277826,1.6815382869277826,20.617398882665427,1.3950970083592935
253,0,Vocal,0,0,24.743901942512924,24.743901942512924,54.912968075207516,24.748092882639206,26.243459299105282,26.243459299105282,56.05221749945244,26.24800765036163,1.4995573565923586,1.4995573565923586,1.1392494242449231,1.499914767722423
253,1,Bass,0,0,16.207639078421217,16.207639078421217,26.90163749111464,16.603381426499784,14.305218561415904,14.305218561415904,36.104005108120745,14.335080024936088,-1.9024205170053126,-1.9024205170053126,9.202367617006104,-2.2683014015636953
253,2,Drums,0,0,20.620684607433,20.620684607433,30.532970815962578,21.09195422835027,23.63934808604236,23.63934808604236,45.31566589517266,23.669096851838233,3.018663478609362,3.018663478609362,14.782695079210079,2.577142623487962
254,0,Vocal,0,0,14.626348010029385,14.626348010029384,28.036115687640915,14.835892015580951,27.86773699578761,27.867736995787602,70.40788086983993,27.867972521488905,13.241388985758224,13.241388985758219,42.37176518219901,13.032080505907954
254,1,Bass,0,0,14.468009952252153,14.468009952252153,26.00396767994072,14.795050345808187,22.44406505884576,22.44406505884576,35.99822962708036,22.64109716690983,7.976055106593606,7.976055106593606,9.994261947139645,7.846046821101643
254,2,Drums,0,0,16.3410833379454,16.3410833379454,42.59902775296706,16.35161395679987,21.383265395191856,21.383265395191856,48.368948249903035,21.392030635739978,5.042182057246457,5.042182057246457,5.769920496935974,5.040416678940108
255,0,Vocal,0,0,26.832003727245343,26.832003727245343,51.849886387180135,26.84572881827247,33.80844748133398,33.80844748133398,65.45985179660009,33.8114087157379,6.976443754088635,6.976443754088635,13.609965409419956,6.965679897465428
255,1,Bass,0,0,15.195934075431678,15.195934075431678,27.736066655052714,15.452219570737197,19.988792717966486,19.988792717966483,37.408140003548866,20.06897892002079,4.792858642534808,4.792858642534805,9.672073348496152,4.616759349283592
255,2,Drums,0,0,21.20367243361602,21.20367243361602,54.30149581700026,21.20581593775777,26.637418567233265,26.637418567233265,65.07802489644692,26.638037338172374,5.433746133617245,5.433746133617245,10.77652907944666,5.432221400414605
256,0,Vocal,0,0,25.000172849909355,25.000172849909355,45.37628580010186,25.040305146216213,20.394056173991583,20.394056173991583,56.881926852073484,20.395038668414713,-4.606116675917772,-4.606116675917772,11.505641051971622,-4.645266477801499
256,1,Bass,0,0,16.565363798161663,16.565363798161663,30.046282565020533,16.769010534768963,21.878729259631605,21.87872925963161,37.96773412523346,21.987634445238683,5.313365461469942,5.313365461469946,7.92145156021293,5.21862391046972
256,2,Drums,0,0,24.670535218637717,24.670535218637717,33.081513478924585,25.348840342923786,25.737007594022533,25.737007594022533,48.45345517986614,25.760365253797602,1.0664723753848158,1.0664723753848158,15.371941700941555,0.4115249108738155
257,0,Vocal,0,0,27.92190327891159,27.92190327891159,45.11965790364574,28.005627133150853,29.74417276481261,29.74417276481261,73.57540026832402,29.744344888789072,1.8222694859010211,1.8222694859010211,28.45574236467828,1.7387177556382198
257,1,Bass,0,0,19.611164504521007,19.611164504521007,32.53880573039551,19.84074167968236,25.96742769448291,25.96742769448291,45.59230996682573,26.015151047260694,6.356263189961904,6.356263189961904,13.053504236430221,6.174409367578335
257,2,Drums,0,0,22.9116739086134,22.9116739086134,44.8009357210698,22.94001758450221,23.289998380964096,23.289998380964096,70.17186075855216,23.290086430466804,0.3783244723506982,0.3783244723506982,25.37092503748236,0.35006884596459287
258,0,Vocal,0,0,28.816592549366153,28.816592549366156,39.46252227954919,29.20847071057768,14.76550788392906,14.76550788392906,47.88538771451754,14.767696132823955,-14.051084665437093,-14.051084665437097,8.422865434968351,-14.440774577753723
258,1,Bass,0,0,18.22687929634984,18.22687929634984,27.741560214454722,18.749182033457814,22.949912441617343,22.949912441617343,38.42635542316637,23.075374845493815,4.723033145267504,4.723033145267504,10.684795208711648,4.326192812036002
258,2,Drums,0,0,15.779921477185013,15.779921477185013,32.934151487964364,15.866575033662668,18.59697466525973,18.59697466525973,64.2504004416653,18.597092001758604,2.8170531880747163,2.8170531880747163,31.316248953700942,2.7305169680959356
259,0,Vocal,0,0,27.278401807592868,27.278401807592864,47.268045645150956,27.322230382823896,16.033632550644363,16.033632550644363,39.54485688974752,16.053506702087972,-11.244769256948505,-11.244769256948501,-7.723188755403434,-11.268723680735924
259,1,Bass,0,0,17.412439090231164,17.412439090231164,29.90348634225134,17.66876754126954,22.22194804018613,22.22194804018613,40.85729417584762,22.282175377690795,4.809508949954967,4.809508949954967,10.95380783359628,4.613407836421256
259,2,Drums,0,0,21.77964205409364,21.77964205409364,37.22241968231373,21.906293667494253,27.01882553369062,27.01882553369062,50.80446453478264,27.037060231687647,5.239183479596981,5.239183479596981,13.582044852468911,5.130766564193394
260,0,Vocal,0,0,24.942661574752677,24.942661574752677,45.39629283393658,24.982082293372848,19.05960011446455,19.05960011446455,60.92533302186348,19.05988513329434,-5.8830614602881255,-5.8830614602881255,15.529040187926903,-5.9221971600785075
260,1,Bass,0,0,16.58933835115938,16.58933835115938,30.111618188083057,16.79098781930042,21.71762184664797,21.71762184664797,38.24940882727592,21.815875697102246,5.1282834954885885,5.1282834954885885,8.137790639192865,5.024887877801827
260,2,Drums,0,0,24.673563228375755,24.673563228375755,33.11823266251882,25.346200106088155,22.47125733401516,22.47125733401516,44.38038940970061,22.49948702429564,-2.2023058943605953,-2.2023058943605953,11.262156747181791,-2.8467130817925153
261,0,Vocal,0,0,23.40110007364187,23.40110007364187,50.26609161729936,23.410087213251085,28.87011630612441,28.87011630612441,87.00500062279842,28.87011641752967,5.469016232482538,5.469016232482538,36.73890900549906,5.460029204278584
261,1,Bass,0,0,17.52545002391874,17.52545002391874,34.11229461897368,17.623496096873062,23.540023172372347,23.540023172372347,41.66591746263171,23.607699063810045,6.014573148453607,6.014573148453607,7.553622843658033,5.984202966936984
261,2,Drums,0,0,21.118311651497976,21.118311651497976,53.25726394132861,21.120985289778687,23.198990826445968,23.198990826445968,55.24123872316653,23.201715719551885,2.080679174947992,2.080679174947992,1.9839747818379223,2.0807304297731974
262,0,Vocal,0,0,32.86747408428164,32.86747408428164,58.56818464579967,32.87917014637118,32.50726314700027,32.50726314700027,76.68966396900109,32.50741697210146,-0.3602109372813658,-0.3602109372813658,18.12147932320142,-0.37175317426972043
262,1,Bass,0,0,22.903096974485436,22.903096974485436,32.47891548169032,23.412916228093348,28.39247956007327,28.39247956007327,46.03709909633792,28.467927735187644,5.489382585587833,5.489382585587833,13.558183614647596,5.055011507094296
262,2,Drums,0,0,19.7553346238116,19.755334623811603,52.36288629189704,19.75774009534797,21.557782218926377,21.557782218926377,50.89627728771333,21.562873573880992,1.8024475951147778,1.8024475951147743,-1.4666090041837094,1.8051334785330226
263,0,Vocal,0,0,23.36274308636691,23.36274308636691,55.919973787255714,23.36516242379392,15.440845949898383,15.440845949898383,79.35499746021377,15.440847218583862,-7.921897136468525,-7.921897136468525,23.435023672958053,-7.924315205210057
263,1,Bass,0,0,17.55914328920649,17.55914328920649,31.20839807565931,17.75403309673718,22.711240265255825,22.711240265255825,40.02348195239392,22.79306986557801,5.152096976049336,5.152096976049336,8.815083876734612,5.039036768840827
263,2,Drums,0,0,26.814253120244928,26.814253120244928,38.60162757025351,27.112598019267228,24.085580028859038,24.085580028859038,55.070928664507896,24.089054966518674,-2.7286730913858896,-2.7286730913858896,16.469301094254384,-3.023543052748554
264,0,Vocal,0,0,22.19243443276686,22.19243443276686,48.63156472801215,22.202363130060462,27.76252026710432,27.76252026710432,59.51806577570313,27.765417988985234,5.570085834337462,5.570085834337462,10.886501047690977,5.563054858924772
264,1,Bass,0,0,21.593621138396614,21.593621138396614,29.23871699305684,22.41841030265537,27.90849556549925,27.90849556549925,39.14789339643318,28.248416039668754,6.314874427102637,6.314874427102637,9.909176403376343,5.8300057370133835
264,2,Drums,0,0,28.369026347354733,28.369026347354737,50.44159759809696,28.39609560278799,32.79898078372115,32.79898078372115,52.82736990012939,32.842360196662675,4.429954436366415,4.429954436366412,2.3857723020324286,4.446264593874684
265,0,Vocal,0,0,18.95931158584018,18.95931158584018,56.73228369410041,18.960044560896705,30.274019348710596,30.274019348710596,74.19326798410691,30.274174423686585,11.314707762870416,11.314707762870416,17.4609842900065,11.31412986278988
265,1,Bass,0,0,21.059813382589773,21.059813382589773,28.59038586686514,21.90960566050498,26.81481590168188,26.81481590168188,35.78700120669404,27.404332756686767,5.7550025190921055,5.7550025190921055,7.196615339828902,5.494727096181787
265,2,Drums,0,0,31.286225964161734,31.286225964161734,43.16109313993611,31.578038182459448,35.73735773922526,35.73735773922526,48.928516789799346,35.95085449486413,4.451131775063526,4.451131775063526,5.7674236498632325,4.372816312404684
266,0,Vocal,0,0,22.61776783338336,22.61776783338336,29.209792434143548,23.69745086129643,31.725983230452673,31.725983230452673,65.54971314024473,31.72775494537028,9.108215397069312,9.108215397069312,36.33992070610118,8.030304084073848
266,1,Bass,0,0,23.822646827191797,23.82264682719179,33.02891486073315,24.380242417846528,30.07826618446497,30.07826618446497,46.18543308573734,30.186123063970534,6.255619357273172,6.255619357273179,13.156518225004184,5.805880646124006
266,2,Drums,0,0,27.38424645791782,27.38424645791782,53.62422915033008,27.394597043687558,11.987296268429779,11.987296268429779,34.828972373402394,12.011357739871825,-15.39695018948804,-15.39695018948804,-18.795256776927687,-15.383239303815733
267,0,Vocal,0,0,21.850716795801453,21.850716795801453,59.26955179678303,21.85150653114061,23.591133110110036,23.591133110110036,50.27081248458324,23.600508804468458,1.7404163143085825,1.7404163143085825,-8.998739312199788,1.7490022733278465
267,1,Bass,0,0,21.208038043738263,21.208038043738263,28.77551675722206,22.049706109071423,27.079006375240404,27.079006375240404,37.411280324858936,27.501970485359244,5.870968331502141,5.870968331502141,8.635763567636875,5.452264376287822
267,2,Drums,0,0,26.058021563342063,26.05802156334206,73.92864824274865,26.058091568570507,29.532522265175842,29.532522265175842,50.78056011810833,29.565261165893887,3.4745007018337795,3.474500701833783,-23.148088124640317,3.5071695973233794
268,0,Vocal,0,0,22.660045614848705,22.660045614848705,52.665414055287876,22.664406534127146,23.23588458709869,23.23588458709869,49.223083032054795,23.246888685531893,0.5758389722499828,0.5758389722499828,-3.4423310232330806,0.5824821514047471
268,1,Bass,0,0,21.54496129708718,21.54496129708718,29.315410450319852,22.34407088234875,28.820618635051108,28.820618635051108,38.919159493896025,29.26793633718136,7.275657337963928,7.275657337963928,9.603749043576173,6.923865454832612
268,2,Drums,0,0,26.399569573532077,26.399569573532077,50.95590404704247,26.414840654583173,30.655534114923174,30.655534114923174,47.5035647507153,30.746287087323164,4.255964541391098,4.255964541391098,-3.4523392963271746,4.331446432739991
269,0,Vocal,0,0,1.4847432681870902,1.484743268187091,35.295317777030114,1.4878293190288434,3.529946824240542,3.529946824240543,45.584537304550146,3.5303210491175885,2.0452035560534516,2.045203556053452,10.289219527520032,2.042491730088745
269,1,Bass,0,0,21.22017383935717,21.22017383935717,28.60586515290457,22.10165367418101,25.593540468877578,25.593540468877578,39.165133876530746,25.78920543893731,4.373366629520408,4.373366629520408,10.559268723626175,3.6875517647563
269,2,Drums,0,0,33.392206232892725,33.392206232892725,46.22828094968234,33.624433659206716,37.605763154363515,37.605763154363515,51.5311325539118,37.78533089366749,4.21355692147079,4.21355692147079,5.30285160422946,4.160897234460776
270,0,Vocal,0,0,18.497161457749282,18.497161457749282,35.36675057507885,18.5886477939687,17.46323604842274,17.46323604842274,79.11310391824374,17.463238177287035,-1.0339254093265424,-1.0339254093265424,43.74635334316489,-1.1254096166816652
270,1,Bass,0,0,18.087665832415162,18.087665832415162,26.309875670185683,18.806607358217526,9.807319846459421,9.80731984645942,45.063541062749344,9.808750001788232,-8.28034598595574,-8.280345985955742,18.75366539256366,-8.997857356429295
270,2,Drums,0,0,27.4997849854932,27.4997849854932,38.70962890677178,27.842172789894107,31.870449151966117,31.870449151966117,47.84190236065224,31.981738155418647,4.370664166472917,4.370664166472917,9.132273453880458,4.13956536552454
271,0,Vocal,0,0,20.51935077483327,20.51935077483327,47.385618506434966,20.528373618496254,18.028901916095567,18.028901916095567,47.547919946764935,18.03383129184978,-2.490448858737704,-2.490448858737704,0.16230144032996918,-2.4945423266464744
271,1,Bass,0,0,19.87642598923355,19.876425989233546,26.919808438105683,20.841026099954444,25.375334352084327,25.375334352084327,35.67528910277482,25.80199912613008,5.498908362850777,5.498908362850781,8.755480664669136,4.960973026175637
271,2,Drums,0,0,27.746724222359596,27.746724222359592,48.443416366892734,27.783935907789804,31.586487045800176,31.586487045800176,57.60208091733804,31.597374408235982,3.83976282344058,3.8397628234405836,9.158664550445309,3.8134385004461784
272,0,Vocal,0,0,8.281711797858792,8.281711797858794,27.450149192423403,8.342432341823336,20.928914325841724,20.928914325841724,62.90625291210078,20.929189100654355,12.647202527982932,12.64720252798293,35.45610371967738,12.586756758831019
272,1,Bass,0,0,2.0857654602394957,2.0857654602394957,16.64770191605427,2.3333704773705044,5.195608436704859,5.195608436704859,36.11895659851113,5.2001822453190645,3.1098429764653632,3.1098429764653632,19.471254682456863,2.86681176794856
272,2,Drums,0,0,27.33506260425658,27.33506260425658,34.29605637565519,28.312981665403566,31.301640261018456,31.301640261018456,46.02846282887262,31.45051567044769,3.9665776567618742,3.9665776567618742,11.732406453217429,3.137534005044124
273,0,Vocal,0,0,6.189043080240067,6.189043080240065,25.152754539441872,6.257767839540275,8.72138031789789,8.72138031789789,30.066163841377794,8.757637070112423,2.5323372376578224,2.532337237657824,4.913409301935921,2.4998692305721484
273,1,Bass,0,0,0.2656930950714365,0.2656930950714356,15.257711768300927,0.5330407935439297,3.0940600240115086,3.0940600240115095,23.891246219630105,3.1480496100093367,2.828366928940072,2.8283669289400737,8.633534451329178,2.615008816465407
273,2,Drums,0,0,30.50238973196376,30.502389731963756,42.837321951617,30.76400691119305,34.317759543728044,34.317759543728044,50.467459729108704,34.424486134108164,3.8153698117642847,3.8153698117642882,7.630137777491704,3.6604792229151144
274,0,Vocal,0,0,6.775164442122166,6.775164442122166,25.024005118611843,6.854290092801275,20.18259219269914,20.18259219269914,72.93540017450897,20.182612316114966,13.407427750576975,13.407427750576975,47.91139505589713,13.328322223313691
274,1,Bass,0,0,-0.9006677948355146,-0.9006677948355146,13.958665444730725,-0.5853095397875001,3.15095091581244,3.15095091581244,37.38241294046421,3.1533838006158117,4.051618710647954,4.051618710647954,23.42374749573348,3.738693340403312
274,2,Drums,0,0,29.217260522248978,29.217260522248978,37.240900014387826,29.963043305886128,34.052986163285446,34.052986163285446,51.05258501406609,34.14055060098556,4.835725641036468,4.835725641036468,13.811684999678263,4.177507295099435
275,0,Vocal,0,0,9.300948745496484,9.300948745496484,27.082541685860487,9.382433549787226,17.534886653119443,17.534886653119443,42.87672727303122,17.547822630953345,8.233937907622959,8.233937907622959,15.794185587170734,8.165389081166119
275,1,Bass,0,0,-1.3159135110003641,-1.3159135110003641,12.293158546683847,-0.8736225093357455,1.711056533909969,1.7110565339099695,28.86569462511064,1.7250622647011558,3.026970044910333,3.0269700449103336,16.572536078426793,2.5986847740369012
275,2,Drums,0,0,26.950966835428392,26.950966835428392,33.17974738384565,28.135207271813243,31.125648354967232,31.125648354967232,46.81966949157057,31.244395223575605,4.17468151953884,4.17468151953884,13.63992210772492,3.1091879517623617
276,0,Vocal,0,0,9.067362419314316,9.067362419314316,26.647112407462533,9.15324510164597,21.773228037673015,21.773228037673015,64.34309665134424,21.773467183205955,12.705865618358699,12.705865618358699,37.69598424388171,12.620222081559985
276,1,Bass,-1,0,-3.7807311388274547,-3.780731138827455,9.84912519260968,-3.16038912650502,1.4729152859343606,1.4729152859343606,23.89179496860973,1.5155590450873393,5.253646424761815,5.253646424761816,14.04266977600005,4.67594817159236
276,2,Drums,0,0,25.84240775164674,25.84240775164674,31.37541688437034,27.270459968664564,31.792714658416095,31.792714658416095,51.40867329313559,31.840445461433006,5.950306906769356,5.950306906769356,20.033256408765254,4.569985492768442
277,0,Vocal,0,0,9.69620634490312,9.69620634490312,28.636186544355,9.757939451610131,19.73439321918814,19.73439321918814,50.82744506956171,19.73780560992632,10.038186874285019,10.038186874285019,22.191258525206713,9.979866158316188
277,1,Bass,0,0,0.7504291383031804,0.7504291383031804,14.614175114663091,1.0801629310900998,4.4633730071740265,4.4633730071740265,34.01472706116046,4.4699139629780955,3.712943868870846,3.712943868870846,19.400551946497366,3.3897510318879958
277,2,Drums,0,0,23.911288372180245,23.911288372180245,30.77011107177997,24.917368059522886,28.486651347451485,28.486651347451485,45.76311596536219,28.5688434153747,4.57536297527124,4.57536297527124,14.99300489358222,3.651475355851815
278,0,Vocal,0,0,8.91087866729933,8.91087866729933,27.271916106735986,8.982817106320818,11.007444665941561,11.007444665941561,30.505614017328455,11.060333149713422,2.0965659986422303,2.0965659986422303,3.2336979105924684,2.0775160433926043
278,1,Bass,0,0,-1.0046802107801394,-1.0046802107801394,13.858876934082677,-0.6855659515445066,1.9364118230807543,1.9364118230807543,27.08021597563559,1.9582168309069095,2.941092033860894,2.941092033860894,13.221339041552913,2.643782782451416
278,2,Drums,0,0,28.16348628073687,28.16348628073687,35.55623306894403,29.0386152357711,32.74725067848131,32.74725067848131,51.88975763953501,32.800507486165735,4.583764397744439,4.583764397744439,16.33352457059098,3.7618922503946344
279,0,Vocal,0,0,10.440432528637926,10.440432528637926,29.962509468121368,10.493564918013814,19.941910489409697,19.941910489409697,47.983123670970464,19.948801139017544,9.501477960771771,9.501477960771771,18.020614202849096,9.45523622100373
279,1,Bass,0,0,-0.5905335152487055,-0.5905335152487049,15.120404333811715,-0.3407743677219249,1.8326813122000982,1.8326813122000982,35.07243747795425,1.8360918787781852,2.4232148274488035,2.423214827448803,19.95203314414254,2.17686624650011
279,2,Drums,0,0,27.527903237152987,27.527903237152987,33.63027413045331,28.752252216807342,29.919732845189063,29.919732845189067,46.453718243924556,30.017384287709096,2.391829608036076,2.3918296080360797,12.823444113471247,1.2651320709017533
280,0,Vocal,0,0,14.626450617481655,14.626450617481655,40.48908979008359,14.638112275306518,25.19567591453184,25.19567591453184,49.63162529041857,25.211383689182444,10.569225297050185,10.569225297050185,9.14253550033498,10.573271413875926
280,1,Bass,0,0,11.895227422297207,11.895227422297207,26.556312654252288,12.05589431326266,18.156813531341786,18.156813531341786,48.47291900069841,18.16091432778564,6.261586109044579,6.261586109044579,21.916606346446123,6.10502001452298
280,2,Drums,0,0,19.329969065121112,19.329969065121112,32.32656639866985,19.55599570215913,23.98546585476952,23.98546585476952,41.197659865631564,24.069108727622943,4.6554967896484065,4.6554967896484065,8.871093466961717,4.513113025463813
281,0,Vocal,0,0,17.265533515225556,17.265533515225552,52.70605693933234,17.266794691906075,24.876610932123974,24.876610932123974,73.91110400371625,24.876646194751117,7.611077416898418,7.611077416898421,21.205047064383905,7.609851502845043
281,1,Bass,0,0,11.054526016842534,11.054526016842537,29.04554898271634,11.129459550388706,14.36443888907826,14.36443888907826,46.18220960831814,14.367400852796262,3.309912872235726,3.3099128722357225,17.1366606256018,3.237941302407556
281,2,Drums,0,0,29.07035169143754,29.07035169143754,51.79717540673144,29.093612296202767,16.08469784478511,16.08469784478511,55.408365099498965,16.085217304052865,-12.98565384665243,-12.98565384665243,3.6111896927675247,-13.008394992149903
282,0,Vocal,0,0,17.299494401874313,17.299494401874313,48.78310463581805,17.302638490146215,25.632205254656675,25.632205254656675,68.44103599432769,25.632428532763676,8.332710852782363,8.332710852782363,19.657931358509643,8.32979004261746
282,1,Bass,0,0,8.027084899426962,8.027084899426962,25.42956080620542,8.119217783115879,11.383736496382435,11.383736496382433,35.49938428882412,11.401828142662174,3.356651596955473,3.356651596955471,10.069823482618698,3.282610359546295
282,2,Drums,0,0,19.74838437503579,19.74838437503579,25.390596989222423,21.144132973668306,25.90414461901723,25.90414461901723,47.7612405364698,25.932626553675494,6.15576024398144,6.15576024398144,22.370643547247376,4.788493580007188
283,0,Vocal,0,0,27.51252157177109,27.51252157177109,47.643790572785875,27.554919319523815,23.425709205755325,23.425709205755325,59.75552858624931,23.426716999093138,-4.086812366015764,-4.086812366015764,12.111738013463437,-4.1282023204306775
283,1,Bass,0,0,15.682831975321378,15.682831975321378,20.264793685052958,17.58221610531099,24.9841494607695,24.9841494607695,43.08019104118532,25.05216760521984,9.301317485448124,9.301317485448124,22.815397356132365,7.4699514999088485
283,2,Drums,0,0,10.791077513888025,10.791077513888025,18.60832229874403,11.635198567696929,7.197882343876665,7.197882343876665,42.153447599007016,7.199529421417329,-3.5931951700113602,-3.5931951700113602,23.545125300262985,-4.4356691462796
284,0,Vocal,0,0,21.35763705026019,21.35763705026019,44.9294977684243,21.37689766389205,28.45655220130351,28.45655220130351,71.67887313851053,28.456749302867482,7.098915151043318,7.098915151043318,26.749375370086227,7.079851638975434
284,1,Bass,0,0,12.132479325550511,12.132479325550511,26.904659820499074,12.288526856844111,15.838445490007416,15.838445490007416,52.84150705891828,15.839333403235138,3.705966164456905,3.705966164456905,25.936847238419208,3.5508065463910263
284,2,Drums,0,0,18.778917916396058,18.778917916396058,23.664442358779503,20.502421045352914,23.976877464342216,23.976877464342216,44.9855930945198,24.011578837390864,5.197959547946159,5.197959547946159,21.321150735740297,3.50915779203795
285,0,Vocal,0,0,16.402988694069684,16.402988694069684,38.14115887602045,16.432856599668593,22.817219457507004,22.817219457507004,71.84451294791822,22.81726820570631,6.41423076343732,6.41423076343732,33.70335407189777,6.384411606037716
285,1,Bass,0,0,8.855848385652829,8.855848385652829,23.14295149729812,9.041786597395125,14.493396972627142,14.493396972627144,36.48675153173315,14.521902184973616,5.637548586974313,5.637548586974315,13.343800034435027,5.48011558757849
285,2,Drums,0,0,22.343020944625856,22.343020944625856,34.27511757205938,22.632300952564854,27.157186328948075,27.157186328948075,57.26174220424636,27.16143141705629,4.814165384322219,4.814165384322219,22.98662463218698,4.529130464491434
286,0,Vocal,0,0,16.273045980404458,16.273045980404458,63.28678256561206,16.273132199540406,25.849650067086966,25.849650067086966,68.7637824779472,25.849851858749894,9.576604086682508,9.576604086682508,5.476999912335145,9.576719659209488
286,1,Bass,0,0,6.148627403924149,6.148627403924149,23.741152750711557,6.243207268090814,12.46877086625431,12.46877086625431,30.943171298350766,12.53441435220078,6.3201434623301616,6.3201434623301616,7.202018547639209,6.291207084109966
286,2,Drums,0,0,25.232808303196386,25.232808303196386,32.168840671084205,26.218059026534604,20.29095179224409,20.29095179224409,48.835955343774216,20.2970826681968,-4.941856510952295,-4.941856510952295,16.667114672690012,-5.9209763583378034
287,0,Vocal,0,0,16.673134362444685,16.673134362444685,47.417268261727784,16.676872543868072,25.868036245290146,25.868036245290146,60.675048363741595,25.86946623306462,9.19490188284546,9.19490188284546,13.257780102013811,9.19259368919655
287,1,Bass,0,0,5.472418548933389,5.472418548933389,24.496569336269687,5.54252700756615,9.661422474895053,9.661422474895053,38.20803837034078,9.6681514003969,4.189003925961664,4.189003925961664,13.711469034071094,4.125624392830749
287,2,Drums,0,0,25.33996576653474,25.33996576653474,31.889588300721464,26.429231141263074,31.53250856282382,31.53250856282382,46.42229065525995,31.67579912740967,6.192542796289082,6.192542796289082,14.532702354538486,5.246567986146598
288,0,Vocal,0,0,13.681059926538964,13.681059926538964,32.64994267868937,13.738838055595753,11.523683753571296,11.523683753571294,36.82487653756431,11.53741801303093,-2.157376172967668,-2.1573761729676697,4.174933858874937,-2.2014200425648234
288,1,Bass,0,0,16.555707334795798,16.555707334795798,34.004003749919264,16.63630063414891,23.074627178400323,23.074627178400323,42.82066688743192,23.121144078377203,6.518919843604525,6.518919843604525,8.816663137512656,6.484843444228293
288,2,Drums,0,0,21.092826651967624,21.092826651967624,41.22663877753258,21.135471011163965,27.70668142381506,27.70668142381506,54.896181883801454,27.714997437756995,6.613854771847436,6.613854771847436,13.669543106268875,6.579526426593031
289,0,Vocal,0,0,17.296276058230745,17.296276058230745,37.77644626778909,17.336058473964982,6.57746428127258,6.57746428127258,18.69227391483832,6.911184102163588,-10.718811776958166,-10.718811776958166,-19.08417235295077,-10.424874371801394
289,1,Bass,0,0,20.970717538779038,20.970717538779038,36.99442276769835,21.081459086992318,29.089555190490692,29.089555190490692,41.32754535443787,29.35735294551147,8.118837651711655,8.118837651711655,4.33312258673952,8.27589385851915
289,2,Drums,0,0,27.4545972226205,27.4545972226205,41.28179720108768,27.63866483024943,10.412869322222857,10.412869322222857,33.58195701841806,10.435758244253659,-17.041727900397643,-17.041727900397643,-7.699840182669618,-17.20290658599577
290,0,Vocal,0,0,18.47234313357763,18.47234313357763,37.89803110354058,18.522901908884613,16.335889855992512,16.335889855992512,41.99103762777178,16.34799071434088,-2.136453277585119,-2.136453277585119,4.0930065242312,-2.174911194543732
290,1,Bass,0,0,11.395530356809056,11.395530356809056,24.987433517079126,11.603490299405435,18.32612305740749,18.32612305740749,41.54403748306498,18.347177287835567,6.930592700598433,6.930592700598433,16.556603965985857,6.743686988430133
290,2,Drums,0,0,23.024858329648218,23.024858329648218,48.38536597361713,23.037578835474257,25.820150821543386,25.820150821543386,62.39776016078075,25.821107467600214,2.795292491895168,2.795292491895168,14.012394187163622,2.7835286321259574
291,0,Vocal,0,0,19.675963209440777,19.675963209440777,39.711447528861996,19.719717863185075,8.465673395988066,8.465673395988066,23.178765477260505,8.63576244330179,-11.210289813452711,-11.210289813452711,-16.53268205160149,-11.083955419883285
291,1,Bass,0,0,15.299213586562338,15.299213586562338,32.08746999053278,15.393847399569056,22.432483653447868,22.432483653447868,49.258326714413684,22.44156369754514,7.13327006688553,7.13327006688553,17.170856723880902,7.047716297976082
291,2,Drums,0,0,22.00527687717626,22.00527687717626,39.62245478940452,22.081582244922366,28.817074793876674,28.817074793876674,71.92059771321489,28.81728591222899,6.811797916700414,6.811797916700414,32.29814292381037,6.735703667306623
292,0,Vocal,0,0,15.019571323680715,15.019571323680719,26.601068603988356,15.341795245478334,2.9868183186051622,2.9868183186051627,35.65924390582732,2.9903457853368836,-12.032753005075552,-12.032753005075556,9.058175301838961,-12.35144946014145
292,1,Bass,0,0,13.395159163345724,13.395159163345724,29.322321238833275,13.512608679343858,19.605957759982356,19.605957759982356,36.88682365470763,19.68884199947543,6.210798596636632,6.210798596636632,7.564502415874351,6.176233320131571
292,2,Drums,0,0,19.765547115292545,19.765547115292545,33.23687300929317,19.967411237896734,22.648547255496872,22.648547255496872,72.7035826676869,22.648589963043946,2.8830001402043273,2.8830001402043273,39.46670965839373,2.6811787251472126
293,0,Vocal,0,0,16.807850752726225,16.807850752726225,27.33458253055695,17.21867154005044,9.199821893805998,9.199821893805998,45.44670324732719,9.200976433073118,-7.6080288589202265,-7.6080288589202265,18.112120716770242,-8.017695106977323
293,1,Bass,0,0,15.70608017127684,15.70608017127684,31.361131167570896,15.828996984680137,22.880596561163102,22.880596561163102,39.59983836513683,22.974509829397505,7.1745163898862625,7.1745163898862625,8.238707197565937,7.145512844717368
293,2,Drums,0,0,20.96676681884658,20.96676681884658,46.99030585441061,20.97771698411645,21.153266697680877,21.153266697680877,48.46754465208788,21.161396097714892,0.1864998788342973,0.1864998788342973,1.4772387976772734,0.18367911359844058
294,0,Vocal,0,0,13.834873117129384,13.834873117129384,22.480194997974493,14.497244079534703,8.89845856884172,8.89845856884172,32.301454458231504,8.92089691735619,-4.936414548287663,-4.936414548287663,9.82125946025701,-5.576347162178513
294,1,Bass,0,0,17.783519030871247,17.783519030871247,36.62314650155296,17.84156879760506,24.19941744822524,24.19941744822524,48.218153784501474,24.216731605696932,6.4158984173539935,6.4158984173539935,11.595007282948515,6.375162808091872
294,2,Drums,0,0,23.477616188920422,23.477616188920422,28.835311677370168,24.97821381648815,23.201468308836816,23.201468308836816,47.148759907287726,23.219087458503456,-0.2761478800836059,-0.2761478800836059,18.313448229917558,-1.7591263579846945
295,0,Vocal,0,0,16.177927950874814,16.177927950874814,40.49140031505807,16.194430507937593,13.457519585992904,13.457519585992904,26.952031670994256,13.664986969600367,-2.7204083648819104,-2.7204083648819104,-13.539368644063817,-2.529443538337226
295,1,Bass,0,0,19.370812109326454,19.370812109326454,36.066548129709176,19.46583674200466,28.657870689552084,28.657870689552084,47.233474646656425,28.71866060410056,9.28705858022563,9.28705858022563,11.16692651694725,9.252823862095898
295,2,Drums,0,0,26.872178728122247,26.872178728122247,44.50219455818061,26.947937786089554,17.667291167638034,17.667291167638034,37.81853023530926,17.71015556958678,-9.204887560484213,-9.204887560484213,-6.683664322871351,-9.237782216502772
296,0,Vocal,0,0,2.9006109060593626,2.900610906059362,14.657491573553019,3.346650437195566,16.99806733161385,16.99806733161385,44.70678834395972,17.005570709227882,14.097456425554487,14.097456425554487,30.049296770406706,13.658920272032317
296,1,Bass,0,0,13.1257691294294,13.1257691294294,29.244022679228742,13.238413215702751,17.88449104474822,17.88449104474822,61.99496714505977,17.8846620631188,4.758721915318819,4.758721915318819,32.750944465831026,4.646248847416048
296,2,Drums,0,0,25.279385079923273,25.279385079923273,26.633527548335934,31.00949079384735,28.97294319318886,28.97294319318886,32.99059184062606,31.168293512004297,3.6935581132655884,3.6935581132655884,6.357064292290126,0.15880271815694869
297,0,Vocal,0,0,2.802773617017637,2.802773617017637,17.067052705273387,3.0530854992593848,20.328356966925313,20.328356966925313,54.131808542753774,20.33017905800581,17.525583349907677,17.525583349907677,37.06475583748039,17.277093558746426
297,1,Bass,0,0,14.753735458688649,14.753735458688649,31.437138593564946,14.85107432889503,20.39647539685965,20.396475396859643,37.60123581661605,20.48068858010527,5.642739938171001,5.642739938170994,6.164097223051101,5.6296142512102385
297,2,Drums,0,0,12.268792913908396,12.268792913908397,26.468379793352824,12.446926598921046,12.800954835543179,12.80095483554318,43.32493244602601,12.805007745523323,0.532161921634783,0.532161921634783,16.856552652673187,0.3580811466022773
298,0,Vocal,0,0,4.8731017229987525,4.873101722998752,19.89793783479005,5.056083422637457,22.770611318343633,22.770611318343633,48.50262491552488,22.782286668215633,17.89750959534488,17.897509595344882,28.604687080734834,17.726203245578176
298,1,Bass,0,0,14.501180668047533,14.501180668047533,30.691459230089713,14.610571763484682,19.170150481885237,19.170150481885237,35.47083708707348,19.274386520716394,4.668969813837704,4.668969813837704,4.779377856983764,4.663814757231712
298,2,Drums,0,0,12.597336882461136,12.597336882461136,29.28964738311762,12.696474060478476,18.019694825875607,18.019694825875604,43.44630249469097,18.032357482604933,5.422357943414472,5.422357943414468,14.156655111573347,5.335883422126457
299,0,Vocal,0,0,4.748048793820759,4.74804879382076,18.70169781598896,4.984583123502052,19.611044391648456,19.611044391648456,56.144023606611526,19.612017092849584,14.862995597827696,14.862995597827695,37.44232579062256,14.627433969347532
299,1,Bass,0,0,13.797178617547921,13.797178617547921,30.63230134692812,13.891883246913011,19.522386080782002,19.522386080782002,40.97938764188182,19.553895305670522,5.7252074632340815,5.7252074632340815,10.347086294953701,5.662012058757512
299,2,Drums,0,0,13.08092506894257,13.08092506894257,26.866399828050653,13.27541068724077,12.96999935647105,12.96999935647105,35.82306312547341,12.993709232411783,-0.11092571247151994,-0.11092571247151994,8.956663297422757,-0.2817014548289869
300,0,Vocal,0,0,13.831523235686527,13.831523235686529,22.96893050012942,14.418305094008122,20.296546788772755,20.296546788772755,51.98007834027017,20.29951971841428,6.465023553086228,6.465023553086226,29.011147840140747,5.881214624406159
300,1,Bass,0,0,13.271104918234922,13.271104918234922,27.623647128138508,13.441019009692369,19.1810079299422,19.1810079299422,40.61392068980937,19.212720664837832,5.909903011707279,5.909903011707279,12.990273561670861,5.771701655145463
300,2,Drums,0,0,16.024478187578644,16.024478187578644,24.765866087607495,16.661848115704903,23.666058047121034,23.666058047121034,37.02396123990356,23.87213595005772,7.641579859542389,7.641579859542389,12.258095152296061,7.210287834352819
301,0,Vocal,0,0,15.918506873746496,15.918506873746496,30.24718442253972,16.085933341329785,16.8435884849707,16.8435884849707,54.685840023888936,16.844315661510333,0.9250816112242024,0.9250816112242024,24.438655601349215,0.758382320180548
301,1,Bass,0,0,9.294743094434759,9.294743094434757,23.60847187737422,9.477522940011989,13.840236806503427,13.840236806503427,55.89461210676711,13.84051756554969,4.545493712068668,4.545493712068669,32.28614022939289,4.362994625537702
301,2,Drums,0,0,20.00378179161423,20.003781791614227,36.404719040153836,20.105401410284536,13.878385772773507,13.878385772773507,44.45868293621076,13.88234258789967,-6.125396018840723,-6.1253960188407195,8.05396389605692,-6.223058822384866
302,0,Vocal,0,0,4.459814300285576,4.459814300285576,21.903508278055106,4.566692740899174,16.84647629906282,16.84647629906282,53.63575089746394,16.84740296619038,12.386661998777246,12.386661998777246,31.732242619408837,12.280710225291205
302,1,Bass,0,0,13.373919200280671,13.373919200280671,30.258399929737323,13.467922545766584,18.206981716805142,18.206981716805146,37.007292562229985,18.26547398405293,4.833062516524471,4.833062516524475,6.748892632492662,4.797551438286348
302,2,Drums,0,0,13.883185240394322,13.883185240394322,27.61475517310551,14.078627449890881,16.210312859071635,16.210312859071635,54.791071359377824,16.210929249165027,2.327127618677313,2.327127618677313,27.176316186272313,2.1323017992741455
303,0,Vocal,0,0,7.663977729563214,7.663977729563214,18.021959889001277,8.151487888842464,21.89778173740498,21.89778173740498,56.25655083139512,21.89937229573249,14.233804007841766,14.233804007841766,38.23459094239384,13.747884406890027
303,1,Bass,0,0,14.572116869773037,14.572116869773037,32.53043431325791,14.644598073189092,21.549288367603765,21.549288367603765,61.033922370930426,21.549780123663318,6.977171497830728,6.977171497830728,28.503488057672513,6.905182050474226
303,2,Drums,0,0,23.81647786440854,23.81647786440854,25.474936789255416,28.812436279358458,21.60157242276336,21.60157242276336,38.537068964374875,21.691032305403834,-2.214905441645179,-2.214905441645179,13.062132175119459,-7.121403973954624
304,0,Vocal,0,0,20.58223511220696,20.58223511220696,37.58966197916689,20.670368651567177,29.217552736722805,29.217552736722805,47.84987650828022,29.27753177629892,8.635317624515846,8.635317624515846,10.260214529113327,8.607163124731741
304,1,Bass,0,0,12.642403386387786,12.642403386387786,22.68603330687085,13.118491868966656,21.531595787765102,21.531595787765102,45.69580957425926,21.548386654891015,8.889192401377317,8.889192401377317,23.009776267388407,8.42989478592436
304,2,Drums,0,0,20.396873908803343,20.396873908803343,30.57773930075157,20.83860945844366,24.172088894637717,24.172088894637717,41.41896025074654,24.255046774293618,3.775214985834374,3.775214985834374,10.841220949994966,3.416437315849958
305,0,Vocal,0,0,25.71089452539109,25.71089452539109,51.5335150071634,25.722302198960865,30.276462002824253,30.276462002824253,71.17974333081317,30.276810777619954,4.565567477433163,4.565567477433163,19.646228323649765,4.554508578659089
305,1,Bass,0,0,12.017708496042768,12.017708496042768,23.316927100477606,12.372462571799645,17.63104887763779,17.63104887763779,74.93054823606579,17.631055061463233,5.613340381595023,5.613340381595023,51.61362113558818,5.258592489663588
305,2,Drums,0,0,21.580551330548673,21.580551330548673,33.43550478334477,21.875511324116438,26.410698532301144,26.410698532301144,43.030683768838145,26.50653434482837,4.830147201752471,4.830147201752471,9.595178985493376,4.6310230207119325
306,0,Vocal,0,0,10.009536581023742,10.009536581023742,27.96594758699939,10.086556137137912,27.46239557271256,27.46239557271256,49.03667771491478,27.492776190242203,17.452858991688817,17.452858991688817,21.07073012791539,17.406220053104292
306,1,Bass,0,0,21.326305778132465,21.326305778132465,33.37855993664431,21.607850896675245,27.062514347888662,27.062514347888662,58.106557189058954,27.065935098062766,5.736208569756197,5.736208569756197,24.727997252414646,5.458084201387521
306,2,Drums,0,0,12.21570890623055,12.21570890623055,21.95924940383354,12.730309777112833,16.788577841363367,16.788577841363367,40.90978150513916,16.805776154839812,4.572868935132817,4.572868935132817,18.95053210130562,4.075466377726979
307,0,Vocal,0,0,9.71503860265328,9.715038602653282,28.73240778097838,9.775650066484175,25.093971898225277,25.093971898225277,47.4873803627979,25.119148649206473,15.378933295571997,15.378933295571995,18.75497258181952,15.343498582722297
307,1,Bass,0,0,25.945880588888407,25.945880588888407,31.485769225092497,27.371185572116467,31.478028123178493,31.478028123178497,51.13549799107045,31.52530684749298,5.532147534290086,5.53214753429009,19.649728765977954,4.154121275376514
307,2,Drums,0,0,9.7253292928876,9.7253292928876,15.472393258217508,11.191329255594372,12.691315657793027,12.691315657793027,25.0310160860385,12.96602809516603,2.965986364905426,2.965986364905426,9.55862282782099,1.7746988395716574
308,0,Vocal,0,0,14.586824285611474,14.586824285611474,24.344258722454892,15.088149029479291,28.187647797682033,28.187647797682033,59.54686002963978,28.190824121488937,13.600823512070559,13.600823512070559,35.20260130718489,13.102675092009646
308,1,Bass,0,0,17.700882447242112,17.700882447242112,29.53718085409203,18.000007720023106,23.11732596528499,23.11732596528499,43.040339031873685,23.161972234608143,5.416443518042879,5.416443518042879,13.503158177781657,5.161964514585037
308,2,Drums,0,0,14.579068477990596,14.579068477990596,45.0829421621613,14.58307199386863,19.198406738431522,19.198406738431522,48.607865343228205,19.20344454051379,4.6193382604409265,4.6193382604409265,3.524923181066903,4.620372546645159
309,0,Vocal,0,0,15.128459982590034,15.128459982590034,26.900780762660492,15.436134688487009,25.620376650094848,25.620376650094855,62.42950808929364,25.62128119669294,10.491916667504814,10.491916667504821,35.528727326633145,10.185146508205932
309,1,Bass,0,0,17.148602113467216,17.148602113467216,29.435771042744708,17.41791829979958,22.55232972977895,22.55232972977895,54.966759069363526,22.554832949350974,5.403727616311734,5.403727616311734,25.530988026618818,5.136914649551393
309,2,Drums,0,0,14.451470327547861,14.45147032754786,37.3724334725062,14.474488183861304,20.127958140362303,20.127958140362303,44.17721118116245,20.145251795900315,5.676487812814441,5.676487812814443,6.804777708656246,5.670763612039011
310,0,Vocal,0,0,22.818557957919165,22.818557957919165,49.04288060186283,22.82898263856751,31.020498083759996,31.020498083759996,62.42033675657561,31.02363699280864,8.201940125840832,8.201940125840832,13.377456154712782,8.19465435424113
310,1,Bass,0,0,14.042298226058627,14.042298226058627,26.536455344471094,14.303633676404203,20.595143038171955,20.595143038171955,42.421658586309015,20.624000682989127,6.552844812113328,6.552844812113328,15.885203241837921,6.320367006584924
310,2,Drums,0,0,20.503825873359126,20.503825873359126,42.45585064047509,20.531866905761774,22.205668435923414,22.205668435923414,53.69890793249656,22.208766001135096,1.7018425625642877,1.7018425625642877,11.243057292021469,1.6768990953733223
311,0,Vocal,0,0,16.19383212853091,16.19383212853091,26.47377569200294,16.631157791505103,30.518664550495433,30.518664550495433,88.37807169240651,30.518666064605778,14.324832421964523,14.324832421964523,61.90429600040357,13.887508273100675
311,1,Bass,0,0,16.841299390567727,16.841299390567727,24.733001532171684,17.625984933227922,24.476256298587927,24.476256298587927,62.88161678064032,24.47688332822279,7.6349569080202,7.6349569080202,38.14861524846864,6.850898394994868
311,2,Drums,0,0,13.227243668793246,13.22724366879325,28.609099260653963,13.360855362797963,18.100130297535046,18.100130297535046,35.89051057081361,18.17409082396461,4.872886628741799,4.872886628741796,7.281411310159648,4.813235461166649
312,0,Vocal,0,0,19.623193552154653,19.62319355215465,38.16341815295137,19.685065427555028,31.218913413405534,31.218913413405534,85.45682145770884,31.218923330867476,11.595719861250881,11.595719861250885,47.29340330475747,11.533857903312448
312,1,Bass,0,0,7.358892096886061,7.358892096886061,19.739839667007956,7.6633146510839625,13.81690912937736,13.816909129377358,43.46075081575123,13.821821284473511,6.458017032491298,6.458017032491297,23.720911148743276,6.158506633389549
312,2,Drums,0,0,23.021520217656686,23.021520217656686,25.609390685955397,26.511728529639353,36.118158521847775,36.118158521847775,65.23922913970199,36.12347487377194,13.096638304191089,13.096638304191089,39.62983845374659,9.611746344132587
313,0,Vocal,-1,0,-19.329397881892856,-19.329397881892856,2.8094767116842068,-17.473908913372014,-3.1058616162808335,-3.1058616162808317,30.55183838947435,-3.1002721050067077,16.223536265612022,16.223536265612026,27.742361677790143,14.373636808365307
313,1,Bass,0,0,5.339782434690793,5.339782434690794,19.30193736923022,5.568495295483926,11.496094832696173,11.496094832696173,31.137974325759984,11.546855528455897,6.1563123980053795,6.156312398005379,11.836036956529764,5.978360232971971
313,2,Drums,0,0,41.04665121501589,41.04665121501589,74.63987715352731,41.04852562473635,39.668037024842455,39.66803702484246,69.11326657539593,39.672956937570014,-1.3786141901734368,-1.3786141901734297,-5.526610578131383,-1.3755686871663357
314,0,Vocal,0,0,13.654162822415861,13.654162822415861,37.80960803635804,13.671595219016474,14.98857525476868,14.988575254768682,44.08816723874345,14.994090656875894,1.3344124323528188,1.3344124323528206,6.278559202385409,1.3224954378594198
314,1,Bass,0,0,6.44275387872736,6.442753878727359,22.488866295654244,6.576471525692179,12.590264152926531,12.590264152926531,41.66952745422372,12.595931388900624,6.147510274199171,6.147510274199172,19.180661158569475,6.019459863208445
314,2,Drums,0,0,30.068711786740216,30.068711786740216,42.08115416556502,30.351188690936826,34.31080469372452,34.31080469372453,55.00050914289554,34.34802148192469,4.242092906984304,4.242092906984311,12.91935497733052,3.996832790987863
315,0,Vocal,0,0,21.637073965910588,21.637073965910588,43.589981003318705,21.66505211857846,28.630882899482216,28.630882899482216,74.25211890619437,28.630994644041362,6.9938089335716285,6.9938089335716285,30.662137902875664,6.9659425254629035
315,1,Bass,0,0,8.872270644806205,8.872270644806203,20.95033284929132,9.184865802698909,17.190577495322966,17.190577495322966,33.50625604710678,17.295157869610787,8.31830685051676,8.318306850516763,12.55592319781546,8.110292066911878
315,2,Drums,0,0,21.691895679941272,21.691895679941272,30.430649840461456,22.319131763217413,29.61596213365236,29.61596213365236,61.58836740599875,29.618716071635113,7.924066453711088,7.924066453711088,31.157717565537297,7.2995843084177
316,0,Vocal,0,0,8.21930679462336,8.21930679462336,33.91233267206884,8.232794015062785,14.15131204429856,14.151312044298558,42.521017285958685,14.157879291428443,5.9320052496752,5.932005249675198,8.608684613889842,5.9250852763656585
316,1,Bass,0,0,6.737203857126161,6.737203857126161,23.01303130171086,6.862453595896093,8.131272138721922,8.131272138721922,33.87659133009977,8.14463373331908,1.3940682815957608,1.3940682815957608,10.86356002838891,1.282180137422988
316,2,Drums,0,0,31.22786985800871,31.22786985800871,43.35986241509189,31.502367395614943,34.97668573232921,34.97668573232921,56.26984558531522,35.009052384023825,3.748815874320499,3.748815874320499,12.909983170223327,3.5066849884088818
317,0,Vocal,0,0,12.128495059183583,12.128495059183583,33.69312939735541,12.160747329683355,18.66348217342147,18.66348217342147,47.71063997227304,18.668965054472462,6.534987114237888,6.534987114237888,14.01751057491763,6.508217724789107
317,1,Bass,0,0,6.496859655575196,6.496859655575196,22.551282935914138,6.630018247844084,10.77643359890163,10.77643359890163,32.6433697031368,10.80714264014655,4.279573943326434,4.279573943326434,10.09208676722266,4.177124392302466
317,2,Drums,0,0,27.717155210401554,27.717155210401554,35.52918690705357,28.50410239944553,16.030317187650034,16.030317187650034,35.85702542751089,16.07687850965618,-11.68683802275152,-11.68683802275152,0.32783852045731976,-12.42722388978935
318,0,Vocal,0,0,13.99042681388021,13.99042681388021,39.95131479543509,14.001887187350423,24.66314076814072,24.663140768140725,59.642467165516464,24.664520520875676,10.67271395426051,10.672713954260514,19.691152370081376,10.662633333525253
318,1,Bass,0,0,4.476794301868259,4.476794301868259,20.71560929228049,4.617970999372218,8.807298114067386,8.807298114067386,31.390659106036544,8.834473907055148,4.330503812199127,4.330503812199127,10.675049813756054,4.21650290768293
318,2,Drums,0,0,29.032717103705732,29.032717103705732,39.0665624753574,29.48708409057837,33.483545926628835,33.483545926628835,66.53193799123409,33.485695051831726,4.4508288229231034,4.4508288229231034,27.465375515876687,3.9986109612533554
319,0,Vocal,0,0,19.134071087143838,19.134071087143838,33.64254290362418,19.292528975690665,18.831705585632402,18.8317055856324,44.31022220532817,18.844183529888618,-0.30236550151143504,-0.3023655015114386,10.667679301703984,-0.4483454458020475
319,1,Bass,0,0,10.534621515637346,10.534621515637347,19.815350159312878,11.125076775968612,15.757658692633026,15.757658692633026,33.58209511161867,15.831829679034161,5.22303717699568,5.223037176995678,13.766744952305793,4.706752903065549
319,2,Drums,0,0,28.213249977008804,28.213249977008804,61.358108364523915,28.215352158735136,18.851051784737706,18.851051784737702,49.59457311231156,18.854759768165287,-9.362198192271098,-9.362198192271102,-11.763535252212357,-9.360592390569849
320,0,Vocal,0,0,9.321739695919328,9.321739695919328,26.439881559955314,9.41674373273983,23.15110333845243,23.15110333845243,47.98349906173327,23.165467830500646,13.829363642533101,13.829363642533101,21.543617501777955,13.748724097760816
320,1,Bass,0,0,2.6805599651238787,2.6805599651238787,13.812634674883807,3.2056620685152253,6.062976881375248,6.062976881375248,32.99228698114304,6.073973246879884,3.3824169162513695,3.3824169162513695,19.179652306259232,2.868311178364659
320,2,Drums,0,0,21.530022424282436,21.530022424282436,27.334894408526832,22.861781708892202,25.785071370320427,25.785071370320427,41.52712020298385,25.902711185698692,4.255048946037991,4.255048946037991,14.19222579445702,3.0409294768064896
321,0,Vocal,0,0,7.728014656889028,7.728014656889028,26.55407136981843,7.794891158877778,24.07723070791676,24.07723070791676,50.05211378470344,24.088256523947642,16.34921605102773,16.34921605102773,23.498042414885006,16.293365365069864
321,1,Bass,0,0,1.5739630637579598,1.5739630637579598,12.54436537575514,2.1712228923399994,6.65909107928306,6.659091079283059,24.862517518689895,6.739426274754138,5.0851280155251,5.0851280155250995,12.318152142934755,4.568203382414138
321,2,Drums,0,0,20.63026011832495,20.63026011832495,33.83860132404885,20.84464023284124,25.333541854684512,25.333541854684512,50.218417416315226,25.347706729078794,4.7032817363595605,4.7032817363595605,16.379816092266374,4.503066496237555
322,0,Vocal,0,0,7.922705638597414,7.922705638597414,26.4230807069403,7.994368392852208,18.97970390461473,18.97970390461473,41.392793132886666,19.00500536395484,11.056998266017317,11.056998266017317,14.969712425946366,11.010636971102631
322,1,Bass,0,0,2.831240873863105,2.831240873863105,15.144398949696612,3.224842493380497,9.435628072569813,9.435628072569811,34.566691053274994,9.450490984525326,6.604387198706707,6.604387198706705,19.422292103578382,6.225648491144828
322,2,Drums,0,0,21.205467988240688,21.205467988240688,30.327267038862857,21.77658088491516,25.735525730986858,25.735525730986858,42.54756700329373,25.827207085246005,4.53005774274617,4.53005774274617,12.220299964430872,4.050626200330846
323,0,Vocal,0,0,9.49673370906172,9.49673370906172,25.99310108780502,9.6060607144653,21.403452059839495,21.403452059839495,67.25070634429309,21.403564678867106,11.906718350777775,11.906718350777775,41.25760525648808,11.797503964401805
323,1,Bass,0,0,0.3612919984726828,0.3612919984726828,11.39554415475418,1.0218399604373227,4.615428157680287,4.615428157680287,34.36925412752367,4.621614512405268,4.254136159207604,4.254136159207604,22.973709972769488,3.599774551967945
323,2,Drums,0,0,19.71015469262167,19.71015469262167,24.64962787894972,21.40418127978325,23.691400817508775,23.69140081750877,38.32420350207788,23.844122998622584,3.981246124887104,3.9812461248871003,13.67457562312816,2.4399417188393357
324,0,Vocal,0,0,7.594562862271221,7.594562862271222,25.599770856833004,7.675806924268205,19.726441765982734,19.726441765982734,46.12575659999447,19.736508510412698,12.131878903711513,12.131878903711513,20.525985743161463,12.060701586144493
324,1,Bass,0,0,4.210527427878108,4.210527427878108,15.261280969937403,4.693050119282372,7.9359626713022235,7.9359626713022235,46.23728319736703,7.9367081374780115,3.7254352434241156,3.7254352434241156,30.976002227429625,3.2436580181956396
324,2,Drums,0,0,20.1028849417167,20.1028849417167,29.806077265918773,20.599264538319716,24.04412789347814,24.04412789347814,39.765165846385045,24.16249803116779,3.941242951761442,3.941242951761442,9.959088580466272,3.563233492848074
325,0,Vocal,0,0,9.6669401386648,9.6669401386648,26.73458944605788,9.762304607545225,24.492382448055864,24.492382448055864,55.10534031909743,24.496166175627856,14.825442309391063,14.825442309391063,28.37075087303955,14.73386156808263
325,1,Bass,0,0,3.217292145656352,3.217292145656352,14.626690750100511,3.6902978858981648,7.3132606952967905,7.313260695296791,43.40876659998738,7.314526054468153,4.095968549640439,4.095968549640439,28.78207584988687,3.6242281685699886
325,2,Drums,0,0,21.686352052627804,21.686352052627797,30.369942585800736,22.322220169846425,26.088762886798158,26.08876288679815,43.723777453843994,26.16446331366177,4.402410834170354,4.402410834170354,13.353834868043258,3.8422431438153453
326,0,Vocal,0,0,8.820948444818779,8.82094844481878,25.607492913245622,8.924858670969943,24.98488566208617,24.98488566208617,65.88826353030227,24.985236325510026,16.163937217267392,16.16393721726739,40.280770617056646,16.060377654540083
326,1,Bass,0,0,1.11929220934683,1.11929220934683,12.491884122751957,1.6860712638637585,4.378322319573278,4.378322319573279,35.452593358912296,4.3829520959779105,3.2590301102264476,3.2590301102264485,22.96070923616034,2.696880832114152
326,2,Drums,0,0,20.410938839035353,20.41093883903535,28.89169472421144,21.081065112676463,26.39299371691592,26.39299371691592,48.48618760906148,26.41995632225989,5.982054877880568,5.9820548778805716,19.59449288485004,5.3388912095834264
327,0,Vocal,0,0,6.625605411816407,6.625605411816405,24.74780572578243,6.707577952724132,23.706786373949594,23.706786373949594,56.83428198698471,23.70890567488668,17.08118096213319,17.08118096213319,32.08647626120228,17.001327722162547
327,1,Bass,0,0,4.139644386424562,4.139644386424562,14.987093117566626,4.648112727767239,8.406826684078574,8.406826684078574,38.177897380659985,8.412067704262562,4.267182297654012,4.267182297654012,23.19080426309336,3.763954976495323
327,2,Drums,0,0,21.878304026870023,21.878304026870023,34.25584603303177,22.138697009891356,26.31444485534143,26.31444485534143,45.843591382763336,26.363230050947628,4.436140828471409,4.436140828471409,11.587745349731563,4.224533041056272
328,0,Vocal,0,0,15.040928732037763,15.040928732037761,41.247089674089125,15.051669911593606,20.59716078233093,20.59716078233093,82.34940905568591,20.597162076287034,5.556232050293168,5.55623205029317,41.102319381596786,5.545492164693428
328,1,Bass,0,0,10.300717518637557,10.300717518637558,46.733286936550726,10.301797160890338,16.244231854836787,16.244231854836787,47.32135403057913,16.247702337936886,5.943514336199231,5.943514336199229,0.5880670940284034,5.945905177046548
328,2,Drums,0,0,30.551943249654364,30.55194324965436,45.036961083730205,30.70952360745137,34.972698538963996,34.972698538963996,50.336282656209775,35.100914010892865,4.420755289309632,4.420755289309636,5.29932157247957,4.391390403441495
329,0,Vocal,0,0,14.764484491358466,14.764484491358466,49.499602385937536,14.765992726382702,26.342151553552426,26.34215155355243,58.223663310665344,26.344968139082233,11.57766706219396,11.577667062193964,8.724060924727809,11.578975412699531
329,1,Bass,0,0,10.482534674689152,10.482534674689152,35.71476165705127,10.496737447130995,16.162667180047748,16.16266718004775,36.16222973228882,16.207370105462072,5.680132505358596,5.6801325053586,0.44746807523755194,5.710632658331077
329,2,Drums,0,0,27.70824615014036,27.70824615014036,43.63302660582235,27.820871808725208,32.27518611786663,32.27518611786664,52.47525077574659,32.31688066809335,4.56693996772627,4.566939967726277,8.842224169924236,4.496008859368139
330,0,Vocal,0,0,14.622071271766012,14.622071271766012,76.89597482277532,14.622073405506107,21.012331912569955,21.012331912569955,44.05048193954727,21.034130089287082,6.390260640803943,6.390260640803943,-32.84549288322805,6.412056683780975
330,1,Bass,0,0,11.605930997567294,11.605930997567294,35.54984272595578,11.624690458801341,15.987596113383027,15.987596113383027,42.14361909453252,15.998397659795172,4.381665115815734,4.381665115815734,6.593776368576741,4.373707200993831
330,2,Drums,0,0,28.2495169628167,28.2495169628167,40.058269370916825,28.546179524970512,26.589137995584423,26.589137995584423,54.74361040595764,26.595799513836806,-1.6603789672322762,-1.6603789672322762,14.685341035040814,-1.9503800111337064
331,0,Vocal,0,0,-6.436196788254277,-6.436196788254276,21.556397400785304,-6.39905501828737,9.57274807667451,9.57274807667451,48.20459352472069,9.57339102220277,16.008944864928786,16.008944864928786,26.64819612393539,15.97244604049014
331,1,Bass,0,0,7.548428828550585,7.548428828550585,39.229892464557686,7.5518970171083915,13.055196968244276,13.055196968244276,47.977626519000594,13.056664222808356,5.506768139693691,5.506768139693691,8.747734054442908,5.504767205699965
331,2,Drums,0,0,36.73377410448794,36.73377410448794,46.02935482500314,37.27726663673902,41.08557924720639,41.08557924720639,51.319439108211185,41.51794392755244,4.351805142718447,4.351805142718447,5.290084283208046,4.240677290813416
332,0,Vocal,0,0,15.12591936714339,15.12591936714339,42.79715316363168,15.133577492484317,26.476869477916686,26.476869477916686,57.25448118742396,26.480500708125962,11.350950110773297,11.350950110773297,14.457328023792286,11.346923215641645
332,1,Bass,0,0,8.545841911757684,8.545841911757684,31.08578024758689,8.573488979707095,10.61043644534555,10.61043644534555,54.349031947320334,10.61063579160232,2.064594533587867,2.064594533587867,23.263251699733445,2.0371468118952247
332,2,Drums,0,0,29.555811081747223,29.555811081747223,41.46268854784072,29.845510391111286,35.832945203423805,35.832945203423805,68.22245588620399,35.83544256831226,6.277134121676582,6.277134121676582,26.759767338363268,5.9899321772009735
333,0,Vocal,0,0,13.650090761329945,13.650090761329945,34.23533181149568,13.689848840107551,22.484958307513423,22.484958307513423,55.18318917085857,22.487301931090677,8.834867546183478,8.834867546183478,20.947857359362885,8.797453090983126
333,1,Bass,0,0,10.530312800807941,10.530312800807941,38.96201287290441,10.537100506797778,14.76295590004207,14.762955900042073,44.60940253311825,14.767607502959144,4.232643099234128,4.2326430992341315,5.64738966021384,4.230506996161367
333,2,Drums,0,0,28.963251216740762,28.963251216740762,37.587858148935574,29.605199449544997,33.06839638205083,33.06839638205083,46.356962420794964,33.27709364422571,4.105145165310066,4.105145165310066,8.76910427185939,3.6718941946807107
334,0,Vocal,0,0,14.556845224592003,14.556845224592006,49.90665769348185,14.558156447161243,27.375092539904,27.375092539903996,55.696590968055716,27.381492784683964,12.818247315311996,12.81824731531199,5.789933274573869,12.82333633752272
334,1,Bass,0,0,10.375596383564698,10.375596383564698,35.56865201117625,10.389957320143361,18.349500679433422,18.349500679433422,46.16534477130581,18.35679239273541,7.973904295868724,7.973904295868724,10.596692760129564,7.966835072592049
334,2,Drums,0,0,27.555129353070225,27.555129353070225,38.99133394754748,27.87945781290191,31.6747464220818,31.6747464220818,62.09211443196936,31.678693278725536,4.119617069011575,4.119617069011575,23.100780484421875,3.7992354658236245
335,0,Vocal,0,0,13.246946196537257,13.246946196537257,32.456162264814004,13.301830144988124,21.381881970100252,21.381881970100252,56.75124679269019,21.38314999533309,8.134935773562995,8.134935773562995,24.295084527876185,8.081319850344965
335,1,Bass,0,0,10.63000335324549,10.630003353245492,37.93697437664059,10.638783061288757,18.209003642818296,18.209003642818296,43.95187942252367,18.22076777007659,7.5790002895728055,7.579000289572804,6.014905045883076,7.581984708787834
335,2,Drums,0,0,29.252055005918578,29.252055005918578,36.496761969655566,30.160647313897478,33.482904981430195,33.482904981430195,46.90299062380312,33.68522079909815,4.230849975511617,4.230849975511617,10.406228654147554,3.524573485200669
336,0,Vocal,0,0,15.124522436171496,15.124522436171496,41.34073527019892,15.135231607801662,22.032629717172817,22.032629717172817,54.20462380457825,22.035273663035948,6.908107281001321,6.908107281001321,12.863888534379328,6.900042055234286
336,1,Bass,0,0,17.92605794027061,17.926057940270606,34.50037492299133,18.024241927938668,22.283261432157644,22.283261432157644,46.22019394579365,22.300941141038656,4.357203491887034,4.357203491887038,11.719819022802326,4.276699213099988
336,2,Drums,0,0,24.332156917152894,24.332156917152894,45.47367289143021,24.365798430862693,27.221435228116604,27.221435228116604,76.63678799291128,27.221481278628566,2.889278310963711,2.889278310963711,31.16311510148107,2.8556828477658733
337,0,Vocal,0,0,1.313718905748967,1.3137189057489675,23.951034184940983,1.3548919841442506,11.872990241459993,11.872990241459993,51.5395784236896,11.873447689872982,10.559271335711026,10.559271335711026,27.588544238748614,10.518555705728732
337,1,Bass,0,0,14.101866709128515,14.101866709128512,33.08441207421008,14.159244646967206,15.262780851887673,15.262780851887673,44.10419216026838,15.268623090224722,1.1609141427591574,1.160914142759161,11.019780086058304,1.1093784432575156
337,2,Drums,0,0,28.808327427742704,28.808327427742704,53.26777722208271,28.82392434911097,23.578324126328233,23.578324126328233,58.03000004813924,23.579887754138888,-5.23000330141447,-5.23000330141447,4.7622228260565365,-5.2440365949720835
338,0,Vocal,0,0,13.287635530399832,13.287635530399832,41.167383047658305,13.295047620640359,18.621849067433935,18.621849067433935,53.224366274548274,18.62336714209462,5.334213537034103,5.334213537034103,12.056983226889969,5.32831952145426
338,1,Bass,0,0,12.42021286943501,12.42021286943501,29.811183739534705,12.50466980095375,18.025455552091746,18.025455552091746,62.4002143337533,18.025614496951114,5.605242682656735,5.605242682656735,32.58903059421859,5.520944695997365
338,2,Drums,0,0,28.31812268383002,28.31812268383002,46.17649423191918,28.38992499562425,22.21759373674626,22.21759373674626,63.14638228605679,22.21794559617171,-6.10052894708376,-6.10052894708376,16.969888054137613,-6.171979399452539
339,0,Vocal,0,0,16.52613137703974,16.52613137703974,47.03583460865653,16.530078997747935,22.354463989733016,22.35446398973302,51.1500520838219,22.360223653061514,5.828332612693277,5.828332612693281,4.114217475165368,5.830144655313578
339,1,Bass,0,0,15.51846279526738,15.51846279526738,31.820457020925318,15.624290004863076,21.135696448784095,21.135696448784095,40.74740706135906,21.183812336162227,5.617233653516715,5.617233653516715,8.926950040433745,5.559522331299151
339,2,Drums,0,0,25.139185996082848,25.139185996082848,37.87091700522356,25.377824694241813,30.41067316459431,30.41067316459431,62.135426396535536,30.413587732918042,5.271487168511463,5.271487168511463,24.264509391311975,5.0357630386762295
340,0,Vocal,0,0,7.805911214742375,7.805911214742375,29.445817400651745,7.840714597042995,12.666568905185919,12.666568905185919,44.57912878997117,12.669510795520617,4.860657690443544,4.860657690443544,15.133311389319427,4.828796198477622
340,1,Bass,0,0,20.158014372023718,20.158014372023718,37.479610735793464,20.24001220808821,27.41949970130085,27.41949970130085,50.58307820672362,27.44054434213428,7.261485329277132,7.261485329277132,13.103467470930156,7.200532134046071
340,2,Drums,0,0,25.17133057282323,25.17133057282323,41.66537896834576,25.270091967853233,29.69239925114502,29.692399251145012,64.61542746663196,29.693792785006362,4.5210686783217895,4.521068678321782,22.950048498286193,4.423700817153129
341,0,Vocal,0,0,20.22065281769454,20.22065281769454,50.63862061046958,20.224635200619087,25.520215071794844,25.520215071794844,63.385142493554966,25.520922376546626,5.299562254100305,5.299562254100305,12.746521883085386,5.296287175927539
341,1,Bass,0,0,19.051344321997206,19.05134432199721,30.689956131594943,19.363548224522177,23.94571132813274,23.94571132813274,38.119173506601676,24.115765700744323,4.8943670061355355,4.894367006135532,7.429217375006733,4.752217476222146
341,2,Drums,0,0,25.451603885836597,25.451603885836597,36.07206433274564,25.84647923309447,7.649430645993984,7.649430645993983,44.71829456796587,7.650430135746208,-17.802173239842613,-17.802173239842613,8.64623023522023,-18.19604909734826
342,0,Vocal,0,0,17.42720957168457,17.42720957168457,48.47841812440968,17.43067941381654,27.81323138174155,27.81323138174155,61.29006747908942,27.81515751695014,10.386021810056977,10.386021810056977,12.811649354679744,10.384478103133599
342,1,Bass,0,0,17.046169882784078,17.046169882784078,30.77998194502428,17.237624170127145,21.049622353378673,21.049622353378673,57.79812723686323,21.050544649253485,4.0034524705945955,4.0034524705945955,27.01814529183895,3.8129204791263405
342,2,Drums,0,0,21.959057382609586,21.959057382609586,35.02730966967913,22.180154249646225,26.322977420461264,26.322977420461264,47.02662683354334,26.3601475516611,4.363920037851678,4.363920037851678,11.999317163864212,4.179993302014875
343,0,Vocal,0,0,10.59995961085227,10.59995961085227,37.67214361875758,10.609231189468986,18.47656886041499,18.47656886041499,58.49812602539166,18.47699781901078,7.876609249562719,7.876609249562719,20.825982406634083,7.867766629541794
343,1,Bass,0,0,18.358514558447983,18.358514558447983,32.21264083195639,18.543708308348325,23.064282037994612,23.06428203799461,39.335895173847064,23.168488619134486,4.70576747954663,4.705767479546626,7.1232543418906715,4.624780310786161
343,2,Drums,0,0,23.967194872230294,23.967194872230294,44.64176945766045,24.004682928735626,19.463230269240718,19.463230269240718,49.6962024344517,19.467393749061554,-4.503964602989576,-4.503964602989576,5.054432976791247,-4.537289179674072
344,0,Vocal,0,0,15.806758498069396,15.806758498069392,40.04617223015422,15.823580846372229,30.451817174113987,30.451817174113987,66.25126701642617,30.452946867560037,14.645058676044592,14.645058676044595,26.20509478627195,14.629366021187808
344,1,Bass,0,0,11.945927576973299,11.945927576973299,26.640107673212544,12.105244678362165,20.228472319108022,20.228472319108022,41.04078494563561,20.26498454572414,8.282544742134723,8.282544742134723,14.400677272423064,8.159739867361974
344,2,Drums,0,0,28.56117920211598,28.56117920211598,40.69802617534796,28.835532972301014,18.702859192101958,18.70285919210196,52.94103296655998,18.704518148049004,-9.858320010014022,-9.858320010014019,12.243006791212018,-10.13101482425201
345,0,Vocal,0,0,15.830995004816584,15.830995004816584,25.518340371079546,16.336911382850918,22.759107346044225,22.759107346044225,54.55994324236795,22.76198953087725,6.92811234122764,6.92811234122764,29.041602871288404,6.4250781480263335
345,1,Bass,0,0,17.477372404671296,17.477372404671296,34.24385831346442,17.571422728620906,25.093545595165185,25.093545595165185,42.49226758378197,25.17356947138382,7.616173190493889,7.616173190493889,8.248409270317545,7.6021467427629155
345,2,Drums,0,0,27.386517970444277,27.386517970444277,35.02611150358799,28.2086431973361,24.297306995062126,24.297306995062126,42.34862997646347,24.366120152754085,-3.0892109753821515,-3.0892109753821515,7.32251847287548,-3.842523044582016
346,0,Vocal,0,0,18.49347624633947,18.49347624633947,54.84073968997785,18.49449531628554,11.779071889914224,11.779071889914224,45.289210008452876,11.781135503520462,-6.714404356425245,-6.714404356425245,-9.551529681524976,-6.713359812765079
346,1,Bass,0,0,17.500486314922906,17.500486314922906,34.89850435678438,17.58168469754237,26.52724912500502,26.52724912500502,43.21728931171955,26.62152784998423,9.026762810082115,9.026762810082115,8.318784954935168,9.039843152441858
346,2,Drums,0,0,25.2316858745756,25.2316858745756,36.94612100479275,25.53552976498262,16.866845234233914,16.866845234233914,37.34427182884984,16.906728569865493,-8.364840640341686,-8.364840640341686,0.39815082405709035,-8.628801195117127
347,0,Vocal,0,0,24.803073010536547,24.803073010536547,45.01687251351005,24.844744221431693,25.04916364110327,25.04916364110327,68.68541790243385,25.04934455849149,0.24609063056672298,0.24609063056672298,23.668545388923803,0.20460033705979797
347,1,Bass,0,0,27.71913531342124,27.71913531342124,36.528456371151094,28.332610949613375,34.56739632126669,34.56739632126669,46.08169848523379,34.88526579331949,6.848261007845451,6.848261007845451,9.553242114082693,6.552654843706115
347,2,Drums,0,0,15.553555153761812,15.553555153761813,43.801381887868786,15.56023912704767,6.743735963809029,6.74373596380903,33.406155682479415,6.755092859168243,-8.809819189952783,-8.809819189952783,-10.39522620538937,-8.805146267879426
348,0,Vocal,0,0,18.475932402053935,18.475932402053935,26.370269632353192,19.255532039626885,24.533620038061635,24.53362003806163,62.86598025684761,24.534255304677536,6.057687636007699,6.057687636007696,36.495710624494414,5.278723265050651
348,1,Bass,0,0,20.231761388032137,20.231761388032137,33.722433914939224,20.432498354641243,26.80457809132931,26.80457809132931,43.96056569336818,26.889160526912583,6.572816703297175,6.572816703297175,10.238131778428958,6.45666217227134
348,2,Drums,0,0,18.96193800794085,18.96193800794085,22.853070116271773,21.262738902848742,21.43326393587964,21.43326393587964,46.444624383622426,21.447079905325367,2.471325927938789,2.471325927938789,23.591554267350652,0.184341002476625
349,0,Vocal,0,0,17.67242729283969,17.67242729283969,38.05242621521743,17.71307859272311,28.902574083353368,28.902574083353368,55.63934486238467,28.911760800370043,11.230146790513679,11.230146790513679,17.586918647167238,11.198682207646932
349,1,Bass,0,0,13.001725205456552,13.001725205456552,30.768771666425835,13.078599286128892,23.043323993780028,23.043323993780028,70.10191556534693,23.04340292705975,10.041598788323476,10.041598788323476,39.333143898921094,9.964803640930857
349,2,Drums,0,0,25.744980332279482,25.744980332279482,46.86452788550021,25.778755920481537,9.227368008345621,9.227368008345621,42.34811873635859,9.229738194659872,-16.51761232393386,-16.51761232393386,-4.516409149141616,-16.549017725821663
350,0,Vocal,0,0,10.118965905125904,10.118965905125904,34.19435832631486,10.137643365586879,23.330903886127274,23.330903886127267,59.46949335276584,23.33194724091215,13.21193798100137,13.211937981001363,25.275135026450975,13.194303875325271
350,1,Bass,0,0,21.063456670255402,21.063456670255402,39.748589277101864,21.12310376230328,28.546746774396333,28.54674677439634,56.26548345828049,28.554106009180668,7.483290104140931,7.483290104140938,16.51689418117863,7.431002246877387
350,2,Drums,0,0,33.35355250111866,33.35355250111866,40.01515240252617,34.40913059527838,14.867931239070064,14.867931239070064,37.097417651165394,14.894848251062424,-18.4856212620486,-18.4856212620486,-2.9177347513607756,-19.514282344215953
351,0,Vocal,0,0,23.316982390751043,23.31698239075104,42.85207148894814,23.365812806096727,28.8609493497093,28.8609493497093,56.42631498119599,28.86856504966967,5.543966958958258,5.543966958958261,13.574243492247852,5.502752243572942
351,1,Bass,0,0,23.43852248017855,23.43852248017855,38.49061357932609,23.577000293623016,27.065241930842703,27.065241930842703,47.4100750199787,27.105620080590565,3.6267194506641545,3.6267194506641545,8.919461440652611,3.5286197869675497
351,2,Drums,0,0,19.768506141501806,19.768506141501806,45.93464928709785,19.77912788550666,23.162022184120048,23.162022184120048,57.35003156590423,23.163683483243638,3.3935160426182414,3.3935160426182414,11.415382278806383,3.384555597736977
352,0,Vocal,0,0,12.900741881580123,12.900741881580123,29.49939642592225,13.001710464945194,21.968332200432332,21.968332200432336,63.40475042435664,21.968643399694084,9.06759031885221,9.067590318852213,33.90535399843439,8.96693293474889
352,1,Bass,0,0,8.04751598728817,8.04751598728817,25.39386854603643,8.140797827142631,13.68703990767468,13.68703990767468,59.84977387380369,13.687149302745336,5.639523920386511,5.639523920386511,34.45590532776726,5.546351475602705
352,2,Drums,0,0,25.691594328769018,25.691594328769018,37.63704063102856,25.979087375511885,26.81949594590219,26.81949594590219,60.92250340242913,26.821186090092496,1.1279016171331726,1.1279016171331726,23.285462771400567,0.8420987145806116
353,0,Vocal,0,0,7.6212471221729885,7.6212471221729885,37.148073751341414,7.626929730480544,22.04924988097361,22.04924988097361,55.81420798427939,22.05107743207522,14.42800275880062,14.42800275880062,18.666134232937978,14.424147701594677
353,1,Bass,0,0,8.800820965311493,8.800820965311493,38.72018002520703,8.805830602039041,11.457717641702509,11.457717641702509,51.82188597399968,11.458145486116702,2.656896676391016,2.656896676391016,13.101705948792649,2.6523148840776614
353,2,Drums,0,0,26.967001884976092,26.967001884976092,42.86408717387822,27.080392037321694,31.987450400007855,31.987450400007855,60.68645908488708,31.993311785676074,5.020448515031763,5.020448515031763,17.822371911008865,4.91291974835438
354,0,Vocal,0,0,16.929322508177073,16.929322508177073,35.11398372560427,16.997131435642828,23.71987449247882,23.71987449247882,55.20601828469931,23.7229708119134,6.790551984301747,6.790551984301747,20.09203455909504,6.725839376270571
354,1,Bass,0,0,6.198016769881209,6.198016769881209,47.16801506452082,6.198447433311927,10.618584834124787,10.618584834124787,47.83540061138328,10.619480549205282,4.420568064243578,4.420568064243578,0.6673855468624552,4.421033115893355
354,2,Drums,0,0,21.491518265169532,21.491518265169532,28.534660581115165,22.453440209696865,26.673683874994516,26.673683874994516,44.569286154175664,26.744916298602725,5.182165609824985,5.182165609824985,16.0346255730605,4.29147608890586
355,0,Vocal,0,0,14.574305499433278,14.574305499433278,31.245956092247393,14.672042496820744,26.206909114806052,26.206909114806052,60.54939979585265,26.208505023322324,11.632603615372775,11.632603615372775,29.303443703605257,11.53646252650158
355,1,Bass,0,0,10.953239241582931,10.953239241582931,25.62597733307843,11.11578141707721,15.833360968043921,15.83336096804392,39.365029955727536,15.853164444586652,4.88012172646099,4.880121726460988,13.739052622649105,4.737383027509441
355,2,Drums,0,0,18.950709354863264,18.950709354863264,33.03263170889497,19.125935823418295,14.3662124378122,14.366212437812198,51.947754276612415,14.366997644420085,-4.584496917051064,-4.584496917051066,18.915122567717447,-4.758938178998211
356,0,Vocal,0,0,14.132556977047372,14.132556977047376,33.24851123988498,14.188174531368018,23.30303134807375,23.30303134807375,70.18714834694306,23.30311701311725,9.170474371026376,9.170474371026373,36.938637107058085,9.114942481749233
356,1,Bass,0,0,10.98763217679151,10.987632176791509,29.88541916130227,11.048429214275345,14.619964643310855,14.619964643310857,35.71688791026447,14.65499628160838,3.632332466519344,3.6323324665193475,5.831468748962198,3.6065670673330352
356,2,Drums,0,0,27.197647034867842,27.197647034867842,42.26632770145169,27.335232515839873,18.355443929481833,18.355443929481833,59.81804794740083,18.35575831744943,-8.842203105386009,-8.842203105386009,17.55172024594914,-8.979474198390445
357,0,Vocal,0,0,11.383449204284775,11.383449204284775,28.134447222964273,11.482866991472784,23.296216036006285,23.296216036006285,67.37721306266893,23.2963814885019,11.91276683172151,11.91276683172151,39.24276583970466,11.813514497029116
357,1,Bass,0,0,8.129486104768471,8.129486104768471,28.850939190862007,8.172079681693878,11.164779919770481,11.164779919770481,60.672388016342154,11.164832181067663,3.03529381500201,3.03529381500201,31.821448825480147,2.9927524993737844
357,2,Drums,0,0,25.667452206112664,25.667452206112667,41.4532858666424,25.783905042002093,30.672572972962556,30.672572972962556,53.146154514746,30.697230316944996,5.005120766849892,5.005120766849888,11.692868648103598,4.913325274942903
358,0,Vocal,0,0,16.063011625149265,16.063011625149265,35.60263705921584,16.112762717326817,23.73439123880891,23.73439123880891,49.75034504068239,23.745315781883267,7.671379613659646,7.671379613659646,14.147707981466553,7.6325530645564506
358,1,Bass,0,0,4.742592349869166,4.742592349869165,40.95861455223687,4.743978582511922,10.159623573006025,10.159623573006023,34.98165832682851,10.175333890329505,5.417031223136859,5.417031223136858,-5.976956225408358,5.431355307817583
358,2,Drums,0,0,23.57371363726527,23.57371363726527,29.196018286345495,24.96963965604099,24.837734553421566,24.837734553421566,49.86071298233574,24.851459689925292,1.2640209161562943,1.2640209161562943,20.664694695990246,-0.11817996611569725
359,0,Vocal,0,0,16.885580579232197,16.885580579232197,41.84471320350858,16.899749293750826,30.66053307994455,30.660533079944546,70.78060731333349,30.66093437020184,13.774952500712352,13.774952500712349,28.935894109824908,13.761185076451014
359,1,Bass,0,0,25.74556943294879,25.74556943294879,31.01191219653692,27.28202710948945,33.2650951516218,33.2650951516218,50.94336504738752,33.339875142453195,7.519525718673009,7.519525718673009,19.931452850850604,6.057848032963744
359,2,Drums,0,0,-3.681374575194187,-3.681374575194187,7.069335722070726,-2.521094955027947,0.556155397448404,0.556155397448404,23.204597210670098,0.6005305184084684,4.237529972642591,4.237529972642591,16.135261488599372,3.1216254734364153
360,0,Vocal,0,0,20.628588633563698,20.628588633563698,62.09750525412602,20.62889320007728,19.969999197686704,19.969999197686704,52.89749777203062,19.97222809747476,-0.6585894358769941,-0.6585894358769941,-9.200007482095401,-0.6566651026025205
360,1,Bass,0,0,10.353504764931946,10.353504764931946,27.767867236185644,10.440249173726171,17.249098175398554,17.24909817539855,36.698979114769855,17.29959717591166,6.895593410466608,6.895593410466605,8.931111878584211,6.85934800218549
360,2,Drums,0,0,23.718262115906516,23.718262115906516,32.04587725623372,24.41134384804859,26.04168886587409,26.04168886587409,48.747010199622835,26.065100033104972,2.323426749967574,2.323426749967574,16.701132943389112,1.653756185056384
361,0,Vocal,0,0,16.131734346873976,16.131734346873976,52.856678518443545,16.132676086262048,19.100884356966958,19.100884356966954,70.58214448213144,19.100906992602905,2.9691500100929815,2.969150010092978,17.725465963687896,2.9682309063408567
361,1,Bass,0,0,11.868494303866196,11.8684943038662,26.475037317485274,12.031284781463935,18.601199845682395,18.601199845682395,38.90517471687831,18.642438245932432,6.732705541816198,6.732705541816195,12.430137399393033,6.611153464468497
361,2,Drums,0,0,25.35813898297226,25.358138982972264,38.23353696866564,25.588770013214663,28.282936259635207,28.282936259635207,55.6552257087397,28.290903817959823,2.9247972766629466,2.924797276662943,17.42168874007406,2.7021338047451593
362,0,Vocal,0,0,20.16570552429675,20.16570552429675,32.009729002884036,20.4621747412155,10.795651266415526,10.795651266415526,36.51959112653257,10.808256609080578,-9.370054257881225,-9.370054257881225,4.5098621236485315,-9.65391813213492
362,1,Bass,0,0,23.74138350085786,23.741383500857857,53.13281352223774,23.746397100765193,28.555074272116133,28.555074272116133,51.43412178964578,28.57752399878768,4.813690771258273,4.813690771258276,-1.6986917325919606,4.831126898022486
362,2,Drums,0,0,17.84370512052154,17.84370512052154,36.612677388270754,17.90269485003677,18.409462600342174,18.409462600342174,43.240457571592536,18.423964460198228,0.5657574798206326,0.5657574798206326,6.627780183321782,0.5212696101614576
363,0,Vocal,0,0,14.793366790176139,14.793366790176139,51.73338907200563,14.794270176169274,16.96136447222015,16.961364472220154,58.75308929101187,16.961649201482373,2.167997682044012,2.1679976820440157,7.019700219006239,2.1673790253130996
363,1,Bass,0,0,13.2554060408929,13.2554060408929,26.2854731518513,13.487334152711632,18.914877712734647,18.914877712734647,42.38546988515773,18.934700438147555,5.659471671841747,5.659471671841747,16.099996733306433,5.447366285435923
363,2,Drums,0,0,30.30409496049942,30.30409496049942,50.295230312251896,30.347866376104843,34.98511180869856,34.98511180869856,60.28115305442593,34.997943519067505,4.6810168481991425,4.6810168481991425,9.985922742174033,4.650077142962662
364,0,Vocal,0,0,14.606268223438946,14.606268223438946,37.299263281393074,14.630497100997603,11.909966563990244,11.909966563990244,43.239361763285366,11.913368554998005,-2.696301659448702,-2.696301659448702,5.940098481892292,-2.717128545999598
364,1,Bass,0,0,10.35681753351028,10.35681753351028,35.151905757262206,10.372563878704426,16.09538315031976,16.095383150319755,45.98164580246695,16.099950979263035,5.738565616809478,5.738565616809474,10.829740045204744,5.727387100558609
364,2,Drums,0,0,34.18786305683528,34.18786305683528,54.19686037694505,34.23142756398394,37.67844892225273,37.67844892225273,67.53140583959399,37.682923927171565,3.4905858654174438,3.4905858654174438,13.33454546264894,3.4514963631876228
365,0,Vocal,0,0,14.159802217403683,14.159802217403683,33.05598469110027,14.218301627574048,7.328519957643087,7.328519957643087,39.45970627880587,7.331667293177361,-6.831282259760597,-6.831282259760597,6.403721587705597,-6.886634334396687
365,1,Bass,0,0,18.98470743500498,18.98470743500498,34.871343687772224,19.09956179123145,24.6901170471736,24.6901170471736,61.79339150949039,24.690952026967544,5.705409612168619,5.705409612168619,26.922047821718166,5.5913902357360925
365,2,Drums,0,0,25.291337467986747,25.291337467986747,47.36280415498303,25.31844673039835,16.90608593112271,16.90608593112271,47.93948217012266,16.909578897362127,-8.385251536864036,-8.385251536864036,0.5766780151396276,-8.408867833036222
366,0,Vocal,0,0,23.850812748242568,23.85081274824257,37.49469210009404,24.043414328145218,19.930171080170417,19.930171080170417,47.99661395906512,19.937016273349975,-3.9206416680721503,-3.920641668072154,10.50192185897108,-4.106398054795243
366,1,Bass,0,0,22.24624387926772,22.246243879267716,41.98561195099508,22.292870518062298,30.177661480737083,30.177661480737083,66.84770796742878,30.17853336551063,7.931417601469363,7.9314176014693665,24.862096016433696,7.885662847448334
366,2,Drums,1,0,-7.53479027325926,-7.53479027325926,0.4490141547516261,-3.9907459939808114,-4.827710508921576,-4.827710508921576,29.5460722946413,-4.821319260614951,2.707079764337684,2.707079764337684,29.097058139889672,-0.8305732666341394
367,0,Vocal,0,0,21.030472341090668,21.030472341090668,51.94277810082599,21.034012134003174,16.89777974600499,16.89777974600499,49.41647023748185,16.9002573929922,-4.132692595085679,-4.132692595085679,-2.5263078633441367,-4.133754741010975
367,1,Bass,0,0,14.849910748243985,14.849910748243985,26.801740107164548,15.145280974024004,21.17939513067311,21.17939513067311,36.95050930124863,21.296808525317577,6.329484382429126,6.329484382429126,10.148769194084082,6.151527551293572
367,2,Drums,0,0,27.757579355507,27.757579355507,40.394542888584795,28.001303192657492,22.207822503938388,22.207822503938388,64.400685727221,22.20808508068139,-5.549756851568613,-5.549756851568613,24.006142838636208,-5.793218111976103
368,0,Vocal,0,0,7.519397538942595,7.519397538942595,23.33295836989244,7.654905042024368,11.315931710028517,11.315931710028517,36.34181340252561,11.330612797217682,3.7965341710859217,3.7965341710859217,13.008855032633168,3.675707755193314
368,1,Bass,0,0,4.827067979419021,4.827067979419021,17.91630621705474,5.115326242781087,7.289113197242769,7.289113197242769,29.29632945801664,7.321660145669309,2.462045217823748,2.462045217823748,11.3800232409619,2.206333902888222
368,2,Drums,0,0,30.051069817218522,30.051069817218522,50.89555883116918,30.087002419051135,34.513745779327415,34.513745779327415,59.76480231717097,34.52671633298361,4.462675962108893,4.462675962108893,8.869243486001785,4.439713913932476
369,0,Vocal,0,0,9.966408167467412,9.966408167467412,30.09736846130174,10.012997733246076,21.921789541588538,21.921789541588538,48.79484947327875,21.930775648828543,11.955381374121126,11.955381374121126,18.69748101197701,11.917777915582468
369,1,Bass,0,0,-0.8878103663891436,-0.8878103663891436,14.283631059730311,-0.5947241100975623,0.3364314255280624,0.33643142552806327,63.77245102100617,0.3364351781019784,1.224241791917206,1.2242417919172068,49.48881996127586,0.9311592881995407
369,2,Drums,0,0,28.595503019792083,28.595503019792083,35.26220848673202,29.650540283241845,36.71635362035297,36.71635362035297,63.52815287326503,36.72540198280513,8.120850600560885,8.120850600560885,28.265944386533008,7.074861699563286
370,0,Vocal,0,0,4.5409191251166225,4.5409191251166225,22.592720670768006,4.633312863218536,12.65824318946964,12.65824318946964,46.56945076213884,12.660103198529617,8.117324064353017,8.117324064353017,23.976730091370836,8.02679033531108
370,1,Bass,0,0,0.1864585316344523,0.18645853163445325,14.08959927522421,0.5330991694760077,4.526716325873261,4.526716325873261,32.61221999621145,4.535849728924918,4.340257794238809,4.340257794238808,18.52262072098724,4.00275055944891
370,2,Drums,0,0,31.33413021098201,31.33413021098201,46.68180934766632,31.462877828101377,29.69721047912019,29.69721047912019,64.03358257928562,29.698810835642853,-1.6369197318618198,-1.6369197318618198,17.351773231619305,-1.764066992458524
371,0,Vocal,0,0,4.069924447113972,4.069924447113971,20.611560039108802,4.2048687037933945,11.813128648038722,11.813128648038722,34.60142084741908,11.837546628360652,7.74320420092475,7.743204200924751,13.989860808310276,7.632677924567258
371,1,Bass,0,0,3.9517636455495246,3.9517636455495246,15.34310737403177,4.40412187780542,6.165734222546209,6.165734222546209,43.007075015283355,6.166850363505575,2.213970576996684,2.213970576996684,27.663967641251585,1.7627284857001548
371,2,Drums,0,0,32.2062917203804,32.2062917203804,53.35296393688948,32.23978398891902,37.05304587568757,37.05304587568757,58.453194229077106,37.08460250083996,4.846754155307174,4.846754155307174,5.100230292187625,4.844818511920934
372,0,Vocal,0,0,3.842814773867123,3.8428147738671243,23.742703253396176,3.90579193740132,7.768940479438183,7.768940479438183,40.53561560638074,7.771621181008669,3.92612570557106,3.9261257055710588,16.792912352984562,3.865829243607349
372,1,Bass,0,0,2.6085304656444523,2.6085304656444523,16.323481120863647,2.8972912724749857,5.126990444734184,5.126990444734184,26.075258015147483,5.172750468424635,2.5184599790897315,2.5184599790897315,9.751776894283836,2.275459195949649
372,2,Drums,0,0,31.236040549124134,31.23604054912414,49.189209058910066,31.30622996573728,34.61238119715833,34.61238119715833,80.90160927733636,34.61247564219509,3.376340648034194,3.376340648034187,31.712400218426296,3.306245676457813
373,0,Vocal,0,0,9.836402408562659,9.836402408562659,28.479294917218013,9.902331201159988,13.706615598371723,13.706615598371723,44.47551556631304,13.710409611819454,3.870213189809064,3.870213189809064,15.99622064909503,3.8080784106594656
373,1,Bass,0,0,2.135931395160951,2.135931395160951,16.00352683765885,2.42559647364985,4.55672251350056,4.556722513500559,28.52587815297649,4.580264118665881,2.420791118339609,2.4207911183396082,12.52235131531764,2.154667645016031
373,2,Drums,0,0,26.165471504649858,26.165471504649858,34.82734773312596,26.802190906683236,33.75892294160931,33.75892294160931,66.8248939021951,33.7610552133655,7.593451436959455,7.593451436959455,31.99754616906914,6.9588643066822655
374,0,Vocal,0,0,6.853864155570792,6.853864155570792,24.46195571870514,6.945373406686343,17.12738368847426,17.12738368847426,49.767666372065975,17.129793246882443,10.273519532903467,10.273519532903467,25.305710653360833,10.1844198401961
374,1,Bass,0,0,3.2624314574087347,3.262431457408734,16.99822445436524,3.5360067846359438,6.922945501526212,6.922945501526211,32.1381631263212,6.938688382369291,3.6605140441174773,3.6605140441174773,15.139938671955964,3.402681597733347
374,2,Drums,0,0,29.315631154517042,29.315631154517042,42.7415298485117,29.517813917340252,35.61204728882199,35.61204728882199,77.31392830774546,35.6123306889436,6.296416134304948,6.296416134304948,34.57239845923375,6.094516771603349
375,0,Vocal,0,0,8.542287869137503,8.542287869137503,26.900643993698836,8.614990924304154,19.969863452084876,19.969863452084876,43.81537857192362,19.98799335614946,11.427575582947373,11.427575582947373,16.91473457822478,11.373002431845306
375,1,Bass,0,0,4.08244663798799,4.08244663798799,17.21275925207702,4.3807213777330976,7.510568330024406,7.510568330024409,35.03014022957658,7.519626985716673,3.4281216920364166,3.4281216920364193,17.81738097749956,3.1389056079835758
375,2,Drums,0,0,26.156537986388187,26.156537986388187,39.226806422296924,26.37668517924224,32.506210419051776,32.50621041905177,60.55994624002395,32.51300887124409,6.3496724326635885,6.349672432663581,21.333139817727023,6.136323692001849
376,0,Vocal,0,0,5.7484904462527755,5.7484904462527755,49.7921001551105,5.748706934212803,20.10601649324542,20.10601649324542,78.23098823059775,20.10601761801979,14.357526046992644,14.357526046992644,28.43888807548725,14.357310683806988
376,1,Bass,0,0,13.941701855675483,13.941701855675483,30.36353335492176,14.045831749729027,18.419719236465276,18.419719236465276,39.6525234097592,18.453009094532057,4.478017380789794,4.478017380789794,9.288990054837438,4.40717734480303
376,2,Drums,0,0,16.780552064426658,16.780552064426658,23.914825629732448,17.73184425201507,21.402211025770335,21.402211025770335,42.90771396062941,21.433247917307988,4.621658961343677,4.621658961343677,18.99288833089696,3.7014036652929185
377,0,Vocal,0,0,5.066686582686145,5.066686582686146,20.322173133404647,5.238284263938336,24.55487829710261,24.55487829710261,49.37638901576352,24.56925484113725,19.488191714416466,19.488191714416466,29.054215882358875,19.330970577198915
377,1,Bass,0,0,16.36759607691562,16.36759607691562,31.333700495374067,16.51145483327446,19.754807720650327,19.754807720650327,36.89209033001201,19.840474207853198,3.3872116437347053,3.3872116437347053,5.558389834637943,3.3290193745787384
377,2,Drums,0,0,14.36209749875669,14.36209749875669,16.410421292071494,18.70807242940874,17.22353131329737,17.22353131329737,34.34302676832711,17.3102585959965,2.861433814540682,2.861433814540682,17.932605476255613,-1.3978138334122399
378,0,Vocal,0,0,22.784508184674653,22.784508184674653,52.67031296426595,22.78899058955009,24.469106410200542,24.469106410200542,61.363825195681414,24.469994285707422,1.684598225525889,1.684598225525889,8.693512231415461,1.6810036961573331
378,1,Bass,11666,0,-5.924841901445307,-5.924841901445307,49.66137914347585,-5.924785268533833,-6.681505465546456,-6.681505465546456,21.25076747733385,-6.642103754152949,-0.7566635641011494,-0.7566635641011494,-28.410611666142,-0.7173184856191153
378,2,Drums,0,0,21.13074443031185,21.130744430311847,25.944959261363394,22.881346846087858,23.57233335784187,23.57233335784187,36.40847579510517,23.80545051271526,2.44158892753002,2.4415889275300238,10.463516533741775,0.9241036666274027
379,0,Vocal,0,0,11.920403818547022,11.920403818547022,31.959620035517382,11.96642219544324,26.026640161974953,26.026640161974953,78.26120485882142,26.026659076294372,14.10623634342793,14.10623634342793,46.30158482330403,14.060236880851132
379,1,Bass,-1,0,10.479209740208473,10.479209740208473,25.48396584809439,10.630876497357907,15.972266753914804,15.972266753914804,40.97587451363219,15.986356398933339,5.493057013706331,5.493057013706331,15.491908665537803,5.355479901575432
379,2,Drums,0,0,17.87158138949058,17.87158138949058,21.568599820980396,20.319226760398294,22.93371494652868,22.93371494652868,58.9851491439683,22.934796934191773,5.062133557038102,5.062133557038102,37.416549322987905,2.615570173793479
380,0,Vocal,0,0,11.434807773064684,11.434807773064682,26.71873020731053,11.574631438349321,25.883371344686267,25.883371344686267,55.52746509299901,25.88809560270065,14.448563571621584,14.448563571621586,28.80873488568848,14.313464164351327
380,1,Bass,0,0,15.141217128790519,15.141217128790515,28.85880415497446,15.33540773854918,18.998545020991866,18.99854502099187,39.891484220138366,19.034492086813778,3.857327892201347,3.8573278922013543,11.032680065163905,3.6990843482645985
380,2,Drums,0,0,16.248113715168913,16.248113715168916,21.757394162085543,17.711134286730164,18.023998809934994,18.02399880993499,32.79248901363057,18.17360723852464,1.7758850947660818,1.7758850947660747,11.03509485154503,0.46247295179447434
381,0,Vocal,0,0,11.690829556234515,11.690829556234512,28.17302200595593,11.796178442688527,25.88668128097613,25.88668128097613,49.17036117155266,25.90716513419445,14.195851724741615,14.195851724741619,20.997339165596735,14.110986691505923
381,1,Bass,0,0,13.301365243947807,13.301365243947807,24.665771763774874,13.645560740242574,17.777312619733706,17.777312619733706,40.18398790758091,17.80275240415804,4.4759473757859,4.4759473757859,15.518216143806033,4.157191663915464
381,2,Drums,0,0,16.277605032599393,16.277605032599393,20.685855468725066,18.268973777860047,19.329986297878502,19.329986297878502,37.21237703826395,19.40211326839551,3.0523812652791094,3.0523812652791094,16.526521569538886,1.1331394905354628
382,0,Vocal,0,0,10.559348376354983,10.559348376354983,36.72307401544441,10.570789663058058,22.663986706901348,22.663986706901348,52.57153347200533,22.668444332053955,12.104638330546365,12.104638330546365,15.848459456560917,12.097654668995897
382,1,Bass,0,0,9.895748176827746,9.895748176827746,24.01267675135584,10.084603710548949,15.905771394274463,15.905771394274463,44.88005700303287,15.911414973067311,6.010023217446717,6.010023217446717,20.867380251677027,5.826811262518362
382,2,Drums,0,0,17.608183643534066,17.60818364353407,21.45976136507107,19.944945858326495,20.780027370492135,20.780027370492128,32.84539756864101,21.060961849998492,3.1718437269580697,3.171843726958059,11.385636203569941,1.116015991671997
383,0,Vocal,0,0,4.526113814783767,4.526113814783767,21.77138053379803,4.637578321254511,23.520932108766708,23.520932108766708,63.25042854689788,23.521385250868043,18.99481829398294,18.99481829398294,41.47904801309985,18.88380692961353
383,1,Bass,0,0,14.318158934261048,14.318158934261048,29.491214665388167,14.45705637553683,22.008766794054708,22.008766794054708,40.652230095937334,22.068900399442878,7.69060785979366,7.69060785979366,11.161015430549167,7.611844023906048
383,2,Drums,0,0,15.165135818903558,15.165135818903558,20.442050077878747,16.732741795818523,19.278963904968712,19.278963904968712,36.81368916256312,19.35716610050594,4.113828086065155,4.113828086065155,16.371639084684375,2.624424304687416
384,0,Vocal,0,0,0.4851961876758166,0.4851961876758149,23.757611180582895,0.5239306412042724,20.142076965759152,20.142076965759152,55.62299687015855,20.143300607320693,19.656880778083334,19.656880778083337,31.865385689575657,19.61936996611642
384,1,Bass,0,0,-0.8673065561180475,-0.8673065561180475,14.776807679534443,-0.6050327703997207,0.5796827594239355,0.5796827594239355,17.827376330434095,0.7333509760853301,1.446989315541983,1.446989315541983,3.0505686508996526,1.3383837464850508
384,2,Drums,0,0,30.93473919126055,30.93473919126055,41.632005923127366,31.3216176249282,34.503030339226775,34.503030339226775,51.1036269958927,34.59911139751492,3.5682911479662245,3.5682911479662245,9.47162107276533,3.277493772586716
385,0,Vocal,0,0,-0.1552979285568988,-0.1552979285568988,16.49922530281795,0.03572920224379599,15.013011076770564,15.013011076770564,41.25472579576431,15.023663017039654,15.168309005327462,15.168309005327462,24.755500492946357,14.987933814795857
385,1,Bass,-1,-1,-4.696325887350955,-4.696325887350955,7.249020619430602,-3.6599191922306877,-0.21258701162418325,-0.21258701162418428,56.37390666888551,-0.21256753129583447,4.483738875726772,4.483738875726771,49.12488604945491,3.4473516609348533
385,2,Drums,0,0,26.73902833324061,26.73902833324061,39.144419471499624,26.996614874959597,30.127752324312063,30.127752324312063,50.874099856700276,30.164509626972137,3.3887239910714513,3.3887239910714513,11.729680385200652,3.16789475201254
386,0,Vocal,0,0,5.446931306032706,5.446931306032706,33.341457295101975,5.45600067773063,18.332304376035946,18.332304376035946,51.67287863661401,18.33434253980498,12.88537307000324,12.88537307000324,18.331421341512034,12.878341862074349
386,1,Bass,0,0,0.24555602851575992,0.24555602851575992,14.94484298723797,0.5322005339796265,5.084312045645896,5.084312045645895,35.313872108904775,5.089710691009942,4.838756017130136,4.838756017130135,20.369029121666806,4.557510157030316
386,2,Drums,0,0,26.27938829461991,26.27938829461991,36.982204860031516,26.66632393085979,30.28699505746197,30.28699505746197,49.90068668503988,30.33476647100587,4.007606762842059,4.007606762842059,12.918481825008364,3.6684425401460814
387,0,Vocal,0,0,-5.272759605535267,-5.272759605535264,13.754389651911598,-5.038877038831897,7.524753116809194,7.524753116809194,44.40713142807618,7.525797374972861,12.797512722344461,12.797512722344457,30.65274177616458,12.564674413804758
387,1,Bass,0,-1,-3.1160720198763063,-3.1160720198763063,11.184584265426071,-2.6330305607770566,0.48784841818711566,0.4878484181871148,25.707037366133246,0.512580290301565,3.603920438063422,3.603920438063421,14.522453100707175,3.1456108510786214
387,2,Drums,0,0,31.486833836395675,31.486833836395675,42.5309926329342,31.842726893762926,18.091517469656765,18.091517469656765,41.49642967527474,18.11169898328641,-13.39531636673891,-13.39531636673891,-1.0345629576594604,-13.731027910476516
388,0,Vocal,0,0,3.6887961465849726,3.688796146584974,20.387867698230004,3.822212118828583,18.76908685025176,18.76908685025176,37.007070404762665,18.83560226828105,15.080290703666787,15.080290703666787,16.61920270653266,15.013390149452468
388,1,Bass,0,0,-2.3264301391928845,-2.3264301391928854,10.446405202699161,-1.715612725609088,1.2415531033902047,1.2415531033902047,22.12508061923287,1.303676222408425,3.5679832425830895,3.5679832425830904,11.67867541653371,3.019288948017513
388,2,Drums,0,0,23.23704801998131,23.2370480199813,32.79140277609004,23.749366279417423,27.39375687791446,27.39375687791446,48.14025714871053,27.430546378570856,4.15670885793315,4.1567088579331575,15.348854372620494,3.6811800991534334
389,0,Vocal,0,0,4.3260963907796075,4.3260963907796075,27.899504036723393,4.352250722395236,14.843147456407412,14.843147456407412,46.55017724168233,14.846173370625518,10.517051065627804,10.517051065627804,18.650673204958935,10.493922648230281
389,1,Bass,0,0,-5.651861796343289,-5.651861796343289,8.977919624457371,-4.9822253697661445,-2.579967553838198,-2.579967553838198,26.149189754035493,-2.563616697219092,3.0718942425050915,3.0718942425050915,17.171270129578122,2.4186086725470526
389,2,Drums,0,0,33.336823095225355,33.336823095225355,45.998513536236715,33.5788330015971,36.68053826841241,36.68053826841241,54.79517134595981,36.74809336327829,3.343715173187057,3.343715173187057,8.796657809723094,3.1692603616811894
390,0,Vocal,0,0,5.687501874366566,5.687501874366565,27.30678832399416,5.7255846833649695,19.054091508830183,19.054091508830183,53.35311797986469,19.05572216337022,13.366589634463617,13.366589634463619,26.046329655870533,13.33013748000525
390,1,Bass,0,-2,-6.759728251320885,-6.759728251320885,7.22783374834547,-5.829761167529388,-0.6910533641852579,-0.6910533641852579,26.19661919722773,-0.6717383540280986,6.068674887135627,6.068674887135627,18.968785448882258,5.158022813501289
390,2,Drums,0,0,32.342730491259715,32.342730491259715,46.72750858279279,32.50400747518222,36.94028370371521,36.94028370371521,51.48468712066745,37.095564957225804,4.5975532124554945,4.5975532124554945,4.757178537874665,4.591557482043584
391,0,Vocal,0,0,10.767825577337387,10.767825577337389,28.598296809727152,10.845985590897282,22.352697408124914,22.352697408124914,48.71951895683746,22.36278636743331,11.584871830787527,11.584871830787526,20.12122214711031,11.516800776536027
391,1,Bass,0,0,-0.46537523014839255,-0.46537523014839255,11.706343513859203,0.09006647813825455,0.7506893471301211,0.7506893471301211,17.360561432466945,0.9255628315826017,1.2160645772785137,1.2160645772785137,5.654217918607742,0.8354963534443471
391,2,Drums,0,0,20.9522433172377,20.9522433172377,29.62939876726718,21.58985887205034,25.95170238313663,25.95170238313663,54.584344550869616,25.957663504605172,4.999459065898932,4.999459065898932,24.954945783602437,4.367804632554833
392,0,Vocal,0,0,14.131422518908334,14.131422518908334,33.14987179997737,14.18831059994794,23.52409130252625,23.52409130252625,65.85752468493382,23.524337714632892,9.392668783617918,9.392668783617918,32.70765288495645,9.336027114684953
392,1,Bass,0,0,3.726000770020911,3.7260007700209123,17.18436799478993,4.008682805831554,6.2772319659924305,6.277231965992431,34.42549040685867,6.285456269697919,2.5512311959715195,2.551231195971519,17.24112241206874,2.2767734638663653
392,2,Drums,0,0,33.18455709428261,33.18455709428261,45.02959860211937,33.478369689062866,36.947328283884325,36.947328283884325,56.25241159702027,36.99858576764664,3.7627711896017146,3.7627711896017146,11.222812994900899,3.520216078583772
393,0,Vocal,0,0,18.83098024809999,18.83098024809999,46.43160643486584,18.838630966703427,27.323412857127547,27.323412857127547,61.48217176939433,27.325078042506952,8.492432609027556,8.492432609027556,15.050565334528486,8.486447075803525
393,1,Bass,0,0,3.5723098452376236,3.5723098452376236,17.67940254475855,3.817836780540958,3.5094380595040136,3.509438059504013,27.547146510008385,3.534244811538285,-0.06287178573361007,-0.06287178573361052,9.867743965249836,-0.2835919690026727
393,2,Drums,0,0,23.60067398543555,23.60067398543555,27.86521837069038,25.64605529610827,31.375867578715546,31.375867578715546,46.64534137926885,31.50698750954009,7.775193593279997,7.775193593279997,18.78012300857847,5.86093221343182
394,0,Vocal,0,0,17.61323705889756,17.61323705889756,44.91091170513161,17.62147529302362,19.758502521383544,19.758502521383544,52.051439781124074,19.761090478329933,2.145265462485984,2.145265462485984,7.140528075992464,2.1396151853063117
394,1,Bass,0,0,2.2896756650300927,2.2896756650300936,19.810374492696592,2.4123587186037163,4.79705184996038,4.797051849960378,44.52845891293673,4.79766679652865,2.5073761849302874,2.5073761849302847,24.718084420240135,2.3853080779249334
394,2,Drums,0,0,29.36308390743249,29.36308390743249,41.60798135058371,29.630422006423697,34.415557695741036,34.415557695741036,51.58624535312786,34.49970178224228,5.052473788308546,5.052473788308546,9.978264002544151,4.869279775818587
395,0,Vocal,0,0,13.410022212404801,13.410022212404801,36.69465941275111,13.431384616123829,21.28239461265032,21.28239461265032,50.92724375846045,21.287141557347585,7.872372400245521,7.872372400245521,14.232584345709341,7.855756941223756
395,1,Bass,0,0,5.98154416665953,5.98154416665953,21.766847095340896,6.1265196528365395,8.799544503108365,8.799544503108365,32.779540025679864,8.819237959354068,2.8180003364488346,2.8180003364488346,11.012692930338968,2.692718306517528
395,2,Drums,0,0,25.766686159201775,25.766686159201775,33.64684129665034,26.540909531148735,33.47930446593302,33.47930446593302,50.693226645339884,33.562615001450745,7.712618306731244,7.712618306731244,17.046385348689547,7.02170547030201
396,0,Vocal,0,0,11.90009234255216,11.90009234255216,35.76675577345156,11.919107763030867,18.132673178818976,18.132673178818976,49.04584300093389,18.136244299051775,6.232580836266816,6.232580836266816,13.279087227482336,6.217136536020908
396,1,Bass,0,0,3.125200619399907,3.125200619399907,17.929616038278226,3.3406908505445814,6.792752065605233,6.792752065605232,35.03602912948848,6.800626669455951,3.6675514462053265,3.6675514462053247,17.106413091210257,3.45993581891137
396,2,Drums,0,0,29.767346219855483,29.767346219855483,37.255775872502134,30.6210385719282,34.19459067903373,34.19459067903373,50.856169429052436,34.28931755499991,4.427244459178247,4.427244459178247,13.600393556550301,3.668278983071712
397,0,Vocal,0,0,18.47744421439957,18.47744421439957,41.485835545306685,18.499529980322183,25.83648101176966,25.83648101176966,63.86522221322318,25.83715833512354,7.359036797370091,7.359036797370091,22.379386667916492,7.337628354801357
397,1,Bass,0,0,7.686960031693473,7.686960031693473,22.527842955511453,7.85600838867661,11.804222994949463,11.804222994949463,44.95872488356756,11.806462327372728,4.11726296325599,4.11726296325599,22.43088192805611,3.9504539386961177
397,2,Drums,0,0,26.46984473926603,26.46984473926603,37.36092950370952,26.839612901155174,31.692729419230986,31.692729419230986,48.42051570225173,31.78603940034037,5.222884679964956,5.222884679964956,11.059586198542206,4.946426499185197
398,0,Vocal,0,0,18.22894714328221,18.22894714328221,41.13645020138253,18.251572740332588,26.24273419914789,26.24273419914789,65.33423411539098,26.243266701076475,8.01378705586568,8.01378705586568,24.197783914008454,7.991693960743888
398,1,Bass,0,0,8.827342321842501,8.827342321842501,22.5989082367343,9.037316180481598,13.14796357031953,13.14796357031953,35.69185728006523,13.173378463525374,4.320621248477028,4.320621248477028,13.092949043330929,4.136062283043776
398,2,Drums,0,0,23.693255961267823,23.693255961267823,30.618813720181052,24.68230415289301,29.53782118592713,29.53782118592713,47.853878134320496,29.602364694672527,5.844565224659306,5.844565224659306,17.235064414139444,4.920060541779517
399,0,Vocal,0,0,-4.742799870165211,-4.742799870165211,19.24149515349739,-4.67400615112984,-0.6191033658875903,-0.6191033658875897,28.119725750937306,-0.6066361609270969,4.12369650427762,4.123696504277621,8.878230597439916,4.067369990202742
399,1,Bass,0,0,5.112552345292698,5.112552345292698,19.066620079245308,5.344409681071815,8.024099291407115,8.024099291407115,32.003550504964466,8.044242530257504,2.9115469461144166,2.9115469461144166,12.936930425719158,2.6998328491856896
399,2,Drums,0,0,41.484218060527226,41.484218060527226,61.19237825628032,41.53087444188998,42.72756520210258,42.72756520210258,66.30681944349058,42.74659664015499,1.2433471415753559,1.2433471415753559,5.114441187210261,1.2157221982650128
