idx,ch,stem,SIRB_in,LTR_in,U_in,U0_in,U_legacy_in,EXP_in,EXP0_in,EXP_legacy_in,RBR_in,RBRpct_in,SIRB_out,LTR_out,U_out,U0_out,U_legacy_out,EXP_out,EXP0_out,EXP_legacy_out,RBR_out,RBRpct_out,BR
0,0,Vocal,15.40846061706543,-15.40845012664795,0.01893727108836174,0.01893727108836174,0.018357492983341217,98.10626983642578,98.10626983642578,98.16424560546875,0.027978848665952682,2.797884941101074,37.227569580078125,-37.22796630859375,0.02359660156071186,0.02305399812757969,0.023082897067070007,97.64034271240234,97.6946029663086,97.69171142578125,0.00018934407853521407,0.018934408202767372,1.30756413936615
0,1,Bass,17.542253494262695,-17.5422306060791,0.11572378128767014,0.11572357267141342,0.09533397108316422,88.42761993408203,88.42764282226562,90.46659851074219,0.017305904999375343,1.7305904626846313,41.29518508911133,-41.29415512084961,0.0023900249507278204,0.0023882410023361444,0.00299356528557837,99.76099395751953,99.76117706298828,99.70063781738281,7.420338079100475e-05,0.007420338224619627,-3.9720404148101807
0,2,Drums,30.38214111328125,-30.38196563720703,0.0005490720504894853,0.0005490718758665025,0.000775906431954354,99.9450912475586,99.9450912475586,99.92240905761719,0.0009149511461146176,0.09149511158466339,52.03528594970703,-52.02416229248047,0.004422576632350683,0.004404864739626646,0.004580837208777666,99.5577392578125,99.55951690673828,99.54191589355469,6.2627341321785934e-06,0.0006262733950279653,-0.8991909027099609
1,0,Vocal,13.787598609924316,-13.787601470947266,0.00834906566888094,0.008349057286977768,0.009176293388009071,99.16509246826172,99.16509246826172,99.08236694335938,0.04012849181890488,4.0128493309021,39.64601516723633,-39.64460754394531,0.019009485840797424,0.01865549013018608,0.019054219126701355,98.09905242919922,98.13445281982422,98.09457397460938,0.00010849998943740502,0.010849999263882637,5.337995529174805
1,1,Bass,23.651260375976562,-23.65129280090332,0.041065286844968796,0.04106521233916283,0.04403257742524147,95.89347076416016,95.89347839355469,95.59674072265625,0.004295379389077425,0.42953795194625854,49.41413879394531,-49.404544830322266,0.0006322013214230537,0.0006319662206806242,1.9819988665403798e-05,99.93677520751953,99.93679809570312,99.99801635742188,1.1450836609583348e-05,0.0011450836900621653,-1.9232032299041748
1,2,Drums,19.36960220336914,-19.369611740112305,0.00030699692433699965,0.000306996691506356,0.0,99.96929931640625,99.96929931640625,100.0,0.011430018581449986,1.143001914024353,38.13201904296875,-38.13242721557617,0.017603499814867973,0.01730441302061081,0.018547866493463516,98.2396469116211,98.26956176757812,98.14521026611328,0.00015369572793133557,0.015369572676718235,-3.7833008766174316
2,0,Vocal,23.819313049316406,-23.819255828857422,0.006959633436053991,0.006959631107747555,0.007630669511854649,99.30403900146484,99.30403900146484,99.2369384765625,0.004133034497499466,0.4133034348487854,40.70259094238281,-40.70792770385742,0.029824014753103256,0.028974268585443497,0.03007655218243599,97.0176010131836,97.10256958007812,96.99234008789062,8.498350507579744e-05,0.008498350158333778,-3.626041889190674
2,1,Bass,27.99541664123535,-27.995269775390625,0.026601046323776245,0.026601046323776245,0.029324756935238838,97.33988952636719,97.33988952636719,97.06752014160156,0.0015840521082282066,0.15840521454811096,51.07445526123047,-51.02727508544922,0.000506447337102145,0.0005062457057647407,0.0004391955735627562,99.94935607910156,99.94937896728516,99.95608520507812,7.857988748583011e-06,0.0007857988821342587,-4.669075965881348
2,2,Drums,28.291349411010742,-28.291301727294922,0.002835423918440938,0.0028354236856102943,0.009404907934367657,99.7164535522461,99.7164535522461,99.05950927734375,0.0014798534102737904,0.1479853391647339,33.50160217285156,-33.501583099365234,0.02487099915742874,0.02426658384501934,0.02513347566127777,97.51290130615234,97.5733413696289,97.48664855957031,0.00044630729826167226,0.04463072866201401,-17.354459762573242
3,0,Vocal,23.9071044921875,-23.907058715820312,0.012432693503797054,0.012432693503797054,0.01294680219143629,98.75672912597656,98.75672912597656,98.705322265625,0.004050680436193943,0.405068039894104,46.55336380004883,-46.54600524902344,0.01312922965735197,0.012962130829691887,0.013450073078274727,98.68707275390625,98.70378875732422,98.65499114990234,2.2123882445157506e-05,0.0022123882081359625,2.131202459335327
3,1,Bass,11.305437088012695,-11.305435180664062,0.09235173463821411,0.09235111624002457,0.08245567977428436,90.76482391357422,90.76488494873047,91.75443267822266,0.06893453001976013,6.893453121185303,38.55443572998047,-38.5543212890625,0.002396070398390293,0.0023935711942613125,0.0031569835264235735,99.7603988647461,99.7606430053711,99.6843032836914,0.00013950334687251598,0.01395033486187458,-0.23551814258098602
3,2,Drums,28.416275024414062,-28.416236877441406,0.0016226853476837277,0.0016226846491917968,0.0021353766787797213,99.83773040771484,99.83773040771484,99.78646087646484,0.0014379489002749324,0.14379489421844482,43.87113952636719,-43.86585235595703,0.0045629264786839485,0.004543612245470285,0.00436451705172658,99.54370880126953,99.54563903808594,99.56355285644531,4.102955790585838e-05,0.00410295557230711,-7.0955586433410645
4,0,Vocal,14.500333786010742,-14.500349998474121,0.012607475742697716,0.012607474811375141,0.01408373098820448,98.7392578125,98.7392578125,98.59162902832031,0.03426297754049301,3.426297664642334,43.496395111083984,-43.49658203125,0.015157508663833141,0.014935516752302647,0.015449912287294865,98.48424530029297,98.50645446777344,98.45500946044922,4.471879583434202e-05,0.004471879452466965,8.484971046447754
4,1,Bass,20.6476993560791,-20.647686004638672,0.04038598760962486,0.040385935455560684,0.04502248018980026,95.9614028930664,95.9614028930664,95.49774932861328,0.00854093860834837,0.8540938496589661,41.785865783691406,-41.78590393066406,0.0011052018962800503,0.0011048680171370506,0.0010656033409759402,99.88948059082031,99.88951110839844,99.89344024658203,6.629138806601986e-05,0.006629138719290495,-6.495131015777588
4,2,Drums,26.556533813476562,-26.55651092529297,0.0011213463731110096,0.0011213425314053893,0.001658980967476964,99.88786315917969,99.88786315917969,99.83409881591797,0.0022049255203455687,0.22049255669116974,49.391578674316406,-49.39893341064453,0.004168505314737558,0.004151693545281887,0.003934979904443026,99.58314514160156,99.58483123779297,99.60649871826172,1.1514779544086196e-05,0.0011514779180288315,0.28114619851112366
5,0,Vocal,18.169479370117188,-18.169471740722656,0.007768948096781969,0.007768937386572361,0.008286220952868462,99.22310638427734,99.22310638427734,99.17137908935547,0.01501353271305561,1.5013532638549805,47.447052001953125,-47.43396759033203,0.011382495053112507,0.01125630084425211,0.01153755933046341,98.86174774169922,98.87437438964844,98.84624481201172,1.8021690266323276e-05,0.00180216901935637,8.76522445678711
5,1,Bass,16.444988250732422,-16.444990158081055,0.05101758614182472,0.0510166734457016,0.04402351751923561,94.89823913574219,94.89833068847656,95.59764862060547,0.022169969975948334,2.216996908187866,37.2003059387207,-37.20038986206055,0.0013323178282007575,0.0013313202653080225,0.0015924727777019143,99.86676788330078,99.86686706542969,99.84075164794922,0.00019053940195590258,0.01905393972992897,-6.8126220703125
5,2,Drums,24.14353370666504,-24.143503189086914,0.00020531940390355885,0.00020531934569589794,0.0,99.9794692993164,99.9794692993164,100.0,0.0038369265384972095,0.3836926519870758,41.59484100341797,-41.59202194213867,0.006956061813980341,0.006910371594130993,0.006962382700294256,99.30439758300781,99.3089599609375,99.30376434326172,6.9288958911784e-05,0.006928896065801382,-5.101635456085205
6,0,Vocal,32.63869857788086,-32.63884735107422,0.026302242651581764,0.02630222775042057,0.027606017887592316,97.36978149414062,97.36978149414062,97.23939514160156,0.0005443788249976933,0.05443788319826126,40.82920837402344,-40.830078125,0.035297248512506485,0.03411039337515831,0.03512733429670334,96.47027587890625,96.5889663696289,96.48726654052734,8.257311128545552e-05,0.008257310837507248,-12.31817626953125
6,1,Bass,36.90732192993164,-36.906124114990234,0.031603407114744186,0.03160334378480911,0.03177524730563164,96.83966064453125,96.83966827392578,96.82247924804688,0.0002038259553955868,0.02038259617984295,50.4573974609375,-50.451438903808594,0.0005179315921850502,0.0005177955026738346,0.00010031393321696669,99.94821166992188,99.9482192993164,99.9899673461914,9.008155757328495e-06,0.0009008155902847648,-14.106983184814453
6,2,Drums,36.5677490234375,-36.5678825378418,0.003244074061512947,0.003244074061512947,0.006485266145318747,99.67559051513672,99.67559051513672,99.35147094726562,0.0002203321928391233,0.022033220157027245,51.953338623046875,-51.9352912902832,0.016381602734327316,0.016123421490192413,0.016451533883810043,98.3618392944336,98.38765716552734,98.35484313964844,6.36994218439213e-06,0.0006369941984303296,-7.156309604644775
7,0,Vocal,11.561554908752441,-11.561555862426758,0.01946139708161354,0.019461382180452347,0.020433833822607994,98.05386352539062,98.05386352539062,97.95661926269531,0.06524430960416794,6.524430751800537,38.09345626831055,-38.092952728271484,0.018801139667630196,0.01846426911652088,0.018890107050538063,98.11988830566406,98.15357208251953,98.11099243164062,0.00015510458615608513,0.015510458499193192,6.042074203491211
7,1,Bass,23.40564727783203,-23.405643463134766,0.0406758189201355,0.04067578911781311,0.04311855882406235,95.93241882324219,95.93242645263672,95.68814849853516,0.004544205032289028,0.4544205069541931,38.8402099609375,-38.83906173706055,0.001106061739847064,0.0011057101655751467,0.000632691488135606,99.88938903808594,99.8894271850586,99.93672943115234,0.00013059935008641332,0.013059934601187706,-12.124336242675781
7,2,Drums,23.43781280517578,-23.43780517578125,0.0018084854818880558,0.0018084847833961248,0.002511820523068309,99.81915283203125,99.81915283203125,99.74881744384766,0.004510863218456507,0.4510863125324249,46.3812255859375,-46.373294830322266,0.005621763411909342,0.0055928719229996204,0.005648431833833456,99.43782043457031,99.44071197509766,99.4351577758789,2.2999734937911853e-05,0.0022999735083431005,0.3919818699359894
8,0,Vocal,36.936641693115234,-36.93655014038086,0.006114451680332422,0.006114443298429251,0.007815094664692879,99.38855743408203,99.38855743408203,99.21849060058594,0.00020245419000275433,0.020245419815182686,35.72163772583008,-35.72137451171875,0.03488193079829216,0.03381573408842087,0.03414929285645485,96.51180267333984,96.61842346191406,96.58506774902344,0.0002677780867088586,0.026777809485793114,-21.654251098632812
8,1,Bass,26.506813049316406,-26.5067081451416,0.012438664212822914,0.012438561767339706,0.010909619741141796,98.75613403320312,98.75614929199219,98.9090347290039,0.002230218378826976,0.22302183508872986,49.23685073852539,-49.2742919921875,0.0006668563582934439,0.000666600710246712,0.0010304981842637062,99.93331146240234,99.93333435058594,99.8969497680664,1.1844448636111338e-05,0.0011844448745250702,-4.93669319152832
8,2,Drums,28.575824737548828,-28.57569122314453,0.005999431479722261,0.005999431479722261,0.007247107103466988,99.40005493164062,99.40005493164062,99.2752914428711,0.0013861814513802528,0.13861814141273499,30.97235870361328,-30.9720458984375,0.03938129171729088,0.03788382560014725,0.03965173661708832,96.06187438964844,96.21161651611328,96.03482818603516,0.0007987734861671925,0.0798773467540741,-20.14331817626953
9,0,Vocal,32.40348434448242,-32.403160095214844,0.003346029669046402,0.003346025012433529,0.00567866675555706,99.66539764404297,99.66539764404297,99.43213653564453,0.0005746507085859776,0.057465068995952606,39.88642501831055,-39.88713455200195,0.020772678777575493,0.02035236731171608,0.020932696759700775,97.9227294921875,97.96476745605469,97.90673065185547,0.0001026594327413477,0.010265943594276905,-13.033100128173828
9,1,Bass,19.771806716918945,-19.77180290222168,0.020724264904856682,0.020724212750792503,0.02010256052017212,97.92757415771484,97.92757415771484,97.98974609375,0.01042958628386259,1.0429586172103882,42.896949768066406,-42.89771270751953,0.0014091163175180554,0.0014075608924031258,0.0014240405289456248,99.85908508300781,99.85924530029297,99.85759735107422,5.131944271852262e-05,0.005131944082677364,-4.560968399047852
9,2,Drums,29.433286666870117,-29.433380126953125,0.005763663910329342,0.005763663910329342,0.004556993022561073,99.42363739013672,99.42363739013672,99.54429626464844,0.0011380690848454833,0.11380691081285477,34.602439880371094,-34.60245895385742,0.034165289252996445,0.033033523708581924,0.03376779332756996,96.5834732055664,96.69664764404297,96.62321472167969,0.00034646090352907777,0.03464609012007713,-17.359891891479492
10,0,Vocal,28.469602584838867,-28.469654083251953,0.006905226968228817,0.006905226036906242,0.0075909290462732315,99.30947875976562,99.30947875976562,99.24090576171875,0.0014204515609890223,0.14204515516757965,40.71478271484375,-40.71382522583008,0.02840421535074711,0.027696829289197922,0.028402116149663925,97.15957641601562,97.23031616210938,97.1597900390625,8.484765567118302e-05,0.008484765887260437,-8.216998100280762
10,1,Bass,21.182334899902344,-21.182292938232422,0.03283246234059334,0.032832201570272446,0.025303786620497704,96.71675872802734,96.71678161621094,97.46961975097656,0.007559142075479031,0.7559142112731934,46.996665954589844,-46.98828887939453,0.0008514259243384004,0.0008509850595146418,0.0011940544936805964,99.91485595703125,99.91490173339844,99.8805923461914,2.000418862735387e-05,0.002000418957322836,-1.8946542739868164
10,2,Drums,37.19215774536133,-37.1921501159668,0.005626913625746965,0.0056269061751663685,0.006506835576146841,99.43730926513672,99.43730926513672,99.34931182861328,0.0001908659323817119,0.019086593762040138,34.236331939697266,-34.23660659790039,0.023616403341293335,0.023083513602614403,0.022297870367765427,97.63835906982422,97.691650390625,97.77021789550781,0.0003768715832848102,0.037687160074710846,-25.511220932006836
11,0,Vocal,30.942298889160156,-30.941852569580078,0.002868416951969266,0.0028684139251708984,0.0009312405018135905,99.7131576538086,99.7131576538086,99.90687561035156,0.0008043009438551962,0.08043009787797928,39.757205963134766,-39.75828170776367,0.014156247489154339,0.013965924270451069,0.01451520062983036,98.58438110351562,98.60340881347656,98.54847717285156,0.00010572587052593008,0.010572587139904499,-11.686910629272461
11,1,Bass,17.86391830444336,-17.863916397094727,0.01575956866145134,0.01575954258441925,0.018219852820038795,98.42404174804688,98.4240493774414,98.17801666259766,0.016090258955955505,1.6090259552001953,42.40167999267578,-42.40251541137695,0.0008643742767162621,0.0008639574516564608,0.000788310426287353,99.91355895996094,99.91360473632812,99.9211654663086,5.753848381573334e-05,0.005753848236054182,-3.179765224456787
11,2,Drums,19.551319122314453,-19.55131721496582,0.00374678079970181,0.003746776608750224,0.004143575206398964,99.62532043457031,99.62532806396484,99.58563995361328,0.010966802015900612,1.0966801643371582,32.944679260253906,-32.944358825683594,0.03826777637004852,0.036875590682029724,0.03668488934636116,96.1732177734375,96.31243896484375,96.33151245117188,0.0005073751672171056,0.05073751509189606,-9.159600257873535
12,0,Vocal,28.9724063873291,-28.972442626953125,0.003986196126788855,0.003986195661127567,0.0054922704584896564,99.60137939453125,99.60137939453125,99.45077514648438,0.0012653270969167352,0.12653270363807678,36.66758728027344,-36.66942596435547,0.026004737243056297,0.025454236194491386,0.026235798373818398,97.39952850341797,97.45457458496094,97.37641906738281,0.0002153090463252738,0.02153090387582779,-12.741527557373047
12,1,Bass,23.291942596435547,-23.291959762573242,0.01138252206146717,0.01138242892920971,0.014704645611345768,98.86174774169922,98.86176300048828,98.52953338623047,0.004664148669689894,0.4664148688316345,51.312950134277344,-51.32228088378906,0.0007230295450426638,0.0007227517198771238,0.0008856848580762744,99.92769622802734,99.92772674560547,99.91143035888672,7.397401077469112e-06,0.0007397400913760066,0.3126998543739319
12,2,Drums,29.499134063720703,-29.49908447265625,0.007262359373271465,0.007262350060045719,0.009471061639487743,99.27376556396484,99.27376556396484,99.05289459228516,0.0011209971271455288,0.11209971457719803,36.81804275512695,-36.81752395629883,0.022406872361898422,0.021923493593931198,0.020217573270201683,97.75931549072266,97.80765533447266,97.97824096679688,0.0002080020640278235,0.020800206810235977,-15.258537292480469
13,0,Vocal,31.933162689208984,-31.933204650878906,0.0030253534205257893,0.0030253534205257893,0.0042733242735266685,99.69746398925781,99.69746398925781,99.57266998291016,0.0006403750157915056,0.0640375018119812,43.303836822509766,-43.30476379394531,0.016298828646540642,0.016076864674687386,0.016323179006576538,98.3701171875,98.3923110961914,98.36767578125,4.673289367929101e-05,0.004673289135098457,-9.097975730895996
13,1,Bass,18.668006896972656,-18.668001174926758,0.012713625095784664,0.012713620439171791,0.014318197034299374,98.7286376953125,98.7286376953125,98.56818389892578,0.013407162390649319,1.3407162427902222,44.70356750488281,-44.70206832885742,0.000799615285359323,0.0007991361781023443,0.0012118356535211205,99.9200439453125,99.92008972167969,99.87881469726562,3.384006777196191e-05,0.0033840066753327847,-1.64498770236969
13,2,Drums,27.01504135131836,-27.01500701904297,0.009598213247954845,0.009598197415471077,0.014012344181537628,99.0401840209961,99.0401840209961,98.59877014160156,0.001984447706490755,0.19844476878643036,36.95844268798828,-36.958980560302734,0.03278915584087372,0.03177517279982567,0.03204295039176941,96.72108459472656,96.82247924804688,96.79570007324219,0.00020141794811934233,0.02014179527759552,-12.59287166595459
14,0,Vocal,21.42848014831543,-21.42847442626953,0.03577616065740585,0.035776037722826004,0.03882807493209839,96.4223861694336,96.42240142822266,96.11719512939453,0.007145609240978956,0.7145609259605408,43.61973571777344,-43.61795425415039,0.10090862214565277,0.09163044393062592,0.09329164773225784,89.90913391113281,90.83695220947266,90.67083740234375,4.347816502558999e-05,0.004347816575318575,1.676651954650879
14,1,Bass,17.85829734802246,-17.858299255371094,0.02679397165775299,0.02679396979510784,0.03176841139793396,97.32060241699219,97.32060241699219,96.82315826416016,0.016110843047499657,1.6110843420028687,47.141666412353516,-47.133514404296875,0.0007097640773281455,0.0007093273452483118,0.0012027802877128124,99.92902374267578,99.92906188964844,99.87972259521484,1.933392559294589e-05,0.0019333926029503345,1.5648235082626343
14,2,Drums,28.603778839111328,-28.603744506835938,0.0015152114210650325,0.0015152113046497107,0.0009742595138959587,99.84848022460938,99.84848022460938,99.90257263183594,0.0013772784732282162,0.13772784173488617,33.47441864013672,-33.47412872314453,0.029591595754027367,0.028744462877511978,0.029711008071899414,97.04084014892578,97.12555694580078,97.02890014648438,0.0004491670988500118,0.04491671174764633,-17.6751708984375
15,0,Vocal,29.098129272460938,-29.097902297973633,0.0037535661831498146,0.003753559896722436,0.004236136097460985,99.62464904785156,99.62464904785156,99.57638549804688,0.0012293268227949739,0.12293267995119095,43.56056594848633,-43.558128356933594,0.017026172950863838,0.016760889440774918,0.017463689669966698,98.29737854003906,98.32391357421875,98.25363159179688,4.4083502871217206e-05,0.0044083502143621445,-6.030066967010498
15,1,Bass,18.49449348449707,-18.494489669799805,0.010039243847131729,0.010039242915809155,0.012334181927144527,98.9960708618164,98.9960708618164,98.76658630371094,0.013946089893579483,1.394608974456787,47.41838455200195,-47.41227722167969,0.0006920105661265552,0.0006916368729434907,0.0007588636945001781,99.93080139160156,99.93083190917969,99.92411041259766,1.81577997864224e-05,0.0018157799495384097,1.1975746154785156
15,2,Drums,27.426071166992188,-27.42608642578125,0.013254689052700996,0.013254649937152863,0.011229157447814941,98.67453002929688,98.6745376586914,98.87708282470703,0.0018055362161248922,0.1805536150932312,32.65825271606445,-32.65842819213867,0.04005611687898636,0.038538891822099686,0.036528781056404114,95.99439239501953,96.14611053466797,96.34712219238281,0.0005419242079369724,0.05419242009520531,-17.315053939819336
16,0,Vocal,27.039554595947266,-27.039573669433594,0.04918884485960007,0.04918883740901947,0.05119746923446655,95.08111572265625,95.08111572265625,94.88025665283203,0.0019732823129743338,0.19732822477817535,34.47355651855469,-34.47335433959961,0.030212409794330597,0.029320931062102318,0.030618103221058846,96.978759765625,97.06790161132812,96.93818664550781,0.00035690239747054875,0.03569024056196213,-13.075807571411133
16,1,Bass,14.09517765045166,-14.095176696777344,0.1796456277370453,0.1796448677778244,0.17928871512413025,82.03543090820312,82.03551483154297,82.07112884521484,0.0374876968562603,3.748769760131836,47.447052001953125,-47.44024658203125,0.0010652096243575215,0.0010646957671269774,0.001793605973944068,99.89347839355469,99.8935317993164,99.82064056396484,1.80371444002958e-05,0.0018037144327536225,5.771834373474121
16,2,Drums,34.359683990478516,-34.35970687866211,0.0018541254103183746,0.001854125177487731,0.0019287283066660166,99.81459045410156,99.81459045410156,99.80712890625,0.0003663221432361752,0.03663221374154091,35.03763198852539,-35.03764724731445,0.019320545718073845,0.01895339973270893,0.017912738025188446,98.06794738769531,98.10466003417969,98.20872497558594,0.0003134331782348454,0.03134331852197647,-21.883163452148438
17,0,Vocal,26.0869140625,-26.086824417114258,0.014207110740244389,0.014207109808921814,0.01428552158176899,98.57928466796875,98.57928466796875,98.57144927978516,0.0024560976307839155,0.24560976028442383,51.141273498535156,-51.19865036010742,0.008432229980826378,0.008362277410924435,0.008457084186375141,99.15677642822266,99.16377258300781,99.154296875,7.641512638656422e-06,0.0007641512784175575,4.568111419677734
17,1,Bass,12.96646499633789,-12.966463088989258,0.19511882960796356,0.19511879980564117,0.19703969359397888,80.48811340332031,80.48812103271484,80.29602813720703,0.04807889088988304,4.807888984680176,39.535274505615234,-39.53556442260742,0.0010005690855905414,0.000999904121272266,0.0007540739607065916,99.89994049072266,99.90000915527344,99.92459106445312,0.00011129827908007428,0.011129828169941902,-1.083802580833435
17,2,Drums,28.404035568237305,-28.403980255126953,0.007572952192276716,0.007572952192276716,0.008301674388349056,99.24270629882812,99.24270629882812,99.16983032226562,0.001442022155970335,0.14420221745967865,37.17050552368164,-37.17021179199219,0.018692420795559883,0.018355727195739746,0.018722184002399445,98.1307601928711,98.1644287109375,98.1277847290039,0.00019179732771590352,0.019179733470082283,-13.791044235229492
18,0,Vocal,12.604843139648438,-12.604841232299805,0.17493398487567902,0.17493394017219543,0.17546586692333221,82.50659942626953,82.50660705566406,82.45341491699219,0.052036430686712265,5.203642845153809,35.6024055480957,-35.60212707519531,0.1578514128923416,0.13652077317237854,0.1396976262331009,84.21485900878906,86.3479232788086,86.03023529052734,0.0002751645806711167,0.027516458183526993,2.5425519943237305
18,1,Bass,16.03937530517578,-16.039377212524414,0.22258369624614716,0.2225830852985382,0.21302150189876556,77.74163055419922,77.74169158935547,78.69784545898438,0.024287624284625053,2.428762435913086,47.16856002807617,-47.15843200683594,0.0018582514021545649,0.0018571163527667522,0.0017996523529291153,99.81417846679688,99.81429290771484,99.82003784179688,1.9202843759558164e-05,0.0019202843541279435,3.6431431770324707
18,2,Drums,31.306970596313477,-31.307504653930664,0.0006763609126210213,0.0006763609126210213,0.003602476790547371,99.93236541748047,99.93236541748047,99.6397476196289,0.0007395317079499364,0.07395317405462265,39.52830123901367,-39.52865982055664,0.025979969650506973,0.025330252945423126,0.0272913109511137,97.4020004272461,97.46697235107422,97.2708740234375,0.00011143731535412371,0.011143731884658337,-14.331401824951172
19,0,Vocal,8.042818069458008,-8.042818069458008,0.055182985961437225,0.05518297851085663,0.057505421340465546,94.48169708251953,94.48169708251953,94.24945831298828,0.1356467604637146,13.564676284790039,25.057628631591797,-25.057592391967773,0.1298721730709076,0.11494028568267822,0.11740640550851822,87.01277923583984,88.50597381591797,88.25935363769531,0.0031109186820685863,0.3110918700695038,-3.471665143966675
19,1,Bass,11.909040451049805,-11.909040451049805,0.1656167209148407,0.16561609506607056,0.1700034737586975,83.43832397460938,83.43839263916016,82.99964904785156,0.06053106114268303,6.053106307983398,45.16285705566406,-45.16516876220703,0.0010547542478889227,0.0010543568059802055,0.000910899369046092,99.89452362060547,99.89456176757812,99.9089126586914,3.0482451620628126e-05,0.003048245096579194,5.560344219207764
19,2,Drums,32.6501350402832,-32.64997100830078,0.0006339139072224498,0.0006339139072224498,0.00044952548341825604,99.93660736083984,99.93660736083984,99.95504760742188,0.000542959722224623,0.05429597198963165,32.851253509521484,-32.851226806640625,0.022774633020162582,0.02226381190121174,0.020693091675639153,97.7225341796875,97.77362060546875,97.93069458007812,0.0005183574976399541,0.05183574929833412,-22.36357307434082
20,0,Vocal,26.969017028808594,-26.969036102294922,0.03938823565840721,0.03938821330666542,0.03972650319337845,96.06117248535156,96.06117248535156,96.02735137939453,0.002005533082410693,0.2005533128976822,47.534210205078125,-47.532859802246094,0.01668122038245201,0.016412528231739998,0.01686362735927105,98.33187866210938,98.3587417602539,98.31363677978516,1.766573404893279e-05,0.001766573404893279,0.05661555379629135
20,1,Bass,11.359312057495117,-11.359306335449219,0.27344638109207153,0.2734455466270447,0.2709585428237915,72.65536499023438,72.65544891357422,72.90414428710938,0.06814257055521011,6.8142571449279785,46.369991302490234,-46.364994049072266,0.001524143386632204,0.0015229799319058657,0.0015126875368878245,99.84758758544922,99.84770202636719,99.8487319946289,2.307350587216206e-05,0.0023073505144566298,7.333044528961182
20,2,Drums,35.7168083190918,-35.71826171875,0.0021925056353211403,0.0021925035398453474,0.00024431871133856475,99.78074645996094,99.78074645996094,99.97557067871094,0.0002679989265743643,0.026799893006682396,44.67308807373047,-44.67259979248047,0.013863778673112392,0.013674985617399216,0.014261841773986816,98.61361694335938,98.63249969482422,98.57381439208984,3.411043871892616e-05,0.0034110439009964466,-13.601393699645996
21,0,Vocal,37.24127197265625,-37.24186706542969,0.06517963111400604,0.06517963111400604,0.06643541902303696,93.4820327758789,93.4820327758789,93.35646057128906,0.0001886775717139244,0.01886775717139244,36.86056900024414,-36.860557556152344,0.042851198464632034,0.041124992072582245,0.042950261384248734,95.71488189697266,95.88749694824219,95.70497131347656,0.00020603061420843005,0.020603060722351074,-20.854516983032227
21,1,Bass,14.830392837524414,-14.830392837524414,0.1393028050661087,0.1393027901649475,0.13817119598388672,86.06971740722656,86.06971740722656,86.18287658691406,0.03183533996343613,3.1835339069366455,48.90260696411133,-48.90010452270508,0.000639159232378006,0.000638876692391932,0.0007925308309495449,99.93608856201172,99.93611145019531,99.92074584960938,1.2912350030092057e-05,0.001291234977543354,6.415529727935791
21,2,Drums,37.27985763549805,-37.280059814453125,0.0019411443499848247,0.0019411417888477445,0.00452772993594408,99.8058853149414,99.8058853149414,99.54722595214844,0.00018706732953432947,0.018706733360886574,36.01465606689453,-36.01444625854492,0.022871408611536026,0.022370075806975365,0.023775504902005196,97.71286010742188,97.76299285888672,97.62245178222656,0.00025027888477779925,0.025027887895703316,-23.807443618774414
22,0,Vocal,4.081974983215332,-4.081976890563965,0.16477639973163605,0.1647758036851883,0.14834080636501312,83.5223617553711,83.52242279052734,85.1659164428711,0.28091859817504883,28.091859817504883,35.491859436035156,-35.492034912109375,0.2561468780040741,0.2032349705696106,0.2055446058511734,74.38530731201172,79.67650604248047,79.44554138183594,0.0002823438262566924,0.028234383091330528,10.874993324279785
22,1,Bass,15.580831527709961,-15.580826759338379,0.15039777755737305,0.15039777755737305,0.15479612350463867,84.96022033691406,84.96022033691406,84.5203857421875,0.026919430121779442,2.6919429302215576,43.27622985839844,-43.272979736328125,0.0008650016388855875,0.0008644202025607228,0.002480257535353303,99.91349792480469,99.91355895996094,99.7519760131836,4.7001103666843846e-05,0.0047001102939248085,0.646727979183197
22,2,Drums,29.077728271484375,-29.077665328979492,0.00012830850027967244,0.00012830850027967244,0.0042328299023211,99.98716735839844,99.98716735839844,99.57672119140625,0.0012351033510640264,0.12351033836603165,35.8512077331543,-35.85152816772461,0.02148042805492878,0.021030694246292114,0.022256772965192795,97.85195922851562,97.89693450927734,97.77432250976562,0.0002598468854557723,0.025984687730669975,-15.781953811645508
23,0,Vocal,34.67403793334961,-34.674156188964844,0.030060844495892525,0.030060842633247375,0.030610255897045135,96.9939193725586,96.9939193725586,96.93897247314453,0.00034075291478075087,0.0340752899646759,35.644954681396484,-35.64519500732422,0.018471701070666313,0.018140245229005814,0.018849769607186317,98.15283203125,98.18597412109375,98.11502075195312,0.00027250387938693166,0.027250388637185097,-19.54157066345215
23,1,Bass,13.312776565551758,-13.312776565551758,0.17549848556518555,0.17549848556518555,0.18284311890602112,82.45014953613281,82.45014953613281,81.71569061279297,0.044558096677064896,4.455809593200684,46.43785095214844,-46.43305969238281,0.0009093928965739906,0.0009089249069802463,0.0013210891047492623,99.9090576171875,99.90911102294922,99.86788940429688,2.2732361685484648e-05,0.0022732361685484648,5.457520484924316
23,2,Drums,33.83869934082031,-33.83855056762695,0.005027567036449909,0.005027563311159611,0.0063011120073497295,99.49723815917969,99.49723815917969,99.36988830566406,0.00041300439625047147,0.04130043834447861,40.7392692565918,-40.738929748535156,0.019087860360741615,0.01874125748872757,0.018498027697205544,98.09121704101562,98.1258773803711,98.15019989013672,8.4360406617634e-05,0.008436040952801704,-15.660972595214844
24,0,Vocal,23.146236419677734,-23.14622688293457,0.014645148068666458,0.01464514434337616,0.013813532888889313,98.53548431396484,98.53548431396484,98.61864471435547,0.004822535905987024,0.4822535812854767,47.12828063964844,-47.11858367919922,0.009525752626359463,0.009437032043933868,0.009784137830138206,99.04742431640625,99.0562973022461,99.0215835571289,1.9376700947759673e-05,0.0019376700511202216,3.474518299102783
24,1,Bass,21.997316360473633,-21.997299194335938,0.039965443313121796,0.039965443313121796,0.03360925614833832,96.00345611572266,96.00345611572266,96.63907623291016,0.0062738219276070595,0.627382218837738,50.94382858276367,-50.92521286010742,0.00022628094302490354,0.00022624946723226458,0.0003354215295985341,99.97737121582031,99.97737121582031,99.96646118164062,8.0410691225552e-06,0.0008041069377213717,1.2902199029922485
24,2,Drums,32.279075622558594,-32.27892303466797,0.004199344664812088,0.004199344664812088,0.004080381244421005,99.58007049560547,99.58007049560547,99.59196472167969,0.0005913659115321934,0.05913659185171127,33.77150344848633,-33.772464752197266,0.015742406249046326,0.015493892133235931,0.01441335491836071,98.4257583618164,98.45061492919922,98.55866241455078,0.00041938136564567685,0.041938137263059616,-21.084747314453125
25,0,Vocal,26.346023559570312,-26.346071243286133,0.01122044026851654,0.01122043002396822,0.011307120323181152,98.8779525756836,98.8779525756836,98.8692855834961,0.0023141822312027216,0.23141822218894958,48.047576904296875,-48.04147720336914,0.009286517277359962,0.00920284166932106,0.00952730793505907,99.07135009765625,99.07971954345703,99.0472640991211,1.5710447769379243e-05,0.0015710447914898396,1.1821768283843994
25,1,Bass,14.332145690917969,-14.332149505615234,0.01808862015604973,0.01808862015604973,0.02099335566163063,98.1911392211914,98.1911392211914,97.90066528320312,0.03556782379746437,3.5567824840545654,45.23139190673828,-45.23345947265625,0.0003466519701760262,0.00034658581716939807,0.000782628427259624,99.96533203125,99.96533966064453,99.92173767089844,2.996245530084707e-05,0.0029962456319481134,3.241577386856079
25,2,Drums,34.042816162109375,-34.04302215576172,0.004219451919198036,0.00421944772824645,0.0030871029011905193,99.57805633544922,99.57805633544922,99.69129180908203,0.00039404796552844346,0.03940479829907417,38.305545806884766,-38.30520248413086,0.011715305037796497,0.011580859310925007,0.011379835195839405,98.8284683227539,98.84191131591797,98.86201477050781,0.0001477370096836239,0.014773701317608356,-18.294166564941406
26,0,Vocal,10.811592102050781,-10.811592102050781,0.06108975037932396,0.061089735478162766,0.05964843928813934,93.89102172851562,93.89102172851562,94.03515625,0.07660030573606491,7.660030364990234,46.056156158447266,-46.04505157470703,0.03608327358961105,0.03482430428266525,0.036056194454431534,96.39167022705078,96.51757049560547,96.39437866210938,2.478517490089871e-05,0.0024785175919532776,14.727540969848633
26,1,Bass,16.77435302734375,-16.774349212646484,0.08764537423849106,0.08764515817165375,0.0969775915145874,91.23546600341797,91.23548126220703,90.30223846435547,0.020584119483828545,2.0584118366241455,52.9529914855957,-52.892967224121094,0.0004413810675032437,0.00044128563604317605,0.00031765352468937635,99.95586395263672,99.95587158203125,99.9682388305664,5.065162895334652e-06,0.0005065163131803274,8.402484893798828
26,2,Drums,26.015239715576172,-26.015201568603516,0.015659432858228683,0.015659423545002937,0.014430713839828968,98.43405151367188,98.43405151367188,98.55693054199219,0.0024968336801975965,0.24968336522579193,36.94304275512695,-36.94237518310547,0.01556575670838356,0.015326418913900852,0.016239510849118233,98.44342803955078,98.46735382080078,98.37604522705078,0.00020214355026837438,0.020214354619383812,-11.626717567443848
27,0,Vocal,37.71940612792969,-37.72187805175781,0.007423373870551586,0.007423363160341978,0.006873965263366699,99.25765991210938,99.2576675415039,99.31260681152344,0.0001690084027359262,0.016900841146707535,50.633487701416016,-50.68296432495117,0.005282890982925892,0.005255659110844135,0.005496261641383171,99.47171020507812,99.47443389892578,99.45037078857422,8.599959983257577e-06,0.0008599960128776729,-7.5703887939453125
27,1,Bass,23.02841567993164,-23.02842140197754,0.046280764043331146,0.04628074914216995,0.04784263297915459,95.3719253540039,95.3719253540039,95.21573638916016,0.004954495932906866,0.49544960260391235,42.11856460571289,-42.11981964111328,0.000535896047949791,0.0005357566988095641,0.0018495222320780158,99.9464111328125,99.94641876220703,99.81504821777344,6.141402263892815e-05,0.006141402292996645,-8.56065559387207
27,2,Drums,27.811927795410156,-27.811756134033203,0.0032201569993048906,0.0032201569993048906,0.002129737287759781,99.67798614501953,99.67798614501953,99.78702545166016,0.0016523170052096248,0.16523170471191406,41.825103759765625,-41.82404327392578,0.015671979635953903,0.015433584339916706,0.015286272391676903,98.43280029296875,98.4566421508789,98.47137451171875,6.568058597622439e-05,0.006568058393895626,-8.55258846282959
28,0,Vocal,14.163037300109863,-14.163040161132812,0.008095115423202515,0.008095110766589642,0.009632040746510029,99.19048309326172,99.19049072265625,99.03679656982422,0.03692791238427162,3.692791223526001,52.24717712402344,-52.21873474121094,0.010601026937365532,0.010490993969142437,0.010779563337564468,98.93989562988281,98.95089721679688,98.92204284667969,6.009503522363957e-06,0.000600950326770544,17.535974502563477
28,1,Bass,16.25495147705078,-16.254953384399414,0.08911986649036407,0.0891197994351387,0.09938030689954758,91.0880126953125,91.08802032470703,90.06196594238281,0.02313859388232231,2.313859462738037,50.63348388671875,-50.640377044677734,0.0004883658257313073,0.00048823386896401644,0.0006575724110007286,99.95116424560547,99.95117950439453,99.93424224853516,8.602970410720445e-06,0.0008602970628999174,6.617104530334473
28,2,Drums,16.860015869140625,-16.860004425048828,0.0016556420596316457,0.0016556420596316457,0.0011448623845353723,99.83443450927734,99.83443450927734,99.88551330566406,0.020190183073282242,2.0190184116363525,35.87818908691406,-35.87800598144531,0.015486150979995728,0.015248153358697891,0.016027091071009636,98.45138549804688,98.47518157958984,98.39729309082031,0.0002583162277005613,0.025831623002886772,-3.54306697845459
29,0,Vocal,23.621044158935547,-23.621013641357422,0.01704534702003002,0.017045341432094574,0.017300670966506004,98.29547119140625,98.29547119140625,98.26993560791016,0.004325294867157936,0.432529479265213,50.09872055053711,-50.10757827758789,0.012001287192106247,0.01186079066246748,0.01221081055700779,98.79987335205078,98.81391906738281,98.77892303466797,9.792888704396319e-06,0.000979288830421865,5.964839935302734
29,1,Bass,16.292417526245117,-16.292417526245117,0.07677417993545532,0.07677404582500458,0.0687742754817009,92.32257843017578,92.32259368896484,93.12257385253906,0.022944439202547073,2.2944438457489014,50.48625183105469,-50.45585250854492,0.0007432929705828428,0.0007429575198329985,0.0008197505958378315,99.92567443847656,99.92570495605469,99.91802215576172,8.936352969612926e-06,0.0008936353260651231,6.6198649406433105
29,2,Drums,25.38467025756836,-25.38466453552246,0.005444993730634451,0.005444993264973164,0.00602309126406908,99.45549774169922,99.45549774169922,99.39768981933594,0.0028858790174126625,0.28858789801597595,38.44990158081055,-38.45053482055664,0.016538862138986588,0.016270333901047707,0.016622433438897133,98.34611511230469,98.37296295166016,98.33776092529297,0.0001428791438229382,0.014287914149463177,-9.491100311279297
30,0,Vocal,1.991961121559143,-1.991960883140564,0.20496930181980133,0.20496921241283417,0.19601403176784515,79.5030746459961,79.5030746459961,80.39859771728516,0.38730236887931824,38.7302360534668,38.99149703979492,-38.99143600463867,0.21828393638134003,0.17886030673980713,0.1791778951883316,78.1716079711914,82.11396789550781,82.08221435546875,0.00012610656267497689,0.012610656209290028,16.53647232055664
30,1,Bass,24.24576759338379,-24.245759963989258,0.10123669356107712,0.10123655200004578,0.10151989758014679,89.87632751464844,89.8763427734375,89.84801483154297,0.003747941693291068,0.3747941553592682,51.04143142700195,-51.035057067871094,0.00045955777750350535,0.00045945661258883774,0.0003615175373852253,99.95404815673828,99.95405578613281,99.96385192871094,7.895237104094122e-06,0.0007895237067714334,-0.9505870342254639
30,2,Drums,22.55531120300293,-22.5552921295166,0.011876136064529419,0.011876135133206844,0.013203120790421963,98.81239318847656,98.81239318847656,98.6796875,0.005521593149751425,0.552159309387207,39.4729118347168,-39.47279357910156,0.014488667249679565,0.014284184202551842,0.014565750025212765,98.55113220214844,98.57157897949219,98.54342651367188,0.00011290347174508497,0.011290347203612328,-5.641439437866211
31,0,Vocal,19.335643768310547,-19.335630416870117,0.05785487964749336,0.05785487964749336,0.056559327989816666,94.21450805664062,94.21450805664062,94.34407043457031,0.011518748477101326,1.1518748998641968,39.422752380371094,-39.41962814331055,0.021659376099705696,0.02120129019021988,0.02147475630044937,97.83406066894531,97.87986755371094,97.85252380371094,0.00011423871183069423,0.011423870921134949,-0.3988102972507477
31,1,Bass,16.348918914794922,-16.348920822143555,0.16781529784202576,0.1678103506565094,0.1686820685863495,83.21846771240234,83.2189712524414,83.13179016113281,0.02265460416674614,2.26546049118042,42.86178207397461,-42.863887786865234,0.0008391047595068812,0.0008387232664972544,0.0005686556687578559,99.91609191894531,99.91613006591797,99.9431381225586,5.171108932700008e-05,0.005171108990907669,-1.1679623126983643
31,2,Drums,29.68329620361328,-29.683229446411133,0.0001832076522987336,0.00018320485833100975,0.0,99.98167419433594,99.98167419433594,100.0,0.0010745367035269737,0.10745367407798767,43.450313568115234,-43.44816589355469,0.007307091262191534,0.007259441073983908,0.007191209588199854,99.269287109375,99.27405548095703,99.2808837890625,4.5236785808810964e-05,0.004523678682744503,-8.791357040405273
32,0,Vocal,22.875635147094727,-22.875595092773438,0.16264121234416962,0.16264121234416962,0.17546387016773224,83.73587799072266,83.73587799072266,82.45361328125,0.00513103324919939,0.5131033062934875,41.397552490234375,-41.39822006225586,0.16562755405902863,0.1424158811569214,0.14581771194934845,83.43724822998047,85.75841522216797,85.41822814941406,7.250872295117006e-05,0.007250872440636158,-1.9234288930892944
32,1,Bass,13.271981239318848,-13.271982192993164,0.04142100363969803,0.04142099991440773,0.0453970804810524,95.85790252685547,95.85790252685547,95.46028900146484,0.044959697872400284,4.495969772338867,48.267738342285156,-48.25448989868164,0.0003763305430766195,0.0003762073174584657,0.0007467852556146681,99.96236419677734,99.9623794555664,99.92532348632812,1.493399486207636e-05,0.0014933994971215725,7.286377906799316
32,2,Drums,33.718727111816406,-33.7184944152832,0.0002514219668228179,0.0002514219668228179,0.0005097941029816866,99.97486114501953,99.97486114501953,99.94902038574219,0.0004246103635523468,0.04246103763580322,45.7246208190918,-45.72168731689453,0.010653392411768436,0.010541765950620174,0.010354158468544483,98.93466186523438,98.9458236694336,98.96458435058594,2.6755455110105686e-05,0.0026755454018712044,-10.554204940795898
33,0,Vocal,22.032752990722656,-22.032758712768555,0.25370022654533386,0.2536996901035309,0.25668394565582275,74.62997436523438,74.63003540039062,74.33160400390625,0.006223159842193127,0.6223160028457642,38.76357650756836,-38.76215362548828,0.1196923702955246,0.10705316066741943,0.10922182351350784,88.03076171875,89.29468536376953,89.07781982421875,0.00013295256940182298,0.013295256532728672,-3.7623519897460938
33,1,Bass,23.338695526123047,-23.33867645263672,0.10462410748004913,0.10462407022714615,0.10371322184801102,89.53759002685547,89.53759002685547,89.62867736816406,0.0046145073138177395,0.4614507257938385,51.07445526123047,-51.12561798095703,0.0005531653296202421,0.0005530165508389473,0.0006469757063314319,99.9446792602539,99.9447021484375,99.935302734375,7.792958058416843e-06,0.0007792958058416843,0.12553900480270386
33,2,Drums,39.3197021484375,-39.320289611816406,0.0003148901159875095,0.0003148899704683572,0.0005399278597906232,99.96851348876953,99.96851348876953,99.94600677490234,0.00011691685358528048,0.011691685765981674,45.98368835449219,-45.971702575683594,0.004899146966636181,0.004875555634498596,0.005155217833817005,99.51008605957031,99.51244354248047,99.48448181152344,2.5239261958631687e-05,0.0025239260867238045,-15.90071964263916
34,0,Vocal,20.490203857421875,-20.490249633789062,0.20265553891658783,0.20265553891658783,0.20570801198482513,79.73444366455078,79.73444366455078,79.42919921875,0.008853496052324772,0.8853496313095093,35.11011505126953,-35.111392974853516,0.16564467549324036,0.14225105941295624,0.14470353722572327,83.43553161621094,85.77489471435547,85.52964782714844,0.00030816305661574006,0.030816305428743362,-5.843724727630615
34,1,Bass,22.299388885498047,-22.29937744140625,0.1735994517803192,0.17359939217567444,0.16964814066886902,82.64005279541016,82.64006042480469,83.03518676757812,0.005854800809174776,0.5854800939559937,51.141273498535156,-51.106258392333984,0.0007522473460994661,0.0007517716730944812,0.0008451056201010942,99.92477416992188,99.92481994628906,99.91548919677734,7.740885848761536e-06,0.0007740886067040265,1.1909937858581543
34,2,Drums,40.262969970703125,-40.263065338134766,0.0003217386547476053,0.0003217386547476053,0.0,99.96782684326172,99.96782684326172,100.0,9.412428335053846e-05,0.009412428364157677,41.712284088134766,-41.709232330322266,0.01124950498342514,0.011124270036816597,0.011490232311189175,98.87505340576172,98.8875732421875,98.8509750366211,6.744187703588977e-05,0.006744187790900469,-21.105880737304688
35,0,Vocal,8.791177749633789,-8.791177749633789,0.7063690423965454,0.7063689827919006,0.7166560888290405,29.363096237182617,29.363101959228516,28.33439064025879,0.11668096482753754,11.668096542358398,19.184091567993164,-19.1840877532959,1.6424859762191772,0.6210020184516907,0.6286283135414124,-64.24859619140625,37.89979934692383,37.137168884277344,0.011922906152904034,1.1922906637191772,-10.03573226928711
35,1,Bass,22.177288055419922,-22.1773624420166,0.1283193677663803,0.12831932306289673,0.13318435847759247,87.16806030273438,87.1680679321289,86.68156433105469,0.006020679138600826,0.6020678877830505,51.60259246826172,-51.59736251831055,0.0005189090152271092,0.0005186859052628279,0.0007309111533686519,99.94810485839844,99.94813537597656,99.92691040039062,6.923764885868877e-06,0.0006923765176907182,1.7393333911895752
35,2,Drums,40.3715934753418,-40.3707275390625,7.19460440450348e-05,7.194603676907718e-05,0.0,99.99280548095703,99.99280548095703,100.0,9.184541704598814e-05,0.00918454211205244,41.0312614440918,-41.031883239746094,0.007156504783779383,0.00710554514080286,0.006926417350769043,99.28434753417969,99.28944396972656,99.30735778808594,7.886392995715141e-05,0.007886392995715141,-21.898452758789062
36,0,Vocal,22.364986419677734,-22.3649959564209,0.045148808509111404,0.04514880105853081,0.04636244475841522,95.48512268066406,95.48512268066406,95.36375427246094,0.005767513997852802,0.5767514109611511,49.346805572509766,-49.315589904785156,0.022656770423054695,0.022158650681376457,0.02262163534760475,97.73432159423828,97.78413391113281,97.73783874511719,1.1645990525721572e-05,0.0011645990889519453,6.472756862640381
36,1,Bass,15.823980331420898,-15.823997497558594,0.23737500607967377,0.23736606538295746,0.2331913411617279,76.26249694824219,76.26338958740234,76.68086242675781,0.02549098990857601,2.5490989685058594,46.2811279296875,-46.27702713012695,0.0011400266084820032,0.001138885971158743,0.0012511612148955464,99.88600158691406,99.88611602783203,99.87488555908203,2.3592887373524718e-05,0.0023592887446284294,2.8355133533477783
36,2,Drums,34.95497512817383,-34.95504379272461,6.417840631911531e-05,6.41783990431577e-05,0.0,99.99358367919922,99.99358367919922,100.0,0.00031945487717166543,0.03194548934698105,38.94047927856445,-38.93912124633789,0.005766777321696281,0.005733226425945759,0.0055518015287816525,99.42332458496094,99.42667388916016,99.44481658935547,0.0001276269758818671,0.012762697413563728,-18.575626373291016
37,0,Vocal,9.489327430725098,-9.489327430725098,0.6779465079307556,0.6779458522796631,0.6814665198326111,32.20534896850586,32.205413818359375,31.853347778320312,0.10110572725534439,10.110572814941406,21.765968322753906,-21.765979766845703,1.0092219114303589,0.5017183423042297,0.508605420589447,-0.9221911430358887,49.82816696166992,49.13945770263672,0.006614850368350744,0.6614850163459778,-8.210980415344238
37,1,Bass,21.01844596862793,-21.018457412719727,0.15392886102199554,0.15392884612083435,0.15520398318767548,84.60710906982422,84.60710906982422,84.47959899902344,0.00784752331674099,0.7847523093223572,52.75328063964844,-52.7303466796875,0.0004892491269856691,0.0004890657146461308,0.0006009457283653319,99.95108032226562,99.95109558105469,99.93990325927734,5.2939913075533696e-06,0.0005293991416692734,4.041253089904785
37,2,Drums,40.127567291259766,-40.12841796875,8.96507190191187e-05,8.965071174316108e-05,0.0,99.99103546142578,99.99103546142578,100.0,9.706916171126068e-05,0.00970691628754139,42.782447814941406,-42.77934646606445,0.006565495394170284,0.006522710435092449,0.007133635692298412,99.34345245361328,99.34772491455078,99.28663635253906,5.2717809012392536e-05,0.0052717807702720165,-19.9072208404541
38,0,Vocal,20.43826675415039,-20.438249588012695,0.21612533926963806,0.21611857414245605,0.2230142056941986,78.38746643066406,78.38814544677734,77.69857788085938,0.008959144353866577,0.8959144353866577,29.18824005126953,-29.188308715820312,0.21345332264900208,0.17620237171649933,0.18132001161575317,78.65467071533203,82.3797607421875,81.86799621582031,0.0012041041627526283,0.12041041254997253,-11.70831298828125
38,1,Bass,21.119909286499023,-21.119903564453125,0.15444804728031158,0.1544462889432907,0.15487945079803467,84.5551986694336,84.55536651611328,84.51205444335938,0.0076677207835018635,0.7667720913887024,51.833248138427734,-51.83777618408203,0.001025505131110549,0.0010248073376715183,0.0014108518371358514,99.89745330810547,99.89752197265625,99.85891723632812,6.581750312761869e-06,0.0006581750349141657,3.0488250255584717
38,2,Drums,40.5295524597168,-40.52946090698242,0.00021183412172831595,0.00021183319040574133,0.0,99.97881317138672,99.97881317138672,100.0,8.848994184518233e-05,0.00884899403899908,47.50496292114258,-47.50727081298828,0.009337862022221088,0.009255482815206051,0.009317940101027489,99.06621551513672,99.07445526123047,99.06820678710938,1.7789674529922195e-05,0.0017789674457162619,-15.589109420776367
39,0,Vocal,20.676620483398438,-20.67661476135254,0.31343603134155273,0.31343573331832886,0.3153376281261444,68.6563949584961,68.65642547607422,68.46623229980469,0.008484702557325363,0.8484702706336975,31.319246292114258,-31.319339752197266,0.26009923219680786,0.2060341089963913,0.20826193690299988,73.99007415771484,79.39659118652344,79.1738052368164,0.0007374988636001945,0.07374988496303558,-9.879953384399414
39,1,Bass,19.55707359313965,-19.557083129882812,0.13507145643234253,0.1350710242986679,0.14030015468597412,86.49285125732422,86.4928970336914,85.96998596191406,0.010952486656606197,1.0952486991882324,46.794036865234375,-46.78587341308594,0.0005471898475661874,0.0005468996241688728,0.00111961190123111,99.94528198242188,99.9453125,99.8880386352539,2.0934996427968144e-05,0.0020934995263814926,-0.45859605073928833
39,2,Drums,40.3687744140625,-40.36915588378906,8.853735198499635e-05,8.853735198499635e-05,0.0,99.99114990234375,99.99114990234375,100.0,9.184123337035999e-05,0.009184123016893864,40.050926208496094,-40.04960632324219,0.008309806697070599,0.00824075285345316,0.009310021065175533,99.16902160644531,99.1759262084961,99.06900024414062,9.884120663627982e-05,0.009884120896458626,-22.876502990722656
40,0,Vocal,16.357133865356445,-16.35715103149414,0.007081001065671444,0.00708099827170372,0.007689695339649916,99.29190063476562,99.29190063476562,99.23102569580078,0.02261272259056568,2.2612721920013428,43.03532409667969,-43.04444122314453,0.038192588835954666,0.03678997606039047,0.03765496984124184,96.18074035644531,96.32100677490234,96.2344970703125,4.9686739657772705e-05,0.004968673922121525,6.1724348068237305
40,1,Bass,29.490127563476562,-29.489788055419922,0.00681817252188921,0.0068181720562279224,0.007097035180777311,99.31818389892578,99.31818389892578,99.29029846191406,0.0011233582627028227,0.11233582347631454,54.538665771484375,-54.53582000732422,0.00043716677464544773,0.000437016919022426,0.0005259073805063963,99.95628356933594,99.956298828125,99.9474105834961,3.5410896543908166e-06,0.00035410895361565053,-2.7274274826049805
40,2,Drums,21.837135314941406,-21.837120056152344,0.0050150565803050995,0.005015056114643812,0.005020994693040848,99.49848937988281,99.49848937988281,99.4979019165039,0.006508041638880968,0.6508041620254517,36.47935485839844,-36.47861099243164,0.036481667309999466,0.03519715741276741,0.0365741029381752,96.3518295288086,96.48028564453125,96.34259033203125,0.00022489915136247873,0.022489914670586586,-7.906238079071045
41,0,Vocal,32.830318450927734,-32.83004379272461,0.002873857505619526,0.002873857505619526,0.0036614565178751945,99.71261596679688,99.71261596679688,99.63385772705078,0.0005208952934481204,0.05208953097462654,43.921932220458984,-43.91877746582031,0.016430838033556938,0.016170157119631767,0.01675100065767765,98.35691833496094,98.38298797607422,98.32489776611328,4.059467028127983e-05,0.004059466999024153,-9.424444198608398
41,1,Bass,32.660640716552734,-32.660377502441406,0.054009824991226196,0.05400969833135605,0.05763165280222893,94.5990219116211,94.59902954101562,94.23683166503906,0.0005416308413259685,0.05416308343410492,45.362876892089844,-45.37662124633789,0.0018520451849326491,0.0018493194365873933,0.0024800330866128206,99.8147964477539,99.81507110595703,99.75199890136719,2.9050581360934302e-05,0.0029050582088530064,-15.062914848327637
41,2,Drums,33.741355895996094,-33.741485595703125,0.0028381752781569958,0.0028381752781569958,0.003426528535783291,99.71617889404297,99.71617889404297,99.6573486328125,0.0004223623836878687,0.04223623871803284,43.83342742919922,-43.833126068115234,0.014529918320477009,0.014323681592941284,0.013872973620891571,98.54700469970703,98.567626953125,98.61270141601562,4.140225792070851e-05,0.004140225704759359,-12.470696449279785
42,0,Vocal,24.24237060546875,-24.242359161376953,0.0014419000362977386,0.0014418999198824167,0.0028653531335294247,99.8558120727539,99.8558120727539,99.71346282958984,0.0037508662790060043,0.37508663535118103,41.12081527709961,-41.12226486206055,0.011126541532576084,0.011005603708326817,0.01138310693204403,98.88734436035156,98.89944458007812,98.86168670654297,7.723193994024768e-05,0.00772319408133626,-3.6247005462646484
42,1,Bass,21.69570541381836,-21.695653915405273,0.00901472382247448,0.009014704264700413,0.03852051496505737,99.09852600097656,99.09852600097656,96.14794921875,0.006722067948430777,0.6722068190574646,48.147804260253906,-48.147361755371094,0.0005047498270869255,0.0005045767175033689,0.00037206269917078316,99.94952392578125,99.94954681396484,99.9627914428711,1.5368437743745744e-05,0.0015368438325822353,-1.256820559501648
42,2,Drums,22.0479736328125,-22.047948837280273,0.0003144433721899986,0.0003144432557746768,0.009428908117115498,99.96855926513672,99.96855926513672,99.0571060180664,0.0062015727162361145,0.6201572418212891,37.27570724487305,-37.275901794433594,0.0205756276845932,0.020161963999271393,0.020442286506295204,97.94243621826172,97.98380279541016,97.95577239990234,0.00018719893705565482,0.01871989294886589,-7.321483612060547
43,0,Vocal,19.36136245727539,-19.36136245727539,0.01695321686565876,0.01695321314036846,0.016061048954725266,98.30467987060547,98.30467987060547,98.39389038085938,0.011451438069343567,1.145143747329712,35.36174011230469,-35.3614387512207,0.03075541742146015,0.02988525666296482,0.03075418248772621,96.9244613647461,97.011474609375,96.92457580566406,0.0002908775059040636,0.029087750241160393,-4.488633155822754
43,1,Bass,38.6104850769043,-38.61100769042969,0.009353992529213428,0.009353912435472012,0.008469329215586185,99.0645980834961,99.06460571289062,99.15306854248047,0.00013768997450824827,0.0137689970433712,52.29082489013672,-52.288124084472656,0.0003541446931194514,0.00035407996620051563,0.0005316307651810348,99.96458435058594,99.96459197998047,99.94683837890625,5.898732524656225e-06,0.0005898732342757285,-13.997649192810059
43,2,Drums,29.242822647094727,-29.242919921875,0.00794319249689579,0.007943189702928066,0.007835270836949348,99.20568084716797,99.20568084716797,99.21647644042969,0.0011890589958056808,0.11890590190887451,33.39556121826172,-33.395179748535156,0.018202051520347595,0.017872726544737816,0.018013708293437958,98.17979431152344,98.21272277832031,98.1986312866211,0.00045736454194411635,0.04573645442724228,-18.417984008789062
44,0,Vocal,24.13318634033203,-24.133298873901367,0.009427261538803577,0.009427260607481003,0.010453715920448303,99.0572738647461,99.0572738647461,98.95462799072266,0.0038459652569144964,0.3845965266227722,49.28050231933594,-49.27524185180664,0.025652403011918068,0.025006262585520744,0.0259653739631176,97.43476104736328,97.49937438964844,97.40345764160156,1.1783615263993852e-05,0.0011783614754676819,4.645223140716553
44,1,Bass,19.557098388671875,-19.557100296020508,0.012723404914140701,0.012723404914140701,0.03370065614581108,98.7276611328125,98.7276611328125,96.62993621826172,0.010952329263091087,1.0952329635620117,49.76742172241211,-49.758583068847656,0.0006215892499312758,0.0006212643929757178,0.0007856654701754451,99.93783569335938,99.93787384033203,99.92143249511719,1.0599826964607928e-05,0.001059982692822814,2.5045878887176514
44,2,Drums,29.045318603515625,-29.045337677001953,0.0013280273415148258,0.0013280273415148258,0.0006505216588266194,99.86719512939453,99.86719512939453,99.93494415283203,0.0012443067971616983,0.12443067878484726,38.34251403808594,-38.34173583984375,0.013764619827270508,0.013578342273831367,0.013327198103070259,98.62353515625,98.64216613769531,98.66728210449219,0.00014646805357187986,0.014646805822849274,-13.256670951843262
45,0,Vocal,29.050321578979492,-29.050079345703125,0.0035785180516541004,0.0035785173531621695,0.00433012330904603,99.64214324951172,99.64214324951172,99.5669937133789,0.0012428994523361325,0.12428994476795197,37.45787048339844,-37.46013641357422,0.026840971782803535,0.026148075237870216,0.02685479074716568,97.31590270996094,97.38519287109375,97.31452178955078,0.00017944817955140024,0.01794481836259365,-12.087974548339844
45,1,Bass,23.825542449951172,-23.82544708251953,0.014152033254504204,0.014151915907859802,0.0218080785125494,98.58479309082031,98.58480834960938,97.8191909790039,0.004127169959247112,0.41271698474884033,49.816776275634766,-49.82868194580078,0.0009479232248850167,0.0009469942888244987,0.0014685100177302957,99.90520477294922,99.90530395507812,99.8531494140625,1.0437683158670552e-05,0.0010437683667987585,-1.6473503112792969
45,2,Drums,31.57719612121582,-31.577289581298828,0.0021629524417221546,0.0021629524417221546,0.001262687030248344,99.78370666503906,99.78370666503906,99.87373352050781,0.0006949796224944293,0.0694979652762413,33.10746765136719,-33.10743713378906,0.032077908515930176,0.03108365647494793,0.02909674309194088,96.79220581054688,96.89163208007812,97.09032440185547,0.0004886736860498786,0.048867367208004,-21.022937774658203
46,0,Vocal,20.593616485595703,-20.593624114990234,0.010961311869323254,0.010961275547742844,0.01030742283910513,98.90386962890625,98.90386962890625,98.96925354003906,0.008647080510854721,0.8647080659866333,40.56774139404297,-40.56734085083008,0.030100878328084946,0.02926996536552906,0.030018696561455727,96.98991394042969,97.072998046875,96.99813079833984,8.772158616920933e-05,0.008772158995270729,-0.5062440633773804
46,1,Bass,18.695432662963867,-18.695438385009766,0.009639198891818523,0.009639189578592777,0.009552068077027798,99.03607940673828,99.03607940673828,99.04479217529297,0.013323865830898285,1.3323866128921509,45.572547912597656,-45.57575607299805,0.0006259355577640235,0.0006256811902858317,0.0008734283037483692,99.93740844726562,99.93743133544922,99.91265869140625,2.7759539079852402e-05,0.0027759538497775793,-0.8317166566848755
46,2,Drums,28.198623657226562,-28.198545455932617,0.0014241916360333562,0.0014241915196180344,0.0003327822487335652,99.85758209228516,99.85758209228516,99.96672058105469,0.0015117524890229106,0.15117524564266205,38.184547424316406,-38.183753967285156,0.009145671501755714,0.00906400103121996,0.008683613501489162,99.08543395996094,99.09359741210938,99.13163757324219,0.00015189943951554596,0.015189943835139275,-12.570816040039062
47,0,Vocal,19.0064697265625,-19.0064754486084,0.016244595870375633,0.016244595870375633,0.02068684995174408,98.37554168701172,98.37554168701172,97.93131256103516,0.012414442375302315,1.2414442300796509,41.924766540527344,-41.923561096191406,0.03774512559175491,0.036376651376485825,0.03670484200119972,96.2254867553711,96.36233520507812,96.32951354980469,6.424148159567267e-05,0.006424148101359606,2.4020445346832275
47,1,Bass,21.944488525390625,-21.94446563720703,0.03654247894883156,0.03654247522354126,0.03361443802714348,96.34574890136719,96.34574890136719,96.63855743408203,0.006350192241370678,0.6350192427635193,51.833248138427734,-51.781009674072266,0.0010393582051619887,0.001038893824443221,0.0012693358585238457,99.89606475830078,99.89611053466797,99.87306213378906,6.572237907676026e-06,0.0006572238053195179,2.217437744140625
47,2,Drums,30.907329559326172,-30.907180786132812,0.0006496772984974086,0.0006496767164207995,0.0,99.93502807617188,99.93502807617188,100.0,0.0008107853354886174,0.08107853680849075,45.78304672241211,-45.778709411621094,0.007330778986215591,0.0072794109582901,0.007344705518335104,99.26692199707031,99.27206420898438,99.2655258178711,2.6458488719072193e-05,0.002645848784595728,-7.683233737945557
48,0,Vocal,13.727160453796387,-13.72715950012207,0.11626940220594406,0.11626850813627243,0.1162138432264328,88.37306213378906,88.3731460571289,88.37861633300781,0.0406680591404438,4.066805839538574,40.523704528808594,-40.522518157958984,0.06834869831800461,0.06400997191667557,0.0653558075428009,93.16513061523438,93.59900665283203,93.46442413330078,8.866801363183185e-05,0.008866800926625729,6.326847553253174
48,1,Bass,16.847379684448242,-16.84737777709961,0.16629619896411896,0.16629581153392792,0.171399787068367,83.3703842163086,83.37041473388672,82.86002349853516,0.02024783194065094,2.024783134460449,42.30817794799805,-42.307762145996094,0.0011554199736565351,0.001154756871983409,0.0014829846331849694,99.88445281982422,99.884521484375,99.85169982910156,5.875671558897011e-05,0.005875671748071909,-2.084988832473755
48,2,Drums,31.897708892822266,-31.89759063720703,0.0004644798464141786,0.0004644797299988568,0.001296232920140028,99.95355224609375,99.95355224609375,99.87037658691406,0.000645615509711206,0.06456155329942703,49.02495574951172,-49.00109100341797,0.005469340365380049,0.005440974608063698,0.005431079305708408,99.45306396484375,99.45590209960938,99.45689392089844,1.2546724974527024e-05,0.0012546725338324904,-5.439774990081787
49,0,Vocal,20.99530029296875,-20.99529266357422,0.02124355360865593,0.02124355360865593,0.026654453948140144,97.87564086914062,97.87564086914062,97.33454895019531,0.007889151573181152,0.7889151573181152,46.0042724609375,-46.00893020629883,0.04223550483584404,0.04054475575685501,0.041956827044487,95.77645111083984,95.94552612304688,95.80431365966797,2.5109480702667497e-05,0.0025109481066465378,4.485279083251953
49,1,Bass,34.81145095825195,-34.811614990234375,0.03806832432746887,0.03806832432746887,0.031759750097990036,96.19316864013672,96.19316864013672,96.82402801513672,0.0003301687247585505,0.0330168716609478,51.71638870239258,-51.72336959838867,0.0007254876545630395,0.0007251256611198187,0.0012731309980154037,99.92745208740234,99.92748260498047,99.8726806640625,6.739009677403374e-06,0.0006739009404554963,-10.874327659606934
49,2,Drums,30.217370986938477,-30.216997146606445,0.0026967423036694527,0.002696742070838809,0.0013317844131961465,99.7303237915039,99.7303237915039,99.8668212890625,0.0009503067121841013,0.09503067284822464,44.097900390625,-44.09672164916992,0.028581926599144936,0.027794290333986282,0.027999084442853928,97.14180755615234,97.22057342529297,97.20008850097656,3.891317101079039e-05,0.0038913171738386154,-8.690570831298828
50,0,Vocal,17.203157424926758,-17.203155517578125,0.09037580341100693,0.09037569910287857,0.09365583956241608,90.9624252319336,90.9624252319336,90.63441467285156,0.018684975802898407,1.868497610092163,45.26606750488281,-45.26576232910156,0.061878349632024765,0.05834108218550682,0.059748731553554535,93.81216430664062,94.1658935546875,94.02513122558594,2.9713020921917632e-05,0.002971302019432187,7.556214332580566
50,1,Bass,9.891077995300293,-9.891079902648926,0.07566508650779724,0.07566508650779724,0.06460913270711899,92.43348693847656,92.43348693847656,93.5390853881836,0.09300320595502853,9.300320625305176,45.78304672241211,-45.77756881713867,0.0008339050691574812,0.0008334700833074749,0.000936334952712059,99.91661071777344,99.91665649414062,99.90636444091797,2.6426841941429302e-05,0.0026426841504871845,8.365189552307129
50,2,Drums,32.661598205566406,-32.66156768798828,0.0014166252221912146,0.0014166251057758927,0.0008315307786688209,99.85833740234375,99.85833740234375,99.9168472290039,0.0005414920742623508,0.05414920672774315,53.38227081298828,-53.35215759277344,0.006512303836643696,0.006472013890743256,0.006703381426632404,99.34877014160156,99.35279846191406,99.32966613769531,4.6066629693086725e-06,0.0004606662841979414,-1.8538870811462402
51,0,Vocal,16.980606079101562,-16.980606079101562,0.08375702798366547,0.08375656604766846,0.08307544142007828,91.62429809570312,91.62434387207031,91.69245147705078,0.019648175686597824,1.9648175239562988,41.41544723510742,-41.411739349365234,0.04214271157979965,0.04044981300830841,0.041542962193489075,95.78572845458984,95.95501708984375,95.845703125,7.216276571853086e-05,0.007216276600956917,3.922985076904297
51,1,Bass,23.09033966064453,-23.090335845947266,0.1358334869146347,0.13583241403102875,0.1313653588294983,86.4166488647461,86.41675567626953,86.86346435546875,0.004884738940745592,0.48847389221191406,42.907047271728516,-42.90644073486328,0.0008736505405977368,0.0008732584537938237,0.0007037859759293497,99.91263580322266,99.91267395019531,99.92961883544922,5.119507841300219e-05,0.0051195076666772366,-7.866217136383057
51,2,Drums,32.06624221801758,-32.066162109375,0.0009802273707464337,0.0009802266722545028,0.0020621626172214746,99.9019775390625,99.9019775390625,99.79378509521484,0.0006210355786606669,0.06210355833172798,41.46232604980469,-41.460262298583984,0.005315158516168594,0.005287102423608303,0.0051591163501143456,99.4684829711914,99.4712905883789,99.48408508300781,7.140894012991339e-05,0.007140893954783678,-13.1676664352417
52,0,Vocal,19.851221084594727,-19.851200103759766,0.12324542552232742,0.12324488908052444,0.12102968990802765,87.67546081542969,87.6755142211914,87.89703369140625,0.010242513380944729,1.0242513418197632,34.64752197265625,-34.647308349609375,0.08090145885944366,0.07485740631818771,0.07688263803720474,91.90985870361328,92.5142593383789,92.31173706054688,0.0003428812196943909,0.03428812325000763,-5.7296833992004395
52,1,Bass,12.996245384216309,-12.996244430541992,0.10948080569505692,0.10948065668344498,0.11502833664417267,89.05191802978516,89.05193328857422,88.4971694946289,0.047766055911779404,4.776605606079102,45.35398483276367,-45.36908721923828,0.0009315544157288969,0.0009309938177466393,0.0014315609587356448,99.90684509277344,99.90690612792969,99.85684204101562,2.9087672373862006e-05,0.0029087672010064125,4.635143280029297
52,2,Drums,35.52500534057617,-35.525386810302734,0.000610177346970886,0.0006101771723479033,0.0015136166475713253,99.93898010253906,99.93898010253906,99.84864044189453,0.0002801315567921847,0.028013154864311218,46.172542572021484,-46.175437927246094,0.0056435479782521725,0.0056125144474208355,0.006186123937368393,99.4356460571289,99.43875122070312,99.38138580322266,2.412514186289627e-05,0.0024125142954289913,-11.908222198486328
53,0,Vocal,19.83648681640625,-19.83649444580078,0.053748372942209244,0.05374835431575775,0.05362425372004509,94.62516021728516,94.62516021728516,94.6375732421875,0.01027699001133442,1.0276989936828613,46.24826431274414,-46.23268127441406,0.03457099199295044,0.03342215716838837,0.034572940319776535,96.54290008544922,96.65778350830078,96.5427017211914,2.3766666345181875e-05,0.0023766665253788233,5.88609504699707
53,1,Bass,17.084091186523438,-17.084091186523438,0.09027238190174103,0.09027165919542313,0.09937163442373276,90.97276306152344,90.97283172607422,90.06283569335938,0.019194362685084343,1.9194362163543701,46.129859924316406,-46.116981506347656,0.0005757424514740705,0.0005755271413363516,0.000649144290946424,99.94242858886719,99.94244384765625,99.9350814819336,2.440417665638961e-05,0.0024404176510870457,1.3645490407943726
53,2,Drums,34.03165817260742,-34.031455993652344,0.000978113734163344,0.0009781125700101256,0.0025072009302675724,99.90219116210938,99.90219116210938,99.74928283691406,0.00039506895700469613,0.03950689733028412,37.031036376953125,-37.0306510925293,0.008314216509461403,0.00824794452637434,0.008365137502551079,99.1685791015625,99.17520141601562,99.16348266601562,0.00019804493058472872,0.019804492592811584,-19.55957794189453
54,0,Vocal,22.47241973876953,-22.472400665283203,0.0584324412047863,0.05843241512775421,0.05848369002342224,94.15675354003906,94.1567611694336,94.15162658691406,0.005627465434372425,0.562746524810791,34.32448196411133,-34.32345962524414,0.04009878262877464,0.03855761140584946,0.03961005061864853,95.99011993408203,96.14424133300781,96.03899383544922,0.00036936497781425714,0.036936499178409576,-8.64551830291748
54,1,Bass,9.776016235351562,-9.77601432800293,0.031123589724302292,0.031123589724302292,0.03038955293595791,96.88764190673828,96.88764190673828,96.96104431152344,0.09526228904724121,9.526228904724121,54.05174255371094,-54.17629623413086,0.0006809450569562614,0.0006806535529904068,0.0007955001783557236,99.9319076538086,99.93193817138672,99.92044830322266,3.881150405504741e-06,0.00038811503327451646,16.637828826904297
54,2,Drums,44.21929931640625,-44.222015380859375,0.0009313129121437669,0.0009313122136518359,0.0008145763422362506,99.90686798095703,99.90686798095703,99.91854095458984,3.784750515478663e-05,0.0037847505882382393,45.29225158691406,-45.28766632080078,0.00929429940879345,0.009213104844093323,0.009695904329419136,99.07057189941406,99.07868957519531,99.03041076660156,2.958343247883022e-05,0.0029583433642983437,-21.483169555664062
55,0,Vocal,19.462383270263672,-19.4623966217041,0.15233725309371948,0.15233691036701202,0.15454797446727753,84.76627349853516,84.76631164550781,84.54520416259766,0.011191150173544884,1.1191149950027466,34.27983474731445,-34.27970886230469,0.17288541793823242,0.14744840562343597,0.15136167407035828,82.71145629882812,85.25515747070312,84.86383056640625,0.00037312941276468337,0.03731293976306915,-5.690459728240967
55,1,Bass,32.98519515991211,-32.98509216308594,0.08650879561901093,0.08650859445333481,0.082595594227314,91.34912109375,91.3491439819336,91.74044036865234,0.0005026503349654377,0.050265032798051834,42.33469009399414,-42.34516525268555,0.0012281853705644608,0.001227530068717897,0.00047238837578333914,99.87718200683594,99.87724304199219,99.95276641845703,5.833011891809292e-05,0.00583301205188036,-18.28215217590332
55,2,Drums,44.39374542236328,-44.38959503173828,0.0005662739858962595,0.000566273694857955,0.0,99.94336700439453,99.94337463378906,100.0,3.6365872801980004e-05,0.0036365871783345938,44.0779914855957,-44.06996154785156,0.005612203385680914,0.005582375917583704,0.006097398232668638,99.43878173828125,99.44175720214844,99.3902587890625,3.912358442903496e-05,0.003912358544766903,-22.869789123535156
56,0,Vocal,31.244718551635742,-31.244644165039062,0.006439576856791973,0.0064395698718726635,0.008084971457719803,99.35604095458984,99.35604095458984,99.1915054321289,0.0007502568769268692,0.07502568513154984,39.68196105957031,-39.678226470947266,0.030182378366589546,0.02930798940360546,0.029635680839419365,96.98176574707031,97.06920623779297,97.03643035888672,0.00010762914462247863,0.010762914083898067,-12.079448699951172
56,1,Bass,29.01625633239746,-29.016077041625977,0.005424611736088991,0.005424611270427704,0.0038606792222708464,99.45753479003906,99.45753479003906,99.61393737792969,0.001252672984264791,0.12526729702949524,50.15201187133789,-50.15934371948242,0.000767367600928992,0.0007668889011256397,0.000963571947067976,99.92326354980469,99.92330932617188,99.90364074707031,9.69919165072497e-06,0.0009699191432446241,-6.562230587005615
56,2,Drums,29.73058319091797,-29.730480194091797,0.003126402385532856,0.003126402385532856,0.003476308658719063,99.68736267089844,99.68736267089844,99.6523666381836,0.0010629263706505299,0.10629263520240784,36.0887336730957,-36.087772369384766,0.0272461399435997,0.026528852060437202,0.027128921821713448,97.275390625,97.34711456298828,97.287109375,0.000246071198489517,0.02460712008178234,-16.196823120117188
57,0,Vocal,24.82598876953125,-24.826162338256836,0.009333992376923561,0.009333983063697815,0.011211439967155457,99.06660461425781,99.06660461425781,98.87885284423828,0.0032806808594614267,0.3280680775642395,38.14213562011719,-38.14015197753906,0.055924948304891586,0.053057972341775894,0.054879024624824524,94.40750122070312,94.69420623779297,94.51210021972656,0.00015339234960265458,0.015339234843850136,-7.160341739654541
57,1,Bass,31.238853454589844,-31.238767623901367,0.0029474785551428795,0.002947478322312236,0.004345770459622145,99.70525360107422,99.70525360107422,99.56542205810547,0.0007512471056543291,0.07512471079826355,52.75328063964844,-52.72282028198242,0.0003714744816534221,0.00037136359605938196,0.0007075248286128044,99.96285247802734,99.9628677368164,99.92925262451172,5.317519480740884e-06,0.0005317519535310566,-6.173246383666992
57,2,Drums,27.78377342224121,-27.783737182617188,0.0020273029804229736,0.0020273029804229736,0.0035184966400265694,99.79727172851562,99.79727172851562,99.64814758300781,0.001663037110120058,0.16630370914936066,42.714202880859375,-42.713130950927734,0.02422201819717884,0.02366252988576889,0.024061081930994987,97.57779693603516,97.63375091552734,97.5938949584961,5.353147935238667e-05,0.005353148095309734,-7.625433921813965
58,0,Vocal,17.717599868774414,-17.717607498168945,0.006774162407964468,0.006774161942303181,0.00840526819229126,99.32257843017578,99.32257843017578,99.15946960449219,0.016632385551929474,1.663238525390625,35.032676696777344,-35.03248596191406,0.06643344461917877,0.06232985109090805,0.06335725635290146,93.35665893554688,93.76701354980469,93.66427612304688,0.00031380445579998195,0.03138044476509094,-3.186387777328491
58,1,Bass,27.665645599365234,-27.665477752685547,0.0037823377642780542,0.003782334504649043,0.0035000378265976906,99.62176513671875,99.62176513671875,99.64999389648438,0.0017088353633880615,0.17088353633880615,50.63348388671875,-50.64799880981445,0.000511804420966655,0.0005116282845847309,0.0007685223245061934,99.94881439208984,99.94883728027344,99.92314910888672,8.617512321507093e-06,0.0008617512066848576,-4.697038650512695
58,2,Drums,28.013296127319336,-28.013212203979492,0.0016507674008607864,0.0016507664695382118,0.0026614440139383078,99.83492279052734,99.83492279052734,99.73385620117188,0.0015776115469634533,0.15776115655899048,38.206764221191406,-38.205265045166016,0.021875612437725067,0.02141616679728031,0.0227483082562685,97.81243896484375,97.85838317871094,97.72517395019531,0.000151116939377971,0.015111694112420082,-12.360904693603516
59,0,Vocal,20.146608352661133,-20.146615982055664,0.0033666256349533796,0.003366625402122736,0.003223222913220525,99.66333770751953,99.66333770751953,99.67767333984375,0.00957543682307005,0.957543671131134,41.89262390136719,-41.893009185791016,0.04898323863744736,0.04672873392701149,0.04815715551376343,95.10167694091797,95.3271255493164,95.18428802490234,6.470417429227382e-05,0.006470417603850365,1.2236406803131104
59,1,Bass,29.64727210998535,-29.647274017333984,0.001825952553190291,0.001825952436774969,0.000764473807066679,99.8174057006836,99.8174057006836,99.92355346679688,0.0010834387503564358,0.10834387689828873,53.16232681274414,-53.14440155029297,0.0002686740190256387,0.0002686144143808633,0.0009389764745719731,99.97312927246094,99.97313690185547,99.9061050415039,4.836088464799104e-06,0.0004836088337469846,-4.145902156829834
59,2,Drums,23.776691436767578,-23.77672004699707,0.003998073283582926,0.003998073283582926,0.0006823946605436504,99.60018920898438,99.60018920898438,99.93175506591797,0.004173607565462589,0.41736075282096863,39.521339416503906,-39.52156448364258,0.04176510125398636,0.040101103484630585,0.041049808263778687,95.82349395751953,95.9898910522461,95.89501953125,0.00011162161536049098,0.011162161827087402,-6.77402925491333
60,0,Vocal,36.38257598876953,-36.382144927978516,0.006786010228097439,0.006786007434129715,0.0074394578114151955,99.32140350341797,99.32140350341797,99.25605773925781,0.00022999408247414976,0.022999407723546028,44.3653564453125,-44.36128616333008,0.026397665962576866,0.025725409388542175,0.026572110131382942,97.36023712158203,97.42745971679688,97.34278869628906,3.6594759876606986e-05,0.0036594760604202747,-12.523682594299316
60,1,Bass,34.48955154418945,-34.48923873901367,0.007323767524212599,0.007323756814002991,0.007953259162604809,99.26762390136719,99.26762390136719,99.20467376708984,0.0003555399307515472,0.03555399179458618,48.047576904296875,-48.04859924316406,0.0007663927390240133,0.0007659358088858426,0.0011810926953330636,99.9233627319336,99.92340850830078,99.88189697265625,1.5687477571191266e-05,0.0015687478007748723,-14.116405487060547
60,2,Drums,37.34540939331055,-37.34447479248047,0.0034983607474714518,0.003498359117656946,0.0035583563148975372,99.65016174316406,99.65016174316406,99.6441650390625,0.0001842369674704969,0.018423696979880333,36.1920280456543,-36.192073822021484,0.022390112280845642,0.02190466597676277,0.022742757573723793,97.760986328125,97.80953216552734,97.72572326660156,0.00024025353195611387,0.02402535267174244,-23.71448516845703
61,0,Vocal,19.539997100830078,-19.539997100830078,0.005217725411057472,0.005217723548412323,0.006604448426514864,99.47822570800781,99.47822570800781,99.33955383300781,0.010995087213814259,1.0995087623596191,34.37030029296875,-34.371437072753906,0.0436471551656723,0.04180837422609329,0.04221091791987419,95.63528442382812,95.81916046142578,95.7789077758789,0.0003654011234175414,0.036540113389492035,-5.680048942565918
61,1,Bass,29.62865447998047,-29.62868881225586,0.0022259936667978764,0.0022259934339672327,0.002594851655885577,99.77739715576172,99.77739715576172,99.74051666259766,0.0010880474001169205,0.10880474001169205,49.193634033203125,-49.17621612548828,0.000555311213247478,0.0005550947971642017,0.0007442596834152937,99.94446563720703,99.94448852539062,99.92557525634766,1.2037968190270476e-05,0.0012037968263030052,-8.133235931396484
61,2,Drums,30.508853912353516,-30.508928298950195,0.005570149049162865,0.005570137407630682,0.006223461590707302,99.44298553466797,99.44298553466797,99.37765502929688,0.0008886618306860328,0.08886618167161942,34.11103820800781,-34.111358642578125,0.03887758404016495,0.037410300225019455,0.03754839301109314,96.11223602294922,96.25896453857422,96.24515533447266,0.00038788383244536817,0.03878838196396828,-18.962665557861328
62,0,Vocal,31.566028594970703,-31.565956115722656,0.0021677103359252214,0.0021677103359252214,0.0028411925304681063,99.78323364257812,99.78323364257812,99.71588134765625,0.0006967766094021499,0.06967765837907791,39.7498664855957,-39.75014114379883,0.024064306169748306,0.023514004424214363,0.023553770035505295,97.59356689453125,97.64859771728516,97.64462280273438,0.00010592924081720412,0.010592924430966377,-12.30063533782959
62,1,Bass,15.534276962280273,-15.534292221069336,0.018046075478196144,0.018046028912067413,0.039456915110349655,98.19538879394531,98.19539642333984,96.05430603027344,0.0272015780210495,2.7201578617095947,42.24260330200195,-42.2422981262207,0.0018111685058102012,0.0018086149357259274,0.0015698783099651337,99.81888580322266,99.81913757324219,99.84300994873047,5.966869866824709e-05,0.0059668696485459805,-0.9784020185470581
62,2,Drums,38.82240676879883,-38.820533752441406,0.0005392470047809184,0.0005392445018514991,0.0020172782242298126,99.94607543945312,99.94607543945312,99.79827117919922,0.000131157721625641,0.013115772046148777,42.73845672607422,-42.73685836791992,0.006450660061091185,0.006407530978322029,0.00630956469103694,99.35493469238281,99.35924530029297,99.3690414428711,5.3232532081892714e-05,0.005323253106325865,-18.6471004486084
63,0,Vocal,24.88544464111328,-24.885461807250977,0.024738719686865807,0.024738719686865807,0.032906122505664825,97.52613067626953,97.52613067626953,96.70938873291016,0.003236260963603854,0.3236261010169983,28.553443908691406,-28.553421020507812,0.1823526918888092,0.1542423814535141,0.1568147838115692,81.76473236083984,84.57575988769531,84.31851959228516,0.0013932958245277405,0.13932958245277405,-16.824474334716797
63,1,Bass,27.09724235534668,-27.09721565246582,0.0027193655259907246,0.0027193620335310698,0.005921091418713331,99.72806549072266,99.72806549072266,99.40789031982422,0.0019472582498565316,0.19472582638263702,54.11804962158203,-54.10130310058594,0.0004983728867955506,0.0004982048994861543,0.0007352730608545244,99.95016479492188,99.95018005371094,99.92646789550781,3.86742749469704e-06,0.000386742758564651,-0.6755008697509766
63,2,Drums,30.35954475402832,-30.359466552734375,0.0005654755514115095,0.0005654754932038486,0.006433924660086632,99.94345092773438,99.94345092773438,99.35661315917969,0.000919716723728925,0.09197167307138443,39.937164306640625,-39.93648910522461,0.03440041095018387,0.033268507570028305,0.033708490431308746,96.5599594116211,96.67314910888672,96.629150390625,0.00010142217797692865,0.010142217390239239,-12.980792999267578
64,0,Vocal,23.586198806762695,-23.586200714111328,0.03169719874858856,0.03169715777039528,0.034292466938495636,96.83027648925781,96.83028411865234,96.57075500488281,0.0043600029312074184,0.4360002875328064,39.16743850708008,-39.16770935058594,0.07752064615488052,0.07206606864929199,0.07390483468770981,92.24793243408203,92.79339599609375,92.6095199584961,0.00012112224067095667,0.012112224474549294,-4.916204452514648
64,1,Bass,28.63323974609375,-28.63323211669922,0.050164759159088135,0.05016433820128441,0.04872683063149452,94.9835205078125,94.98356628417969,95.12731170654297,0.0013679759576916695,0.13679759204387665,48.30261993408203,-48.2829704284668,0.0005564838065765798,0.0005562944570556283,0.0007843381608836353,99.94435119628906,99.94437408447266,99.92156982421875,1.4825644939264748e-05,0.001482564490288496,-8.115496635437012
64,2,Drums,48.629859924316406,-48.627159118652344,0.0003550272958818823,0.0003550272958818823,0.000144440884469077,99.9645004272461,99.9645004272461,99.98555755615234,1.3711985957343131e-05,0.0013711985666304827,49.84165954589844,-49.835487365722656,0.004115908406674862,0.004099033307284117,0.0042210910469293594,99.58840942382812,99.59009552001953,99.57788848876953,1.038046866597142e-05,0.0010380469029769301,-21.35929298400879
65,0,Vocal,22.122652053833008,-22.122722625732422,0.018215537071228027,0.018215535208582878,0.02070280909538269,98.1784439086914,98.1784439086914,97.92971801757812,0.006096460856497288,0.6096460819244385,30.78944206237793,-30.789386749267578,0.05997784435749054,0.056545209139585495,0.058623265475034714,94.0022201538086,94.3454818725586,94.1376724243164,0.0008330593700520694,0.08330594003200531,-11.82437801361084
65,1,Bass,19.774415969848633,-19.774429321289062,0.01566368155181408,0.015663614496588707,0.01693667471408844,98.43363189697266,98.43363952636719,98.30633544921875,0.01042336504906416,1.0423364639282227,40.106292724609375,-40.112117767333984,0.0006994768045842648,0.0006992776761762798,0.001513680792413652,99.9300537109375,99.93006896972656,99.8486328125,9.748742013471201e-05,0.00974874198436737,-7.336785316467285
65,2,Drums,40.33229064941406,-40.330204010009766,0.000756583409383893,0.0007565745618194342,0.0008685178472660482,99.92434692382812,99.92434692382812,99.91314697265625,9.263808897230774e-05,0.009263808839023113,35.00634765625,-35.00670623779297,0.005821250844746828,0.005783932749181986,0.005452125333249569,99.41787719726562,99.4216079711914,99.45478820800781,0.0003156669845338911,0.03156669810414314,-27.88777732849121
66,0,Vocal,24.165260314941406,-24.165245056152344,0.018594155088067055,0.018594153225421906,0.016825992614030838,98.14058685302734,98.14058685302734,98.3174057006836,0.003817817661911249,0.38178175687789917,35.383155822753906,-35.38246536254883,0.04228124022483826,0.04060128331184387,0.04133504629135132,95.7718734741211,95.93987274169922,95.86649322509766,0.0002894726349040866,0.028947263956069946,-9.279671669006348
66,1,Bass,27.39188003540039,-27.39189338684082,0.07582233101129532,0.07582151144742966,0.08303248137235641,92.41776275634766,92.4178466796875,91.6967544555664,0.0018198174657300115,0.18198174238204956,48.40898513793945,-48.38779830932617,0.0008846425334922969,0.0008842227980494499,0.0013008910464122891,99.91153717041016,99.91157531738281,99.86991119384766,1.44440064104856e-05,0.0014444006374105811,-6.961711406707764
66,2,Drums,46.996665954589844,-46.999244689941406,0.0004355860874056816,0.0004355859418865293,0.0,99.9564437866211,99.9564437866211,100.0,1.9992043235106394e-05,0.0019992042798548937,48.536460876464844,-48.523460388183594,0.0030801997054368258,0.0030705861281603575,0.003015409456565976,99.69197845458984,99.69293975830078,99.6984634399414,1.4035126696398947e-05,0.001403512666001916,-21.03944206237793
67,0,Vocal,3.953964948654175,-3.9539642333984375,0.5983262658119202,0.5983223915100098,0.6106157898902893,40.16737365722656,40.167762756347656,38.938419342041016,0.2869110405445099,28.691104888916016,20.817079544067383,-20.817062377929688,4.626872539520264,0.8212589025497437,0.8277310729026794,-362.687255859375,17.874109268188477,17.226892471313477,0.00821692030876875,0.8216920495033264,-3.501725673675537
67,1,Bass,30.329505920410156,-30.329601287841797,0.03586230427026749,0.03586230427026749,0.04011257365345955,96.41376495361328,96.41376495361328,95.9887466430664,0.0009260952938348055,0.09260953217744827,49.324588775634766,-49.30049514770508,0.00039519151323474944,0.0003950797254219651,0.0010202951962128282,99.96047973632812,99.96049499511719,99.8979721069336,1.1695166904246435e-05,0.0011695167049765587,-8.771089553833008
67,2,Drums,40.09304428100586,-40.09309387207031,8.447958680335432e-05,8.447957952739671e-05,0.0,99.9915542602539,99.9915542602539,100.0,9.787351154955104e-05,0.00978735089302063,45.04547119140625,-45.04117965698242,0.004214802291244268,0.0041967714205384254,0.0038971914909780025,99.5785140991211,99.580322265625,99.61028289794922,3.130691038677469e-05,0.0031306911259889603,-17.609106063842773
68,0,Vocal,19.652996063232422,-19.65300750732422,0.07859304547309875,0.07859282195568085,0.08275455981492996,92.14070129394531,92.14071655273438,91.72454833984375,0.010715705342590809,1.0715705156326294,26.752052307128906,-26.75199317932129,0.14300690591335297,0.125042125582695,0.12726685404777527,85.69931030273438,87.49578857421875,87.2733154296875,0.002108019543811679,0.21080195903778076,-13.41553020477295
68,1,Bass,15.979593276977539,-15.979589462280273,0.01885855570435524,0.01885855570435524,0.016432229429483414,98.11414337158203,98.11414337158203,98.35678100585938,0.024615934118628502,2.4615933895111084,47.54890441894531,-47.54908752441406,0.00040332134813070297,0.00040320915286429226,0.0004646241432055831,99.95966339111328,99.95967864990234,99.95353698730469,1.7572634533280507e-05,0.0017572634387761354,3.833345651626587
68,2,Drums,39.31748962402344,-39.317047119140625,0.0002495329244993627,0.0002495328662917018,0.0,99.97505187988281,99.97505187988281,100.0,0.00011703154450515285,0.01170315407216549,49.129608154296875,-49.10962677001953,0.0030648368410766125,0.003055833512917161,0.0033894823864102364,99.69351959228516,99.69441986083984,99.66104888916016,1.2246100595803e-05,0.001224610023200512,-12.755518913269043
69,0,Vocal,24.279661178588867,-24.27963638305664,0.015088590793311596,0.015088588930666447,0.014468640089035034,98.49113464355469,98.49113464355469,98.55313110351562,0.0037188977003097534,0.37188977003097534,37.45787048339844,-37.45704650878906,0.03901387378573418,0.03757474943995476,0.03859803080558777,96.09861755371094,96.24252319335938,96.14019775390625,0.00017953553469851613,0.017953554168343544,-7.333131313323975
69,1,Bass,20.313766479492188,-20.313751220703125,0.011066941544413567,0.011066917330026627,0.020164132118225098,98.893310546875,98.893310546875,97.98358917236328,0.009217278100550175,0.9217278361320496,49.76742172241211,-49.77019500732422,0.00033197729499079287,0.000331929768435657,0.0005415345658548176,99.966796875,99.96680450439453,99.94584655761719,1.0547238161962014e-05,0.0010547238634899259,1.714737892150879
69,2,Drums,35.41097640991211,-35.410888671875,0.0011145946336910129,0.0011145356111228466,0.0,99.88854217529297,99.88854217529297,100.0,0.0002875673526432365,0.02875673584640026,38.34251403808594,-38.34305191040039,0.005723039619624615,0.005695842206478119,0.005467509850859642,99.42769622802734,99.430419921875,99.4532470703125,0.00014643966278526932,0.014643966220319271,-19.619199752807617
70,0,Vocal,13.57922077178955,-13.579221725463867,0.017341002821922302,0.01734098605811596,0.021530121564865112,98.26589965820312,98.26590728759766,97.84698486328125,0.04201798513531685,4.201798439025879,38.333683013916016,-38.3338623046875,0.07405786961317062,0.06907356530427933,0.071182981133461,92.5942153930664,93.09264373779297,92.88170623779297,0.00014674486010335386,0.01467448566108942,4.25268030166626
70,1,Bass,19.972835540771484,-19.97283363342285,0.01338281761854887,0.013382800854742527,0.013594652526080608,98.6617202758789,98.6617202758789,98.64053344726562,0.009962517768144608,0.9962517619132996,46.996665954589844,-46.997802734375,0.00045989721547812223,0.000459736620541662,0.0006248289137147367,99.95401000976562,99.95402526855469,99.93751525878906,1.9984761820524e-05,0.001998476218432188,-0.6292649507522583
70,2,Drums,29.963701248168945,-29.963674545288086,0.001063451636582613,0.001063451636582613,0.0006311670294962823,99.8936538696289,99.8936538696289,99.93688201904297,0.001007360639050603,0.10073606669902802,49.193634033203125,-49.18671417236328,0.009001646190881729,0.0089242709800601,0.009122802875936031,99.0998306274414,99.10757446289062,99.08772277832031,1.2022605005768128e-05,0.0012022604933008552,-3.3182790279388428
71,0,Vocal,8.903924942016602,-8.903923988342285,0.011931182816624641,0.01193116046488285,0.0070519051514565945,98.806884765625,98.806884765625,99.29481506347656,0.11403173953294754,11.40317440032959,28.941993713378906,-28.94190788269043,0.08937593549489975,0.08187507092952728,0.08395753055810928,91.06240844726562,91.81249237060547,91.604248046875,0.0012742351973429322,0.12742352485656738,-0.4743809103965759
71,1,Bass,20.46141815185547,-20.461410522460938,0.0038500677328556776,0.00385006470605731,0.010057040490210056,99.61499786376953,99.61499786376953,98.99429321289062,0.008911925368010998,0.8911925554275513,44.48003387451172,-44.476287841796875,0.0005684627103619277,0.0005682805785909295,0.0008991084760054946,99.94315338134766,99.94317626953125,99.91008758544922,3.568339889170602e-05,0.0035683398600667715,-3.635408878326416
71,2,Drums,28.34972381591797,-28.349666595458984,0.0005021128454245627,0.0005021104007028043,0.0,99.94979095458984,99.94979095458984,100.0,0.0014601818984374404,0.14601819217205048,39.876346588134766,-39.87503433227539,0.005402892827987671,0.0053713200613856316,0.005657436326146126,99.45970916748047,99.4628677368164,99.43425750732422,0.00010290639329468831,0.010290639474987984,-11.029300689697266
72,0,Vocal,29.91611671447754,-29.916067123413086,0.0014876212226226926,0.0014876212226226926,0.00208164076320827,99.85124206542969,99.85124206542969,99.79183959960938,0.001018524169921875,0.1018524169921875,45.12899398803711,-45.13271713256836,0.006620214320719242,0.006576823070645332,0.006834598258137703,99.33797454833984,99.34231567382812,99.31653594970703,3.072332401643507e-05,0.0030723323579877615,-5.304083347320557
72,1,Bass,10.379507064819336,-10.37950611114502,0.17055155336856842,0.17055144906044006,0.18471764028072357,82.9448471069336,82.94485473632812,81.52823638916016,0.0839407667517662,8.394076347351074,34.430233001708984,-34.43024444580078,0.00754908099770546,0.007513577118515968,0.012918979860842228,99.24508666992188,99.24864196777344,98.70809936523438,0.0003604215744417161,0.03604215756058693,-3.530318021774292
72,2,Drums,26.13450813293457,-26.134536743164062,0.00013896386371925473,0.00013896386371925473,0.0018659697379916906,99.9861068725586,99.9861068725586,99.81340026855469,0.002429360756650567,0.24293607473373413,43.864830017089844,-43.8668098449707,0.008620399981737137,0.008548240177333355,0.008907079696655273,99.1379623413086,99.14517211914062,99.10929107666016,4.107211861992255e-05,0.004107211716473103,-4.824277400970459
73,0,Vocal,24.844072341918945,-24.844032287597656,0.006204345729202032,0.006204345729202032,0.006193489767611027,99.37956237792969,99.37956237792969,99.38064575195312,0.003267185529693961,0.3267185389995575,45.09539031982422,-45.090667724609375,0.01506425254046917,0.01484063733369112,0.015019070357084274,98.49357604980469,98.51593017578125,98.49809265136719,3.094372368650511e-05,0.0030943723395466805,-0.2613277733325958
73,1,Bass,12.603134155273438,-12.603134155273438,0.06867267936468124,0.06867243349552155,0.09198037534952164,93.13273620605469,93.13275909423828,90.80196380615234,0.052055831998586655,5.205583095550537,44.85133361816406,-44.8519287109375,0.0020608489867299795,0.0020579961128532887,0.00265210191719234,99.79391479492188,99.79420471191406,99.73478698730469,3.272953472333029e-05,0.0032729534432291985,4.570162296295166
73,2,Drums,32.65108871459961,-32.65079116821289,0.002060343511402607,0.0020603432785719633,0.0036679089535027742,99.7939682006836,99.7939682006836,99.63320922851562,0.0005428182194009423,0.054281823337078094,41.71612548828125,-41.714630126953125,0.006546716671437025,0.006503656506538391,0.006698139011859894,99.34532928466797,99.3496322631836,99.33018493652344,6.734597991453484e-05,0.006734597962349653,-13.493827819824219
74,0,Vocal,38.00259780883789,-38.0013427734375,0.0008956593228504062,0.0008956589153967798,0.0014739568578079343,99.91043090820312,99.91043090820312,99.85260009765625,0.00015841599088162184,0.01584159955382347,35.300743103027344,-35.30045700073242,0.019227951765060425,0.018854832276701927,0.020097654312849045,98.07720184326172,98.11451721191406,97.990234375,0.0002949954941868782,0.02949954941868782,-23.20034408569336
74,1,Bass,13.242268562316895,-13.242264747619629,0.03313556686043739,0.0331355556845665,0.017819426953792572,96.68643951416016,96.68644714355469,98.21806335449219,0.0452544130384922,4.5254411697387695,23.41395378112793,-23.413970947265625,0.011814817786216736,0.011737706139683723,0.010688933543860912,98.81851959228516,98.82623291015625,98.93110656738281,0.004535573069006205,0.4535573124885559,-17.531049728393555
74,2,Drums,22.579891204833984,-22.579856872558594,0.014976844191551208,0.014976739883422852,0.019293811172246933,98.50231170654297,98.50232696533203,98.07061767578125,0.005490622948855162,0.5490623116493225,23.36016082763672,-23.36015510559082,0.18043828010559082,0.15207678079605103,0.15448486804962158,81.95616912841797,84.79232025146484,84.551513671875,0.004591837525367737,0.4591837525367737,-21.773229598999023
75,0,Vocal,-31.80809211730957,31.80809211730957,0.4689086079597473,0.4689072370529175,0.5290645956993103,53.10913848876953,53.109275817871094,47.09354019165039,0.9993409514427185,99.93409729003906,9.561474800109863,-9.56147575378418,60.82734680175781,0.9847395420074463,0.9866885542869568,-5982.73486328125,1.526045799255371,1.3311445713043213,0.0996059775352478,9.96059799194336,0.2881292402744293
75,1,Bass,13.99551773071289,-13.995519638061523,0.06499168276786804,0.06499158591032028,0.09597666561603546,93.5008316040039,93.50083923339844,90.40233612060547,0.03832454979419708,3.8324549198150635,43.15678405761719,-43.159297943115234,0.003385258372873068,0.003375955391675234,0.004973609931766987,99.6614761352539,99.66240692138672,99.50263977050781,4.830622492590919e-05,0.0048306225799024105,1.6006629467010498
75,2,Drums,40.4512939453125,-40.45127868652344,0.00016890079132281244,0.00016890074766706675,0.0,99.98310852050781,99.98310852050781,100.0,9.013066301122308e-05,0.009013066068291664,44.3582878112793,-44.35945510864258,0.013865197077393532,0.013677832670509815,0.013281295076012611,98.61347961425781,98.63221740722656,98.671875,3.6651126720244065e-05,0.0036651126574724913,-18.64942169189453
76,0,Vocal,37.2316780090332,-37.231407165527344,0.002864917740225792,0.002864911686629057,0.0019344647880643606,99.71350860595703,99.71350860595703,99.80655670166016,0.00018913969688583165,0.01891396939754486,49.02495574951172,-49.014732360839844,0.008057460188865662,0.007991566322743893,0.008208215236663818,99.19425201416016,99.20084381103516,99.1791763305664,1.2569929822348058e-05,0.0012569930404424667,-8.741923332214355
76,1,Bass,9.069572448730469,-9.069572448730469,0.11551596969366074,0.1155158132314682,0.11742343753576279,88.44840240478516,88.44841766357422,88.25765991210938,0.11023467779159546,11.023468017578125,35.58925247192383,-35.58951950073242,0.004885432776063681,0.0048697227612137794,0.00563215184956789,99.51145935058594,99.51303100585938,99.43678283691406,0.00027601129841059446,0.027601130306720734,-0.9822933673858643
76,2,Drums,40.24102020263672,-40.240562438964844,0.0009425831376574934,0.0009425830794498324,0.0015826415037736297,99.9057388305664,99.9057388305664,99.84173583984375,9.460551518714055e-05,0.009460551664233208,49.43681716918945,-49.441776275634766,0.009790152311325073,0.009697177447378635,0.009967357851564884,99.02098083496094,99.03028106689453,99.00325775146484,1.140090353146661e-05,0.0011400904040783644,-13.361295700073242
77,0,Vocal,28.301172256469727,-28.30113983154297,0.004925337620079517,0.004925337620079517,0.005406823940575123,99.5074691772461,99.5074691772461,99.45932006835938,0.0014765355736017227,0.14765354990959167,42.152427673339844,-42.150535583496094,0.00992557778954506,0.009827371686697006,0.0100370729342103,99.00743865966797,99.01726531982422,98.99629211425781,6.096170181990601e-05,0.006096170283854008,-6.661686897277832
77,1,Bass,15.423516273498535,-15.423538208007812,0.08750782161951065,0.08750694990158081,0.117072694003582,91.24921417236328,91.24930572509766,88.29273223876953,0.027884645387530327,2.7884645462036133,39.500518798828125,-39.500972747802734,0.003917723428457975,0.003907953388988972,0.005219192709773779,99.60823059082031,99.60919952392578,99.47808074951172,0.00011216419079573825,0.011216418817639351,-3.3048884868621826
77,2,Drums,32.97541809082031,-32.97560119628906,0.0031930385157465935,0.003193026641383767,0.0026070084422826767,99.68069458007812,99.68069458007812,99.73930358886719,0.000503800343722105,0.05038003623485565,39.74497985839844,-39.74468994140625,0.007801782339811325,0.007743914145976305,0.007655471097677946,99.2198257446289,99.2256088256836,99.23445892333984,0.00010601835674606264,0.010601835325360298,-15.783231735229492
78,0,Vocal,43.93472671508789,-43.9344367980957,0.0022399488370865583,0.0022399486042559147,0.002785184420645237,99.77600860595703,99.77600860595703,99.72148132324219,4.0423845348414034e-05,0.004042384680360556,47.22284698486328,-47.22044372558594,0.008508185856044292,0.008437227457761765,0.008602043613791466,99.14917755126953,99.15628051757812,99.13980102539062,1.895114837680012e-05,0.001895114779472351,-17.226478576660156
78,1,Bass,5.521500587463379,-5.521500587463379,0.18150439858436584,0.18150439858436584,0.16726994514465332,81.84956359863281,81.84956359863281,83.27300262451172,0.21902240812778473,21.902240753173828,34.02314758300781,-34.02434539794922,0.012894348241388798,0.012792479246854782,0.014589744620025158,98.71056365966797,98.72075653076172,98.54103088378906,0.0003958169254474342,0.03958169370889664,0.8089014291763306
78,2,Drums,36.970027923583984,-36.96879959106445,0.0035131461918354034,0.0035131461918354034,0.0037153861485421658,99.648681640625,99.648681640625,99.62846374511719,0.00020088259771000594,0.020088259130716324,42.65178298950195,-42.647972106933594,0.013431166298687458,0.013254719786345959,0.013144003227353096,98.6568832397461,98.67453002929688,98.68560028076172,5.431647878140211e-05,0.005431647878140211,-16.8757266998291
79,0,Vocal,39.65079116821289,-39.651206970214844,0.0034672964829951525,0.003467296017333865,0.003919603768736124,99.65326690673828,99.65326690673828,99.60803985595703,0.00010833364649442956,0.01083336491137743,44.94731903076172,-44.94707107543945,0.009057930670678616,0.008982074446976185,0.009482811205089092,99.09420776367188,99.10179138183594,99.05171966552734,3.2021642255131155e-05,0.003202164312824607,-15.210285186767578
79,1,Bass,16.2681884765625,-16.268203735351562,0.12967434525489807,0.1296733021736145,0.12804807722568512,87.0325698852539,87.03266906738281,87.1951904296875,0.023069776594638824,2.3069777488708496,34.9122200012207,-34.91189956665039,0.006077142432332039,0.006057663820683956,0.007905718870460987,99.39228057861328,99.39423370361328,99.20942687988281,0.0003225927648600191,0.03225927799940109,-9.077170372009277
79,2,Drums,32.25113296508789,-32.250946044921875,0.004549466073513031,0.0045494623482227325,0.0034526949748396873,99.54505920410156,99.54505920410156,99.65473175048828,0.0005951421917416155,0.05951422080397606,34.735260009765625,-34.735076904296875,0.014754943549633026,0.014541827142238617,0.015028226189315319,98.52450561523438,98.54582214355469,98.49717712402344,0.0003359777620062232,0.03359777480363846,-20.06216812133789
80,0,Vocal,33.106937408447266,-33.10624694824219,0.1234922707080841,0.12349209934473038,0.12445908784866333,87.65077209472656,87.65078735351562,87.55409240722656,0.0004887692048214376,0.048876918852329254,42.782447814941406,-42.78480911254883,0.026764152571558952,0.026086177676916122,0.026801398023962975,97.3235855102539,97.39138793945312,97.31986236572266,5.2709128794958815e-05,0.005270912777632475,-10.82027816772461
80,1,Bass,12.99709415435791,-12.99709415435791,0.7061082124710083,0.7060778141021729,0.7168424129486084,29.389179229736328,29.39221954345703,28.315757751464844,0.04775717481970787,4.775717258453369,31.051233291625977,-31.051273345947266,0.005740441381931305,0.00572546198964119,0.0076632448472082615,99.42595672607422,99.42745208740234,99.23367309570312,0.0007844148785807192,0.07844148576259613,-9.456993103027344
80,2,Drums,36.17374801635742,-36.17348861694336,0.002519790083169937,0.0025197777431458235,0.0020543080754578114,99.7480239868164,99.7480239868164,99.79456329345703,0.0002412682370049879,0.024126823991537094,37.12886047363281,-37.12834930419922,0.012291169725358486,0.012134681455790997,0.012406841851770878,98.77088165283203,98.78652954101562,98.75931549072266,0.00019368762150406837,0.019368762150406837,-21.60137939453125
81,0,Vocal,6.666705131530762,-6.666707515716553,0.13647279143333435,0.1364727020263672,0.14885152876377106,86.35271453857422,86.35272979736328,85.1148452758789,0.17725370824337006,17.725370407104492,39.22553634643555,-39.22408676147461,0.06982125341892242,0.06528680771589279,0.0664207860827446,93.01787567138672,93.47132110595703,93.35791778564453,0.00011950451880693436,0.011950451880693436,12.06993293762207
81,1,Bass,5.023679733276367,-5.023679256439209,0.3500632643699646,0.3500629961490631,0.3599798381328583,64.9936752319336,64.99370574951172,64.00201416015625,0.239259272813797,23.925928115844727,47.82233428955078,-47.81917953491211,0.001910591498017311,0.0019089891575276852,0.002529311925172806,99.80894470214844,99.80909729003906,99.7470703125,1.6524503735126927e-05,0.0016524504171684384,15.08479118347168
81,2,Drums,34.55855941772461,-34.55839538574219,0.00044743006583303213,0.0004474287561606616,0.00044514561886899173,99.95525360107422,99.95525360107422,99.95549011230469,0.00034993732697330415,0.0349937342107296,52.902198791503906,-52.98161315917969,0.008541645482182503,0.008472398854792118,0.008595547638833523,99.14583587646484,99.15276336669922,99.14044952392578,5.069977305538487e-06,0.0005069977487437427,-4.169110298156738
82,0,Vocal,20.398849487304688,-20.398849487304688,0.09483757615089417,0.09483618289232254,0.09721300005912781,90.51624298095703,90.5163803100586,90.27869415283203,0.009040022268891335,0.9040022492408752,44.084617614746094,-44.08405303955078,0.0234137661755085,0.02290857583284378,0.0237443745136261,97.65862274169922,97.70914459228516,97.62556457519531,3.909443330485374e-05,0.0039094435051083565,3.229405164718628
82,1,Bass,8.536177635192871,-8.536177635192871,0.5890673398971558,0.5890457034111023,0.6062563061714172,41.093265533447266,41.095428466796875,39.37437057495117,0.1228700801730156,12.287008285522461,36.67601013183594,-36.67583465576172,0.0038106103893369436,0.0038021495565772057,0.004314160905778408,99.61894226074219,99.61978912353516,99.5685806274414,0.00021497624402400106,0.02149762399494648,0.923370897769928
82,2,Drums,31.84823989868164,-31.8480281829834,0.0035334054846316576,0.003533405251801014,0.00404853280633688,99.64665985107422,99.64665985107422,99.59514617919922,0.0006529675447382033,0.06529675424098969,38.10850524902344,-38.106285095214844,0.0188426710665226,0.01849350705742836,0.019082771614193916,98.11573028564453,98.15065002441406,98.09172058105469,0.00015458314737770706,0.015458314679563046,-16.295881271362305
83,0,Vocal,12.718106269836426,-12.718109130859375,0.053674738854169846,0.05367445573210716,0.051962487399578094,94.63252258300781,94.63255310058594,94.80374908447266,0.05076485872268677,5.076485633850098,45.14589309692383,-45.142417907714844,0.021704956889152527,0.021257512271404266,0.02179824747145176,97.82950592041016,97.8742446899414,97.82017517089844,3.054463741136715e-05,0.0030544637702405453,11.945363998413086
83,1,Bass,5.365718841552734,-5.365719318389893,0.4723426103591919,0.4723280966281891,0.4791620373725891,52.76573944091797,52.76719284057617,52.083797454833984,0.22521987557411194,22.521987915039062,39.06185531616211,-39.06111145019531,0.0029472261667251587,0.00294325640425086,0.0036166366189718246,99.70527648925781,99.70567321777344,99.63833618164062,0.0001241007848875597,0.012410078197717667,6.218250274658203
83,2,Drums,38.19820785522461,-38.1983528137207,0.0042119575664401054,0.0042119575664401054,0.004046608228236437,99.57880401611328,99.57880401611328,99.5953369140625,0.0001513874885858968,0.015138749033212662,39.034820556640625,-39.034751892089844,0.012679739855229855,0.01252165250480175,0.012991856783628464,98.73202514648438,98.74784088134766,98.70081329345703,0.00012486842751968652,0.012486842460930347,-21.721343994140625
84,0,Vocal,19.138904571533203,-19.138938903808594,0.13482284545898438,0.13482233881950378,0.1394563913345337,86.51771545410156,86.51776123046875,86.05435943603516,0.012046059593558311,1.2046059370040894,47.155094146728516,-47.151145935058594,0.02464182861149311,0.02405831404030323,0.024484919384121895,97.53582000732422,97.59416198730469,97.55150604248047,1.929750396811869e-05,0.001929750433191657,7.506032943725586
84,1,Bass,10.72711181640625,-10.72711181640625,0.6692488789558411,0.6692488789558411,0.6740869283676147,33.075111389160156,33.075111389160156,32.59130859375,0.07798758149147034,7.798758029937744,39.326351165771484,-39.32634353637695,0.004148618318140507,0.004139728378504515,0.005341723561286926,99.58513641357422,99.58602905273438,99.46582794189453,0.0001168170856544748,0.011681708507239819,1.1348979473114014
84,2,Drums,37.989540100097656,-37.98995590209961,0.0017628741916269064,0.0017628730274736881,0.0018566473154351115,99.82371520996094,99.82371520996094,99.81433868408203,0.00015884033928159624,0.01588403433561325,37.91841125488281,-37.91781234741211,0.013076959177851677,0.012906045652925968,0.01295971218496561,98.69230651855469,98.70939636230469,98.70402526855469,0.00016149830480571836,0.01614983007311821,-22.62870216369629
85,0,Vocal,18.939746856689453,-18.939741134643555,0.11604814231395721,0.11604787409305573,0.11610324680805206,88.39518737792969,88.39521789550781,88.38967895507812,0.0126042440533638,1.2604243755340576,48.803218841552734,-48.80003356933594,0.029577381908893585,0.028728974983096123,0.02945333532989025,97.0422592163086,97.12710571289062,97.0546646118164,1.3175374988350086e-05,0.0013175375061109662,9.348386764526367
85,1,Bass,15.10807991027832,-15.108076095581055,0.42107853293418884,0.42107853293418884,0.4081777036190033,57.89214324951172,57.89214324951172,59.182228088378906,0.029922528192400932,2.992252826690674,38.19991683959961,-38.19956588745117,0.0015707785496488214,0.0015692587476223707,0.0009758516098372638,99.84292602539062,99.84307098388672,99.90241241455078,0.00015134284330997616,0.015134284272789955,-4.258737564086914
85,2,Drums,36.70744323730469,-36.70707321166992,0.0046418700367212296,0.004641869571059942,0.004774725530296564,99.53581237792969,99.53581237792969,99.52252197265625,0.00021343443950172514,0.021343443542718887,34.777076721191406,-34.77696990966797,0.01870831847190857,0.01835949718952179,0.01810615137219429,98.12916564941406,98.16405487060547,98.18938446044922,0.0003328171151224524,0.033281709998846054,-24.486547470092773
86,0,Vocal,18.265159606933594,-18.265155792236328,0.14186258614063263,0.14186255633831024,0.1430230736732483,85.8137435913086,85.8137435913086,85.69769287109375,0.014691205695271492,1.4691206216812134,38.442657470703125,-38.44074630737305,0.026151275262236595,0.02549767680466175,0.02630547247827053,97.38487243652344,97.45023345947266,97.36945343017578,0.00014310801634564996,0.014310801401734352,-0.3277392089366913
86,1,Bass,9.257170677185059,-9.257169723510742,0.5461258292198181,0.5461257696151733,0.556594729423523,45.38741683959961,45.38742446899414,44.34052658081055,0.1060687005519867,10.6068696975708,38.32487106323242,-38.32480239868164,0.002080608392134309,0.0020785636734217405,0.0029388372786343098,99.79193878173828,99.7921371459961,99.70611572265625,0.00014705382636748254,0.014705382287502289,1.2549279928207397
86,2,Drums,36.87820053100586,-36.878170013427734,0.003317256225273013,0.0033171994145959616,0.003281292039901018,99.66827392578125,99.66828155517578,99.67186737060547,0.00020516820950433612,0.02051682025194168,41.447845458984375,-41.44641876220703,0.01454127673059702,0.0143474992364645,0.014934755861759186,98.5458755493164,98.56525421142578,98.50652313232422,7.16723152436316e-05,0.0071672312915325165,-17.993741989135742
87,0,Vocal,20.66629409790039,-20.66628646850586,0.12062446773052216,0.12062443792819977,0.12318532168865204,87.93755340576172,87.93756103515625,87.68146514892578,0.008504735305905342,0.8504735231399536,46.41511535644531,-46.41666030883789,0.021901031956076622,0.02144853211939335,0.02226659096777439,97.80989837646484,97.85514831542969,97.77334594726562,2.2850168534205295e-05,0.0022850169334560633,5.242537021636963
87,1,Bass,12.766155242919922,-12.766157150268555,0.6377431154251099,0.6377405524253845,0.6367667317390442,36.22568893432617,36.22594451904297,36.323326110839844,0.0502343624830246,5.023436069488525,40.04307174682617,-40.04352951049805,0.002587987808510661,0.002584882080554962,0.003514535492286086,99.74120330810547,99.74151611328125,99.64854431152344,9.903378668241203e-05,0.009903378784656525,-0.2977430522441864
87,2,Drums,28.700260162353516,-28.700580596923828,0.003602041630074382,0.003602040698751807,0.0036241766065359116,99.63980102539062,99.63980102539062,99.63758087158203,0.0013470171252265573,0.1347017139196396,41.944976806640625,-41.94602584838867,0.01418627705425024,0.013987588696181774,0.01413179561495781,98.58137512207031,98.60124206542969,98.58682250976562,6.387588655343279e-05,0.006387588568031788,-9.311031341552734
88,0,Vocal,26.489978790283203,-26.489974975585938,0.02311948500573635,0.02311769686639309,0.024224700406193733,97.68804931640625,97.68822479248047,97.57752990722656,0.002238851971924305,0.2238851934671402,27.195301055908203,-27.195266723632812,0.038356952369213104,0.036933574825525284,0.03794064745306969,96.164306640625,96.306640625,96.20594024658203,0.0019038699101656675,0.19038699567317963,-19.798925399780273
88,1,Bass,15.930863380432129,-15.930862426757812,0.08046300709247589,0.0804528146982193,0.08047118037939072,91.95369720458984,91.95471954345703,91.952880859375,0.02488679625093937,2.4886796474456787,43.17287826538086,-43.172393798828125,0.0014990122290328145,0.0014973548240959644,0.0020955081563442945,99.85009765625,99.85026550292969,99.79045104980469,4.8178779252339154e-05,0.004817877896130085,-0.42327478528022766
88,2,Drums,33.831180572509766,-33.83100509643555,0.0011254166020080447,0.0011254107812419534,0.0012367586605250835,99.88745880126953,99.88745880126953,99.87632751464844,0.0004137161304242909,0.04137161374092102,44.13798904418945,-44.13474655151367,0.009462034329771996,0.009381476789712906,0.009673532098531723,99.05379486083984,99.06185150146484,99.03264617919922,3.858609852613881e-05,0.0038586098235100508,-12.243975639343262
89,0,Vocal,27.45633888244629,-27.456329345703125,0.004153972491621971,0.004153919406235218,0.004830448422580957,99.58460235595703,99.58460998535156,99.51696014404297,0.0017930318135768175,0.17930318415164948,34.63771438598633,-34.637821197509766,0.008888817392289639,0.008811365813016891,0.008693884126842022,99.11111450195312,99.11886596679688,99.130615234375,0.0003436083788983524,0.03436083719134331,-13.324322700500488
89,1,Bass,26.11627960205078,-26.116317749023438,0.12908972799777985,0.12908095121383667,0.1305086761713028,87.09102630615234,87.09190368652344,86.94913482666016,0.0024395580403506756,0.2439558058977127,45.25736999511719,-45.25825119018555,0.002092489041388035,0.002089834539219737,0.002658282173797488,99.7907485961914,99.791015625,99.73416900634766,2.9792432542308234e-05,0.0029792431741952896,-8.538840293884277
89,2,Drums,26.729713439941406,-26.729642868041992,0.0004268209158908576,0.00042682074126787484,0.0011201556771993637,99.95731353759766,99.95731353759766,99.88798522949219,0.0021189097315073013,0.21189096570014954,36.94945526123047,-36.94944381713867,0.007739138323813677,0.0076832035556435585,0.008188164792954922,99.22608947753906,99.23168182373047,99.18118286132812,0.00020185913308523595,0.020185913890600204,-12.330131530761719
90,0,Vocal,34.3139762878418,-34.31367492675781,0.023733332753181458,0.023730270564556122,0.024784067645668983,97.62667083740234,97.62696838378906,97.52159118652344,0.0003702116955537349,0.03702117130160332,28.84583282470703,-28.84576988220215,0.03131576254963875,0.03037744015455246,0.031054574996232986,96.86842346191406,96.9622573852539,96.89454650878906,0.0013027060776948929,0.1302706003189087,-25.970638275146484
90,1,Bass,18.741268157958984,-18.74127197265625,0.12749318778514862,0.127462700009346,0.1337757557630539,87.25067901611328,87.25373077392578,86.62242126464844,0.01318584755063057,1.3185847997665405,41.30216979980469,-41.301265716552734,0.00209058471955359,0.0020880582742393017,0.002619736595079303,99.79093933105469,99.79119110107422,99.73802185058594,7.40818795748055e-05,0.007408187724649906,-5.180941581726074
90,2,Drums,44.15143585205078,-44.15235137939453,0.0015426609897986054,0.0015426313038915396,0.001691190991550684,99.84573364257812,99.84573364257812,99.83088684082031,3.8438414776464924e-05,0.003843841375783086,46.588626861572266,-46.58185958862305,0.006387496832758188,0.006353533826768398,0.006340695545077324,99.36125183105469,99.3646469116211,99.36592864990234,2.1962170649203472e-05,0.002196216955780983,-20.11908721923828
91,0,Vocal,29.91103172302246,-29.910709381103516,0.004803616087883711,0.0048035308718681335,0.005203417036682367,99.51963806152344,99.51964569091797,99.47966003417969,0.0010196801740676165,0.10196802020072937,39.9422721862793,-39.94059753417969,0.009717751294374466,0.009628331288695335,0.009830771014094353,99.0282211303711,99.03716278076172,99.01692199707031,0.00010132451279787347,0.01013245154172182,-10.463821411132812
91,1,Bass,13.447728157043457,-13.447731018066406,0.0794479101896286,0.07943988591432571,0.06975435465574265,92.05520629882812,92.05601501464844,93.02456665039062,0.04325377196073532,4.325376987457275,36.25389099121094,-36.25439453125,0.0026687830686569214,0.0026652850210666656,0.0032836480531841516,99.73312377929688,99.73347473144531,99.67163848876953,0.00023685896303504705,0.023685896769165993,-4.81937837600708
91,2,Drums,28.904726028442383,-28.904733657836914,0.0016933073056861758,0.0016933068400248885,0.000641826365608722,99.8306655883789,99.8306655883789,99.93582153320312,0.0012852135114371777,0.12852135300636292,36.001224517822266,-36.001060485839844,0.007601254153996706,0.0075485738925635815,0.007191522978246212,99.23987579345703,99.2451400756836,99.28084564208984,0.00025107007240876555,0.0251070074737072,-15.451855659484863
92,0,Vocal,42.65655517578125,-42.655635833740234,0.0024462647270411253,0.0024462647270411253,0.0027923844754695892,99.75537109375,99.75537109375,99.72076416015625,5.42660454811994e-05,0.005426604766398668,37.26327896118164,-37.2624626159668,0.014036286622285843,0.013870404101908207,0.014118490740656853,98.59636688232422,98.61296081542969,98.58815002441406,0.00018774598720483482,0.018774598836898804,-25.86805534362793
92,1,Bass,8.738259315490723,-8.73825740814209,0.144558385014534,0.14455823600292206,0.14993269741535187,85.5441665649414,85.54417419433594,85.00672912597656,0.11794266849756241,11.794266700744629,27.12999725341797,-27.13001251220703,0.013157857581973076,0.013053754344582558,0.012682278640568256,98.68421936035156,98.69462585449219,98.73177337646484,0.0019326565088704228,0.1932656466960907,-9.406852722167969
92,2,Drums,43.393394470214844,-43.39347457885742,0.002901239786297083,0.0029012244194746017,0.0031076245941221714,99.70987701416016,99.70987701416016,99.68923950195312,4.577650179271586e-05,0.004577650222927332,48.48136901855469,-48.481719970703125,0.01036819163709879,0.010274096392095089,0.010293425060808659,98.96318054199219,98.97258758544922,98.97065734863281,1.4217175703379326e-05,0.0014217175776138902,-17.467266082763672
93,0,Vocal,25.928794860839844,-25.928762435913086,0.02924705669283867,0.029243532568216324,0.028791554272174835,97.0752944946289,97.07564544677734,97.12084197998047,0.0025469523388892412,0.25469523668289185,35.694644927978516,-35.694664001464844,0.037604041397571564,0.036256492137908936,0.03721676766872406,96.23959350585938,96.37435150146484,96.2783203125,0.00026941063697449863,0.02694106288254261,-10.735219955444336
93,1,Bass,16.22195053100586,-16.221942901611328,0.12937819957733154,0.1293591409921646,0.12586082518100739,87.06217956542969,87.0640869140625,87.4139175415039,0.023311011493206024,2.331101179122925,42.48345947265625,-42.4799690246582,0.0017772457795217633,0.0017752761486917734,0.0022985900286585093,99.82227325439453,99.82247161865234,99.7701416015625,5.649686499964446e-05,0.005649686325341463,-1.424731731414795
93,2,Drums,41.583641052246094,-41.58195114135742,0.0008889096206985414,0.0008889055461622775,0.0011729206889867783,99.9111099243164,99.9111099243164,99.8827133178711,6.944032065803185e-05,0.006944031920284033,49.94266891479492,-49.913856506347656,0.005779036786407232,0.005750059150159359,0.006023791618645191,99.4220962524414,99.42499542236328,99.39762115478516,1.0161951649934053e-05,0.0010161951649934053,-14.204959869384766
94,0,Vocal,32.94723129272461,-32.946903228759766,0.007854337804019451,0.007854118943214417,0.006963036488741636,99.21456909179688,99.21459197998047,99.30369567871094,0.0005070167244412005,0.050701674073934555,35.06581497192383,-35.06582260131836,0.014984240755438805,0.014762460254132748,0.015479090623557568,98.50157165527344,98.52375030517578,98.45208740234375,0.0003113482380285859,0.031134823337197304,-18.38239288330078
94,1,Bass,13.43560791015625,-13.435609817504883,0.08677239716053009,0.08676404505968094,0.09129823744297028,91.32276153564453,91.32359313964844,90.87017822265625,0.04336938261985779,4.336938381195068,40.630149841308594,-40.63480758666992,0.002243200084194541,0.002240238944068551,0.0029487027786672115,99.77568054199219,99.7759780883789,99.70513153076172,8.64417597767897e-05,0.008644175715744495,-0.4373452961444855
94,2,Drums,30.081546783447266,-30.081493377685547,0.0024106097407639027,0.002410593908280134,0.00230118609033525,99.75894165039062,99.75894165039062,99.76988220214844,0.0009804266737774014,0.09804266691207886,46.41511535644531,-46.414100646972656,0.008401064202189445,0.00833799410611391,0.008580228313803673,99.15989685058594,99.16619873046875,99.14198303222656,2.283520734636113e-05,0.0022835207637399435,-6.220486164093018
95,0,Vocal,20.84899139404297,-20.849002838134766,0.057260286062955856,0.057249147444963455,0.06210070848464966,94.27397155761719,94.27508544921875,93.78993225097656,0.008157220669090748,0.8157220482826233,23.46017837524414,-23.460168838500977,0.11327842622995377,0.10148526728153229,0.1036742627620697,88.67215728759766,89.85147094726562,89.632568359375,0.004487787373363972,0.44877874851226807,-17.915803909301758
95,1,Bass,14.935956001281738,-14.935968399047852,0.08066987991333008,0.08066366612911224,0.08110146969556808,91.93301391601562,91.93363189697266,91.88985443115234,0.031094634905457497,3.1094634532928467,41.944976806640625,-41.94578170776367,0.0020820486824959517,0.002079539932310581,0.002761066658422351,99.79179382324219,99.79204559326172,99.72389221191406,6.387192843249068e-05,0.006387192755937576,-0.6022252440452576
95,2,Drums,30.07230567932129,-30.072357177734375,7.420917972922325e-05,7.420888869091868e-05,0.0,99.9925765991211,99.9925765991211,100.0,0.0009825394954532385,0.09825395047664642,44.198829650878906,-44.197505950927734,0.010963189415633678,0.010854513384401798,0.011111252941191196,98.90367889404297,98.91454315185547,98.88887023925781,3.8032419979572296e-05,0.0038032419979572296,-8.421619415283203
96,0,Vocal,18.402013778686523,-18.402013778686523,0.0035310126841068268,0.0035310103558003902,0.004444937687367201,99.64689636230469,99.64689636230469,99.55550384521484,0.014241928234696388,1.4241927862167358,37.640480041503906,-37.64048767089844,0.017978690564632416,0.01766514778137207,0.01804080791771412,98.20213317871094,98.23348236083984,98.19591522216797,0.0001721556909615174,0.01721556857228279,-1.2658766508102417
96,1,Bass,18.619640350341797,-18.61964988708496,0.008942577987909317,0.008942567743360996,0.06859520822763443,99.10574340820312,99.10574340820312,93.1404800415039,0.013555335812270641,1.3555335998535156,44.12458419799805,-44.12622833251953,0.00029951546457596123,0.00029944494599476457,7.244281732710078e-05,99.97004699707031,99.97005462646484,99.99275970458984,3.872733213938773e-05,0.003872733097523451,-2.0426104068756104
96,2,Drums,28.218734741210938,-28.21866226196289,0.0005783052765764296,0.000578305043745786,0.021247869357466698,99.94216918945312,99.94216918945312,97.87521362304688,0.0015047701308503747,0.15047700703144073,39.32191848754883,-39.32093048095703,0.005999382119625807,0.005963779520243406,0.005193070508539677,99.40006256103516,99.40361785888672,99.48069763183594,0.0001169205061160028,0.011692050844430923,-11.462546348571777
97,0,Vocal,18.445314407348633,-18.44530487060547,0.005299640353769064,0.005299640353769064,0.006249230820685625,99.47003936767578,99.47003936767578,99.37507629394531,0.014102673158049583,1.4102673530578613,40.100990295410156,-40.1014518737793,0.020024536177515984,0.019635507836937904,0.020599231123924255,97.99754333496094,98.03645324707031,97.94007873535156,9.768950985744596e-05,0.009768950752913952,1.1434513330459595
97,1,Bass,21.401020050048828,-21.401033401489258,0.005956032779067755,0.005956023465842009,0.06520792841911316,99.4043960571289,99.40440368652344,93.47920227050781,0.007190566044300795,0.7190566062927246,50.51530456542969,-50.48030471801758,0.00037652021273970604,0.00037640947266481817,0.0,99.96234893798828,99.96235656738281,100.0,8.902609806682449e-06,0.0008902609697543085,1.4674806594848633
97,2,Drums,26.948631286621094,-26.948633193969727,0.0015724912518635392,0.0015724912518635392,0.030823931097984314,99.8427505493164,99.8427505493164,96.9176025390625,0.00201491080224514,0.2014910876750946,41.87265396118164,-41.869850158691406,0.011989075690507889,0.011847554706037045,0.012752962298691273,98.80109405517578,98.81524658203125,98.7247085571289,6.499391020042822e-05,0.006499391049146652,-7.635988712310791
98,0,Vocal,33.25625228881836,-33.256324768066406,0.001114754704758525,0.001114754704758525,0.0013054229784756899,99.8885269165039,99.8885269165039,99.86946105957031,0.00047223136061802506,0.04722313582897186,56.44935607910156,-56.42478942871094,0.007757307030260563,0.007698520552366972,0.00796307809650898,99.2242660522461,99.23014831542969,99.20369720458984,2.2820552203484112e-06,0.00022820552112534642,2.648883104324341
98,1,Bass,10.847824096679688,-10.847822189331055,0.059914641082286835,0.05991463363170624,0.07557335495948792,94.00853729248047,94.00853729248047,92.44266510009766,0.07601233571767807,7.60123348236084,42.05577087402344,-42.05466842651367,0.002949928632006049,0.0029432529117912054,0.003519057296216488,99.70500183105469,99.70567321777344,99.6480941772461,6.230507278814912e-05,0.006230507045984268,3.5724942684173584
98,2,Drums,34.281227111816406,-34.28136444091797,0.005847504828125238,0.005847496446222067,0.005885787773877382,99.41524505615234,99.41524505615234,99.41142272949219,0.00037299899850040674,0.037299901247024536,51.491703033447266,-51.47855758666992,0.015910083428025246,0.015665678307414055,0.015583149157464504,98.40898895263672,98.43343353271484,98.44168090820312,7.086394816724351e-06,0.0007086395053192973,-5.343615531921387
99,0,Vocal,18.42558479309082,-18.425582885742188,0.005487388465553522,0.005487388465553522,0.006154720671474934,99.45126342773438,99.45126342773438,99.38452911376953,0.014165961183607578,1.4165961742401123,45.66696548461914,-45.66524887084961,0.020143043249845505,0.019751569256186485,0.020564034581184387,97.9856948852539,98.02484130859375,97.94359588623047,2.7104204491479322e-05,0.0027104204054921865,6.732789039611816
99,1,Bass,21.509790420532227,-21.5097713470459,0.0057766856625676155,0.005776681005954742,0.06360514461994171,99.42233276367188,99.42233276367188,93.63948822021484,0.007014001719653606,0.7014001607894897,49.36913299560547,-49.3782844543457,0.0003727265284396708,0.00037264241836965084,0.0,99.96273040771484,99.96273803710938,100.0,1.1546110727067571e-05,0.0011546111200004816,0.2278597056865692
99,2,Drums,26.40665054321289,-26.40658950805664,0.0014784714439883828,0.0014784712111577392,0.03109072893857956,99.8521499633789,99.8521499633789,96.89093017578125,0.0022821668535470963,0.22821667790412903,39.937164306640625,-39.93686294555664,0.01196797750890255,0.011825403198599815,0.01224502269178629,98.80320739746094,98.81745910644531,98.77549743652344,0.00010145952546736225,0.010145952925086021,-9.03200912475586
100,0,Vocal,11.532645225524902,-11.532651901245117,0.0989711806178093,0.0989711806178093,0.10281763225793839,90.1028823852539,90.1028823852539,89.71823120117188,0.06565143167972565,6.56514310836792,35.131168365478516,-35.131309509277344,0.44507932662963867,0.3066672682762146,0.3097881078720093,55.4920654296875,69.3332748413086,69.02118682861328,0.00030671688728034496,0.03067168965935707,3.0637409687042236
100,1,Bass,17.345090866088867,-17.345088958740234,0.08681458979845047,0.08681457489728928,0.08840171247720718,91.31854248046875,91.31854248046875,91.15982818603516,0.018095096573233604,1.8095096349716187,48.66779327392578,-48.656517028808594,0.0014189118519425392,0.0014172120718285441,0.0017977909883484244,99.85810852050781,99.8582763671875,99.82022094726562,1.358504050585907e-05,0.0013585040578618646,3.53218150138855
100,2,Drums,43.130088806152344,-43.13064193725586,0.0003862472658511251,0.00038624723674729466,0.0009975708089768887,99.96138000488281,99.96138000488281,99.9002456665039,4.865447408519685e-05,0.004865447524935007,40.966094970703125,-40.965023040771484,0.0074556246399879456,0.007399836555123329,0.007452261634171009,99.25443267822266,99.26001739501953,99.25477600097656,8.006364078028128e-05,0.008006364107131958,-24.72000503540039
101,0,Vocal,20.01587677001953,-20.015886306762695,0.015097066760063171,0.015097049064934254,0.011063500307500362,98.49029541015625,98.49029541015625,98.89364624023438,0.00986520666629076,0.9865206480026245,36.86308288574219,-36.86355972290039,0.04149099811911583,0.03986106812953949,0.04073280468583107,95.85090637207031,96.0138931274414,95.92671966552734,0.00020584987942129374,0.020584987476468086,-3.641115188598633
101,1,Bass,18.75495719909668,-18.754995346069336,0.021997643634676933,0.021997641772031784,0.0,97.80023956298828,97.80023956298828,100.0,0.013144868426024914,1.3144868612289429,46.34760284423828,-46.350746154785156,0.0007677841931581497,0.0007675273809581995,0.0014956925297155976,99.92322540283203,99.92324829101562,99.85042572021484,2.321371721336618e-05,0.0023213718086481094,-0.020309699699282646
101,2,Drums,35.032676696777344,-35.03168487548828,0.0005340943462215364,0.0005340825882740319,0.001130688819102943,99.94658660888672,99.94659423828125,99.88693237304688,0.0003137867897748947,0.03137867897748947,45.9529914855957,-45.95689392089844,0.006817542482167482,0.006776557303965092,0.006901574321091175,99.31824493408203,99.32234191894531,99.30984497070312,2.5373619791935198e-05,0.0025373620446771383,-11.625843048095703
102,0,Vocal,32.965660095214844,-32.96525192260742,0.02271454967558384,0.0227145217359066,0.023546259850263596,97.72854614257812,97.72855377197266,97.64537048339844,0.0005049509345553815,0.05049509182572365,33.616249084472656,-33.615447998046875,0.04620974883437157,0.04417087882757187,0.04540727660059929,95.3790283203125,95.58291625976562,95.45927429199219,0.0004347260983195156,0.04347261041402817,-19.856428146362305
102,1,Bass,11.897887229919434,-11.897886276245117,0.042187586426734924,0.04218628257513046,0.0951140746474266,95.78124237060547,95.7813720703125,90.48859405517578,0.060677364468574524,6.067736625671387,39.79902648925781,-39.79812240600586,0.0020835280884057283,0.00208115903660655,0.005014159716665745,99.7916488647461,99.79188537597656,99.49858093261719,0.00010478239710209891,0.010478239506483078,-0.051580674946308136
102,2,Drums,35.118526458740234,-35.1183967590332,0.0002607839705888182,0.000260775035712868,0.005520721897482872,99.97392272949219,99.97392272949219,99.44792938232422,0.0003076285938732326,0.03076285868883133,38.206764221191406,-38.20659637451172,0.006531506776809692,0.006494067143648863,0.0074348668567836285,99.34685516357422,99.35059356689453,99.25651550292969,0.00015113739937078208,0.015113740228116512,-19.459823608398438
103,0,Vocal,32.45152282714844,-32.4515380859375,0.0019569694995880127,0.0019569694995880127,0.0024170817341655493,99.80430603027344,99.80430603027344,99.75829315185547,0.0005683063063770533,0.05683062970638275,49.84165954589844,-49.823326110839844,0.007562759332358837,0.0075080059468746185,0.007491031661629677,99.24372100830078,99.24919891357422,99.25089263916016,1.0373764780524652e-05,0.0010373764671385288,-3.1234512329101562
103,1,Bass,13.4942626953125,-13.494260787963867,0.05261402577161789,0.052613962441682816,0.043389786034822464,94.73859405517578,94.73860168457031,95.66101837158203,0.042812589555978775,4.281259059906006,45.29225158691406,-45.289093017578125,0.001880189054645598,0.0018777890363708138,0.0017924315761774778,99.81198120117188,99.81222534179688,99.82075500488281,2.957754986709915e-05,0.0029577550012618303,4.11641263961792
103,2,Drums,31.789140701293945,-31.789161682128906,0.007804331835359335,0.007804331369698048,0.009969990700483322,99.21956634521484,99.21956634521484,99.00299835205078,0.0006618811166845262,0.06618811190128326,46.129859924316406,-46.12914276123047,0.013580388389527798,0.013399859890341759,0.013738208450376987,98.64196014404297,98.66001892089844,98.62617492675781,2.4406448574154638e-05,0.002440644893795252,-8.217637062072754
104,0,Vocal,-10.409599304199219,10.409599304199219,0.9411312937736511,0.9411296844482422,0.9511793851852417,5.886870384216309,5.887031555175781,4.88206148147583,0.9165905117988586,91.65904998779297,17.100553512573242,-17.100557327270508,2.4016261100769043,0.7066179513931274,0.714823305606842,-140.16261291503906,29.338205337524414,28.517669677734375,0.019123157486319542,1.9123157262802124,-3.4898605346679688
104,1,Bass,15.750740051269531,-15.750743865966797,0.4209505319595337,0.4209425747394562,0.4274086654186249,57.904945373535156,57.90574645996094,57.259132385253906,0.025913367047905922,2.591336727142334,42.51106262207031,-42.5107421875,0.0013501379871740937,0.0013491230783984065,0.002112498041242361,99.86498260498047,99.86508178710938,99.78874969482422,5.611471351585351e-05,0.005611471366137266,-0.9271222949028015
104,2,Drums,45.68610382080078,-45.674930572509766,6.025944821885787e-05,6.0257876612013206e-05,0.0,99.99397277832031,99.99397277832031,100.0,2.702458186831791e-05,0.002702458295971155,52.42446517944336,-52.43635177612305,0.0034458942245692015,0.0034325686283409595,0.003652445273473859,99.65541076660156,99.65674591064453,99.63475799560547,5.734317710448522e-06,0.0005734317819587886,-15.823881149291992
105,0,Vocal,11.514106750488281,-11.514104843139648,0.09370846301317215,0.09370846301317215,0.10384103655815125,90.62915802001953,90.62915802001953,89.61589050292969,0.06591382622718811,6.5913825035095215,40.05879211425781,-40.05708312988281,0.04205124452710152,0.04043486341834068,0.041368674486875534,95.79487609863281,95.95651245117188,95.8631362915039,9.863570448942482e-05,0.00986357033252716,8.058244705200195
105,1,Bass,18.07042121887207,-18.070423126220703,0.21612530946731567,0.21612514555454254,0.235958993434906,78.38746643066406,78.38748931884766,76.40409851074219,0.015354583971202374,1.5354584455490112,40.82920837402344,-40.830543518066406,0.0011930124601349235,0.0011922693811357021,0.001834264025092125,99.88069915771484,99.88077545166016,99.81657409667969,8.259731839643791e-05,0.008259732276201248,-4.571290969848633
105,2,Drums,38.34428024291992,-38.34369659423828,0.0018335094209760427,0.0018335094209760427,0.0023718615993857384,99.816650390625,99.816650390625,99.7628173828125,0.0001464431406930089,0.014644313603639603,41.98568344116211,-41.985050201416016,0.0069726742804050446,0.006925099529325962,0.006610582582652569,99.302734375,99.30748748779297,99.33894348144531,6.331968324957415e-05,0.006331968121230602,-18.90989875793457
106,0,Vocal,11.63980484008789,-11.639805793762207,0.37006235122680664,0.3700610399246216,0.36786916851997375,62.99376678466797,62.993896484375,63.21308517456055,0.06415404379367828,6.415404319763184,38.824378967285156,-38.82118606567383,0.08976273238658905,0.08239712566137314,0.08408799022436142,91.02372741699219,91.76029205322266,91.59120178222656,0.00013111393491271883,0.01311139389872551,6.673381805419922
106,1,Bass,13.493023872375488,-13.493021965026855,0.40530601143836975,0.405304878950119,0.3958931863307953,59.46940231323242,59.46950912475586,60.41067886352539,0.042824212461709976,4.282421112060547,39.16743850708008,-39.16814422607422,0.0011157965054735541,0.0011150152422487736,0.00175206339918077,99.88842010498047,99.88849639892578,99.82479095458984,0.0001211075868923217,0.012110758572816849,-1.679505467414856
106,2,Drums,44.13798904418945,-44.139156341552734,0.00026006708503700793,0.000260067026829347,0.00047520920634269714,99.97399139404297,99.97399139404297,99.95247650146484,3.857306728605181e-05,0.00385730667039752,42.00617980957031,-42.005401611328125,0.004007886163890362,0.003992432728409767,0.0033311890438199043,99.59921264648438,99.60075378417969,99.66688537597656,6.298576045082882e-05,0.006298576015979052,-24.68812370300293
107,0,Vocal,18.477882385253906,-18.47786521911621,0.042012229561805725,0.04201222583651543,0.042589183896780014,95.79878234863281,95.79878234863281,95.74108123779297,0.013998758979141712,1.3998758792877197,36.9443244934082,-36.94393539428711,0.03428487107157707,0.033185359090566635,0.034132879227399826,96.5715103149414,96.68146514892578,96.58670806884766,0.0002020859974436462,0.02020859904587269,-2.0435030460357666
107,1,Bass,20.25625991821289,-20.256263732910156,0.22868263721466064,0.22868220508098602,0.23271344602108002,77.1317367553711,77.13177490234375,76.72865295410156,0.00933899823576212,0.9338998198509216,36.472450256347656,-36.47453689575195,0.001832425594329834,0.0018308162689208984,0.0009488104842603207,99.81675720214844,99.8169174194336,99.90512084960938,0.00022521191567648202,0.022521192207932472,-11.434847831726074
107,2,Drums,29.18221664428711,-29.18218421936035,0.0003055775596294552,0.00030557738500647247,0.0,99.96944427490234,99.96944427490234,100.0,0.0012057399144396186,0.120573990046978,43.10355758666992,-43.1031608581543,0.005526880733668804,0.005497660022228956,0.005645128898322582,99.44731140136719,99.45023345947266,99.43548583984375,4.895923484582454e-05,0.004895923659205437,-8.634068489074707
108,0,Vocal,18.545000076293945,-18.54499053955078,0.11805585771799088,0.11805535107851028,0.1198744922876358,88.19441223144531,88.19446563720703,88.0125503540039,0.01378700602799654,1.378700613975525,40.85120391845703,-40.85184097290039,0.051026251167058945,0.048764050006866455,0.05013448745012283,94.89737701416016,95.12359619140625,94.9865493774414,8.217238791985437e-05,0.008217238821089268,1.897254467010498
108,1,Bass,9.609918594360352,-9.609918594360352,0.39858150482177734,0.3985607326030731,0.396977037191391,60.141849517822266,60.143924713134766,60.30229187011719,0.09860997647047043,9.860997200012207,36.50939178466797,-36.50905227661133,0.0033168941736221313,0.0033105150796473026,0.00560327572748065,99.6683120727539,99.66895294189453,99.4396743774414,0.00022333981178235263,0.022333981469273567,-0.7169426083564758
108,2,Drums,38.59733963012695,-38.59669876098633,0.0007883468642830849,0.000788346806075424,0.0011339995544403791,99.9211654663086,99.9211654663086,99.88660430908203,0.0001381394686177373,0.013813946396112442,44.87512969970703,-44.871768951416016,0.006751153152436018,0.006707617547363043,0.00758505379781127,99.32488250732422,99.32923889160156,99.24149322509766,3.255960109527223e-05,0.003255960065871477,-16.277280807495117
109,0,Vocal,13.046279907226562,-13.04627799987793,0.4145912230014801,0.4145897626876831,0.4186447858810425,58.5408821105957,58.54102325439453,58.135520935058594,0.04724476486444473,4.724476337432861,35.35906982421875,-35.35936737060547,0.11983120441436768,0.10706436634063721,0.11001293361186981,88.01687622070312,89.29356384277344,88.99870300292969,0.0002910368493758142,0.029103685170412064,1.8327137231826782
109,1,Bass,17.59436798095703,-17.59436798095703,0.3656121790409088,0.36561205983161926,0.36705851554870605,63.438785552978516,63.43879699707031,63.29414749145508,0.017102986574172974,1.7102986574172974,39.83128356933594,-39.83125686645508,0.0019702117424458265,0.001969104167073965,0.0018818288808688521,99.802978515625,99.80309295654297,99.81181335449219,0.0001039573980960995,0.010395740158855915,-5.252525806427002
109,2,Drums,35.71101379394531,-35.71087646484375,0.00025517260655760765,0.0002551725774537772,0.0,99.97447967529297,99.97447967529297,100.0,0.00026841292856261134,0.026841292157769203,47.623146057128906,-47.616607666015625,0.00423034094274044,0.0042129382491111755,0.004586242605000734,99.57696533203125,99.57870483398438,99.5413818359375,1.7269050658796914e-05,0.0017269051168113947,-10.645417213439941
110,0,Vocal,17.210561752319336,-17.210567474365234,0.16834543645381927,0.16834530234336853,0.16912059485912323,83.16545104980469,83.16546630859375,83.08793640136719,0.018653791397809982,1.8653790950775146,34.846099853515625,-34.84590148925781,0.06076594069600105,0.057531148195266724,0.05868881568312645,93.92340850830078,94.24688720703125,94.13111877441406,0.0003275143390055746,0.03275143355131149,-2.8098301887512207
110,1,Bass,17.07259750366211,-17.072599411010742,0.223044753074646,0.2230430394411087,0.22103720903396606,77.69552612304688,77.69569396972656,77.89627838134766,0.019244298338890076,1.9244298934936523,47.461456298828125,-47.45726776123047,0.000918777659535408,0.0009182135108858347,0.0012570364633575082,99.90811920166016,99.9081802368164,99.8742904663086,1.7973638023249805e-05,0.0017973638605326414,2.6840829849243164
110,2,Drums,39.619842529296875,-39.6191520690918,0.0013966046972200274,0.0013966035330668092,0.0011215306585654616,99.86034393310547,99.86034393310547,99.88784790039062,0.00010918742191279307,0.010918742045760155,43.61378479003906,-43.611915588378906,0.006545014213770628,0.006502089090645313,0.006344400811940432,99.34549713134766,99.34979248046875,99.36556243896484,4.3541938794078305e-05,0.004354193806648254,-18.57530403137207
111,0,Vocal,15.971298217773438,-15.97128963470459,0.15962570905685425,0.1596238762140274,0.16421709954738617,84.03742980957031,84.03761291503906,83.57828521728516,0.024661874398589134,2.4661874771118164,40.80109405517578,-40.80023956298828,0.03825342655181885,0.03695904463529587,0.038285184651613235,96.1746597290039,96.30409240722656,96.17147827148438,8.315419836435467e-05,0.008315419778227806,4.351385116577148
111,1,Bass,18.72209358215332,-18.722097396850586,0.34289035201072693,0.3428877890110016,0.33907824754714966,65.7109603881836,65.71122741699219,66.09217834472656,0.013243439607322216,1.3243439197540283,41.01487731933594,-41.015567779541016,0.0014815059257671237,0.0014806685503572226,0.0017518146196380258,99.85184478759766,99.85193634033203,99.82481384277344,7.914246089057997e-05,0.007914246059954166,-5.204719066619873
111,2,Drums,40.06141662597656,-40.065765380859375,0.0009305329876951873,0.0009305321727879345,0.0016933104488998652,99.90694427490234,99.90694427490234,99.8306655883789,9.853490337263793e-05,0.009853490628302097,45.39862060546875,-45.39545440673828,0.0041979956440627575,0.004181162919849157,0.004001646768301725,99.5802001953125,99.5818862915039,99.59983825683594,2.883973684220109e-05,0.002883973764255643,-17.220834732055664
112,0,Vocal,22.306598663330078,-22.306560516357422,0.00843312218785286,0.00843312218785286,0.009093545377254486,99.15669250488281,99.15669250488281,99.09064483642578,0.005845129489898682,0.5845129489898682,47.965782165527344,-47.97278594970703,0.022424818947911263,0.02194015309214592,0.022480791434645653,97.75751495361328,97.80598449707031,97.75192260742188,1.5992774933693e-05,0.0015992774860933423,5.141976833343506
112,1,Bass,25.570369720458984,-25.570274353027344,0.038808055222034454,0.038807887583971024,0.039779406040906906,96.11919403076172,96.11921691894531,96.02205657958984,0.002765463897958398,0.2765463888645172,50.37195587158203,-50.36454772949219,0.0005393220344558358,0.0005391669692471623,0.000815780833363533,99.9460678100586,99.94608306884766,99.91841888427734,9.154174222203437e-06,0.0009154174476861954,-2.9582059383392334
112,2,Drums,32.192771911621094,-32.19257736206055,0.0017877116333693266,0.0017877115169540048,0.00046602103975601494,99.82122802734375,99.82122802734375,99.9533920288086,0.0006032249075360596,0.060322489589452744,41.977508544921875,-41.97882080078125,0.008849757723510265,0.00877606775611639,0.008538976311683655,99.11502838134766,99.12239074707031,99.14610290527344,6.344122812151909e-05,0.006344122812151909,-12.768023490905762
113,0,Vocal,33.875221252441406,-33.87531280517578,0.006321496330201626,0.006321496330201626,0.00597715936601162,99.36785125732422,99.36785125732422,99.40228271484375,0.00040951886330731213,0.04095188528299332,45.15436553955078,-45.168243408203125,0.012712806463241577,0.012559494934976101,0.012542723678052425,98.72871398925781,98.74404907226562,98.7457275390625,3.0483099180855788e-05,0.00304830982349813,-9.203420639038086
113,1,Bass,16.56486701965332,-16.564868927001953,0.05210795998573303,0.0521075502038002,0.05317665636539459,94.7892074584961,94.78924560546875,94.68233489990234,0.02157936431467533,2.1579363346099854,44.68069076538086,-44.67926025390625,0.0009758550440892577,0.0009753112099133432,0.0013560366351157427,99.90241241455078,99.9024658203125,99.86439514160156,3.399261913727969e-05,0.00339926197193563,0.3382222354412079
113,2,Drums,33.85063171386719,-33.85037612915039,0.0007494100136682391,0.0007494087913073599,0.0,99.92505645751953,99.92505645751953,100.0,0.00041185913141816854,0.04118591174483299,49.06651306152344,-49.06619644165039,0.009592786431312561,0.009502734988927841,0.00993494875729084,99.04072570800781,99.04972839355469,99.00650024414062,1.2435418284439947e-05,0.0012435418320819736,-7.345152854919434
114,0,Vocal,14.935705184936523,-14.935708045959473,0.012343078851699829,0.012343071401119232,0.013094178400933743,98.76569366455078,98.76569366455078,98.69058227539062,0.031096376478672028,3.10963773727417,42.29498291015625,-42.29362106323242,0.03531082719564438,0.03410983458161354,0.034880127757787704,96.46891784667969,96.58901977539062,96.51199340820312,5.893537309020758e-05,0.005893537309020758,6.856453895568848
114,1,Bass,18.18946075439453,-18.189453125,0.04006455838680267,0.04006410390138626,0.053369779139757156,95.99354553222656,95.99359130859375,94.66302490234375,0.01494565885514021,1.4945658445358276,48.391075134277344,-48.38466262817383,0.00085657206363976,0.0008562506409361959,0.00044340488966554403,99.91434478759766,99.91437530517578,99.95565795898438,1.4487039152299985e-05,0.0014487039297819138,2.5160396099090576
114,2,Drums,29.57421875,-29.574155807495117,0.0009095965651795268,0.0009095965651795268,0.0010596737265586853,99.90904235839844,99.90904235839844,99.89403533935547,0.001101798377931118,0.1101798415184021,40.167747497558594,-40.1683349609375,0.008837311528623104,0.008761816658079624,0.010242987424135208,99.11627197265625,99.12381744384766,98.97570037841797,9.61778569035232e-05,0.009617785923182964,-11.952472686767578
115,0,Vocal,24.64767837524414,-24.64764404296875,0.006021270994096994,0.006021270994096994,0.006350334733724594,99.39787292480469,99.39787292480469,99.3649673461914,0.0034178136847913265,0.3417813777923584,49.324588775634766,-49.314659118652344,0.015702953562140465,0.015462595038115978,0.015868479385972023,98.42970275878906,98.45374298095703,98.41315460205078,1.1680705028993543e-05,0.0011680704774335027,4.166771411895752
115,1,Bass,17.371829986572266,-17.371829986572266,0.03499534726142883,0.03499516472220421,0.033436425030231476,96.5004653930664,96.50048828125,96.65635681152344,0.017986025661230087,1.79860258102417,43.685768127441406,-43.68558883666992,0.0007345625199377537,0.0007340686279349029,0.0007865056395530701,99.92654418945312,99.92658996582031,99.92134857177734,4.2782943637575954e-05,0.004278294276446104,-1.2824434041976929
115,2,Drums,28.417177200317383,-28.417057037353516,0.0019997272174805403,0.0019997272174805403,0.0009639281197451055,99.8000259399414,99.8000259399414,99.90361022949219,0.0014376855688169599,0.1437685638666153,39.65318298339844,-39.65275192260742,0.008770211599767208,0.008695656433701515,0.008936379104852676,99.12297821044922,99.13043212890625,99.10636138916016,0.00010832082625711337,0.010832082480192184,-11.304327964782715
116,0,Vocal,25.78339385986328,-25.783414840698242,0.0056263054721057415,0.005626297555863857,0.006358128506690264,99.43737030029297,99.43737030029297,99.36418151855469,0.002633391646668315,0.26333916187286377,43.67972946166992,-43.67381286621094,0.016210105270147324,0.015954289585351944,0.016367362812161446,98.37899017333984,98.40457153320312,98.36326599121094,4.288747368264012e-05,0.004288747441023588,-2.6147966384887695
116,1,Bass,20.360097885131836,-20.360097885131836,0.03696385771036148,0.03696385771036148,0.035873204469680786,96.3036117553711,96.3036117553711,96.41268157958984,0.00912033673375845,0.9120336771011353,43.15678405761719,-43.15816879272461,0.0012895680265501142,0.0012887852499261498,0.001613166183233261,99.87104797363281,99.87112426757812,99.83868408203125,4.832195190829225e-05,0.004832195118069649,-4.800953388214111
116,2,Drums,26.941041946411133,-26.941070556640625,0.0019341778242960572,0.0019341770093888044,0.0007397665176540613,99.80657958984375,99.80657958984375,99.926025390625,0.0020184668246656656,0.20184668898582458,38.19991683959961,-38.2005615234375,0.013068022206425667,0.012904597446322441,0.012512937188148499,98.69319915771484,98.70954132080078,98.74871063232422,0.00015131235704757273,0.015131236054003239,-11.27947998046875
117,0,Vocal,26.769437789916992,-26.769432067871094,0.014379302971065044,0.014379293657839298,0.015045308507978916,98.56206512451172,98.56206512451172,98.49546813964844,0.002099637407809496,0.20996373891830444,44.94731903076172,-44.94683074951172,0.023890571668744087,0.02333645150065422,0.023983974009752274,97.61094665527344,97.66635131835938,97.60160827636719,3.20382350764703e-05,0.0032038234639912844,-2.342315912246704
117,1,Bass,19.643409729003906,-19.643409729003906,0.03780236467719078,0.03780236095190048,0.03711064159870148,96.21976470947266,96.21976470947266,96.2889404296875,0.010739165358245373,1.0739165544509888,47.49040985107422,-47.486541748046875,0.0005929452599957585,0.0005927476449869573,0.0009012926602736115,99.94070434570312,99.94071960449219,99.90987396240234,1.786736902431585e-05,0.0017867368878796697,0.1682785153388977
117,2,Drums,33.875221252441406,-33.87495040893555,0.002191605744883418,0.0021916052792221308,0.0016913576982915401,99.78083801269531,99.78083801269531,99.83086395263672,0.00040956417797133327,0.040956418961286545,46.794036865234375,-46.782955169677734,0.009781569242477417,0.00969370175153017,0.009886547923088074,99.02184295654297,99.03063201904297,99.01134490966797,2.09486697713146e-05,0.002094866940751672,-9.627175331115723
118,0,Vocal,26.453857421875,-26.453834533691406,0.006569738034158945,0.006569738034158945,0.007088627200573683,99.34302520751953,99.34302520751953,99.2911376953125,0.002257509855553508,0.22575098276138306,52.515899658203125,-52.500457763671875,0.01610560156404972,0.0158555805683136,0.016224995255470276,98.38944244384766,98.41444396972656,98.37750244140625,5.633741238852963e-06,0.0005633741384372115,5.533618927001953
118,1,Bass,20.38189125061035,-20.381868362426758,0.05121186375617981,0.051211852580308914,0.047498419880867004,94.87881469726562,94.87881469726562,95.25016021728516,0.009075146168470383,0.9075146317481995,46.151153564453125,-46.14661407470703,0.0008281385526061058,0.0008276554872281849,0.0007388844969682395,99.91718292236328,99.917236328125,99.92611694335938,2.4301838493556716e-05,0.0024301838129758835,-1.9195103645324707
118,2,Drums,34.97936248779297,-34.97938537597656,0.001152487238869071,0.001152487238869071,0.0,99.88475036621094,99.88475036621094,100.0,0.0003176602185703814,0.031766023486852646,42.28620910644531,-42.2859992980957,0.00838195439428091,0.008314481005072594,0.008480357937514782,99.16180419921875,99.16854858398438,99.15196228027344,5.908639286644757e-05,0.005908639170229435,-15.241533279418945
119,0,Vocal,23.438907623291016,-23.438894271850586,0.0036140030715614557,0.0036140030715614557,0.0012851362116634846,99.63859558105469,99.63859558105469,99.8714828491211,0.004509721416980028,0.45097213983535767,38.56000900268555,-38.55744934082031,0.02300327457487583,0.02250135876238346,0.023443499580025673,97.69966888427734,97.74986267089844,97.65564727783203,0.00013931059220340103,0.013931059278547764,-5.374996662139893
119,1,Bass,22.101810455322266,-22.10181427001953,0.04622378200292587,0.0462237223982811,0.05557556077837944,95.37762451171875,95.37763214111328,94.44244384765625,0.006125634536147118,0.61256343126297,47.66830825805664,-47.66802978515625,0.0009855424286797643,0.0009849738562479615,0.0012629361590370536,99.90144348144531,99.90150451660156,99.87370300292969,1.7158801711048e-05,0.0017158801201730967,-2.073577642440796
119,2,Drums,27.478378295898438,-27.478431701660156,0.00012065006740158424,0.00012064993643434718,0.001548534957692027,99.9879379272461,99.9879379272461,99.84514617919922,0.0017839521169662476,0.17839521169662476,43.108856201171875,-43.108360290527344,0.013205647468566895,0.013041707687079906,0.013419550843536854,98.67943572998047,98.6958236694336,98.65804290771484,4.890871423413046e-05,0.004890871234238148,-6.9212470054626465
120,0,Vocal,27.221946716308594,-27.222179412841797,0.0435214638710022,0.0435214601457119,0.04473280534148216,95.6478500366211,95.6478500366211,95.52671813964844,0.0018922026501968503,0.18922026455402374,35.16251754760742,-35.161888122558594,0.030354313552379608,0.02951459400355816,0.030143678188323975,96.96456909179688,97.04853820800781,96.98563385009766,0.0003045459452550858,0.030454594641923904,-12.56095027923584
120,1,Bass,23.236534118652344,-23.23651123046875,0.11424125730991364,0.11424097418785095,0.11342979222536087,88.57587432861328,88.57589721679688,88.65702056884766,0.004723833408206701,0.4723833501338959,45.012508392333984,-45.0092658996582,0.0019388538785278797,0.001937792869284749,0.0024257171899080276,99.80611419677734,99.80622100830078,99.7574234008789,3.1573956221109256e-05,0.003157395636662841,-5.775806903839111
120,2,Drums,37.062522888183594,-37.0618782043457,0.003575645387172699,0.003575641429051757,0.0038491906598210335,99.64244079589844,99.64244079589844,99.61508178710938,0.0001966842683032155,0.019668426364660263,51.87290954589844,-51.88336181640625,0.008558881469070911,0.008486131206154823,0.008570478297770023,99.14411163330078,99.15138244628906,99.14295196533203,6.512529125757283e-06,0.0006512529216706753,-7.752552509307861
121,0,Vocal,15.427518844604492,-15.427522659301758,0.05624552071094513,0.05624552071094513,0.058645471930503845,94.37545013427734,94.37545013427734,94.13545227050781,0.027859782800078392,2.785978317260742,43.309383392333984,-43.31153106689453,0.042765576392412186,0.0410468764603138,0.04210896044969559,95.72344207763672,95.89531707763672,95.78910827636719,4.6661309170303866e-05,0.004666130989789963,7.350698471069336
121,1,Bass,22.268634796142578,-22.268579483032227,0.1655181348323822,0.16551779210567474,0.1791704297065735,83.44818115234375,83.4482192993164,82.08295440673828,0.005896193441003561,0.5896193385124207,43.502193450927734,-43.499454498291016,0.001460262225009501,0.0014592778170481324,0.002183915115892887,99.85397338867188,99.85407257080078,99.78160858154297,4.4658005208475515e-05,0.0044658007100224495,-6.620645046234131
121,2,Drums,35.1821174621582,-35.18227005004883,0.0022282099816948175,0.002228209748864174,0.001223260536789894,99.77718353271484,99.77718353271484,99.87767028808594,0.0003031352534890175,0.03031352534890175,45.20556640625,-45.19558334350586,0.01072000339627266,0.01060901302844286,0.01041405275464058,98.9280014038086,98.93909454345703,98.9585952758789,3.0176724976627156e-05,0.0030176725704222918,-12.52453899383545
122,0,Vocal,14.83540153503418,-14.83540153503418,0.2698873281478882,0.26988285779953003,0.2760494649410248,73.01126861572266,73.01171112060547,72.39505004882812,0.031799837946891785,3.1799838542938232,28.851804733276367,-28.85173797607422,0.23566122353076935,0.19070693850517273,0.19334633648395538,76.43387603759766,80.92930603027344,80.66536712646484,0.0013009165413677692,0.13009165227413177,-6.523686408996582
122,1,Bass,20.717641830444336,-20.717628479003906,0.12669965624809265,0.12669862806797028,0.12664665281772614,87.33003234863281,87.33013916015625,87.33533477783203,0.008405652828514576,0.8405652642250061,45.434661865234375,-45.43238830566406,0.0016476698219776154,0.001646886463277042,0.0022140545770525932,99.83523559570312,99.83531188964844,99.77859497070312,2.8594902687473223e-05,0.0028594902250915766,-2.979414939880371
122,2,Drums,38.79877853393555,-38.79890823364258,0.0009877821430563927,0.0009877588599920273,0.0007680390845052898,99.9012222290039,99.9012222290039,99.9231948852539,0.00013183917326387018,0.013183916918933392,38.203338623046875,-38.20212936401367,0.00996351707726717,0.009855851531028748,0.010040744207799435,99.00364685058594,99.01441192626953,98.99592590332031,0.00015122983313631266,0.015122983604669571,-23.140684127807617
123,0,Vocal,13.736685752868652,-13.736696243286133,0.07394252717494965,0.07394226640462875,0.0747138038277626,92.60574340820312,92.60577392578125,92.52861785888672,0.04058251157402992,4.05825138092041,34.310482025146484,-34.3106803894043,0.06198303401470184,0.05854131281375885,0.059378281235694885,93.80169677734375,94.1458740234375,94.06217193603516,0.00037049766979180276,0.03704976662993431,0.09670310467481613
123,1,Bass,22.22897720336914,-22.22905921936035,0.12262841314077377,0.12262833118438721,0.11897653341293335,87.7371597290039,87.73716735839844,88.10234832763672,0.005949873011559248,0.5949872732162476,49.17218780517578,-49.145599365234375,0.0011727812234312296,0.001172221265733242,0.0015170248225331306,99.88272094726562,99.88277435302734,99.84829711914062,1.2120955943828449e-05,0.00121209560893476,-0.7545098662376404
123,2,Drums,35.6850471496582,-35.684669494628906,0.0016314289532601833,0.00163142045494169,0.002072812058031559,99.83685302734375,99.83685302734375,99.79271697998047,0.000270011747488752,0.02700117416679859,39.64363098144531,-39.643245697021484,0.009528754279017448,0.00943516194820404,0.009450046345591545,99.04712677001953,99.05648040771484,99.05500030517578,0.00010853442654479295,0.01085344236344099,-18.58970832824707
124,0,Vocal,11.19067668914795,-11.190679550170898,0.24709546566009521,0.2470952868461609,0.2740958034992218,75.29045104980469,75.29047393798828,72.59042358398438,0.07064992189407349,7.0649919509887695,33.14419174194336,-33.143592834472656,0.2780405879020691,0.218497171998024,0.2245253622531891,72.19593811035156,78.15028381347656,77.54747009277344,0.0004845982475671917,0.04845982417464256,1.4684442281723022
124,1,Bass,27.157190322875977,-27.157169342041016,0.14422984421253204,0.14422976970672607,0.149894580245018,85.57701873779297,85.5770263671875,85.01054382324219,0.0019206616561859846,0.19206616282463074,47.949607849121094,-47.93816375732422,0.0016025841468945146,0.0016016666777431965,0.002434250432997942,99.8397445678711,99.83982849121094,99.75657653808594,1.602025076863356e-05,0.0016020251205191016,-7.025158882141113
124,2,Drums,40.124900817871094,-40.123233795166016,0.0011519964318722486,0.0011519892141222954,0.0010688875336199999,99.88480377197266,99.88480377197266,99.89311218261719,9.71611007116735e-05,0.009716110303997993,43.96687316894531,-43.965641021728516,0.00917564146220684,0.009097814559936523,0.009398255497217178,99.08243560791016,99.09021759033203,99.06017303466797,4.0160251955967396e-05,0.0040160249918699265,-18.708478927612305
125,0,Vocal,30.21328353881836,-30.2132625579834,0.04457372426986694,0.04457370564341545,0.04516763612627983,95.5426254272461,95.5426254272461,95.48323822021484,0.0009511776734143496,0.09511777013540268,45.23139190673828,-45.23285675048828,0.025974223390221596,0.025349916890263557,0.026156919077038765,97.40258026123047,97.46501159667969,97.38430786132812,2.9989356335136108e-05,0.0029989355243742466,-5.481882095336914
125,1,Bass,28.824989318847656,-28.824827194213867,0.11702549457550049,0.11702518165111542,0.1103006899356842,88.29744720458984,88.29747772216797,88.96993255615234,0.0013089971616864204,0.13089971244335175,48.3554801940918,-48.39567565917969,0.002002314431592822,0.0020010892767459154,0.002379701239988208,99.79976654052734,99.79988861083984,99.76203155517578,1.4535419722960796e-05,0.0014535419177263975,-8.003458976745605
125,2,Drums,37.14091110229492,-37.14155578613281,0.002554786391556263,0.0025547861587256193,0.002617925638332963,99.74452209472656,99.74452209472656,99.73820495605469,0.00019309157505631447,0.019309157505631447,52.42446517944336,-52.41508865356445,0.008599565364420414,0.008527658879756927,0.008548397570848465,99.14004516601562,99.1472396850586,99.1451644897461,5.761112788604805e-06,0.0005761112552136183,-7.29597282409668
126,0,Vocal,19.531816482543945,-19.531858444213867,0.043665457516908646,0.043665457516908646,0.04434558376669884,95.63345336914062,95.63345336914062,95.56544494628906,0.011015537194907665,1.1015536785125732,40.13023376464844,-40.13011932373047,0.03642188757658005,0.03522942587733269,0.03623981773853302,96.3578109741211,96.47705841064453,96.37602233886719,9.707075514597818e-05,0.009707075543701649,0.11582963168621063
126,1,Bass,36.64839172363281,-36.64838790893555,0.09334864467382431,0.09334864467382431,0.09283638745546341,90.6651382446289,90.6651382446289,90.71636199951172,0.0002162958844564855,0.021629588678479195,48.725318908691406,-48.7339973449707,0.0009081467287614942,0.000907784269656986,0.0011205502087250352,99.90918731689453,99.90922546386719,99.887939453125,1.3398239389061928e-05,0.0013398239389061928,-15.590612411499023
126,2,Drums,42.96814727783203,-42.9698371887207,0.0025040360633283854,0.002504035597667098,0.002462122356519103,99.74959564208984,99.74959564208984,99.7537841796875,5.0467140681575984e-05,0.005046714097261429,40.32112121582031,-40.31957244873047,0.01147883664816618,0.01135201845318079,0.01137731783092022,98.85211944580078,98.86479949951172,98.86226654052734,9.287762804888189e-05,0.009287762455642223,-25.195709228515625
127,0,Vocal,17.500408172607422,-17.50041389465332,0.0457945354282856,0.04579450935125351,0.04423858970403671,95.42054748535156,95.42054748535156,95.57614135742188,0.017470447346568108,1.7470446825027466,37.99769592285156,-37.997161865234375,0.03942466527223587,0.03799343854188919,0.038875728845596313,96.05753326416016,96.20065307617188,96.1124267578125,0.00015853608783800155,0.015853608027100563,0.014228626154363155
127,1,Bass,27.49892234802246,-27.498960494995117,0.15803056955337524,0.15803056955337524,0.15725243091583252,84.19694519042969,84.19694519042969,84.2747573852539,0.0017755385488271713,0.17755386233329773,37.75477600097656,-37.754173278808594,0.0018717319471761584,0.0018705737311393023,0.0013077313778921962,99.81282806396484,99.81294250488281,99.86922454833984,0.00016768169007264078,0.016768168658018112,-17.442232131958008
127,2,Drums,35.34751892089844,-35.34786605834961,0.0013009780086576939,0.0013009777758270502,0.001050009741447866,99.86990356445312,99.86990356445312,99.89500427246094,0.0002918254758697003,0.029182547703385353,43.75282669067383,-43.75209045410156,0.0103886304423213,0.01028444990515709,0.010307731106877327,98.96113586425781,98.9715576171875,98.96923065185547,4.215806984575465e-05,0.0042158071883022785,-14.146941184997559
128,0,Vocal,26.83842658996582,-26.838462829589844,0.006238851230591536,0.006238851230591536,0.007311902940273285,99.37611389160156,99.37611389160156,99.26881408691406,0.002066585700958967,0.20665857195854187,31.934375762939453,-31.93425750732422,0.03732737898826599,0.03599657490849495,0.036770932376384735,96.26725769042969,96.40034484863281,96.32290649414062,0.0006401606369763613,0.06401606649160385,-15.419184684753418
128,1,Bass,32.59467697143555,-32.594642639160156,0.012453458271920681,0.012453421950340271,0.011220778338611126,98.75465393066406,98.75465393066406,98.87792205810547,0.0005499168764799833,0.05499168857932091,51.209136962890625,-51.195892333984375,0.0004616286896634847,0.00046152836875990033,0.0006752900662831962,99.9538345336914,99.95384979248047,99.9324722290039,7.544821528426837e-06,0.0007544821710325778,-9.06344223022461
128,2,Drums,32.193634033203125,-32.19355010986328,0.003029718529433012,0.0030297127086669207,0.0018986056093126535,99.69702911376953,99.69702911376953,99.81014251708984,0.0006030559889040887,0.06030559912323952,38.16753387451172,-38.166542053222656,0.02166065387427807,0.021192902699112892,0.020888283848762512,97.83393859863281,97.88070678710938,97.91117095947266,0.00015249778516590595,0.015249778516590595,-16.58395767211914
129,0,Vocal,23.8760929107666,-23.876123428344727,0.008364235982298851,0.008364235982298851,0.010494749061763287,99.16357421875,99.16357421875,98.95052337646484,0.0040795872919261456,0.4079587161540985,39.2147216796875,-39.214988708496094,0.04519124701619148,0.043260131031274796,0.04474438354372978,95.48088073730469,95.67398071289062,95.52556610107422,0.00011979481496382505,0.0119794812053442,-5.187760829925537
129,1,Bass,24.037019729614258,-24.03704833984375,0.014080839231610298,0.014080831781029701,0.014429294504225254,98.5919189453125,98.5919189453125,98.55707550048828,0.00393178453668952,0.39317846298217773,46.11925506591797,-46.11634826660156,0.0006618311163038015,0.0006615919410251081,0.0007921991054899991,99.9338150024414,99.933837890625,99.9207763671875,2.4471262804581784e-05,0.0024471262004226446,-5.586325645446777
129,2,Drums,38.34782028198242,-38.346744537353516,0.0008061870466917753,0.0008061867556534708,0.0007192653138190508,99.91938018798828,99.91938018798828,99.9280776977539,0.00014627008931711316,0.014627008698880672,43.15678405761719,-43.155494689941406,0.00645948201417923,0.006418241187930107,0.006451236549764872,99.35404968261719,99.3581771850586,99.35487365722656,4.83657349832356e-05,0.004836573265492916,-17.752552032470703
130,0,Vocal,22.871021270751953,-22.871105194091797,0.009816089645028114,0.00981608871370554,0.010377880185842514,99.01838684082031,99.01838684082031,98.96221160888672,0.005136346910148859,0.5136346817016602,32.745140075683594,-32.744964599609375,0.047644637525081635,0.04550778493285179,0.04666876047849655,95.23553466796875,95.44921875,95.33312225341797,0.0005312025314196944,0.05312025174498558,-10.633217811584473
130,1,Bass,27.468358993530273,-27.468421936035156,0.021811556071043015,0.02181127294898033,0.025387682020664215,97.81884765625,97.81887817382812,97.46122741699219,0.0017880538944154978,0.1788053959608078,48.66779327392578,-48.67356872558594,0.0005805094260722399,0.0005803540698252618,0.0007312131347134709,99.94194793701172,99.94196319580078,99.9268798828125,1.3572004718298558e-05,0.0013572004390880466,-6.508081436157227
130,2,Drums,40.53540802001953,-40.53566360473633,0.00114002067130059,0.0011400203220546246,0.0006697628414258361,99.88600158691406,99.88600158691406,99.93302154541016,8.838614303385839e-05,0.008838614448904991,40.6451416015625,-40.642738342285156,0.008071007207036018,0.008006826974451542,0.008124414831399918,99.19290161132812,99.1993179321289,99.18756103515625,8.621493907412514e-05,0.00862149428576231,-22.448020935058594
131,0,Vocal,26.673152923583984,-26.673362731933594,0.008989144116640091,0.008989144116640091,0.010462949983775616,99.10108184814453,99.10108184814453,98.95370483398438,0.0021465911995619535,0.21465912461280823,33.1591796875,-33.159400939941406,0.05489833280444145,0.05206262320280075,0.05338989198207855,94.51016998291016,94.79373931884766,94.6610107421875,0.0004829347017221153,0.048293471336364746,-14.027297019958496
131,1,Bass,25.588897705078125,-25.58884048461914,0.005732648074626923,0.005732640624046326,0.007247739937156439,99.4267349243164,99.4267349243164,99.27522277832031,0.0027536696288734674,0.27536696195602417,50.911781311035156,-50.898399353027344,0.00036085344618186355,0.0003607885737437755,0.0003818563127424568,99.96391296386719,99.96392059326172,99.9618148803711,8.138987141137477e-06,0.000813898688647896,-2.3775365352630615
131,2,Drums,34.57933044433594,-34.57957077026367,0.0021469665225595236,0.00214695674367249,0.0037647425197064877,99.7853012084961,99.7853012084961,99.62352752685547,0.00034824892645701766,0.03482489287853241,38.50460433959961,-38.50525665283203,0.017869267612695694,0.01756659708917141,0.01793046109378338,98.21307373046875,98.24333953857422,98.20695495605469,0.0001410557742929086,0.014105577021837234,-18.628009796142578
132,0,Vocal,24.197025299072266,-24.197002410888672,0.006039863917976618,0.006039862986654043,0.006826239172369242,99.39601135253906,99.39601135253906,99.31737518310547,0.003790129441767931,0.37901294231414795,36.036434173583984,-36.03839111328125,0.03846793994307518,0.037071067839860916,0.03801070526242256,96.15320587158203,96.29289245605469,96.19892883300781,0.0002489924372639507,0.02489924430847168,-8.672162055969238
132,1,Bass,33.880916595458984,-33.88080978393555,0.01688147895038128,0.01688130758702755,0.015711968764662743,98.31185150146484,98.31187438964844,98.42880249023438,0.00040901917964220047,0.04090191796422005,49.00432205200195,-48.972286224365234,0.0006064050830900669,0.0006062462343834341,0.0007547776331193745,99.93936157226562,99.93937683105469,99.92452239990234,1.2600837180798408e-05,0.00126008375082165,-12.527884483337402
132,2,Drums,26.550771713256836,-26.550792694091797,0.0002533209335524589,0.00025332067161798477,0.0015637219185009599,99.97467041015625,99.97467041015625,99.8436279296875,0.002207821235060692,0.22078213095664978,39.30644226074219,-39.3049201965332,0.014494333416223526,0.014284932985901833,0.014355072751641273,98.55056762695312,98.5715103149414,98.56449127197266,0.00011732932762242854,0.011732933111488819,-9.80119800567627
133,0,Vocal,24.15465545654297,-24.154634475708008,0.011667991988360882,0.011667989194393158,0.010812610387802124,98.83320617675781,98.83320617675781,98.91873931884766,0.003827082458883524,0.38270825147628784,40.425514221191406,-40.42479705810547,0.05537990480661392,0.05249301716685295,0.05401492491364479,94.46200561523438,94.75069427490234,94.5985107421875,9.0729387011379e-05,0.009072938933968544,-4.235226631164551
133,1,Bass,33.21803283691406,-33.21825408935547,0.016191115602850914,0.01619100756943226,0.016934063285589218,98.38088989257812,98.38089752197266,98.30659484863281,0.0004763782781083137,0.047637827694416046,49.84165954589844,-49.8282470703125,0.0006179382908158004,0.0006176642491482198,0.0006349619943648577,99.9382095336914,99.938232421875,99.9365005493164,1.0405371540400665e-05,0.00104053714312613,-11.086799621582031
133,2,Drums,41.11077117919922,-41.11055374145508,0.0008216489804908633,0.0008216481073759496,0.0010858230525627732,99.91783142089844,99.91783142089844,99.89141845703125,7.745704351691529e-05,0.007745704147964716,38.94860076904297,-38.94939422607422,0.008200827054679394,0.008135827258229256,0.008104701526463032,99.17991638183594,99.18641662597656,99.18952941894531,0.0001273611414944753,0.012736113741993904,-24.719804763793945
134,0,Vocal,29.087181091308594,-29.087121963500977,0.005194884724915028,0.005194884724915028,0.005705976393073797,99.48050689697266,99.48050689697266,99.42940521240234,0.0012324019335210323,0.12324019521474838,36.389339447021484,-36.389095306396484,0.03551243245601654,0.034302715212106705,0.0352933332324028,96.4487533569336,96.56973266601562,96.47066497802734,0.00022959824127610773,0.02295982465147972,-13.218873977661133
134,1,Bass,26.593875885009766,-26.593856811523438,0.006714473012834787,0.0067144716158509254,0.014194237068295479,99.32855224609375,99.32855224609375,98.58057403564453,0.0021860606502741575,0.21860606968402863,52.11880111694336,-52.11625671386719,0.00038440097705461085,0.0003842879377771169,0.0006592326099053025,99.96156311035156,99.9615707397461,99.93407440185547,6.131292138888966e-06,0.0006131292320787907,-2.1379425525665283
134,2,Drums,32.68365478515625,-32.683250427246094,0.0037098724860697985,0.0037098724860697985,0.002077530138194561,99.62901306152344,99.62901306152344,99.79225158691406,0.0005387757555581629,0.0538775771856308,41.76249694824219,-41.76211929321289,0.025047969073057175,0.024440549314022064,0.024977149441838264,97.49520111083984,97.55594635009766,97.50228881835938,6.66615815134719e-05,0.006666158325970173,-13.471792221069336
135,0,Vocal,25.797115325927734,-25.79707145690918,0.007681997027248144,0.0076819960959255695,0.008989231660962105,99.23179626464844,99.23179626464844,99.10108184814453,0.0026251233648508787,0.26251232624053955,34.32869338989258,-34.32860565185547,0.03517839312553406,0.03400236740708351,0.034889105707407,96.4821548461914,96.59976196289062,96.51109313964844,0.00036897484096698463,0.036897484213113785,-11.98050594329834
135,1,Bass,24.261878967285156,-24.261890411376953,0.013810775242745876,0.013810764998197556,0.011412163265049458,98.61892700195312,98.61892700195312,98.8587875366211,0.003734125290066004,0.37341251969337463,48.28514099121094,-48.28785705566406,0.0005353178712539375,0.0005351473810151219,0.0005650816601701081,99.94647216796875,99.94648742675781,99.94349670410156,1.4806852050242014e-05,0.0014806851977482438,-3.6824162006378174
135,2,Drums,39.48439407348633,-39.48469543457031,0.0013920560013502836,0.001392050296999514,0.0017491716425865889,99.86079406738281,99.86079406738281,99.82508087158203,0.00011260215978836641,0.011260216124355793,46.066612243652344,-46.06756591796875,0.00862541887909174,0.008557213470339775,0.008626369759440422,99.13745880126953,99.14427947998047,99.13736724853516,2.4765433408902027e-05,0.0024765434209257364,-15.975605010986328
136,0,Vocal,-1.8536330461502075,1.8536330461502075,0.368041068315506,0.3680380880832672,0.3402803838253021,63.19589614868164,63.19619369506836,65.97196197509766,0.6051127910614014,60.51128005981445,20.661846160888672,-20.661907196044922,2.428832530975342,0.7058163285255432,0.7113882899284363,-142.8832550048828,29.418367385864258,28.86117172241211,0.008513348177075386,0.851334810256958,1.9735538959503174
136,1,Bass,14.464004516601562,-14.463996887207031,0.2176765352487564,0.2176762968301773,0.18345756828784943,78.23234558105469,78.23236846923828,81.65424346923828,0.034540895372629166,3.454089641571045,42.88184356689453,-42.88349533081055,0.0017467475263401866,0.0017443838296458125,0.002432221081107855,99.82532501220703,99.8255615234375,99.75677490234375,5.147997580934316e-05,0.005147997755557299,0.981231153011322
136,2,Drums,39.30644226074219,-39.30691146850586,7.958479545777664e-05,7.958464266266674e-05,0.0,99.9920425415039,99.9920425415039,100.0,0.00011728573008440435,0.01172857265919447,33.52254104614258,-33.52238464355469,0.01788962446153164,0.01756397634744644,0.015259664505720139,98.2110366821289,98.24359893798828,98.47402954101562,0.00044416991295292974,0.044416990131139755,-28.362220764160156
137,0,Vocal,27.26630401611328,-27.266338348388672,0.016931751742959023,0.016931749880313873,0.017206216230988503,98.30682373046875,98.30682373046875,98.27938079833984,0.0018731005256995559,0.18731005489826202,39.81884765625,-39.81828308105469,0.011762786656618118,0.01163274422287941,0.0123244384303689,98.82372283935547,98.83672332763672,98.7675552368164,0.0001042556032189168,0.010425560176372528,-7.957892894744873
137,1,Bass,15.500144958496094,-15.50014877319336,0.15754334628582,0.15754324197769165,0.16899481415748596,84.24566650390625,84.24567413330078,83.10052490234375,0.027410436421632767,2.7410435676574707,44.01228332519531,-44.009422302246094,0.0011783686932176352,0.0011775321327149868,0.0014489656314253807,99.88216400146484,99.88224792480469,99.8551025390625,3.9700986235402524e-05,0.003970098681747913,1.0085420608520508
137,2,Drums,18.51456642150879,-18.51456069946289,0.0006449773791246116,0.0006449624779634178,0.0018398186657577753,99.93550109863281,99.93550109863281,99.8160171508789,0.013882642611861229,1.3882642984390259,36.95458984375,-36.95466613769531,0.018206851556897163,0.017857428640127182,0.018224019557237625,98.17931365966797,98.2142562866211,98.17759704589844,0.00020156515529379249,0.020156515762209892,-4.121951580047607
138,0,Vocal,22.84164047241211,-22.84166145324707,0.017778147011995316,0.017778147011995316,0.01838523894548416,98.22218322753906,98.22218322753906,98.1614761352539,0.005171116907149553,0.5171117186546326,42.93749237060547,-42.939613342285156,0.016664622351527214,0.01639159768819809,0.016877658665180206,98.33353424072266,98.36083984375,98.3122329711914,5.0790120440069586e-05,0.005079011898487806,-0.40742218494415283
138,1,Bass,21.30475616455078,-21.304758071899414,0.15918265283107758,0.15918239951133728,0.15832586586475372,84.08173370361328,84.08175659179688,84.16741180419922,0.007350606843829155,0.7350606918334961,44.24674606323242,-44.2441520690918,0.0009762198897078633,0.0009754286729730666,0.0014610631624236703,99.90238189697266,99.90245819091797,99.85388946533203,3.7596670154016465e-05,0.003759667044505477,-4.639095783233643
138,2,Drums,21.625892639160156,-21.62588119506836,0.0008455734350718558,0.0008455701754428446,0.004126350861042738,99.91544342041016,99.91544342041016,99.58736419677734,0.006830231752246618,0.6830231547355652,34.76775360107422,-34.766990661621094,0.020408067852258682,0.01998632401227951,0.020087450742721558,97.95919036865234,98.0013656616211,97.99124908447266,0.00033351610181853175,0.03335161134600639,-9.41962718963623
139,0,Vocal,17.908632278442383,-17.90865707397461,0.011808945797383785,0.01180894486606121,0.011380618438124657,98.81910705566406,98.81910705566406,98.8619384765625,0.015928005799651146,1.5928006172180176,43.11415100097656,-43.11354064941406,0.023456307128071785,0.022932883352041245,0.023479973897337914,97.65436553955078,97.70671081542969,97.6520004272461,4.880946653429419e-05,0.004880946595221758,4.709578514099121
139,1,Bass,18.254709243774414,-18.25470542907715,0.2453513741493225,0.24535132944583893,0.24889551103115082,75.46485900878906,75.4648666381836,75.1104507446289,0.014726054854691029,1.4726054668426514,44.27436447143555,-44.270851135253906,0.0018288568826392293,0.0018263774691149592,0.0026682771276682615,99.8171157836914,99.8173599243164,99.7331771850586,3.7379515561042354e-05,0.0037379516288638115,-1.7626302242279053
139,2,Drums,23.757179260253906,-23.757200241088867,0.0019857226870954037,0.001985682174563408,0.0024393945932388306,99.80142974853516,99.80142974853516,99.75606536865234,0.004192364402115345,0.4192364513874054,38.138763427734375,-38.13919448852539,0.020447058603167534,0.020067421719431877,0.020320648327469826,97.95529174804688,97.9932632446289,97.96793365478516,0.00015349694876931608,0.015349694527685642,-8.160150527954102
140,0,Vocal,32.78334045410156,-32.78315734863281,0.01829562336206436,0.018295621499419212,0.018812967464327812,98.1704330444336,98.1704330444336,98.11870574951172,0.0005265655345283449,0.05265655368566513,50.233192443847656,-50.283966064453125,0.015874000266194344,0.015627911314368248,0.016104623675346375,98.41259765625,98.43721008300781,98.38953399658203,9.43213399295928e-06,0.0009432134102098644,-3.049118757247925
140,1,Bass,25.689208984375,-25.689353942871094,0.09591615945100784,0.09591615200042725,0.09340889751911163,90.40838623046875,90.40838623046875,90.65911102294922,0.002690928755328059,0.2690928876399994,47.653202056884766,-47.65231704711914,0.0008729348774068058,0.0008723404025658965,0.0010539114009588957,99.91271209716797,99.91276550292969,99.89460754394531,1.7196411135955714e-05,0.0017196411499753594,-5.57883882522583
140,2,Drums,30.0389404296875,-30.038822174072266,0.008992352522909641,0.008992352522909641,0.008117017336189747,99.10076141357422,99.10076141357422,99.18830108642578,0.000990133616141975,0.09901335835456848,46.95794677734375,-46.952232360839844,0.024360869079828262,0.02379450760781765,0.02407270111143589,97.56391143798828,97.62054443359375,97.59272766113281,2.017204496951308e-05,0.0020172044169157743,-5.627644062042236
141,0,Vocal,22.605281829833984,-22.605295181274414,0.02131836488842964,0.02131836488842964,0.021914834156632423,97.8681640625,97.8681640625,97.80851745605469,0.005458778701722622,0.5458778738975525,47.40412139892578,-47.398372650146484,0.017201343551278114,0.016916051506996155,0.01729707606136799,98.27986145019531,98.30839538574219,98.27029418945312,1.8221257050754502e-05,0.001822125748731196,4.27515172958374
141,1,Bass,20.715343475341797,-20.715330123901367,0.14243414998054504,0.14243243634700775,0.1415402889251709,85.756591796875,85.75675201416016,85.8459701538086,0.008410082198679447,0.8410082459449768,41.00834274291992,-41.00730895996094,0.0011173111852258444,0.001116372412070632,0.001293875859118998,99.88826751708984,99.88835906982422,99.87061309814453,7.928583363536745e-05,0.007928583770990372,-7.26848030090332
141,2,Drums,26.57717514038086,-26.57710838317871,0.007326686754822731,0.007326677907258272,0.007760143838822842,99.267333984375,99.267333984375,99.22398376464844,0.002194479340687394,0.21944794058799744,34.228092193603516,-34.22810745239258,0.02444826439023018,0.023867053911089897,0.024990780279040337,97.55517578125,97.61329650878906,97.50092315673828,0.0003775728982873261,0.03775728866457939,-14.898418426513672
142,0,Vocal,29.755765914916992,-29.75556182861328,0.06772700697183609,0.06772694736719131,0.06911203265190125,93.227294921875,93.22730255126953,93.08879089355469,0.0010567419230937958,0.10567419230937958,30.692264556884766,-30.69220542907715,0.0694756805896759,0.0649469643831253,0.06613671034574509,93.05243682861328,93.50530242919922,93.3863296508789,0.0008519755210727453,0.0851975530385971,-19.57448959350586
142,1,Bass,15.762899398803711,-15.762921333312988,0.5804051756858826,0.5804044604301453,0.5783156156539917,41.9594841003418,41.95955276489258,42.16843795776367,0.02584272064268589,2.5842721462249756,40.25197982788086,-40.25311279296875,0.006665384862571955,0.006623704452067614,0.00796855054795742,99.33345794677734,99.33763122558594,99.2031478881836,9.430990758119151e-05,0.009430990554392338,-3.131265640258789
142,2,Drums,32.4315185546875,-32.43149948120117,0.0001695357059361413,0.0001695356477284804,0.001141335698775947,99.98304748535156,99.98304748535156,99.88587188720703,0.0005710067925974727,0.057100679725408554,31.34814453125,-31.348047256469727,0.026909008622169495,0.026184286922216415,0.02584712952375412,97.30909729003906,97.38157653808594,97.415283203125,0.0007326399791054428,0.0732639953494072,-23.6461238861084
143,0,Vocal,6.295794486999512,-6.295793533325195,0.33897560834884644,0.3389754593372345,0.3307676613330841,66.1024398803711,66.10245513916016,66.92323303222656,0.19005389511585236,19.005390167236328,21.971527099609375,-21.971538543701172,1.8130875825881958,0.6378572583198547,0.6459874510765076,-81.30876159667969,36.21427536010742,35.4012565612793,0.0063110096380114555,0.6311009526252747,-4.859502792358398
143,1,Bass,15.703959465026855,-15.703962326049805,0.1703156679868698,0.17031565308570862,0.18306569755077362,82.96842956542969,82.96843719482422,81.69342803955078,0.026186609640717506,2.6186609268188477,44.49458312988281,-44.49244689941406,0.002657105680555105,0.0026510346215218306,0.003668705001473427,99.73429107666016,99.73489379882812,99.63312530517578,3.555276998667978e-05,0.003555276896804571,0.9960702657699585
143,2,Drums,33.30311584472656,-33.30290985107422,5.235482603893615e-05,5.235465141595341e-05,0.00022815915872342885,99.99476623535156,99.99476623535156,99.97718048095703,0.00046721415128558874,0.04672141373157501,36.9443244934082,-36.943450927734375,0.02374536730349064,0.0231767687946558,0.023641273379325867,97.6254653930664,97.68231964111328,97.63587188720703,0.00020207672787364572,0.02020767331123352,-18.92162322998047
144,0,Vocal,6.12917947769165,-6.129179000854492,0.905412495136261,0.9054123163223267,0.913316547870636,9.45875072479248,9.458768844604492,8.66834545135498,0.19602981209754944,19.602981567382812,26.359046936035156,-26.35904312133789,6.230981349945068,0.8524390459060669,0.8603002429008484,-523.09814453125,14.756095886230469,13.969975471496582,0.002307251328602433,0.23072513937950134,5.717650890350342
144,1,Bass,5.990286350250244,-5.990286827087402,0.6507421731948853,0.6507421135902405,0.6718864440917969,34.92578125,34.92578887939453,32.81135559082031,0.20111915469169617,20.111915588378906,45.35398483276367,-45.3545036315918,0.002412415575236082,0.0024084614124149084,0.0034233538899570704,99.75875854492188,99.7591552734375,99.65766906738281,2.915513323387131e-05,0.0029155132360756397,11.626091003417969
144,2,Drums,47.83803939819336,-47.839637756347656,5.8041820011567324e-05,5.8041820011567324e-05,0.0005153448437340558,99.99419403076172,99.99419403076172,99.9484634399414,1.6458649042760953e-05,0.0016458649188280106,39.4046516418457,-39.404415130615234,0.010580073110759258,0.010470019653439522,0.010657020844519138,98.9419937133789,98.95299530029297,98.93429565429688,0.00011473010818008333,0.01147301122546196,-30.989276885986328
145,0,Vocal,21.648542404174805,-21.648540496826172,0.4469558000564575,0.4469544291496277,0.4536384344100952,55.304420471191406,55.30455780029297,54.63615798950195,0.006794968619942665,0.6794968843460083,35.20524215698242,-35.20550537109375,0.08681483566761017,0.07994082570075989,0.08138437569141388,91.31851959228516,92.00592041015625,91.86156463623047,0.00030151495593599975,0.030151495710015297,-6.935678958892822
145,1,Bass,20.130504608154297,-20.130502700805664,0.8978019952774048,0.8977488279342651,0.8993682861328125,10.21980094909668,10.225116729736328,10.06317138671875,0.00961074884980917,0.9610748887062073,37.250885009765625,-37.250457763671875,0.012651420198380947,0.012568723410367966,0.014334612525999546,98.73485565185547,98.74312591552734,98.56653594970703,0.00018831183842848986,0.01883118413388729,-9.618202209472656
145,2,Drums,47.195621490478516,-47.20234680175781,0.0008678059675730765,0.0008678024169057608,0.0008055465295910835,99.91322326660156,99.91322326660156,99.91944122314453,1.90757436939748e-05,0.0019075743621215224,44.13798904418945,-44.13265609741211,0.01012833695858717,0.010031931102275848,0.010432510636746883,98.98716735839844,98.9968032836914,98.95674896240234,3.859148273477331e-05,0.003859148360788822,-25.60982894897461
146,0,Vocal,8.539413452148438,-8.53941535949707,0.7393460273742676,0.739345908164978,0.7422966361045837,26.065397262573242,26.06540870666504,25.770336151123047,0.12278980016708374,12.278980255126953,27.173559188842773,-27.173431396484375,0.40890994668006897,0.2904149293899536,0.2947359085083008,59.1090087890625,70.95850372314453,70.52641296386719,0.0019134379690513015,0.19134379923343658,-1.8641124963760376
146,1,Bass,16.997894287109375,-16.997892379760742,0.5457046627998352,0.5457021594047546,0.5463774800300598,45.429534912109375,45.42978286743164,45.36225128173828,0.01957162655889988,1.957162618637085,49.23685073852539,-49.222145080566406,0.001894639921374619,0.0018931407248601317,0.0022349264472723007,99.81053161621094,99.81068420410156,99.77650451660156,1.1945588994421996e-05,0.0011945589212700725,4.624766826629639
146,2,Drums,47.06197738647461,-47.065277099609375,0.0002712562563829124,0.0002712561981752515,0.00038314153789542615,99.9728775024414,99.9728775024414,99.96168518066406,1.9669250832521357e-05,0.0019669251050800085,52.70475387573242,-52.71875762939453,0.01083298958837986,0.010718999430537224,0.010805947706103325,98.91670227050781,98.9281005859375,98.91940307617188,5.395054358814377e-06,0.0005395054467953742,-16.929527282714844
147,0,Vocal,10.140299797058105,-10.140299797058105,0.5066233277320862,0.5066231489181519,0.5270012617111206,49.33766555786133,49.337684631347656,47.29987335205078,0.08827433735132217,8.827433586120605,28.9073486328125,-28.907360076904297,0.5207308530807495,0.3448173701763153,0.35070547461509705,47.92691421508789,65.51825714111328,64.92945098876953,0.0012844465672969818,0.12844465672969818,-1.469725251197815
147,1,Bass,19.850122451782227,-19.850112915039062,0.3403029143810272,0.3403027355670929,0.3414245545864105,65.9697036743164,65.9697265625,65.8575439453125,0.010245157405734062,1.0245157480239868,49.43681716918945,-49.43841552734375,0.0010893658036366105,0.0010883791837841272,0.0015924766194075346,99.89105987548828,99.89115905761719,99.84075164794922,1.1365318641765043e-05,0.0011365318205207586,1.949273705482483
147,2,Drums,36.417625427246094,-36.41725158691406,0.00035191839560866356,0.00035191833740100265,0.0014759544283151627,99.96481323242188,99.96481323242188,99.85240936279297,0.0002281228662468493,0.022812286391854286,43.146087646484375,-43.14663314819336,0.01889331080019474,0.018548963591456413,0.01851980946958065,98.11067199707031,98.14510345458984,98.14801788330078,4.84432493976783e-05,0.004844325128942728,-15.828072547912598
148,0,Vocal,16.8016414642334,-16.8016414642334,0.2589375078678131,0.2589375078678131,0.2579047977924347,74.10625457763672,74.10625457763672,74.20952606201172,0.020457837730646133,2.045783758163452,42.03090286254883,-42.03837585449219,0.04257266968488693,0.040846507996320724,0.04190113767981529,95.74272918701172,95.91534423828125,95.80989074707031,6.261625821935013e-05,0.0062616257928311825,4.730837821960449
148,1,Bass,13.90498161315918,-13.9049711227417,0.8680154085159302,0.8680154085159302,0.8650678396224976,13.19845962524414,13.19845962524414,13.493215560913086,0.03910031169652939,3.9100310802459717,38.13033676147461,-38.12968063354492,0.00549172842875123,0.005473627243191004,0.005090449936687946,99.4508285522461,99.45263671875,99.49095153808594,0.00015382365381810814,0.015382365323603153,-4.3948516845703125
148,2,Drums,30.849878311157227,-30.85000228881836,0.0006217678892426193,0.0006217678892426193,0.0011557723628357053,99.93782043457031,99.93782043457031,99.8844223022461,0.000821571855340153,0.0821571871638298,41.34077453613281,-41.341148376464844,0.010156011208891869,0.010055216029286385,0.009851440787315369,98.9843978881836,98.99447631835938,99.01485443115234,7.341059972532094e-05,0.007341059856116772,-12.064971923828125
149,0,Vocal,22.845918655395508,-22.846038818359375,0.2899233102798462,0.2899232506752014,0.2910056412220001,71.0076675415039,71.00767517089844,70.8994369506836,0.005165974143892527,0.5165973901748657,41.61732482910156,-41.61872100830078,0.046838853508234024,0.04475025832653046,0.04579199105501175,95.31610870361328,95.52497100830078,95.4207992553711,6.890611257404089e-05,0.006890611257404089,-1.731788992881775
149,1,Bass,14.09060287475586,-14.090603828430176,0.6730567812919617,0.6730567812919617,0.6790619492530823,32.69432067871094,32.69432067871094,32.09380340576172,0.03752569481730461,3.7525694370269775,43.87113952636719,-43.86406707763672,0.0023055505007505417,0.0023018685169517994,0.0029947960283607244,99.76943969726562,99.76981353759766,99.70052337646484,4.1029772546608e-05,0.004102977458387613,2.40275502204895
149,2,Drums,44.12458419799805,-44.12120819091797,0.0007936800247989595,0.0007936800247989595,0.001085182884708047,99.9206314086914,99.9206314086914,99.89148712158203,3.868862404488027e-05,0.003868862520903349,40.405574798583984,-40.405921936035156,0.010715101845562458,0.010602619498968124,0.010513972491025925,98.9284896850586,98.93974304199219,98.94860076904297,9.112439875025302e-05,0.009112440049648285,-26.275531768798828
150,0,Vocal,13.105720520019531,-13.105730056762695,0.49964189529418945,0.4996283948421478,0.503544270992279,50.03581237792969,50.03715896606445,49.645572662353516,0.046632442623376846,4.663244247436523,28.608675003051758,-28.609085083007812,0.10630219429731369,0.09639231115579605,0.09962112456560135,89.36978149414062,90.36076354980469,90.03788757324219,0.0013756882399320602,0.13756883144378662,-4.9094014167785645
150,1,Bass,13.299169540405273,-13.299168586730957,0.8813355565071106,0.8813179731369019,0.8939524292945862,11.86644458770752,11.868202209472656,10.604757308959961,0.04469169303774834,4.4691691398620605,31.697368621826172,-31.69744110107422,0.010538452304899693,0.01048139575868845,0.012700499966740608,98.94615173339844,98.95185852050781,98.72994995117188,0.0006760216783732176,0.06760216504335403,-8.24282169342041
150,2,Drums,35.91039276123047,-35.90974044799805,0.0004742847813758999,0.00047428449033759534,0.0008490696782246232,99.95257568359375,99.95257568359375,99.91509246826172,0.0002563832968007773,0.02563832886517048,46.50679016113281,-46.502681732177734,0.008183025754988194,0.008117016404867172,0.0084692956879735,99.18170166015625,99.18830108642578,99.15306854248047,2.2342303054756485e-05,0.0022342302836477757,-11.95105266571045
151,0,Vocal,12.90941333770752,-12.909416198730469,0.5600532293319702,0.5600515604019165,0.5619946122169495,43.99467849731445,43.994842529296875,43.800537109375,0.04868369176983833,4.868369102478027,28.65717887878418,-28.65725326538086,0.11791589111089706,0.1054973229765892,0.10818613320589066,88.20841217041016,89.45027160644531,89.18138885498047,0.001360477996058762,0.13604779541492462,-4.7680535316467285
151,1,Bass,22.70803451538086,-22.708023071289062,0.7826616764068604,0.7826600074768066,0.7839357852935791,21.73383331298828,21.733999252319336,21.606422424316406,0.005331790540367365,0.5331790447235107,39.95762634277344,-39.962196350097656,0.005128506571054459,0.0051190732046961784,0.004946818575263023,99.48715209960938,99.48809051513672,99.50531768798828,0.00010090394789585844,0.010090394876897335,-10.140028953552246
151,2,Drums,29.796913146972656,-29.796993255615234,9.266523557016626e-05,9.266511915484443e-05,6.122020568000153e-05,99.99073028564453,99.99073028564453,99.99388122558594,0.0010467933025211096,0.10467933118343353,38.49544143676758,-38.49826431274414,0.010420449078083038,0.01031662430614233,0.010208125226199627,98.95795440673828,98.96833801269531,98.97918701171875,0.00014133994409348816,0.014133994467556477,-13.855058670043945
152,0,Vocal,31.381511688232422,-31.381546020507812,0.025742415338754654,0.025742221623659134,0.02648770622909069,97.4257583618164,97.42577362060547,97.35122680664062,0.0007270363857969642,0.07270363718271255,18.369367599487305,-18.369356155395508,0.03295569494366646,0.031390346586704254,0.038069289177656174,96.70442962646484,96.8609619140625,96.19306945800781,0.014347872696816921,1.4347872734069824,-33.50428771972656
152,1,Bass,5.944086074829102,-5.944085597991943,0.5142129063606262,0.5142112970352173,0.5411413311958313,48.57870864868164,48.5788688659668,45.885868072509766,0.20283380150794983,20.28338050842285,29.208953857421875,-29.208881378173828,0.01722782477736473,0.01706228032708168,0.019054504111409187,98.27721405029297,98.29376983642578,98.09454345703125,0.0011983385775238276,0.11983385682106018,-4.476424217224121
152,2,Drums,36.79198455810547,-36.79073715209961,0.0008180330623872578,0.0008180285803973675,0.0008595973486080766,99.91819763183594,99.91819763183594,99.9140396118164,0.00020929383754264563,0.020929383113980293,24.8531436920166,-24.853130340576172,0.022429926320910454,0.02185986191034317,0.018811937421560287,97.75700378417969,97.81401062011719,98.11880493164062,0.0032604013103991747,0.326040118932724,-34.51359939575195
153,0,Vocal,30.960372924804688,-30.960351943969727,0.03274311497807503,0.03274311125278473,0.0348978191614151,96.72569274902344,96.72569274902344,96.51022338867188,0.0008009313605725765,0.0800931379199028,37.79978942871094,-37.799495697021484,0.09282992780208588,0.08498711884021759,0.08679252117872238,90.71700286865234,91.50128936767578,91.32074737548828,0.00016595555644016713,0.01659555546939373,-13.65087890625
153,1,Bass,9.293782234191895,-9.293781280517578,0.37064704298973083,0.3706435263156891,0.3965783715248108,62.9352912902832,62.93564987182617,60.3421630859375,0.10527199506759644,10.527199745178223,38.25154495239258,-38.25139236450195,0.009662192314863205,0.009588909335434437,0.010447913780808449,99.03377532958984,99.04110717773438,98.95520782470703,0.00014954988728277385,0.014954988844692707,1.3935987949371338
153,2,Drums,35.41548156738281,-35.415428161621094,0.0008716314914636314,0.0008716312004253268,0.00042636547004804015,99.91283416748047,99.91283416748047,99.95736694335938,0.00028729450423270464,0.028729449957609177,37.7209358215332,-37.72049331665039,0.026770412921905518,0.026075484231114388,0.025926100090146065,97.32295989990234,97.39244842529297,97.40738677978516,0.0001690237841103226,0.01690237782895565,-20.251434326171875
154,0,Vocal,21.10445785522461,-21.10443878173828,0.030871104449033737,0.030870897695422173,0.0338958278298378,96.91288757324219,96.91291046142578,96.61041259765625,0.007694842293858528,0.7694842219352722,29.288175582885742,-29.28795623779297,0.07235084474086761,0.06728118658065796,0.06939538568258286,92.7649154663086,93.27188110351562,93.06046295166016,0.0011767410906031728,0.11767411231994629,-12.340088844299316
154,1,Bass,6.383837699890137,-6.38383674621582,0.41973814368247986,0.4197380840778351,0.45919278264045715,58.02618408203125,58.02619552612305,54.080726623535156,0.18695281445980072,18.695281982421875,30.43857765197754,-30.438243865966797,0.009185072965919971,0.009108743630349636,0.0111146941781044,99.08148956298828,99.08912658691406,98.8885269165039,0.0009031277731992304,0.09031277894973755,-3.480181932449341
154,2,Drums,32.980045318603516,-32.97988510131836,0.000507502758409828,0.0005075026419945061,0.0006077311118133366,99.94924926757812,99.94924926757812,99.93922424316406,0.0005032248445786536,0.050322484225034714,31.002626419067383,-31.00265121459961,0.029469383880496025,0.028616800904273987,0.029087679460644722,97.05306243896484,97.13832092285156,97.09123229980469,0.0007932205335237086,0.07932205498218536,-24.53171157836914
155,0,Vocal,31.116119384765625,-31.116273880004883,0.018867602571845055,0.01886758580803871,0.019846217706799507,98.11323547363281,98.11323547363281,98.015380859375,0.0007727486081421375,0.0772748589515686,27.83553123474121,-27.835582733154297,0.03502897545695305,0.033749472349882126,0.03350762277841568,96.49710083007812,96.62505340576172,96.64923858642578,0.0016433546552434564,0.1643354594707489,-23.79045295715332
155,1,Bass,9.201305389404297,-9.201306343078613,0.32511788606643677,0.32511618733406067,0.3311766982078552,67.48821258544922,67.48838806152344,66.88233184814453,0.10729456692934036,10.729456901550293,40.15699768066406,-40.15711975097656,0.007440965622663498,0.007410142570734024,0.011288952082395554,99.25590515136719,99.25897979736328,98.87110900878906,9.64472783380188e-05,0.009644728153944016,3.344463348388672
155,2,Drums,38.213623046875,-38.21369934082031,0.0014544123550876975,0.0014544000150635839,0.0019491072744131088,99.85456085205078,99.85456085205078,99.80508422851562,0.00015084448386915028,0.015084448270499706,28.292400360107422,-28.29218292236328,0.037961483001708984,0.036507152020931244,0.037850599735975266,96.20384979248047,96.34928894042969,96.21493530273438,0.0014795304741710424,0.14795304834842682,-32.47990798950195
156,0,Vocal,25.639053344726562,-25.639049530029297,0.035842832177877426,0.03584269806742668,0.03786430507898331,96.41571807861328,96.41572570800781,96.21356964111328,0.0027221336495131254,0.2722133696079254,23.545835494995117,-23.545814514160156,0.06167077273130417,0.057760853320360184,0.06270658224821091,93.83292388916016,94.22391510009766,93.72933959960938,0.004400464240461588,0.44004642963409424,-22.588287353515625
156,1,Bass,7.910635471343994,-7.910635471343994,0.33513593673706055,0.3351343870162964,0.3332410156726837,66.48640441894531,66.48656463623047,66.6759033203125,0.13925503194332123,13.92550277709961,37.12886047363281,-37.12783432006836,0.0056145079433918,0.005593054927885532,0.006926992908120155,99.43854522705078,99.4406967163086,99.30729675292969,0.00019366078777238727,0.019366078078746796,1.5552095174789429
156,2,Drums,37.8880500793457,-37.888797760009766,0.0010876383166760206,0.0010876316810026765,0.001475329976528883,99.8912353515625,99.89124298095703,99.85246276855469,0.0001625996665097773,0.016259966418147087,25.200244903564453,-25.200267791748047,0.02837309241294861,0.027464333921670914,0.027041245251893997,97.16268920898438,97.25357055664062,97.2958755493164,0.003010702086612582,0.3010702133178711,-35.259376525878906
157,0,Vocal,24.62221908569336,-24.62224006652832,0.010893819853663445,0.01089381705969572,0.011286217719316483,98.91061401367188,98.91061401367188,98.87138366699219,0.0034378059208393097,0.3437805771827698,31.322057723999023,-31.322093963623047,0.034959446638822556,0.033758122473955154,0.03536156192421913,96.50405883789062,96.62419128417969,96.4638442993164,0.0007369728409685194,0.0736972838640213,-13.805074691772461
157,1,Bass,8.59437084197998,-8.59437084197998,0.24149887263774872,0.241498664021492,0.2495652735233307,75.85011291503906,75.85013580322266,75.04347229003906,0.12143326550722122,12.143326759338379,34.74297332763672,-34.7422981262207,0.00704474002122879,0.007011319510638714,0.00729685602709651,99.29552459716797,99.29887390136719,99.27031707763672,0.0003354046493768692,0.03354046493768692,-1.5048470497131348
157,2,Drums,30.411977767944336,-30.412105560302734,0.0010244805598631501,0.0010244803270325065,0.001623892574571073,99.89755249023438,99.89755249023438,99.83761596679688,0.0009086561040021479,0.0908656120300293,30.686187744140625,-30.685955047607422,0.037741903215646744,0.036370038986206055,0.03473085165023804,96.2258071899414,96.36299896240234,96.52691650390625,0.0008531249477528036,0.08531249314546585,-22.28591537475586
158,0,Vocal,12.826889991760254,-12.82689094543457,0.052008841186761856,0.05200836807489395,0.05385633185505867,94.79911041259766,94.79916381835938,94.61437225341797,0.04957133159041405,4.9571332931518555,18.856826782226562,-18.85683250427246,0.11302675306797028,0.10007795691490173,0.1067238599061966,88.69732666015625,89.99220275878906,89.3276138305664,0.012844043783843517,1.2844043970108032,-14.476456642150879
158,1,Bass,6.682424068450928,-6.682425022125244,0.4912283420562744,0.49122384190559387,0.4828540086746216,50.877166748046875,50.87761688232422,51.714599609375,0.17672647535800934,17.67264747619629,33.165618896484375,-33.16587448120117,0.008336585015058517,0.00829289574176073,0.010866896249353886,99.16633605957031,99.17070770263672,98.91331481933594,0.0004821886250283569,0.04821886122226715,-1.029822587966919
158,2,Drums,42.28620910644531,-42.283660888671875,0.00018038904818240553,0.00018038837879430503,0.0011904349084943533,99.98196411132812,99.98196411132812,99.8809585571289,5.907728336751461e-05,0.005907728336751461,26.498794555664062,-26.498836517333984,0.016229603439569473,0.015919407829642296,0.014830228872597218,98.37703704833984,98.4080581665039,98.51697540283203,0.002234353683888912,0.22343537211418152,-38.35561752319336
159,0,Vocal,31.454456329345703,-31.454627990722656,0.0150867635384202,0.015086760744452477,0.015794852748513222,98.49132537841797,98.49132537841797,98.4205093383789,0.0007148980512283742,0.07148980349302292,23.036563873291016,-23.03664779663086,0.030988572165369987,0.029905011877417564,0.03174019232392311,96.9011459350586,97.0094985961914,96.82598114013672,0.00494524696841836,0.49452468752861023,-28.917255401611328
159,1,Bass,10.818864822387695,-10.818864822387695,0.3133416473865509,0.313340425491333,0.3079499900341034,68.66584014892578,68.66595458984375,69.20500183105469,0.07648195326328278,7.648195266723633,30.7978458404541,-30.79791831970215,0.004459565505385399,0.004440211225301027,0.001437444007024169,99.55404663085938,99.55598449707031,99.85625457763672,0.0008314447477459908,0.08314447104930878,-7.657565116882324
159,2,Drums,39.09536361694336,-39.0952262878418,0.00113693717867136,0.0011369294952601194,0.0016222370322793722,99.88630676269531,99.88630676269531,99.83777618408203,0.0001231500500580296,0.01231500506401062,26.99834632873535,-26.998573303222656,0.017642971128225327,0.01729438453912735,0.0181618332862854,98.23570251464844,98.27056121826172,98.1838150024414,0.001991991652175784,0.19919916987419128,-34.655914306640625
160,0,Vocal,30.263973236083984,-30.264041900634766,0.007527031935751438,0.007527031935751438,0.008177771233022213,99.2472915649414,99.2472915649414,99.18222045898438,0.000940121419262141,0.09401214122772217,47.33350372314453,-47.33422088623047,0.017126252874732018,0.016858143731951714,0.01734362728893757,98.2873764038086,98.3141860961914,98.26563262939453,1.8511160305934027e-05,0.0018511160742491484,-3.4104855060577393
160,1,Bass,20.48077392578125,-20.48078155517578,0.06703377515077591,0.06703373044729233,0.07808483392000198,93.29662322998047,93.296630859375,92.19152069091797,0.008872661739587784,0.8872661590576172,40.79798889160156,-40.79734802246094,0.0008705029613338411,0.0008698475430719554,0.0014239668380469084,99.91294860839844,99.91300964355469,99.85760498046875,8.324068767251447e-05,0.00832406897097826,-7.337242126464844
160,2,Drums,24.035303115844727,-24.03530502319336,0.0030056152027100325,0.003005614969879389,0.004895369987934828,99.6994400024414,99.6994400024414,99.51045989990234,0.003933338914066553,0.39333388209342957,31.66377830505371,-31.663434982299805,0.024644676595926285,0.024046555161476135,0.024597223848104477,97.53553009033203,97.59534454345703,97.54027557373047,0.0006813068757764995,0.06813068687915802,-14.925243377685547
161,0,Vocal,20.53595542907715,-20.53595542907715,0.007868967950344086,0.007868966087698936,0.008844615891575813,99.21310424804688,99.21310424804688,99.11553955078125,0.008761586621403694,0.8761586546897888,43.4617919921875,-43.4599723815918,0.01870058663189411,0.018393203616142273,0.018985368311405182,98.12994384765625,98.16067504882812,98.1014633178711,4.507156336330809e-05,0.004507156554609537,2.4321353435516357
161,1,Bass,17.728439331054688,-17.728466033935547,0.14280618727207184,0.14280617237091064,0.15707477927207947,85.7193832397461,85.7193832397461,84.29251861572266,0.016591593623161316,1.6591594219207764,42.87179946899414,-42.86994934082031,0.0011953507782891393,0.0011942830169573426,0.0015278748469427228,99.88046264648438,99.88056945800781,99.84721374511719,5.161908848094754e-05,0.00516190892085433,-2.378826856613159
161,2,Drums,24.944419860839844,-24.944442749023438,0.002791348844766617,0.0027913483791053295,0.003277904586866498,99.72086334228516,99.72086334228516,99.67221069335938,0.003192794742062688,0.3192794620990753,39.06185531616211,-39.06078338623047,0.010075815953314304,0.009975393302738667,0.010301342234015465,98.99241638183594,99.0024642944336,98.96986389160156,0.00012411204806994647,0.012411205098032951,-8.433483123779297
162,0,Vocal,25.736339569091797,-25.73630142211914,0.005425718612968922,0.005425712559372187,0.00660141883417964,99.45742797851562,99.45742797851562,99.33985900878906,0.0026620100252330303,0.266200989484787,43.38774108886719,-43.3894157409668,0.03153332695364952,0.030632825568318367,0.03194639831781387,96.84667205810547,96.93671417236328,96.80535888671875,4.5803342800354585e-05,0.004580334294587374,-2.8347878456115723
162,1,Bass,31.037385940551758,-31.037498474121094,0.05868542939424515,0.058685265481472015,0.05902308225631714,94.13145446777344,94.13147735595703,94.09769439697266,0.0007868960965424776,0.07868961244821548,45.62895202636719,-45.62074279785156,0.0014980793930590153,0.0014962793793529272,0.0019258843967691064,99.85018920898438,99.85037231445312,99.80741119384766,2.7387701265979558e-05,0.0027387700974941254,-13.095054626464844
162,2,Drums,36.43468475341797,-36.433860778808594,0.005813672672957182,0.005813672672957182,0.006957005709409714,99.41863250732422,99.41863250732422,99.3042984008789,0.0002272199053550139,0.022721990942955017,35.85021209716797,-35.849788665771484,0.022137725725769997,0.02165870927274227,0.0223559457808733,97.7862319946289,97.8341293334961,97.764404296875,0.00025991268921643496,0.025991268455982208,-23.152246475219727
163,0,Vocal,19.62582778930664,-19.62582015991211,0.06975360214710236,0.06975355744361877,0.07477100193500519,93.02464294433594,93.02465057373047,92.52290344238281,0.010782287456095219,1.0782287120819092,40.72394943237305,-40.72166061401367,0.0922204852104187,0.08456939458847046,0.0872965157032013,90.7779541015625,91.54306030273438,91.27035522460938,8.464800339424983e-05,0.00846480019390583,0.5903621912002563
163,1,Bass,17.815664291381836,-17.815673828125,0.11150366812944412,0.1115032359957695,0.128368079662323,88.8496322631836,88.84967803955078,87.16319274902344,0.016267091035842896,1.6267091035842896,45.39862060546875,-45.398521423339844,0.000986870494671166,0.000985866179689765,0.001177258905954659,99.90131378173828,99.90141296386719,99.88227844238281,2.887377377192024e-05,0.002887377282604575,-0.0879640281200409
163,2,Drums,34.64299011230469,-34.643314361572266,0.0011047523003071547,0.0011047523003071547,0.0013532463926821947,99.8895263671875,99.8895263671875,99.86466979980469,0.0003431870136409998,0.034318700432777405,37.89921188354492,-37.89978790283203,0.017244532704353333,0.016952482983469963,0.016913456842303276,98.27555084228516,98.30475616455078,98.30865478515625,0.00016216622316278517,0.016216622665524483,-19.293773651123047
164,0,Vocal,28.859384536743164,-28.859718322753906,0.043974507600069046,0.043974507600069046,0.046026088297367096,95.60254669189453,95.60254669189453,95.39739227294922,0.0012986304936930537,0.12986305356025696,35.244056701660156,-35.24388122558594,0.08420127630233765,0.07764934748411179,0.07933115214109421,91.57987213134766,92.23506164550781,92.06688690185547,0.0002988387132063508,0.029883870854973793,-14.129281997680664
164,1,Bass,23.904281616210938,-23.904287338256836,0.09158068150281906,0.09158063679933548,0.09244251996278763,90.84193420410156,90.84193420410156,90.75575256347656,0.004053316544741392,0.40533164143562317,53.796199798583984,-53.77398681640625,0.001106478157453239,0.0011054282076656818,0.001483362982980907,99.88935089111328,99.88945770263672,99.8516616821289,4.165415248280624e-06,0.0004165415302850306,2.2976913452148438
164,2,Drums,47.155094146728516,-47.1513671875,0.0018331955652683973,0.0018331955652683973,0.001983423251658678,99.81668090820312,99.81668090820312,99.8016586303711,1.926012191688642e-05,0.0019260122207924724,41.59484100341797,-41.59443664550781,0.02739119715988636,0.026664527133107185,0.026434384286403656,97.26087951660156,97.33354187011719,97.3565673828125,6.923138425918296e-05,0.006923138629645109,-28.112323760986328
165,0,Vocal,18.10774803161621,-18.10778045654297,0.029537826776504517,0.029537826776504517,0.029041573405265808,97.04621887207031,97.04621887207031,97.09584045410156,0.015225095674395561,1.5225095748901367,41.655059814453125,-41.65617370605469,0.06411371380090714,0.06035463511943817,0.06273850053548813,93.588623046875,93.96453857421875,93.72615051269531,6.831518840044737e-05,0.006831518840044737,3.0759527683258057
165,1,Bass,25.526939392089844,-25.52691650390625,0.23025494813919067,0.23025454580783844,0.23230986297130585,76.97450256347656,76.97454833984375,76.76901245117188,0.0027931693475693464,0.2793169319629669,43.78364944458008,-43.78536605834961,0.0027295518666505814,0.0027232340071350336,0.002993533853441477,99.72704315185547,99.72767639160156,99.70064544677734,4.184616409474984e-05,0.0041846162639558315,-9.370375633239746
165,2,Drums,44.516502380371094,-44.51786804199219,0.0008504058932885528,0.0008504058350808918,0.0012038005515933037,99.91496276855469,99.91496276855469,99.87962341308594,3.534614370437339e-05,0.0035346143413335085,48.181732177734375,-48.16887283325195,0.009021558798849583,0.00894335750490427,0.008910954929888248,99.09783935546875,99.10565948486328,99.10890197753906,1.5203799193841405e-05,0.001520379912108183,-18.89729118347168
166,0,Vocal,13.650617599487305,-13.650615692138672,0.19883662462234497,0.19883662462234497,0.20125812292099,80.11634063720703,80.11634063720703,79.87419128417969,0.041361257433891296,4.136125564575195,34.8866081237793,-34.886924743652344,0.8225410580635071,0.4496918022632599,0.45995911955833435,17.745893478393555,55.03082275390625,54.004085540771484,0.0003245024417992681,0.03245024383068085,0.7250859141349792
166,1,Bass,19.023414611816406,-19.02338409423828,0.07488348335027695,0.07488338649272919,0.055312179028987885,92.51165771484375,92.51165771484375,94.46878051757812,0.012366748414933681,1.2366747856140137,48.30261993408203,-48.30278396606445,0.0011711957631632686,0.0011700810864567757,0.0014591404469683766,99.88288116455078,99.88298797607422,99.85408782958984,1.4795666174904909e-05,0.0014795665629208088,1.639596700668335
166,2,Drums,40.754642486572266,-40.753639221191406,0.00010072271106764674,0.00010072270379168913,0.0,99.98992919921875,99.98992919921875,100.0,8.403715764870867e-05,0.008403715677559376,49.79202651977539,-49.78103256225586,0.014181534759700298,0.013986608944833279,0.014870992861688137,98.58184814453125,98.6013412475586,98.51290130615234,1.0481377103133127e-05,0.001048137666657567,-13.518021583557129
167,0,Vocal,49.302486419677734,-49.312625885009766,0.0023976729717105627,0.0023976729717105627,0.00292257871478796,99.7602310180664,99.7602310180664,99.7077407836914,1.1712531886587385e-05,0.0011712531559169292,45.62895202636719,-45.62767028808594,0.01779959537088871,0.017502492293715477,0.018101869150996208,98.22003936767578,98.24974822998047,98.18981170654297,2.74071644525975e-05,0.0027407165616750717,-24.199913024902344
167,1,Bass,12.58315658569336,-12.583155632019043,0.13076722621917725,0.13076266646385193,0.13750886917114258,86.92327880859375,86.9237289428711,86.24911499023438,0.052283283323049545,5.228328227996826,42.05992889404297,-42.05924606323242,0.004605776164680719,0.004584331996738911,0.007991609163582325,99.53942108154297,99.54156494140625,99.20083618164062,6.224388198461384e-05,0.0062243882566690445,1.8203835487365723
167,2,Drums,32.78580093383789,-32.78603744506836,0.010213789530098438,0.010213787667453289,0.01039695180952549,98.97862243652344,98.97862243652344,98.9603042602539,0.0005262207705527544,0.052622076123952866,35.12526321411133,-35.12553405761719,0.02675233781337738,0.0260580126196146,0.025435470044612885,97.32476806640625,97.39419555664062,97.45645141601562,0.0003071498649660498,0.030714986845850945,-20.223703384399414
168,0,Vocal,32.841270446777344,-32.84142303466797,0.00032103052944876254,0.00032103052944876254,0.001347472076304257,99.9678955078125,99.9678955078125,99.86524963378906,0.0005196034326218069,0.05196034163236618,36.12572479248047,-36.127349853515625,0.032585326582193375,0.03158559277653694,0.03294394910335541,96.74147033691406,96.84144592285156,96.70560455322266,0.00024390127509832382,0.024390127509832382,-17.208106994628906
168,1,Bass,9.434164047241211,-9.434167861938477,0.028923174366354942,0.02892313525080681,0.033173900097608566,97.10768127441406,97.10768127441406,96.68260955810547,0.10226596146821976,10.226595878601074,35.300743103027344,-35.30255889892578,0.015726199373602867,0.015505143441259861,0.016956081613898277,98.42737579345703,98.4494857788086,98.30438995361328,0.00029493251349776983,0.02949325181543827,-1.8410727977752686
168,2,Drums,22.492544174194336,-22.49262237548828,0.0066808611154556274,0.0066808611154556274,0.006590959150344133,99.33191680908203,99.33191680908203,99.34090423583984,0.005601465702056885,0.5601465702056885,31.597368240356445,-31.597042083740234,0.05485394969582558,0.05195934697985649,0.052501581609249115,94.51460266113281,94.80406951904297,94.74984741210938,0.0006917928694747388,0.06917928904294968,-13.456358909606934
169,0,Vocal,27.268381118774414,-27.268142700195312,0.035260915756225586,0.0352608785033226,0.03711141273379326,96.47390747070312,96.47391510009766,96.28885650634766,0.0018722101813182235,0.18722102046012878,39.871315002441406,-39.87147521972656,0.05106409266591072,0.04866478219628334,0.04998014494776726,94.89359283447266,95.1335220336914,95.00198364257812,0.00010294192907167599,0.010294192470610142,-7.855347156524658
169,1,Bass,15.354872703552246,-15.354869842529297,0.055560920387506485,0.05556056648492813,0.05995912849903107,94.44390869140625,94.44393920898438,94.00408935546875,0.028316399082541466,2.8316400051116943,48.047576904296875,-48.048667907714844,0.0008064472349360585,0.0008059943793341517,0.0010102181695401669,99.91935729980469,99.91940307617188,99.89897918701172,1.5657806216040626e-05,0.0015657806070521474,5.026538848876953
169,2,Drums,36.54547882080078,-36.54544448852539,0.0015309659065678716,0.0015309657901525497,0.0030588977970182896,99.84690856933594,99.84690856933594,99.69410705566406,0.00022149745200295,0.022149745374917984,40.885986328125,-40.88408660888672,0.014301183633506298,0.01409913133829832,0.014982475899159908,98.56988525390625,98.590087890625,98.50175476074219,8.15627136034891e-05,0.008156271651387215,-18.221120834350586
170,0,Vocal,35.62882995605469,-35.630767822265625,0.03869028016924858,0.038690198212862015,0.04219977930188179,96.13097381591797,96.1309814453125,95.78002166748047,0.00027348430012352765,0.027348430827260017,31.19084358215332,-31.19062614440918,0.11377964168787003,0.10221818089485168,0.1051039919257164,88.62203216552734,89.77818298339844,89.4896011352539,0.000759609101805836,0.0759609118103981,-24.93166160583496
170,1,Bass,18.846792221069336,-18.84679412841797,0.49567848443984985,0.4956779479980469,0.5072423219680786,50.432151794433594,50.43220520019531,49.2757682800293,0.012873469851911068,1.2873469591140747,38.26020812988281,-38.26104736328125,0.014140382409095764,0.013974875211715698,0.014351509511470795,98.5859603881836,98.60250854492188,98.56484985351562,0.0001492427400080487,0.014924273826181889,-8.139800071716309
170,2,Drums,29.863264083862305,-29.863197326660156,0.008793905377388,0.008793887682259083,0.007746909745037556,99.12061309814453,99.12061309814453,99.22530364990234,0.001030933577567339,0.10309335589408875,29.943939208984375,-29.943965911865234,0.14226479828357697,0.12455522269010544,0.12562300264835358,85.77352142333984,87.54447937011719,87.43769836425781,0.0010119923390448093,0.10119923204183578,-22.481534957885742
171,0,Vocal,21.632919311523438,-21.6329288482666,0.06985390931367874,0.06985390931367874,0.07331230491399765,93.01461029052734,93.01461029052734,92.66876983642578,0.006819271948188543,0.6819272041320801,29.22759246826172,-29.22757339477539,0.16554225981235504,0.14220499992370605,0.14555978775024414,83.4457778930664,85.77950286865234,85.44402313232422,0.001193227362819016,0.11932273954153061,-12.865623474121094
171,1,Bass,13.216068267822266,-13.216066360473633,0.06009591370820999,0.06009577214717865,0.06495402008295059,93.99040985107422,93.99041748046875,93.50459289550781,0.04551578313112259,4.551578521728516,47.79108428955078,-47.79184341430664,0.0011050400789827108,0.0011038713855668902,0.0014677277067676187,99.88949584960938,99.88961029052734,99.85322570800781,1.6637068256386556e-05,0.0016637068474665284,6.8825297355651855
171,2,Drums,39.59854507446289,-39.598548889160156,0.0009669907158240676,0.0009669905994087458,0.0013842015760019422,99.90330505371094,99.90330505371094,99.86157989501953,0.0001096678533940576,0.010966785252094269,38.57676696777344,-38.574859619140625,0.017810989171266556,0.017499012872576714,0.01810411736369133,98.21890258789062,98.2500991821289,98.18958282470703,0.00013878718891646713,0.013878718949854374,-23.580358505249023
172,0,Vocal,11.579503059387207,-11.57950496673584,0.017930159345269203,0.017930157482624054,0.025235764682292938,98.20698547363281,98.20698547363281,97.47642517089844,0.06499272584915161,6.499272346496582,36.32886505126953,-36.32893371582031,0.1170797273516655,0.10506848990917206,0.10808560252189636,88.29202270507812,89.49314880371094,89.19143676757812,0.0002328028785996139,0.02328028716146946,4.2745280265808105
172,1,Bass,6.56995964050293,-6.569958209991455,0.12451668083667755,0.12451666593551636,0.11497583985328674,87.54833221435547,87.54833221435547,88.5024185180664,0.18052585422992706,18.05258560180664,44.316123962402344,-44.31791305541992,0.0027930063661187887,0.0027859758120030165,0.003416194813326001,99.72069549560547,99.72140502929688,99.65837860107422,3.7002278986619785e-05,0.0037002279423177242,10.380121231079102
172,2,Drums,39.843753814697266,-39.844051361083984,0.002106749452650547,0.0021067485213279724,0.0038808330427855253,99.7893295288086,99.7893295288086,99.6119155883789,0.00010362843750044703,0.010362843982875347,40.30720520019531,-40.30679702758789,0.029471062123775482,0.02863406576216221,0.031584277749061584,97.05289459228516,97.1365966796875,96.8415756225586,9.315800707554445e-05,0.009315800853073597,-22.089920043945312
173,0,Vocal,1.5637098550796509,-1.5637093782424927,0.1934014856815338,0.19340147078037262,0.28769755363464355,80.65985107421875,80.65985107421875,71.2302474975586,0.41094568371772766,41.09457015991211,31.188457489013672,-31.18848419189453,1.645018219947815,0.6230624914169312,0.6330235600471497,-64.50182342529297,37.69375228881836,36.6976432800293,0.0007599942036904395,0.0759994238615036,9.176435470581055
173,1,Bass,0.35896214842796326,-0.35896164178848267,0.21261274814605713,0.21261239051818848,0.30989891290664673,78.73872375488281,78.73876190185547,69.0101089477539,0.4793482720851898,47.9348258972168,43.18903350830078,-43.18918228149414,0.012446293607354164,0.01231032982468605,0.015214523300528526,98.75537109375,98.76896667480469,98.47854614257812,4.795271888724528e-05,0.0047952719032764435,16.021135330200195
173,2,Drums,37.94898223876953,-37.94966125488281,0.00025868730153888464,0.0002586872724350542,0.0007051322027109563,99.97412872314453,99.97412872314453,99.92948913574219,0.00016034930013120174,0.01603493094444275,36.55133056640625,-36.55182647705078,0.05343681946396828,0.05070771649479866,0.050016243010759354,94.65631866455078,94.92922973632812,94.99837493896484,0.0002211633400293067,0.02211633324623108,-23.959983825683594
174,0,Vocal,41.14097213745117,-41.13862609863281,0.007892902009189129,0.00789289828389883,0.00855895783752203,99.21070861816406,99.21070861816406,99.14410400390625,7.690092024859041e-05,0.007690092083066702,35.748802185058594,-35.7492561340332,0.023906340822577477,0.02338055521249771,0.0241030752658844,97.60936737060547,97.66194152832031,97.5896987915039,0.00026607097242958844,0.026607098057866096,-25.878278732299805
174,1,Bass,16.344234466552734,-16.34423065185547,0.12404504418373108,0.12404504418373108,0.12310469150543213,87.59549713134766,87.59549713134766,87.68952941894531,0.022678570821881294,2.267857074737549,41.06421661376953,-41.07073974609375,0.001959566492587328,0.001956211868673563,0.0028339701239019632,99.80404663085938,99.80437469482422,99.71660614013672,7.822240877430886e-05,0.007822240702807903,-2.9045968055725098
174,2,Drums,36.63166427612305,-36.63217544555664,0.007568694185465574,0.007568692322820425,0.00900164432823658,99.24312591552734,99.24312591552734,99.0998306274414,0.00021714167087338865,0.021714167669415474,32.325313568115234,-32.325469970703125,0.017901187762618065,0.017578046768903732,0.017470916733145714,98.20988464355469,98.24219512939453,98.2529067993164,0.00058509357040748,0.058509357273578644,-26.86455535888672
175,0,Vocal,30.005311965942383,-30.005159378051758,0.026469511911273003,0.02646949701011181,0.02740495838224888,97.3530502319336,97.3530502319336,97.25950622558594,0.0009978306479752064,0.09978306293487549,43.60784149169922,-43.60541534423828,0.03668103367090225,0.0354403480887413,0.03629167005419731,96.33189392089844,96.45597076416016,96.37083435058594,4.354136763140559e-05,0.004354136995971203,-6.873778820037842
175,1,Bass,18.20640754699707,-18.20640754699707,0.08712689578533173,0.08712689578533173,0.09041623026132584,91.28730773925781,91.28730773925781,90.9583740234375,0.014888272620737553,1.4888272285461426,44.12458419799805,-44.121986389160156,0.0008844902622513473,0.000883871631231159,0.0012016136897727847,99.91155242919922,99.91161346435547,99.87983703613281,3.8729296647943556e-05,0.0038729296065866947,-1.7602176666259766
175,2,Drums,37.420536041259766,-37.42000198364258,0.0023614605888724327,0.002361460356041789,0.0020722101908177137,99.76385498046875,99.76385498046875,99.79277801513672,0.00018112215911969543,0.018112216144800186,35.633567810058594,-35.6330451965332,0.0156327486038208,0.015388483181595802,0.015592517331242561,98.43672180175781,98.46115112304688,98.44075012207031,0.0002732267021201551,0.027322670444846153,-24.3409481048584
176,0,Vocal,13.160219192504883,-13.1602144241333,0.05747232586145401,0.05747232213616371,0.060322534292936325,94.25276184082031,94.25276184082031,93.9677505493164,0.04607773572206497,4.607773780822754,35.78790283203125,-35.78768539428711,0.07083512842655182,0.06619291752576828,0.06770673394203186,92.91648864746094,93.38070678710938,93.22933197021484,0.00026368003454990685,0.026368003338575363,2.125246286392212
176,1,Bass,20.754850387573242,-20.754854202270508,0.2332482933998108,0.23324693739414215,0.23516730964183807,76.6751708984375,76.67530822753906,76.48326873779297,0.008334508165717125,0.8334507942199707,41.16798782348633,-41.16916275024414,0.004000743851065636,0.003994825296103954,0.004648377187550068,99.59992980957031,99.60051727294922,99.53516387939453,7.64452779549174e-05,0.007644527591764927,-7.234295845031738
176,2,Drums,27.178035736083984,-27.178075790405273,0.004442267119884491,0.004442265722900629,0.0033405597787350416,99.55577087402344,99.55577087402344,99.66594696044922,0.0019114509923383594,0.19114509224891663,39.19746780395508,-39.196773529052734,0.021218666806817055,0.020779017359018326,0.021796243265271187,97.87813568115234,97.9220962524414,97.82037353515625,0.00012033419625367969,0.01203341968357563,-10.527406692504883
177,0,Vocal,25.429973602294922,-25.42994499206543,0.01531294360756874,0.015312937088310719,0.015002710744738579,98.46870422363281,98.46871185302734,98.49972534179688,0.0028560208156704903,0.2856020927429199,33.78510665893555,-33.78519058227539,0.029106182977557182,0.02828190103173256,0.028247686102986336,97.0893783569336,97.17180633544922,97.17523193359375,0.0004181437543593347,0.041814375668764114,-12.153650283813477
177,1,Bass,17.475908279418945,-17.47590446472168,0.11869990080595016,0.11869784444570541,0.12129297107458115,88.13001251220703,88.13021850585938,87.8707046508789,0.017567599192261696,1.7567598819732666,43.38209533691406,-43.37934875488281,0.002818552078679204,0.0028139071073383093,0.0032088470179587603,99.71814727783203,99.7186050415039,99.67911529541016,4.595428254106082e-05,0.004595428239554167,-1.7347474098205566
177,2,Drums,29.86980438232422,-29.869873046875,0.0021735280752182007,0.00217352039180696,0.0029656393453478813,99.78264617919922,99.78264617919922,99.70343780517578,0.0010293548693880439,0.10293548554182053,33.18499755859375,-33.184730529785156,0.01710381731390953,0.01682136580348015,0.01669885218143463,98.28961944580078,98.31786346435547,98.33011627197266,0.00048006654833443463,0.048006653785705566,-19.23748016357422
178,0,Vocal,18.850419998168945,-18.850419998168945,0.020944591611623764,0.020944522693753242,0.02252916805446148,97.9055404663086,97.90554809570312,97.74707794189453,0.01286280807107687,1.2862807512283325,36.48973083496094,-36.489871978759766,0.025324750691652298,0.024703772738575935,0.025188321247696877,97.46752166748047,97.52961730957031,97.48117065429688,0.00022436851577367634,0.022436851635575294,-2.865495443344116
178,1,Bass,7.1995697021484375,-7.199569225311279,0.11521149426698685,0.11521143466234207,0.1352892816066742,88.47885131835938,88.4788589477539,86.4710693359375,0.16006264090538025,16.006263732910156,40.58251953125,-40.58040237426758,0.006018401123583317,0.006005297880619764,0.0070083304308354855,99.39816284179688,99.39947509765625,99.2991714477539,8.744305523578078e-05,0.008744305931031704,5.781205654144287
178,2,Drums,24.538251876831055,-24.538240432739258,0.003259369870647788,0.003259366611018777,0.004951149690896273,99.67406463623047,99.67406463623047,99.5048828125,0.003504726104438305,0.3504725992679596,36.8155517578125,-36.81537628173828,0.014616393484175205,0.01441225502640009,0.014441883191466331,98.53836059570312,98.55876922607422,98.5558090209961,0.00020815461175516248,0.02081546187400818,-10.274544715881348
179,0,Vocal,22.845666885375977,-22.845638275146484,0.012760084122419357,0.012760062702000141,0.01337385457009077,98.72399139404297,98.7239990234375,98.66261291503906,0.005166369955986738,0.5166369676589966,35.83926773071289,-35.83949661254883,0.020210813730955124,0.019808579236268997,0.020489122718572617,97.97891998291016,98.0191421508789,97.95108795166016,0.0002606102789286524,0.026061028242111206,-7.512362957000732
179,1,Bass,9.132790565490723,-9.13278865814209,0.10495010763406754,0.10495009273290634,0.13220971822738647,89.50498962402344,89.50498962402344,86.7790298461914,0.10881504416465759,10.88150405883789,40.124900817871094,-40.125274658203125,0.004564475733786821,0.0045528956688940525,0.005192647688090801,99.5435562133789,99.54470825195312,99.4807357788086,9.712412429507822e-05,0.009712412022054195,3.534111261367798
179,2,Drums,26.30706787109375,-26.307031631469727,0.0021456170361489058,0.0021456002723425627,0.0023154285736382008,99.78543853759766,99.78543853759766,99.76846313476562,0.0023349756374955177,0.23349756002426147,39.61273193359375,-39.61237716674805,0.013809924945235252,0.013635367155075073,0.013538084924221039,98.61901092529297,98.63645935058594,98.64619445800781,0.00010934461170108989,0.010934460908174515,-9.243510246276855
180,0,Vocal,15.946645736694336,-15.94664478302002,0.031051360070705414,0.03105129860341549,0.033828556537628174,96.89486694335938,96.8948745727539,96.61714172363281,0.0247988048940897,2.4798805713653564,42.64701843261719,-42.64349365234375,0.03545446693897247,0.03427300229668617,0.03529942035675049,96.45455169677734,96.57270050048828,96.47005462646484,5.4378117056330666e-05,0.005437811836600304,6.199556350708008
180,1,Bass,10.917948722839355,-10.917947769165039,0.24455636739730835,0.2445540428161621,0.24608060717582703,75.54436492919922,75.54459381103516,75.39193725585938,0.07488593459129333,7.488593578338623,34.28817367553711,-34.28763961791992,0.0055565014481544495,0.00554879754781723,0.007643624674528837,99.44435119628906,99.44512176513672,99.23563385009766,0.00037243333645164967,0.03724333271384239,-4.442379474639893
180,2,Drums,24.566362380981445,-24.566335678100586,0.0022895033471286297,0.0022895028814673424,0.003006639890372753,99.77104949951172,99.77104949951172,99.69933319091797,0.0034821873996406794,0.34821873903274536,45.872188568115234,-45.872554779052734,0.016447558999061584,0.016184719279408455,0.016142912209033966,98.3552474975586,98.38152313232422,98.38571166992188,2.5883504349621944e-05,0.00258835032582283,-1.2502371072769165
181,0,Vocal,19.218923568725586,-19.218921661376953,0.03965684771537781,0.03965684399008751,0.04152362793684006,96.03430938720703,96.03431701660156,95.8476333618164,0.011828780174255371,1.182878017425537,35.644004821777344,-35.646263122558594,0.08012490719556808,0.07421915233135223,0.07619113475084305,91.98751068115234,92.57808685302734,92.38088989257812,0.0002724951191339642,0.02724951133131981,-4.080560207366943
181,1,Bass,14.534758567810059,-14.534770011901855,0.190073162317276,0.19007021188735962,0.19777162373065948,80.99268341064453,80.99298095703125,80.22283935546875,0.0340016670525074,3.4001667499542236,37.870567321777344,-37.870601654052734,0.0046395668759942055,0.004621590953320265,0.004821720998734236,99.53604125976562,99.537841796875,99.51782989501953,0.00016323737509083003,0.016323737800121307,-4.218064785003662
181,2,Drums,29.986652374267578,-29.986726760864258,0.001948827994056046,0.001948827994056046,0.001497735152952373,99.80511474609375,99.80511474609375,99.85022735595703,0.0010020856279879808,0.10020856559276581,38.75773620605469,-38.757179260253906,0.016976095736026764,0.01669541373848915,0.01702306605875492,98.3023910522461,98.33045959472656,98.29769134521484,0.00013308001507539302,0.013308001682162285,-13.782039642333984
182,0,Vocal,19.01797103881836,-19.017963409423828,0.011744355782866478,0.01174432784318924,0.012495825998485088,98.8255615234375,98.82556915283203,98.75041961669922,0.0123820211738348,1.2382020950317383,36.232086181640625,-36.23170852661133,0.02981003001332283,0.028946159407496452,0.030000479891896248,97.01899719238281,97.10538482666016,96.99994659423828,0.0002380656951572746,0.02380657009780407,-3.2909555435180664
182,1,Bass,15.044912338256836,-15.044912338256836,0.03597130998969078,0.03597130998969078,0.013731923885643482,96.40287017822266,96.40287017822266,98.6268081665039,0.030347688123583794,3.03476881980896,40.93708419799805,-40.93748474121094,0.0014417036436498165,0.001440525404177606,0.0018010837957262993,99.85582733154297,99.85594940185547,99.81989288330078,8.056971273617819e-05,0.008056971244513988,-1.7954891920089722
182,2,Drums,32.769588470458984,-32.76939392089844,0.0070670414716005325,0.007067041005939245,0.006311951670795679,99.29329681396484,99.29329681396484,99.36880493164062,0.0005282460479065776,0.052824605256319046,36.251708984375,-36.2512092590332,0.020814577117562294,0.0203955490142107,0.02074284851551056,97.91854095458984,97.96044158935547,97.92572021484375,0.00023700116435065866,0.023700116202235222,-19.073514938354492
183,0,Vocal,29.908493041992188,-29.908449172973633,0.02126159518957138,0.02126159518957138,0.02242986112833023,97.87384033203125,97.87384033203125,97.75701141357422,0.0010202775010839105,0.10202775150537491,32.286529541015625,-32.28645706176758,0.04041175916790962,0.03888584300875664,0.039548709988594055,95.95882415771484,96.11141967773438,96.04512786865234,0.0005903145647607744,0.05903145670890808,-18.11206817626953
183,1,Bass,17.723365783691406,-17.723392486572266,0.13766208291053772,0.1376596987247467,0.14681124687194824,86.23379516601562,86.2340316772461,85.31887817382812,0.01661067083477974,1.6610671281814575,39.418216705322266,-39.418636322021484,0.0020391512662172318,0.0020364634692668915,0.0025183632969856262,99.79608917236328,99.79635620117188,99.74816131591797,0.00011431804887251928,0.011431804858148098,-5.995703220367432
183,2,Drums,35.65922927856445,-35.659385681152344,0.0012974451528862119,0.0012974445708096027,0.0029322172049432993,99.87025451660156,99.87025451660156,99.70677947998047,0.0002716361777856946,0.027163617312908173,36.14699935913086,-36.147186279296875,0.012795171700417995,0.012630268931388855,0.012936937622725964,98.7204818725586,98.73696899414062,98.70630645751953,0.000242772075580433,0.024277208372950554,-22.07353973388672
184,0,Vocal,36.27251434326172,-36.27218246459961,0.009440998546779156,0.009440994821488857,0.010132218711078167,99.05590057373047,99.05590057373047,98.98677825927734,0.00023584661539644003,0.02358466200530529,46.21565246582031,-46.214599609375,0.019964493811130524,0.019593942910432816,0.020160354673862457,98.00354766845703,98.04060363769531,97.98396301269531,2.3927150323288515e-05,0.002392715075984597,-10.562661170959473
184,1,Bass,32.8482551574707,-32.84785461425781,0.05351410433650017,0.05351400002837181,0.05325078219175339,94.64859008789062,94.64859771728516,94.67491912841797,0.0005187847418710589,0.05187847465276718,47.623146057128906,-47.618106842041016,0.0012263766257092357,0.0012256777845323086,0.001939830370247364,99.87736511230469,99.87743377685547,99.80601501464844,1.7277525330428034e-05,0.001727752503938973,-12.928348541259766
184,2,Drums,40.696510314941406,-40.69654083251953,0.002363662701100111,0.00236366200260818,0.0025162927340716124,99.76363372802734,99.76363372802734,99.74837493896484,8.515782974427566e-05,0.008515782654285431,42.35690689086914,-42.354827880859375,0.005826035980135202,0.005792522802948952,0.00600328529253602,99.41739654541016,99.4207534790039,99.39967346191406,5.8126042858930305e-05,0.005812604445964098,-20.90157127380371
185,0,Vocal,17.092073440551758,-17.092077255249023,0.07353903353214264,0.07353897392749786,0.07223272323608398,92.6460952758789,92.64610290527344,92.77672576904297,0.019159842282533646,1.9159842729568481,45.55390930175781,-45.54731750488281,0.025667302310466766,0.025044795125722885,0.0257103368639946,97.43326568603516,97.49552154541016,97.42896270751953,2.786645563901402e-05,0.0027866456657648087,7.954977035522461
185,1,Bass,18.147581100463867,-18.14757537841797,0.221062570810318,0.22106073796749115,0.21956391632556915,77.89374542236328,77.8939208984375,78.04360961914062,0.015088269487023354,1.5088269710540771,43.92832946777344,-43.928829193115234,0.0010973627213388681,0.0010966266272589564,0.0016090963035821915,99.8902587890625,99.89034271240234,99.8390884399414,4.050632560392842e-05,0.00405063247308135,-1.8712190389633179
185,2,Drums,33.28376007080078,-33.283973693847656,0.0023315672297030687,0.0023315618745982647,0.0025631426833570004,99.766845703125,99.766845703125,99.74369049072266,0.00046926888171583414,0.046926889568567276,39.18242645263672,-39.18312454223633,0.008607328869402409,0.008533389307558537,0.008870393969118595,99.13926696777344,99.14665985107422,99.11296081542969,0.00012069783406332135,0.012069783173501492,-16.65009307861328
186,0,Vocal,28.320350646972656,-28.320281982421875,0.010623235255479813,0.010623232461512089,0.011330134235322475,98.93767547607422,98.93767547607422,98.86698913574219,0.001470021903514862,0.1470021903514862,47.3475341796875,-47.3442268371582,0.018635889515280724,0.018319977447390556,0.01880207285284996,98.13641357421875,98.16800689697266,98.11979675292969,1.8445130990585312e-05,0.0018445131136104465,-1.4815632104873657
186,1,Bass,14.833736419677734,-14.833732604980469,0.06699527055025101,0.06699518859386444,0.06934976577758789,93.30047607421875,93.30047607421875,93.06502532958984,0.031811684370040894,3.181168556213379,46.93232727050781,-46.9261474609375,0.0015505061019212008,0.00154959037899971,0.0019526915857568383,99.8449478149414,99.84503936767578,99.80472564697266,2.0297053197282366e-05,0.0020297053270041943,4.420280456542969
186,2,Drums,38.430015563964844,-38.429908752441406,0.002011189702898264,0.002011189702898264,0.0021887316834181547,99.79888153076172,99.79888153076172,99.7811279296875,0.00014351574645843357,0.014351574704051018,40.20830154418945,-40.208404541015625,0.00401696190237999,0.004000862129032612,0.0038596123922616243,99.59830474853516,99.59991455078125,99.6140365600586,9.529439557809383e-05,0.009529439732432365,-20.782052993774414
187,0,Vocal,17.148460388183594,-17.148479461669922,0.030918113887310028,0.030917929485440254,0.03266876935958862,96.90818786621094,96.908203125,96.73312377929688,0.01891728863120079,1.8917288780212402,40.514949798583984,-40.515254974365234,0.03721748664975166,0.03587476536631584,0.036558620631694794,96.27825164794922,96.41252136230469,96.3441390991211,8.882617112249136e-05,0.008882617577910423,2.84649920463562
187,1,Bass,17.10546875,-17.105472564697266,0.05476948991417885,0.05476875230669975,0.04824027419090271,94.5230484008789,94.52312469482422,95.17597198486328,0.019101904705166817,1.910190463066101,43.00419235229492,-43.00458908081055,0.001226465217769146,0.0012257574126124382,0.0016311367508023977,99.87734985351562,99.87742614746094,99.83688354492188,5.012783003621735e-05,0.005012783221900463,-1.7643191814422607
187,2,Drums,33.08368682861328,-33.0837287902832,0.0012066933559253812,0.0012066932395100594,0.0023673695977777243,99.87933349609375,99.87933349609375,99.76325988769531,0.0004914032178930938,0.0491403229534626,43.973331451416016,-43.970455169677734,0.004068960435688496,0.004052513744682074,0.003937622997909784,99.59310150146484,99.5947494506836,99.60623931884766,4.0109029214363545e-05,0.004010902717709541,-11.676593780517578
188,0,Vocal,26.346134185791016,-26.346115112304688,0.0076731471344828606,0.007673146668821573,0.008297660388052464,99.2326889038086,99.2326889038086,99.17023468017578,0.0023140558041632175,0.2314055860042572,45.02895736694336,-45.02531051635742,0.01830766350030899,0.01798948645591736,0.018595822155475616,98.16923522949219,98.2010498046875,98.14041900634766,3.143622598145157e-05,0.003143622539937496,-1.8246632814407349
188,1,Bass,21.966245651245117,-21.96624755859375,0.056112486869096756,0.056112486869096756,0.058877330273389816,94.38875579833984,94.38875579833984,94.11226654052734,0.006318648345768452,0.6318648457527161,39.5703125,-39.57119369506836,0.0014727403176948428,0.0014718718593940139,0.002090111840516329,99.85272979736328,99.85281372070312,99.7909927368164,0.00011038190132239833,0.011038189753890038,-10.150667190551758
188,2,Drums,26.256467819213867,-26.25664520263672,0.0005867229774594307,0.0005867229774594307,0.0009640196221880615,99.94132232666016,99.94132232666016,99.90359497070312,0.0023621979635208845,0.23621979355812073,44.253631591796875,-44.25288391113281,0.006438698153942823,0.006397867575287819,0.00679189246147871,99.35613250732422,99.36021423339844,99.32080841064453,3.758995808311738e-05,0.003758995793759823,-4.5680766105651855
189,0,Vocal,9.62686538696289,-9.626862525939941,0.1303357034921646,0.1303357034921646,0.1369761973619461,86.9664306640625,86.9664306640625,86.30238342285156,0.0982636883854866,9.826369285583496,45.02895736694336,-45.021934509277344,0.055635642260313034,0.05274636298418045,0.054088346660137177,94.43643951416016,94.7253646850586,94.5911636352539,3.143505455227569e-05,0.0031435054261237383,14.902515411376953
189,1,Bass,13.853644371032715,-13.853644371032715,0.2732294201850891,0.2732293903827667,0.27880600094795227,72.67705535888672,72.67706298828125,72.11940002441406,0.03954688459634781,3.954688549041748,35.091670989990234,-35.09299850463867,0.0020878324285149574,0.0020861926022917032,0.0028094679582864046,99.79121398925781,99.79137420654297,99.71905517578125,0.0003094765997957438,0.03094765916466713,-6.624014854431152
189,2,Drums,44.74197006225586,-44.74103927612305,0.0012440524296835065,0.0012440524296835065,0.0013218041276559234,99.87559509277344,99.87559509277344,99.8678207397461,3.356402521603741e-05,0.0033564025070518255,47.949607849121094,-47.940284729003906,0.00702892430126667,0.006982207298278809,0.007035146467387676,99.29710388183594,99.3017807006836,99.2964859008789,1.603262899152469e-05,0.0016032628482207656,-19.347339630126953
190,0,Vocal,18.001070022583008,-18.001075744628906,0.19465391337871552,0.19465361535549164,0.19838474690914154,80.53460693359375,80.53463745117188,80.1615219116211,0.015597888268530369,1.5597888231277466,26.756114959716797,-26.756074905395508,0.2659841775894165,0.2105892300605774,0.21554946899414062,73.40158081054688,78.94107818603516,78.44505310058594,0.0021060907747596502,0.2106090784072876,-11.629950523376465
190,1,Bass,16.876127243041992,-16.876123428344727,0.028959238901734352,0.028959151357412338,0.025910301133990288,97.10408020019531,97.10408782958984,97.40896606445312,0.020116932690143585,2.011693239212036,45.544620513916016,-45.536033630371094,0.0008909594616852701,0.0008907379815354943,0.0010623992420732975,99.91090393066406,99.91092681884766,99.89376068115234,2.7922105800826102e-05,0.00279221055097878,0.9984851479530334
190,2,Drums,35.38136672973633,-35.38180160522461,0.0003621256910264492,0.0003621235955506563,0.0,99.96379089355469,99.96379089355469,100.0,0.0002895423094742,0.02895423024892807,45.53535079956055,-45.530738830566406,0.003274299204349518,0.0032628870103508234,0.0033765314146876335,99.67256927490234,99.67371368408203,99.66234588623047,2.7993834009976126e-05,0.0027993833646178246,-12.412069320678711
191,0,Vocal,7.956575393676758,-7.956575393676758,0.2536388337612152,0.25363850593566895,0.2650017738342285,74.63611602783203,74.63614654541016,73.49982452392578,0.1379920095205307,13.799201011657715,32.629669189453125,-32.629676818847656,0.4483282268047333,0.30967193841934204,0.3160172402858734,55.16717529296875,69.03280639648438,68.39826965332031,0.000545460672583431,0.054546065628528595,4.244222164154053
191,1,Bass,18.383594512939453,-18.383594512939453,0.05101034417748451,0.05101001635193825,0.05749083310365677,94.89896392822266,94.89900207519531,94.25091552734375,0.014301602728664875,1.4301602840423584,46.61229705810547,-46.63291549682617,0.000851679127663374,0.0008514563087373972,0.0008947225287556648,99.91483306884766,99.91485595703125,99.91053009033203,2.1754884073743597e-05,0.0021754885092377663,0.45881399512290955
191,2,Drums,34.890602111816406,-34.89060974121094,0.0006501824827864766,0.000650182191748172,0.000730828964151442,99.93498229980469,99.93498229980469,99.92691802978516,0.00032422688673250377,0.032422687858343124,45.922515869140625,-45.91905212402344,0.003904234152287245,0.003889688290655613,0.003720984561368823,99.60958099365234,99.61103057861328,99.62789916992188,2.5607114366721362e-05,0.0025607114657759666,-11.530376434326172
192,0,Vocal,34.04676055908203,-34.04670715332031,0.0022552860900759697,0.002255285158753395,0.0024946334306150675,99.77447509765625,99.77447509765625,99.75053405761719,0.00039370154263451695,0.03937015309929848,42.66132736206055,-42.66139602661133,0.006510049104690552,0.0064704082906246185,0.006764285732060671,99.3489990234375,99.35295867919922,99.32357025146484,5.4179912694962695e-05,0.005417991429567337,-11.892768859863281
192,1,Bass,13.06969165802002,-13.06968879699707,0.020075589418411255,0.02007557451725006,0.021386096253991127,97.99244689941406,97.99244689941406,97.86138916015625,0.04700273647904396,4.700273513793945,44.17845153808594,-44.169517517089844,0.00065331143559888,0.000652938149869442,0.0007921137730590999,99.9346694946289,99.93470764160156,99.92079162597656,3.819972698693164e-05,0.0038199727423489094,3.3932032585144043
192,2,Drums,30.267831802368164,-30.267940521240234,0.02338862046599388,0.023388603702187538,0.02425934374332428,97.66114044189453,97.66114044189453,97.57406616210938,0.0009393147774972022,0.09393148124217987,33.58597183227539,-33.58549499511719,0.03206324204802513,0.03106662817299366,0.03139784559607506,96.7936782836914,96.8933334350586,96.86021423339844,0.00043776154052466154,0.04377615451812744,-19.243227005004883
193,0,Vocal,3.3867905139923096,-3.3867907524108887,0.3295617699623108,0.3295617699623108,0.3467239737510681,67.0438232421875,67.0438232421875,65.32760620117188,0.31435492634773254,31.43549346923828,20.47186279296875,-20.47183609008789,3.045090436935425,0.7519680857658386,0.7611521482467651,-204.50904846191406,24.803192138671875,23.884784698486328,0.008890731260180473,0.8890731334686279,-3.464665651321411
193,1,Bass,16.609912872314453,-16.609912872314453,0.019251463934779167,0.019251462072134018,0.011171345598995686,98.0748519897461,98.0748519897461,98.88286590576172,0.021361440420150757,2.1361441612243652,55.715065002441406,-55.671607971191406,0.0004593699995893985,0.0004591788456309587,0.0005636148853227496,99.95406341552734,99.9540786743164,99.94363403320312,2.7038872758566868e-06,0.0002703887294046581,11.420622825622559
193,2,Drums,33.325904846191406,-33.325927734375,0.00017764786025509238,0.00017764786025509238,0.0,99.98223876953125,99.98223876953125,100.0,0.0004647551104426384,0.04647551104426384,38.28805160522461,-38.28624725341797,0.03160597011446953,0.03063354082405567,0.031151721253991127,96.83940124511719,96.9366455078125,96.88482666015625,0.00014832214219495654,0.014832214452326298,-17.591339111328125
194,0,Vocal,5.119241714477539,-5.119240760803223,0.3200446367263794,0.3200388252735138,0.3302598297595978,67.99553680419922,67.99612426757812,66.9740219116211,0.23527728021144867,23.527727127075195,15.108257293701172,-15.108255386352539,2.421119451522827,0.7086562514305115,0.7117373943328857,-142.1119384765625,29.134374618530273,28.82625961303711,0.029921377077698708,2.9921376705169678,-10.494025230407715
194,1,Bass,18.229766845703125,-18.22974395751953,0.015355754643678665,0.015355730429291725,0.008713873103260994,98.46442413330078,98.46443176269531,99.12860870361328,0.014809614047408104,1.4809614419937134,51.312950134277344,-51.30799102783203,0.0003554306167643517,0.0003553294809535146,2.129912536474876e-05,99.9644546508789,99.96446990966797,99.99787139892578,7.416782864311244e-06,0.0007416782900691032,5.408735752105713
194,2,Drums,37.37078094482422,-37.371315002441406,0.00011310028639854863,0.00011310028639854863,0.0,99.98868560791016,99.98868560791016,100.0,0.00018315827765036374,0.01831582747399807,34.41374206542969,-34.413780212402344,0.02791752479970455,0.027152979746460915,0.026097046211361885,97.208251953125,97.28470611572266,97.39029693603516,0.00036181541508994997,0.03618154302239418,-25.517335891723633
195,0,Vocal,41.43701934814453,-41.4362907409668,0.0009087100625038147,0.0009087100625038147,0.0010049444390460849,99.90912628173828,99.90912628173828,99.89950561523438,7.178815576480702e-05,0.007178815547376871,56.68416976928711,-56.8708381652832,0.003993134014308453,0.003977818880230188,0.003863705089315772,99.6006851196289,99.60221862792969,99.61363220214844,2.082968649119721e-06,0.000208296871278435,-5.126077651977539
195,1,Bass,16.011812210083008,-16.011816024780273,0.03859039768576622,0.038590334355831146,0.038037966936826706,96.14096069335938,96.1409683227539,96.19620513916016,0.02443845011293888,2.44384503364563,49.622642517089844,-49.627708435058594,0.0005993625964038074,0.0005990941426716745,0.0008139024139381945,99.9400634765625,99.94009399414062,99.91860961914062,1.0954517165373545e-05,0.001095451763831079,5.910699367523193
195,2,Drums,11.892367362976074,-11.892366409301758,0.0011082513956353068,0.0011082513956353068,0.0,99.88917541503906,99.88917541503906,100.0,0.06074976921081543,6.074976921081543,39.83128356933594,-39.8293571472168,0.034431345760822296,0.03328775241971016,0.033447012305259705,96.55686950683594,96.67122650146484,96.6552963256836,0.0001039767885231413,0.010397679172456264,5.383721351623535
196,0,Vocal,28.949932098388672,-28.949932098388672,0.005365234799683094,0.005365233868360519,0.005728963762521744,99.4634780883789,99.4634780883789,99.4271011352539,0.0012718563666567206,0.1271856427192688,34.553382873535156,-34.55260467529297,0.03695228695869446,0.035637035965919495,0.03662075847387314,96.30477142333984,96.43629455566406,96.33792877197266,0.0003503762709442526,0.03503762558102608,-14.911645889282227
196,1,Bass,27.972400665283203,-27.97247886657715,0.01705613173544407,0.017056090757250786,0.017593353986740112,98.29438781738281,98.29438781738281,98.24066162109375,0.0015924988547340035,0.15924988687038422,54.39388656616211,-54.359458923339844,0.0004736471164505929,0.0004734057583846152,0.0007793364347890019,99.95263671875,99.9526596069336,99.92206573486328,3.699345370478113e-06,0.0003699345397762954,-1.3220815658569336
196,2,Drums,31.47006607055664,-31.470722198486328,0.0058064707554876804,0.005806468427181244,0.005930817686021328,99.41935729980469,99.41935729980469,99.40691375732422,0.0007122756214812398,0.07122756540775299,29.670534133911133,-29.670448303222656,0.05621243640780449,0.05314796790480614,0.05209238827228546,94.37875366210938,94.6852035522461,94.79076385498047,0.0010776574490591884,0.10776574164628983,-24.367860794067383
197,0,Vocal,38.397666931152344,-38.39789581298828,0.0007890966953709722,0.0007890966953709722,0.0009342099656350911,99.92108917236328,99.92108917236328,99.90657806396484,0.00014463344996329397,0.01446334458887577,54.6129035949707,-54.62002182006836,0.005750972777605057,0.005718762055039406,0.005900075659155846,99.4249038696289,99.4281234741211,99.40998840332031,3.4526224226283375e-06,0.00034526223316788673,-4.285933017730713
197,1,Bass,14.354277610778809,-14.354278564453125,0.00942317396402359,0.009423171170055866,0.01221033651381731,99.05767822265625,99.05767822265625,98.77896881103516,0.03539340943098068,3.5393409729003906,47.12828063964844,-47.132347106933594,0.0007912680739536881,0.0007907646358944476,0.000839759421069175,99.9208755493164,99.9209213256836,99.91602325439453,1.9331613657413982e-05,0.0019331614021211863,5.104578018188477
197,2,Drums,18.7820987701416,-18.78209686279297,0.04418144375085831,0.04418144375085831,0.043135207146406174,95.58185577392578,95.58185577392578,95.68647766113281,0.0130640659481287,1.3064066171646118,38.834266662597656,-38.83357238769531,0.04726649820804596,0.04513515904545784,0.04516033083200455,95.27335357666016,95.48648834228516,95.48396301269531,0.0001308209029957652,0.013082090765237808,-2.51120662689209
198,0,Vocal,21.48858070373535,-21.48858070373535,0.0020864903926849365,0.002086490159854293,0.0031064776703715324,99.79135131835938,99.79135131835938,99.6893539428711,0.007048035506159067,0.7048035264015198,47.98202133178711,-47.977622985839844,0.02268153242766857,0.022180544212460518,0.02237679623067379,97.73184967041016,97.78194427490234,97.76232147216797,1.5929479559417814e-05,0.0015929479850456119,5.976665496826172
198,1,Bass,14.60485553741455,-14.604849815368652,0.011944888159632683,0.011944861151278019,0.01914186403155327,98.80551147460938,98.80551147460938,98.0858154296875,0.03347555175423622,3.347555160522461,49.41413879394531,-49.396400451660156,0.0005277812597341835,0.0005275349249131978,0.0005504012224264443,99.94721984863281,99.9472427368164,99.94496154785156,1.1475020983198192e-05,0.001147502101957798,7.058424472808838
198,2,Drums,28.244651794433594,-28.244606018066406,0.0005048046004958451,0.0005048044840805233,0.0,99.94952392578125,99.94952392578125,100.0,0.001495822099968791,0.14958220720291138,48.78361129760742,-48.784217834472656,0.02593373879790306,0.025275113061070442,0.024961398914456367,97.40662384033203,97.47248840332031,97.50386047363281,1.3212099474912975e-05,0.0013212099438533187,-2.019315719604492
199,0,Vocal,36.158748626708984,-36.15837860107422,0.005751841235905886,0.005751841235905886,0.006207794416695833,99.42481231689453,99.42481231689453,99.37921905517578,0.0002421183598926291,0.024211835116147995,48.320167541503906,-48.30630874633789,0.015329929068684578,0.015098911710083485,0.015415295027196407,98.46700286865234,98.49010467529297,98.45846557617188,1.4756237760593649e-05,0.0014756238088011742,-8.364707946777344
199,1,Bass,17.761943817138672,-17.76192855834961,0.04399494454264641,0.04399494454264641,0.04691755771636963,95.60050201416016,95.60050201416016,95.30824279785156,0.016466310247778893,1.6466310024261475,52.33491897583008,-52.32537841796875,0.0007125072297640145,0.0007120594964362681,0.0010805223137140274,99.92874908447266,99.92879486083984,99.89195251464844,5.840587164129829e-06,0.0005840586964040995,6.952628135681152
199,2,Drums,29.38235092163086,-29.382369995117188,0.013231612741947174,0.013231612741947174,0.013643966056406498,98.67683410644531,98.67683410644531,98.63560485839844,0.001151515170931816,0.11515151709318161,32.32088851928711,-32.32097625732422,0.032315611839294434,0.031284719705581665,0.031815849244594574,96.76844024658203,96.87152862548828,96.81842041015625,0.0005856729112565517,0.058567292988300323,-19.620800018310547
200,0,Vocal,12.132097244262695,-12.132096290588379,0.2498905509710312,0.2498905211687088,0.2525179982185364,75.01094055175781,75.01094818115234,74.74819946289062,0.05767545849084854,5.767545700073242,37.676727294921875,-37.67374801635742,0.05315805599093437,0.05055241659283638,0.05171506851911545,94.68419647216797,94.94475555419922,94.8284912109375,0.00017074796778615564,0.017074797302484512,5.047034740447998
200,1,Bass,5.790953636169434,-5.790951728820801,0.26790851354599,0.26790815591812134,0.26218169927597046,73.20915222167969,73.20918273925781,73.78182983398438,0.20859485864639282,20.859485626220703,52.24717712402344,-52.25572967529297,0.000672662106808275,0.0006724346894770861,0.0007313012611120939,99.9327392578125,99.93275451660156,99.92687225341797,5.959754616924329e-06,0.0005959754344075918,18.887775421142578
200,2,Drums,45.83234405517578,-45.827293395996094,0.0013719293056055903,0.0013719291891902685,0.001140905893407762,99.86280822753906,99.86280822753906,99.88591003417969,2.612334537843708e-05,0.002612334443256259,42.524932861328125,-42.525550842285156,0.00795292854309082,0.007890728302299976,0.0077111003920435905,99.20470428466797,99.21092987060547,99.22888946533203,5.591495937551372e-05,0.005591495893895626,-25.869815826416016
201,0,Vocal,17.92909049987793,-17.929092407226562,0.12836357951164246,0.12836353480815887,0.12625518441200256,87.16363525390625,87.16364288330078,87.37448120117188,0.015854449942708015,1.5854450464248657,39.46146011352539,-39.46034240722656,0.027224542573094368,0.026540836319327354,0.02745933085680008,97.27754211425781,97.34591674804688,97.25406646728516,0.00011315088340779766,0.011315088719129562,1.0542086362838745
201,1,Bass,9.941375732421875,-9.941376686096191,0.28159987926483154,0.28159984946250916,0.2885616719722748,71.84001159667969,71.84001159667969,71.14382934570312,0.09203090518712997,9.20309066772461,49.76742172241211,-49.732574462890625,0.0005637574358843267,0.0005635434063151479,0.0010714426171034575,99.9436264038086,99.94364166259766,99.89285278320312,1.0574480256764218e-05,0.0010574479820206761,12.071854591369629
201,2,Drums,35.71101379394531,-35.70982360839844,0.002000757260248065,0.002000757260248065,0.0005844552651979029,99.7999267578125,99.7999267578125,99.9415512084961,0.0002684246574062854,0.02684246562421322,36.92387008666992,-36.92450714111328,0.015706032514572144,0.015463404357433319,0.01652209460735321,98.42939758300781,98.45365905761719,98.34778594970703,0.00020302268967498094,0.020302269607782364,-21.32991600036621
202,0,Vocal,7.882591247558594,-7.8825907707214355,0.23817719519138336,0.23817694187164307,0.2395850419998169,76.18228149414062,76.18230438232422,76.04149627685547,0.1400308907032013,14.00308895111084,40.24102020263672,-40.24591064453125,0.06676189601421356,0.06278932094573975,0.06448175758123398,93.32380676269531,93.7210693359375,93.55182647705078,9.452665835851803e-05,0.009452666155993938,11.904560089111328
202,1,Bass,9.415855407714844,-9.415855407714844,0.3248525559902191,0.32485222816467285,0.3171427845954895,67.51473999023438,67.51477813720703,68.28572082519531,0.10265368223190308,10.265368461608887,51.87290954589844,-51.859527587890625,0.0005657628644257784,0.0005655197892338037,0.0007333809626288712,99.94342041015625,99.94345092773438,99.92666625976562,6.523732736241072e-06,0.0006523733027279377,14.79925537109375
202,2,Drums,40.02741241455078,-40.02659606933594,0.000911719398573041,0.000911719398573041,0.0009739494998939335,99.90882873535156,99.90882873535156,99.90260314941406,9.936061542248353e-05,0.009936061687767506,41.79759979248047,-41.79603958129883,0.008120252750813961,0.008055465295910835,0.008202293887734413,99.18797302246094,99.1944580078125,99.17977142333984,6.614350422751158e-05,0.006614350248128176,-20.800439834594727
203,0,Vocal,20.853633880615234,-20.853683471679688,0.14712795615196228,0.1471276432275772,0.1480879932641983,85.28720092773438,85.28723907470703,85.19120025634766,0.008148535154759884,0.8148534893989563,47.141666412353516,-47.14099884033203,0.020529024302959442,0.02013489045202732,0.020926566794514656,97.94709777832031,97.98651123046875,97.90734100341797,1.9320325009175576e-05,0.0019320325227454305,5.798155307769775
203,1,Bass,1.9887508153915405,-1.9887502193450928,0.3926191031932831,0.39261800050735474,0.38789719343185425,60.73808670043945,60.73820114135742,61.21028137207031,0.3874777555465698,38.74777603149414,41.02142333984375,-41.02070617675781,0.0013531981967389584,0.0013518715277314186,0.001604415476322174,99.86467742919922,99.86480712890625,99.83955383300781,7.906221435405314e-05,0.00790622178465128,11.389156341552734
203,2,Drums,36.3601188659668,-36.360618591308594,0.0015895325923338532,0.0015895325923338532,0.0002784685930237174,99.84104919433594,99.84104919433594,99.97215270996094,0.00023112125927582383,0.02311212569475174,39.6651496887207,-39.66572189331055,0.008326058275997639,0.008257633075118065,0.00858701579272747,99.16739654541016,99.17424011230469,99.14129638671875,0.00010799502342706546,0.010799502022564411,-19.244659423828125
204,0,Vocal,7.395017147064209,-7.395017623901367,0.4046434462070465,0.4046420753002167,0.400288850069046,59.53565979003906,59.535789489746094,59.97111892700195,0.15410439670085907,15.410439491271973,40.63914489746094,-40.637969970703125,0.10736843198537827,0.09721583127975464,0.09881266206502914,89.2631607055664,90.2784194946289,90.11873626708984,8.63316745380871e-05,0.00863316748291254,12.802943229675293
204,1,Bass,7.6135945320129395,-7.6135945320129395,0.423669695854187,0.4236685335636139,0.4168022871017456,57.63302993774414,57.633148193359375,58.31977081298828,0.14765729010105133,14.765728950500488,48.536460876464844,-48.54355239868164,0.000795606232713908,0.0007951228762976825,0.0010090951109305024,99.92044067382812,99.92048645019531,99.89908599853516,1.4018596630194224e-05,0.0014018596848472953,13.263713836669922
204,2,Drums,41.2639045715332,-41.26502227783203,0.0004017179016955197,0.00040171784348785877,0.0,99.95982360839844,99.95982360839844,100.0,7.47471276554279e-05,0.007474712561815977,38.48263931274414,-38.48249053955078,0.007611263543367386,0.007554216310381889,0.007418985478579998,99.23887634277344,99.24457550048828,99.25810241699219,0.0001417940075043589,0.014179401099681854,-25.34273338317871
205,0,Vocal,14.246535301208496,-14.246532440185547,0.1700446754693985,0.17004461586475372,0.17239072918891907,82.99553680419922,82.99553680419922,82.76093292236328,0.03625022992491722,3.6250228881835938,42.709373474121094,-42.710472106933594,0.02843966893851757,0.027701253071427345,0.02861376479268074,97.15603637695312,97.22987365722656,97.13862609863281,5.363207310438156e-05,0.005363207310438156,7.971522808074951
205,1,Bass,2.7283382415771484,-2.7283380031585693,0.35737964510917664,0.3573794364929199,0.3647350072860718,64.26203155517578,64.26205444335938,63.5265007019043,0.34791359305381775,34.791358947753906,43.71003723144531,-43.70815658569336,0.0010869018733501434,0.0010862151393666863,0.001379013410769403,99.89131164550781,99.89137268066406,99.86209869384766,4.25600228481926e-05,0.004256002139300108,13.430245399475098
205,2,Drums,35.328041076660156,-35.327720642089844,0.0018254558090120554,0.0018254558090120554,0.0015333276242017746,99.81745147705078,99.81745147705078,99.84666442871094,0.00029314126004464924,0.029314126819372177,38.48263931274414,-38.48143768310547,0.008339007385075092,0.00827022921293974,0.008199339732527733,99.16609954833984,99.17298126220703,99.18006896972656,0.00014180192374624312,0.014180192723870277,-19.401498794555664
206,0,Vocal,12.019208908081055,-12.019208908081055,0.10255636274814606,0.10255526751279831,0.11140750348567963,89.7443618774414,89.74447631835938,88.85924530029297,0.059104450047016144,5.910445213317871,46.76936340332031,-46.76968002319336,0.01962570659816265,0.019265884533524513,0.019758354872465134,98.03742980957031,98.07341003417969,98.02416229248047,2.1063808162580244e-05,0.002106380881741643,14.254387855529785
206,1,Bass,2.4612667560577393,-2.4612679481506348,0.4317162334918976,0.4317077100276947,0.4523543119430542,56.8283805847168,56.829227447509766,54.76456832885742,0.361992210149765,36.199222564697266,40.14627456665039,-40.147300720214844,0.0015138210728764534,0.001512656221166253,0.0016491017304360867,99.84861755371094,99.8487319946289,99.83509063720703,9.668450366007164e-05,0.009668450802564621,9.919885635375977
206,2,Drums,34.66416931152344,-34.66408157348633,0.0016735659446567297,0.0016735653625801206,0.0005586041952483356,99.8326416015625,99.8326416015625,99.94413757324219,0.0003415356623008847,0.034153565764427185,37.47810745239258,-37.47745132446289,0.007952610962092876,0.007890373468399048,0.007704612798988819,99.2047348022461,99.21096801757812,99.22953796386719,0.0001787318178685382,0.017873181030154228,-19.74190902709961
207,0,Vocal,20.013385772705078,-20.013381958007812,0.11744862049818039,0.1174486055970192,0.11823474615812302,88.25513458251953,88.25513458251953,88.17652130126953,0.009870834648609161,0.9870834350585938,52.56235122680664,-52.56956481933594,0.018075982108712196,0.017761189490556717,0.01823030598461628,98.19239807128906,98.22388458251953,98.17697143554688,5.5376831369358115e-06,0.0005537683027796447,12.055174827575684
207,1,Bass,0.09830084443092346,-0.0983002632856369,0.5363940000534058,0.5363937020301819,0.5130624175071716,46.360599517822266,46.36063003540039,48.69375991821289,0.49434158205986023,49.43415832519531,41.191768646240234,-41.19085693359375,0.0029889335855841637,0.0029823442455381155,0.0033542998135089874,99.70110321044922,99.70176696777344,99.66456604003906,7.602758705615997e-05,0.007602758705615997,13.870437622070312
207,2,Drums,37.246761322021484,-37.2462158203125,0.0008837398490868509,0.0008837398490868509,0.002135117072612047,99.91162109375,99.91162109375,99.78649139404297,0.00018847963656298816,0.018847962841391563,47.998313903808594,-47.9917106628418,0.007890901528298855,0.007830141112208366,0.008078805170953274,99.2109146118164,99.21698760986328,99.1921157836914,1.5900122889433987e-05,0.001590012339875102,-11.825676918029785
208,0,Vocal,22.08470916748047,-22.084806442260742,0.005879235919564962,0.005879235919564962,0.006205317564308643,99.41207885742188,99.41207885742188,99.37947082519531,0.006149606313556433,0.6149606108665466,49.866695404052734,-49.841312408447266,0.008200406096875668,0.008137267082929611,0.008365762419998646,99.17996215820312,99.18627166748047,99.16342163085938,1.0367447430326138e-05,0.0010367447976022959,7.251166820526123
208,1,Bass,14.742071151733398,-14.742074966430664,0.0804964080452919,0.0804964080452919,0.10744991153478622,91.95035552978516,91.95035552978516,89.25501251220703,0.03246816247701645,3.2468161582946777,43.427459716796875,-43.427852630615234,0.0007100149523466825,0.000709678279235959,0.001094458973966539,99.92900085449219,99.92903137207031,99.89055633544922,4.5457432861439884e-05,0.004545743111521006,0.953721284866333
208,2,Drums,21.774486541748047,-21.77446746826172,0.010457136668264866,0.010457135736942291,0.010413418523967266,98.95428466796875,98.95428466796875,98.95865631103516,0.006601965520530939,0.6601965427398682,38.77527618408203,-38.77582931518555,0.014652596786618233,0.014441133476793766,0.014470169320702553,98.53473663330078,98.5558853149414,98.55298614501953,0.00013257733371574432,0.013257733546197414,-5.566828727722168
209,0,Vocal,17.282487869262695,-17.282482147216797,0.008167361840605736,0.008167360909283161,0.007925376296043396,99.18325805664062,99.18325805664062,99.20745849609375,0.018353018909692764,1.8353018760681152,43.9091796875,-43.91020202636719,0.017614109441637993,0.017315736040472984,0.017872441560029984,98.23858642578125,98.26842498779297,98.21275329589844,4.062593507114798e-05,0.004062593448907137,6.114199638366699
209,1,Bass,7.28066349029541,-7.280663967132568,0.06693276017904282,0.06693214923143387,0.049617886543273926,93.30672454833984,93.3067855834961,95.0382080078125,0.15756814181804657,15.756814002990723,40.99204635620117,-40.99162292480469,0.0010907917749136686,0.0010900377528741956,0.0006410076166503131,99.89092254638672,99.8909912109375,99.93589782714844,7.955393812153488e-05,0.007955393753945827,5.9260945320129395
209,2,Drums,21.08251190185547,-21.082489013671875,0.0023618212435394526,0.0023618191480636597,0.001369424513541162,99.7638168334961,99.7638168334961,99.8630599975586,0.007733547128736973,0.773354709148407,45.33625793457031,-45.32868957519531,0.01335472147911787,0.013176986016333103,0.013135425746440887,98.6645278930664,98.68230438232422,98.68645477294922,2.928403227997478e-05,0.0029284032061696053,1.6845216751098633
210,0,Vocal,10.625558853149414,-10.625558853149414,0.021454069763422012,0.021454067900776863,0.023964272812008858,97.8545913696289,97.8545913696289,97.60356903076172,0.07968571782112122,7.968571662902832,27.13617515563965,-27.136150360107422,0.1455642729997635,0.1269477754831314,0.12871207296848297,85.44357299804688,87.30522155761719,87.12879180908203,0.0019299384439364076,0.19299384951591492,-3.9919137954711914
210,1,Bass,20.093700408935547,-20.093765258789062,0.030967509374022484,0.030966462567448616,0.023871272802352905,96.90324401855469,96.90335083007812,97.61286926269531,0.009691659361124039,0.9691659212112427,50.046077728271484,-50.007591247558594,0.0009329835302196443,0.000932452967390418,0.0007644012803211808,99.90670013427734,99.90675354003906,99.92355346679688,9.902183592203073e-06,0.000990218366496265,2.3218750953674316
210,2,Drums,13.739729881286621,-13.739729881286621,0.003881995100528002,0.003881993470713496,0.0035334837157279253,99.61180114746094,99.61180114746094,99.64665222167969,0.04055526852607727,4.0555267333984375,25.556964874267578,-25.556968688964844,0.1726575344800949,0.14681141078472137,0.1499447375535965,82.73424530029297,85.31885528564453,85.00553131103516,0.0027739782817661762,0.27739784121513367,-10.735488891601562
211,0,Vocal,32.22769546508789,-32.22785949707031,0.0006153939757496119,0.0006153933354653418,0.0011027524014934897,99.93846130371094,99.93846130371094,99.88972473144531,0.0005983691080473363,0.05983690917491913,29.697065353393555,-29.697065353393555,0.03351414203643799,0.032414667308330536,0.03271064907312393,96.6485824584961,96.75852966308594,96.72893524169922,0.00107105216011405,0.10710521787405014,-23.041370391845703
211,1,Bass,14.936307907104492,-14.936305046081543,0.020022669807076454,0.020022355020046234,0.00904750358313322,97.99773406982422,97.99776458740234,99.09524536132812,0.03109223209321499,3.1092231273651123,31.225082397460938,-31.22502326965332,0.003301271703094244,0.0032914585899561644,0.003952783066779375,99.66987609863281,99.67085266113281,99.60472106933594,0.000753670115955174,0.07536701112985611,-11.414687156677246
211,2,Drums,17.924198150634766,-17.924192428588867,0.0015985309146344662,0.001597592025063932,0.010315665043890476,99.84014892578125,99.84024047851562,98.96843719482422,0.015872038900852203,1.587203860282898,24.094371795654297,-24.094350814819336,0.19154556095600128,0.15754978358745575,0.15539005398750305,80.84544372558594,84.2450180053711,84.46099853515625,0.0038803862407803535,0.38803863525390625,-16.518085479736328
212,0,Vocal,38.12360763549805,-38.12212371826172,0.0003868632484227419,0.0003868632484227419,0.0004330678202677518,99.96131896972656,99.96131896972656,99.9566879272461,0.00015403192082885653,0.01540319249033928,35.961185455322266,-35.96168899536133,0.011593869887292385,0.011475717648863792,0.011631887406110764,98.84061431884766,98.85242462158203,98.83680725097656,0.0002534082159399986,0.025340821593999863,-22.659000396728516
212,1,Bass,12.275343894958496,-12.275351524353027,0.012662122026085854,0.012661764398217201,0.0,98.7337875366211,98.73382568359375,100.0,0.05590871348977089,5.590871334075928,33.421119689941406,-33.42131805419922,0.0033442270942032337,0.0033344444818794727,0.005798743572086096,99.66557312011719,99.66655731201172,99.42012786865234,0.0004546403361018747,0.045464035123586655,-6.517771244049072
212,2,Drums,28.214771270751953,-28.214738845825195,0.015512119978666306,0.015511936508119106,0.015388647094368935,98.44879150390625,98.44880676269531,98.46113586425781,0.0015061513986438513,0.1506151407957077,30.520824432373047,-30.520877838134766,0.02841835841536522,0.027661988511681557,0.02742655947804451,97.15816497802734,97.23380279541016,97.2573471069336,0.0008862148970365524,0.08862148970365524,-20.248523712158203
213,0,Vocal,20.488550186157227,-20.488536834716797,0.006156641058623791,0.006156640592962503,0.007140563800930977,99.38433837890625,99.38433837890625,99.28594207763672,0.008856859058141708,0.885685920715332,44.16492462158203,-44.15744400024414,0.014168326742947102,0.013979842886328697,0.014508760534226894,98.58316802978516,98.60201263427734,98.54911804199219,3.832755101029761e-05,0.003832755144685507,3.169969081878662
213,1,Bass,12.548943519592285,-12.548941612243652,0.1931248903274536,0.1931237429380417,0.1983395218849182,80.68750762939453,80.6876220703125,80.16604614257812,0.05267500877380371,5.267500877380371,39.09115982055664,-39.092105865478516,0.0018648457480594516,0.0018620694754645228,0.0018417808460071683,99.81351470947266,99.81379699707031,99.8158187866211,0.00012322574912104756,0.012322574853897095,-1.038071870803833
213,2,Drums,23.34275245666504,-23.3427791595459,0.0009225109242834151,0.0009225109242834151,0.0003571213164832443,99.90775299072266,99.90775299072266,99.96428680419922,0.004610168281942606,0.46101683378219604,40.630149841308594,-40.62995529174805,0.01191314309835434,0.011773559264838696,0.012527305632829666,98.80868530273438,98.82263946533203,98.74726867675781,8.646379865240306e-05,0.00864638015627861,-5.2633490562438965
214,0,Vocal,17.17919158935547,-17.179182052612305,0.0174658615142107,0.0174658615142107,0.01875288225710392,98.25341033935547,98.25341033935547,98.12471008300781,0.018786437809467316,1.8786437511444092,47.305572509765625,-47.30620574951172,0.037089020013809204,0.03576386719942093,0.03671775758266449,96.29109954833984,96.42361450195312,96.3282241821289,1.8573298802948557e-05,0.0018573298584669828,9.612078666687012
214,1,Bass,17.407955169677734,-17.407936096191406,0.08088570088148117,0.08088568598031998,0.09365873783826828,91.91143035888672,91.91143035888672,90.63412475585938,0.017839670181274414,1.7839670181274414,47.264015197753906,-47.2874641418457,0.0010124406544491649,0.0010115719633176923,0.0011179227149114013,99.89875793457031,99.89884185791016,99.8882064819336,1.8688837371882983e-05,0.0018688837299123406,2.2626264095306396
214,2,Drums,20.8048038482666,-20.80481719970703,0.0017885583220049739,0.0017885583220049739,0.0,99.8211441040039,99.8211441040039,100.0,0.008239971473813057,0.8239971399307251,34.824806213378906,-34.824405670166016,0.025141961872577667,0.02451779507100582,0.025317519903182983,97.48580169677734,97.54822540283203,97.46824645996094,0.00032914255280047655,0.03291425481438637,-8.535768508911133
215,0,Vocal,23.513633728027344,-23.513648986816406,0.005741499364376068,0.005741499364376068,0.006195524707436562,99.42584991455078,99.42584991455078,99.38044738769531,0.004433095455169678,0.4433095455169678,45.83234405517578,-45.82740783691406,0.011867656372487545,0.01173548586666584,0.012099524959921837,98.813232421875,98.82644653320312,98.79004669189453,2.6184065063716844e-05,0.0026184064336121082,1.796936273574829
215,1,Bass,15.28996467590332,-15.289968490600586,0.08714385330677032,0.08714381605386734,0.07519274950027466,91.28561401367188,91.28561401367188,92.48072814941406,0.028730522841215134,2.8730523586273193,39.491294860839844,-39.492000579833984,0.0009728496079333127,0.0009720709640532732,0.001610567094758153,99.9027099609375,99.90279388427734,99.83894348144531,0.00011245515634072945,0.011245515197515488,-3.3959054946899414
215,2,Drums,15.767208099365234,-15.76720142364502,0.0009256096673198044,0.0009256096091121435,0.003489134833216667,99.90744018554688,99.90744018554688,99.65108489990234,0.025817839428782463,2.5817840099334717,30.752592086791992,-30.752681732177734,0.028754878789186478,0.027935883030295372,0.028040355071425438,97.12451171875,97.20641326904297,97.19596862792969,0.0008402075036428869,0.08402074873447418,-7.576821804046631
216,0,Vocal,8.865804672241211,-8.865803718566895,0.739643931388855,0.7396437525749207,0.741019606590271,26.035606384277344,26.035625457763672,25.898038864135742,0.11492151767015457,11.492152214050293,31.357349395751953,-31.3571834564209,0.5094064474105835,0.3391939699649811,0.34371790289878845,49.059356689453125,66.08060455322266,65.62820434570312,0.0007310981745831668,0.07310982048511505,2.0585639476776123
216,1,Bass,27.466472625732422,-27.466447830200195,0.33041420578956604,0.33041420578956604,0.3265856206417084,66.95858001708984,66.95858001708984,67.34143829345703,0.0017888875445351005,0.17888875305652618,51.833248138427734,-51.835819244384766,0.0019737149123102427,0.0019725679885596037,0.0019241597037762403,99.80262756347656,99.80274200439453,99.80758666992188,6.544348252646159e-06,0.00065443484345451,-3.346238851547241
216,2,Drums,57.475982666015625,-57.33432388305664,0.0007591373287141323,0.0007591365720145404,0.0006274983752518892,99.92408752441406,99.92408752441406,99.93724822998047,1.807320472835272e-06,0.00018073205137625337,50.233192443847656,-50.2251091003418,0.001737280748784542,0.0017349669942632318,0.0024444996379315853,99.8262710571289,99.82649993896484,99.75554656982422,9.523168046143837e-06,0.0009523167973384261,-29.77012825012207
217,0,Vocal,7.2486419677734375,-7.248640537261963,0.8701496720314026,0.8701475262641907,0.87300705909729,12.98503303527832,12.985247611999512,12.699294090270996,0.15854938328266144,15.854938507080078,20.991533279418945,-20.991518020629883,1.3025001287460327,0.5693095922470093,0.5777356028556824,-30.25001335144043,43.06904220581055,42.2264404296875,0.007895979098975658,0.7895979285240173,-6.584874153137207
217,1,Bass,27.940282821655273,-27.940290451049805,0.34867388010025024,0.34867385029792786,0.34377142786979675,65.13261413574219,65.13261413574219,65.62285614013672,0.0016042569186538458,0.16042569279670715,51.278072357177734,-51.25339889526367,0.0031434870325028896,0.0031412660609930754,0.0036308264825493097,99.68565368652344,99.68587493896484,99.63691711425781,7.470202035619877e-06,0.0007470201817341149,-4.388482093811035
217,2,Drums,56.932403564453125,-56.90746307373047,0.0004474316374398768,0.0004474316374398768,0.0007453252328559756,99.95525360107422,99.95525360107422,99.92546844482422,2.06328991225746e-06,0.00020632898667827249,52.902198791503906,-52.8741455078125,0.0014162525767460465,0.0014147300971671939,0.0014093212084844708,99.8583755493164,99.85852813720703,99.85906982421875,5.141764631844126e-06,0.0005141764413565397,-26.521867752075195
218,0,Vocal,10.245880126953125,-10.245878219604492,0.7348396182060242,0.7348393201828003,0.7356029152870178,26.51603889465332,26.516067504882812,26.439708709716797,0.08633723109960556,8.633723258972168,34.8106689453125,-34.81043243408203,0.472969114780426,0.32270097732543945,0.3274870812892914,52.703086853027344,67.72990417480469,67.25128936767578,0.00033022044226527214,0.03302204608917236,4.10032320022583
218,1,Bass,21.470163345336914,-21.470115661621094,0.3265707194805145,0.32657065987586975,0.3261280953884125,67.34292602539062,67.34293365478516,67.3871841430664,0.007077840156853199,0.7077839970588684,53.49656677246094,-53.472923278808594,0.0016914993757382035,0.0016905863303691149,0.0014853517059236765,99.83084869384766,99.83094024658203,99.8514633178711,4.459249339561211e-06,0.0004459249321371317,4.290474891662598
218,2,Drums,59.69447326660156,-59.58889389038086,0.0007650962797924876,0.0007650962215848267,0.000750906765460968,99.92349243164062,99.92349243164062,99.92491149902344,1.0649675914464751e-06,0.00010649675823515281,52.469940185546875,-52.47922897338867,0.001737153623253107,0.00173472729511559,0.002122784499078989,99.82627868652344,99.82652282714844,99.78772735595703,5.665554908773629e-06,0.0005665554781444371,-29.813364028930664
219,0,Vocal,6.8526411056518555,-6.852640151977539,0.6909914612770081,0.6909912824630737,0.692817747592926,30.900854110717773,30.90087127685547,30.718225479125977,0.1710961014032364,17.109609603881836,25.85313606262207,-25.85329246520996,0.46198326349258423,0.3167940080165863,0.3194909691810608,53.801673889160156,68.32059478759766,68.0509033203125,0.002591496566310525,0.2591496706008911,-1.4775354862213135
219,1,Bass,32.976959228515625,-32.977962493896484,0.3950338363647461,0.39503005146980286,0.3973115086555481,60.49661636352539,60.49699783325195,60.26884841918945,0.0005035469075664878,0.05035468935966492,51.175071716308594,-51.17926788330078,0.0016873121494427323,0.0016857492737472057,0.0019496919121593237,99.83126831054688,99.83142852783203,99.8050308227539,7.6278302003629506e-06,0.0007627829909324646,-9.609055519104004
219,2,Drums,51.52835464477539,-51.53651428222656,0.0004873713187407702,0.0004873712023254484,0.0010457084281370044,99.95126342773438,99.95126342773438,99.89543151855469,7.028136678854935e-06,0.0007028136751614511,48.862579345703125,-48.864139556884766,0.001559558091685176,0.0015574577264487743,0.001408571726642549,99.84404754638672,99.84425354003906,99.85914611816406,1.297353628615383e-05,0.001297353650443256,-25.22291374206543
220,0,Vocal,9.791413307189941,-9.791414260864258,0.7308418154716492,0.7308417558670044,0.7345227003097534,26.91581916809082,26.91582489013672,26.5477294921875,0.0949571505188942,9.495715141296387,26.704444885253906,-26.704341888427734,0.4759782552719116,0.32432714104652405,0.329415500164032,52.40217590332031,67.56729125976562,67.0584487915039,0.0021312511526048183,0.2131251096725464,-3.564978837966919
220,1,Bass,24.121173858642578,-24.121200561523438,0.3284539580345154,0.3284539580345154,0.3274160921573639,67.15460205078125,67.15460205078125,67.25839233398438,0.0038565672002732754,0.3856567144393921,52.379459381103516,-52.384765625,0.002625774359330535,0.002624192740768194,0.002978706266731024,99.7374267578125,99.73757934570312,99.70213317871094,5.781545496574836e-06,0.0005781545769423246,0.5148410201072693
220,2,Drums,43.47905731201172,-43.47710418701172,0.0007264919113367796,0.0007264856249094009,0.00172826973721385,99.9273452758789,99.92735290527344,99.8271713256836,4.491139770834707e-05,0.0044911396689713,49.215187072753906,-49.20613098144531,0.0017096195369958878,0.0017068088054656982,0.0016494132578372955,99.82903289794922,99.82931518554688,99.83505249023438,1.2013497325824574e-05,0.001201349776238203,-16.836301803588867
221,0,Vocal,5.435714244842529,-5.435715675354004,0.7076195478439331,0.7076165676116943,0.7108044028282166,29.23804473876953,29.23834228515625,28.919559478759766,0.22241996228694916,22.24199676513672,24.286231994628906,-24.286211013793945,0.5142496824264526,0.34045279026031494,0.3446623980998993,48.57503128051758,65.95471954345703,65.53376007080078,0.0037133311852812767,0.37133312225341797,-1.6198087930679321
221,1,Bass,33.40349578857422,-33.40362548828125,0.33224576711654663,0.33224570751190186,0.3323974907398224,66.77542114257812,66.77542877197266,66.76025390625,0.0004565454146359116,0.0456545427441597,51.64019775390625,-51.62522888183594,0.0011017483193427324,0.0011011328315362334,0.0010815920541062951,99.88982391357422,99.88988494873047,99.89183807373047,6.931135885679396e-06,0.0006931136013008654,-9.535351753234863
221,2,Drums,63.21630096435547,-63.36146926879883,0.0006946924258954823,0.0006946873036213219,0.0007046519895084202,99.93053436279297,99.93053436279297,99.92953491210938,4.543379077404097e-07,4.5433789637172595e-05,54.76530456542969,-54.70560073852539,0.0015481774462386966,0.0015458755660802126,0.0014174908865243196,99.84518432617188,99.84541320800781,99.85824584960938,3.3449864531576168e-06,0.0003344986471347511,-31.22879981994629
222,0,Vocal,7.912164211273193,-7.912162780761719,0.7099747657775879,0.709973931312561,0.7089532613754272,29.00252342224121,29.002607345581055,29.104673385620117,0.13921286165714264,13.921286582946777,32.769588470458984,-32.769351959228516,0.47690027952194214,0.3242224454879761,0.3297404944896698,52.30997085571289,67.5777587890625,67.02594757080078,0.00052828952902928,0.05282895267009735,4.390264987945557
222,1,Bass,35.73810958862305,-35.737892150878906,0.3507957458496094,0.3507938086986542,0.3532234728336334,64.92042541503906,64.92061614990234,64.67765808105469,0.00026674135006032884,0.02667413465678692,51.07445526123047,-51.075538635253906,0.0012127342633903027,0.0012119991006329656,0.0008286084630526602,99.87873077392578,99.87879943847656,99.9171371459961,7.824891326890793e-06,0.0007824891363270581,-12.46251392364502
222,2,Drums,53.109039306640625,-53.07602310180664,0.0005541705759242177,0.0005541705759242177,0.0,99.94458770751953,99.94458770751953,100.0,4.912225449515972e-06,0.0004912225413136184,53.109039306640625,-53.09587097167969,0.00160027330275625,0.0015980657190084457,0.0018261062214151025,99.83997344970703,99.84019470214844,99.81739044189453,4.8678575694793835e-06,0.00048678574967198074,-22.513818740844727
223,0,Vocal,6.899355888366699,-6.899355888366699,0.7295327186584473,0.7295318245887756,0.7203704118728638,27.046728134155273,27.046817779541016,27.96295928955078,0.16957597434520721,16.957597732543945,31.335433959960938,-31.335453033447266,0.47387221455574036,0.32328274846076965,0.3280473053455353,52.6127815246582,67.6717300415039,67.19527435302734,0.000734733825083822,0.07347337901592255,3.9475958347320557
223,1,Bass,35.376895904541016,-35.376708984375,0.28375983238220215,0.28375983238220215,0.28563424944877625,71.62401580810547,71.62401580810547,71.43656921386719,0.00028985575772821903,0.02898557484149933,52.75328063964844,-52.73128128051758,0.0015512887621298432,0.0015505438204854727,0.0014517507515847683,99.8448715209961,99.8449478149414,99.85482788085938,5.297695679473691e-06,0.0005297695752233267,-10.364537239074707
223,2,Drums,56.5651741027832,-56.50511169433594,0.001036444678902626,0.0010364374611526728,0.0010417511221021414,99.89635467529297,99.89635467529297,99.89582061767578,2.2120702851680107e-06,0.00022120702487882227,51.491703033447266,-51.460723876953125,0.00160732411313802,0.0016048605320975184,0.0013368867803364992,99.83927154541016,99.83951568603516,99.8663101196289,7.088228812790476e-06,0.0007088228594511747,-27.61724090576172
224,0,Vocal,8.191415786743164,-8.191412925720215,0.6962334513664246,0.6962317824363708,0.6973939538002014,30.37665557861328,30.376821517944336,30.260604858398438,0.13168486952781677,13.168486595153809,39.823822021484375,-39.824859619140625,0.2342119812965393,0.19045859575271606,0.19477596879005432,76.57880401611328,80.95413970947266,80.52240753173828,0.00010413736890768632,0.010413737036287785,11.156656265258789
224,1,Bass,18.59685516357422,-18.59688949584961,0.3962158262729645,0.3961954116821289,0.4112588167190552,60.378421783447266,60.38045883178711,58.87411880493164,0.013625558465719223,1.3625558614730835,37.143592834472656,-37.144229888916016,0.0016257701208814979,0.001624609692953527,0.0,99.8374252319336,99.83753967285156,100.0,0.00019297742983326316,0.01929774321615696,-8.803135871887207
224,2,Drums,55.912506103515625,-55.906219482421875,0.0005687265656888485,0.0005687236553058028,0.0006385872839018703,99.94312286376953,99.94312286376953,99.93614196777344,2.5847591587080387e-06,0.0002584759204182774,41.34077453613281,-41.33976745605469,0.004371755290776491,0.00435590697452426,0.003897627117112279,99.56282043457031,99.56440734863281,99.61023712158203,7.344639743678272e-05,0.007344639860093594,-37.08176040649414
225,0,Vocal,4.7017412185668945,-4.701742172241211,0.3900165855884552,0.3900165259838104,0.3891054689884186,60.99834442138672,60.99834442138672,61.089454650878906,0.2530112862586975,25.301128387451172,38.86008071899414,-38.859256744384766,0.1241096630692482,0.11073952913284302,0.11355419456958771,87.58903503417969,88.9260482788086,88.64458465576172,0.0001300213043577969,0.013002130202949047,13.644247055053711
225,1,Bass,23.507305145263672,-23.5073184967041,0.4978701174259186,0.4978700876235962,0.4973592460155487,50.212989807128906,50.212989807128906,50.26407241821289,0.004439570941030979,0.4439570903778076,42.04331970214844,-42.04043960571289,0.004769149236381054,0.004760460462421179,0.005623884033411741,99.52308654785156,99.52395629882812,99.43761444091797,6.245091935852543e-05,0.006245092023164034,-6.434664249420166
225,2,Drums,49.302486419677734,-49.29834747314453,0.0014693483244627714,0.0014693483244627714,0.0016402722103521228,99.85306549072266,99.85306549072266,99.83597564697266,1.177335980173666e-05,0.0011773359728977084,48.19879913330078,-48.199256896972656,0.0045517003163695335,0.004534000996500254,0.004748915787786245,99.54483032226562,99.54660034179688,99.52510833740234,1.5122183867788408e-05,0.001512218383140862,-23.64145851135254
226,0,Vocal,-4.832143306732178,4.832143306732178,0.05400719866156578,0.05400719866156578,0.05914139375090599,94.59928131103516,94.59928131103516,94.08586120605469,0.7526213526725769,75.26213836669922,27.879615783691406,-27.879661560058594,0.8520460724830627,0.4597209095954895,0.46882468461990356,14.795392990112305,54.02790832519531,53.117530822753906,0.0016267690807580948,0.16267690062522888,12.205974578857422
226,1,Bass,41.124168395996094,-41.12312698364258,0.001169628114439547,0.0011696277651935816,0.0013206027215346694,99.88304138183594,99.88304138183594,99.8679428100586,7.72055791458115e-05,0.007720557972788811,53.98643493652344,-53.99378204345703,0.00021835684310644865,0.00021832328638993204,0.00037905684439465404,99.97816467285156,99.97816467285156,99.96208953857422,4.003100912086666e-06,0.00040031009120866656,-14.820791244506836
226,2,Drums,13.607938766479492,-13.607935905456543,0.02067405916750431,0.02067405916750431,0.021531274542212486,97.9325942993164,97.9325942993164,97.84687042236328,0.04175268113613129,4.175268173217773,37.06120300292969,-37.060977935791016,0.043262314051389694,0.04152366518974304,0.04284253343939781,95.67376708984375,95.8476333618164,95.71575164794922,0.00019671829068101943,0.019671829417347908,0.9127156734466553
227,0,Vocal,-3.8130834102630615,3.8130834102630615,0.6258097290992737,0.6258096694946289,0.6152613162994385,37.41902542114258,37.41903305053711,38.47386932373047,0.7064065337181091,70.64065551757812,33.84058380126953,-33.84065246582031,0.8282506465911865,0.4533173441886902,0.4604959785938263,17.17493438720703,54.66826629638672,53.95040512084961,0.0004128075670450926,0.04128075763583183,17.15814971923828
227,1,Bass,25.670246124267578,-25.670242309570312,0.3037753999233246,0.303774356842041,0.29939305782318115,69.6224594116211,69.62256622314453,70.0606918334961,0.0027027535252273083,0.270275354385376,48.92276382446289,-48.9206657409668,0.0022292002104222775,0.0022274921648204327,0.002934488467872143,99.7770767211914,99.77725219726562,99.70655059814453,1.2794572285201866e-05,0.001279457239434123,-3.0768330097198486
227,2,Drums,40.38288879394531,-40.3822021484375,0.001680464018136263,0.001680464018136263,0.00210006907582283,99.83194732666016,99.83194732666016,99.78999328613281,9.15548880584538e-05,0.009155488573014736,50.125282287597656,-50.132720947265625,0.004387555178254843,0.004371111746877432,0.004442328121513128,99.56124114990234,99.5628890991211,99.5557632446289,9.726655662234407e-06,0.0009726655553095043,-12.828085899353027
228,0,Vocal,5.4775238037109375,-5.477524280548096,0.6311385035514832,0.6311153769493103,0.6223233938217163,36.88615036010742,36.88846206665039,37.767662048339844,0.22075936198234558,22.07593536376953,39.397884368896484,-39.397640228271484,0.2683243155479431,0.21161037683486938,0.21539834141731262,73.16757202148438,78.83895874023438,78.46016693115234,0.00011487436859169975,0.011487436480820179,13.528895378112793
228,1,Bass,17.883779525756836,-17.883756637573242,0.4883138835430145,0.48831385374069214,0.49040061235427856,51.168609619140625,51.16861343383789,50.959938049316406,0.016018057242035866,1.6018056869506836,31.544891357421875,-31.54497528076172,0.00493783550336957,0.0049331653863191605,0.0042783343233168125,99.50621795654297,99.50668334960938,99.5721664428711,0.0007001845515333116,0.0700184553861618,-14.109740257263184
228,2,Drums,29.63628387451172,-29.636322021484375,0.00016298142145387828,0.0001629813341423869,0.0,99.98370361328125,99.98370361328125,100.0,0.0010861638002097607,0.10861638188362122,41.553916931152344,-41.551658630371094,0.004316057078540325,0.004300536122173071,0.004220936447381973,99.56839752197266,99.5699462890625,99.5779037475586,6.994294381001964e-05,0.006994294468313456,-10.64021110534668
229,0,Vocal,-4.31602668762207,4.31602668762207,0.09361249953508377,0.09361188113689423,0.10126172751188278,90.63874816894531,90.63880920410156,89.87382507324219,0.7298381924629211,72.98381805419922,32.29707336425781,-32.29676818847656,0.8311946392059326,0.45499783754348755,0.46034103631973267,16.880535125732422,54.50021743774414,53.96589660644531,0.0005889013409614563,0.05889013409614563,16.09782600402832
229,1,Bass,36.823020935058594,-36.82335662841797,0.0006811466882936656,0.0006811454077251256,0.001149220042861998,99.931884765625,99.931884765625,99.88507843017578,0.00020780172781087458,0.02078017219901085,54.46567153930664,-54.40819549560547,0.00020089640747755766,0.00020085596770513803,0.00033951192745007575,99.97991180419922,99.97991180419922,99.96604919433594,3.6272713259677403e-06,0.0003627271216828376,-10.097582817077637
229,2,Drums,10.69709587097168,-10.697096824645996,0.0024479536805301905,0.0024479522835463285,0.0038291497621685266,99.75520324707031,99.75520324707031,99.6170883178711,0.07848601043224335,7.8486008644104,43.45604705810547,-43.45703125,0.05731716379523277,0.05428904667496681,0.05584000051021576,94.2682876586914,94.57109832763672,94.41600036621094,4.5141117880120873e-05,0.0045141116715967655,10.20535659790039
230,0,Vocal,-3.294405937194824,3.2944061756134033,0.04670343175530434,0.04670339077711105,0.042308855801820755,95.32965087890625,95.32965850830078,95.76911163330078,0.6810420751571655,68.10420989990234,31.211355209350586,-31.212169647216797,0.7536218166351318,0.4278622269630432,0.432603657245636,24.6378173828125,57.213775634765625,56.7396354675293,0.0007559696095995605,0.07559695839881897,13.976052284240723
230,1,Bass,47.195621490478516,-47.19084167480469,0.0010684659937396646,0.001068465644493699,0.0013775484403595328,99.89315032958984,99.89315032958984,99.86225128173828,1.9084123778156936e-05,0.0019084124360233545,53.38227081298828,-53.36723327636719,0.0002460292889736593,0.00024597239098511636,0.0003998548199888319,99.97539520263672,99.97540283203125,99.96001434326172,4.613436431100126e-06,0.00046134364674799144,-21.502965927124023
230,2,Drums,13.707038879394531,-13.707036018371582,0.05961551144719124,0.05961551144719124,0.048712391406297684,94.0384521484375,94.0384521484375,95.1287612915039,0.040849171578884125,4.084917068481445,29.777400970458984,-29.777402877807617,0.09330187737941742,0.08553092181682587,0.08891447633504868,90.66980743408203,91.44690704345703,91.10855102539062,0.0010514840250834823,0.10514840483665466,-6.374686241149902
231,0,Vocal,1.4921517372131348,-1.4921517372131348,0.5748242139816284,0.574799656867981,0.5791703462600708,42.517578125,42.52003479003906,42.08296585083008,0.4149399697780609,41.493995666503906,32.44150924682617,-32.441490173339844,0.3170420825481415,0.2412717044353485,0.2473229467868805,68.29579162597656,75.8728256225586,75.26770782470703,0.0005696466541849077,0.05696466565132141,10.497179985046387
231,1,Bass,21.980077743530273,-21.980026245117188,0.3244549036026001,0.3244513273239136,0.3268483877182007,67.55451202392578,67.55487060546875,67.3151626586914,0.0062986984848976135,0.629869818687439,48.391075134277344,-48.37989807128906,0.0009633227018639445,0.000962932244874537,0.001005243742838502,99.9036636352539,99.9037094116211,99.89947509765625,1.4486944564851001e-05,0.0014486945001408458,-1.6247607469558716
231,2,Drums,49.552024841308594,-49.548614501953125,0.001374850980937481,0.001374850980937481,0.0016637509688735008,99.86251831054688,99.86251831054688,99.83362579345703,1.1088802239100914e-05,0.001108880271203816,45.73430633544922,-45.73273468017578,0.004503774922341108,0.004485920537263155,0.004636155907064676,99.54962158203125,99.55140686035156,99.53638458251953,2.672583286766894e-05,0.00267258333042264,-26.383384704589844
232,0,Vocal,-12.009895324707031,12.009895324707031,0.12728343904018402,0.12727932631969452,0.07086525857448578,87.27165222167969,87.27206420898438,92.9134750366211,0.9407761096954346,94.0776138305664,21.22547149658203,-21.22545051574707,1.1230220794677734,0.5314968228340149,0.5389919281005859,-12.302207946777344,46.850318908691406,46.100807189941406,0.007484955247491598,0.7484955191612244,13.869983673095703
232,1,Bass,17.6983642578125,-17.698362350463867,0.057216934859752655,0.057216666638851166,0.0,94.27830505371094,94.27833557128906,100.0,0.01670505292713642,1.6705052852630615,39.03067398071289,-39.030059814453125,0.001224582432769239,0.0012241923250257969,0.0,99.8775405883789,99.87757873535156,100.0,0.0001250227796845138,0.012502278201282024,-5.216564655303955
232,2,Drums,14.052748680114746,-14.05274772644043,0.03597567230463028,0.035975370556116104,0.02128237672150135,96.40242767333984,96.40245819091797,97.87176513671875,0.0378417931497097,3.784179210662842,39.896522521972656,-39.894500732421875,0.014328548684716225,0.014127686619758606,0.014435434713959694,98.56714630126953,98.58723449707031,98.55645751953125,0.00010242214193567634,0.010242214426398277,3.2736964225769043
233,0,Vocal,11.528779983520508,-11.52878189086914,0.16379962861537933,0.16378527879714966,0.18117263913154602,83.62003326416016,83.62147521972656,81.88273620605469,0.06570602208375931,6.5706024169921875,33.769649505615234,-33.76946258544922,0.04890219494700432,0.04665186256170273,0.04785824194550514,95.10977935791016,95.3348159790039,95.21417236328125,0.00041965459240600467,0.041965458542108536,1.7786999940872192
233,1,Bass,15.025362968444824,-15.025358200073242,0.19458919763565063,0.19457988440990448,0.17470726370811462,80.54107666015625,80.54200744628906,82.5292739868164,0.030480409041047096,3.0480408668518066,39.7327880859375,-39.73097229003906,0.0017486091237515211,0.0017472272738814354,0.0,99.82513427734375,99.82527160644531,100.0,0.0001063778399839066,0.010637784376740456,-2.9538726806640625
233,2,Drums,24.005931854248047,-24.005918502807617,0.018796293064951897,0.018795987591147423,0.02832256257534027,98.12037658691406,98.12040710449219,97.16773986816406,0.00395992211997509,0.3959922194480896,46.68408203125,-46.678688049316406,0.019287874922156334,0.018908778205513954,0.019235368818044662,98.07121276855469,98.10912322998047,98.07646179199219,2.1470070350915194e-05,0.0021470070350915194,0.15178115665912628
234,0,Vocal,5.554559230804443,-5.554558753967285,0.24373748898506165,0.24369966983795166,0.23772099614143372,75.62625122070312,75.63003540039062,76.2279052734375,0.21772311627864838,21.77231216430664,36.03955078125,-36.0390625,0.06684970110654831,0.06276195496320724,0.06435490399599075,93.31503295898438,93.72380065917969,93.56451416015625,0.00024890602799132466,0.024890603497624397,9.97553539276123
234,1,Bass,20.169952392578125,-20.16994285583496,0.37754184007644653,0.37751755118370056,0.36795997619628906,62.24581527709961,62.24824142456055,63.204002380371094,0.009524649940431118,0.9524649977684021,44.21929931640625,-44.21664810180664,0.002590493531897664,0.0025883314665406942,0.004636744968593121,99.74095153808594,99.74116516113281,99.53632354736328,3.785423905355856e-05,0.0037854239344596863,-3.265442371368408
234,2,Drums,32.05083465576172,-32.05075454711914,0.013419002294540405,0.013418675400316715,0.012607227079570293,98.65809631347656,98.65813446044922,98.7392807006836,0.0006232234300114214,0.06232234463095665,46.74482345581055,-46.741756439208984,0.012009737081825733,0.011858347803354263,0.012130706571042538,98.79902648925781,98.81416320800781,98.78693389892578,2.1172234482946806e-05,0.0021172233391553164,-7.8252949714660645
235,0,Vocal,-8.298685073852539,8.298685073852539,0.12329114973545074,0.12327205389738083,0.12539154291152954,87.67088317871094,87.67279052734375,87.46084594726562,0.8711138367652893,87.11138153076172,21.954593658447266,-21.954566955566406,0.3752836585044861,0.2728368639945984,0.2791982889175415,62.47163391113281,72.71631622314453,72.08016967773438,0.006335495039820671,0.6335495114326477,9.850391387939453
235,1,Bass,16.645801544189453,-16.64579200744629,0.026939386501908302,0.02693929150700569,0.0,97.30606079101562,97.30607604980469,100.0,0.021189410239458084,2.118941068649292,46.270145416259766,-46.266929626464844,0.0005700972396880388,0.0005699648754671216,0.00215986929833889,99.94298553466797,99.94300842285156,99.78401184082031,2.3620988940820098e-05,0.0023620990104973316,1.9043861627578735
235,2,Drums,11.18391227722168,-11.183910369873047,0.010601473040878773,0.010601201094686985,0.01879272609949112,98.93985748291016,98.93988037109375,98.1207275390625,0.07075228542089462,7.075228691101074,38.277591705322266,-38.2772216796875,0.013354784809052944,0.013177566230297089,0.014941699802875519,98.66452026367188,98.68224334716797,98.50582885742188,0.00014869628648739308,0.014869628474116325,4.593761444091797
236,0,Vocal,15.861701965332031,-15.861698150634766,0.16621705889701843,0.1661781221628189,0.17158293724060059,83.37828826904297,83.38218688964844,82.84170532226562,0.025276195257902145,2.5276196002960205,30.3225154876709,-30.322498321533203,0.06444775313138962,0.06055513769388199,0.06159267947077751,93.55522155761719,93.9444808959961,93.84072875976562,0.0009275625343434513,0.0927562564611435,-5.998121738433838
236,1,Bass,20.4791259765625,-20.479122161865234,0.26542389392852783,0.26537731289863586,0.2913993000984192,73.45761108398438,73.46227264404297,70.86006927490234,0.008875994943082333,0.8875994682312012,40.39705276489258,-40.39591979980469,0.001899986295029521,0.0018984153866767883,0.0,99.81000518798828,99.8101577758789,100.0,9.12793620955199e-05,0.009127936325967312,-8.77680778503418
236,2,Drums,23.456584930419922,-23.456554412841797,0.016480369493365288,0.016479743644595146,0.011896437034010887,98.35195922851562,98.3520278930664,98.81035614013672,0.0044914735481143,0.4491473436355591,43.162139892578125,-43.16423416137695,0.019124289974570274,0.018737608566880226,0.019118808209896088,98.08757019042969,98.12623596191406,98.08811950683594,4.826045915251598e-05,0.00482604606077075,-2.8763887882232666
237,0,Vocal,-9.117528915405273,9.117528915405273,0.11865600943565369,0.11865052580833435,0.11508356779813766,88.1343994140625,88.13494110107422,88.49164581298828,0.8908437490463257,89.0843734741211,25.534564971923828,-25.534717559814453,0.4024183452129364,0.28760650753974915,0.2927211821079254,59.75816345214844,71.23934936523438,70.7278823852539,0.002788194688037038,0.2788194715976715,14.811079978942871
237,1,Bass,19.965126037597656,-19.965137481689453,0.06836023926734924,0.06835918128490448,0.08310440182685852,93.16397857666016,93.16407775878906,91.68955993652344,0.009980062954127789,0.998006284236908,44.827667236328125,-44.82858657836914,0.000732887361664325,0.0007327916100621223,0.0,99.92671203613281,99.92671966552734,100.0,3.2894458854570985e-05,0.0032894457690417767,-2.1629226207733154
237,2,Drums,14.467530250549316,-14.467521667480469,0.031451888382434845,0.03145135939121246,0.049590788781642914,96.85481262207031,96.85486602783203,95.04092407226562,0.03451384976506233,3.451385021209717,42.82689666748047,-42.82422637939453,0.01427485328167677,0.014074821956455708,0.014690806157886982,98.57251739501953,98.59252166748047,98.53092193603516,5.214959674049169e-05,0.0052149598486721516,5.956493377685547
238,0,Vocal,-25.880706787109375,25.880706787109375,0.36111125349998474,0.36092522740364075,0.3779688775539398,63.88887023925781,63.90747833251953,62.20310974121094,0.9974247813224792,99.74247741699219,1.4681206941604614,-1.4681206941604614,36.754554748535156,0.9659812450408936,0.970444917678833,-3575.45556640625,3.4018754959106445,2.955508232116699,0.41628390550613403,41.62839126586914,4.8330464363098145
238,1,Bass,32.21127700805664,-32.211307525634766,0.13751867413520813,0.13751250505447388,0.147981196641922,86.24813842773438,86.24874877929688,85.2018814086914,0.0006006421754136682,0.06006421893835068,53.21628189086914,-53.21122741699219,0.000946929445490241,0.0009465035400353372,0.0011641214368864894,99.90530395507812,99.90534973144531,99.88358306884766,4.786824774782872e-06,0.0004786824865732342,-7.18240213394165
238,2,Drums,23.210294723510742,-23.210304260253906,0.02329150028526783,0.023290827870368958,0.021273553371429443,97.67084503173828,97.6709213256836,97.87264251708984,0.004752269946038723,0.4752269983291626,40.65717697143555,-40.65669250488281,0.013924617320299149,0.013725634664297104,0.013912561349570751,98.6075439453125,98.62743377685547,98.6087417602539,8.599502325523645e-05,0.00859950203448534,-5.1139631271362305
239,0,Vocal,4.948657989501953,-4.948657512664795,0.14182375371456146,0.1418043076992035,0.14536139369010925,85.817626953125,85.81956481933594,85.46385955810547,0.2424175888299942,24.241758346557617,32.210418701171875,-32.21051025390625,0.08268989622592926,0.07648076117038727,0.07824067026376724,91.73101043701172,92.3519287109375,92.17593383789062,0.0006007717456668615,0.06007717549800873,6.756453037261963
239,1,Bass,21.08490753173828,-21.084915161132812,0.18243196606636047,0.18241804838180542,0.19159087538719177,81.75680541992188,81.75819396972656,80.84091186523438,0.007729274686425924,0.772927463054657,45.638427734375,-45.63858413696289,0.001262221485376358,0.0012615327723324299,0.0011567953042685986,99.87377166748047,99.87384796142578,99.88432312011719,2.735379894147627e-05,0.0027353798504918814,-3.333756685256958
239,2,Drums,26.71297264099121,-26.712949752807617,0.01865694485604763,0.01865658164024353,0.017199663445353508,98.1343002319336,98.13433837890625,98.28003692626953,0.002127105137333274,0.21271051466464996,40.49459457397461,-40.49589538574219,0.012481817044317722,0.012317776679992676,0.011840068735182285,98.75181579589844,98.76821899414062,98.81599426269531,8.920281834434718e-05,0.008920282125473022,-8.772552490234375
240,0,Vocal,22.888484954833984,-22.888500213623047,0.008519003167748451,0.008519002236425877,0.008205365389585495,99.14810180664062,99.14810180664062,99.1794662475586,0.005115911830216646,0.5115911960601807,40.312767028808594,-40.31221389770508,0.01660466007888317,0.016339749097824097,0.01681584119796753,98.33953094482422,98.36602020263672,98.31841278076172,9.304434206569567e-05,0.009304434061050415,-3.088836193084717
240,1,Bass,21.705638885498047,-21.705636978149414,0.023655902594327927,0.023655887693166733,0.017200009897351265,97.63441467285156,97.63441467285156,98.27999877929688,0.006706802174448967,0.6706802248954773,39.58440399169922,-39.585479736328125,0.0011921930126845837,0.001191752147860825,0.0009095027344301343,99.88077545166016,99.88082885742188,99.90904998779297,0.00011001699749613181,0.011001699604094028,-9.817116737365723
240,2,Drums,26.9285945892334,-26.928646087646484,0.0017047690926119685,0.0017047689761966467,0.0,99.82952117919922,99.82952117919922,100.0,0.0020242079626768827,0.20242080092430115,40.009212493896484,-40.009063720703125,0.01093609631061554,0.010820096358656883,0.011188620701432228,98.9063949584961,98.9179916381836,98.88113403320312,9.983138443203643e-05,0.009983138181269169,-9.458986282348633
241,0,Vocal,15.27426815032959,-15.274256706237793,0.006006178911775351,0.006006097421050072,0.0064425538294017315,99.39938354492188,99.3993911743164,99.35574340820312,0.02883155457675457,2.883155345916748,39.6269645690918,-39.62683868408203,0.022633647546172142,0.022128811106085777,0.022746970877051353,97.73663330078125,97.78711700439453,97.72530364990234,0.00010895138257183135,0.0108951386064291,3.850881576538086
241,1,Bass,19.027910232543945,-19.027889251708984,0.013206669129431248,0.013206669129431248,0.03156043589115143,98.67933654785156,98.67933654785156,96.84395599365234,0.01235412061214447,1.2354121208190918,44.835540771484375,-44.827911376953125,0.0006938967271707952,0.0006936475983820856,0.0009979440364986658,99.93061065673828,99.9306411743164,99.90020751953125,3.286590435891412e-05,0.0032865903340280056,-1.918885350227356
241,2,Drums,18.318950653076172,-18.318960189819336,0.004253377206623554,0.00425337627530098,0.0076747434213757515,99.57466125488281,99.57466125488281,99.2325210571289,0.014512945897877216,1.4512945413589478,32.12376022338867,-32.123775482177734,0.044909119606018066,0.04296470433473587,0.04506861791014671,95.50908660888672,95.70352935791016,95.4931411743164,0.0006128784152679145,0.06128784269094467,-8.736274719238281
242,0,Vocal,16.81505584716797,-16.81505012512207,0.050297994166612625,0.050297994166612625,0.04539015144109726,94.97019958496094,94.97019958496094,95.46098327636719,0.020395958796143532,2.03959584236145,44.55327606201172,-44.547515869140625,0.02238425426185131,0.021902598440647125,0.02228759601712227,97.7615737915039,97.80973815917969,97.771240234375,3.5044267860939726e-05,0.003504426684230566,7.251739025115967
242,1,Bass,18.034183502197266,-18.034164428710938,0.0667257159948349,0.06672543287277222,0.04571576789021492,93.32742309570312,93.32745361328125,95.42842864990234,0.015481268987059593,1.5481269359588623,47.88550567626953,-47.878517150878906,0.00040028654620982707,0.0004001818015240133,0.0007891026325523853,99.95996856689453,99.9599838256836,99.92108917236328,1.6287254766211845e-05,0.0016287254402413964,2.169564962387085
242,2,Drums,27.217561721801758,-27.217561721801758,0.0003977058222517371,0.0003977058222517371,0.0,99.96023559570312,99.96023559570312,100.0,0.0018941505113616586,0.18941505253314972,40.933876037597656,-40.933528900146484,0.007240730337798595,0.007189315743744373,0.007326687686145306,99.27593231201172,99.28106689453125,99.267333984375,8.062602137215436e-05,0.008062602020800114,-8.843846321105957
243,0,Vocal,18.11351776123047,-18.113513946533203,0.06523619592189789,0.06523606926202774,0.06513786315917969,93.47637939453125,93.47639465332031,93.48621368408203,0.01520528644323349,1.5205286741256714,45.39862060546875,-45.392852783203125,0.02127123810350895,0.020832763984799385,0.021291786804795265,97.87287902832031,97.9167251586914,97.87081909179688,2.8864060368505307e-05,0.002886406145989895,6.7770161628723145
243,1,Bass,21.70793342590332,-21.707904815673828,0.08927253633737564,0.08927245438098907,0.08673670142889023,91.07274627685547,91.07275390625,91.32633209228516,0.006703285500407219,0.6703285574913025,48.803218841552734,-48.795204162597656,0.0004587018338497728,0.00045862747356295586,0.00048162403982132673,99.95413208007812,99.95413970947266,99.95184326171875,1.3172634680813644e-05,0.0013172634644433856,-0.5489619970321655
243,2,Drums,34.5070686340332,-34.506980895996094,0.0027640052139759064,0.0027640049811452627,0.004912162199616432,99.72360229492188,99.72360229492188,99.5087890625,0.0003541241749189794,0.035412415862083435,42.34800338745117,-42.34986877441406,0.0062461537308990955,0.006208355072885752,0.006417027674615383,99.37538146972656,99.37916564941406,99.3582992553711,5.820511432830244e-05,0.005820511374622583,-14.699355125427246
244,0,Vocal,19.602832794189453,-19.60287094116211,0.033992208540439606,0.03399218991398811,0.035912349820137024,96.60077667236328,96.60078430175781,96.40876770019531,0.010838835500180721,1.08388352394104,43.531280517578125,-43.530696868896484,0.013459110632538795,0.013287253677845001,0.013617475517094135,98.65409088134766,98.67127227783203,98.63825225830078,4.434592847246677e-05,0.004434593021869659,3.413242816925049
244,1,Bass,13.661905288696289,-13.66189956665039,0.09702741354703903,0.09702712297439575,0.09985388815402985,90.29725646972656,90.29728698730469,90.01461029052734,0.04125829041004181,4.125829219818115,40.50912857055664,-40.508846282958984,0.0008050998440012336,0.0008048985037021339,0.0011874530464410782,99.91949462890625,99.91950988769531,99.88125610351562,8.890113531379029e-05,0.008890113793313503,-0.8983500003814697
244,2,Drums,32.23592758178711,-32.23571014404297,0.004885252099484205,0.004885251168161631,0.005506094545125961,99.511474609375,99.511474609375,99.44938659667969,0.0005972718936391175,0.05972718819975853,38.2706298828125,-38.270408630371094,0.010202094912528992,0.01010134071111679,0.01049329899251461,98.97978973388672,98.9898681640625,98.95066833496094,0.00014890529564581811,0.014890529215335846,-16.516395568847656
245,0,Vocal,18.55124855041504,-18.55124282836914,0.014394601806998253,0.014394600875675678,0.013697739690542221,98.56053924560547,98.56053924560547,98.6302261352539,0.013767505995929241,1.3767505884170532,44.4008674621582,-44.394386291503906,0.012363124638795853,0.012217224575579166,0.012639458291232586,98.76368713378906,98.77827453613281,98.73605346679688,3.627027399488725e-05,0.0036270273849368095,5.351881980895996
245,1,Bass,15.790186882019043,-15.790186882019043,0.04748352989554405,0.047483425587415695,0.04178527742624283,95.25164794921875,95.25165557861328,95.82147216796875,0.025685053318738937,2.56850528717041,49.08744430541992,-49.09020233154297,0.00042039863183163106,0.00042030937038362026,0.0006151461275294423,99.95796203613281,99.95796966552734,99.93849182128906,1.2338326996541582e-05,0.0012338326778262854,5.658809185028076
245,2,Drums,29.545616149902344,-29.545398712158203,0.0029573473148047924,0.0029573114588856697,0.004284201189875603,99.70426940917969,99.70426940917969,99.57157897949219,0.0011090913321822882,0.11090913414955139,39.12913131713867,-39.12992477416992,0.008342238143086433,0.008269272744655609,0.008299986831843853,99.165771484375,99.1730728149414,99.16999816894531,0.0001221711718244478,0.012217117473483086,-12.96530532836914
246,0,Vocal,11.889618873596191,-11.889616012573242,0.05476420372724533,0.054764021188020706,0.05618983879685402,94.5235824584961,94.52359771728516,94.38101959228516,0.0607859268784523,6.078592777252197,39.049354553222656,-39.046993255615234,0.021574141457676888,0.021140223369002342,0.021154183894395828,97.84258270263672,97.88597869873047,97.88458251953125,0.00012446021719370037,0.012446021661162376,6.6419358253479
246,1,Bass,23.61443519592285,-23.614421844482422,0.07004215568304062,0.0700417086482048,0.07128635793924332,92.99578857421875,92.9958267211914,92.8713607788086,0.00433184253051877,0.43318426609039307,38.46623992919922,-38.4649772644043,0.0006510965176858008,0.0006509930826723576,0.001168331946246326,99.93489074707031,99.93489837646484,99.88317108154297,0.00014238439325708896,0.014238439500331879,-12.747339248657227
246,2,Drums,22.093908309936523,-22.093887329101562,0.0012459602439776063,0.0012459543067961931,0.000751024519558996,99.87540435791016,99.87540435791016,99.92489624023438,0.006136739626526833,0.613673985004425,39.9601936340332,-39.95977020263672,0.008550883270800114,0.008476401679217815,0.007741122506558895,99.14491271972656,99.15235900878906,99.22589111328125,0.00010088434646604583,0.01008843444287777,-4.678033828735352
247,0,Vocal,29.57280921936035,-29.57281494140625,0.015163564123213291,0.015163556672632694,0.01614287495613098,98.483642578125,98.483642578125,98.38571166992188,0.0011021395912393928,0.11021395772695541,43.61973571777344,-43.62084197998047,0.019952600821852684,0.01956278458237648,0.02003675140440464,98.0047378540039,98.0437240600586,97.99632263183594,4.346678906586021e-05,0.004346678964793682,-6.465790748596191
247,1,Bass,22.683452606201172,-22.683393478393555,0.039711326360702515,0.03971131891012192,0.045643314719200134,96.02886199951172,96.02886962890625,95.4356689453125,0.005361924413591623,0.5361924171447754,39.443199157714844,-39.442588806152344,0.0014441261300817132,0.0014432115713134408,0.001366369891911745,99.8555908203125,99.85568237304688,99.86336517333984,0.00011367823753971606,0.01136782392859459,-10.916644096374512
247,2,Drums,32.20481491088867,-32.2047004699707,0.002771068597212434,0.002771068597212434,0.0034258407540619373,99.72289276123047,99.72289276123047,99.65741729736328,0.0006015459657646716,0.06015459820628166,38.65204620361328,-38.65198516845703,0.00976096373051405,0.009667365811765194,0.010093034245073795,99.0239028930664,99.03326416015625,98.9906997680664,0.00013639027019962668,0.013639027252793312,-16.10361671447754
248,0,Vocal,24.3604679107666,-24.360456466674805,0.009630589745938778,0.009630589745938778,0.010157337412238121,99.03694152832031,99.03694152832031,98.98426818847656,0.0036505928728729486,0.3650592863559723,40.06404495239258,-40.06303405761719,0.007259713485836983,0.007206888869404793,0.007406415417790413,99.2740249633789,99.27931213378906,99.25936126708984,9.854169911704957e-05,0.009854169562458992,-4.797591686248779
248,1,Bass,11.394731521606445,-11.394730567932129,0.44344767928123474,0.4434303045272827,0.44843754172325134,55.65522766113281,55.6569709777832,55.15624237060547,0.06762649118900299,6.762649059295654,34.70683670043945,-34.706993103027344,0.006166480481624603,0.00612752977758646,0.00840034056454897,99.38335418701172,99.38724517822266,99.15996551513672,0.00033819061354734004,0.033819060772657394,-4.500877380371094
248,2,Drums,33.84309005737305,-33.842689514160156,0.0017849779687821865,0.0017849777359515429,0.002312410855665803,99.82150268554688,99.82150268554688,99.76876068115234,0.0004126022395212203,0.04126022383570671,32.77056884765625,-32.77042007446289,0.013193432241678238,0.013018066063523293,0.014645682647824287,98.68065643310547,98.69819641113281,98.53543090820312,0.0005280972109176219,0.05280972272157669,-23.62417221069336
249,0,Vocal,54.538665771484375,-54.46302032470703,0.005475183948874474,0.005475183948874474,0.005674510262906551,99.45248413085938,99.45248413085938,99.43254852294922,3.5439222756394884e-06,0.0003543922211974859,60.486289978027344,-60.468360900878906,0.009333631955087185,0.009248480200767517,0.009423225186765194,99.06663513183594,99.07514953613281,99.05767822265625,8.983536190498853e-07,8.983536099549383e-05,-14.541280746459961
249,1,Bass,1.86897611618042,-1.8689762353897095,0.34940817952156067,0.34940817952156067,0.3553209602832794,65.05918884277344,65.05918884277344,64.46791076660156,0.39404332637786865,39.40433120727539,35.30689239501953,-35.30708694458008,0.020321955904364586,0.019963033497333527,0.021606886759400368,97.96780395507812,98.00370025634766,97.83931732177734,0.0002946359454654157,0.029463594779372215,5.743676662445068
249,2,Drums,44.84342956542969,-44.84031295776367,0.0008631449309177697,0.0008631449309177697,0.0012316707288846374,99.91368865966797,99.91368865966797,99.8768310546875,3.2790783734526485e-05,0.003279078286141157,37.201663970947266,-37.20082092285156,0.008731681853532791,0.008655023761093616,0.008883640170097351,99.1268310546875,99.1344985961914,99.11163330078125,0.00019045706721954048,0.01904570683836937,-30.198707580566406
250,0,Vocal,24.750720977783203,-24.75088882446289,0.002612739335745573,0.0026127391029149294,0.0025149520952254534,99.73873138427734,99.73873138427734,99.74850463867188,0.0033378377556800842,0.3337837755680084,47.49040985107422,-47.48151397705078,0.012515374459326267,0.01236440148204565,0.012827206403017044,98.74846649169922,98.76356506347656,98.71727752685547,1.782867911970243e-05,0.0017828679410740733,2.2267088890075684
250,1,Bass,17.856943130493164,-17.856948852539062,0.01214149035513401,0.01214149035513401,0.006075473967939615,98.78585052490234,98.78585052490234,99.39244842529297,0.016115698963403702,1.611569881439209,43.82717514038086,-43.822322845458984,0.00039200662286020815,0.0003918993752449751,0.0015220768982544541,99.96080017089844,99.96080780029297,99.84779357910156,4.145333150518127e-05,0.004145333077758551,-1.6910054683685303
250,2,Drums,22.637054443359375,-22.637073516845703,0.00022518110927194357,0.00022518110927194357,0.0017101174453273416,99.97747802734375,99.97747802734375,99.82898712158203,0.005419192370027304,0.5419192314147949,44.84342956542969,-44.844390869140625,0.013830557465553284,0.013642867095768452,0.013655228540301323,98.616943359375,98.63571166992188,98.63447570800781,3.279772863606922e-05,0.0032797728199511766,-0.3489094376564026
251,0,Vocal,46.40378952026367,-46.4040412902832,0.0006758340168744326,0.0006758339004591107,0.0011495242360979319,99.93241119384766,99.93241119384766,99.88504791259766,2.2942012947169133e-05,0.0022942014038562775,41.401123046875,-41.40101623535156,0.009950883686542511,0.009853340685367584,0.010314330458641052,99.00491333007812,99.01466369628906,98.96856689453125,7.238286343635991e-05,0.007238286547362804,-25.492218017578125
251,1,Bass,32.01194381713867,-32.01261520385742,0.004117427859455347,0.004117405042052269,0.0030774001497775316,99.5882568359375,99.5882568359375,99.6922607421875,0.0006287581636570394,0.06287581473588943,45.94281005859375,-45.939048767089844,0.0005789906135760248,0.0005787506233900785,0.001668966026045382,99.94210052490234,99.94212341308594,99.83309936523438,2.546218274801504e-05,0.0025462182238698006,-13.747530937194824
251,2,Drums,40.81981658935547,-40.817848205566406,0.001981658861041069,0.00198165699839592,0.0020812717266380787,99.80183410644531,99.80183410644531,99.7918701171875,8.281924237962812e-05,0.008281923830509186,40.354705810546875,-40.35280227661133,0.026714205741882324,0.026011085137724876,0.028050554916262627,97.32858276367188,97.39888763427734,97.1949462890625,9.217517799697816e-05,0.009217517450451851,-23.00779151916504
252,0,Vocal,31.067115783691406,-31.06707000732422,0.003113481681793928,0.00311348051764071,0.0033522015437483788,99.68865203857422,99.68865203857422,99.66477966308594,0.0007815841818228364,0.0781584158539772,43.92832946777344,-43.92908477783203,0.012228624895215034,0.012081603519618511,0.012564249336719513,98.77713775634766,98.79183959960938,98.74357604980469,4.052268559462391e-05,0.004052268341183662,-7.645003795623779
252,1,Bass,27.316997528076172,-27.317031860351562,0.013336539268493652,0.013336514122784138,0.013411875814199448,98.66634368896484,98.66634368896484,98.6588134765625,0.0018514132825657725,0.18514132499694824,50.97611999511719,-50.977783203125,0.00036818537046201527,0.00036805763375014067,0.0004117671342100948,99.96318054199219,99.96319580078125,99.95882415771484,7.955997716635466e-06,0.0007955997716635466,-4.013418197631836
252,2,Drums,33.77830123901367,-33.778472900390625,0.0075844768434762955,0.007584475912153721,0.00939759612083435,99.2415542602539,99.2415542602539,99.06023406982422,0.00041878505726344883,0.041878506541252136,31.038043975830078,-31.037891387939453,0.02673383615911007,0.026030803099274635,0.02552265301346779,97.32662200927734,97.39691925048828,97.44773864746094,0.0007868320681154728,0.07868320494890213,-25.301189422607422
253,0,Vocal,33.688941955566406,-33.68833541870117,0.002919521415606141,0.0029195211827754974,0.0036476976238191128,99.70805358886719,99.70805358886719,99.6352310180664,0.00042751632281579077,0.04275163263082504,47.88550567626953,-47.862266540527344,0.010495666414499283,0.010386918671429157,0.010798264294862747,98.95043182373047,98.9613037109375,98.92017364501953,1.631549275771249e-05,0.0016315493267029524,-6.3165788650512695
253,1,Bass,28.23928451538086,-28.239212036132812,0.02174987643957138,0.02174987643957138,0.01962568610906601,97.82501220703125,97.82501220703125,98.03742980957031,0.0014976912643760443,0.149769127368927,49.17218780517578,-49.16658020019531,0.0006092035910114646,0.0006089185480959713,0.0009564879583194852,99.93907928466797,99.9391098022461,99.90435028076172,1.2184968909423333e-05,0.0012184969382360578,-6.780065536499023
253,2,Drums,24.760303497314453,-24.7602481842041,0.005994237493723631,0.005994236562401056,0.002700640819966793,99.40057373046875,99.40057373046875,99.72993469238281,0.0033305927645415068,0.33305928111076355,43.359596252441406,-43.358734130859375,0.02747969888150692,0.026757286861538887,0.027807826176285744,97.25202941894531,97.32427215576172,97.2192153930664,4.617492959368974e-05,0.004617493133991957,-3.9382243156433105
254,0,Vocal,54.118045806884766,-54.055572509765625,0.03332488611340523,0.03332488611340523,0.033562492579221725,96.66751098632812,96.66751098632812,96.64375305175781,3.8607681744906586e-06,0.00038607680471614003,51.7549934387207,-51.730735778808594,0.015057161450386047,0.014834906905889511,0.015064210630953312,98.4942855834961,98.51651000976562,98.49357604980469,6.701404799969168e-06,0.0006701404927298427,-22.903104782104492
254,1,Bass,31.653526306152344,-31.65350914001465,0.03262528404593468,0.03262528404593468,0.03528735786676407,96.73747253417969,96.73747253417969,96.47126007080078,0.0006829222547821701,0.06829222291707993,47.361610412597656,-47.3655891418457,0.0005128359189257026,0.0005126458709128201,0.00021100268349982798,99.94871520996094,99.94873046875,99.97889709472656,1.8352830011281185e-05,0.001835283008404076,-12.0800142288208
254,2,Drums,17.254426956176758,-17.25442123413086,0.004273759201169014,0.004273758735507727,0.004220002796500921,99.57262420654297,99.57262420654297,99.5780029296875,0.018469801172614098,1.846980094909668,43.703956604003906,-43.70551681518555,0.01311707217246294,0.012948345392942429,0.012675651349127293,98.68829345703125,98.70516967773438,98.73243713378906,4.262139555066824e-05,0.004262139555066824,3.871349573135376
255,0,Vocal,36.044761657714844,-36.04462814331055,0.001814452582038939,0.001814452582038939,0.00045584762119688094,99.81855773925781,99.81855773925781,99.95441436767578,0.0002485816949047148,0.02485816925764084,44.443870544433594,-44.44377517700195,0.006069066468626261,0.006032641511410475,0.006536579225212336,99.39309692382812,99.39673614501953,99.3463363647461,3.593053043005057e-05,0.0035930529702454805,-12.102766036987305
255,1,Bass,19.83831787109375,-19.83832359313965,0.017927663400769234,0.017927540466189384,0.013769487850368023,98.20723724365234,98.20724487304688,98.623046875,0.010272664949297905,1.027266502380371,47.375736236572266,-47.369873046875,0.0009104782366193831,0.0009099548915401101,0.001850519678555429,99.90895080566406,99.90900421142578,99.81494903564453,1.8318440197617747e-05,0.0018318439833819866,-0.07532376796007156
255,2,Drums,23.48464012145996,-23.48465347290039,0.003185748355463147,0.003185748355463147,0.0,99.68142700195312,99.68142700195312,100.0,0.004462677054107189,0.446267694234848,37.69192123413086,-37.69223403930664,0.028203794732689857,0.02743292972445488,0.02780422940850258,97.17961883544922,97.25670623779297,97.21957397460938,0.00017012601892929524,0.01701260171830654,-8.343868255615234
256,0,Vocal,27.530437469482422,-27.5302677154541,0.0014955982333049178,0.0014955982333049178,0.003474950324743986,99.8504409790039,99.8504409790039,99.65250396728516,0.0017627808265388012,0.17627808451652527,41.981597900390625,-41.97795867919922,0.01803310588002205,0.017722012475132942,0.018382474780082703,98.19669342041016,98.22779846191406,98.16175079345703,6.339631363516673e-05,0.006339631509035826,-6.063470840454102
256,1,Bass,20.701862335205078,-20.701854705810547,0.012993085198104382,0.012993085198104382,0.017885373905301094,98.70069122314453,98.70069122314453,98.21146392822266,0.008436004631221294,0.8436004519462585,48.78361129760742,-48.783512115478516,0.0008510005427524447,0.0008504381403326988,0.0011678497539833188,99.91490173339844,99.91495513916016,99.88321685791016,1.3244313777249772e-05,0.0013244313886389136,0.4182034432888031
256,2,Drums,24.84168815612793,-24.841678619384766,0.00011160485883010551,0.00011160482245031744,0.00045280143967829645,99.98884582519531,99.98884582519531,99.95471954345703,0.003268931992352009,0.3268932104110718,40.514949798583984,-40.515018463134766,0.012330605648458004,0.012186454609036446,0.013044222258031368,98.76693725585938,98.78135681152344,98.6955795288086,8.882423571776599e-05,0.008882423862814903,-6.874931335449219
257,0,Vocal,31.277996063232422,-31.277584075927734,0.000826339004561305,0.0008263385971076787,0.0015091300010681152,99.91736602783203,99.91736602783203,99.84909057617188,0.0007445428636856377,0.07445428520441055,36.53730392456055,-36.53640365600586,0.012840710580348969,0.012694019824266434,0.012748630717396736,98.71593475341797,98.73059844970703,98.72513580322266,0.00022191106108948588,0.022191105410456657,-15.226469993591309
257,1,Bass,27.655946731567383,-27.65618324279785,0.009129824116826057,0.009129801765084267,0.011907397769391537,99.08702087402344,99.08702087402344,98.80925750732422,0.001712554250843823,0.171255424618721,46.81885528564453,-46.83815002441406,0.0006272367318160832,0.0006269973237067461,0.0007789621013216674,99.9372787475586,99.93730163574219,99.92210388183594,2.0751156625919975e-05,0.0020751156844198704,-8.520968437194824
257,2,Drums,30.893932342529297,-30.89397430419922,0.004175679292529821,0.004175662528723478,0.007474088110029697,99.58243560791016,99.58243560791016,99.25259399414062,0.0008132914081215858,0.08132913708686829,35.07997512817383,-35.079978942871094,0.019237015396356583,0.0188826322555542,0.020383089780807495,98.0762939453125,98.11174011230469,97.96168518066406,0.00031036973814480007,0.031036972999572754,-18.350561141967773
258,0,Vocal,30.481245040893555,-30.481246948242188,0.0003304955898784101,0.0003304948622826487,0.00036344712134450674,99.96694946289062,99.96694946289062,99.96365356445312,0.00089432013919577,0.0894320160150528,39.09536361694336,-39.0942497253418,0.012969513423740864,0.012807901948690414,0.013339051976799965,98.70304870605469,98.71920776367188,98.66609191894531,0.00012315255298744887,0.012315255589783192,-11.881814002990723
258,1,Bass,20.753753662109375,-20.75371742248535,0.005942783784121275,0.005942781921476126,0.0035783553030341864,99.40572357177734,99.40572357177734,99.64216613769531,0.008336616680026054,0.833661675453186,32.66399002075195,-32.6635627746582,0.002165994606912136,0.0021634104195982218,0.0028193851467221975,99.78340148925781,99.78366088867188,99.71806335449219,0.0005412277532741427,0.05412277579307556,-15.803800582885742
258,2,Drums,20.10485076904297,-20.104848861694336,0.016000822186470032,0.016000717878341675,0.016999926418066025,98.39991760253906,98.3999252319336,98.30001068115234,0.009667140431702137,0.9667140245437622,30.019357681274414,-30.019262313842773,0.09611789137125015,0.08752847462892532,0.08778360486030579,90.3882064819336,91.24715423583984,91.22164154052734,0.000994595349766314,0.09945953637361526,-12.642060279846191
259,0,Vocal,33.99575424194336,-33.99724578857422,0.0014425922418013215,0.0014425922418013215,0.0015447406331077218,99.8557357788086,99.8557357788086,99.84552764892578,0.0003982738417107612,0.0398273840546608,44.29519271850586,-44.29393005371094,0.015510687604546547,0.015284141525626183,0.015915263444185257,98.44892883300781,98.47158813476562,98.4084701538086,3.721336543094367e-05,0.0037213366013020277,-10.207025527954102
259,1,Bass,22.721721649169922,-22.721662521362305,0.011770178563892841,0.011770102195441723,0.012516281567513943,98.82298278808594,98.82299041748047,98.74837493896484,0.005315112881362438,0.5315113067626953,46.49522399902344,-46.49292755126953,0.0011683779302984476,0.001167513313703239,0.0013232643250375986,99.88316345214844,99.88324737548828,99.86766815185547,2.23893512156792e-05,0.0022389350924640894,-3.8695228099823
259,2,Drums,28.612632751464844,-28.61260414123535,0.005228128284215927,0.005228122696280479,0.006884600501507521,99.47718811035156,99.47718811035156,99.31153869628906,0.0013744833413511515,0.13744834065437317,37.79822540283203,-37.797142028808594,0.022213103249669075,0.02173634245991707,0.021988660097122192,97.7786865234375,97.82637023925781,97.80113983154297,0.0001660241832723841,0.016602417454123497,-13.377668380737305
260,0,Vocal,31.191524505615234,-31.191633224487305,0.0023969062604010105,0.0023969055619090796,0.003594405483454466,99.76031494140625,99.76031494140625,99.64056396484375,0.0007595086353830993,0.07595086097717285,43.27622985839844,-43.27701187133789,0.018000923097133636,0.017691127955913544,0.017984330654144287,98.19991302490234,98.23088836669922,98.20156860351562,4.701275611296296e-05,0.0047012753784656525,-8.423422813415527
260,1,Bass,20.66629409790039,-20.666284561157227,0.012868599966168404,0.012868591584265232,0.01967262476682663,98.71314239501953,98.71314239501953,98.0327377319336,0.008504791185259819,0.8504791259765625,45.91240310668945,-45.91251754760742,0.000836490944493562,0.0008359898347407579,0.001427671522833407,99.91635131835938,99.91639709472656,99.85723876953125,2.5588382413843647e-05,0.0025588383432477713,-2.4109249114990234
260,2,Drums,24.853782653808594,-24.853778839111328,0.00011935724614886567,0.00011935724614886567,0.0004846264491789043,99.98806762695312,99.98806762695312,99.9515380859375,0.0032599028199911118,0.3259902894496918,37.02581024169922,-37.02629470825195,0.012255387380719185,0.012111101299524307,0.012321604415774345,98.77445983886719,98.78888702392578,98.76783752441406,0.00019829862867482007,0.01982986368238926,-10.378524780273438
261,0,Vocal,24.208765029907227,-24.208744049072266,0.0007501431973651052,0.0007501427899114788,0.0015439579728990793,99.92498779296875,99.92498779296875,99.8456039428711,0.003779907478019595,0.3779907524585724,47.519561767578125,-47.508872985839844,0.012185594998300076,0.012043900787830353,0.012585916556417942,98.78144073486328,98.79560852050781,98.74140930175781,1.7716025467962027e-05,0.0017716025467962027,2.8129799365997314
261,1,Bass,21.789274215698242,-21.789339065551758,0.01055685430765152,0.010556853376328945,0.010718680918216705,98.9443130493164,98.9443130493164,98.92813110351562,0.0065796817652881145,0.6579681634902954,44.00577163696289,-44.00436782836914,0.0010286270407959819,0.0010277252877131104,0.0008675999706611037,99.89714050292969,99.89723205566406,99.91323852539062,3.9787497371435165e-05,0.0039787497371435165,-5.498019695281982
261,2,Drums,22.53963851928711,-22.53962516784668,0.0021171148400753736,0.0021171148400753736,0.004281495697796345,99.78829193115234,99.78829193115234,99.57184600830078,0.005541450809687376,0.554145097732544,28.274738311767578,-28.27471160888672,0.036841243505477905,0.03554576635360718,0.03554654121398926,96.31587219238281,96.44542694091797,96.44534301757812,0.001485514221712947,0.14855141937732697,-16.808338165283203
262,0,Vocal,34.81930160522461,-34.81951141357422,0.00020168792980257422,0.00020168792980257422,0.0,99.97982788085938,99.97982788085938,100.0,0.00032958260271698236,0.0329582616686821,41.469581604003906,-41.47001647949219,0.0098971426486969,0.00980376172810793,0.010530782863497734,99.01029205322266,99.01962280273438,98.9469223022461,7.128722063498572e-05,0.007128722034394741,-13.848788261413574
262,1,Bass,23.810327529907227,-23.810272216796875,0.0008494138601236045,0.0008494115900248289,0.0053976913914084435,99.91505432128906,99.91505432128906,99.46023559570312,0.004141576588153839,0.4141576588153839,45.32741928100586,-45.3189697265625,0.0008107441244646907,0.0008101086714304984,0.000510442245285958,99.9189224243164,99.91899108886719,99.9489517211914,2.9375229132710956e-05,0.0029375229496508837,-6.138006687164307
262,2,Drums,26.048519134521484,-26.048503875732422,0.0078103248961269855,0.0078103248961269855,0.016762349754571915,99.21896362304688,99.21896362304688,98.32376098632812,0.002477854723110795,0.24778547883033752,30.386106491088867,-30.385751724243164,0.0877399817109108,0.08064866811037064,0.08590908348560333,91.22599792480469,91.93513488769531,91.40909576416016,0.000914116739295423,0.09141167253255844,-18.218944549560547
263,0,Vocal,30.707801818847656,-30.707523345947266,0.0037288975436240435,0.003728896379470825,0.0047779325395822525,99.62710571289062,99.62711334228516,99.52220916748047,0.0008488805033266544,0.0848880484700203,38.65394973754883,-38.65319061279297,0.017550338059663773,0.017248820513486862,0.018195167183876038,98.24496459960938,98.27511596679688,98.18048095703125,0.00013633150956593454,0.013633150607347488,-12.56259536743164
263,1,Bass,21.192319869995117,-21.192325592041016,0.010824060998857021,0.010824060998857021,0.012066369876265526,98.91759490966797,98.91759490966797,98.79336547851562,0.007541895378381014,0.7541895508766174,46.565086364746094,-46.561241149902344,0.0007810899405740201,0.000780662870965898,0.0007910913554951549,99.92189025878906,99.92193603515625,99.92089080810547,2.2029158571967855e-05,0.002202915959060192,-2.3045365810394287
263,2,Drums,38.519309997558594,-38.51995849609375,0.0019002188928425312,0.0019002178451046348,0.0017451817402616143,99.80998229980469,99.80998229980469,99.82548522949219,0.00014062196714803576,0.01406219694763422,35.335113525390625,-35.33652114868164,0.015046610496938229,0.014832774177193642,0.014840967021882534,98.4953384399414,98.5167236328125,98.51590728759766,0.0002926019369624555,0.029260193929076195,-25.732389450073242
264,0,Vocal,24.381513595581055,-24.381505966186523,0.0022785940673202276,0.002278593135997653,0.0022252839989960194,99.77214050292969,99.77214050292969,99.77747344970703,0.0036330372095108032,0.3633037209510803,36.44038772583008,-36.44231414794922,0.01724921353161335,0.016971200704574585,0.01718909852206707,98.27507781982422,98.3028793334961,98.28108978271484,0.00022683483257424086,0.022683482617139816,-8.43769359588623
264,1,Bass,24.184839248657227,-24.18480682373047,0.0030711833387613297,0.0030711640138179064,0.002916220808401704,99.69287872314453,99.69287872314453,99.70838165283203,0.003800675505772233,0.3800675570964813,51.994117736816406,-51.9814453125,0.00021208342514000833,0.00021206759265623987,0.00032477511558681726,99.97879028320312,99.97879028320312,99.96752166748047,6.322375156742055e-06,0.0006322375265881419,0.12695546448230743
264,2,Drums,31.38258171081543,-31.3825626373291,0.0007169907330535352,0.0007169906748458743,0.0,99.92829895019531,99.92829895019531,100.0,0.000726824626326561,0.0726824626326561,42.41971969604492,-42.42031478881836,0.00848353747278452,0.008413120172917843,0.008091513998806477,99.15164947509766,99.15868377685547,99.19084930419922,5.729677650379017e-05,0.0057296776212751865,-11.521822929382324
265,0,Vocal,28.931224822998047,-28.93128204345703,0.01100474689155817,0.01100474689155817,0.011322423815727234,98.89952850341797,98.89952850341797,98.86775970458984,0.0012774077476933599,0.1277407705783844,32.25244140625,-32.25230026245117,0.02795141562819481,0.027196241542696953,0.028228329494595528,97.2048568725586,97.28038024902344,97.17716217041016,0.0005949941696599126,0.05949941650032997,-17.178600311279297
265,1,Bass,29.239990234375,-29.23990249633789,0.006558732595294714,0.006558683700859547,0.00995405949652195,99.34413146972656,99.34413146972656,99.00459289550781,0.0011898258235305548,0.11898258328437805,55.004425048828125,-54.985164642333984,0.0002571752411313355,0.0002571306540630758,0.0003191858413629234,99.97428131103516,99.97428894042969,99.96807861328125,3.17290300699824e-06,0.0003172903088852763,-1.9668611288070679
265,2,Drums,36.37919998168945,-36.3797492980957,0.0005041729309596121,0.0005041725817136467,0.0014584970194846392,99.94957733154297,99.94957733154297,99.8541488647461,0.0002301222993992269,0.023012230172753334,38.148895263671875,-38.14793014526367,0.0069976868107914925,0.00695003941655159,0.007022654637694359,99.30023193359375,99.30500030517578,99.2977294921875,0.00015313354379031807,0.015313354320824146,-20.786041259765625
266,0,Vocal,23.690595626831055,-23.69061279296875,0.0014146271860226989,0.0014146269531920552,0.0016608559526503086,99.85853576660156,99.85853576660156,99.83390808105469,0.004256842657923698,0.42568427324295044,36.79817199707031,-36.797576904296875,0.027832357212901115,0.027071645483374596,0.027753178030252457,97.21676635742188,97.29283142089844,97.22468566894531,0.00020899043011013418,0.02089904248714447,-7.398801326751709
266,1,Bass,27.66594886779785,-27.665912628173828,0.002478277077898383,0.0024782572872936726,0.003381820162758231,99.75216674804688,99.7521743774414,99.66181182861328,0.0017087258165702224,0.17087258398532867,52.56235122680664,-52.51665496826172,0.0002189069928135723,0.00021887979528401047,0.0003824704035650939,99.97810363769531,99.97811126708984,99.96175384521484,5.546453849092359e-06,0.0005546453758142889,-2.8550326824188232
266,2,Drums,28.136980056762695,-28.13704490661621,0.000257840845733881,0.000257840845733881,0.0036365382838994265,99.97421264648438,99.97421264648438,99.63634490966797,0.0015333011979237199,0.15333011746406555,34.55929946899414,-34.55924987792969,0.016093501821160316,0.01583402417600155,0.016169561073184013,98.3906478881836,98.41659545898438,98.38304138183594,0.00034988721017725766,0.03498871996998787,-16.138351440429688
267,0,Vocal,27.746204376220703,-27.7462215423584,0.004914965480566025,0.00491495942696929,0.005569180473685265,99.50850677490234,99.50850677490234,99.44308471679688,0.0016774852992966771,0.16774852573871613,38.46442413330078,-38.464332580566406,0.025874491780996323,0.025319937616586685,0.026202276349067688,97.41255187988281,97.46800994873047,97.37977600097656,0.00014246039791032672,0.014246040023863316,-9.731685638427734
267,1,Bass,24.06101417541504,-24.061031341552734,0.0036972351372241974,0.0036972344387322664,0.0027842188719660044,99.63027954101562,99.63027954101562,99.7215805053711,0.003910209983587265,0.3910210132598877,50.17890548706055,-50.16407012939453,0.00017442497482988983,0.0001744071050779894,0.00013531939475797117,99.98255920410156,99.98255920410156,99.9864730834961,9.598087672202382e-06,0.0009598087635822594,-1.599433422088623
267,2,Drums,34.64374923706055,-34.64376449584961,0.002081786748021841,0.0020817862823605537,0.0017449172446504235,99.79181671142578,99.79181671142578,99.82550811767578,0.0003431687073316425,0.03431687131524086,37.15568161010742,-37.1549186706543,0.007949968799948692,0.007887779735028744,0.008160034194588661,99.20500183105469,99.21121978759766,99.18399810791016,0.00019247326417826116,0.019247326999902725,-20.03616714477539
268,0,Vocal,30.668609619140625,-30.668411254882812,0.004555923864245415,0.004555923398584127,0.004998365417122841,99.54440307617188,99.54440307617188,99.50016021728516,0.0008565878961235285,0.08565878868103027,38.138763427734375,-38.13755798339844,0.02029518596827984,0.01992599479854107,0.020689932629466057,97.9704818725586,98.00740051269531,97.9310073852539,0.00015347691078204662,0.015347691252827644,-13.00054931640625
268,1,Bass,30.534879684448242,-30.534832000732422,0.00602069403976202,0.006020691245794296,0.00694760587066412,99.39793395996094,99.39793395996094,99.30524444580078,0.0008833874017000198,0.08833874017000198,51.953338623046875,-51.92792510986328,0.0001716569095151499,0.00017163458687718958,0.00018054532120004296,99.98283386230469,99.98283386230469,99.98194885253906,6.411127742467215e-06,0.0006411127978935838,-6.330844402313232
268,2,Drums,40.05879211425781,-40.05899429321289,0.002135529415681958,0.0021355291828513145,0.0030201843474060297,99.78644561767578,99.78644561767578,99.69798278808594,9.861652506515384e-05,0.009861652739346027,37.640480041503906,-37.6409912109375,0.008323314599692822,0.00825465191155672,0.008393704891204834,99.16767120361328,99.1745376586914,99.16062927246094,0.00017212241073139012,0.017212241888046265,-24.970298767089844
269,0,Vocal,6.198409080505371,-6.198408603668213,0.28024280071258545,0.2802419066429138,0.29344746470451355,71.97572326660156,71.9758071899414,70.6552505493164,0.19352968037128448,19.352968215942383,27.96508026123047,-27.965085983276367,1.8775314092636108,0.6508873701095581,0.6605844497680664,-87.75314331054688,34.91126251220703,33.94155502319336,0.0015951086534187198,0.15951086580753326,1.276343584060669
269,1,Bass,33.52662658691406,-33.52780532836914,0.006798921152949333,0.0067989155650138855,0.008092821575701237,99.32010650634766,99.32010650634766,99.19071960449219,0.000443699216702953,0.04436992108821869,54.76530456542969,-54.74903106689453,0.0001932882732944563,0.00019326059555169195,0.00043738834210671484,99.98066711425781,99.98067474365234,99.95626068115234,3.338307351441472e-06,0.0003338307433295995,-6.450030326843262
269,2,Drums,42.632755279541016,-42.63420104980469,0.0003854837850667536,0.0003854837850667536,0.0006529265083372593,99.96145629882812,99.96145629882812,99.93470764160156,5.4542910220334306e-05,0.005454291123896837,40.866981506347656,-40.86754608154297,0.007919099181890488,0.007856780663132668,0.007263593841344118,99.20809173583984,99.21432495117188,99.27364349365234,8.191520464606583e-05,0.008191520348191261,-24.314180374145508
270,0,Vocal,19.929481506347656,-19.92949104309082,0.003052696119993925,0.0030526937916874886,0.002742740325629711,99.69473266601562,99.69473266601562,99.72572326660156,0.010061460547149181,1.0061460733413696,33.29758071899414,-33.29713439941406,0.022092340514063835,0.02165384218096733,0.022478437051177025,97.79076385498047,97.8346176147461,97.75215148925781,0.0004677773977164179,0.046777740120887756,-7.11112642288208
270,1,Bass,21.0208740234375,-21.020824432373047,0.00758624542504549,0.00758624542504549,0.02245432697236538,99.24137878417969,99.24137878417969,97.75457000732422,0.007843244820833206,0.7843244671821594,47.85380554199219,-47.84633255004883,0.0003892986278515309,0.0003892122767865658,0.0006764294230379164,99.96107482910156,99.96107482910156,99.93235778808594,1.638888534216676e-05,0.0016388884978368878,-0.8346469402313232
270,2,Drums,31.899717330932617,-31.8996639251709,0.0010878911707550287,0.0010878911707550287,0.0028188726864755154,99.8912124633789,99.8912124633789,99.71810913085938,0.0006452664965763688,0.06452664732933044,37.15030288696289,-37.14990997314453,0.0073544965125620365,0.007303545251488686,0.007229727692902088,99.2645492553711,99.26964569091797,99.27702331542969,0.00019274040823802352,0.019274041056632996,-17.280946731567383
271,0,Vocal,27.242279052734375,-27.24230194091797,0.007751961704343557,0.007751956582069397,0.00598484231159091,99.22480773925781,99.22480773925781,99.4015121459961,0.0018834428628906608,0.18834428489208221,35.455318450927734,-35.45673751831055,0.027653798460960388,0.026992803439497948,0.027636488899588585,97.234619140625,97.30072021484375,97.2363510131836,0.00028460752218961716,0.028460752218961716,-12.23831558227539
271,1,Bass,24.588645935058594,-24.588558197021484,0.006659449078142643,0.0066594406962394714,0.009022788144648075,99.33405303955078,99.33405303955078,99.09772491455078,0.003464427310973406,0.34644272923469543,48.74466323852539,-48.72142028808594,0.00022771995281800628,0.00022769543284084648,0.00036377852666191757,99.97722625732422,99.97723388671875,99.963623046875,1.339260234090034e-05,0.0013392602559179068,-3.5593771934509277
271,2,Drums,37.285396575927734,-37.28602600097656,0.0014826399274170399,0.0014826399274170399,0.0028994493186473846,99.85173034667969,99.85173034667969,99.71005249023438,0.00018682681547943503,0.018682681024074554,36.47015380859375,-36.469482421875,0.007420144975185394,0.007364627905189991,0.008217689581215382,99.25798797607422,99.26353454589844,99.17823028564453,0.00022537405311595649,0.02253740467131138,-23.361326217651367
272,0,Vocal,25.748348236083984,-25.748327255249023,0.12681521475315094,0.12681519985198975,0.12740907073020935,87.3184814453125,87.3184814453125,87.25908660888672,0.002654691692441702,0.26546916365623474,36.780860900878906,-36.782867431640625,0.02957155741751194,0.02873764932155609,0.029610246419906616,97.0428466796875,97.12623596191406,97.03897094726562,0.00020972726633772254,0.020972726866602898,-9.45814037322998
272,1,Bass,10.247037887573242,-10.247039794921875,0.32300910353660583,0.32300910353660583,0.32279300689697266,67.69908905029297,67.69908905029297,67.720703125,0.08631614595651627,8.631614685058594,45.802696228027344,-45.80124282836914,0.0009304690756835043,0.0009297776850871742,0.001614968292415142,99.90695190429688,99.90702056884766,99.8385009765625,2.6320007236790843e-05,0.0026320007164031267,7.924918174743652
272,2,Drums,36.120418548583984,-36.12059020996094,0.001588301151059568,0.0015883005689829588,0.002484111348167062,99.84117126464844,99.84117126464844,99.75159454345703,0.0002442750846967101,0.0244275089353323,39.02446365356445,-39.024620056152344,0.009233818389475346,0.009150417521595955,0.00859452597796917,99.07661437988281,99.08495330810547,99.14054870605469,0.00012517014693003148,0.012517014518380165,-19.654983520507812
273,0,Vocal,14.569548606872559,-14.569548606872559,0.16777679324150085,0.1677766740322113,0.16177894175052643,83.22232055664062,83.22232818603516,83.82210540771484,0.03373953327536583,3.373953342437744,42.30817794799805,-42.31011962890625,0.03624490648508072,0.035034988075494766,0.03632228076457977,96.37550354003906,96.49649810791016,96.36776733398438,5.8753681514644995e-05,0.005875368136912584,7.295634746551514
273,1,Bass,9.957181930541992,-9.957181930541992,0.41219958662986755,0.4121994078159332,0.4108300507068634,58.78003692626953,58.78006362915039,58.91699981689453,0.09172716736793518,9.172717094421387,45.36287307739258,-45.362037658691406,0.0012489298824220896,0.0012478940188884735,0.0014453264884650707,99.87510681152344,99.87521362304688,99.85546112060547,2.9093574994476512e-05,0.002909357426688075,7.982378959655762
273,2,Drums,38.914188385009766,-38.91458511352539,0.0007562278769910336,0.000756227585952729,0.0011266283690929413,99.92437744140625,99.92437744140625,99.88733673095703,0.0001283762394450605,0.012837624177336693,44.37952423095703,-44.38093185424805,0.006380839738994837,0.006340889260172844,0.006785552483052015,99.3619155883789,99.36591339111328,99.32144165039062,3.645977994892746e-05,0.0036459779366850853,-17.08558464050293
274,0,Vocal,14.8704833984375,-14.870481491088867,0.1465350091457367,0.1465350091457367,0.14593471586704254,85.34649658203125,85.34649658203125,85.40653228759766,0.03155209496617317,3.155209541320801,46.72042465209961,-46.72239303588867,0.037741512060165405,0.036415401846170425,0.03771880641579628,96.22584533691406,96.35845947265625,96.22811889648438,2.125663922925014e-05,0.0021256639156490564,11.363665580749512
274,1,Bass,5.111151218414307,-5.111150741577148,0.4101370871067047,0.4101370871067047,0.4072590172290802,58.98629379272461,58.98629379272461,59.27410125732422,0.23561261594295502,23.561262130737305,43.80225372314453,-43.795372009277344,0.0015215898165479302,0.0015198920154944062,0.002088092267513275,99.84783935546875,99.84800720214844,99.79119110107422,4.164112760918215e-05,0.0041641127318143845,11.096732139587402
274,2,Drums,42.743324279785156,-42.74337387084961,0.001115664024837315,0.001115664024837315,0.0015307302819564939,99.88843536376953,99.88843536376953,99.84693145751953,5.315427915775217e-05,0.0053154281340539455,39.89905548095703,-39.89962387084961,0.008060352876782417,0.00799679383635521,0.008066190406680107,99.1939697265625,99.2003173828125,99.1933822631836,0.00010236180969513953,0.010236181318759918,-25.408533096313477
275,0,Vocal,17.6075382232666,-17.6075439453125,0.08952908217906952,0.08952873945236206,0.08927261084318161,91.04708862304688,91.04712677001953,91.07273864746094,0.017052022740244865,1.7052022218704224,48.13093566894531,-48.13694381713867,0.013028650544583797,0.012862433679401875,0.013446293771266937,98.69713592529297,98.71375274658203,98.6553726196289,1.5350922694779e-05,0.0015350922476500273,10.021781921386719
275,1,Bass,4.874691009521484,-4.874689102172852,0.41762128472328186,0.41761940717697144,0.4148220717906952,58.23787307739258,58.238059997558594,58.517791748046875,0.2455592006444931,24.555919647216797,39.139739990234375,-39.14015197753906,0.0019522778457030654,0.0019507138058543205,0.0034055588766932487,99.80477142333984,99.80492401123047,99.65943908691406,0.0001219083642354235,0.012190836481750011,6.794567108154297
275,2,Drums,38.277591705322266,-38.277565002441406,0.0018510814988985658,0.0018510814988985658,0.0018315179040655494,99.81489562988281,99.81489562988281,99.81684875488281,0.00014867632125969976,0.01486763171851635,42.71904373168945,-42.72024154663086,0.006094472948461771,0.006058270111680031,0.006177659612149,99.39055633544922,99.39417266845703,99.38223266601562,5.3455929446499795e-05,0.005345592740923166,-18.113615036010742
276,0,Vocal,17.617990493774414,-17.617977142333984,0.09039369225502014,0.09039368480443954,0.0928141325712204,90.96063232421875,90.96063232421875,90.71858215332031,0.01701180823147297,1.7011808156967163,49.67036819458008,-49.6608772277832,0.02496395632624626,0.024375684559345245,0.025101155042648315,97.50360107421875,97.56243133544922,97.48988342285156,1.0756541996670421e-05,0.0010756541742011905,11.571627616882324
276,1,Bass,5.683133125305176,-5.683135509490967,0.5522549748420715,0.5522536635398865,0.5739126205444336,44.77450180053711,44.774635314941406,42.60873794555664,0.21272292733192444,21.272293090820312,29.29081916809082,-29.29073143005371,0.003969591110944748,0.003960286732763052,0.007136422209441662,99.60304260253906,99.60396575927734,99.28636169433594,0.0011760214110836387,0.11760213971138,-3.482187032699585
276,2,Drums,36.123600006103516,-36.12303161621094,0.002348626498132944,0.002348626498132944,0.00026040099328383803,99.76513671875,99.76513671875,99.97396087646484,0.00024406785087194294,0.024406785145401955,46.588626861572266,-46.58928680419922,0.01272201631218195,0.012567209079861641,0.01309896819293499,98.72779846191406,98.74327850341797,98.69010162353516,2.193612999690231e-05,0.002193612977862358,-12.083809852600098
277,0,Vocal,26.120004653930664,-26.11992645263672,0.0845799446105957,0.08457958698272705,0.08771710097789764,91.54200744628906,91.54203796386719,91.22828674316406,0.002437480026856065,0.2437480092048645,40.64214324951172,-40.64112091064453,0.020206719636917114,0.019822027534246445,0.020453494042158127,97.97933197021484,98.0177993774414,97.95465087890625,8.626065391581506e-05,0.008626065216958523,-5.950371742248535
277,1,Bass,7.731886386871338,-7.731884956359863,0.3478076756000519,0.34778982400894165,0.3528999388217926,65.21923828125,65.22101593017578,64.71000671386719,0.14426209032535553,14.426209449768066,39.35303497314453,-39.35269546508789,0.0017894722986966372,0.0017880178056657314,0.002612906275317073,99.82105255126953,99.82119750976562,99.73870849609375,0.00011604993778746575,0.011604993604123592,4.021979331970215
277,2,Drums,36.40289306640625,-36.402679443359375,0.003781957784667611,0.003781957319006324,0.004359990358352661,99.6218032836914,99.6218032836914,99.56400299072266,0.00022891235130373389,0.02289123460650444,38.57304000854492,-38.57358932495117,0.011373002082109451,0.011245876550674438,0.01051151379942894,98.86270141601562,98.87541198730469,98.94884490966797,0.00013888490502722561,0.01388849038630724,-20.38860321044922
278,0,Vocal,12.527624130249023,-12.527633666992188,0.06411361694335938,0.06411361694335938,0.062070053070783615,93.58863830566406,93.58863830566406,93.7929916381836,0.05292043462395668,5.292043685913086,42.83683395385742,-42.83653259277344,0.02504717744886875,0.024449562653899193,0.025112781673669815,97.49528503417969,97.55503845214844,97.48871612548828,5.202236934565008e-05,0.0052022370509803295,9.811720848083496
278,1,Bass,7.108797550201416,-7.108797550201416,0.4719463288784027,0.47194522619247437,0.4823005497455597,52.805362701416016,52.805477142333984,51.76994705200195,0.1628926545381546,16.289264678955078,39.7327880859375,-39.73245620727539,0.0021401511039584875,0.002137737814337015,0.0036425977014005184,99.78598022460938,99.78622436523438,99.63573455810547,0.0001063523450284265,0.010635234415531158,4.94491720199585
278,2,Drums,28.837881088256836,-28.83782386779785,0.0002004807465709746,0.0002004807465709746,0.0005578863201662898,99.97994995117188,99.97994995117188,99.9442138671875,0.0013050974812358618,0.13050974905490875,40.2850341796875,-40.2846565246582,0.008775927126407623,0.008700166828930378,0.008690577000379562,99.12240600585938,99.1299819946289,99.13094329833984,9.365544974571094e-05,0.009365544654428959,-11.115077018737793
279,0,Vocal,28.725540161132812,-28.72549057006836,0.08052810281515121,0.08052803575992584,0.08187254518270493,91.94718933105469,91.94719696044922,91.812744140625,0.0013392780674621463,0.13392780721187592,49.02495574951172,-49.061424255371094,0.023644188418984413,0.02311100997030735,0.023952899500727654,97.63558197021484,97.68890380859375,97.6047134399414,1.2486623745644465e-05,0.0012486623600125313,-0.20337089896202087
279,1,Bass,5.991419792175293,-5.991419792175293,0.3896924555301666,0.3896903693675995,0.41376036405563354,61.030757904052734,61.03096008300781,58.62396240234375,0.20107722282409668,20.107723236083984,41.83299255371094,-41.83228302001953,0.0027312454767525196,0.0027268007397651672,0.003250063629820943,99.72687530517578,99.7273178100586,99.67499542236328,6.555791333084926e-05,0.006555791478604078,8.248790740966797
279,2,Drums,42.59965515136719,-42.59724426269531,0.0017010231968015432,0.001701022614724934,0.0019469565013423562,99.82990264892578,99.82990264892578,99.8052978515625,5.496832091012038e-05,0.005496832076460123,51.52835464477539,-51.50581359863281,0.008767528459429741,0.008692674338817596,0.00882096216082573,99.12324523925781,99.13072967529297,99.11790466308594,7.031623681541532e-06,0.0007031623972579837,-13.631107330322266
280,0,Vocal,23.95977783203125,-23.959781646728516,0.029382528737187386,0.029382504522800446,0.030027631670236588,97.0617446899414,97.0617446899414,96.99723815917969,0.004002053290605545,0.4002053141593933,37.942527770996094,-37.942222595214844,0.0246952585875988,0.02411315031349659,0.024613715708255768,97.53047180175781,97.58868408203125,97.53862762451172,0.00016057481116149575,0.016057481989264488,-6.513851165771484
280,1,Bass,28.080703735351562,-28.08067512512207,0.05773361027240753,0.05773293226957321,0.055093150585889816,94.22663879394531,94.2267074584961,94.49068450927734,0.0015532764373347163,0.15532764792442322,45.22276306152344,-45.22480010986328,0.000919516256544739,0.0009190568816848099,0.001224886393174529,99.90805053710938,99.90809631347656,99.87751007080078,3.0025577871128917e-05,0.0030025579035282135,-10.515104293823242
280,2,Drums,20.889005661010742,-20.889007568359375,0.0034228579606860876,0.0034228574950248003,0.004525244701653719,99.65771484375,99.65771484375,99.54747772216797,0.008083063177764416,0.8083063364028931,36.333316802978516,-36.33274841308594,0.022561032325029373,0.022081473842263222,0.022310450673103333,97.743896484375,97.7918472290039,97.76895904541016,0.0002326004469068721,0.023260043933987617,-7.091551303863525
281,0,Vocal,26.28147315979004,-26.281463623046875,0.016213413327932358,0.016213374212384224,0.018463358283042908,98.378662109375,98.378662109375,98.1536636352539,0.002348722890019417,0.23487228155136108,39.03689193725586,-39.034908294677734,0.07980144023895264,0.07388724386692047,0.07565639913082123,92.01985931396484,92.61127471923828,92.43435668945312,0.000124825382954441,0.012482537887990475,-7.750577449798584
281,1,Bass,33.777061462402344,-33.77656173706055,0.07211875915527344,0.07211840897798538,0.0699424147605896,92.78812408447266,92.78816223144531,93.0057601928711,0.00041889521526172757,0.04188952222466469,47.683467864990234,-47.706703186035156,0.001966878306120634,0.0019637751393020153,0.0024195793084800243,99.80331420898438,99.80361938476562,99.75804138183594,1.69871545949718e-05,0.001698715495876968,-13.684661865234375
281,2,Drums,47.141666412353516,-47.13500213623047,0.0012070054654031992,0.00120700360275805,0.0013928008265793324,99.87930297851562,99.87930297851562,99.86072540283203,1.9313318261993118e-05,0.0019313318189233541,38.239444732666016,-38.239437103271484,0.034177783876657486,0.033067479729652405,0.0333530530333519,96.58222198486328,96.69325256347656,96.6646957397461,0.00015001090650912374,0.015001090243458748,-31.45522689819336
282,0,Vocal,21.877920150756836,-21.877906799316406,0.011990077793598175,0.0119900768622756,0.012321969494223595,98.80099487304688,98.80099487304688,98.76780700683594,0.006447636988013983,0.644763708114624,45.96320343017578,-45.96253967285156,0.017903482541441917,0.0175983514636755,0.018163839355111122,98.20964813232422,98.24016571044922,98.1836166381836,2.532553298806306e-05,0.002532553393393755,3.571098566055298
282,1,Bass,14.849091529846191,-14.849091529846191,0.10649937391281128,0.10649862140417099,0.11139005422592163,89.35005950927734,89.35014343261719,88.86099243164062,0.031702931970357895,3.170293092727661,39.03689193725586,-39.03639221191406,0.0017545496812090278,0.0017529405886307359,0.0008758052135817707,99.82454681396484,99.82470703125,99.91241455078125,0.00012481310113798827,0.012481310404837132,-3.5408101081848145
282,2,Drums,26.588420867919922,-26.58843231201172,0.008059258572757244,0.00805925764143467,0.01088743470609188,99.19407653808594,99.19407653808594,98.9112548828125,0.0021887789480388165,0.2188778966665268,45.33625793457031,-45.333892822265625,0.017660947516560555,0.01736127957701683,0.017834685742855072,98.23390197753906,98.26387023925781,98.21653747558594,2.9313172490219586e-05,0.002931317314505577,-3.825035810470581
283,0,Vocal,28.421146392822266,-28.421228408813477,0.00026969503960572183,0.00026969495229423046,0.001638453803025186,99.97303009033203,99.97303009033203,99.83615112304688,0.0014363699592649937,0.14363700151443481,42.24260330200195,-42.24418258666992,0.0455891415476799,0.04359446465969086,0.04420152306556702,95.44108581542969,95.64054870605469,95.57984924316406,5.9676120145013556e-05,0.005967611912637949,-6.687056064605713
283,1,Bass,16.487468719482422,-16.487472534179688,0.003909202292561531,0.003909202292561531,0.0027148888912051916,99.60907745361328,99.60907745361328,99.728515625,0.021958868950605392,2.1958868503570557,38.01241683959961,-38.012020111083984,0.006329699419438839,0.006292726378887892,0.006461344659328461,99.36702728271484,99.3707275390625,99.35386657714844,0.00015800559776835144,0.015800559893250465,-6.166780471801758
283,2,Drums,11.35958194732666,-11.359580993652344,0.010161549784243107,0.010161541402339935,0.018317347392439842,98.98384094238281,98.98384857177734,98.16826629638672,0.06813859939575195,6.813859939575195,18.143836975097656,-18.14381980895996,1.1645665168762207,0.5325825810432434,0.5386018753051758,-16.45665168762207,46.74174118041992,46.13981246948242,0.015101096592843533,1.5101096630096436,-15.7288179397583
284,0,Vocal,23.862417221069336,-23.862438201904297,0.0028713257052004337,0.002871324773877859,0.003842246951535344,99.7128677368164,99.7128677368164,99.61577606201172,0.004092379938811064,0.40923798084259033,42.59965515136719,-42.59968185424805,0.02015342190861702,0.019778957590460777,0.02039758861064911,97.98465728759766,98.02210235595703,97.96024322509766,5.4987405746942386e-05,0.00549874035641551,-1.7779289484024048
284,1,Bass,17.42816734313965,-17.42815399169922,0.03914712369441986,0.039147112518548965,0.032651785761117935,96.08528900146484,96.08528900146484,96.73482513427734,0.017758313566446304,1.7758313417434692,46.576839447021484,-46.57804870605469,0.0008784770034253597,0.0008779123309068382,0.0014391746371984482,99.91215515136719,99.9122085571289,99.85608673095703,2.1999543605488725e-05,0.002199954353272915,1.4739032983779907
284,2,Drums,27.018314361572266,-27.018281936645508,0.010694148950278759,0.010694148018956184,0.010446586646139622,98.93058776855469,98.93058776855469,98.95533752441406,0.001982948277145624,0.19829483330249786,42.018524169921875,-42.015262603759766,0.020539138466119766,0.020144876092672348,0.02056291326880455,97.94608306884766,97.98551177978516,97.94371032714844,6.284740811679512e-05,0.006284740753471851,-7.553297996520996
285,0,Vocal,35.28847122192383,-35.2883186340332,0.02210528962314129,0.02210528776049614,0.023175857961177826,97.78947448730469,97.78947448730469,97.68241882324219,0.0002958046388812363,0.029580464586615562,46.237369537353516,-46.233428955078125,0.04004829004406929,0.03854202479124069,0.03975397348403931,95.99517059326172,96.14579772949219,96.02460479736328,2.3807951947674155e-05,0.0023807953111827374,-9.557450294494629
285,1,Bass,16.754047393798828,-16.754043579101562,0.07823404669761658,0.07823403924703598,0.08924634009599686,92.17658996582031,92.17659759521484,91.07536315917969,0.020678604021668434,2.0678603649139404,39.08905792236328,-39.088348388671875,0.002358466386795044,0.0023545068688690662,0.0027777578216046095,99.76416015625,99.7645492553711,99.72222137451172,0.00012337086081970483,0.012337085790932178,-5.071835041046143
285,2,Drums,25.61992645263672,-25.619956970214844,0.003057420253753662,0.003057419788092375,0.0,99.69425964355469,99.69425964355469,100.0,0.0027341011445969343,0.2734101116657257,31.97339630126953,-31.97307586669922,0.02604515478014946,0.025368381291627884,0.025657854974269867,97.3954849243164,97.4631576538086,97.43421936035156,0.0006344430148601532,0.06344430148601532,-16.180496215820312
286,0,Vocal,36.16516876220703,-36.16542434692383,0.022877832874655724,0.022877832874655724,0.024824639782309532,97.71221923828125,97.71221923828125,97.51753997802734,0.0002417921496089548,0.024179214611649513,44.57549285888672,-44.57216262817383,0.0691136047244072,0.06464333087205887,0.06653566658496857,93.08863830566406,93.5356674194336,93.346435546875,3.489258961053565e-05,0.0034892589319497347,-12.102076530456543
286,1,Bass,17.031461715698242,-17.031455993652344,0.13572879135608673,0.13572879135608673,0.13284331560134888,86.4271240234375,86.4271240234375,86.71566772460938,0.019423842430114746,1.9423842430114746,45.38071060180664,-45.37643814086914,0.003046739147976041,0.003038618480786681,0.003573755035176873,99.69532775878906,99.69613647460938,99.64262390136719,2.8950482374057174e-05,0.002895048353821039,0.6832998394966125
286,2,Drums,38.04035949707031,-38.03958511352539,0.0027369793970137835,0.00273697916418314,0.004796403925865889,99.72630310058594,99.72630310058594,99.5203628540039,0.00015700928634032607,0.01570092886686325,33.79751205444336,-33.797576904296875,0.03754643350839615,0.03617964684963226,0.036262210458517075,96.24535369873047,96.38203430175781,96.373779296875,0.00041694194078445435,0.041694194078445435,-26.81730842590332
287,0,Vocal,31.478435516357422,-31.47829818725586,0.019645314663648605,0.019645243883132935,0.020308610051870346,98.03546905517578,98.03547668457031,97.9691390991211,0.0007109589641913772,0.07109589874744415,46.35877990722656,-46.357398986816406,0.0338633768260479,0.03277262672781944,0.03356057032942772,96.61366271972656,96.72274017333984,96.6439437866211,2.3122687707655132e-05,0.002312268828973174,-5.616915225982666
287,1,Bass,12.420663833618164,-12.420660018920898,0.14567828178405762,0.14567707479000092,0.1590319722890854,85.43217468261719,85.43228912353516,84.0968017578125,0.054168593138456345,5.416859149932861,41.981597900390625,-41.99156188964844,0.004070712253451347,0.004062942694872618,0.0038712855894118547,99.59293365478516,99.59370422363281,99.61287689208984,6.328414019662887e-05,0.00632841419428587,2.2254509925842285
287,2,Drums,35.056678771972656,-35.056148529052734,0.0025690936017781496,0.0025690924376249313,0.003140711458399892,99.74309539794922,99.74309539794922,99.68592834472656,0.00031204140395857394,0.031204139813780785,43.6978874206543,-43.700199127197266,0.01891467161476612,0.018568778410553932,0.01846977509558201,98.10852813720703,98.14312744140625,98.15302276611328,4.2700983613030985e-05,0.0042700981721282005,-13.914628028869629
288,0,Vocal,16.823434829711914,-16.82343864440918,0.020377781242132187,0.02037777379155159,0.016582870855927467,97.96222686767578,97.96222686767578,98.34171295166016,0.020357470959424973,2.0357470512390137,38.004234313964844,-38.00447463989258,0.015912173315882683,0.015671394765377045,0.016639575362205505,98.40878295898438,98.432861328125,98.33604431152344,0.00015833730867598206,0.01583373174071312,0.6553961634635925
288,1,Bass,29.505613327026367,-29.50558853149414,0.019997941330075264,0.019997941330075264,0.015059681609272957,98.00020599365234,98.00020599365234,98.49402618408203,0.0011193148093298078,0.11193148046731949,46.95794677734375,-46.9510498046875,0.00033814023481681943,0.00033808863372541964,8.491544576827437e-05,99.9661865234375,99.96619415283203,99.99150848388672,2.0137425963184796e-05,0.0020137426909059286,-10.137632369995117
288,2,Drums,34.93475341796875,-34.93492889404297,0.0071075609885156155,0.007107560522854328,0.0057426742278039455,99.28924560546875,99.28924560546875,99.42573547363281,0.00032092983019538224,0.03209298476576805,40.27950668334961,-40.28007888793945,0.00705687515437603,0.00701069226488471,0.006675546057522297,99.2943115234375,99.2989273071289,99.33244323730469,9.374274668516591e-05,0.009374274872243404,-17.19573974609375
289,0,Vocal,23.9251708984375,-23.925167083740234,0.011621038429439068,0.011621038429439068,0.0,98.837890625,98.837890625,100.0,0.004033937584608793,0.4033937454223633,32.258975982666016,-32.25872802734375,0.026186160743236542,0.025519588962197304,0.029301822185516357,97.38138580322266,97.44803619384766,97.06981658935547,0.0005941065610386431,0.05941065773367882,-12.050427436828613
289,1,Bass,32.477577209472656,-32.477725982666016,0.0075364140793681145,0.007536404766142368,0.021970095112919807,99.2463607788086,99.2463607788086,97.80299377441406,0.0005649005179293454,0.05649005249142647,49.346805572509766,-49.33038330078125,0.00015809535398148,0.00015808045282028615,0.0007135696359910071,99.98419189453125,99.98419189453125,99.92864227294922,1.166862239188049e-05,0.001166862202808261,-10.813310623168945
289,2,Drums,29.521617889404297,-29.521480560302734,0.0007552634924650192,0.0007552634924650192,0.0,99.92447662353516,99.92447662353516,100.0,0.0011152010411024094,0.11152010411024094,35.30689239501953,-35.306549072265625,0.010935774073004723,0.01081541832536459,0.010310957208275795,98.90641784667969,98.91845703125,98.96890258789062,0.0002946165041066706,0.029461650177836418,-16.768653869628906
290,0,Vocal,21.444711685180664,-21.444717407226562,0.006894657388329506,0.006894655991345644,0.006485839374363422,99.31053161621094,99.31053161621094,99.3514175415039,0.007119099609553814,0.7119099497795105,37.04019546508789,-37.03997039794922,0.01013635192066431,0.010034961625933647,0.011598873883485794,98.98636627197266,98.99650573730469,98.8401107788086,0.00019767635967582464,0.01976763643324375,-4.9111104011535645
290,1,Bass,16.48542022705078,-16.485414505004883,0.045716580003499985,0.045716412365436554,0.05613427609205246,95.4283447265625,95.42835998535156,94.3865737915039,0.021969009190797806,2.1969008445739746,39.04311752319336,-39.04414367675781,0.0013023685896769166,0.0013018329627811909,0.00045604640035890043,99.86976623535156,99.86981964111328,99.95439910888672,0.00012465800682548434,0.01246580109000206,-5.157973766326904
290,2,Drums,23.05866050720215,-23.058635711669922,2.1766372810816392e-05,2.1766198187833652e-05,0.00012875846005044878,99.9978256225586,99.9978256225586,99.98712158203125,0.00492035923525691,0.4920359253883362,42.04331970214844,-42.0440673828125,0.008091486059129238,0.008027308620512486,0.008974873460829258,99.19084930419922,99.197265625,99.1025161743164,6.248166027944535e-05,0.006248165853321552,-3.5490758419036865
291,0,Vocal,25.656536102294922,-25.656526565551758,0.007716229651123285,0.007716228254139423,0.008539981208741665,99.22837829589844,99.22837829589844,99.14600372314453,0.0027112397365272045,0.2711239755153656,45.64792251586914,-45.649391174316406,0.008790296502411366,0.008713948540389538,0.0091905752196908,99.1209716796875,99.12860107421875,99.08094787597656,2.723946272453759e-05,0.002723946236073971,-0.5226163864135742
291,1,Bass,24.784622192382812,-24.784637451171875,0.02405821718275547,0.02405809983611107,0.047993019223213196,97.59417724609375,97.59419250488281,95.20069885253906,0.0033120561856776476,0.3312056064605713,45.81256103515625,-45.811988830566406,0.0005030280444771051,0.0005029226886108518,0.0027090345975011587,99.94969940185547,99.94970703125,99.72909545898438,2.6273346520611085e-05,0.0026273345574736595,-6.588947296142578
291,2,Drums,26.393030166625977,-26.39299201965332,0.00398577656596899,0.003985776100307703,0.0033703939989209175,99.60142517089844,99.60142517089844,99.66295623779297,0.0022893103305250406,0.22893103957176208,37.18673324584961,-37.18621063232422,0.006888609379529953,0.006845008581876755,0.006669500842690468,99.3111343383789,99.31549835205078,99.33304595947266,0.0001911138097057119,0.019111381843686104,-11.751786231994629
292,0,Vocal,17.270334243774414,-17.27033805847168,0.01227800827473402,0.01227798406034708,0.014070631936192513,98.77220153808594,98.77220153808594,98.59293365478516,0.018403438851237297,1.8403438329696655,36.05414581298828,-36.054325103759766,0.018601221963763237,0.018266692757606506,0.01925361528992653,98.13987731933594,98.17333221435547,98.07463836669922,0.00024803352425806224,0.02480335161089897,-1.72581946849823
292,1,Bass,25.344642639160156,-25.344680786132812,0.04020366445183754,0.04020366445183754,0.03232787176966667,95.97962951660156,95.97962951660156,96.7672119140625,0.002912517637014389,0.2912517786026001,45.20556640625,-45.19945526123047,0.0008380634826608002,0.0008377008489333093,0.0,99.91619873046875,99.91622924804688,100.0,3.0199664251995273e-05,0.0030199664179235697,-8.05689525604248
292,2,Drums,20.36746597290039,-20.367446899414062,0.0012976301368325949,0.0012976299040019512,0.0007119383662939072,99.87023162841797,99.87023162841797,99.9288101196289,0.009105042554438114,0.9105042815208435,37.835819244384766,-37.83601760864258,0.006739467848092318,0.006696651689708233,0.006343404296785593,99.3260498046875,99.33033752441406,99.36565399169922,0.00016459029575344175,0.01645902916789055,-5.074772834777832
293,0,Vocal,19.350696563720703,-19.35070037841797,0.008501403033733368,0.008501401171088219,0.01136829610913992,99.14985656738281,99.14985656738281,98.86317443847656,0.011479348875582218,1.147934913635254,39.19316482543945,-39.19325256347656,0.013032167218625546,0.01286798994988203,0.012938966043293476,98.69678497314453,98.71320343017578,98.70610046386719,0.00012037327542202547,0.012037327513098717,-0.6627781987190247
293,1,Bass,29.057626724243164,-29.057722091674805,0.024225646629929543,0.024225575849413872,0.009298382326960564,97.57743835449219,97.57743835449219,99.07015991210938,0.0012408015318214893,0.12408015131950378,47.534210205078125,-47.5651969909668,0.0004673023067880422,0.0004672043432947248,0.0,99.9532699584961,99.95328521728516,100.0,1.7590902643860318e-05,0.0017590902280062437,-9.099571228027344
293,2,Drums,23.239343643188477,-23.239322662353516,0.003397054271772504,0.0033970437943935394,0.0005318511975929141,99.66029357910156,99.66029357910156,99.94681549072266,0.00472080335021019,0.4720803499221802,43.18903350830078,-43.19093322753906,0.006888859905302525,0.006844026036560535,0.006765352096408606,99.31111145019531,99.31559753417969,99.3234634399414,4.795435233972967e-05,0.0047954353503882885,-2.5887720584869385
294,0,Vocal,15.30909538269043,-15.30909538269043,0.014351899735629559,0.014351898804306984,0.0,98.56481170654297,98.56481170654297,100.0,0.02860790491104126,2.860790491104126,32.561363220214844,-32.56133270263672,0.022179583087563515,0.021719694137573242,0.027250031009316444,97.78204345703125,97.82803344726562,97.27499389648438,0.0005541032296605408,0.055410321801900864,-3.2152764797210693
294,1,Bass,22.768535614013672,-22.76862144470215,0.01101547759026289,0.01101547759026289,0.0,98.89845275878906,98.89845275878906,100.0,0.005258380901068449,0.5258380770683289,40.76698303222656,-40.76555252075195,0.0002682233462110162,0.0002681886835489422,0.0,99.97317504882812,99.97318267822266,100.0,8.382221858482808e-05,0.008382221683859825,-9.693840026855469
294,2,Drums,24.75259017944336,-24.752588272094727,0.0006647288100793958,0.0006647258996963501,0.0,99.93353271484375,99.93353271484375,100.0,0.0033365089911967516,0.3336508870124817,36.618568420410156,-36.61772155761719,0.008948912844061852,0.008877921849489212,0.009462001733481884,99.10511016845703,99.1122055053711,99.05380249023438,0.00021780954557470977,0.0217809546738863,-10.664969444274902
295,0,Vocal,21.116134643554688,-21.116140365600586,0.014569000340998173,0.014568997547030449,0.028720518574118614,98.54309844970703,98.54309844970703,97.1279525756836,0.007674310356378555,0.7674310207366943,34.1688346862793,-34.16899871826172,0.02643834799528122,0.02578607387840748,0.025981176644563675,97.35616302490234,97.42138671875,97.4018783569336,0.00038280122680589557,0.038280121982097626,-7.382533550262451
295,1,Bass,25.219863891601562,-25.219877243041992,0.0087041724473238,0.008704165928065777,0.01813480257987976,99.12957763671875,99.12957763671875,98.18651580810547,0.0029971806798130274,0.29971808195114136,42.325836181640625,-42.3243408203125,0.00024326654965989292,0.0002432417095405981,0.00526565033942461,99.97567749023438,99.97567749023438,99.47343444824219,5.852173126186244e-05,0.0058521730825304985,-10.582903861999512
295,2,Drums,28.009681701660156,-28.009693145751953,0.0004430859407875687,0.00044308562064543366,0.0,99.9556884765625,99.9556884765625,100.0,0.0015788397286087275,0.15788397192955017,38.48994827270508,-38.48805236816406,0.007627949584275484,0.007573795970529318,0.008172034285962582,99.2372055053711,99.24262237548828,99.18280029296875,0.00014159026613924652,0.014159026555716991,-12.051700592041016
296,0,Vocal,6.122769832611084,-6.122768402099609,0.1771286129951477,0.17712759971618652,0.17908258736133575,82.28713989257812,82.28723907470703,82.09174346923828,0.19626249372959137,19.626249313354492,30.27390480041504,-30.27391815185547,0.23157325387001038,0.18789967894554138,0.19139038026332855,76.8426742553711,81.21002960205078,80.8609619140625,0.000938010576646775,0.09380105882883072,3.66161847114563
296,1,Bass,26.621612548828125,-26.621572494506836,0.03361119329929352,0.03361118584871292,0.046791110187768936,96.63888549804688,96.63888549804688,95.32088470458984,0.0021721620578318834,0.21721620857715607,53.21628189086914,-53.23102569580078,0.0003022429009433836,0.00030218836036510766,0.00033381543471477926,99.96977233886719,99.96977996826172,99.96662139892578,4.782582891493803e-06,0.0004782582982443273,-1.1494641304016113
296,2,Drums,43.32048797607422,-43.320980072021484,0.0028521702624857426,0.0028520701453089714,0.003124103182926774,99.71478271484375,99.71479034423828,99.68759155273438,4.653586802305654e-05,0.004653587006032467,39.26689529418945,-39.26740264892578,0.010760477744042873,0.010632544755935669,0.011628410778939724,98.9239501953125,98.93675231933594,98.837158203125,0.00011835255281766877,0.011835255660116673,-26.634916305541992
297,0,Vocal,13.59033203125,-13.590324401855469,0.31738871335983276,0.31738871335983276,0.3169623613357544,68.2611312866211,68.2611312866211,68.30376434326172,0.041915163397789,4.191516399383545,35.98989486694336,-35.99034881591797,0.049912843853235245,0.04756324738264084,0.04929032176733017,95.00871276855469,95.2436752319336,95.07096862792969,0.0002517019456718117,0.02517019398510456,1.9009084701538086
297,1,Bass,30.570812225341797,-30.57027816772461,0.029712041839957237,0.029711998999118805,0.03302672877907753,97.02880096435547,97.02880096435547,96.69732666015625,0.00087611103663221,0.08761110156774521,49.67036819458008,-49.66464614868164,0.0006076748250052333,0.0006075437995605171,0.0008431229507550597,99.9392318725586,99.93924713134766,99.91568756103516,1.0817911970661953e-05,0.001081791240721941,-8.463377952575684
297,2,Drums,12.47305965423584,-12.473058700561523,0.002926507033407688,0.0029264898039400578,0.009968075901269913,99.70734405517578,99.70735168457031,99.00318908691406,0.05355381220579147,5.355381011962891,37.73474884033203,-37.733787536621094,0.014635488390922546,0.014426290057599545,0.014582729898393154,98.53645324707031,98.557373046875,98.5417251586914,0.00016845059872139245,0.016845060512423515,2.7047245502471924
298,0,Vocal,5.345597267150879,-5.345596790313721,0.02641713246703148,0.026417121291160583,0.025846710428595543,97.35828399658203,97.35828399658203,97.41532897949219,0.22602936625480652,22.602935791015625,42.152427673339844,-42.1522216796875,0.034231238067150116,0.033119089901447296,0.03430980071425438,96.57687377929688,96.68809509277344,96.56902313232422,6.092105104471557e-05,0.006092105060815811,16.307886123657227
298,1,Bass,31.876895904541016,-31.876689910888672,0.032098591327667236,0.03209858760237694,0.034766603261232376,96.7901382446289,96.7901382446289,96.5233383178711,0.0006487194332294166,0.06487194448709488,49.02495574951172,-49.02184295654297,0.0006083544576540589,0.0006081859464757144,0.0007198301027528942,99.93917083740234,99.93917846679688,99.92801666259766,1.252620859304443e-05,0.0012526208302006125,-10.34128475189209
298,2,Drums,12.855522155761719,-12.855518341064453,0.0030252556316554546,0.0030252505093812943,0.004671252332627773,99.69747924804688,99.69747924804688,99.53287506103516,0.04926164820790291,4.926164627075195,37.16915512084961,-37.1695556640625,0.014470304362475872,0.014266976155340672,0.014925568364560604,98.55297088623047,98.57330322265625,98.5074462890625,0.00019186484860256314,0.019186485558748245,1.7704027891159058
299,0,Vocal,5.292815685272217,-5.292815208435059,0.02902963198721409,0.02902960777282715,0.02935703471302986,97.09703826904297,97.09703826904297,97.06430053710938,0.22816255688667297,22.816255569458008,42.886871337890625,-42.879173278808594,0.04287523776292801,0.041180383414030075,0.042277731001377106,95.71247863769531,95.88196563720703,95.77222442626953,5.1481431000865996e-05,0.005148143041878939,17.109664916992188
299,1,Bass,26.50320816040039,-26.503211975097656,0.036440491676330566,0.03644048795104027,0.04127399995923042,96.35594940185547,96.35594940185547,95.87259674072266,0.00223210989497602,0.22321099042892456,49.622642517089844,-49.60456848144531,0.0004176129004918039,0.00041749971569515765,0.0004587372241076082,99.95824432373047,99.958251953125,99.95413208007812,1.0903907423198689e-05,0.0010903907241299748,-4.753547191619873
299,2,Drums,13.326330184936523,-13.326324462890625,0.002649742178618908,0.0026497412472963333,0.005998147185891867,99.73503112792969,99.73503112792969,99.40018463134766,0.04442545026540756,4.442544937133789,33.98277282714844,-33.9826774597168,0.014475774019956589,0.014271282590925694,0.014468762092292309,98.55242156982422,98.5728759765625,98.5531234741211,0.0003995233855675906,0.03995233774185181,-1.8971692323684692
300,0,Vocal,15.256009101867676,-15.256010055541992,0.0115771209821105,0.011577032506465912,0.01115676574409008,98.84228515625,98.84230041503906,98.88432312011719,0.028949521481990814,2.8949520587921143,42.529563903808594,-42.52682113647461,0.03450849652290344,0.03337153047323227,0.033977873623371124,96.54915618896484,96.66284942626953,96.60221099853516,5.583319580182433e-05,0.005583319813013077,6.765992641448975
300,1,Bass,25.91678810119629,-25.916807174682617,0.041777435690164566,0.04177625849843025,0.041884370148181915,95.82225799560547,95.82237243652344,95.81156158447266,0.002553915372118354,0.25539153814315796,43.57233428955078,-43.57166290283203,0.0012363253626972437,0.0012358215171843767,0.001701032742857933,99.8763656616211,99.87641906738281,99.82989501953125,4.3911179091082886e-05,0.004391117952764034,-9.942082405090332
300,2,Drums,16.402132034301758,-16.402132034301758,0.001839101198129356,0.0018391003832221031,0.0022887650411576033,99.81609344482422,99.81609344482422,99.77112579345703,0.022384919226169586,2.238492012023926,31.280080795288086,-31.280014038085938,0.01613982953131199,0.01588263548910618,0.015960006043314934,98.38601684570312,98.41173553466797,98.40399932861328,0.0007441453635692596,0.07441453635692596,-7.671089172363281
301,0,Vocal,18.669084548950195,-18.6690731048584,0.012251042760908604,0.012251039035618305,0.011794972233474255,98.77489471435547,98.77489471435547,98.82050323486328,0.013403929769992828,1.3403929471969604,34.728328704833984,-34.72866439819336,0.03333192318677902,0.03225377947092056,0.03223765268921852,96.66680908203125,96.77462005615234,96.77623748779297,0.0003365025913808495,0.03365026041865349,-4.452795028686523
301,1,Bass,22.29045867919922,-22.29041290283203,0.09947837889194489,0.09947305172681808,0.09220049530267715,90.05216217041016,90.05269622802734,90.77994537353516,0.005866745952516794,0.5866745710372925,39.56328201293945,-39.564430236816406,0.002594263991340995,0.002591409720480442,0.003213024465367198,99.74057006835938,99.74085998535156,99.67869567871094,0.00011053473281208426,0.011053473688662052,-10.380677223205566
301,2,Drums,28.05607032775879,-28.05610466003418,0.008103927597403526,0.008103925734758377,0.010512628592550755,99.18960571289062,99.18960571289062,98.94873809814453,0.0015621494967490435,0.15621495246887207,32.36712646484375,-32.36709213256836,0.015898961573839188,0.01564958691596985,0.016243135556578636,98.41010284423828,98.43504333496094,98.37568664550781,0.0005794941098429263,0.05794941261410713,-18.239290237426758
302,0,Vocal,4.954597473144531,-4.954596996307373,0.03040495701134205,0.030404822900891304,0.029009494930505753,96.95950317382812,96.95951843261719,97.09904479980469,0.24216653406620026,24.21665382385254,35.801673889160156,-35.80181884765625,0.047794003039598465,0.0456991083920002,0.04679522290825844,95.2206039428711,95.43008422851562,95.32047271728516,0.00026288017397746444,0.026288017630577087,10.353506088256836
302,1,Bass,22.169206619262695,-22.16922378540039,0.03847568854689598,0.03847566619515419,0.025185246020555496,96.15242767333984,96.15242767333984,97.48147583007812,0.006031840108335018,0.6031839847564697,47.38990783691406,-47.39627456665039,0.000589414790738374,0.0005891979089938104,0.000965720450039953,99.94105529785156,99.94107818603516,99.90342712402344,1.8203061699750833e-05,0.001820306177251041,-2.019998788833618
302,2,Drums,22.7358455657959,-22.735843658447266,0.033757295459508896,0.033757176250219345,0.0346793457865715,96.62427520751953,96.62428283691406,96.53206634521484,0.005297977011650801,0.5297976732254028,41.018150329589844,-41.019309997558594,0.014662789180874825,0.014456422068178654,0.014838945120573044,98.53372192382812,98.55435180664062,98.51610565185547,7.908945553936064e-05,0.00790894590318203,-4.27040433883667
303,0,Vocal,34.036251068115234,-34.03633117675781,0.14579005539417267,0.1457897573709488,0.14724963903427124,85.4209976196289,85.42102813720703,85.27503967285156,0.00039461173582822084,0.0394611731171608,34.65508270263672,-34.65524673461914,0.10029199719429016,0.09127448499202728,0.09298332780599594,89.9708023071289,90.87255096435547,90.70166778564453,0.00034228249569423497,0.03422825038433075,-19.860692977905273
303,1,Bass,30.24033546447754,-30.240238189697266,0.03166597709059715,0.03166596218943596,0.03473242372274399,96.83340454101562,96.83340454101562,96.5267562866211,0.0009452878148294985,0.09452877938747406,52.80235290527344,-52.80644226074219,0.0002510355843696743,0.0002509882615413517,0.0,99.97489166259766,99.97489929199219,100.0,5.294431502989028e-06,0.000529443146660924,-5.295943737030029
303,2,Drums,24.164306640625,-24.164236068725586,0.00029542556148953736,0.0002954255323857069,0.0,99.970458984375,99.970458984375,100.0,0.0038186609745025635,0.38186609745025635,37.829532623291016,-37.8292236328125,0.015521915629506111,0.015286276116967201,0.013744465075433254,98.44780731201172,98.47137451171875,98.62554931640625,0.0001647894678171724,0.016478946432471275,-8.896334648132324
304,0,Vocal,36.135284423828125,-36.13547897338867,0.008453653194010258,0.008453651331365108,0.008709554560482502,99.15463256835938,99.15463256835938,99.12904357910156,0.00024340367235708982,0.024340366944670677,35.8721809387207,-35.872215270996094,0.013353724032640457,0.013174164108932018,0.013831873424351215,98.66462707519531,98.68257904052734,98.61681365966797,0.0002586124755907804,0.02586124837398529,-20.76797103881836
304,1,Bass,24.467815399169922,-24.467941284179688,0.048048537224531174,0.04804380610585213,0.04978654161095619,95.19514465332031,95.19561767578125,95.02134704589844,0.0035617549438029528,0.3561754822731018,42.816978454589844,-42.81676483154297,0.0021518520079553127,0.0021459772251546383,0.0026036507915705442,99.7848129272461,99.785400390625,99.73963165283203,5.226999201113358e-05,0.005226999055594206,-9.326896667480469
304,2,Drums,28.24604034423828,-28.246078491210938,0.007527817972004414,0.007527812384068966,0.0075975386425852776,99.2472152709961,99.2472152709961,99.24024200439453,0.0014953736681491137,0.1495373696088791,33.42225646972656,-33.42207717895508,0.016997288912534714,0.016711581498384476,0.01709112524986267,98.3002700805664,98.32884216308594,98.29088592529297,0.00045457473606802523,0.04545747488737106,-17.379138946533203
305,0,Vocal,27.85831069946289,-27.858335494995117,0.0011020231759175658,0.001102022361010313,0.0010928118135780096,99.8897933959961,99.8897933959961,99.8907241821289,0.0016347852069884539,0.1634785234928131,49.968292236328125,-49.96656036376953,0.005784682463854551,0.005752308294177055,0.005874300375580788,99.4215316772461,99.42476654052734,99.4125747680664,1.0091041986015625e-05,0.001009104191325605,1.5932397842407227
305,1,Bass,16.27832794189453,-16.278329849243164,0.03410682827234268,0.0341067835688591,0.03349936753511429,96.58931732177734,96.58931732177734,96.65006256103516,0.023017264902591705,2.3017265796661377,39.5562629699707,-39.55381774902344,0.002601366024464369,0.0025970330461859703,0.003328582737594843,99.73986053466797,99.74029541015625,99.66714477539062,0.00011073315545218065,0.011073315516114235,-4.4866204261779785
305,2,Drums,35.70812225341797,-35.708160400390625,0.006564261857420206,0.006564260460436344,0.006406966596841812,99.34357452392578,99.34357452392578,99.35930633544922,0.000268617324763909,0.026861732825636864,33.759788513183594,-33.760009765625,0.015552602708339691,0.015312791801989079,0.016734682023525238,98.44474029541016,98.46871948242188,98.32653045654297,0.00042055262019857764,0.04205526039004326,-24.496891021728516
306,0,Vocal,18.024938583374023,-18.024946212768555,0.07653118669986725,0.07653113454580307,0.07684239745140076,92.34688568115234,92.34688568115234,92.31575775146484,0.015513676218688488,1.5513676404953003,40.90188980102539,-40.90105438232422,0.00918006431311369,0.00909636914730072,0.009460752829909325,99.08199310302734,99.09036254882812,99.05392456054688,8.126338798319921e-05,0.008126338943839073,2.367551565170288
306,1,Bass,37.193511962890625,-37.19256591796875,0.006973398849368095,0.0069732447154819965,0.006664445158094168,99.30265808105469,99.30267333984375,99.33355712890625,0.00019079275080002844,0.01907927542924881,52.42446517944336,-52.38588333129883,0.0004269914352335036,0.0004268133488949388,0.0006067843642085791,99.9572982788086,99.95731353759766,99.93932342529297,5.740023425460095e-06,0.0005740023334510624,-12.407469749450684
306,2,Drums,24.025468826293945,-24.025442123413086,0.05274807661771774,0.05274806171655655,0.053030937910079956,94.72518920898438,94.72518920898438,94.6968994140625,0.003942248877137899,0.3942248821258545,38.12865447998047,-38.12858963012695,0.014865424484014511,0.014652623794972897,0.014941656030714512,98.51345825195312,98.53473663330078,98.5058364868164,0.00015381259436253458,0.015381259843707085,-8.439218521118164
307,0,Vocal,9.97307300567627,-9.973073959350586,0.0038937730714678764,0.0038937681820243597,0.004968167282640934,99.6106185913086,99.6106185913086,99.50318145751953,0.09142281860113144,9.142281532287598,42.255638122558594,-42.25661849975586,0.009376149624586105,0.009289084933698177,0.00950924213975668,99.06238555908203,99.07109069824219,99.049072265625,5.9478126786416396e-05,0.005947812460362911,11.77900505065918
307,1,Bass,28.71819305419922,-28.717937469482422,0.0011790001299232244,0.0011789790587499738,0.0028629612643271685,99.8821029663086,99.8821029663086,99.71369934082031,0.001341550494544208,0.1341550499200821,50.17890548706055,-50.1463508605957,0.0002309806295670569,0.00023090807371772826,0.00030785956187173724,99.9769058227539,99.9769058227539,99.9692153930664,9.606984349375125e-06,0.0009606984094716609,-6.176720142364502
307,2,Drums,10.478338241577148,-10.478338241577148,0.015436604619026184,0.015436568297445774,0.02514452487230301,98.45634460449219,98.45634460449219,97.48554992675781,0.08220737427473068,8.22073745727539,30.2927303314209,-30.292564392089844,0.029125597327947617,0.028296777978539467,0.028059087693691254,97.08744049072266,97.17032623291016,97.194091796875,0.0009339610696770251,0.09339610487222672,-2.7500085830688477
308,0,Vocal,17.619400024414062,-17.619396209716797,0.016969047486782074,0.01696903631091118,0.017191261053085327,98.3031005859375,98.3031005859375,98.28086853027344,0.017006324604153633,1.7006324529647827,37.93930435180664,-37.939781188964844,0.011561281979084015,0.01142498292028904,0.011894804425537586,98.8438720703125,98.85750579833984,98.81051635742188,0.0001606692239874974,0.01606692187488079,-0.18803974986076355
308,1,Bass,28.61527442932129,-28.615312576293945,0.014812934212386608,0.014812694862484932,0.013777886517345905,98.51870727539062,98.51873016357422,98.62220764160156,0.0013736400287598372,0.137364000082016,47.91743850708008,-47.89214324951172,0.000674641749355942,0.0006741758552379906,0.0007286635227501392,99.93253326416016,99.93257904052734,99.92713165283203,1.6180983948288485e-05,0.0016180983511731029,-8.330926895141602
308,2,Drums,28.774982452392578,-28.775020599365234,0.03221455216407776,0.03221454471349716,0.026675477623939514,96.77854919433594,96.77854919433594,97.33245086669922,0.0013241209089756012,0.13241209089756012,35.066646575927734,-35.066524505615234,0.014512442983686924,0.014305241405963898,0.012201961129903793,98.54875946044922,98.56947326660156,98.77980041503906,0.0003113599377684295,0.03113599307835102,-16.242095947265625
309,0,Vocal,34.84056854248047,-34.84072494506836,0.02945881150662899,0.029458779841661453,0.029702769592404366,97.05411529541016,97.05412292480469,97.02972412109375,0.00032793378341011703,0.032793376594781876,43.370826721191406,-43.373504638671875,0.013034130446612835,0.012863632291555405,0.013051057234406471,98.69658660888672,98.71363830566406,98.69490051269531,4.601124965120107e-05,0.00460112513974309,-11.985989570617676
309,1,Bass,27.614057540893555,-27.614049911499023,0.016933195292949677,0.016933102160692215,0.020114082843065262,98.30667877197266,98.30669403076172,97.98859405517578,0.0017292191041633487,0.17292191088199615,43.76512908935547,-43.764739990234375,0.0008489260799251497,0.0008483714191243052,0.0018701088847592473,99.91510772705078,99.9151611328125,99.81298828125,4.202024865662679e-05,0.004202025011181831,-11.531414985656738
309,2,Drums,29.42009925842285,-29.42007827758789,0.03339318186044693,0.03339311480522156,0.033915258944034576,96.66068267822266,96.66068267822266,96.60847473144531,0.0011415857588872313,0.11415857821702957,35.487274169921875,-35.48707580566406,0.018563855439424515,0.018230540677905083,0.0185218658298254,98.14361572265625,98.17694091796875,98.14781188964844,0.000282642780803144,0.028264278545975685,-16.48858642578125
310,0,Vocal,25.006181716918945,-25.006160736083984,0.002110917354002595,0.0021109171211719513,0.0024516484700143337,99.78890991210938,99.78890991210938,99.75483703613281,0.003147844225168228,0.3147844076156616,40.730072021484375,-40.736175537109375,0.011936299502849579,0.011794393882155418,0.012030164711177349,98.80636596679688,98.82056427001953,98.79698181152344,8.448741573374718e-05,0.008448741398751736,-4.785706043243408
310,1,Bass,19.721132278442383,-19.721174240112305,0.026231028139591217,0.02623084932565689,0.02427827939391136,97.37689208984375,97.37691497802734,97.57217407226562,0.010550638660788536,1.0550638437271118,43.89646530151367,-43.89955520629883,0.0021335717756301165,0.0021301282104104757,0.0026887385174632072,99.7866439819336,99.7869873046875,99.73112487792969,4.0777173126116395e-05,0.004077717196196318,-3.5443427562713623
310,2,Drums,34.67707824707031,-34.6764030456543,0.008322197943925858,0.008322197012603283,0.009567762725055218,99.16778564453125,99.16778564453125,99.04322814941406,0.0003405403986107558,0.03405404090881348,35.241458892822266,-35.24135971069336,0.024390308186411858,0.023815356194972992,0.0254229586571455,97.56097412109375,97.61846923828125,97.45771026611328,0.0002990405773743987,0.029904058203101158,-21.98809051513672
311,0,Vocal,22.97544288635254,-22.9754638671875,0.018566228449344635,0.018566220998764038,0.018032042309641838,98.14337158203125,98.14337158203125,98.1968002319336,0.005015057511627674,0.5015057325363159,49.346805572509766,-49.33847427368164,0.0071996343322098255,0.007148856297135353,0.007317731156945229,99.28003692626953,99.28511047363281,99.26822662353516,1.167188020190224e-05,0.0011671880492940545,5.837858200073242
311,1,Bass,30.31024169921875,-30.310190200805664,0.018637526780366898,0.01863749884068966,0.021028002724051476,98.13624572753906,98.1362533569336,97.89720153808594,0.0009301825775764883,0.09301825612783432,50.94383239746094,-50.9278564453125,0.0006213729502633214,0.0006211644504219294,0.0007501548971049488,99.93785858154297,99.9378890991211,99.92498016357422,8.062829692789819e-06,0.0008062829729169607,-7.054930686950684
311,2,Drums,20.122028350830078,-20.121997833251953,0.03593366593122482,0.03593366593122482,0.03758779540657997,96.40663146972656,96.40663146972656,96.24121856689453,0.009629335254430771,0.9629335403442383,41.298675537109375,-41.297630310058594,0.015071255154907703,0.014853028580546379,0.014887607656419277,98.49287414550781,98.51470184326172,98.51123809814453,7.420187466777861e-05,0.007420187350362539,-1.3867478370666504
312,0,Vocal,27.959394454956055,-27.959383010864258,0.008989660069346428,0.008989659138023853,0.00909219216555357,99.10103607177734,99.10103607177734,99.09078216552734,0.0015972851542755961,0.1597285121679306,51.07445526123047,-51.09021759033203,0.007162831258028746,0.0071126981638371944,0.007240084931254387,99.28372192382812,99.28873443603516,99.27599334716797,7.797182661306579e-06,0.0007797182770445943,2.5994350910186768
312,1,Bass,13.060880661010742,-13.060879707336426,0.11477836221456528,0.11477815359830856,0.1147962287068367,88.52216339111328,88.52218627929688,88.52037811279297,0.04709367826581001,4.709367752075195,41.267364501953125,-41.265899658203125,0.000764508091378957,0.0007640730473212898,0.001319544273428619,99.92355346679688,99.92359161376953,99.86804962158203,7.470502168871462e-05,0.0074705020524561405,0.5118743777275085
312,2,Drums,23.063369750976562,-23.063364028930664,3.91752109862864e-05,3.917516369256191e-05,0.0,99.99608612060547,99.99608612060547,100.0,0.004915040452033281,0.491504043340683,45.82244110107422,-45.818397521972656,0.004015740472823381,0.003999147564172745,0.004069188609719276,99.59842681884766,99.60008239746094,99.59307861328125,2.617683458083775e-05,0.002617683494463563,0.19969652593135834
313,0,Vocal,-13.880385398864746,13.880385398864746,0.6242193579673767,0.6242178082466125,0.6364296674728394,37.57806396484375,37.57822036743164,36.357032775878906,0.9606863856315613,96.06864166259766,1.82579505443573,-1.825795292854309,46.95016860961914,0.9810017943382263,0.9822723865509033,-4595.01708984375,1.8998205661773682,1.772761344909668,0.396419882774353,39.64198684692383,-1.0383538007736206
313,1,Bass,23.627779006958008,-23.627775192260742,0.21799342334270477,0.21799340844154358,0.22315764427185059,78.20065307617188,78.2006607055664,77.68423461914062,0.004318602848798037,0.4318602979183197,46.07708740234375,-46.07221221923828,0.0018375274958088994,0.0018356720684096217,0.0020815455354750156,99.81624603271484,99.81643676757812,99.79183959960938,2.467197919031605e-05,0.0024671978317201138,-5.242090702056885
313,2,Drums,54.05174255371094,-54.038482666015625,7.594355702167377e-05,7.594355702167377e-05,0.0,99.9924087524414,99.9924087524414,100.0,3.955717147618998e-06,0.0003955717256758362,53.55486297607422,-53.581275939941406,0.005687245633453131,0.005655344109982252,0.005629305262118578,99.4312744140625,99.43446350097656,99.43707275390625,4.410640485730255e-06,0.0004410640394780785,-23.033405303955078
314,0,Vocal,21.516559600830078,-21.51663589477539,0.03452160209417343,0.03452159836888313,0.034382905811071396,96.54784393310547,96.54784393310547,96.56171417236328,0.0070030963979661465,0.7003096342086792,38.79877853393555,-38.798221588134766,0.031094204634428024,0.03020872175693512,0.031153926625847816,96.89057922363281,96.9791259765625,96.88460540771484,0.00013185900752432644,0.013185900636017323,-3.2079474925994873
314,1,Bass,13.766925811767578,-13.766923904418945,0.14761558175086975,0.1476147323846817,0.14357507228851318,85.23844146728516,85.238525390625,85.64249420166016,0.04031233489513397,4.031233310699463,36.378074645996094,-36.37810516357422,0.0031815830152481794,0.003179337130859494,0.0028827395290136337,99.68183898925781,99.68206787109375,99.71173095703125,0.0002302181237610057,0.023021811619400978,-5.025275707244873
314,2,Drums,39.413692474365234,-39.41460037231445,0.0008609650540165603,0.0008609627839177847,6.077111538616009e-05,99.91390228271484,99.91390228271484,99.9939193725586,0.000114429734821897,0.011442973278462887,50.94383239746094,-50.9325065612793,0.008707468397915363,0.008631106466054916,0.00877443328499794,99.12925720214844,99.13688659667969,99.12255096435547,8.027711373870261e-06,0.0008027711301110685,-11.015265464782715
315,0,Vocal,31.45264434814453,-31.45328712463379,0.006191598251461983,0.006191597785800695,0.005951399449259043,99.3808364868164,99.3808364868164,99.40486145019531,0.0007151675526984036,0.07151675224304199,44.55327606201172,-44.55506134033203,0.01421726681292057,0.014020966365933418,0.014585502445697784,98.57827758789062,98.597900390625,98.54145050048828,3.503385596559383e-05,0.0035033856984227896,-7.399415493011475
315,1,Bass,24.127445220947266,-24.127437591552734,0.10368549823760986,0.10368407517671585,0.10709056258201599,89.6314468383789,89.631591796875,89.29093933105469,0.003851060988381505,0.38510608673095703,45.8621940612793,-45.86256408691406,0.0016965747345238924,0.001694228732958436,0.0018659965135157108,99.83033752441406,99.83058166503906,99.81340026855469,2.5914570869645104e-05,0.0025914569851011038,-6.034633159637451
315,2,Drums,31.264097213745117,-31.26410675048828,0.005918323993682861,0.005918323528021574,0.007309818174690008,99.40816497802734,99.40816497802734,99.2690200805664,0.0007469378178939223,0.07469378411769867,35.2310791015625,-35.230934143066406,0.024096980690956116,0.023525891825556755,0.023778947070240974,97.59030151367188,97.64740753173828,97.62210083007812,0.0002997720439452678,0.029977204278111458,-18.592660903930664
316,0,Vocal,15.718621253967285,-15.71864128112793,0.1062454953789711,0.1062454804778099,0.11251932382583618,89.37545013427734,89.37545776367188,88.7480697631836,0.026100628077983856,2.610062837600708,28.953397750854492,-28.9532470703125,0.07987086474895477,0.074151411652565,0.07663539797067642,92.01290893554688,92.5848617553711,92.33645629882812,0.001270870678126812,0.1270870715379715,-7.236560344696045
316,1,Bass,22.04717445373535,-22.047183990478516,0.1603046953678131,0.160301074385643,0.15973655879497528,83.96953582763672,83.96989440917969,84.0263442993164,0.006202719174325466,0.6202719211578369,41.655059814453125,-41.653907775878906,0.0014754104195162654,0.0014747121604159474,0.0013803027104586363,99.85246276855469,99.85252380371094,99.86196899414062,6.836544343968853e-05,0.006836544256657362,-7.937243461608887
316,2,Drums,32.84326934814453,-32.84330749511719,0.0002066571469185874,0.00020665713236667216,0.0007509880815632641,99.97933197021484,99.97933197021484,99.9249038696289,0.0005193580291233957,0.05193580314517021,36.780860900878906,-36.77986145019531,0.008383928798139095,0.008313048630952835,0.008839922957122326,99.16160583496094,99.16869354248047,99.11601257324219,0.00020981687703169882,0.020981688052415848,-18.61901092529297
317,0,Vocal,22.06442642211914,-22.06444549560547,0.05062711983919144,0.050626788288354874,0.050860803574323654,94.93728637695312,94.93731689453125,94.9139175415039,0.006178275682032108,0.6178275942802429,37.03364944458008,-37.033050537109375,0.043706685304641724,0.04197052866220474,0.04361950233578682,95.62933349609375,95.80294799804688,95.63804626464844,0.0001979782828129828,0.019797828048467636,-5.508561611175537
317,1,Bass,19.079185485839844,-19.079177856445312,0.1684730499982834,0.16846153140068054,0.17145253717899323,83.15269470214844,83.15384674072266,82.85475158691406,0.0122108468785882,1.221084713935852,37.80134582519531,-37.80096435546875,0.0018429673509672284,0.0018420539563521743,0.0027276596520096064,99.81570434570312,99.81578826904297,99.72723388671875,0.00016590686573181301,0.01659068651497364,-8.79179573059082
317,2,Drums,41.969356536865234,-41.97084045410156,0.0016051405109465122,0.0016051403945311904,0.002083319239318371,99.83948516845703,99.83948516845703,99.79167175292969,6.351358024403453e-05,0.0063513582572340965,37.637474060058594,-37.63711929321289,0.011022266000509262,0.010900711640715599,0.01114257238805294,98.89777374267578,98.90992736816406,98.8857421875,0.00017226980708073825,0.01722698099911213,-26.877382278442383
318,0,Vocal,21.489395141601562,-21.489355087280273,0.032846249639987946,0.03284624218940735,0.0320296473801136,96.71537017822266,96.71537780761719,96.79703521728516,0.007046785205602646,0.7046785354614258,41.46232604980469,-41.461997985839844,0.024865321815013885,0.024279940873384476,0.024892529472708702,97.51346588134766,97.57200622558594,97.51074981689453,7.145534618757665e-05,0.007145534735172987,-0.5116233825683594
318,1,Bass,9.447084426879883,-9.447084426879883,0.17417840659618378,0.1741780787706375,0.12772642076015472,82.58216094970703,82.58219146728516,87.22735595703125,0.10199326276779175,10.199326515197754,37.3034553527832,-37.3030891418457,0.001795159769244492,0.0017931818729266524,0.0,99.82048034667969,99.8206787109375,100.0,0.00018603846547193825,0.018603846430778503,0.07306317239999771
318,2,Drums,29.96472930908203,-29.96443748474121,0.0002359659265493974,0.00023596591199748218,0.0,99.97640228271484,99.97640228271484,100.0,0.0010071650613099337,0.10071650892496109,39.30864715576172,-39.30820846557617,0.006277111358940601,0.0062371366657316685,0.006529529578983784,99.3722915649414,99.37628173828125,99.3470458984375,0.00011725413060048595,0.0117254126816988,-13.212817192077637
319,0,Vocal,32.71501541137695,-32.71584701538086,0.011398440226912498,0.011398437432944775,0.010468650609254837,98.86015319824219,98.86015319824219,98.95313262939453,0.0005348489503376186,0.05348489433526993,45.087032318115234,-45.07852554321289,0.021223274990916252,0.0207829512655735,0.02106020785868168,97.87767791748047,97.92170715332031,97.89397430419922,3.101554830209352e-05,0.0031015549320727587,-8.138483047485352
319,1,Bass,17.29707908630371,-17.29706573486328,0.06251489371061325,0.06251481175422668,0.08026646077632904,93.7485122680664,93.74851989746094,91.97335052490234,0.018292583525180817,1.8292583227157593,44.71122360229492,-44.70820999145508,0.0010054033482447267,0.0010046015959233046,0.0011125272139906883,99.89945983886719,99.89954376220703,99.88874816894531,3.386429671081714e-05,0.0033864297438412905,-0.31678664684295654
319,2,Drums,31.02850341796875,-31.028419494628906,0.0007149736047722399,0.000714973546564579,0.0,99.92850494384766,99.92850494384766,100.0,0.0007885469822213054,0.07885469496250153,46.270145416259766,-46.272579193115234,0.02931753732264042,0.028486691415309906,0.028410201892256737,97.06824493408203,97.15133666992188,97.15898132324219,2.3590577256982215e-05,0.0023590577766299248,-7.311755180358887
320,0,Vocal,10.488283157348633,-10.488282203674316,0.021777622401714325,0.021777620539069176,0.02391582727432251,97.82223510742188,97.82223510742188,97.60841369628906,0.08203474432229996,8.203474044799805,42.907047271728516,-42.91532897949219,0.014071234501898289,0.013884492218494415,0.014447929337620735,98.59288024902344,98.6115493774414,98.55520629882812,5.113576116855256e-05,0.005113576073199511,11.927167892456055
320,1,Bass,19.974647521972656,-19.974624633789062,0.33816438913345337,0.33816346526145935,0.33453258872032166,66.18356323242188,66.18364715576172,66.54673767089844,0.009958358481526375,0.9958358407020569,41.48048782348633,-41.4791259765625,0.0010446207597851753,0.0010441916529089212,0.0008232650579884648,99.89553833007812,99.89557647705078,99.91767120361328,7.114418258424848e-05,0.007114418316632509,-6.153008937835693
320,2,Drums,23.361013412475586,-23.360998153686523,0.0023408408742398024,0.0023408157285302877,0.0037111472338438034,99.76591491699219,99.76592254638672,99.6288833618164,0.004590913187712431,0.45909130573272705,40.360328674316406,-40.360267639160156,0.01730281673371792,0.017038842663168907,0.016735460609197617,98.26972198486328,98.2961196899414,98.32645416259766,9.204178786603734e-05,0.009204179048538208,-5.533151149749756
321,0,Vocal,8.904219627380371,-8.904219627380371,0.031982772052288055,0.03198276832699776,0.03428858146071434,96.80171966552734,96.80171966552734,96.5711441040039,0.11402486264705658,11.402485847473145,46.894168853759766,-46.8903923034668,0.017748257145285606,0.017445340752601624,0.018177716061472893,98.22517395019531,98.2554702758789,98.1822280883789,2.0470388335525058e-05,0.002047038869932294,17.48012351989746
321,1,Bass,21.71116065979004,-21.711170196533203,0.4030071198940277,0.4030071198940277,0.4042946994304657,59.699283599853516,59.699283599853516,59.570526123046875,0.006698320619761944,0.6698320508003235,46.70827865600586,-46.71331024169922,0.0015316457720473409,0.0015308668371289968,0.0015994658460840583,99.84683227539062,99.84690856933594,99.84004974365234,2.137293449777644e-05,0.00213729334063828,-2.8016741275787354
321,2,Drums,27.354700088500977,-27.354642868041992,0.0066345930099487305,0.006634592544287443,0.005768666509538889,99.33654022216797,99.33654022216797,99.42313385009766,0.0018354174681007862,0.18354174494743347,45.34511184692383,-45.34616470336914,0.016803670674562454,0.016540249809622765,0.017130164429545403,98.31963348388672,98.34597778320312,98.2869873046875,2.9180355340940878e-05,0.002918035490438342,-4.545320510864258
322,0,Vocal,21.99382972717285,-21.993896484375,0.1341276615858078,0.1341276317834854,0.1341145783662796,86.58723449707031,86.58723449707031,86.58854675292969,0.006278840824961662,0.6278840899467468,40.92425537109375,-40.92491149902344,0.02535027079284191,0.02482197992503643,0.025448979809880257,97.46497344970703,97.5177993774414,97.4551010131836,8.083754073595628e-05,0.00808375421911478,-1.526157259941101
322,1,Bass,21.634754180908203,-21.63473892211914,0.3372112512588501,0.33721110224723816,0.33930352330207825,66.27887725830078,66.27888488769531,66.06964874267578,0.0068164183758199215,0.6816418170928955,46.161834716796875,-46.16216278076172,0.000992677640169859,0.0009922086028382182,0.0017374996095895767,99.9007339477539,99.9007797241211,99.82625579833984,2.4261418730020523e-05,0.0024261418730020523,-3.234694004058838
322,2,Drums,31.97176170349121,-31.971643447875977,0.006802225485444069,0.006802225485444069,0.005712137091904879,99.31977844238281,99.31977844238281,99.42878723144531,0.0006346781156025827,0.06346780806779861,37.30484390258789,-37.30396270751953,0.015798797830939293,0.015573293901979923,0.01570671983063221,98.42012023925781,98.44266510009766,98.42932891845703,0.0001859716430772096,0.018597165122628212,-17.208820343017578
323,0,Vocal,21.60670280456543,-21.606700897216797,0.09443387389183044,0.09443380683660507,0.09435050189495087,90.55661010742188,90.55662536621094,90.56494903564453,0.006860256195068359,0.6860256195068359,45.60065841674805,-45.587791442871094,0.012272668071091175,0.012132110074162483,0.012554744258522987,98.77273559570312,98.78678894042969,98.74452209472656,2.7580173991736956e-05,0.00275801750831306,3.4885008335113525
323,1,Bass,17.16863250732422,-17.168624877929688,0.4661768972873688,0.4661767780780792,0.47638973593711853,53.3823127746582,53.38232421875,52.36102294921875,0.01883132942020893,1.8831329345703125,44.26744079589844,-44.278507232666016,0.0016680258559063077,0.001666593598201871,0.0022949306294322014,99.83319854736328,99.83333587646484,99.7705078125,3.739545718417503e-05,0.0037395458202809095,-0.7443843483924866
323,2,Drums,29.251331329345703,-29.251272201538086,0.009329129010438919,0.009329129010438919,0.007666291669011116,99.06708526611328,99.06708526611328,99.23336791992188,0.0011867571156471968,0.11867570877075195,44.91508483886719,-44.91728973388672,0.018782034516334534,0.018457971513271332,0.01905861310660839,98.12179565429688,98.15420532226562,98.0941390991211,3.222445593564771e-05,0.0032224454917013645,-6.861592769622803
324,0,Vocal,8.963170051574707,-8.96316909790039,0.044214844703674316,0.04421484097838402,0.03750059753656387,95.5785140991211,95.5785140991211,96.24993896484375,0.11266075074672699,11.266075134277344,42.014404296875,-42.011817932128906,0.021862545982003212,0.02146218530833721,0.022482220083475113,97.8137435913086,97.8537826538086,97.75177764892578,6.289250450208783e-05,0.0062892502173781395,12.600622177124023
324,1,Bass,21.4495849609375,-21.449556350708008,0.2694430649280548,0.2694425880908966,0.26530712842941284,73.05569458007812,73.05574035644531,73.46928405761719,0.007111199200153351,0.7111198902130127,44.69593048095703,-44.69568634033203,0.000846671115141362,0.0008464076090604067,0.0010228740284219384,99.91532897949219,99.91535949707031,99.89771270751953,3.388800178072415e-05,0.0033888001926243305,-4.413788318634033
324,2,Drums,35.99916076660156,-35.998931884765625,0.009324248880147934,0.009324210695922375,0.009589568711817265,99.06757354736328,99.06758117675781,99.04104614257812,0.00025121186627075076,0.025121185928583145,39.978187561035156,-39.97574234008789,0.01918637566268444,0.018861262127757072,0.01968667469918728,98.08135986328125,98.11387634277344,98.03132629394531,0.0001005068261292763,0.010050682350993156,-18.541051864624023
325,0,Vocal,11.670923233032227,-11.67092514038086,0.03891858458518982,0.038918569684028625,0.03237531706690788,96.10813903808594,96.10814666748047,96.76246643066406,0.06372518092393875,6.372518062591553,45.16285705566406,-45.16250228881836,0.01382581889629364,0.013654644601047039,0.014123780652880669,98.61741638183594,98.63453674316406,98.5876235961914,3.0430685001192614e-05,0.0030430685728788376,13.021098136901855
325,1,Bass,20.847328186035156,-20.847322463989258,0.3160415589809418,0.31604111194610596,0.31710854172706604,68.39584350585938,68.39588928222656,68.28914642333984,0.008160369470715523,0.8160369396209717,42.82689666748047,-42.827640533447266,0.0011612618109211326,0.001160760410130024,0.0021200631745159626,99.88387298583984,99.88392639160156,99.78799438476562,5.213741314946674e-05,0.005213741213083267,-5.697586536407471
325,2,Drums,33.20175552368164,-33.20170593261719,0.006173064932227135,0.006173053756356239,0.007488320581614971,99.3826904296875,99.3826904296875,99.25116729736328,0.0004782071046065539,0.04782070964574814,36.72202682495117,-36.72124481201172,0.01724368892610073,0.01697191409766674,0.017476839944720268,98.275634765625,98.30281066894531,98.25231170654297,0.0002126959734596312,0.021269597113132477,-19.008947372436523
326,0,Vocal,17.796215057373047,-17.796207427978516,0.1019236296415329,0.1019236296415329,0.10131916403770447,89.80763244628906,89.80763244628906,89.86808013916016,0.016338974237442017,1.6338974237442017,43.135414123535156,-43.13652801513672,0.016744425520300865,0.016511082649230957,0.017020227387547493,98.32555389404297,98.34889221191406,98.2979736328125,4.858970351051539e-05,0.0048589701764285564,4.869702339172363
326,1,Bass,18.21096420288086,-18.21096420288086,0.4255625307559967,0.42556244134902954,0.4246777296066284,57.443748474121094,57.443756103515625,57.5322265625,0.014872915111482143,1.4872914552688599,43.01454544067383,-43.005836486816406,0.0014663944020867348,0.0014654287369921803,0.0016071932623162866,99.85336303710938,99.85345458984375,99.83927917480469,4.993859329260886e-05,0.004993859212845564,-2.8318138122558594
326,2,Drums,35.807586669921875,-35.8068962097168,0.008682824671268463,0.008682822808623314,0.009208086878061295,99.1317138671875,99.1317138671875,99.07919311523438,0.0002625144552439451,0.026251446455717087,44.097900390625,-44.09982681274414,0.017404727637767792,0.01712697744369507,0.017208952456712723,98.25952911376953,98.28730010986328,98.27910614013672,3.8912017771508545e-05,0.003891201689839363,-14.245086669921875
327,0,Vocal,17.222469329833984,-17.222455978393555,0.16359640657901764,0.16359639167785645,0.16296882927417755,83.6403579711914,83.6403579711914,83.70311737060547,0.018603628501296043,1.8603628873825073,44.031890869140625,-44.035064697265625,0.022348517552018166,0.021865544840693474,0.023026026785373688,97.76514434814453,97.81344604492188,97.69739532470703,3.948667654185556e-05,0.003948667552322149,6.3054046630859375
327,1,Bass,26.491485595703125,-26.49140167236328,0.27634260058403015,0.2763422429561615,0.2792333662509918,72.36573791503906,72.36577606201172,72.07666778564453,0.0022380996961146593,0.22380997240543365,46.806427001953125,-46.798736572265625,0.0007202806300483644,0.0007200961117632687,0.0010146006243303418,99.92797088623047,99.92799377441406,99.89854431152344,2.0865129044977948e-05,0.002086512977257371,-7.37868070602417
327,2,Drums,31.114778518676758,-31.11454200744629,0.005571900401264429,0.005571900401264429,0.005403333343565464,99.44281005859375,99.44281005859375,99.45966339111328,0.0007730008801445365,0.07730008661746979,37.28678512573242,-37.287261962890625,0.016367774456739426,0.016114404425024986,0.01616395264863968,98.36322021484375,98.38855743408203,98.38360595703125,0.00018673905287869275,0.018673906102776527,-16.372873306274414
328,0,Vocal,26.79384422302246,-26.793827056884766,0.028370410203933716,0.028370410203933716,0.02803557738661766,97.1629638671875,97.1629638671875,97.19644165039062,0.002087912056595087,0.20879121124744415,46.63608932495117,-46.63959884643555,0.01839114911854267,0.01806771382689476,0.018386326730251312,98.160888671875,98.19322967529297,98.16136932373047,2.171234882553108e-05,0.0021712349262088537,-0.6557913422584534
328,1,Bass,19.073158264160156,-19.073144912719727,0.07063108682632446,0.07063040882349014,0.07287819683551788,92.9368896484375,92.93695831298828,92.7121810913086,0.012227647937834263,1.2227648496627808,42.178001403808594,-42.173377990722656,0.0006024245521984994,0.000602167856413871,0.0005775787285529077,99.93975830078125,99.93978118896484,99.94224548339844,6.0562408179976046e-05,0.006056240759789944,-4.645442485809326
328,2,Drums,35.97449493408203,-35.97408676147461,0.0006044143228791654,0.0006044142064638436,0.0009576110169291496,99.93955993652344,99.93955993652344,99.90423583984375,0.00025262261624448,0.02526226080954075,41.69312286376953,-41.69410705566406,0.004207163117825985,0.0041908808052539825,0.004888537805527449,99.57928466796875,99.58091735839844,99.51114654541016,6.768873572582379e-05,0.006768873427063227,-16.83653450012207
329,0,Vocal,17.90081024169922,-17.90081214904785,0.01972942240536213,0.019729413092136383,0.016612745821475983,98.02705383300781,98.02705383300781,98.3387222290039,0.015956323593854904,1.5956323146820068,41.22596740722656,-41.22071075439453,0.02284533716738224,0.02235625684261322,0.023068521171808243,97.71546936035156,97.76437377929688,97.69314575195312,7.541100785601884e-05,0.007541100960224867,2.8350391387939453
329,1,Bass,24.85409927368164,-24.854049682617188,0.07626824080944061,0.07626815140247345,0.0775919109582901,92.37317657470703,92.37318420410156,92.24081420898438,0.003259679302573204,0.325967937707901,49.84166717529297,-49.88994598388672,0.0005562423611991107,0.0005560116260312498,0.0008107913308776915,99.94437408447266,99.94439697265625,99.9189224243164,1.0282400580763351e-05,0.0010282400762662292,-2.6638846397399902
329,2,Drums,28.807008743286133,-28.806926727294922,0.0003337920643389225,0.00033379203523509204,0.0006112658302299678,99.96662139892578,99.96662139892578,99.93887329101562,0.001314407680183649,0.13144077360630035,39.78175735473633,-39.780982971191406,0.0064525664784014225,0.006413739174604416,0.006596548482775688,99.35474395751953,99.35862731933594,99.34034729003906,0.00010519128409214318,0.010519128292798996,-11.580954551696777
330,0,Vocal,19.852140426635742,-19.852142333984375,0.023430543020367622,0.023430543020367622,0.022920193150639534,97.65694427490234,97.65694427490234,97.70797729492188,0.010240369476377964,1.0240370035171509,38.86008071899414,-38.85918045043945,0.025459954515099525,0.02484247460961342,0.025476284325122833,97.4540023803711,97.5157470703125,97.4523696899414,0.00013000033504795283,0.013000033795833588,-1.4981099367141724
330,1,Bass,20.066864013671875,-20.066917419433594,0.053536899387836456,0.05353681743144989,0.06412331759929657,94.64630889892578,94.64631652832031,93.5876693725586,0.009751124307513237,0.9751124382019043,45.892250061035156,-45.88507080078125,0.0006386621971614659,0.0006384311127476394,0.0003649488789960742,99.9361343383789,99.9361572265625,99.9635009765625,2.576939732534811e-05,0.0025769397616386414,-1.7955296039581299
330,2,Drums,33.68470001220703,-33.68440246582031,0.0010513442102819681,0.0010513442102819681,0.0014779079938307405,99.89486694335938,99.89486694335938,99.85221099853516,0.00042795814806595445,0.0427958145737648,43.17287826538086,-43.175472259521484,0.004966591019183397,0.004944243468344212,0.004871303215622902,99.50334167480469,99.50557708740234,99.51287078857422,4.813128907699138e-05,0.004813129082322121,-13.067609786987305
331,0,Vocal,8.001163482666016,-8.001163482666016,0.7876225709915161,0.787613034248352,0.7960802912712097,21.237743377685547,21.238697052001953,20.391971588134766,0.13677528500556946,13.677528381347656,17.864097595214844,-17.864103317260742,2.2991626262664795,0.6978396773338318,0.7106418013572693,-129.916259765625,30.216032028198242,28.935819625854492,0.01608964055776596,1.6089640855789185,-10.595175743103027
331,1,Bass,14.449997901916504,-14.449997901916504,0.11676479130983353,0.11676476895809174,0.10967449098825455,88.32352447509766,88.32352447509766,89.03254699707031,0.034648582339286804,3.464858293533325,46.73260498046875,-46.73388671875,0.001093906001187861,0.0010931857395917177,0.0012400051346048713,99.89060974121094,99.89067840576172,99.8759994506836,2.124008460668847e-05,0.0021240084897726774,4.699207305908203
331,2,Drums,39.324134826660156,-39.32329177856445,8.776038157520816e-05,8.776037429925054e-05,0.0,99.99122619628906,99.99122619628906,100.0,0.00011681551404763013,0.011681551113724709,46.32533264160156,-46.32716751098633,0.004061438608914614,0.004046251531690359,0.003997757565230131,99.59385681152344,99.59537506103516,99.60022735595703,2.3333015633397736e-05,0.0023333015851676464,-15.560335159301758
332,0,Vocal,19.597740173339844,-19.59774398803711,0.019360946491360664,0.019360942766070366,0.02024325169622898,98.06390380859375,98.06390380859375,97.97567749023438,0.010851447470486164,1.0851447582244873,35.91140365600586,-35.911556243896484,0.02895798347890377,0.028150806203484535,0.028748583048582077,97.10420227050781,97.18492126464844,97.1251449584961,0.0002562760200817138,0.025627601891756058,-4.190712928771973
332,1,Bass,19.043424606323242,-19.04339599609375,0.11298703402280807,0.11298687756061554,0.09930010885000229,88.7012939453125,88.7013168334961,90.06999206542969,0.012310609221458435,1.2310609817504883,41.2743034362793,-41.27339172363281,0.001114841434173286,0.0011138400295749307,0.000991917448118329,99.88851928710938,99.88861846923828,99.90080261230469,7.455451122950763e-05,0.00745545094832778,-5.419829845428467
332,2,Drums,33.36677932739258,-33.36665725708008,0.0006409907946363091,0.0006409907946363091,0.0,99.93589782714844,99.93589782714844,100.0,0.0004604041459970176,0.04604041576385498,39.95762634277344,-39.95684814453125,0.007531740702688694,0.007479657884687185,0.008093401789665222,99.246826171875,99.25202941894531,99.19065856933594,0.0001010077612590976,0.010100776329636574,-15.963409423828125
333,0,Vocal,18.527538299560547,-18.527544021606445,0.032883673906326294,0.03288363292813301,0.022329650819301605,96.71163940429688,96.71163940429688,97.76703643798828,0.013841788284480572,1.384178876876831,36.77223205566406,-36.772037506103516,0.025571389123797417,0.02495618537068367,0.02591407299041748,97.44285583496094,97.50438690185547,97.4085922241211,0.00021028248011134565,0.021028248593211174,-2.2418863773345947
333,1,Bass,20.821434020996094,-20.821441650390625,0.07289863377809525,0.07289858162403107,0.07488247752189636,92.71013641357422,92.71014404296875,92.51174926757812,0.008208750747144222,0.8208750486373901,47.66830825805664,-47.66911315917969,0.0008087838068604469,0.0008084982982836664,0.0012013862142339349,99.91912078857422,99.91915130615234,99.8798599243164,1.7080184989026748e-05,0.001708018477074802,-0.8111761212348938
333,2,Drums,33.44281768798828,-33.44277572631836,0.0008023155387490988,0.0008023054688237607,0.0012430157512426376,99.91976928710938,99.91976928710938,99.87570190429688,0.0004524156975094229,0.045241568237543106,44.71122360229492,-44.703392028808594,0.0060141198337078094,0.005977831780910492,0.00608945032581687,99.39859008789062,99.4022216796875,99.39105224609375,3.3814794733189046e-05,0.0033814795315265656,-11.2909517288208
334,0,Vocal,24.50701141357422,-24.50701904296875,0.03031506948173046,0.030315067619085312,0.03154223784804344,96.96849822998047,96.96849822998047,96.84577941894531,0.0035299158189445734,0.35299158096313477,45.274776458740234,-45.26458740234375,0.02061888575553894,0.020217997953295708,0.02088463120162487,97.9381103515625,97.97819519042969,97.91153717041016,2.9689148504985496e-05,0.002968914806842804,0.2583602964878082
334,1,Bass,26.431732177734375,-26.431676864624023,0.07907945662736893,0.07907944172620773,0.07967595756053925,92.09205627441406,92.09205627441406,92.03240203857422,0.0022690549958497286,0.22690549492835999,50.37195587158203,-50.368431091308594,0.0005396819324232638,0.0005394823965616524,0.0005745720700360835,99.94603729248047,99.94605255126953,99.94254302978516,9.202952242048923e-06,0.0009202952496707439,-3.7973875999450684
334,2,Drums,35.0285530090332,-35.02821350097656,0.001437819330021739,0.0014378192136064172,0.0014117667451500893,99.85621643066406,99.85621643066406,99.85881805419922,0.00031409095390699804,0.03140909597277641,47.06197738647461,-47.063087463378906,0.005602847319096327,0.005573845934122801,0.005582666024565697,99.43971252441406,99.44261169433594,99.44173431396484,1.9704102669493295e-05,0.0019704103469848633,-10.524160385131836
335,0,Vocal,23.951017379760742,-23.950984954833984,0.041313838213682175,0.041313834488391876,0.0426998995244503,95.86861419677734,95.86861419677734,95.73001098632812,0.004010104574263096,0.4010104537010193,38.279335021972656,-38.2801399230957,0.026896420866250992,0.02621615305542946,0.02707773447036743,97.31035614013672,97.37838745117188,97.29222869873047,0.0001486287801526487,0.014862878248095512,-6.181369304656982
335,1,Bass,35.5139274597168,-35.513648986816406,0.07911942154169083,0.0791192352771759,0.0805497094988823,92.08805847167969,92.08808135986328,91.94503021240234,0.00028084125369787216,0.028084125369787216,52.469940185546875,-52.45571517944336,0.0005201936583034694,0.0005199784063734114,0.0006704980041831732,99.94798278808594,99.947998046875,99.93295288085938,5.669860456691822e-06,0.000566986040212214,-10.767709732055664
335,2,Drums,37.33979034423828,-37.33995056152344,0.0009744911221787333,0.0009744911221787333,0.00023660826263949275,99.90254974365234,99.90254974365234,99.97633361816406,0.00018449277558829635,0.01844927668571472,41.59484100341797,-41.5952262878418,0.005344053264707327,0.005317761562764645,0.005184866953641176,99.4655990600586,99.46822357177734,99.48151397705078,6.923444743733853e-05,0.00692344456911087,-18.299497604370117
336,0,Vocal,26.270660400390625,-26.270673751831055,0.02748093008995056,0.02748091146349907,0.029530666768550873,97.25190734863281,97.25190734863281,97.04693603515625,0.0023545341100543737,0.23545341193675995,40.90188980102539,-40.900691986083984,0.056243401020765305,0.05327560752630234,0.054556429386138916,94.37565612792969,94.67243957519531,94.54435729980469,8.127109322231263e-05,0.00812710914760828,-5.868319988250732
336,1,Bass,25.189048767089844,-25.189077377319336,0.01284792274236679,0.012847885489463806,0.012073271907866001,98.7152099609375,98.7152099609375,98.79267120361328,0.0030184490606188774,0.30184489488601685,52.07684326171875,-52.141204833984375,0.0006551775150001049,0.0006548764067701995,0.000959989964030683,99.93447875976562,99.93450927734375,99.90399932861328,6.1712280512438156e-06,0.0006171228014864028,-0.7596437931060791
336,2,Drums,30.893932342529297,-30.893869400024414,0.002874034224078059,0.0028740328270941973,0.005132652819156647,99.71260070800781,99.71260070800781,99.48673248291016,0.0008133226656354964,0.081332266330719,49.04568099975586,-49.02022933959961,0.020056327804923058,0.019665805622935295,0.019973505288362503,97.99436950683594,98.0334243774414,98.00264739990234,1.248080934601603e-05,0.0012480809818953276,-4.414899826049805
337,0,Vocal,9.437056541442871,-9.437058448791504,0.3660549819469452,0.3660545349121094,0.38802602887153625,63.394500732421875,63.39454650878906,61.1973991394043,0.102204829454422,10.22048282623291,24.979124069213867,-24.979076385498047,2.3776488304138184,0.7016255259513855,0.7157650589942932,-137.76487731933594,29.837448120117188,28.423494338989258,0.003167500952258706,0.31675010919570923,-5.022576332092285
337,1,Bass,40.55889892578125,-40.55999755859375,0.03713328391313553,0.03713328018784523,0.036948107182979584,96.28667449951172,96.28667449951172,96.30519104003906,8.789325511315838e-05,0.008789325132966042,50.693809509277344,-50.70238494873047,0.0015833574580028653,0.0015814458020031452,0.0023338282480835915,99.84166717529297,99.84185791015625,99.76661682128906,8.49217758513987e-06,0.0008492177585139871,-17.476764678955078
337,2,Drums,43.05620574951172,-43.058387756347656,0.0012643092777580023,0.0012643091613426805,0.0018440685234963894,99.87356567382812,99.87356567382812,99.81559753417969,4.946162152918987e-05,0.0049461619928479195,43.399051666259766,-43.395267486572266,0.020000945776700974,0.019605442881584167,0.020282980054616928,97.99990844726562,98.0394515991211,97.9717025756836,4.573855403577909e-05,0.004573855549097061,-22.22258949279785
338,0,Vocal,19.20305061340332,-19.20305633544922,0.03485390916466713,0.034853823482990265,0.034576646983623505,96.51460266113281,96.51461791992188,96.5423355102539,0.01187159214168787,1.1871591806411743,40.29887771606445,-40.298545837402344,0.1183396726846695,0.10568215698003769,0.10830818861722946,88.16603088378906,89.4317855834961,89.16918182373047,9.335677896160632e-05,0.009335678070783615,0.5979233980178833
338,1,Bass,21.71809196472168,-21.718154907226562,0.04565320163965225,0.04565318673849106,0.03914991766214371,95.43467712402344,95.43468475341797,96.08500671386719,0.006687629036605358,0.6687629222869873,46.30317306518555,-46.3039436340332,0.0018369117751717567,0.0018341781105846167,0.002615187084302306,99.8163070678711,99.81658172607422,99.73847961425781,2.346393739571795e-05,0.0023463936522603035,-2.896981716156006
338,2,Drums,30.46735954284668,-30.4674072265625,0.0005758804618380964,0.0005758801707997918,0.0016523360973224044,99.94241333007812,99.94241333007812,99.83476257324219,0.0008971411734819412,0.08971411734819412,38.47716522216797,-38.47756576538086,0.015531188808381557,0.015293294563889503,0.015455983579158783,98.44688415527344,98.47067260742188,98.45440673828125,0.00014195876428857446,0.014195876196026802,-14.555806159973145
339,0,Vocal,22.294767379760742,-22.294788360595703,0.015942875295877457,0.01594286784529686,0.017076564952731133,98.40571594238281,98.40571594238281,98.29234313964844,0.005860964767634869,0.586096465587616,48.592262268066406,-48.597900390625,0.06250134855508804,0.058877214789390564,0.060300927609205246,93.74986267089844,94.11227416992188,93.96990203857422,1.3783839676762e-05,0.0013783839531242847,5.819133758544922
339,1,Bass,38.44446563720703,-38.443214416503906,0.026607219129800797,0.026607196778059006,0.02792637050151825,97.33927917480469,97.33927917480469,97.20735931396484,0.0001430333941243589,0.014303339645266533,53.16232681274414,-53.176124572753906,0.000963938538916409,0.0009631067514419556,0.001378403976559639,99.90361022949219,99.90369415283203,99.8621597290039,4.834646006202092e-06,0.00048346459516324103,-13.037652015686035
339,2,Drums,28.357364654541016,-28.357431411743164,0.001582861877977848,0.0015828616451472044,0.0030177810695022345,99.84171295166016,99.84171295166016,99.6982192993164,0.0014575482346117496,0.1457548290491104,42.83186340332031,-42.83076477050781,0.02224927395582199,0.02176675572991371,0.020926108583807945,97.77507019042969,97.82331848144531,97.90738677978516,5.211219468037598e-05,0.005211219657212496,-8.099753379821777
340,0,Vocal,16.65239715576172,-16.65238380432129,0.12621550261974335,0.12621383368968964,0.12917616963386536,87.37844848632812,87.37861633300781,87.08238220214844,0.021157952025532722,2.115795135498047,27.858627319335938,-27.858673095703125,0.2666721045970917,0.21085014939308167,0.21373747289180756,73.3327865600586,78.91498565673828,78.62625122070312,0.0016346783377230167,0.16346783936023712,-9.299402236938477
340,1,Bass,46.6600227355957,-46.68209457397461,0.009294547140598297,0.009294502437114716,0.010088132694363594,99.07054138183594,99.07054901123047,98.9911880493164,2.156413029297255e-05,0.0021564129274338484,50.31591796875,-50.3056755065918,0.0005819415091536939,0.0005817267228849232,0.00043100013863295317,99.94181060791016,99.94182586669922,99.95690155029297,9.312072506872937e-06,0.0009312072652392089,-24.035783767700195
340,2,Drums,38.75579071044922,-38.755210876464844,0.002855458064004779,0.002855450613424182,0.0029244055040180683,99.7144546508789,99.7144546508789,99.70756530761719,0.00013316786498762667,0.013316786848008633,34.84688949584961,-34.84593200683594,0.018477369099855423,0.018130511045455933,0.016897419467568398,98.15225982666016,98.18694305419922,98.31025695800781,0.0003274974296800792,0.03274974226951599,-26.476459503173828
341,0,Vocal,22.077980041503906,-22.077970504760742,0.00356998760253191,0.003569986904039979,0.004501185845583677,99.64300537109375,99.64300537109375,99.54988098144531,0.006159152369946241,0.6159152388572693,47.56365203857422,-47.56784439086914,0.018477506935596466,0.01814592070877552,0.018847841769456863,98.15225219726562,98.18540954589844,98.11521911621094,1.750627598084975e-05,0.0017506276490166783,4.976428031921387
341,1,Bass,26.312406539916992,-26.31240463256836,0.009733758866786957,0.009733757004141808,0.0098043791949749,99.02662658691406,99.02662658691406,99.01956176757812,0.0023320873733609915,0.23320873081684113,43.4617919921875,-43.462867736816406,0.0006433104281313717,0.0006430605426430702,0.0008505643345415592,99.9356689453125,99.9356918334961,99.91494750976562,4.505272954702377e-05,0.004505272954702377,-10.499999046325684
341,2,Drums,27.164487838745117,-27.16453742980957,0.0009042315068654716,0.0009042313322424889,0.001282671233639121,99.90957641601562,99.90957641601562,99.87173461914062,0.001917421817779541,0.1917421817779541,39.816368103027344,-39.816490173339844,0.008051239885389805,0.007985947653651237,0.008128748275339603,99.19487762451172,99.20140838623047,99.18712615966797,0.0001042830481310375,0.01042830478399992,-9.907779693603516
342,0,Vocal,29.708209991455078,-29.708057403564453,0.01667792722582817,0.016677923500537872,0.018702346831560135,98.33220672607422,98.33220672607422,98.12976837158203,0.0010683739092200994,0.10683739185333252,46.11925506591797,-46.142295837402344,0.060505203902721405,0.05713685229420662,0.05879579856991768,93.94947814941406,94.28631591796875,94.12042236328125,2.4356331778108142e-05,0.0024356332141906023,-4.065832138061523
342,1,Bass,37.28401184082031,-37.28429412841797,0.019021406769752502,0.01902139186859131,0.019578229635953903,98.09786224365234,98.09786224365234,98.04217529296875,0.0001868400431703776,0.01868400350213051,48.882545471191406,-48.918453216552734,0.0011912778718397021,0.0011900122044607997,0.001542844926007092,99.88087463378906,99.88099670410156,99.84571075439453,1.2872889783466235e-05,0.0012872889637947083,-16.06727409362793
342,2,Drums,38.32663345336914,-38.32600021362305,0.006173624657094479,0.006173624191433191,0.006342852953821421,99.38263702392578,99.38263702392578,99.36571502685547,0.00014700478641316295,0.014700478874146938,33.609107971191406,-33.60927963256836,0.048567961901426315,0.046300534158945084,0.046241097152233124,95.14320373535156,95.36994934082031,95.37589263916016,0.000435404188465327,0.04354041814804077,-27.27507209777832
343,0,Vocal,11.656557083129883,-11.656558990478516,0.017466023564338684,0.017466016113758087,0.02140820398926735,98.25340270996094,98.25340270996094,97.85917663574219,0.06392282992601395,6.392282962799072,32.79960250854492,-32.799530029296875,0.1638907790184021,0.14094027876853943,0.1448882669210434,83.61092376708984,85.90596771240234,85.51116943359375,0.0005246170912869275,0.05246170982718468,0.6458154916763306
343,1,Bass,22.56545639038086,-22.565431594848633,0.00875342357903719,0.008753392845392227,0.011044268496334553,99.1246566772461,99.1246566772461,98.89557647705078,0.005508814938366413,0.5508815050125122,51.278072357177734,-51.258731842041016,0.0009469834039919078,0.000946314015891403,0.0013640335528180003,99.90530395507812,99.90536499023438,99.86359405517578,7.44549788578297e-06,0.0007445497903972864,1.0492922067642212
343,2,Drums,25.15742301940918,-25.15732192993164,0.0009258437785319984,0.0009258436621166766,0.0022696300875395536,99.90741729736328,99.90741729736328,99.77304077148438,0.0030404487624764442,0.3040448725223541,34.146568298339844,-34.1463508605957,0.030006416141986847,0.029119160026311874,0.028903400525450706,96.99935913085938,97.08808898925781,97.10965728759766,0.00038473299355246127,0.03847330063581467,-13.579239845275879
344,0,Vocal,27.006032943725586,-27.005950927734375,0.023085717111825943,0.023085681721568108,0.023770296946167946,97.6914291381836,97.69143676757812,97.62297058105469,0.001988551812246442,0.1988551765680313,36.31110763549805,-36.31110763549805,0.017760738730430603,0.017452050000429153,0.017776042222976685,98.22392272949219,98.25479125976562,98.22239685058594,0.00023378465266432613,0.023378465324640274,-11.204073905944824
344,1,Bass,17.27802085876465,-17.27800750732422,0.042970508337020874,0.042970508337020874,0.04491225257515907,95.70294952392578,95.70294952392578,95.50877380371094,0.018371516838669777,1.8371516466140747,48.686885833740234,-48.69203186035156,0.000620597624219954,0.0006204448873177171,0.0007210445473901927,99.93794250488281,99.93795776367188,99.92789459228516,1.3585875421995297e-05,0.0013585875276476145,3.6751022338867188
344,2,Drums,38.40483093261719,-38.40387725830078,0.0012304541887715459,0.001230435911566019,0.0018094814149662852,99.876953125,99.87696075439453,99.81905364990234,0.00014437077334150672,0.014437077566981316,45.443721771240234,-45.43694305419922,0.004355915822088718,0.004336121492087841,0.004372260067611933,99.56440734863281,99.56639099121094,99.56277465820312,2.856628088920843e-05,0.0028566280379891396,-15.516034126281738
345,0,Vocal,20.351455688476562,-20.351449966430664,0.01594761572778225,0.015947610139846802,0.016903238371014595,98.40523529052734,98.40524291992188,98.30967712402344,0.009138363413512707,0.9138363599777222,35.67450714111328,-35.67494201660156,0.01938437856733799,0.0190137792378664,0.019427241757512093,98.06156158447266,98.09862518310547,98.0572738647461,0.0002706261002458632,0.027062609791755676,-5.190258979797363
345,1,Bass,27.053773880004883,-27.053720474243164,0.015800274908542633,0.015800273045897484,0.012616154737770557,98.41996765136719,98.41996765136719,98.73838806152344,0.0019668492022901773,0.19668492674827576,50.42873001098633,-50.429405212402344,0.0002459776005707681,0.000245933944825083,0.00034347502514719963,99.97540283203125,99.97541046142578,99.96565246582031,9.117826266447082e-06,0.000911782612092793,-4.308775424957275
345,2,Drums,30.04601287841797,-30.045948028564453,0.0008186426712200046,0.0008186423801817,0.0,99.91813659667969,99.91813659667969,100.0,0.0009884710889309645,0.09884710609912872,43.309383392333984,-43.31169509887695,0.004800727125257254,0.004778566770255566,0.0048894803039729595,99.51992797851562,99.52214050292969,99.51104736328125,4.6656918129883707e-05,0.004665691871196032,-9.285614013671875
346,0,Vocal,24.01868438720703,-24.018699645996094,0.010091167874634266,0.010091151110827923,0.011749755591154099,98.99088287353516,98.99089050292969,98.82502746582031,0.003948314115405083,0.39483141899108887,36.57598114013672,-36.57521057128906,0.04567341506481171,0.04367920756340027,0.044262614101171494,95.43265533447266,95.632080078125,95.57373809814453,0.0002199770387960598,0.02199770323932171,-7.956188201904297
346,1,Bass,31.796581268310547,-31.796628952026367,0.015791358426213264,0.01579132303595543,0.01615792326629162,98.42086791992188,98.42086791992188,98.38420867919922,0.0006608078838326037,0.06608078628778458,48.94300842285156,-48.9786376953125,0.0006314933998510242,0.0006313077756203711,0.0009513844270259142,99.93685150146484,99.9368667602539,99.90486145019531,1.2702028470812365e-05,0.0012702028034254909,-10.511046409606934
346,2,Drums,36.046844482421875,-36.04684066772461,0.0027094800025224686,0.002709475113078952,0.008114773780107498,99.72904968261719,99.72905731201172,99.18852233886719,0.00024844109429977834,0.024844110012054443,34.859561920166016,-34.859046936035156,0.03684485703706741,0.03552532568573952,0.03557971119880676,96.31551361083984,96.44746398925781,96.44203186035156,0.00032650420325808227,0.0326504185795784,-23.73468780517578
347,0,Vocal,30.52608871459961,-30.52608871459961,0.0024432518985122442,0.0024432509671896696,0.0037840972654521465,99.75567626953125,99.75567626953125,99.62158966064453,0.0008851535967551172,0.08851535618305206,32.10099792480469,-32.100807189941406,0.030894659459590912,0.02996656857430935,0.03091481886804104,96.91053771972656,97.00334167480469,96.90851593017578,0.0006160798948258162,0.06160799041390419,-18.917387008666992
347,1,Bass,39.273460388183594,-39.27315902709961,0.0015905629843473434,0.0015905590262264013,0.0019818476866930723,99.8409423828125,99.8409423828125,99.80181121826172,0.00011822494707303122,0.011822494678199291,43.60784149169922,-43.60823059082031,0.0005451961187645793,0.000544887559954077,0.0020262431353330612,99.94548034667969,99.94551086425781,99.79737091064453,4.356970021035522e-05,0.004356970079243183,-23.340883255004883
347,2,Drums,17.92076873779297,-17.92075538635254,0.013917378149926662,0.013916956260800362,0.015390530228614807,98.60826110839844,98.60830688476562,98.46094512939453,0.015884360298514366,1.5884360074996948,16.960533142089844,-16.96052360534668,0.23794043064117432,0.1915600448846817,0.15054108202457428,76.2059555053711,80.843994140625,84.94589233398438,0.019737377762794495,1.9737377166748047,-23.694759368896484
348,0,Vocal,19.364152908325195,-19.36415672302246,0.002204340184107423,0.002204338787123561,0.0038898519705981016,99.7795639038086,99.7795639038086,99.61101531982422,0.011444244533777237,1.1444244384765625,41.557621002197266,-41.55790328979492,0.021759027615189552,0.02130061946809292,0.021951118484139442,97.8240966796875,97.86994171142578,97.80488586425781,6.984803621890023e-05,0.0069848038256168365,1.6880062818527222
348,1,Bass,23.837589263916016,-23.837596893310547,0.005289563909173012,0.005289562977850437,0.02429264411330223,99.4710464477539,99.4710464477539,97.57073211669922,0.004115778487175703,0.41157785058021545,50.54454803466797,-50.52849578857422,0.00036181139876134694,0.00036169419763609767,0.00040934261051006615,99.96382141113281,99.96382904052734,99.95906066894531,8.85415374796139e-06,0.000885415356606245,-0.9661693572998047
348,2,Drums,19.94802474975586,-19.94801139831543,0.0030892828945070505,0.0030892794020473957,0.028018971905112267,99.69107055664062,99.69107055664062,97.19810485839844,0.010019042529165745,1.0019042491912842,30.159408569335938,-30.159414291381836,0.03701845929026604,0.035685356706380844,0.03542117401957512,96.29814910888672,96.43146514892578,96.45787811279297,0.0009630412678234279,0.09630412608385086,-12.351759910583496
349,0,Vocal,22.059917449951172,-22.059926986694336,0.01080895122140646,0.010808950290083885,0.011698709800839424,98.91910552978516,98.91910552978516,98.83012390136719,0.0061846463941037655,0.6184646487236023,29.533483505249023,-29.533422470092773,0.06782811135053635,0.0634249895811081,0.06549406051635742,93.2171859741211,93.65750122070312,93.45059204101562,0.0011122118448838592,0.11122118681669235,-13.033109664916992
349,1,Bass,38.98534393310547,-38.98576736450195,0.046569909900426865,0.046569693833589554,0.04712247848510742,95.34300994873047,95.34303283691406,95.28775024414062,0.0001263390004169196,0.01263390015810728,48.803218841552734,-48.803001403808594,0.0016717353137210011,0.0016689482145011425,0.0024098672438412905,99.83282470703125,99.8331069946289,99.7590103149414,1.31843080453109e-05,0.0013184307608753443,-17.934295654296875
349,2,Drums,33.95692443847656,-33.9566764831543,0.0022665360011160374,0.00226653553545475,0.0019670254550874233,99.77334594726562,99.77334594726562,99.80329895019531,0.00040191246080212295,0.04019124433398247,47.38990783691406,-47.39005661010742,0.03609258309006691,0.034841470420360565,0.03466058149933815,96.39073944091797,96.51585388183594,96.53394317626953,1.8210193957202137e-05,0.0018210194539278746,-9.115382194519043
350,0,Vocal,14.409598350524902,-14.40959358215332,0.05533522367477417,0.05533513426780701,0.05418454855680466,94.46647644042969,94.46648406982422,94.58154296875,0.03496110811829567,3.4961109161376953,26.172054290771484,-26.172086715698242,0.10659681260585785,0.09614007920026779,0.09831545501947403,89.34031677246094,90.38599395751953,90.16844940185547,0.002408503321930766,0.2408503293991089,-8.734356880187988
350,1,Bass,27.930110931396484,-27.930049896240234,0.0061033680103719234,0.0061033423990011215,0.011439741589128971,99.38966369628906,99.38966369628906,98.85602569580078,0.0016080569475889206,0.16080570220947266,54.05174255371094,-54.05971145629883,0.0001453270815545693,0.00014531146734952927,0.0,99.98546600341797,99.98546600341797,100.0,3.9089122765290085e-06,0.00039089121855795383,-1.5430655479431152
350,2,Drums,35.842247009277344,-35.841941833496094,0.0002024144196184352,0.0002024139539571479,0.0,99.9797592163086,99.9797592163086,100.0,0.0002604321052785963,0.026043210178613663,37.34540939331055,-37.34498596191406,0.005008240230381489,0.004982323385775089,0.004970761481672525,99.49917602539062,99.50176239013672,99.50292205810547,0.00018422480206936598,0.018422480672597885,-21.056560516357422
351,0,Vocal,27.240076065063477,-27.240318298339844,0.0026862595696002245,0.0026862595696002245,0.005608638282865286,99.73137664794922,99.73137664794922,99.43914031982422,0.0018843498546630144,0.18843498826026917,40.262969970703125,-40.2602424621582,0.015197472646832466,0.014970909804105759,0.015621799975633621,98.48025512695312,98.5029067993164,98.43782043457031,9.413016232429072e-05,0.009413016028702259,-7.482299327850342
351,1,Bass,28.066041946411133,-28.066083908081055,0.0028370723593980074,0.0028370723593980074,0.001046065823175013,99.71629333496094,99.71629333496094,99.89539337158203,0.0015585623914375901,0.15585623681545258,52.16117477416992,-52.157203674316406,0.00018653878942131996,0.00018651012214832008,9.136488188232761e-06,99.9813461303711,99.9813461303711,99.99908447265625,6.08239588473225e-06,0.0006082396139390767,-3.5914485454559326
351,2,Drums,22.559646606445312,-22.559616088867188,0.005036279559135437,0.0050362772308290005,0.008773930370807648,99.49636840820312,99.49636840820312,99.12260437011719,0.005516129080206156,0.551612913608551,34.34697723388672,-34.3465576171875,0.037785932421684265,0.0364094078540802,0.03611009195446968,96.22140502929688,96.35906219482422,96.38899230957031,0.000367390108294785,0.036739010363817215,-10.762353897094727
352,0,Vocal,16.591156005859375,-16.591156005859375,0.02824866585433483,0.028248630464076996,0.027584269642829895,97.17513275146484,97.17514038085938,97.2415771484375,0.02145192213356495,2.1451921463012695,44.59782028198242,-44.5949592590332,0.025219956412911415,0.024641182273626328,0.025232475250959396,97.4780044555664,97.53588104248047,97.47675323486328,3.466238922555931e-05,0.0034662389662116766,7.530068874359131
352,1,Bass,15.18017864227295,-15.180176734924316,0.10628408938646317,0.10628380626440048,0.11011388897895813,89.37158966064453,89.37162017822266,88.98861694335938,0.029444420710206032,2.9444420337677,46.894168853759766,-46.9194450378418,0.0006416566902771592,0.0006414315430447459,0.0009922418976202607,99.93583679199219,99.93585968017578,99.9007797241211,2.0394929379108362e-05,0.002039492828771472,4.044425964355469
352,2,Drums,40.5295524597168,-40.526893615722656,0.0025665664579719305,0.0025665664579719305,0.0029534061904996634,99.74333953857422,99.74333953857422,99.70465850830078,8.853121107676998e-05,0.008853120729327202,37.00366973876953,-37.002559661865234,0.012551508843898773,0.012396213598549366,0.012699522078037262,98.7448501586914,98.7603759765625,98.73004913330078,0.00019934041483793408,0.019934041425585747,-26.0831356048584
353,0,Vocal,9.451118469238281,-9.451118469238281,0.052426282316446304,0.05242624878883362,0.051300063729286194,94.75736999511719,94.75737762451172,94.8699951171875,0.1019081398844719,10.190814018249512,33.57415771484375,-33.57438659667969,0.07461696863174438,0.06952103227376938,0.07104308903217316,92.53829956054688,93.04789733886719,92.89569091796875,0.0004389243549667299,0.04389243572950363,3.6165435314178467
353,1,Bass,10.449928283691406,-10.449928283691406,0.037587858736515045,0.03758782520890236,0.0358637236058712,96.2412109375,96.24121856689453,96.41362762451172,0.08270227909088135,8.270227432250977,47.760066986083984,-47.766944885253906,0.0003614386369008571,0.0003613381995819509,0.0004575639613904059,99.96385192871094,99.9638671875,99.95423889160156,1.6756883269408718e-05,0.0016756883123889565,9.63056468963623
353,2,Drums,27.546796798706055,-27.546634674072266,0.00023027924180496484,0.00023027797578833997,0.000520570669323206,99.97697448730469,99.97697448730469,99.94794464111328,0.001756155863404274,0.1756155788898468,42.67568588256836,-42.67272186279297,0.011513905599713326,0.011380618438124657,0.011639990843832493,98.8486099243164,98.8619384765625,98.83599853515625,5.401975431595929e-05,0.005401975475251675,-7.427933692932129
354,0,Vocal,22.49565887451172,-22.495641708374023,0.014297880232334137,0.014297879301011562,0.01505708135664463,98.5702133178711,98.5702133178711,98.49429321289062,0.005597569048404694,0.559756875038147,43.661643981933594,-43.6556396484375,0.012985887937247753,0.012821019627153873,0.013137565925717354,98.70140838623047,98.7178955078125,98.68624114990234,4.3079970055259764e-05,0.0043079969473183155,0.6479131579399109
354,1,Bass,10.882867813110352,-10.882864952087402,0.1310618370771408,0.13106073439121246,0.14483673870563507,86.89381408691406,86.89392852783203,85.51632690429688,0.07544753700494766,7.544753551483154,45.21415710449219,-45.201778411865234,0.0008624564507044852,0.0008620042353868484,0.0014408172573894262,99.91374969482422,99.91380310058594,99.85591888427734,3.013749301317148e-05,0.003013749374076724,6.5789055824279785
354,2,Drums,27.02787208557129,-27.027881622314453,0.004979130811989307,0.0049791294150054455,0.005484871566295624,99.50209045410156,99.50209045410156,99.4515151977539,0.0019786010961979628,0.19786010682582855,35.82240676879883,-35.822837829589844,0.02170397900044918,0.021248232573270798,0.02225673198699951,97.82960510253906,97.87517547607422,97.77433013916016,0.000261581561062485,0.026158155873417854,-13.748533248901367
355,0,Vocal,20.284385681152344,-20.28435516357422,0.024872375652194023,0.024872364476323128,0.02524537406861782,97.51276397705078,97.51276397705078,97.4754638671875,0.009279259480535984,0.9279259443283081,39.525978088378906,-39.52479934692383,0.01965625025331974,0.019279714673757553,0.019642053171992302,98.03437805175781,98.07202911376953,98.03579711914062,0.00011156906839460135,0.011156907305121422,-1.2618917226791382
355,1,Bass,24.067533493041992,-24.06755828857422,0.0706794410943985,0.07067934423685074,0.07499924302101135,92.93206024169922,92.93206024169922,92.50007629394531,0.003904322860762477,0.39043229818344116,48.30261993408203,-48.29777145385742,0.0008508733008056879,0.0008505512960255146,0.0007162526017054915,99.9149169921875,99.91494750976562,99.92837524414062,1.4796484720136505e-05,0.001479648519307375,-3.4522042274475098
355,2,Drums,29.136672973632812,-29.13661766052246,0.011258759535849094,0.01125875674188137,0.011255872435867786,98.8741226196289,98.8741226196289,98.8744125366211,0.001218438264913857,0.12184382975101471,33.316444396972656,-33.31652069091797,0.04587776958942413,0.04387369379401207,0.04382557049393654,95.41222381591797,95.61263275146484,95.61744689941406,0.00046572150313295424,0.04657214879989624,-18.390560150146484
356,0,Vocal,17.749046325683594,-17.74905014038086,0.020576030015945435,0.02057601511478424,0.02286653406918049,97.94239807128906,97.94239807128906,97.71334838867188,0.016514405608177185,1.6514406204223633,47.361610412597656,-47.350318908691406,0.02499762922525406,0.02440655790269375,0.024997131898999214,97.50023651123047,97.55934143066406,97.50028991699219,1.8363936760579236e-05,0.0018363937269896269,9.121233940124512
356,1,Bass,13.434515953063965,-13.434514999389648,0.031171496957540512,0.031171487644314766,0.040603410452604294,96.88285064697266,96.88285064697266,95.93965911865234,0.043379850685596466,4.337985038757324,45.171363830566406,-45.17232894897461,0.00045370840234681964,0.00045356759801506996,0.0010659167310222983,99.95462799072266,99.95464324951172,99.8934097290039,3.040310912183486e-05,0.003040310926735401,4.1199164390563965
356,2,Drums,32.95132064819336,-32.95124435424805,0.001378874876536429,0.001378874760121107,0.0024850645568221807,99.86211395263672,99.86211395263672,99.75149536132812,0.000506567070260644,0.05065670609474182,38.578636169433594,-38.57809066772461,0.010592623613774776,0.01048087328672409,0.011454274877905846,98.94073486328125,98.95191192626953,98.85456848144531,0.00013867561938241124,0.01386756170541048,-16.933635711669922
357,0,Vocal,18.069753646850586,-18.069747924804688,0.05229762941598892,0.052297573536634445,0.054713670164346695,94.77023315429688,94.7702407836914,94.52863311767578,0.015356901101768017,1.5356900691986084,39.57265853881836,-39.57236099243164,0.036393072456121445,0.035244084894657135,0.03598613664507866,96.3606948852539,96.4755859375,96.4013900756836,0.00011031366011593491,0.01103136595338583,1.0823436975479126
357,1,Bass,16.556047439575195,-16.5560359954834,0.11356514692306519,0.11356504261493683,0.11280661076307297,88.64348602294922,88.64349365234375,88.7193374633789,0.021622344851493835,2.1622345447540283,45.318603515625,-45.31789779663086,0.0007265050080604851,0.0007262486033141613,0.00026405646349303424,99.9273452758789,99.92737579345703,99.97359466552734,2.9415461540338583e-05,0.0029415462631732225,1.0774446725845337
357,2,Drums,37.43055725097656,-37.4303092956543,0.0025077403988689184,0.0025077383033931255,0.0032749520614743233,99.74922180175781,99.74922180175781,99.67250061035156,0.0001806495274649933,0.0180649533867836,48.92276382446289,-48.91008758544922,0.01190970279276371,0.011770542711019516,0.012065412476658821,98.80902862548828,98.82294464111328,98.79345703125,1.2844597222283483e-05,0.0012844597222283483,-11.067891120910645
358,0,Vocal,21.432788848876953,-21.432758331298828,0.017503848299384117,0.01750384084880352,0.017622629180550575,98.2496109008789,98.2496109008789,98.23773193359375,0.007138588931411505,0.7138589024543762,34.219871520996094,-34.219505310058594,0.021768853068351746,0.02130148559808731,0.022045902907848358,97.82311248779297,97.8698501586914,97.79541015625,0.0003783342253882438,0.03783342242240906,-7.726731777191162
358,1,Bass,12.82535171508789,-12.825345039367676,0.21046869456768036,0.21046867966651917,0.20351655781269073,78.95313262939453,78.95313262939453,79.64834594726562,0.049588073045015335,4.958807468414307,37.15433883666992,-37.1538200378418,0.002226628828793764,0.0022236467339098454,0.0016205450519919395,99.77733612060547,99.77763366699219,99.83794403076172,0.0001925440301420167,0.019254403188824654,-3.293111562728882
358,2,Drums,23.890514373779297,-23.890525817871094,0.00029841772629879415,0.0002984151942655444,0.0014634483959525824,99.97015380859375,99.97015380859375,99.85365295410156,0.004066090099513531,0.4066089987754822,35.32892608642578,-35.328311920166016,0.022355908527970314,0.021886693313717842,0.02112480252981186,97.76441192626953,97.81133270263672,97.88751983642578,0.0002930889022536576,0.02930889092385769,-11.121574401855469
359,0,Vocal,17.219621658325195,-17.219650268554688,0.0017252032412216067,0.0017252027755603194,0.0020096045918762684,99.82748413085938,99.82748413085938,99.79903411865234,0.018615543842315674,1.8615543842315674,38.625553131103516,-38.62409591674805,0.024651378393173218,0.024052955210208893,0.02474312111735344,97.53485870361328,97.5947036743164,97.52568817138672,0.00013722013682127,0.013722013682126999,0.888266384601593
359,1,Bass,29.962928771972656,-29.96291160583496,0.0014303126372396946,0.0014303027419373393,0.0026513359043747187,99.85696411132812,99.85697174072266,99.73486328125,0.001007606158964336,0.10076061636209488,50.37195587158203,-50.37673568725586,0.00040432080277241766,0.00040413314127363265,0.0006783882854506373,99.9595718383789,99.95958709716797,99.93216705322266,9.185549060930498e-06,0.0009185548988170922,-7.268249988555908
359,2,Drums,-3.5137887001037598,3.5137887001037598,0.11972693353891373,0.11972611397504807,0.1451033502817154,88.02730560302734,88.02738952636719,85.48966979980469,0.691913366317749,69.19133758544922,11.098331451416016,-11.098332405090332,7.065365791320801,0.879262387752533,0.8725080490112305,-606.5365600585938,12.073760986328125,12.749195098876953,0.07205887138843536,7.205887317657471,-7.825470447540283
360,0,Vocal,25.97046661376953,-25.97049331665039,0.006071136798709631,0.006071136798709631,0.008580809459090233,99.39288330078125,99.39288330078125,99.14192199707031,0.0025226243305951357,0.2522624433040619,29.949832916259766,-29.95041847229004,0.09327620267868042,0.08542860299348831,0.08778731524944305,90.67237854003906,91.45713806152344,91.22126770019531,0.0010105337714776397,0.1010533794760704,-16.532238006591797
360,1,Bass,15.670402526855469,-15.67039680480957,0.05845832824707031,0.058458030223846436,0.06564418971538544,94.15416717529297,94.1541976928711,93.43557739257812,0.026384441182017326,2.638444185256958,44.50918197631836,-44.50981140136719,0.005278878845274448,0.005258216056972742,0.0059612891636788845,99.47211456298828,99.47418212890625,99.40386962890625,3.5416298487689346e-05,0.0035416297614574432,1.1323407888412476
360,2,Drums,24.29568862915039,-24.295631408691406,0.0005049601895734668,0.0005049601895734668,0.0015341900289058685,99.94950103759766,99.94950103759766,99.8465805053711,0.0037052875850349665,0.3705287575721741,46.2811279296875,-46.27897262573242,0.028934964910149574,0.02814050018787384,0.02857096493244171,97.10650634765625,97.18595123291016,97.14290618896484,2.358208985242527e-05,0.0023582088761031628,-0.5700824856758118
361,0,Vocal,33.548858642578125,-33.549007415771484,0.023348750546574593,0.023348744958639145,0.02741226740181446,97.66512298583984,97.66512298583984,97.25877380371094,0.0004414601135067642,0.044146012514829636,34.910614013671875,-34.910343170166016,0.13641557097434998,0.1204531118273735,0.12428194284439087,86.35843658447266,87.9546890258789,87.57180786132812,0.000322690699249506,0.03226906806230545,-19.123231887817383
361,1,Bass,16.130050659179688,-16.130041122436523,0.03743944689631462,0.037439215928316116,0.028111876919865608,96.25605010986328,96.2560806274414,97.18881225585938,0.023797694593667984,2.3797695636749268,42.24260330200195,-42.244606018066406,0.003798307850956917,0.0037903657648712397,0.005619586445391178,99.62017059326172,99.62096405029297,99.43804168701172,5.964159936411306e-05,0.005964159965515137,-1.519273042678833
361,2,Drums,34.844520568847656,-34.84476089477539,0.00252726161852479,0.0025272562634199858,0.0007830534013919532,99.74727630615234,99.74727630615234,99.92169952392578,0.00032763733179308474,0.032763734459877014,46.61229705810547,-46.60563659667969,0.02196800895035267,0.021502500399947166,0.02136543020606041,97.8031997680664,97.84974670410156,97.86345672607422,2.1830144760315306e-05,0.002183014526963234,-10.789767265319824
362,0,Vocal,26.36141014099121,-26.361379623413086,0.0075136590749025345,0.0075136576779186726,0.015241147950291634,99.2486343383789,99.2486343383789,98.47588348388672,0.0023060219828039408,0.2306022047996521,25.138080596923828,-25.13806915283203,0.24327097833156586,0.19567669928073883,0.2015429586172104,75.67289733886719,80.43233489990234,79.845703125,0.003053966211155057,0.3053966164588928,-21.73250389099121
362,1,Bass,25.986955642700195,-25.986957550048828,0.001389598473906517,0.0013895940501242876,0.002256441628560424,99.86103820800781,99.86103820800781,99.77435302734375,0.0025131397414952517,0.2513139843940735,50.37195587158203,-50.381465911865234,0.0011567211477085948,0.001155627891421318,0.0013634933857247233,99.88432312011719,99.88443756103516,99.8636474609375,9.16021326702321e-06,0.0009160213521681726,-3.3000190258026123
362,2,Drums,33.27824401855469,-33.278011322021484,0.015689682215452194,0.015689676627516747,0.01940765045583248,98.4310302734375,98.4310302734375,98.05923461914062,0.0004699030832853168,0.04699030891060829,25.736534118652344,-25.73655891418457,0.2523479759693146,0.20143525302410126,0.20449063181877136,74.76520538330078,79.85647583007812,79.55093383789062,0.0026619082782417536,0.2661908268928528,-30.036466598510742
363,0,Vocal,16.81624984741211,-16.816232681274414,0.010844288393855095,0.010844227857887745,0.015963571146130562,98.91557312011719,98.91557312011719,98.40364074707031,0.020390501245856285,2.0390501022338867,36.5186767578125,-36.518333435058594,0.19490936398506165,0.16331647336483002,0.1672859936952591,80.50906372070312,83.66835021972656,83.27140045166016,0.00022285469458438456,0.022285468876361847,-0.8022893071174622
363,1,Bass,16.33171844482422,-16.331737518310547,0.02261495217680931,0.022614769637584686,0.023576177656650543,97.7385025024414,97.738525390625,97.64237976074219,0.02274240367114544,2.274240255355835,43.38209533691406,-43.379398345947266,0.002307331655174494,0.0023036636412143707,0.002842279616743326,99.7692642211914,99.7696304321289,99.71576690673828,4.589417949318886e-05,0.004589417949318886,-0.5806694030761719
363,2,Drums,34.04018783569336,-34.03977584838867,0.000505521718878299,0.0005055212532170117,0.00032345473300665617,99.94944763183594,99.94944763183594,99.9676513671875,0.00039429788012057543,0.039429787546396255,43.42176055908203,-43.417606353759766,0.0188340712338686,0.01850203424692154,0.018835877999663353,98.11659240722656,98.14979553222656,98.11640930175781,4.549741424852982e-05,0.00454974127933383,-13.166223526000977
364,0,Vocal,18.787744522094727,-18.787729263305664,0.02022356539964676,0.020223531872034073,0.025441590696573257,97.97764587402344,97.97764587402344,97.45584106445312,0.013047322630882263,1.304732322692871,35.8771858215332,-35.876914978027344,0.16243362426757812,0.1394992172718048,0.1429632008075714,83.75663757324219,86.05007934570312,85.70368194580078,0.0002583586028777063,0.025835860520601273,-3.4396159648895264
364,1,Bass,16.720754623413086,-16.720748901367188,0.06478934735059738,0.0647893100976944,0.08557967096567154,93.52106475830078,93.52107238769531,91.44203186035156,0.020834438502788544,2.0834438800811768,29.941890716552734,-29.94183349609375,0.004073517397046089,0.004063337575644255,0.004790077917277813,99.5926513671875,99.59366607666016,99.52099609375,0.0010124885011464357,0.1012488529086113,-14.496825218200684
364,2,Drums,37.20710372924805,-37.207088470458984,0.00018383115821052343,0.00018383070710115135,0.0006858272827230394,99.98162078857422,99.98162078857422,99.9314193725586,0.00019021173648070544,0.01902117393910885,39.19961929321289,-39.19868087768555,0.010342631489038467,0.010242016986012459,0.00999219436198473,98.96573638916016,98.97579193115234,99.00077819824219,0.000120209289889317,0.012020928785204887,-20.56018829345703
365,0,Vocal,18.066604614257812,-18.06660270690918,0.022514862939715385,0.022514861077070236,0.040072470903396606,97.7485122680664,97.7485122680664,95.99275207519531,0.01536788884550333,1.5367889404296875,31.3062686920166,-31.3062686920166,0.5044638514518738,0.3358469605445862,0.3482842445373535,49.55361557006836,66.4153060913086,65.17157745361328,0.0007396846194751561,0.07396846264600754,-7.244279384613037
365,1,Bass,21.74757194519043,-21.747560501098633,0.005323096178472042,0.005323092453181744,0.006897583603858948,99.46768951416016,99.46768951416016,99.31024169921875,0.006642816588282585,0.6642816662788391,48.445030212402344,-48.442413330078125,0.002149193547666073,0.0021450703497976065,0.00292886421084404,99.78507995605469,99.78549194335938,99.70711517333984,1.4333367289509624e-05,0.0014333367580547929,-1.0258909463882446
365,2,Drums,29.114395141601562,-29.11435317993164,0.0015127771766856313,0.0015127771766856313,0.0023179256822913885,99.84872436523438,99.84872436523438,99.7682113647461,0.001224688021466136,0.12246879935264587,35.57801055908203,-35.57784652709961,0.07992789149284363,0.0740935280919075,0.07641307264566422,92.00720977783203,92.59064483642578,92.35868835449219,0.00027676610625348985,0.02767661027610302,-16.06464385986328
366,0,Vocal,24.292604446411133,-24.292573928833008,0.0002967474574688822,0.00029674742836505175,0.0035236573312431574,99.97032165527344,99.97032165527344,99.64763641357422,0.0037078855093568563,0.3707885444164276,41.36552429199219,-41.361305236816406,0.09753687679767609,0.08902576565742493,0.09202206134796143,90.2463150024414,91.09742736816406,90.79779052734375,7.301960431504995e-05,0.007301960606127977,-3.432284355163574
366,1,Bass,22.888484954833984,-22.888490676879883,0.0008305878727696836,0.0008305868832394481,0.0007721192669123411,99.91693878173828,99.91693878173828,99.92279052734375,0.0051159183494746685,0.5115918517112732,44.516502380371094,-44.52894592285156,0.0026517503429204226,0.00264546275138855,0.003209157148376107,99.73482513427734,99.7354507446289,99.67908477783203,3.527490480337292e-05,0.003527490422129631,-6.047982215881348
366,2,Drums,-7.049983978271484,7.049983024597168,0.10510818660259247,0.10510814934968948,0.11528263986110687,89.48918151855469,89.48918914794922,88.47173309326172,0.8352522850036621,83.52523040771484,12.218060493469238,-12.218060493469238,33.91097640991211,0.9687004089355469,0.9726257920265198,-3291.09765625,3.1299591064453125,2.7374207973480225,0.056609079241752625,5.660907745361328,-3.4288156032562256
367,0,Vocal,28.79224395751953,-28.792320251464844,0.006527346093207598,0.006527344696223736,0.009563034400343895,99.3472671508789,99.3472671508789,99.04369354248047,0.001318848691880703,0.1318848729133606,37.58518600463867,-37.587425231933594,0.10405534505844116,0.094391368329525,0.09722071886062622,89.59446716308594,90.56086730957031,90.2779312133789,0.0001743313332553953,0.017433132976293564,-11.714177131652832
367,1,Bass,18.322952270507812,-18.32294273376465,0.017677847295999527,0.017677847295999527,0.018702233210206032,98.23221588134766,98.23221588134766,98.12977600097656,0.014499819837510586,1.449981927871704,44.09125518798828,-44.09220886230469,0.002367225708439946,0.0023626605980098248,0.0031001197639852762,99.7632827758789,99.76373291015625,99.68998718261719,3.89812994399108e-05,0.0038981300313025713,-1.9352895021438599
367,2,Drums,39.8587646484375,-39.85798645019531,0.001541997422464192,0.0015419943956658244,0.001982780871912837,99.8458023071289,99.8458023071289,99.80171966552734,0.00010328516509616747,0.010328516364097595,45.619503021240234,-45.62064743041992,0.01820460893213749,0.017891639843583107,0.018221057951450348,98.17953491210938,98.2108383178711,98.17789459228516,2.7447067623143084e-05,0.0027447068132460117,-16.797550201416016
368,0,Vocal,12.57917308807373,-12.579181671142578,0.09501723945140839,0.09501692652702332,0.0957665666937828,90.49827575683594,90.49830627441406,90.42334747314453,0.05232873186469078,5.23287296295166,38.12024688720703,-38.11936950683594,0.056342579424381256,0.053319402039051056,0.05440995842218399,94.36573791503906,94.66806030273438,94.55900573730469,0.00015415134839713573,0.015415134839713573,5.075714111328125
368,1,Bass,12.286252975463867,-12.28625202178955,0.20195727050304413,0.2019565999507904,0.1980402171611786,79.80426788330078,79.80433654785156,80.19597625732422,0.05577632784843445,5.577632904052734,48.882545471191406,-48.87721633911133,0.0011217616265639663,0.0011214390397071838,0.001698626670986414,99.88782501220703,99.88785552978516,99.83013916015625,1.2909857105114497e-05,0.0012909857323393226,8.964557647705078
368,2,Drums,45.248695373535156,-45.251792907714844,0.0009561461629346013,0.0009561461629346013,0.0010727423941716552,99.90438842773438,99.90438842773438,99.8927230834961,2.9836040994268842e-05,0.0029836040921509266,38.89206314086914,-38.89142608642578,0.015859374776482582,0.015612338669598103,0.016137845814228058,98.4140625,98.43876647949219,98.38621520996094,0.00012905574112664908,0.012905574403703213,-28.915142059326172
369,0,Vocal,17.248062133789062,-17.248062133789062,0.07448163628578186,0.07448156923055649,0.07555816322565079,92.55184173583984,92.55184173583984,92.44418334960938,0.018496347591280937,1.8496347665786743,31.89209747314453,-31.892234802246094,0.023412996903061867,0.022875402122735977,0.02300393022596836,97.65869903564453,97.71245574951172,97.6996078491211,0.0006463924655690789,0.06463924795389175,-5.87525749206543
369,1,Bass,3.1096222400665283,-3.109621524810791,0.33219659328460693,0.332195907831192,0.3316597640514374,66.78034210205078,66.78041076660156,66.83402252197266,0.32827070355415344,32.82707214355469,39.288822174072266,-39.28779983520508,0.0020700092427432537,0.002068510977551341,0.002237816108390689,99.79299926757812,99.79315185546875,99.7762222290039,0.00011781452485593036,0.011781452223658562,8.482163429260254
369,2,Drums,38.79288864135742,-38.79076385498047,0.0012368493480607867,0.0012368493480607867,0.001282346434891224,99.87631225585938,99.87631225585938,99.87176513671875,0.00013205394498072565,0.013205394148826599,38.007503509521484,-38.00761795043945,0.007345466408878565,0.007291123736649752,0.007218911312520504,99.26545715332031,99.27088928222656,99.27810668945312,0.00015818134124856442,0.01581813395023346,-23.343896865844727
370,0,Vocal,11.525083541870117,-11.52508544921875,0.20618773996829987,0.2061874121427536,0.205756276845932,79.3812255859375,79.38125610351562,79.42436981201172,0.0657583624124527,6.575836181640625,31.67024803161621,-31.67035675048828,0.04901498183608055,0.046761393547058105,0.047738026827573776,95.09850311279297,95.32386016845703,95.2261962890625,0.0006802243879064918,0.06802243739366531,-0.34283700585365295
370,1,Bass,3.82460355758667,-3.824603319168091,0.2742900848388672,0.2742897570133209,0.27638348937034607,72.57099151611328,72.57102966308594,72.36164855957031,0.2930436134338379,29.30436134338379,37.29650115966797,-37.29668045043945,0.0019438313320279121,0.001943037030287087,0.0017052465118467808,99.80561828613281,99.80569458007812,99.82947540283203,0.00018633733270689845,0.018633732572197914,5.7995829582214355
370,2,Drums,36.67359924316406,-36.673797607421875,0.0005148764466866851,0.0005148640484549105,0.0010906524257734418,99.94851684570312,99.94851684570312,99.89093780517578,0.00021507056953851134,0.021507056429982185,42.782447814941406,-42.78021240234375,0.005467078648507595,0.005433730315417051,0.005218970589339733,99.45329284667969,99.45662689208984,99.47810363769531,5.267818414722569e-05,0.005267818458378315,-16.455860137939453
371,0,Vocal,11.892367362976074,-11.89236831665039,0.23452700674533844,0.23452700674533844,0.23636691272258759,76.54730224609375,76.54730224609375,76.3633041381836,0.06074977293610573,6.074977397918701,35.77711486816406,-35.77683639526367,0.0880318358540535,0.08096776157617569,0.08274912089109421,91.19681549072266,91.9032211303711,91.72509002685547,0.00026431132573634386,0.0264311321079731,3.3925185203552246
371,1,Bass,6.420207977294922,-6.420207500457764,0.12161096930503845,0.12160748243331909,0.10754815489053726,87.83889770507812,87.83924865722656,89.24518585205078,0.18568317592144012,18.568317413330078,33.88471603393555,-33.88353729248047,0.0012482906458899379,0.0012479311553761363,0.0,99.87516784667969,99.87520599365234,100.0,0.00040869254735298455,0.04086925461888313,-0.1652098149061203
371,2,Drums,36.54547882080078,-36.544403076171875,0.0003864130121655762,0.0003864079772029072,0.002183516975492239,99.96135711669922,99.96135711669922,99.78164672851562,0.00022149413416627795,0.02214941382408142,41.35136413574219,-41.35047912597656,0.014047639444470406,0.013864666223526001,0.012727763503789902,98.5952377319336,98.61353302001953,98.72722625732422,7.323538011405617e-05,0.007323537953197956,-17.75008773803711
372,0,Vocal,12.013315200805664,-12.013321876525879,0.24774101376533508,0.2477407157421112,0.24592995643615723,75.22589874267578,75.22592163085938,75.4070053100586,0.05917995423078537,5.917995452880859,38.45534133911133,-38.455078125,0.07992573827505112,0.07405609637498856,0.07620202004909515,92.00743103027344,92.59439086914062,92.37979888916016,0.00014270086830947548,0.014270086772739887,5.996290683746338
372,1,Bass,7.179333686828613,-7.1793341636657715,0.2373601347208023,0.23735842108726501,0.23080384731292725,76.26398468017578,76.26415252685547,76.91961669921875,0.160690039396286,16.06900405883789,42.097530364990234,-42.104888916015625,0.0009889344219118357,0.0009886228945106268,0.001084614428691566,99.90110778808594,99.90113830566406,99.89154052734375,6.163780926726758e-05,0.00616378104314208,7.219477653503418
372,2,Drums,40.474334716796875,-40.47486114501953,0.0006596844177693129,0.0006596833118237555,0.0006080975872464478,99.93402862548828,99.93402862548828,99.93919372558594,8.965955930761993e-05,0.008965956047177315,40.62118148803711,-40.62247848510742,0.00758471991866827,0.00752929737791419,0.007834007032215595,99.24153137207031,99.2470703125,99.21659851074219,8.66426998982206e-05,0.008664269931614399,-22.410911560058594
373,0,Vocal,16.137535095214844,-16.137527465820312,0.07193267345428467,0.07193266600370407,0.07235667109489441,92.80673217773438,92.80673217773438,92.76432800292969,0.0237576961517334,2.37576961517334,38.6425666809082,-38.64263153076172,0.037950024008750916,0.03655383735895157,0.03733030706644058,96.20499420166016,96.34461212158203,96.2669677734375,0.00013669005420524627,0.01366900559514761,1.9860199689865112
373,1,Bass,7.61948823928833,-7.61948823928833,0.2695285677909851,0.26952847838401794,0.2675311267375946,73.0471420288086,73.04714965820312,73.24688720703125,0.14748656749725342,14.7486572265625,46.51838684082031,-46.514591217041016,0.0013694872613996267,0.0013686115853488445,0.0016544064274057746,99.86305236816406,99.86314392089844,99.83456420898438,2.2291655113804154e-05,0.002229165518656373,11.233009338378906
373,2,Drums,26.492877960205078,-26.492877960205078,0.0001755233242874965,0.00017552329518366605,0.0005804504617117345,99.9824447631836,99.9824447631836,99.94195556640625,0.002237392822280526,0.22373928129673004,38.17943572998047,-38.18025588989258,0.015701113268733025,0.015457039698958397,0.01534717995673418,98.42988586425781,98.45429992675781,98.46527862548828,0.00015204009832814336,0.015204009599983692,-10.874106407165527
374,0,Vocal,13.7403564453125,-13.74035358428955,0.13356907665729523,0.13356906175613403,0.13261842727661133,86.64309692382812,86.64309692382812,86.7381591796875,0.04054967686533928,4.054967880249023,42.13123321533203,-42.131160736083984,0.038528479635715485,0.03709701821208,0.03793251886963844,96.14714813232422,96.29029846191406,96.20674896240234,6.122428749222308e-05,0.006122428923845291,7.896817207336426
374,1,Bass,9.517899513244629,-9.517899513244629,0.24806393682956696,0.24806387722492218,0.25191810727119446,75.19361114501953,75.19361114501953,74.80818939208984,0.1005093976855278,10.050939559936523,46.9068489074707,-46.90117645263672,0.0008254874846898019,0.0008252941770479083,0.0008918720413930714,99.91744995117188,99.91747283935547,99.91081237792969,2.0401232177391648e-05,0.002040123101323843,9.657998085021973
374,2,Drums,30.08498191833496,-30.085033416748047,0.00018091226229444146,0.00018091224774252623,0.0005706780357286334,99.9819107055664,99.9819107055664,99.94293212890625,0.0009796592639759183,0.09796592593193054,49.50557327270508,-49.48575973510742,0.0082174027338624,0.008151219226419926,0.00805444736033678,99.17826080322266,99.18487548828125,99.1945571899414,1.1218934560019989e-05,0.0011218934087082744,-3.141345262527466
375,0,Vocal,15.751766204833984,-15.75177001953125,0.09891247749328613,0.09891042113304138,0.10117097198963165,90.10874938964844,90.10895538330078,89.88290405273438,0.025907378643751144,2.590737819671631,39.38438034057617,-39.384735107421875,0.04430220648646355,0.04247816279530525,0.04347185418009758,95.56977844238281,95.75218200683594,95.6528091430664,0.00011524435103638098,0.011524435132741928,3.145719528198242
375,1,Bass,7.6047258377075195,-7.604725360870361,0.15143969655036926,0.15143781900405884,0.1387374997138977,84.85603332519531,84.85621643066406,86.12625122070312,0.14791445434093475,14.7914457321167,46.14049530029297,-46.16217041015625,0.0007550792070105672,0.0007548483554273844,0.0008970902417786419,99.92449188232422,99.92451477050781,99.91028594970703,2.4236667741206475e-05,0.0024236668832600117,10.947444915771484
375,2,Drums,26.682348251342773,-26.68228530883789,0.00024126812058966607,0.00024126753851305693,0.0019869909156113863,99.97587585449219,99.97587585449219,99.80130004882812,0.002142051700502634,0.21420517563819885,37.48680877685547,-37.48731231689453,0.014824489131569862,0.014602760784327984,0.01511791069060564,98.51754760742188,98.53971862792969,98.48821258544922,0.00017832632875069976,0.01783263310790062,-11.75467586517334
376,0,Vocal,6.079724311828613,-6.079724311828613,0.020076900720596313,0.020076576620340347,0.020792217925190926,97.9923095703125,97.99234008789062,97.9207763671875,0.19783072173595428,19.783071517944336,38.882041931152344,-38.88142013549805,0.07193978130817413,0.06718546897172928,0.06853792816400528,92.80602264404297,93.28145599365234,93.14620208740234,0.00012933874677401036,0.012933874502778053,12.291609764099121
376,1,Bass,16.11537742614746,-16.11537742614746,0.016276918351650238,0.016276907175779343,0.059379372745752335,98.37230682373047,98.37230682373047,94.06205749511719,0.023876341059803963,2.387634038925171,43.89011764526367,-43.88698196411133,0.0009528716327622533,0.0009522211039438844,0.0006658199126832187,99.90470886230469,99.90477752685547,99.93341827392578,4.086086846655235e-05,0.004086086992174387,0.14195787906646729
376,2,Drums,18.768287658691406,-18.768281936645508,0.007139722816646099,0.007139713503420353,0.012235384434461594,99.28602600097656,99.28602600097656,98.77645874023438,0.01310514286160469,1.3105143308639526,32.89392852783203,-32.89404296875,0.026242202147841454,0.02558043785393238,0.02598291076719761,97.37577819824219,97.44195556640625,97.4017105102539,0.000513298436999321,0.0513298436999321,-8.432194709777832
377,0,Vocal,5.20789098739624,-5.20789098739624,0.00765917357057333,0.0076589686796069145,0.0086583336815238,99.23407745361328,99.23410034179688,99.13416290283203,0.2316245138645172,23.162450790405273,34.55855941772461,-34.55804443359375,0.03571450710296631,0.03451771289110184,0.03561270609498024,96.42855072021484,96.54823303222656,96.43872833251953,0.0003499671001918614,0.03499671071767807,8.854511260986328
377,1,Bass,19.8714656829834,-19.871471405029297,0.012527387589216232,0.012527113780379295,0.01939283311367035,98.74726104736328,98.7472915649414,98.06071472167969,0.010195383802056313,1.019538402557373,40.80421447753906,-40.80940628051758,0.0007161844987422228,0.0007159768720157444,0.0010272279614582658,99.92837524414062,99.92840576171875,99.89727783203125,8.301585330627859e-05,0.008301584981381893,-6.743957042694092
377,2,Drums,15.020572662353516,-15.020565032958984,0.005064402706921101,0.005064358934760094,0.008279062807559967,99.49356079101562,99.49356079101562,99.17208862304688,0.030513007193803787,3.0513007640838623,35.98783874511719,-35.987728118896484,0.02181236445903778,0.021367359906435013,0.02086874656379223,97.81876373291016,97.86326599121094,97.91313171386719,0.00025184688274748623,0.025184689089655876,-1.5889590978622437
378,0,Vocal,34.28330612182617,-34.2833137512207,0.004860875196754932,0.004860874265432358,0.005536901764571667,99.513916015625,99.513916015625,99.4463119506836,0.000372818554751575,0.03728185594081879,35.29460525512695,-35.29436492919922,0.016207842156291008,0.015971435233950615,0.0164621751755476,98.37921905517578,98.4028549194336,98.3537826538086,0.0002953766961582005,0.02953767031431198,-19.467666625976562
378,1,Bass,1.649947166442871,-1.6499476432800293,0.7390375733375549,0.7388471961021423,0.7369310259819031,26.096242904663086,26.115280151367188,26.30689811706543,0.4061475098133087,40.614749908447266,24.06899642944336,-24.06890869140625,0.05911137908697128,0.05551273375749588,0.10886207967996597,94.0888671875,94.44873046875,89.1137924194336,0.0039030667394399643,0.390306681394577,-5.520084857940674
378,2,Drums,33.5138053894043,-33.51386642456055,0.007100341375917196,0.007100339978933334,0.007606534752994776,99.28996276855469,99.28996276855469,99.23934936523438,0.0004450893902685493,0.04450893774628639,32.896453857421875,-32.89665222167969,0.027317501604557037,0.02660890854895115,0.02822435088455677,97.26824951171875,97.339111328125,97.17756652832031,0.0005130009958520532,0.05130010098218918,-23.150318145751953
379,0,Vocal,14.133919715881348,-14.133906364440918,0.021654313430190086,0.02165427803993225,0.024057187139987946,97.8345718383789,97.8345718383789,97.59427642822266,0.03716716542840004,3.7167165279388428,36.94945526123047,-36.94929504394531,0.023541254922747612,0.023000072687864304,0.023800212889909744,97.6458740234375,97.69999694824219,97.61997985839844,0.00020182007574476302,0.020182007923722267,2.302725315093994
379,1,Bass,20.64950180053711,-20.64948844909668,0.06667522341012955,0.06666819751262665,0.06829575449228287,93.33247375488281,93.33317565917969,93.17042541503906,0.008537371642887592,0.8537371754646301,46.42646789550781,-46.4237060546875,0.0019854214042425156,0.0019842616748064756,0.0034203703980892897,99.80146026611328,99.80157470703125,99.65796661376953,2.2762476874049753e-05,0.002276247600093484,-1.9203912019729614
379,2,Drums,31.682832717895508,-31.68292999267578,0.014705450274050236,0.014705435372889042,0.014330246485769749,98.52944946289062,98.52945709228516,98.56697082519531,0.0006783186690881848,0.0678318664431572,35.89023971557617,-35.89012145996094,0.02550051547586918,0.024893196299672127,0.02510056272149086,97.44994354248047,97.51068115234375,97.48994445800781,0.00025755056412890553,0.025755057111382484,-18.329261779785156
380,0,Vocal,17.35955047607422,-17.359542846679688,0.04705264791846275,0.04705255478620529,0.04983950033783913,95.29473876953125,95.29474639892578,95.01605224609375,0.0180360134691,1.8036013841629028,38.87404251098633,-38.87357711791992,0.015366587787866592,0.01513749361038208,0.01557242777198553,98.46334075927734,98.48625183105469,98.44275665283203,0.0001295839756494388,0.012958397157490253,1.0216840505599976
380,1,Bass,22.784648895263672,-22.7846622467041,0.023068921640515327,0.023068590089678764,0.02465115860104561,97.69310760498047,97.6931381225586,97.53488159179688,0.00523909367620945,0.5239093899726868,44.62026596069336,-44.61978530883789,0.0011460176901891828,0.0011453161714598536,0.0,99.8853988647461,99.88546752929688,100.0,3.453024692134932e-05,0.0034530246630311012,-5.461867332458496
380,2,Drums,16.437925338745117,-16.43792724609375,0.00113982695620507,0.001139820204116404,0.006666839122772217,99.88601684570312,99.88601684570312,99.33331298828125,0.022205231711268425,2.2205231189727783,32.828330993652344,-32.82843780517578,0.02621615305542946,0.02556854858994484,0.02525359019637108,97.37838745117188,97.44314575195312,97.47463989257812,0.0005211275420151651,0.05211275443434715,-6.149324893951416
381,0,Vocal,12.146493911743164,-12.146501541137695,0.006206806283444166,0.006206806283444166,0.006367454770952463,99.37931823730469,99.37931823730469,99.3632583618164,0.05749547481536865,5.749547481536865,43.38209533691406,-43.37904357910156,0.023925963789224625,0.02338818833231926,0.02423005923628807,97.60740661621094,97.66117858886719,97.57699584960938,4.5890807086834684e-05,0.004589080810546875,10.727396011352539
381,1,Bass,16.009239196777344,-16.00923728942871,0.02022307924926281,0.020223068073391914,0.01831529662013054,97.97769165039062,97.97769165039062,98.16847229003906,0.024452554062008858,2.4452555179595947,40.44268035888672,-40.44053649902344,0.001384963747113943,0.0013838211307302117,0.0018198281759396195,99.86150360107422,99.86161804199219,99.8180160522461,9.030424553202465e-05,0.009030424989759922,-3.236093044281006
381,2,Drums,17.34650421142578,-17.346494674682617,0.004636676050722599,0.0046366555616259575,0.0042997729033231735,99.53633117675781,99.53633880615234,99.57002258300781,0.018089311197400093,1.8089311122894287,40.4512939453125,-40.45148468017578,0.025278788059949875,0.02468593418598175,0.025008661672472954,97.47212219238281,97.53141021728516,97.49913024902344,9.010097710415721e-05,0.009010097943246365,0.5693486332893372
382,0,Vocal,17.735170364379883,-17.735164642333984,0.06519529223442078,0.06519529223442078,0.06720156967639923,93.48046875,93.48046875,93.27984619140625,0.01656639575958252,1.656639575958252,42.22528076171875,-42.2252082824707,0.03727896511554718,0.03602723032236099,0.03714139014482498,96.27210235595703,96.39727783203125,96.28585815429688,5.9912017604801804e-05,0.005991201847791672,4.001420974731445
382,1,Bass,28.28190040588379,-28.281803131103516,0.09132746607065201,0.09132746607065201,0.09822440892457962,90.86724853515625,90.86724853515625,90.17755889892578,0.0014830828877165914,0.14830829203128815,47.63814926147461,-47.66225814819336,0.0020012480672448874,0.001999146305024624,0.0029762096237391233,99.79988098144531,99.80008697509766,99.70237731933594,1.7166885299957357e-05,0.001716688508167863,-8.296957969665527
382,2,Drums,24.068466186523438,-24.068435668945312,0.013179519213736057,0.013179507106542587,0.012638642452657223,98.68204498291016,98.68205261230469,98.73613739013672,0.003903561271727085,0.3903561234474182,42.437835693359375,-42.43903350830078,0.025239359587430954,0.024638039991259575,0.024999352172017097,97.47606658935547,97.53619384765625,97.50006103515625,5.703226270270534e-05,0.005703226197510958,-4.166576862335205
383,0,Vocal,5.119078636169434,-5.119078636169434,0.03465297445654869,0.03465283662080765,0.03457916900515556,96.53470611572266,96.53471374511719,96.54208374023438,0.2352839857339859,23.528398513793945,34.16748046875,-34.167484283447266,0.0663037970662117,0.06223611906170845,0.06380008161067963,93.36962127685547,93.7763900756836,93.61998748779297,0.00038290544762276113,0.03829054534435272,8.536087036132812
383,1,Bass,15.407547950744629,-15.407544136047363,0.00742509076371789,0.0074249026365578175,0.00015247751434799284,99.25749206542969,99.25750732421875,99.98475646972656,0.027984583750367165,2.7984583377838135,40.603294372558594,-40.6004524230957,0.0011140505084767938,0.0011136047542095184,0.0009563018684275448,99.88859558105469,99.88864135742188,99.90437316894531,8.704581705387682e-05,0.008704581297934055,-2.482736825942993
383,2,Drums,17.24995994567871,-17.24996566772461,0.011411743238568306,0.011411553248763084,0.01722905971109867,98.85882568359375,98.85884857177734,98.27709197998047,0.01848839595913887,1.8488396406173706,39.7303581237793,-39.72952651977539,0.023976929485797882,0.023450540378689766,0.023727742955088615,97.60231018066406,97.65494537353516,97.62722778320312,0.00010640863183652982,0.010640863329172134,-0.08318161219358444
384,0,Vocal,11.865654945373535,-11.865649223327637,0.4346899390220642,0.43468955159187317,0.43957147002220154,56.531005859375,56.53104782104492,56.042850494384766,0.061101701110601425,6.110169887542725,32.49181365966797,-32.49181365966797,0.22840939462184906,0.1871398240327835,0.19140106439590454,77.1590576171875,81.28601837158203,80.85989379882812,0.0005630925879813731,0.05630926042795181,0.18068930506706238
384,1,Bass,8.146394729614258,-8.146393775939941,0.4483886957168579,0.4483886957168579,0.4560011625289917,55.161128997802734,55.161128997802734,54.39988327026367,0.1328747570514679,13.2874755859375,43.75282669067383,-43.76540756225586,0.0038132627960294485,0.00380655936896801,0.004787755198776722,99.6186752319336,99.61934661865234,99.52122497558594,4.20840187871363e-05,0.0042084017768502235,8.669751167297363
384,2,Drums,43.625701904296875,-43.623077392578125,0.0007572841714136302,0.0007572838803753257,0.0007819297607056797,99.92427062988281,99.92427062988281,99.92180633544922,4.337236168794334e-05,0.004337236285209656,51.87290954589844,-51.83365249633789,0.007491317577660084,0.007437380496412516,0.007644351571798325,99.25086975097656,99.25625610351562,99.23556518554688,6.5207682382606436e-06,0.0006520768511109054,-14.32238483428955
385,0,Vocal,13.684931755065918,-13.684932708740234,0.4892932176589966,0.4892929792404175,0.4905034601688385,51.0706787109375,51.070701599121094,50.94965744018555,0.04104909673333168,4.104909896850586,33.1893196105957,-33.19050216674805,0.16045324504375458,0.13887198269367218,0.14437411725521088,83.95467376708984,86.11280059814453,85.56258392333984,0.00047952146269381046,0.04795214533805847,-0.9290470480918884
385,1,Bass,9.969627380371094,-9.969626426696777,0.7146633267402649,0.7146631479263306,0.7125875949859619,28.533666610717773,28.5336856842041,28.741241455078125,0.09148874878883362,9.14887523651123,44.93923568725586,-44.936134338378906,0.003354540793225169,0.0033485612366348505,0.0037250982131808996,99.66454315185547,99.6651382446289,99.62748718261719,3.2029111025622115e-05,0.003202911000698805,7.0558671951293945
385,2,Drums,33.46577453613281,-33.46574401855469,0.00163937546312809,0.00163937546312809,0.0011732525890693069,99.8360595703125,99.8360595703125,99.88267517089844,0.0004500717332120985,0.04500717297196388,37.352439880371094,-37.352317810058594,0.014337720349431038,0.01413638610392809,0.015151848085224628,98.56623077392578,98.58636474609375,98.48481750488281,0.00018391679623164237,0.018391679972410202,-18.666589736938477
386,0,Vocal,17.896608352661133,-17.896602630615234,0.20655158162117004,0.20655158162117004,0.2108944058418274,79.3448486328125,79.3448486328125,78.91056060791016,0.015971597284078598,1.597159743309021,39.7401008605957,-39.740928649902344,0.0865321159362793,0.08000538498163223,0.08239534497261047,91.34678649902344,91.99945831298828,91.76046752929688,0.00010616180952638388,0.010616181418299675,1.3917542695999146
386,1,Bass,14.142717361450195,-14.142728805541992,0.4287661910057068,0.4287658631801605,0.41746240854263306,57.123382568359375,57.123409271240234,58.25375747680664,0.03709467127919197,3.7094671726226807,44.68830108642578,-44.68230438232422,0.003624614095315337,0.003621578449383378,0.004466949962079525,99.63753509521484,99.6378402709961,99.55330657958984,3.394552186364308e-05,0.0033945522736757994,2.786092758178711
386,2,Drums,31.583538055419922,-31.583463668823242,0.0016362606547772884,0.0016362606547772884,0.0,99.83637237548828,99.83637237548828,100.0,0.0006940113962627947,0.06940113753080368,44.55327606201172,-44.551536560058594,0.010610545985400677,0.010501236654818058,0.010656217113137245,98.93894958496094,98.94987487792969,98.93437957763672,3.5093140468234196e-05,0.0035093140322715044,-9.594746589660645
387,0,Vocal,5.877786636352539,-5.8777875900268555,0.7022912502288818,0.7022265195846558,0.7139847874641418,29.7708740234375,29.777347564697266,28.601520538330078,0.20531338453292847,20.53133773803711,27.213594436645508,-27.213584899902344,0.6437051296234131,0.3937605023384094,0.4014264643192291,35.629486083984375,60.62395095825195,59.857357025146484,0.001895915367640555,0.18959154188632965,0.9573511481285095
387,1,Bass,18.409210205078125,-18.40918731689453,0.6634457111358643,0.6634207963943481,0.6643109321594238,33.65542984008789,33.657920837402344,33.56890869140625,0.014218677766621113,1.4218677282333374,46.868919372558594,-46.83763885498047,0.0038856728933751583,0.0038762667682021856,0.00499576423317194,99.61143493652344,99.61237335205078,99.50042724609375,2.0607560145435855e-05,0.0020607560873031616,1.1982953548431396
387,2,Drums,40.14091873168945,-40.14179611206055,0.0006012412486597896,0.0006012400845065713,0.00035149886389262974,99.93988037109375,99.93988037109375,99.96485137939453,9.677230264060199e-05,0.009677230380475521,44.46553039550781,-44.47665786743164,0.009935024194419384,0.009835264645516872,0.010304279625415802,99.00650024414062,99.0164794921875,98.96957397460938,3.5720495361601934e-05,0.0035720495507121086,-18.219764709472656
388,0,Vocal,9.244686126708984,-9.244686126708984,0.2173658162355423,0.2173658013343811,0.21404141187667847,78.26342010498047,78.26342010498047,78.59585571289062,0.10634154826402664,10.6341552734375,40.760807037353516,-40.760799407958984,0.07986174523830414,0.07470349222421646,0.07659615576267242,92.01382446289062,92.52964782714844,92.34038543701172,8.392496965825558e-05,0.008392496965825558,11.160030364990234
388,1,Bass,11.984051704406738,-11.984048843383789,0.5343588590621948,0.53435879945755,0.5364924669265747,46.56411361694336,46.56412124633789,46.35075378417969,0.05955633148550987,5.955633163452148,41.655059814453125,-41.65272521972656,0.003437648294493556,0.0034325241576880217,0.0050317877903580666,99.65623474121094,99.65674591064453,99.496826171875,6.83050966472365e-05,0.006830509752035141,3.2932629585266113
388,2,Drums,35.336883544921875,-35.33717727661133,0.004360711667686701,0.004360710736364126,0.003752659074962139,99.56392669677734,99.56392669677734,99.6247329711914,0.00029255234403535724,0.029255233705043793,44.451080322265625,-44.44772720336914,0.014796177856624126,0.014585589990019798,0.014439134858548641,98.52037811279297,98.54143524169922,98.55609130859375,3.5909815778722987e-05,0.003590981476008892,-13.441900253295898
389,0,Vocal,12.261253356933594,-12.261253356933594,0.22820428013801575,0.22820396721363068,0.2174062430858612,77.17957305908203,77.17960357666016,78.25936889648438,0.05608024448156357,5.608024597167969,46.43785095214844,-46.4235725402832,0.10791642218828201,0.09754899889230728,0.09993837028741837,89.20835876464844,90.2450942993164,90.00616455078125,2.2753756638849154e-05,0.002275375649333,13.734858512878418
389,1,Bass,6.402070045471191,-6.402070045471191,0.6945262551307678,0.6945261359214783,0.6781823635101318,30.547374725341797,30.547386169433594,32.1817626953125,0.18631552159786224,18.63155174255371,32.327083587646484,-32.32662582397461,0.010864617303013802,0.01080744992941618,0.014884243719279766,98.91353607177734,98.91925811767578,98.5115737915039,0.0005848931614309549,0.05848931521177292,-0.5005642771720886
389,2,Drums,38.17093276977539,-38.17021560668945,0.00031102122738957405,0.00031102122738957405,0.0006546750664710999,99.9688949584961,99.9688949584961,99.93453216552734,0.00015236847684718668,0.015236848033964634,41.047706604003906,-41.0468635559082,0.012260830029845238,0.012113220058381557,0.011036123149096966,98.77391815185547,98.78868103027344,98.89639282226562,7.858386379666626e-05,0.007858386263251305,-19.685791015625
390,0,Vocal,18.481542587280273,-18.48154640197754,0.20043446123600006,0.20043432712554932,0.20137493312358856,79.95655822753906,79.9565658569336,79.86250305175781,0.013987088575959206,1.3987088203430176,48.882545471191406,-48.864501953125,0.05954432487487793,0.05623304098844528,0.057524409145116806,94.04557037353516,94.37669372558594,94.24755859375,1.2964754205313511e-05,0.0012964754132553935,9.899500846862793
390,1,Bass,3.0926897525787354,-3.0926897525787354,0.6876208782196045,0.6876206398010254,0.6776537895202637,31.237911224365234,31.23793601989746,32.234619140625,0.32913094758987427,32.91309356689453,34.051368713378906,-34.05128479003906,0.00909400638192892,0.009052474983036518,0.010819626040756702,99.0905990600586,99.09475708007812,98.91803741455078,0.00039327109698206186,0.03932711109519005,3.9721407890319824
390,2,Drums,36.251708984375,-36.251617431640625,0.0003417744592297822,0.00034177443012595177,0.0004927795380353928,99.9658203125,99.9658203125,99.95072174072266,0.00023700634483247995,0.023700634017586708,39.521339416503906,-39.52058792114258,0.010369515977799892,0.010263814590871334,0.011102207005023956,98.96304321289062,98.97361755371094,98.88977813720703,0.00011167394404765218,0.011167393997311592,-19.29122543334961
391,0,Vocal,21.72511100769043,-21.725080490112305,0.07117403298616409,0.0711740255355835,0.07209286093711853,92.88259887695312,92.88259887695312,92.79071044921875,0.006677014287561178,0.6677014231681824,39.49821090698242,-39.49810791015625,0.05061398819088936,0.04830480366945267,0.048914067447185516,94.9385986328125,95.16951751708984,95.10858917236328,0.00011224632908124477,0.01122463308274746,-2.700713872909546
391,1,Bass,22.02417755126953,-22.024185180664062,0.5063090920448303,0.5062797665596008,0.5033356547355652,49.36909103393555,49.37202453613281,49.66643524169922,0.0062354207038879395,0.623542070388794,38.85609817504883,-38.85701370239258,0.00820001307874918,0.008171129040420055,0.009025920182466507,99.18000030517578,99.1828842163086,99.09740447998047,0.00013010585098527372,0.013010584749281406,-10.421133995056152
391,2,Drums,36.520999908447266,-36.52092742919922,0.007707538083195686,0.007707478478550911,0.009216350503265858,99.229248046875,99.22925567626953,99.07836151123047,0.00022275454830378294,0.02227545529603958,31.75444793701172,-31.75432014465332,0.058230578899383545,0.05506698787212372,0.05650155618786812,94.17694091796875,94.49330139160156,94.34984588623047,0.0006671969313174486,0.06671969592571259,-27.31242561340332
392,0,Vocal,34.469207763671875,-34.46888732910156,0.036802392452955246,0.03680219501256943,0.03825129568576813,96.31975555419922,96.31978607177734,96.17487335205078,0.0003572273126337677,0.03572273254394531,32.774986267089844,-32.774784088134766,0.04967467859387398,0.04730796441435814,0.048465169966220856,95.03253173828125,95.26920318603516,95.15348052978516,0.0005275896983221173,0.052758969366550446,-22.192768096923828
392,1,Bass,11.911835670471191,-11.911839485168457,0.2511683404445648,0.25116389989852905,0.2361426204442978,74.88316345214844,74.88361358642578,76.38573455810547,0.06049448251724243,6.049448013305664,39.082767486572266,-39.08369445800781,0.002726159058511257,0.002721268218010664,0.003295663744211197,99.72738647460938,99.72787475585938,99.6704330444336,0.00012351162149570882,0.012351161800324917,-0.4379713237285614
392,2,Drums,45.619503021240234,-45.61123275756836,0.0004515640903264284,0.0004515640903264284,0.0009912133682519197,99.95484161376953,99.95484161376953,99.90087890625,2.7446303647593595e-05,0.0027446304447948933,34.44102478027344,-34.44098663330078,0.011147109791636467,0.01102244108915329,0.011680889874696732,98.88529205322266,98.89775848388672,98.8319091796875,0.00035955567727796733,0.03595556691288948,-33.73198318481445
393,0,Vocal,26.718830108642578,-26.718772888183594,0.010586561635136604,0.01058655884116888,0.010689428076148033,98.94134521484375,98.94134521484375,98.9310531616211,0.0021242189686745405,0.21242189407348633,43.78984069824219,-43.79194641113281,0.013369148597121239,0.013199297711253166,0.013704856857657433,98.6630859375,98.6800765991211,98.6295166015625,4.182299744570628e-05,0.0041822995990514755,-3.442887783050537
393,1,Bass,10.837244987487793,-10.83724594116211,0.2164137214422226,0.2164137214422226,0.2066190093755722,78.35862731933594,78.35862731933594,79.33809661865234,0.07618352770805359,7.618352890014648,37.934471130371094,-37.934085845947266,0.0031874454580247402,0.0031824028119444847,0.0036612905096262693,99.68125915527344,99.6817626953125,99.63387298583984,0.00016087140829768032,0.016087140887975693,-0.24062402546405792
393,2,Drums,41.22597122192383,-41.22686767578125,0.004238588735461235,0.004238588735461235,0.004426592029631138,99.57614135742188,99.57614135742188,99.55734252929688,7.540427031926811e-05,0.007540427148342133,42.93749237060547,-42.937950134277344,0.009542502462863922,0.009455778636038303,0.00969594344496727,99.04574584960938,99.0544204711914,99.03040313720703,5.0861835916293785e-05,0.005086183547973633,-20.84354591369629
394,0,Vocal,28.39290428161621,-28.392698287963867,0.015616149641573429,0.015616149641573429,0.014966992661356926,98.43838500976562,98.43838500976562,98.50330352783203,0.0014457331271842122,0.14457331597805023,41.88063049316406,-41.87934112548828,0.018604597076773643,0.018270237371325493,0.018771016970276833,98.13954162597656,98.1729736328125,98.1229019165039,6.486783968284726e-05,0.0064867837354540825,-7.009316921234131
394,1,Bass,11.452618598937988,-11.452617645263672,0.32537057995796204,0.3253704011440277,0.330700159072876,67.46294403076172,67.46295928955078,66.92998504638672,0.0667908564209938,6.679085731506348,37.02581024169922,-37.02580261230469,0.003905755002051592,0.0038979819510132074,0.004044846165925264,99.60942077636719,99.6102066040039,99.59552001953125,0.0001983628171728924,0.01983628235757351,-2.167168140411377
394,2,Drums,41.83299255371094,-41.831512451171875,0.0010782127501443028,0.00107821193523705,0.001703913789242506,99.89218139648438,99.89218139648438,99.82960510253906,6.55749681754969e-05,0.006557496730238199,36.870635986328125,-36.87017822265625,0.00934764463454485,0.009259783662855625,0.00923890806734562,99.06523895263672,99.07402038574219,99.07611083984375,0.00020554393995553255,0.020554393529891968,-27.526288986206055
395,0,Vocal,15.864097595214844,-15.864091873168945,0.018812967464327812,0.018812956288456917,0.02097129262983799,98.11870574951172,98.11870574951172,97.90287017822266,0.025262601673603058,2.5262601375579834,37.71480941772461,-37.71474075317383,0.03690057992935181,0.035605669021606445,0.03668787330389023,96.30994415283203,96.4394302368164,96.33121490478516,0.00016920012421905994,0.01692001149058342,1.343827724456787
395,1,Bass,15.067805290222168,-15.067808151245117,0.16970783472061157,0.16970516741275787,0.1776106208562851,83.02921295166016,83.02948760986328,82.23893737792969,0.030192874372005463,3.019287347793579,48.96335220336914,-48.96370315551758,0.0013048172695562243,0.0013038144679740071,0.0016033645952120423,99.86952209472656,99.86962127685547,99.83966064453125,1.2680030522460584e-05,0.001268003019504249,6.270164966583252
395,2,Drums,28.731157302856445,-28.730979919433594,0.0012599293841049075,0.0012599275214597583,0.0018254085443913937,99.87400817871094,99.87400817871094,99.81745910644531,0.0013375465059652925,0.1337546557188034,46.35877990722656,-46.35675811767578,0.01054834108799696,0.010443155653774738,0.010286424309015274,98.9451675415039,98.9556884765625,98.97135162353516,2.3105072614271194e-05,0.002310507232323289,-4.923940658569336
396,0,Vocal,29.920188903808594,-29.920162200927734,0.05964719131588936,0.05964719131588936,0.062076929956674576,94.0352783203125,94.0352783203125,93.79230499267578,0.001017485628835857,0.10174856334924698,33.55002975463867,-33.550048828125,0.07138396799564362,0.0667053759098053,0.06807159632444382,92.86160278320312,93.3294677734375,93.19284057617188,0.00044137207441963255,0.04413720592856407,-16.86479377746582
396,1,Bass,9.962220191955566,-9.962217330932617,0.2530973553657532,0.25309717655181885,0.263221800327301,74.69026184082031,74.6902847290039,73.67781829833984,0.09163057804107666,9.163057327270508,44.17845153808594,-44.17778396606445,0.0038153547793626785,0.0038092462345957756,0.003993786405771971,99.61846160888672,99.61907196044922,99.60061645507812,3.818927871179767e-05,0.003818927798420191,6.547728061676025
396,2,Drums,42.089149475097656,-42.08944320678711,0.0009810772025957704,0.0009810758056119084,0.00046686752466484904,99.90189361572266,99.90189361572266,99.95330810546875,6.181793287396431e-05,0.006181793287396431,44.78071212768555,-44.781002044677734,0.010285438038408756,0.010185074992477894,0.010965158231556416,98.9714584350586,98.98149108886719,98.90348052978516,3.32806957885623e-05,0.0033280695788562298,-19.86426544189453
397,0,Vocal,26.85024070739746,-26.850208282470703,0.01203281432390213,0.012032812461256981,0.012271608226001263,98.79672241210938,98.79672241210938,98.77284240722656,0.002060985192656517,0.2060985267162323,39.03896713256836,-39.0384521484375,0.03192203864455223,0.031021511182188988,0.032022491097450256,96.80779266357422,96.8978500366211,96.7977523803711,0.00012477331620175391,0.012477331794798374,-8.249114990234375
397,1,Bass,10.089316368103027,-10.08932113647461,0.059197138994932175,0.05919663608074188,0.06012514978647232,94.08028411865234,94.08033752441406,93.98748016357422,0.08922361582517624,8.922361373901367,45.5818977355957,-45.58108901977539,0.0013824414927512407,0.0013808709336444736,0.0016589686274528503,99.86175537109375,99.8619155883789,99.83409881591797,2.7633719582809135e-05,0.002763371914625168,7.813874244689941
397,2,Drums,39.51206970214844,-39.51201629638672,0.002077599987387657,0.0020775969605892897,0.0017261499306187034,99.79224395751953,99.79224395751953,99.82738494873047,0.0001118941800086759,0.011189417913556099,37.7919921875,-37.79082489013672,0.009542345069348812,0.009455173276364803,0.010015223175287247,99.04576873779297,99.05448913574219,98.99847412109375,0.00016624214185867459,0.016624214127659798,-24.27215576171875
398,0,Vocal,29.885440826416016,-29.885427474975586,0.01387479156255722,0.013874778524041176,0.01397422980517149,98.6125259399414,98.6125259399414,98.60257720947266,0.001025644363835454,0.10256443917751312,48.66779327392578,-48.64366149902344,0.013868490234017372,0.013680106960237026,0.014024821110069752,98.61315155029297,98.63198852539062,98.59751892089844,1.3630156900035217e-05,0.0013630157336592674,-1.7450727224349976
398,1,Bass,21.28902816772461,-21.288984298706055,0.10865515470504761,0.10865514725446701,0.11250536143779755,89.13448333740234,89.13448333740234,88.74946594238281,0.007377034053206444,0.7377033829689026,44.71122360229492,-44.711997985839844,0.0009906949708238244,0.0009902421152219176,0.0012208577245473862,99.90093231201172,99.90097045898438,99.87791442871094,3.3793192415032536e-05,0.003379319328814745,-4.327694416046143
398,2,Drums,34.17289352416992,-34.17277908325195,0.003801771905273199,0.003801767947152257,0.004622441716492176,99.61982727050781,99.61982727050781,99.53775024414062,0.00038247491465881467,0.0382474921643734,37.96030044555664,-37.96095275878906,0.012159393168985844,0.012014424428343773,0.012097543105483055,98.7840576171875,98.79855346679688,98.79024505615234,0.00015992207045201212,0.01599220745265484,-18.76613998413086
399,0,Vocal,3.8111748695373535,-3.811175584793091,0.6559125185012817,0.6559016108512878,0.6927736401557922,34.408748626708984,34.40983963012695,30.72263526916504,0.29368460178375244,29.368459701538086,15.822406768798828,-15.822402000427246,5.545230865478516,0.8473778963088989,0.8598127961158752,-454.5230712890625,15.262210845947266,14.018720626831055,0.025500064715743065,2.55000638961792,-8.278242111206055
399,1,Bass,7.275727272033691,-7.275725364685059,0.09287223219871521,0.09287180751562119,0.08719232678413391,90.71277618408203,90.71282196044922,91.28076934814453,0.15771910548210144,15.771910667419434,42.46059036254883,-42.4603271484375,0.0024933263193815947,0.002489228965714574,0.003371509490534663,99.75067138671875,99.7510757446289,99.66284942626953,5.672550469171256e-05,0.005672550294548273,7.5156965255737305
399,2,Drums,45.25736999511719,-45.255271911621094,4.290913784643635e-05,4.2909134208457544e-05,0.0004092194722034037,99.99571228027344,99.99571228027344,99.95907592773438,2.9792381610604934e-05,0.0029792380519211292,42.978416442871094,-42.97622299194336,0.009402095340192318,0.009317290969192982,0.009274649433791637,99.0597915649414,99.06827545166016,99.0725326538086,5.036569928051904e-05,0.005036570131778717,-24.83809471130371
