idx,ch,stem,lag_in,lag_out,sisdr_in,sisnr_in,sir_in,sar_in,sisdr,sisnr,sir,sar,sisdr_impr,sisnr_impr,sir_impr,sar_impr
0,0,Vocal,0,0,13.261753300816096,13.261753300816094,63.39613164730687,13.261797030320164,34.60170433643569,34.60170433643569,57.504787585648415,34.624026335988226,21.339951035619592,21.339951035619592,-5.891344061658458,21.362229305668063
0,1,Bass,0,0,8.126555421976814,8.126555421976814,36.7388801842256,8.133457505954956,27.750106153533814,27.750106153533814,55.60077649055364,27.757247838561586,19.623550731557,19.623550731557,18.861896306328042,19.62379033260663
0,2,Drums,0,0,28.286960060385606,28.286960060385606,38.459886612684855,28.72635720711331,29.796459701400547,29.796459701400547,88.72558196592325,29.796465257225,1.5094996410149406,1.5094996410149406,50.2656953532384,1.070108050111692
1,0,Vocal,0,0,12.87754294003274,12.87754294003274,43.18341610396962,12.881800805737564,35.36001072020504,35.36001072020504,56.98404872140631,35.39000226518133,22.4824677801723,22.4824677801723,13.80063261743669,22.508201459443768
1,1,Bass,0,0,13.21299935223551,13.21299935223551,26.4269309292363,13.435181978131949,36.279400690404586,36.279400690404586,91.4531278537389,36.27941382098342,23.066401338169076,23.066401338169076,65.02619692450261,22.84423184285147
1,2,Drums,0,0,19.234766235125555,19.234766235125555,24.35663392025431,20.846323553397426,30.215592136359056,30.215592136359056,63.63782020473479,30.21756940549949,10.980825901233501,10.980825901233501,39.281186284480476,9.371245852102064
2,0,Vocal,0,0,19.64276781744895,19.64276781744895,31.64007258078872,19.928971081524324,29.14973568782851,29.14973568782851,54.062095934095034,29.163788787662806,9.506967870379562,9.506967870379562,22.422023353306315,9.234817706138482
2,1,Bass,0,0,15.291090879278586,15.291090879278586,28.26277557167891,15.522370509871177,40.302861880623794,40.302861880623794,66.8780882434873,40.31242878073138,25.01177100134521,25.01177100134521,38.61531267180838,24.790058270860204
2,2,Drums,0,0,23.51765902881782,23.517659028817818,34.896946683408295,23.847281646416135,31.391991055363775,31.391991055363775,74.79716814085451,31.39218941354672,7.874332026545954,7.874332026545957,39.900221457446214,7.544907767130585
3,0,Vocal,0,0,17.758491709269244,17.758491709269244,38.13015967032774,17.799210583498702,30.31901091322668,30.31901091322668,67.84821107049461,30.319778731062836,12.560519203957437,12.560519203957437,29.71805140016687,12.520568147564134
3,1,Bass,0,0,7.306945701100042,7.306945701100042,19.963334843398496,7.592738191653776,27.766429965150138,27.766429965150138,52.40543646208913,27.78140455624103,20.459484264050097,20.459484264050097,32.44210161869063,20.188666364587252
3,2,Drums,0,0,25.10068231862878,25.10068231862878,29.840477068393593,26.881891844072637,31.225839711514066,31.225839711514066,75.41654356820976,31.226005296627363,6.125157392885285,6.125157392885285,45.576066499816164,4.344113452554726
4,0,Vocal,0,0,13.072441639937027,13.072441639937027,56.49061616161681,13.072648853841704,33.61678218970382,33.61678218970382,57.22059385981353,33.635772651592916,20.544340549766794,20.544340549766794,0.7299776981967199,20.56312379775121
4,1,Bass,1,0,12.798842937714493,12.798842937714493,39.082344398892474,12.809610912790523,30.710538083510702,30.710538083510702,63.709919201405995,30.712717403754443,17.91169514579621,17.91169514579621,24.62757480251352,17.90310649096392
4,2,Drums,0,0,24.759570538231483,24.759570538231483,34.437085406846315,25.256063917601516,30.296496776894827,30.296496776894823,69.65020069815962,30.297001249931963,5.536926238663344,5.536926238663341,35.21311529131331,5.040937332330447
5,0,Vocal,0,0,16.32929818240615,16.32929818240615,49.726975090778396,16.3313307135966,33.388918901859576,33.388918901859576,56.39553450674127,33.410716424742056,17.059620719453427,17.059620719453427,6.668559415962875,17.079385711145456
5,1,Bass,0,0,11.244907435898499,11.244907435898497,28.39539938880192,11.335705839771332,30.194147971044195,30.194147971044195,52.248983935768905,30.221316783917285,18.949240535145698,18.949240535145698,23.853584546966985,18.885610944145952
5,2,Drums,0,0,23.891365298720565,23.891365298720565,33.625271811238065,24.381421979298175,28.88031651212954,28.88031651212954,68.87333722682442,28.88075208040398,4.988951213408974,4.988951213408974,35.24806541558635,4.499330101105805
6,0,Vocal,0,0,15.582910890880818,15.582910890880818,28.087425261339448,15.84073910305868,28.063885327910047,28.063885327910047,53.36692929165372,28.07673207057164,12.480974437029229,12.480974437029229,25.27950403031427,12.23599296751296
6,1,Bass,1,0,14.805744437259914,14.805744437259916,32.19454375285856,14.888327939453038,36.99327779413372,36.99327779413372,73.49039526468981,36.99425094166924,22.187533356873804,22.1875333568738,41.29585151183125,22.105923002216205
6,2,Drums,0,0,24.431850026870208,24.431850026870208,33.0907339816386,25.06974410268817,33.01092676830196,33.01092676830196,90.3253564553543,33.01093477163194,8.579076741431749,8.579076741431749,57.234622473715696,7.941190668943769
7,0,Vocal,0,0,10.3415148830392,10.3415148830392,39.59609144425306,10.347150558983609,25.17227325538314,25.17227325538314,54.303700657107825,25.177597047139976,14.83075837234394,14.83075837234394,14.707609212854763,14.830446488156367
7,1,Bass,0,0,13.22825825933598,13.228258259335984,31.260742475013856,13.300366797217062,30.218644377144344,30.218644377144344,77.67125478246672,30.218722519075435,16.990386117808363,16.99038611780836,46.41051230745286,16.918355721858372
7,2,Drums,0,0,21.960980489452474,21.960980489452474,33.05317465907915,22.314710764089355,28.519333904989644,28.519333904989644,71.14424770319806,28.51957153556034,6.558353415537169,6.558353415537169,38.091073044118914,6.204860771470983
8,0,Vocal,0,0,21.91168617240352,21.91168617240352,35.45508655395792,22.10935875497161,20.197493332250247,20.197493332250247,59.5846057857388,20.197998237056225,-1.7141928401532738,-1.7141928401532738,24.129519231780883,-1.9113605179153836
8,1,Bass,0,0,18.112788862752208,18.112788862752204,29.116908449674476,18.477196956330232,36.590846123278055,36.590846123278055,72.19132689593752,36.59204248417947,18.478057260525848,18.47805726052585,43.074418446263046,18.11484552784924
8,2,Drums,0,0,21.232373084590556,21.232373084590552,34.83279557899677,21.42761750570906,25.739705605715386,25.739705605715386,56.34352760883762,25.743496521061303,4.50733252112483,4.507332521124834,21.510732029840845,4.315879015352245
9,0,Vocal,0,0,24.063547226540997,24.063547226540997,50.94402755749926,24.07249460976045,33.930726097164,33.930726097164,65.67416307590655,33.93363488925208,9.867178870623,9.867178870623,14.730135518407288,9.861140279491632
9,1,Bass,0,0,14.948607888968779,14.948607888968779,28.56781563463819,15.147606250465127,34.7124799497594,34.7124799497594,69.16217252023849,34.71403952140649,19.763872060790618,19.763872060790618,40.59435688560029,19.566433270941364
9,2,Drums,0,0,21.4943486318248,21.4943486318248,30.404059522753396,22.095813624366052,26.5937061209164,26.593706120916394,56.335006110443516,26.5983281428629,5.099357489091602,5.099357489091595,25.93094658769012,4.502514518496849
10,0,Vocal,0,0,20.648951578413634,20.648951578413634,39.175143067974815,20.710883531935345,21.252557163342477,21.252557163342477,59.667716411713975,21.253187433818148,0.6036055849288431,0.6036055849288431,20.49257334373916,0.5423039018828035
10,1,Bass,0,0,13.698026863448284,13.698026863448288,28.61079305680684,13.846435129805304,37.6636036237679,37.6636036237679,73.81643988477767,37.66465694061248,23.965576760319614,23.96557676031961,45.205646827970824,23.818221810807177
10,2,Drums,0,0,22.221267632410353,22.221267632410353,32.621421431177296,22.638946953723643,27.03454466008104,27.03454466008104,61.305598963557316,27.03617250418416,4.813277027670686,4.813277027670686,28.68417753238002,4.397225550460519
11,0,Vocal,0,0,24.415331043509873,24.415331043509873,51.78938013622745,24.423314675433247,27.491318780672355,27.491318780672355,64.52824506165354,27.492179544078738,3.0759877371624817,3.0759877371624817,12.738864925426086,3.068864868645491
11,1,Bass,0,0,14.709249303626335,14.709249303626335,26.714875424267955,15.00116152732678,34.80420427354361,34.80420427354361,65.92059437373068,34.80756511373828,20.094954969917275,20.094954969917275,39.20571894946272,19.8064035864115
11,2,Drums,0,0,18.334923235695868,18.334923235695868,26.458938242552875,19.07116407120084,26.50985089688254,26.509850896882536,57.80659650291662,26.513081139708525,8.174927661186672,8.174927661186668,31.347658260363744,7.441917068507685
12,0,Vocal,0,0,22.510199134828763,22.510199134828763,39.572965649676405,22.596936327331637,20.553152033831882,20.553152033831882,70.41100019906936,20.553197287920057,-1.9570471009968813,-1.9570471009968813,30.838034549392958,-2.04373903941158
12,1,Bass,0,0,17.82658436581989,17.82658436581989,30.483509160482797,18.072650863644192,36.15313829582181,36.15313829582181,77.42627358582499,36.15346225084634,18.32655393000192,18.32655393000192,46.94276442534219,18.080811387202147
12,2,Drums,0,0,20.682476907950868,20.682476907950868,29.991077355292965,21.228484324413262,28.248228970271086,28.248228970271086,56.99150383497554,28.254041887038085,7.565752062320218,7.565752062320218,27.000426479682574,7.025557562624822
13,0,Vocal,0,0,24.31914684223402,24.31914684223402,40.39124727911411,24.428182310985207,22.596713314284788,22.596713314284788,62.15475085093154,22.597196786970947,-1.7224335279492315,-1.7224335279492315,21.76350357181743,-1.8309855240142596
13,1,Bass,0,0,15.725826811418369,15.725826811418369,26.2815349853514,16.136038436552212,36.87199704991829,36.87199704991829,60.45397607356055,36.89107915029997,21.146170238499923,21.146170238499923,34.17244108820915,20.75504071374776
13,2,Drums,0,0,19.24612332306711,19.24612332306711,29.88571749755621,19.642570650069814,24.901167641948938,24.901167641948938,56.800529239327304,24.90398205434837,5.655044318881828,5.655044318881828,26.914811741771093,5.2614114042785545
14,0,Vocal,0,0,13.47083449441961,13.47083449441961,45.41052954626289,13.473737146671866,30.88926844062128,30.88926844062128,61.73465026082575,30.892846769033092,17.41843394620167,17.41843394620167,16.32412071456286,17.419109622361226
14,1,Bass,0,0,13.532726431994353,13.532726431994355,31.6489328514346,13.60323211041303,40.271023294657695,40.271023294657695,64.58948683286022,40.2871214522541,26.73829686266334,26.73829686266334,32.940553981425616,26.683889341841066
14,2,Drums,0,0,25.33383926955025,25.33383926955025,36.58686017679309,25.673076591162843,27.758010930930404,27.758010930930404,59.38536476068222,27.761002646219186,2.4241716613801536,2.4241716613801536,22.798504583889134,2.087926055056343
15,0,Vocal,0,0,22.935695156920026,22.935695156920026,44.548871629284335,22.96590387698254,25.563431577894864,25.563431577894864,64.49446757758254,25.563988615677644,2.6277364209748377,2.6277364209748377,19.945595948298205,2.5980847386951034
15,1,Bass,0,0,16.05029898479654,16.050298984796544,25.23541249711045,16.621617180975413,38.23102426470422,38.23102426470422,65.86706149883148,38.23851650903719,22.180725279907676,22.180725279907673,40.63164900172103,21.616899328061777
15,2,Drums,0,0,18.069702978996553,18.069702978996556,25.99024636018364,18.84515420607768,25.512858079961642,25.512858079961642,62.515613085411104,25.513726554722798,7.44315510096509,7.443155100965086,36.525366725227464,6.668572348645117
16,0,Vocal,0,0,12.654305160970502,12.654305160970502,30.975449930455326,12.722172622383642,32.124701500958814,32.124701500958814,55.21346361352421,32.14609272420511,19.470396339988312,19.470396339988312,24.238013683068885,19.42392010182147
16,1,Bass,0,0,5.60528187622204,5.605281876222039,20.23245480877931,5.798539629535018,32.42612831443184,32.42612831443184,64.88062368155141,32.42859833162895,26.820846438209802,26.820846438209806,44.648168872772104,26.63005870209393
16,2,Drums,0,0,26.48682767984868,26.48682767984868,46.83177836667291,26.5272145362402,30.586703804144086,30.586703804144086,62.30494535372512,30.589631185048756,4.099876124295406,4.099876124295406,15.47316698705221,4.062416648808554
17,0,Vocal,0,0,17.71307169158988,17.71307169158988,36.5704379991685,17.770898488854012,36.62895911368949,36.62895911368949,61.59670105796481,36.642819950754316,18.91588742209961,18.91588742209961,25.02626305879631,18.871921461900303
17,1,Bass,0,0,5.131813058105412,5.131813058105412,18.106343598979294,5.4231197199853245,33.24926047320582,33.24926047320582,86.1010817361337,33.24928295841052,28.11744741510041,28.11744741510041,67.9947381371544,27.826163238425195
17,2,Drums,0,0,20.400455877328916,20.400455877328916,25.590348534618826,21.978222478322863,29.745244046922924,29.745244046922924,70.41839868835076,29.745616360842227,9.344788169594008,9.344788169594008,44.82805015373194,7.7673938825193645
18,0,Vocal,0,0,5.549837329568384,5.549837329568385,27.872309306783283,5.582435495073988,24.678901014124648,24.678901014124648,52.21758488181478,24.686588012041135,19.129063684556264,19.129063684556264,24.345275575031497,19.104152516967147
18,1,Bass,0,0,4.78323384307144,4.78323384307144,19.06466009630285,5.001916743258377,29.24507566801089,29.24507566801089,78.08534637267272,29.245132434588147,24.46184182493945,24.46184182493945,59.02068627636987,24.24321569132977
18,2,Drums,0,0,28.54105503803914,28.54105503803914,42.642972503083584,28.71354171308813,30.613335282814194,30.613335282814194,61.56815362966964,30.616825452157354,2.0722802447750546,2.0722802447750546,18.925181126586054,1.9032837390692237
19,0,Vocal,0,0,6.2062274599116325,6.2062274599116325,29.972095307685507,6.228881399008946,25.541488934120764,25.541488934120764,50.808002826065945,25.554460075675436,19.335261474209133,19.335261474209133,20.835907518380438,19.32557867666649
19,1,Bass,0,0,5.287992592979962,5.287992592979961,19.084853641726657,5.5263433547333545,32.34671824051032,32.34671824051032,73.60157289630435,32.34704371893314,27.05872564753036,27.05872564753036,54.516719254577694,26.820700364199787
19,2,Drums,0,0,29.290706170775323,29.290706170775323,45.48563058404534,29.39639671236,31.043078028583007,31.043078028583007,62.43685262309355,31.046232291647335,1.7523718578076846,1.7523718578076846,16.95122203904821,1.649835579287334
20,0,Vocal,0,0,13.644338407266929,13.644338407266929,35.02487424888074,13.677422153747006,31.901375804516142,31.90137580451614,61.85215169948705,31.90577315330696,18.257037397249213,18.25703739724921,26.82727745060631,18.228350999559954
20,1,Bass,0,0,3.0167355179879207,3.0167355179879207,17.891381993277427,3.2304518567481457,30.977577166142993,30.977577166142993,62.314697887300866,30.98077292525351,27.96084164815507,27.96084164815507,44.42331589402344,27.750321068505365
20,2,Drums,0,0,25.976351875028506,25.976351875028506,38.72526508620747,26.213899095417567,31.34185286577081,31.34185286577081,57.89071508250964,31.35148441182831,5.365500990742305,5.365500990742305,19.165449996302165,5.137585316410743
21,0,Vocal,0,0,11.547463603495341,11.547463603495343,29.801623012087187,11.617415258722701,25.29824297307831,25.29824297307831,57.46343445309105,25.30088941289219,13.750779369582968,13.750779369582967,27.66181144100386,13.683474154169488
21,1,Bass,0,0,6.760135049088506,6.7601350490885075,20.77693578773929,6.972035667141288,36.602753718852256,36.602753718852256,68.78128185346706,36.605384868382956,29.842618669763752,29.84261866976375,48.00434606572777,29.633349201241668
21,2,Drums,0,0,26.633969641582524,26.633969641582528,43.695295601862796,26.720441125529156,30.904714006319608,30.904714006319608,56.38113544891014,30.917048131897012,4.270744364737084,4.27074436473708,12.685839847047347,4.196607006367856
22,0,Vocal,0,0,2.0029448997048624,2.002944899704863,18.70787802074193,2.154782467162547,32.24823388074577,32.24823388074577,49.32966137093625,32.334169015219295,30.24528898104091,30.245288981040908,30.62178335019432,30.179386548056748
22,1,Bass,0,0,5.1932989912124805,5.1932989912124805,19.644949420285794,5.398856741722927,36.018487758015205,36.018487758015205,80.57302758433252,36.018639862780454,30.825188766802725,30.825188766802725,60.928078164046724,30.619783121057527
22,2,Drums,0,0,28.73049975989749,28.73049975989749,77.90796716453751,28.73054677955727,31.213121230884138,31.213121230884134,62.1949884338843,31.216589335952243,2.482621470986647,2.4826214709866434,-15.712978730653212,2.486042556394974
23,0,Vocal,0,0,15.019821013577845,15.019821013577845,40.23015248178278,15.033336515273902,31.25539310029767,31.25539310029767,63.37924895456561,31.25805892641308,16.235572086719827,16.235572086719827,23.14909647278283,16.22472241113918
23,1,Bass,0,0,5.577450534548047,5.577450534548047,19.341733456443105,5.814182188868989,34.60659824230573,34.60659824230573,69.14095835999818,34.60812777101603,29.02914770775768,29.02914770775768,49.79922490355507,28.79394558214704
23,2,Drums,0,0,22.546294211433118,22.546294211433118,29.867298067633115,23.440846054456145,30.484370003149508,30.484370003149508,68.3106515123304,30.485087064076804,7.93807579171639,7.93807579171639,38.44335344469728,7.044241009620659
24,0,Vocal,0,0,17.18370933183587,17.18370933183587,40.946628432838345,17.202356345534195,40.9216204432973,40.9216204432973,63.18306910333264,40.94749992188747,23.73791111146143,23.73791111146143,22.236440670494297,23.745143576353275
24,1,Bass,0,0,12.506157474848198,12.506157474848198,26.689156033473765,12.6844637995559,39.927946768326436,39.927946768326436,68.32573659121483,39.934232567508055,27.421789293478238,27.421789293478238,41.63658055774107,27.249768767952155
24,2,Drums,0,0,23.0794370070128,23.0794370070128,48.42611929490877,23.09219673850508,35.238940449268604,35.238940449268604,51.80386651475993,35.3358247827017,12.159503442255804,12.159503442255804,3.377747219851159,12.243628044196619
25,0,Vocal,0,0,18.627747519972246,18.627747519972246,41.33240425532085,18.651427299370535,39.06200874706247,39.06200874706247,59.294774532552054,39.1033727737782,20.434261227090225,20.434261227090225,17.9623702772312,20.451945474407662
25,1,Bass,0,0,12.582057431581191,12.582057431581188,28.639356376096377,12.697011050169994,37.74094352531673,37.74094352531672,58.78803778765097,37.77520917764105,25.15888609373554,25.158886093735536,30.148681411554595,25.078198127471058
25,2,Drums,0,0,23.31606946176802,23.31606946176802,38.9029735606023,23.438291863393385,34.42700521674237,34.42700521674237,55.39005796422714,34.46194979257306,11.110935754974353,11.110935754974353,16.48708440362484,11.023657929179674
26,0,Vocal,0,0,8.120208619029867,8.120208619029869,37.57133897842272,8.12589887837195,37.96879073291094,37.96879073291094,57.35886176896501,38.01906488520445,29.848582113881072,29.848582113881072,19.78752279054229,29.8931660068325
26,1,Bass,0,0,9.247461124260482,9.247461124260482,24.343932293200833,9.399844813837676,37.6903733186039,37.69037331860391,85.07421349610183,37.69045259760168,28.44291219434342,28.442912194343428,60.730281202901,28.290607783764003
26,2,Drums,0,0,17.32329984198264,17.32329984198264,35.51562636346526,17.390872676012272,35.236226128515085,35.236226128515085,65.09632371041374,35.24071481281419,17.912926286532446,17.912926286532446,29.580697346948483,17.849842136801918
27,0,Vocal,0,0,21.165352283351414,21.165352283351414,46.12211455694858,21.17935107546703,42.91888796250345,42.91888796250345,61.33400645435781,42.981901930014416,21.753535679152034,21.753535679152034,15.211891897409231,21.802550854547388
27,1,Bass,0,0,12.698090154223996,12.698090154223996,29.594837720678647,12.792512164933429,34.28896758635428,34.28896758635428,62.97014119084289,34.294857671065586,21.590877432130284,21.590877432130284,33.37530347016424,21.50234550613216
27,2,Drums,0,0,23.114602138143287,23.114602138143287,52.204314181349424,23.119986171726936,32.646570843889904,32.646570843889904,47.615314204312654,32.78722484086164,9.531968705746618,9.531968705746618,-4.588999977036771,9.667238669134704
28,0,Vocal,0,0,13.18456961949446,13.18456961949446,42.48372276141943,13.18992110374037,39.88185341217854,39.88185341217854,65.20980810140686,39.894607500991825,26.697283792684082,26.697283792684082,22.726085339987435,26.704686397251457
28,1,Bass,0,0,9.067053083878017,9.067053083878017,23.506767430876362,9.2455063750325,36.887976737306516,36.887976737306516,73.26964374375821,36.888976127141554,27.8209236534285,27.8209236534285,49.76287631288184,27.643469752109056
28,2,Drums,0,0,16.499325478344737,16.499325478344737,32.52319512847174,16.611623792673203,34.90809749324468,34.90809749324469,55.382342555487504,34.94722232895978,18.408772014899945,18.408772014899952,22.859147427015763,18.33559853628658
29,0,Vocal,0,0,16.62806645827505,16.628066458275047,41.4253744147787,16.64279248832493,36.25737326013626,36.25737326013626,58.79525561725635,36.281656478308854,19.629306801861212,19.629306801861215,17.36988120247765,19.638863989983925
29,1,Bass,0,0,9.564051614599283,9.564051614599283,24.918518487043855,9.706475786678523,34.636952350794026,34.63695235079402,65.6442860337847,34.640398762482526,25.072900736194743,25.072900736194736,40.72576754674084,24.933922975804002
29,2,Drums,0,0,20.742007859145602,20.742007859145602,33.02050801635434,21.009091850492418,33.543778733672646,33.543778733672646,59.02884286872032,33.55608374256136,12.801770874527044,12.801770874527044,26.008334852365977,12.546991892068945
30,0,Vocal,0,0,-0.20663127967321665,-0.20663127967321562,25.800258431393157,-0.1843187784528756,30.74723309444878,30.74723309444878,50.283152397257204,30.79587028259118,30.953864374122,30.953864374121995,24.482893965864047,30.980189061044058
30,1,Bass,0,0,9.316936143445918,9.316936143445918,24.83366136349632,9.454857198121967,36.79507167077446,36.79507167077446,71.81723964784383,36.796438490670475,27.478135527328543,27.478135527328543,46.983578284347516,27.341581292548508
30,2,Drums,0,0,17.512897011170324,17.512897011170324,37.385425416120476,17.558644518156438,32.43209404887732,32.43209404887732,68.9884002223703,32.433054395213155,14.919197037706994,14.919197037706994,31.602974806249826,14.874409877056717
31,0,Vocal,0,0,11.354314294102942,11.354314294102942,34.82533468395462,11.375316696655934,36.89893979449583,36.89893979449583,59.77565945553841,36.92139463523799,25.54462550039289,25.54462550039289,24.950324771583787,25.54607793858205
31,1,Bass,0,0,6.34040844508864,6.340408445088642,23.697935096339684,6.439451525771723,32.95511522253581,32.95511522253582,84.21391703566242,32.95514771553482,26.614706777447168,26.614706777447175,60.515981939322735,26.515696189763098
31,2,Drums,0,0,29.009193321123007,29.009193321123007,46.70326398644054,29.083773818626263,35.00268170401161,35.00268170401161,59.54458612917831,35.0179747439852,5.9934883828886,5.9934883828886,12.841322142737774,5.934200925358937
32,0,Vocal,0,0,6.534825767510604,6.534825767510604,51.599113602915864,6.534990494822396,23.853802183102303,23.853802183102303,62.94658043978003,23.854339351194014,17.3189764155917,17.3189764155917,11.347466836864164,17.31934885637162
32,1,Bass,0,0,10.321717492419179,10.321717492419179,29.398009961894243,10.380760596406981,41.414199771463664,41.414199771463664,81.20657205837745,41.414655224585594,31.092482279044486,31.092482279044486,51.8085620964832,31.033894628178615
32,2,Drums,0,0,31.66708457651395,31.66708457651395,47.83060460604219,31.773501006311996,35.99447566447542,35.99447566447542,64.7919151995934,36.00020929788052,4.327391087961466,4.327391087961466,16.96131059355121,4.226708291568521
33,0,Vocal,0,0,4.537027034212653,4.537027034212653,50.81868130258989,4.5371649216663155,26.531480143102865,26.531480143102865,50.165931492707955,26.55037030316688,21.994453108890212,21.994453108890212,-0.6527498098819322,22.013205381500562
33,1,Bass,0,0,8.925657991735806,8.925657991735807,27.263277874248008,8.997960256803974,35.44108785143194,35.44108785143194,73.37117124266149,35.44178755788132,26.515429859696134,26.51542985969613,46.107893368413485,26.443827301077345
33,2,Drums,0,0,33.58986860713563,33.58986860713563,56.02522379428721,33.61473512513127,34.08104696954184,34.08104696954184,69.03065164951401,34.08243710047309,0.4911783624062096,0.4911783624062096,13.005427855226806,0.467701975341825
34,0,Vocal,0,0,5.758992628779697,5.758992628779696,30.26534035343156,5.778489855631595,20.467292382068823,20.467292382068823,55.22372100853582,20.46875813299771,14.708299753289126,14.708299753289127,24.958380655104257,14.690268277366116
34,1,Bass,0,0,6.43182270432402,6.431822704324022,25.64931501790309,6.495950623610779,39.56407422260899,39.56407422260899,82.364163317868,39.564301950750846,33.13225151828497,33.13225151828497,56.71484829996491,33.068351327140064
34,2,Drums,0,0,33.81193808349292,33.81193808349292,46.20584066987,34.069793852509534,38.62913418818838,38.629134188188374,71.59694518803592,38.63132770596105,4.817196104695462,4.817196104695455,25.391104518165918,4.561533853451515
35,0,Vocal,0,0,-4.69130920687712,-4.69130920687712,41.07122811089589,-4.690856237898026,18.221902134051533,18.221902134051533,39.51308591776181,18.254767726264703,22.913211340928655,22.913211340928655,-1.5581421931340742,22.945623964162728
35,1,Bass,0,0,8.02033997665852,8.02033997665852,27.299450982522984,8.079996560780602,41.53437353168734,41.53437353168734,77.19250827988566,41.5355537781523,33.514033555028824,33.514033555028824,49.893057297362674,33.4555572173717
35,2,Drums,0,0,37.94040968693248,37.94040968693248,50.954838948564365,38.162974933658,38.334936869491784,38.334936869491784,70.64437024910333,38.33748966684831,0.3945271825593011,0.3945271825593011,19.689531300538967,0.17451473319031408
36,0,Vocal,0,0,12.694257838655325,12.694257838655327,36.95436884891392,12.711448181668514,35.94351150890712,35.94351150890712,61.76217471631341,35.954902887385195,23.249253670251797,23.249253670251797,24.807805867399487,23.24345470571668
36,1,Bass,0,0,4.072079429490174,4.072079429490174,21.36201827923498,4.185525132585662,36.70700637854211,36.70700637854211,71.27109599948298,36.708525211172656,32.63492694905194,32.63492694905194,49.909077720248,32.523000078586996
36,2,Drums,0,0,34.1639305156647,34.1639305156647,62.781841619940806,34.16990191591899,36.85853282367434,36.85853282367434,63.76741040823072,36.86739266906783,2.6946023080096353,2.6946023080096353,0.9855687882899105,2.6974907531488412
37,0,Vocal,0,0,-3.8646148381438787,-3.864614838143879,27.168647795055506,-3.852863832856712,23.514391790755205,23.514391790755205,44.67300403449993,23.547926451401217,27.379006628899084,27.379006628899084,17.504356239444427,27.40079028425793
37,1,Bass,0,0,7.171983618925846,7.171983618925846,25.849346395749745,7.242556768722173,38.86810893237628,38.86810893237628,72.2015013689801,38.87012534774517,31.696125313450434,31.696125313450434,46.352154973230355,31.627568579023
37,2,Drums,0,0,37.32046055422921,37.32046055422921,49.68195083818259,37.58024586802398,35.2472433943846,35.2472433943846,64.6697634096284,35.252208247260114,-2.07321715984461,-2.07321715984461,14.987812571445815,-2.3280376207638653
38,0,Vocal,0,0,5.3639260072788915,5.3639260072788915,49.1638318919426,5.364159031716751,21.74891653606076,21.74891653606076,66.62903854802127,21.749058454393516,16.38499052878187,16.38499052878187,17.46520665607867,16.384899422676767
38,1,Bass,0,0,7.096172836955369,7.096172836955368,26.530870883912975,7.155566567173297,33.86985819107139,33.86985819107139,47.959565877494576,34.04267937399161,26.77368535411602,26.77368535411602,21.4286949935816,26.887112806818315
38,2,Drums,0,0,35.227976928252296,35.227976928252296,48.43280985049489,35.44079072298302,37.70802311116899,37.70802311116899,69.47604085395713,37.710915021375534,2.480046182916695,2.480046182916695,21.04323100346224,2.270124298392517
39,0,Vocal,0,0,3.2983783968210165,3.298378396821018,34.98800971052659,3.302698940031095,31.66086679871455,31.66086679871455,52.00644016608571,31.701185608141806,28.362488401893536,28.362488401893533,17.01843045555912,28.39848666811071
39,1,Bass,0,0,7.664098252053563,7.664098252053563,27.50219588624763,7.71712501280402,39.81107112295466,39.81107112295466,70.39668534288025,39.81486810677813,32.146972870901095,32.146972870901095,42.89448945663261,32.09774309397411
39,2,Drums,0,0,37.484376949833454,37.484376949833454,59.81238394393906,37.50984849747149,40.026693021864766,40.02669302186477,65.88129295616469,40.03798904944173,2.542316072031312,2.542316072031319,6.068909012225625,2.528140551970239
40,0,Vocal,0,0,15.197039721004762,15.197039721004762,52.35697532629107,15.197899306138885,32.94673654432443,32.94673654432443,59.9276006491483,32.95545279031424,17.749696823319667,17.749696823319667,7.570625322857232,17.757553484175354
40,1,Bass,0,0,20.913175628220703,20.913175628220703,35.301545748254036,21.07551096887662,41.54070834952337,41.54070834952337,73.75348884166957,41.54331831157088,20.627532721302668,20.627532721302668,38.45194309341553,20.467807342694257
40,2,Drums,0,0,19.339819437941618,19.339819437941618,38.417777763198714,19.394480004261844,27.761153170725144,27.761153170725144,55.47923090812796,27.768516387177634,8.421333732783527,8.421333732783527,17.061453144929246,8.37403638291579
41,0,Vocal,0,0,24.7581065119231,24.7581065119231,45.112289510457416,24.7984506358926,33.829201098665,33.829201098665,73.71395351397592,33.82964703095646,9.071094586741903,9.071094586741903,28.601664003518508,9.031196395063859
41,1,Bass,0,0,12.175689610440122,12.175689610440122,25.576619994902245,12.390844758968992,33.321397752646746,33.321397752646746,63.12332738738715,33.32594773258659,21.145708142206622,21.145708142206622,37.546707392484905,20.9351029736176
41,2,Drums,0,0,24.814588790004883,24.814588790004883,32.14885414088945,25.704301060519835,33.32497625272267,33.32497625272267,62.32190041456448,33.3304535046362,8.510387462717787,8.510387462717787,30.173046273675034,7.626152444116368
42,0,Vocal,0,0,22.738301924942967,22.738301924942963,32.643643942574656,23.208883375100754,33.27145140507406,33.27145140507406,67.09265056631781,33.27325410625693,10.533149480131094,10.533149480131097,34.44900662374316,10.064370731156174
42,1,Bass,0,0,17.98247295182642,17.98247295182642,27.08126361386909,18.561275552077138,39.177951838900235,39.177951838900235,76.18502205951452,39.178817029711524,21.195478887073815,21.195478887073815,49.10375844564543,20.617541477634386
42,2,Drums,0,0,21.841679926280158,21.841679926280158,27.34503740036695,23.286135249523042,31.349215169467655,31.349215169467655,62.988364130924396,31.35219594223551,9.507535243187498,9.507535243187498,35.64332673055745,8.066060692712469
43,0,Vocal,0,0,15.437785878059437,15.437785878059433,50.39890396419381,15.439210680184996,25.31078831311852,25.31078831311852,57.621394991950005,25.313347587067337,9.873002435059082,9.873002435059085,7.222491027756192,9.874136906882342
43,1,Bass,0,0,20.093910714366775,20.093910714366775,34.44064159941065,20.258108263180596,40.913208191503955,40.913208191503955,74.67625032093332,40.915034500624365,20.81929747713718,20.81929747713718,40.235608721522674,20.65692623744377
43,2,Drums,0,0,20.344347003719033,20.344347003719033,35.77853809379286,20.471576405752486,29.036468619881653,29.036468619881653,62.7710330545078,29.038309200424195,8.69212161616262,8.69212161616262,26.992494960714936,8.566732794671708
44,0,Vocal,0,0,18.737170612880764,18.737170612880764,60.47118926189481,18.737464444304116,33.70079261269333,33.70079261269333,60.70524624568138,33.70946098858668,14.963621999812563,14.963621999812563,0.23405698378657291,14.971996544282561
44,1,Bass,0,0,16.133636991729013,16.133636991729013,31.83791149265149,16.2548555820039,40.128409825428136,40.128409825428136,65.06633291873142,40.142364674466364,23.994772833699123,23.994772833699123,33.22842142607993,23.887509092462466
44,2,Drums,0,0,25.860712954953208,25.8607129549532,62.86884362230542,25.861578370957016,29.033976548151635,29.033976548151635,69.37866034745902,29.034378205187355,3.1732635931984277,3.1732635931984348,6.509816725153598,3.1727998342303394
45,0,Vocal,0,0,23.167772300876663,23.167772300876663,47.29911752815223,23.18465614192036,30.334886543305547,30.334886543305547,58.8545633739263,30.341003149400464,7.167114242428884,7.167114242428884,11.555445845774067,7.156347007480104
45,1,Bass,0,0,17.17866607705582,17.17866607705582,32.740912334392206,17.303341677374483,40.294604369325945,40.294604369325945,66.43618198308862,40.30517695799841,23.115938292270126,23.115938292270126,33.69526964869641,23.00183528062393
45,2,Drums,0,0,25.423123589607957,25.423123589607957,41.91121545802004,25.5220036622066,26.317965558059417,26.317965558059417,55.41178501168284,26.323331920627847,0.894841968451459,0.894841968451459,13.5005695536628,0.8013282584212469
46,0,Vocal,0,0,17.077747613367556,17.077747613367556,46.30393881074394,17.083041346579087,24.438224663705178,24.438224663705178,56.0598211248643,24.44122608163849,7.360477050337622,7.360477050337622,9.755882314120363,7.358184735059403
46,1,Bass,0,0,16.22385222487349,16.22385222487349,25.436317644763363,16.790845261436612,35.35946790775705,35.35946790775705,99.78613947312374,35.35946942987493,19.13561568288356,19.13561568288356,74.34982182836038,18.568624168438316
46,2,Drums,0,0,25.29215930342993,25.29215930342993,40.84851413363293,25.41505071811131,30.940919668262907,30.940919668262907,71.29730435311173,30.941320066508872,5.648760364832977,5.648760364832977,30.448790219478795,5.5262693483975625
47,0,Vocal,0,0,15.286797763771968,15.286797763771968,48.63941693232193,15.288863590149855,36.36911108545455,36.36911108545455,54.78711762799395,36.43209368591228,21.08231332168258,21.08231332168258,6.147700695672022,21.143230095762423
47,1,Bass,0,0,13.472247614523328,13.472247614523328,23.380073873250012,13.960082358451809,32.07914165921638,32.07914165921638,74.6962219175978,32.07937951425579,18.606894044693057,18.606894044693057,51.316148044347784,18.119297155803984
47,2,Drums,0,0,28.32187179492971,28.32187179492971,44.1297195309371,28.43758642239493,27.782404356906525,27.782404356906525,79.19027308677742,27.78243580642947,-0.5394674380231841,-0.5394674380231841,35.06055355584032,-0.6551506159654608
48,0,Vocal,0,0,7.226667152168215,7.226667152168215,38.294119818639146,7.230707925571243,30.86625002340191,30.86625002340191,49.57337282375803,30.925183519860727,23.639582871233696,23.639582871233696,11.279253005118882,23.694475594289486
48,1,Bass,0,0,6.238407483688334,6.238407483688334,22.892043693954307,6.355540302995248,32.312636659146115,32.312636659146115,64.86629716961636,32.315050935794496,26.07422917545778,26.07422917545778,41.97425347566205,25.959510632799248
48,2,Drums,0,0,29.54549214394147,29.54549214394147,41.587001720806064,29.82605833591999,32.881076510833594,32.881076510833594,77.43738912316628,32.881228680558685,3.3355843668921246,3.3355843668921246,35.85038740236022,3.0551703446386966
49,0,Vocal,0,0,15.284259828667874,15.284259828667876,31.27403872823762,15.398243320754188,28.208825101704967,28.208825101704967,74.16233983839494,28.20893535597959,12.924565273037093,12.924565273037091,42.88830111015732,12.810692035225403
49,1,Bass,0,0,13.778313412283648,13.778313412283644,33.674643037745724,13.824884126854391,36.75923012115613,36.75923012115613,69.41843891828319,36.761585468996486,22.98091670887248,22.980916708872485,35.74379588053746,22.936701342142094
49,2,Drums,0,0,24.397857830837367,24.39785783083737,35.2493048005511,24.771656093428874,31.09642416321268,31.096424163212678,52.638908766855224,31.127001362517145,6.698566332375314,6.698566332375307,17.389603966304122,6.3553452690882715
50,0,Vocal,0,0,9.101830877207066,9.101830877207068,45.05301929038475,9.103069515616147,27.5696735927253,27.569673592725298,48.59809661994689,27.60414148852995,18.467842715518238,18.46784271551823,3.545077329562133,18.501071972913806
50,1,Bass,0,0,6.861407826405007,6.861407826405007,23.86516003129207,6.966658975189319,34.818909306996176,34.818909306996176,68.6755861500296,34.82069716761317,27.95750148059117,27.95750148059117,44.81042611873753,27.85403819242385
50,2,Drums,0,0,27.080026637231672,27.080026637231672,38.20897374677894,27.42917744613395,31.98486223047827,31.98486223047827,68.34380991431787,31.985867323916672,4.904835593246599,4.904835593246599,30.134836167538936,4.556689877782723
51,0,Vocal,0,0,9.450090375526221,9.450090375526221,42.98503460526237,9.45223329585777,30.00052134683299,30.00052134683299,51.738642287069425,30.02975346176587,20.550430971306767,20.550430971306767,8.753607681807054,20.5775201659081
51,1,Bass,0,0,7.389442384332306,7.389442384332306,25.577000336123085,7.467877840081143,32.92452035757842,32.92452035757842,69.16837300262259,32.92555231048813,25.535077973246118,25.535077973246118,43.5913726664995,25.457674470406985
51,2,Drums,0,0,27.958830786602633,27.958830786602633,45.026054080919735,28.045137622884596,33.4249043607988,33.4249043607988,71.65481868864036,33.425557504039105,5.466073574196166,5.466073574196166,26.628764607720626,5.380419881154509
52,0,Vocal,0,0,8.188209024371547,8.188209024371547,42.12168212313313,8.190231025343918,32.85708044596503,32.85708044596503,48.43391982890752,32.979092226666125,24.668871421593487,24.668871421593487,6.312237705774393,24.788861201322206
52,1,Bass,0,0,7.345380608511629,7.345380608511629,24.039431411229245,7.456467639834354,33.52930718197808,33.52930718197808,63.419789254253814,33.53376525543659,26.183926573466454,26.183926573466454,39.38035784302457,26.077297615602237
52,2,Drums,0,0,30.41832927600351,30.41832927600351,44.229785139398736,30.6029193681597,32.731589980896686,32.731589980896686,81.98817841682472,32.731641526785126,2.3132607048931746,2.3132607048931746,37.75839327742599,2.1287221586254255
53,0,Vocal,0,0,11.576582428982379,11.576582428982379,47.9386605796521,11.577655612797496,30.408422566755732,30.408422566755732,57.49557112778929,30.41693153314639,18.831840137773355,18.831840137773355,9.55691054813719,18.839275920348893
53,1,Bass,0,0,9.04268384089523,9.04268384089523,25.572418556291453,9.152357501023165,36.42081923591173,36.42081923591173,65.04227004051319,36.42679003054773,27.3781353950165,27.3781353950165,39.469851484221735,27.274432529524564
53,2,Drums,0,0,28.584042671745152,28.584042671745152,40.59460934618659,28.86675635252352,31.761183182134566,31.761183182134566,60.76954597627417,31.766647153228206,3.177140510389414,3.177140510389414,20.174936630087586,2.8998908007046857
54,0,Vocal,0,0,11.635393513252472,11.635393513252472,35.2790984051882,11.65548924182567,29.73564084340375,29.73564084340375,53.771466863598995,29.752840309490697,18.100247330151277,18.100247330151277,18.492368458410795,18.097351067665027
54,1,Bass,0,0,8.650972404575985,8.650972404575985,25.469649047455466,8.754581398012032,35.66911268221025,35.66911268221025,69.80574776891969,35.670788809744785,27.018140277634263,27.018140277634263,44.336098721464225,26.916207411732753
54,2,Drums,0,0,30.07949906593764,30.07949906593764,67.69926391592035,30.08024801081168,30.32923178216786,30.32923178216786,62.0376022298376,30.3321660068211,0.24973271623021986,0.24973271623021986,-5.661661686082752,0.25191799600942133
55,0,Vocal,0,0,7.104013301408536,7.104013301408536,51.66322725966779,7.104194150129651,29.095119876562798,29.09511987656279,46.46146273114252,29.175599806903627,21.991106575154262,21.991106575154255,-5.201764528525274,22.071405656773976
55,1,Bass,0,0,10.042743864233037,10.042743864233037,28.251766324069656,10.115331460814435,30.96899933619024,30.96899933619024,78.05533356186332,30.96908432838866,20.926255471957205,20.926255471957205,49.803567237793665,20.853752867574226
55,2,Drums,0,0,32.205730324351734,32.205730324351734,55.77691073459418,32.22486460435824,32.21683552326347,32.21683552326347,110.83090153485634,32.216835565771305,0.01110519891173567,0.01110519891173567,55.053990800262156,-0.008029038586933268
56,0,Vocal,0,0,21.403489133991016,21.403489133991016,47.92149681611305,21.413249408849776,32.38180095286783,32.38180095286783,58.022003822060285,32.393674914387994,10.978311818876811,10.978311818876811,10.100507005947236,10.980425505538218
56,1,Bass,0,0,21.64153957001843,21.64153957001843,29.8878528966332,22.350527992969162,39.678182988232685,39.678182988232685,69.40898222221024,39.68280636352159,18.036643418214254,18.036643418214254,39.52112932557704,17.33227837055243
56,2,Drums,0,0,23.727167700497006,23.727167700497006,40.406622602731055,23.821868283120395,31.544464995194037,31.544464995194037,61.617556589842465,31.54874048011245,7.817297294697031,7.817297294697031,21.21093398711141,7.726872196992055
57,0,Vocal,0,0,18.829593791115144,18.829593791115144,27.265759871474557,19.50967544780704,21.453733051086466,21.45373305108647,60.183344281228386,21.454319070491586,2.6241392599713222,2.624139259971326,32.91758440975383,1.944643622684545
57,1,Bass,0,0,24.26306823010885,24.263068230108846,33.73302946990493,24.785572961091205,41.952851516721964,41.952851516721964,71.27223571873849,41.95793440101156,17.689783286613114,17.689783286613117,37.53920624883356,17.17236143992036
57,2,Drums,0,0,24.310995844192288,24.310995844192288,33.616115142022274,24.855003047845,30.28458243493223,30.28458243493223,59.7759090982909,30.289472312620198,5.9735865907399415,5.9735865907399415,26.15979395626863,5.434469264775199
58,0,Vocal,0,0,16.171616448896163,16.171616448896163,54.57191781488981,16.172257327211106,25.658202228339647,25.658202228339647,54.408790394454954,25.664012297059745,9.486585779443484,9.486585779443484,-0.1631274204348543,9.491754969848639
58,1,Bass,0,0,22.50378629934343,22.50378629934343,32.94447912011178,22.917247822554558,38.80536330537857,38.80536330537857,64.40242621843896,38.8173508405829,16.30157700603514,16.30157700603514,31.457947098327182,15.90010301802834
58,2,Drums,0,0,24.88964074779986,24.88964074779986,52.99807126106347,24.89637879689417,29.300661193498186,29.300661193498186,69.15648036080883,29.30111066356847,4.411020445698327,4.411020445698327,16.158409099745356,4.4047318666743
59,0,Vocal,0,0,18.670153147157308,18.670153147157308,27.29351953451014,19.319632225527506,26.22073174715675,26.220731747156755,61.34654486720247,26.22206915217007,7.550578599999444,7.550578599999447,34.05302533269233,6.902436926642565
59,1,Bass,0,0,25.285069944317556,25.285069944317556,34.498582613769656,25.84105654116632,43.745828809947426,43.745828809947426,69.5351714758674,43.75729535690852,18.46075886562987,18.46075886562987,35.036588862097744,17.9162388157422
59,2,Drums,0,0,20.760663894102738,20.760663894102738,29.346556370985326,21.413091559636808,31.00771749527928,31.00771749527928,59.27351154164994,31.014201841259606,10.247053601176543,10.247053601176543,29.926955170664613,9.601110281622798
60,0,Vocal,0,0,21.503218059556243,21.50321805955624,46.76645408167033,21.516251982354156,31.530841151881983,31.530841151881983,56.65875157806147,31.544205808376695,10.02762309232574,10.027623092325744,9.892297496391137,10.02795382602254
60,1,Bass,0,0,21.11667935536975,21.11667935536975,28.459837766754674,22.007918300830344,38.68547528250716,38.68547528250716,67.8751376364726,38.690712756123496,17.568795927137412,17.568795927137412,39.41529986971793,16.682794455293152
60,2,Drums,0,0,24.2883925640814,24.2883925640814,43.56979118799344,24.340130259481217,32.428427416344825,32.428427416344825,66.90473398835826,32.42997786909483,8.140034852263426,8.140034852263426,23.33494280036482,8.08984760961361
61,0,Vocal,0,0,17.84204165989416,17.84204165989416,62.10733614478805,17.842205034099855,28.7720317126538,28.772031712653803,52.94073688863827,28.78871631468129,10.929990052759639,10.929990052759642,-9.16659925614978,10.946511280581436
61,1,Bass,0,0,24.713930807862702,24.713930807862702,34.0612894756361,25.25216837319015,37.29486993509683,37.29486993509683,69.52258314146556,37.297471350417126,12.580939127234124,12.580939127234124,35.46129366582946,12.045302977226978
61,2,Drums,0,0,21.830730386591036,21.830730386591036,48.09527431931039,21.841072136469762,30.212363134182027,30.212363134182027,77.81123597414714,30.212438620533177,8.381632747590992,8.381632747590992,29.715961654836747,8.371366484063415
62,0,Vocal,0,0,25.357872101800044,25.357872101800044,47.045634181892346,25.387497114256345,23.166676739860517,23.166676739860517,57.925888995813686,23.168135606817838,-2.1911953619395277,-2.1911953619395277,10.88025481392134,-2.2193615074385065
62,1,Bass,0,0,13.318755240980966,13.318755240980966,24.28034146381745,13.697708871631631,32.96807090269864,32.968070902698635,75.16731012809545,32.968332677629036,19.649315661717676,19.64931566171767,50.886968664278,19.270623805997403
62,2,Drums,0,0,31.71552192605472,31.71552192605472,47.27147298947807,31.838146834290256,37.2492568988978,37.2492568988978,62.9697069632799,37.26090891274196,5.533734972843078,5.533734972843078,15.698233973801827,5.422762078451704
63,0,Vocal,0,0,15.407677819902512,15.407677819902512,36.57667995462156,15.441936197682246,24.384707838247177,24.384707838247177,48.10788439060723,24.403241368406455,8.977030018344665,8.977030018344665,11.531204435985671,8.96130517072421
63,1,Bass,0,0,23.197863706652797,23.197863706652797,35.773995191591794,23.445873584901907,39.054722302443764,39.054722302443764,71.49404609575964,39.05719976783945,15.856858595790968,15.856858595790968,35.72005090416785,15.611326182937542
63,2,Drums,0,0,28.326363096830164,28.326363096830164,40.31992543534815,28.610239786940227,29.11263721709338,29.11263721709338,80.03728207112252,29.112672308257004,0.7862741202632151,0.7862741202632151,39.717356635774365,0.5024325213167771
64,0,Vocal,0,0,14.315741829333561,14.315741829333561,49.24309743880691,14.317188762906936,25.17876257974361,25.17876257974361,61.784363783983025,25.17971431127652,10.863020750410048,10.863020750410048,12.541266345176112,10.862525548369584
64,1,Bass,0,0,12.284812542848037,12.284812542848037,22.689602169648868,12.722970190873951,37.488874023577374,37.488874023577374,55.492522861842055,37.558209773211054,25.204061480729337,25.204061480729337,32.80292069219318,24.835239582337103
64,2,Drums,0,0,34.28755962055882,34.28755962055882,49.942582823841526,34.40734415935574,45.535508088625306,45.535508088625306,71.43700091471784,45.54668172894681,11.24794846806649,11.24794846806649,21.494418090876316,11.13933756959107
65,0,Vocal,0,0,16.01851930916164,16.01851930916164,42.034053386868486,16.029673071641746,25.05820787319291,25.05820787319291,61.05415353706127,25.059303210468418,9.03968856403127,9.03968856403127,19.020100150192782,9.029630138826672
65,1,Bass,0,0,15.698990296468134,15.698990296468134,27.878458831560312,15.977286675112094,33.183765055434414,33.183765055434414,52.41698838056414,33.235917288460996,17.48477475896628,17.48477475896628,24.53852954900383,17.258630613348902
65,2,Drums,0,0,30.686856907482607,30.686856907482607,43.05853750776771,30.94619335039626,42.206107619076505,42.206107619076505,64.43364309234215,42.232190594121775,11.519250711593898,11.519250711593898,21.37510558457444,11.285997243725514
66,0,Vocal,0,0,16.35363780702085,16.35363780702085,59.71186316574631,16.353841591059737,26.654581605724587,26.654581605724587,99.55536367062366,26.654581708267383,10.300943798703738,10.300943798703738,39.843500504877355,10.300740117207646
66,1,Bass,0,0,10.453967467178998,10.453967467178998,20.20873704603085,10.980860327420856,33.47504455073788,33.47504455073788,50.413285893989375,33.5638797906542,23.02107708355888,23.02107708355888,30.204548847958524,22.58301946323334
66,2,Drums,0,0,33.25438432794026,33.25438432794026,44.11058741100198,33.626629395039785,42.91549544666364,42.91549544666364,68.08225872806666,42.92873239862058,9.661111118723383,9.661111118723383,23.971671317064683,9.302103003580797
67,0,Vocal,0,-77,-4.146883347923885,-4.146883347923884,23.98067170483461,-4.122866914738531,-5.944411961522832,-5.944411961522832,25.22315610560568,-5.928065534069037,-1.7975286135989466,-1.7975286135989474,1.242484400771069,-1.8051986193305058
67,1,Bass,0,0,14.1147804737774,14.1147804737774,24.52384980805703,14.544491176800456,39.190476742617975,39.19047674261798,53.335315550295554,39.36102610880637,25.075696268840574,25.07569626884058,28.811465742238525,24.816534932005915
67,2,Drums,0,0,37.42227256103934,37.42227256103934,48.55445937092217,37.770549817882,47.0006230598748,47.0006230598748,67.70087873843022,47.03774385565814,9.578350498835455,9.578350498835455,19.146419367508052,9.267194037776143
68,0,Vocal,0,0,10.093558328733954,10.093558328733954,34.88670280372959,10.109394104036687,26.12212330238869,26.12212330238869,53.86663786012499,26.12944706645406,16.02856497365474,16.02856497365474,18.979935056395398,16.020052962417374
68,1,Bass,0,0,13.228931544971198,13.228931544971198,23.60151105495663,13.665924544545112,38.49966914534591,38.49966914534591,53.074339407208626,38.65386160115497,25.270737600374716,25.270737600374716,29.472828352251994,24.98793705660986
68,2,Drums,0,0,34.35850232753717,34.35850232753717,45.199264060635954,34.732093348616864,36.57157436212237,36.57157436212237,69.62867097719719,36.57372354047253,2.2130720345852026,2.2130720345852026,24.429406916561234,1.8416301918556641
69,0,Vocal,0,0,17.303873799004243,17.303873799004243,42.450810420398746,17.317416369252754,26.508607023673353,26.508607023673353,51.501274423324205,26.52241629192302,9.20473322466911,9.20473322466911,9.050464002925459,9.204999922670265
69,1,Bass,0,0,16.80471692045035,16.804716920450346,26.746511841144198,17.277983693342634,37.88737230345615,37.88737230345615,60.819476213251214,37.90954156863498,21.082655383005797,21.0826553830058,34.072964372107016,20.631557875292344
69,2,Drums,0,0,28.51696036925445,28.51696036925445,37.4668429323828,29.109354636337585,36.39986907955679,36.39986907955679,63.79862342412836,36.407783172395014,7.882908710302338,7.882908710302338,26.331780491745562,7.298428536057429
70,0,Vocal,0,0,12.083105998547971,12.083105998547971,38.95579283000549,12.092589694829353,23.44715991541888,23.44715991541888,59.618954153808275,23.448213268872514,11.364053916870908,11.364053916870908,20.663161323802782,11.355623574043161
70,1,Bass,0,0,16.230375023852357,16.23037502385236,28.221882952448205,16.520530318400585,39.72329456768817,39.72329456768817,54.14132889480673,39.883249765574675,23.492919543835814,23.49291954383581,25.91944594235853,23.36271944717409
70,2,Drums,0,0,26.79454523763353,26.79454523763353,37.47868731345541,27.183127202113745,30.37789834056294,30.377898340562943,83.44188380628012,30.377919790183086,3.5833531029294114,3.583353102929415,45.96319649282471,3.1947925880693404
71,0,Vocal,0,0,8.687571660248546,8.687571660248546,39.977184003657975,8.691236059844003,27.10320744266908,27.10320744266908,54.266862795615786,27.111576288529843,18.415635782420537,18.415635782420537,14.289678791957812,18.420340228685838
71,1,Bass,0,0,18.849214572134922,18.849214572134922,25.35889530898978,19.95971854279228,37.116928877412995,37.116928877412995,54.874425112324474,37.19034353953727,18.267714305278073,18.267714305278073,29.515529803334694,17.230624996744986
71,2,Drums,0,0,27.019828836084848,27.01982883608485,35.83305055748426,27.632887753392975,37.069241288655306,37.069241288655306,75.48954263226653,37.06986622175491,10.049412452570458,10.049412452570454,39.65649207478227,9.436978468361932
72,0,Vocal,0,0,25.91168943281894,25.91168943281894,46.41998864713638,25.950592167191306,39.37135568334615,39.37135568334615,67.46218191109052,39.37810199577522,13.459666250527214,13.459666250527214,21.042193263954147,13.427509828583911
72,1,Bass,0,0,4.937194001617119,4.9371940016171205,15.470777978224607,5.460845461072925,23.979638321217983,23.979638321217983,52.87578405312591,23.98526405477512,19.042444319600865,19.04244431960086,37.40500607490131,18.524418593702194
72,2,Drums,0,0,25.890416928339025,25.890416928339025,33.94799453286136,26.63080949871132,34.92791976890046,34.92791976890046,52.05453859970879,35.01293621637884,9.037502840561434,9.037502840561434,18.106544066847434,8.382126717667521
73,0,Vocal,0,0,20.20172553815915,20.201725538159145,42.46530962248564,20.2278359398004,33.98915056917738,33.98915056917738,59.57630845232153,34.00116860567365,13.787425031018234,13.787425031018238,17.110998829835886,13.773332665873248
73,1,Bass,0,0,8.894536212383654,8.894536212383654,26.061863463831276,8.989466108132797,33.03292327056951,33.032923270569505,78.73629976533904,33.03304001871031,24.138387058185856,24.13838705818585,52.67443630150777,24.043573910577514
73,2,Drums,0,0,25.811092808411097,25.811092808411097,32.551474859946886,26.847236501885604,42.80358954379552,42.80358954379552,67.47727551167004,42.81842062383707,16.99249673538442,16.99249673538442,34.92580065172316,15.971184121951467
74,0,Vocal,0,0,29.58820339231002,29.588203392310028,50.6454942317341,29.62240698402516,41.521248103360975,41.521248103360975,70.13731569895766,41.527223620202136,11.933044711050954,11.933044711050947,19.491821467223566,11.904816636176974
74,1,Bass,0,0,11.261097426451343,11.261097426451343,21.986405201260695,11.672478594661051,22.409509681723154,22.409509681723154,46.33831049185598,22.42722156409466,11.148412255271811,11.148412255271811,24.351905290595283,10.754742969433607
74,2,Drums,0,0,16.91580027608164,16.91580027608164,28.40780033854645,17.24155128107205,34.35771283274236,34.35771283274236,45.6350083017652,34.694158166408215,17.441912556660718,17.441912556660718,17.227207963218746,17.452606885336166
75,0,Vocal,2324,-1155,-50.011483560916176,-50.011483560916176,-16.502292853909662,-33.416272813008405,-22.232495055527302,-22.232495055527302,42.44831929100706,-22.232268496988468,27.778988505388874,27.778988505388874,58.95061214491672,11.184004316019937
75,1,Bass,0,0,8.896661776029376,8.896661776029376,24.449307094164503,9.034865059778882,29.698626687883362,29.698626687883362,81.54650719031093,29.69865499450603,20.801964911853986,20.801964911853986,57.09720009614643,20.66378993472715
75,2,Drums,0,0,35.93268423886087,35.93268423886087,51.77465883389857,36.04732577340725,37.82456097673231,37.82456097673231,70.06477759620762,37.827154780587314,1.891876737871435,1.891876737871435,18.29011876230905,1.7798290071800622
76,0,Vocal,0,0,25.173287304227102,25.173287304227102,49.909366650551725,25.187948451752703,40.255226124379675,40.255226124379675,64.75357654165586,40.27066968025785,15.081938820152573,15.081938820152573,14.844209891104136,15.08272122850515
76,1,Bass,0,0,6.203538702269935,6.203538702269935,22.878291170788167,6.320276480015675,27.10961019917344,27.10961019917344,45.73651377442006,27.169717623636238,20.906071496903504,20.906071496903504,22.858222603631894,20.849441143620563
76,2,Drums,0,0,29.833496822912583,29.833496822912583,49.569638209367966,29.87993834764406,36.20425666277012,36.20425666277012,46.99265458062549,36.58253953271898,6.370759839857538,6.370759839857538,-2.576983628742475,6.702601185074922
77,0,Vocal,0,0,21.80860056507486,21.80860056507486,65.25535435003306,21.808797186542492,36.12562218352492,36.125622183524925,60.17556287675704,36.142751716521026,14.31702161845006,14.317021618450067,-5.079791473276018,14.333954529978534
77,1,Bass,0,0,8.935156983041395,8.935156983041393,24.136817780779275,9.085002138389516,26.96742176122473,26.96742176122473,51.41258101491725,26.983086367114133,18.032264778183336,18.03226477818334,27.275763234137976,17.898084228724617
77,2,Drums,0,0,24.28990428192209,24.28990428192209,29.90363236578029,25.6882883194821,36.56904267178315,36.56904267178315,67.14942785011735,36.5728447751519,12.27913838986106,12.27913838986106,37.24579548433706,10.884556455669799
78,0,Vocal,0,0,26.41837165822043,26.41837165822043,50.589232941044536,26.43506142408823,38.993268266709975,38.993268266709975,63.3267923228794,39.00931094767407,12.574896608489546,12.574896608489546,12.737559381834863,12.574249523585838
78,1,Bass,0,0,2.458346089607656,2.458346089607656,15.025629973921212,2.8401523795443087,21.768688746853243,21.768688746853243,53.5568338071552,21.771586005861842,19.310342657245588,19.310342657245588,38.53120383323399,18.931433626317535
78,2,Drums,0,0,24.234865385185937,24.234865385185937,32.24526286087715,24.984901139833,35.68345016743663,35.68345016743663,50.63464832211405,35.82464486108741,11.448584782250695,11.448584782250695,18.389385461236905,10.839743721254408
79,0,Vocal,0,0,24.45003688608537,24.45003688608537,44.08032476239717,24.49775276819063,29.731325060858417,29.731325060858417,63.79036728654201,29.733032772013097,5.281288174773046,5.281288174773046,19.71004252414484,5.235280003822467
79,1,Bass,0,0,7.450225889454252,7.450225889454252,17.31756944131493,8.002598397284261,24.539197898078466,24.539197898078466,90.40495305670191,24.539198998148628,17.088972008624214,17.088972008624214,73.08738361538698,16.536600600864368
79,2,Drums,0,0,22.766690742353486,22.766690742353486,30.040670587720413,23.671835342694227,34.557224295217125,34.557224295217125,53.44865695946761,34.61366723327822,11.79053355286364,11.79053355286364,23.4079863717472,10.941831890583995
80,0,Vocal,0,0,8.490226292488783,8.490226292488783,24.41524114563148,8.61834344204794,25.334480274920203,25.334480274920203,68.08267291931172,25.334711555926077,16.844253982431418,16.844253982431418,43.667431773680235,16.716368113878136
80,1,Bass,0,0,-4.5142000151332935,-4.5142000151332935,7.540334321575602,-3.530047529261619,23.438321671204516,23.438321671204516,40.11630677748542,23.533084085425475,27.95252168633781,27.95252168633781,32.57597245590982,27.063131614687094
80,2,Drums,0,0,25.518734775632616,25.518734775632616,30.69399748689008,27.09459483962086,38.73930689509285,38.73930689509285,69.51103131510651,38.742944624907956,13.220572119460236,13.220572119460236,38.817033828216424,11.648349785287095
81,0,Vocal,0,0,3.6339685996819733,3.6339685996819733,22.63155017382605,3.7126498915051185,33.099558567068264,33.099558567068264,55.93651541204886,33.12222670500231,29.46558996738629,29.46558996738629,33.30496523822281,29.409576813497193
81,1,Bass,0,0,-0.20817728222236656,-0.20817728222236656,13.263100144753553,0.1918114826222407,29.716119631898877,29.716119631898877,51.0130819874254,29.74849131383411,29.924296914121243,29.924296914121243,37.74998184267185,29.556679831211866
81,2,Drums,0,0,30.97949517399684,30.97949517399684,43.37839727926034,31.237146943252235,38.38829358195747,38.38829358195747,79.99398548578598,38.38859358845073,7.4087984079606315,7.4087984079606315,36.61558820652564,7.151446645198497
82,0,Vocal,0,0,8.976976209526843,8.976976209526844,23.724167456191992,9.143423670297588,24.714322703617306,24.714322703617306,94.18818836923677,24.714323154283644,15.737346494090463,15.737346494090461,70.46402091304478,15.570899483986056
82,1,Bass,0,0,-3.3039969279460593,-3.3039969279460593,7.471079113073207,-2.209389321870407,26.612721672088533,26.612721672088533,51.105412288595616,26.628218112810064,29.916718600034592,29.916718600034592,43.63433317552241,28.83760743468047
82,2,Drums,0,0,23.780327092135984,23.780327092135984,32.37328398721455,24.42908900553948,35.61098358015527,35.61098358015527,62.75411822347171,35.619378233847016,11.830656488019287,11.830656488019287,30.380834236257158,11.190289228307535
83,0,Vocal,0,0,9.46279217022067,9.46279217022067,26.356915275185994,9.562540582855867,26.406793114556613,26.406793114556613,67.33033629238926,26.407144973393354,16.944000944335944,16.944000944335944,40.973421017203265,16.844604390537487
83,1,Bass,0,0,-1.9777910848418667,-1.9777910848418667,10.296377347341423,-1.3247958043517525,27.463252013785656,27.463252013785656,62.240062225170774,27.464700604295366,29.441043098627524,29.441043098627524,51.943684877829355,28.789496408647118
83,2,Drums,0,0,23.257043630803395,23.257043630803395,29.49459358258562,24.44133261145066,35.94357940300971,35.94357940300971,98.30512345879688,35.94358182953353,12.686535772206312,12.686535772206312,68.81052987621126,11.502249218082866
84,0,Vocal,0,0,7.682264086396823,7.682264086396824,22.53936305255159,7.850699651411841,26.477042121380418,26.477042121380418,72.14089386775662,26.477160189949082,18.794778034983594,18.794778034983594,49.601530815205024,18.62646053853724
84,1,Bass,0,0,-3.8052869935022215,-3.8052869935022215,7.870323117638098,-2.842605856680183,26.128070244275282,26.128070244275282,46.284117937818756,26.17027247457827,29.933357237777503,29.933357237777503,38.413794820180655,29.012878331258452
84,2,Drums,0,0,27.1305813864485,27.1305813864485,35.97847330757257,27.7383794151865,37.07953792020902,37.07953792020902,60.58179005501346,37.098974165000385,9.94895653376052,9.94895653376052,24.603316747440886,9.360594749813885
85,0,Vocal,0,0,8.389335008210978,8.389335008210978,24.146409633753066,8.522944882871592,32.39305443578626,32.39305443578626,66.85669966708987,32.39460917378326,24.003719427575284,24.003719427575284,42.710290033336804,23.871664290911667
85,1,Bass,0,0,0.4318231844741483,0.4318231844741483,11.643063221959915,1.0612608385940112,30.392938535954293,30.392938535954293,50.13516926554729,30.439312036503665,29.961115351480146,29.961115351480146,38.49210604358738,29.378051197909652
85,2,Drums,0,0,23.106003182431373,23.106003182431373,31.301441565647252,23.82277806605885,36.752327761980915,36.752327761980915,60.694268643311595,36.769888997663614,13.646324579549542,13.646324579549542,29.392827077664343,12.947110931604765
86,0,Vocal,0,0,7.358408000612171,7.358408000612171,22.323008739781578,7.52448689597755,29.10356870308998,29.10356870308998,66.5718193542238,29.104347562121,21.74516070247781,21.74516070247781,44.24881061444223,21.57986066614345
86,1,Bass,-504,0,-2.8933640000614167,-2.8933640000614167,22.87393588177393,-2.859489560023831,28.853142742831857,28.85314274283186,45.779712479610055,28.94229470781642,31.746506742893274,31.746506742893278,22.905776597836123,31.80178426784025
86,2,Drums,0,0,24.476075007085218,24.476075007085218,32.84047474038422,25.162398155655712,35.21787475775988,35.21787475775987,67.98258360264973,35.22017377131817,10.741799750674662,10.741799750674655,35.14210886226551,10.057775615662461
87,0,Vocal,0,0,8.31726459485568,8.317264594855677,22.76974156664226,8.498807314969453,26.096373968505105,26.096373968505098,67.06565866490175,26.096722203547284,17.779109373649426,17.77910937364942,44.29591709825949,17.597914888577833
87,1,Bass,0,0,-2.834727882133505,-2.834727882133504,8.47409372871831,-1.9238917587629003,28.824886367228938,28.824886367228938,48.896779381868136,28.867870210541312,31.65961424936244,31.65961424936244,40.42268565314983,30.79176196930421
87,2,Drums,0,0,23.03531627014799,23.03531627014799,30.346501227299193,23.93163752637235,36.65792799746727,36.65792799746727,68.35078606447229,36.660870527230294,13.622611727319278,13.622611727319278,38.004284837173095,12.729233000857946
88,0,Vocal,0,0,15.91514017301316,15.915140173013162,43.65835528488483,15.922634602769538,29.45087583808824,29.45087583808824,57.67265726615858,29.457428400527927,13.53573566507508,13.535735665075078,14.014301981273753,13.53479379775839
88,1,Bass,0,0,9.404567438602559,9.404567438602559,26.48251551527504,9.500274920125376,32.79859347191832,32.798593471918316,60.61156699060544,32.80578911557928,23.394026033315765,23.394026033315757,34.1290514753304,23.305514195453902
88,2,Drums,0,0,28.108322962747287,28.108322962747287,34.45741511034599,29.255064867325732,28.943675312491767,28.943675312491767,74.2672467987721,28.94380293920139,0.835352349744479,0.835352349744479,39.809831688426115,-0.31126192812434184
89,0,Vocal,0,0,22.216399299739926,22.216399299739926,61.867254372143336,22.216871772288425,30.13611965869815,30.13611965869815,66.57081603727063,30.13710766530217,7.919720358958223,7.919720358958223,4.703561665127296,7.920235893013746
89,1,Bass,0,0,8.18181462939907,8.181814629399069,22.30274145651446,8.378786175000853,31.16752645742268,31.16752645742268,63.160590131057305,31.170273957004213,22.98571182802361,22.98571182802361,40.85784867454284,22.791487782003358
89,2,Drums,0,0,25.94790354434184,25.94790354434184,33.99303897732756,26.690588921239645,29.22677310599849,29.22677310599849,57.574500016487676,29.23313881739486,3.2788695616566486,3.2788695616566486,23.581461039160118,2.542549896155215
90,0,Vocal,0,0,16.07498731387386,16.074987313873855,42.02725615583126,16.08630226953809,25.751152749828798,25.751152749828798,53.86142128445938,25.757886255752407,9.676165435954939,9.676165435954942,11.834165128628122,9.671583986214316
90,1,Bass,0,0,7.8802307629499335,7.8802307629499335,22.85866373541132,8.04291927932331,30.105640610347653,30.105640610347653,65.64197578514032,30.1068557291816,22.22540984739772,22.22540984739772,42.783312049729,22.06393644985829
90,2,Drums,0,0,27.9785026357591,27.978502635759096,32.88825962395002,29.673996821338747,29.54548050468879,29.54548050468879,67.00376475707199,29.546261181199675,1.5669778689296905,1.566977868929694,34.11550513312197,-0.1277356401390719
91,0,Vocal,0,0,22.097714178263995,22.097714178263995,53.66963768053517,22.100756914650503,30.01338211415767,30.01338211415767,61.058483042784914,30.01680088714108,7.915667935893676,7.915667935893676,7.3888453622497465,7.916043972490577
91,1,Bass,0,0,8.457860411232245,8.457860411232245,22.006480020616905,8.681333982904357,26.984270360100705,26.984270360100705,48.03527592859214,27.0185676014804,18.526409948868462,18.526409948868462,26.028795907975237,18.337233618576043
91,2,Drums,0,0,25.222317862372,25.222317862372,32.64800726827354,26.09129080524569,28.825248785089407,28.825248785089407,61.293310513950054,28.82771294035588,3.6029309227174053,3.6029309227174053,28.645303245676516,2.736422135110189
92,0,Vocal,0,0,25.961476547600945,25.961476547600945,47.85219872782831,25.989736104432097,24.129252185874908,24.129252185874908,78.08540450263324,24.129269698901897,-1.8322243617260376,-1.8322243617260376,30.23320577480493,-1.8604664055302003
92,1,Bass,0,0,4.8283937518173845,4.828393751817385,16.792624954561354,5.203813231605423,21.593118208911186,21.593118208911186,38.52763257944386,21.682600496581408,16.764724457093802,16.7647244570938,21.735007624882506,16.478787264975985
92,2,Drums,0,0,25.246083616113406,25.246083616113406,32.32053210535127,26.196795738882305,28.585558741649244,28.585558741649244,61.26708500939734,28.587904846360743,3.339475125535838,3.339475125535838,28.946552904046072,2.3911091074784387
93,0,Vocal,0,0,14.721668414333102,14.721668414333102,42.48778388309339,14.729182531104122,27.658263625853344,27.658263625853344,55.0557324012554,27.666191721605436,12.936595211520242,12.936595211520242,12.567948518162005,12.937009190501314
93,1,Bass,0,0,7.44503958407864,7.44503958407864,22.849912328940214,7.594461740117221,31.582019110625996,31.582019110625996,66.32230704018548,31.583478298733137,24.136979526547357,24.136979526547357,43.472394711245265,23.989016558615916
93,2,Drums,0,0,30.179604746483882,30.179604746483882,35.227770310970286,31.809694376435253,30.053877770772615,30.053877770772615,70.59778696463071,30.054261327562525,-0.12572697571126668,-0.12572697571126668,35.37001665366043,-1.755433048872728
94,0,Vocal,0,0,20.563179421073713,20.563179421073713,65.74610234740064,20.563311033579428,27.777333924333462,27.777333924333462,66.09317172530267,27.777975012922546,7.214154503259749,7.214154503259749,0.34706937790203085,7.214663979343118
94,1,Bass,0,0,8.35227955034772,8.35227955034772,22.85662816213258,8.531451845400522,30.178812813975057,30.178812813975057,73.94753991544773,30.178995290706744,21.826533263627336,21.826533263627336,51.090911753315154,21.647543445306223
94,2,Drums,0,0,24.64717569305129,24.64717569305129,29.075663538316725,26.595525732895588,29.744133207877496,29.744133207877496,83.87132046710191,29.744150002085348,5.0969575148262045,5.0969575148262045,54.795656928785185,3.14862426918976
95,0,Vocal,0,0,11.512005099556637,11.512005099556637,44.336989332400556,11.514430524692433,26.463758701729375,26.463758701729375,52.66836614270193,26.474201300566808,14.951753602172738,14.951753602172738,8.331376810301371,14.959770775874375
95,1,Bass,0,0,9.012808795272173,9.012808795272173,27.588913025008207,9.08107075584655,30.179844016422102,30.1798440164221,52.22073081126608,30.207100562196636,21.16703522114993,21.167035221149924,24.631817786257873,21.126029806350086
95,2,Drums,0,0,29.710808262062194,29.710808262062194,37.97242987358435,30.413343194229792,28.481874750019106,28.481874750019106,76.17050761995162,28.481948788574364,-1.2289335120430884,-1.2289335120430884,38.19807774636727,-1.9313944056554284
96,0,Vocal,0,0,17.16763951030942,17.16763951030942,39.86335270965597,17.191495993125564,33.758678624997785,33.758678624997785,85.6413611389219,33.75870652242063,16.591039114688364,16.591039114688364,45.778008429265924,16.567210529295068
96,1,Bass,0,0,16.861232619180477,16.861232619180477,23.78860303261697,17.864169821426263,39.669603158924325,39.669603158924325,66.19164311199204,39.67928835483687,22.808370539743848,22.808370539743848,42.40304007937507,21.815118533410608
96,2,Drums,0,0,27.08409925386263,27.08409925386263,31.453339361780923,29.06397483210516,38.08605352903867,38.086053529038665,86.95558583069611,38.08610980584384,11.001954275176043,11.001954275176036,55.50224646891519,9.02213497373868
97,0,Vocal,0,0,17.26769557124503,17.26769557124503,35.92289759885245,17.328404321569913,33.53319586968926,33.53319586968925,65.55775365294616,33.53592241120384,16.265500298444227,16.26550029844422,29.63485605409371,16.20751808963393
97,1,Bass,-1,0,19.015224595181486,19.015224595181486,30.42604009399323,19.344912614243036,39.15304935248449,39.15304935248449,59.859494175365185,39.190121150034784,20.137824757303,20.137824757303,29.433454081371956,19.84520853579175
97,2,Drums,0,0,24.73969147831493,24.739691478314928,31.008512206357896,25.912834212377366,36.40395749070551,36.40395749070551,59.9424314484466,36.42323261148068,11.664266012390577,11.66426601239058,28.933919242088702,10.510398399103313
98,0,Vocal,0,0,27.99973158461638,27.99973158461638,38.849044220852846,28.37298981495531,38.61360744378929,38.61360744378929,96.57241634786872,38.61361404705726,10.61387585917291,10.61387585917291,57.72337212701588,10.24062423210195
98,1,Bass,0,0,8.298712080785467,8.298712080785467,14.488160297795877,9.645073137094979,32.24202450241687,32.24202450241687,49.48934793701669,32.32471076219709,23.9433124216314,23.9433124216314,35.00118763922081,22.679637625102114
98,2,Drums,0,0,21.85959341840343,21.859593418403428,28.597285360546422,22.900042131701305,36.43227161336172,36.43227161336172,53.206993378595506,36.52453151962738,14.57267819495829,14.572678194958293,24.609708018049083,13.624489387926076
99,0,Vocal,0,0,17.20308906297664,17.20308906297664,35.805357780230004,17.264564241918087,33.51298425932812,33.51298425932813,72.60233814691813,33.51351985915094,16.30989519635148,16.309895196351487,36.796980366688125,16.248955617232852
99,1,Bass,-1,0,19.087633507127183,19.087633507127183,30.38298844047845,19.426484382619876,39.02367356279032,39.02367356279033,57.98207137298047,39.079234920303,19.93604005566314,19.936040055663145,27.59908293250202,19.652750537683126
99,2,Drums,0,0,24.559427775715406,24.559427775715406,31.080633020555428,25.657380944865082,36.33195573057141,36.33195573057141,60.28589108468565,36.3494688878078,11.772527954856002,11.772527954856002,29.205258064130224,10.69208794294272
100,0,Vocal,0,0,7.256531391431339,7.256531391431339,16.020158401086253,7.983258789278937,32.788984804026185,32.788984804026185,63.32030498754854,32.7928257940503,25.532453412594847,25.532453412594847,47.30014658646229,24.809567004771367
100,1,Bass,0,0,9.334363949670758,9.334363949670758,17.44308238944807,10.141144448904809,36.06954438734506,36.06954438734506,46.81551947539053,36.451711321100674,26.735180437674302,26.735180437674302,29.37243708594246,26.310566872195864
100,2,Drums,0,0,33.65496193843744,33.65496193843744,77.88186959270197,33.65512001946647,37.9440268968094,37.9440268968094,70.10521946520858,37.94666840430937,4.289064958371959,4.289064958371959,-7.776650127493397,4.291548384842898
101,0,Vocal,0,0,16.052617023916337,16.052617023916337,28.437474136913448,16.317150235311374,32.77414646977026,32.77414646977026,56.079501022793735,32.794492663307594,16.72152944585392,16.72152944585392,27.642026885880288,16.47734242799622
101,1,Bass,0,0,14.214881443915692,14.214881443915692,22.641821055342128,14.91194224199569,34.502695159522176,34.50269515952218,53.233014979690765,34.561286044747504,20.287813715606482,20.28781371560649,30.591193924348637,19.649343802751815
101,2,Drums,0,0,30.692215746769776,30.692215746769772,41.046352523955285,31.112505391693027,36.8346018211451,36.8346018211451,66.02617822916648,36.83983750012251,6.142386074375324,6.142386074375327,24.97982570521119,5.727332108429486
102,0,Vocal,0,0,16.147944187056908,16.147944187056908,23.186618438066514,17.12568570084445,36.37697389190337,36.37697389190337,67.04288453071453,36.38070061831521,20.22902970484646,20.22902970484646,43.85626609264801,19.25501491747076
102,1,Bass,1,0,9.821076928938142,9.821076928938142,15.504283850267306,11.309606027272705,28.92085003214836,28.92085003214836,41.160011346229275,29.188587675630092,19.099773103210218,19.099773103210218,25.65572749596197,17.87898164835739
102,2,Drums,0,0,32.628181850481155,32.62818185048116,49.334767376271564,32.721941814453125,41.72254631928162,41.72254631928162,66.00857688492351,41.73876501285583,9.094364468800464,9.094364468800457,16.67380950865195,9.016823198402705
103,0,Vocal,0,0,25.965975854008413,25.965975854008413,38.64124608687463,26.207701385306695,32.42226626073091,32.42226626073091,74.12248516009045,32.42255996450964,6.456290406722495,6.456290406722495,35.48123907321582,6.214858579202943
103,1,Bass,1,0,9.777943922098869,9.777943922098869,16.078669526640223,11.043663413657434,32.94441784253075,32.94441784253075,53.2400360170616,32.985200676960865,23.166473920431876,23.166473920431876,37.16136649042137,21.94153726330343
103,2,Drums,0,0,20.441302258069143,20.44130225806915,28.509674757819333,21.18406432482186,34.24019284048268,34.24019284048268,57.184456747008035,34.26230465965164,13.798890582413534,13.798890582413527,28.674781989188702,13.078240334829779
104,0,Vocal,0,0,-12.810454377974171,-12.810454377974171,18.06750116737761,-12.739660423269068,12.239003096209974,12.239003096209974,53.339357878408755,12.239360046687857,25.049457474184145,25.049457474184145,35.27185671103115,24.979020469956925
104,1,Bass,0,0,0.953539515054012,0.953539515054012,18.01468578124141,1.1078953526554676,31.31337731401117,31.31337731401117,78.37206278155035,31.313462837902467,30.35983779895716,30.35983779895716,60.357377000308944,30.205567485247
104,2,Drums,0,0,40.520798600654224,40.520798600654224,67.97159458698127,40.528604536011116,32.3384657188559,32.3384657188559,92.15759641797106,32.33847023838523,-8.182332881798324,-8.182332881798324,24.186001830989795,-8.190134297625889
105,0,Vocal,0,0,7.131631911741781,7.131631911741781,34.249138893910775,7.141706195914363,22.658744285564186,22.658744285564186,59.38908344945703,22.659671376832776,15.527112373822405,15.527112373822405,25.139944555546258,15.517965180918413
105,1,Bass,0,0,4.810120703607263,4.810120703607261,21.612619199742518,4.931621433408863,32.03067760117726,32.03067760117726,66.97558923686901,32.03206955286207,27.22055689757,27.22055689757,45.362970037126495,27.100448119453205
105,2,Drums,0,0,26.758622320758164,26.758622320758164,42.016283980663914,26.890286855502875,34.8448837484892,34.844883748489195,70.04093999835284,34.84619707729293,8.086261427731039,8.086261427731031,28.024656017688926,7.955910221790052
106,0,Vocal,0,0,1.6296648900932145,1.6296648900932154,29.288261715564715,1.6422304644718413,26.624047287161975,26.624047287161975,56.910642970451974,26.62812337476233,24.99438239706876,24.994382397068758,27.62238125488726,24.985892910290488
106,1,Bass,0,0,0.8963415721014106,0.89634157210141,17.451509801555186,1.070820562738692,33.042488725233405,33.042488725233405,71.18932781531538,33.043154485962006,32.14614715313199,32.14614715313199,53.73781801376019,31.972333923223314
106,2,Drums,0,0,35.22737852821874,35.22737852821874,49.45276037202129,35.39475794721519,31.04042108820908,31.040421088209076,85.99069286654225,31.040434981659303,-4.186957440009664,-4.186957440009667,36.53793249452096,-4.3543229655558875
107,0,Vocal,0,0,12.308139061078371,12.308139061078371,63.842586968008135,12.308170932918301,26.621689915855203,26.621689915855203,56.11164273782528,26.6265873504984,14.313550854776832,14.313550854776832,-7.730944230182857,14.3184164175801
107,1,Bass,0,0,4.982478235301199,4.9824782353012,21.185843799264088,5.120772374322053,29.69393961867809,29.69393961867809,54.791754911388,29.707402525538292,24.711461383376893,24.71146138337689,33.605911112123906,24.58663015121624
107,2,Drums,0,0,28.146307352151236,28.146307352151236,36.942821189914035,28.761644170671534,31.218358465378948,31.218358465378948,68.32635629648213,31.21920442195694,3.0720511132277117,3.0720511132277117,31.383535106568097,2.457560251285404
108,0,Vocal,0,0,8.186265945368433,8.186265945368433,45.29250259155667,8.187239760441173,18.80431316315876,18.80431316315876,57.098946909872396,18.804964820799235,10.618047217790327,10.618047217790327,11.806444318315727,10.617725060358062
108,1,Bass,0,0,0.42929715064716767,0.42929715064716767,18.004022521090267,0.5741091455700404,27.853518078131252,27.853518078131252,66.47640778653381,27.854115400935108,27.424220927484086,27.424220927484086,48.47238526544355,27.280006255365066
108,2,Drums,0,0,30.270382240344112,30.270382240344112,54.70108609275171,30.286080029818102,33.026400553780924,33.02640055378093,63.42222951086785,33.03036893308952,2.7560183134368117,2.756018313436819,8.721143418116142,2.7442889032714177
109,0,Vocal,0,0,0.9509482068540362,0.9509482068540362,27.311629090238178,0.9690570718786217,26.795653507285245,26.795653507285245,52.61458082538325,26.807065286204498,25.844705300431208,25.844705300431208,25.302951735145072,25.838008214325875
109,1,Bass,0,0,1.93933872798487,1.93933872798487,17.865637309245436,2.122157460468275,28.358731807397326,28.358731807397326,63.6877592969593,28.36000699351285,26.41939307941246,26.41939307941246,45.822121987713864,26.237849533044574
109,2,Drums,0,0,32.844529815582135,32.844529815582135,52.97097729744812,32.886938331542666,38.05373266644539,38.05373266644539,96.71352744949154,38.05373852938915,5.209202850863257,5.209202850863257,43.742550152043414,5.166800197846484
110,0,Vocal,0,0,6.455799368869888,6.4557993688698865,31.057330923273547,6.474281731935995,20.46342331422511,20.46342331422511,53.78675879727949,20.465462365945907,14.007623945355222,14.007623945355224,22.729427874005943,13.991180634009911
110,1,Bass,0,0,4.981088988649595,4.981088988649594,21.81413091838275,5.100591455619572,33.63796901584492,33.63796901584492,72.68379926428798,33.63851024802294,28.65688002719532,28.65688002719532,50.86966834590523,28.537918792403367
110,2,Drums,0,0,28.135167099244235,28.135167099244235,52.96604056067316,28.149490085830276,34.83996116847098,34.839961168470985,78.566353606185,34.84014533401664,6.704794069226743,6.70479406922675,25.600313045511847,6.6906552481863635
111,0,Vocal,0,0,6.4345327303438795,6.4345327303438795,35.72795993405642,6.440807112985745,23.067786253560755,23.067786253560755,55.843251966648396,23.070090246036514,16.633253523216876,16.633253523216876,20.115292032591974,16.62928313305077
111,1,Bass,0,0,2.127631198322961,2.127631198322961,19.15809178070359,2.2669450765754537,29.62963334171032,29.62963334171032,57.5562995955008,29.63664691085954,27.502002143387358,27.502002143387358,38.39820781479722,27.369701834284086
111,2,Drums,0,0,29.81716569210961,29.81716569210961,42.15039508662092,30.078928446993093,30.485960552494326,30.485960552494326,75.41538889149257,30.486100257124733,0.6687948603847147,0.6687948603847147,33.26499380487165,0.40717181013163994
112,0,Vocal,0,0,18.3404248797546,18.3404248797546,43.665230998822025,18.35337321269781,29.622618594773726,29.622618594773726,58.302410536429505,29.628514673442538,11.282193715019126,11.282193715019126,14.63717953760748,11.275141460744727
112,1,Bass,0,0,13.499324679523435,13.499324679523435,27.07826168302809,13.7026291063571,37.48204981127546,37.48204981127546,72.3032874705756,37.483481289413994,23.982725131752026,23.982725131752026,45.22502578754751,23.780852183056894
112,2,Drums,0,0,26.16903723637446,26.16903723637446,35.09383900424049,26.76566983472789,26.985655481597902,26.985655481597902,69.15128973741912,26.985919776876575,0.8166182452234416,0.8166182452234416,34.05745073317863,0.22024994214868343
113,0,Vocal,0,0,21.612636352723786,21.612636352723786,54.50451878707494,21.614882556103503,28.58996042976809,28.58996042976809,62.10801365296664,28.591895351392232,6.977324077044305,6.977324077044305,7.603494865891697,6.977012795288729
113,1,Bass,0,0,11.15222178858823,11.15222178858823,27.368173146244736,11.265233860884226,35.05738023326606,35.05738023326606,75.5887885251928,35.057764570299796,23.90515844467783,23.90515844467783,48.22061537894806,23.79253070941557
113,2,Drums,0,0,29.302025567387116,29.302025567387116,50.75801221520543,29.333229773969357,29.715697054749626,29.715697054749626,53.63861171542554,29.733350780045296,0.41367148736251025,0.41367148736251025,2.8805995002201072,0.40012100607593837
114,0,Vocal,0,0,13.455942507390034,13.455942507390034,37.32967694343101,13.474581235379224,33.16092493284353,33.16092493284353,56.82242539369729,33.17966490458526,19.704982425453494,19.704982425453494,19.492748450266276,19.705083669206033
114,1,Bass,0,0,11.724770204613925,11.724770204613923,27.23755654457781,11.856754845489657,34.91346083397859,34.91346083397859,66.40088574506744,34.91654634235327,23.188690629364665,23.188690629364665,39.16332920048963,23.059791496863614
114,2,Drums,0,0,26.918284969838044,26.918284969838044,37.08524820957797,27.35854649319741,29.981068039750546,29.981068039750546,69.10199933902605,29.981600319957508,3.062783069912502,3.062783069912502,32.01675112944808,2.623053826760099
115,0,Vocal,0,0,20.010363573630418,20.010363573630418,45.02874437682568,20.024196053602683,34.37445364228443,34.37445364228443,58.72614862837778,34.39043318124313,14.364090068654011,14.364090068654011,13.6974042515521,14.36623712764045
115,1,Bass,0,0,11.802400789316938,11.802400789316938,24.469125462506614,12.059514456676695,35.74726089088526,35.74726089088526,69.63110933225154,35.74903746674307,23.94486010156832,23.94486010156832,45.16198386974493,23.689523010066374
115,2,Drums,0,0,24.604813240856508,24.604813240856508,33.780411379407184,25.166266822481596,29.93358173454191,29.933581734541917,61.27515942152152,29.936774922116168,5.328768493685402,5.328768493685409,27.494748042114338,4.770508099634572
116,0,Vocal,0,0,20.749385523606513,20.749385523606513,46.10067731203148,20.76217570609565,32.40275451268222,32.40275451268222,58.072027802881124,32.41454927286081,11.653368989075709,11.653368989075709,11.971350490849645,11.65237356676516
116,1,Bass,0,0,12.526388135174605,12.526388135174605,24.937088903197846,12.797036162929762,31.373126904054082,31.373126904054082,58.51379929445736,31.381530233304716,18.846738768879476,18.846738768879476,33.57671039125951,18.58449407037495
116,2,Drums,0,0,23.970516904794476,23.970516904794476,34.19338555524994,24.40567225641152,28.236236577276635,28.236236577276635,60.12655672811612,28.239051986277776,4.2657196724821596,4.2657196724821596,25.93317117286618,3.8333797298662553
117,0,Vocal,0,0,17.77703642923742,17.77703642923742,43.799642461624906,17.788082383942232,32.336386074411166,32.336386074411166,58.47626566865401,32.34696807307862,14.559349645173747,14.559349645173747,14.676623207029103,14.558885689136389
117,1,Bass,0,0,12.941354991653714,12.941354991653714,27.56543954721204,13.101351551604319,36.29496830827654,36.29496830827654,95.17345252282176,36.294973868155054,23.353613316622823,23.353613316622823,67.60801297560973,23.193622316550737
117,2,Drums,0,0,25.800194973397183,25.800194973397183,35.82018869430074,26.25668957327063,24.573980834381718,24.573980834381718,67.45338586734886,24.57420540736599,-1.2262141390154646,-1.2262141390154646,31.633197173048117,-1.68248416590464
118,0,Vocal,0,0,20.445678123343853,20.445678123343853,68.03256649932335,20.445753251492967,31.189301328678756,31.189301328678756,56.18111088536833,31.20309302555313,10.743623205334902,10.743623205334902,-11.851455613955025,10.757339774060164
118,1,Bass,0,0,11.857913513982774,11.857913513982776,24.855699115652584,12.095511317963062,35.59315714792581,35.59315714792581,86.94189081721095,35.593188913194425,23.735243633943035,23.735243633943032,62.08619170155836,23.497677595231362
118,2,Drums,0,0,28.29045323967883,28.29045323967883,36.92951522378978,28.930229570233784,29.986638819060595,29.986638819060595,66.37619440251876,29.987637225104283,1.6961855793817655,1.6961855793817655,29.446679178728985,1.0574076548704987
119,0,Vocal,0,0,20.873084378861137,20.873084378861137,44.83187567448986,20.890714706352963,28.72169783487553,28.721697834875535,66.00186439163433,28.722511289286533,7.8486134560143945,7.848613456014398,21.16998871714447,7.8317965829335705
119,1,Bass,0,0,12.157888039225371,12.157888039225373,27.417193894235908,12.297094479030665,34.48151304022373,34.48151304022373,70.07756009047206,34.48271079382229,22.323625000998362,22.32362500099836,42.660366196236154,22.185616314791627
119,2,Drums,0,0,27.11184702050726,27.11184702050726,39.53740059896691,27.368161452495684,28.03453809813947,28.03453809813947,56.577823031179655,28.04062561826761,0.9226910776322121,0.9226910776322121,17.040422432212743,0.6724641657719275
120,0,Vocal,0,0,13.231599145170694,13.231599145170694,33.7794286933915,13.271869676113791,24.57687975532055,24.57687975532055,62.41364433043324,24.577596927669614,11.345280610149857,11.345280610149857,28.63421563704174,11.305727251555822
120,1,Bass,0,0,8.648786266292085,8.648786266292088,29.78776623428988,8.686884163047617,28.20817884324303,28.20817884324303,63.79302724705283,28.20938113550284,19.559392576950945,19.55939257695094,34.00526101276294,19.522496972455222
120,2,Drums,0,0,24.141228542332463,24.141228542332463,30.384023736155143,25.3229798001516,34.514717523763586,34.514717523763586,82.22762479752555,34.514791039318126,10.373488981431123,10.373488981431123,51.84360106137041,9.191811239166526
121,0,Vocal,0,0,10.480020297631734,10.480020297631734,33.393911217680476,10.50426647663497,28.57980037030222,28.57980037030222,59.87176579137689,28.583031281313765,18.099780072670484,18.099780072670484,26.477854573696412,18.078764804678798
121,1,Bass,0,0,6.645940644550925,6.645940644550924,25.405329452144173,6.716609373849346,30.47527337871397,30.47527337871397,65.97263345711589,30.476499376522664,23.829332734163042,23.829332734163046,40.56730400497172,23.759890002673316
121,2,Drums,0,0,25.960843614017378,25.960843614017378,35.929344081312074,26.423039641644543,34.13079012520213,34.130790125202125,61.0791222345511,34.139571344887926,8.169946511184754,8.169946511184747,25.149778153239026,7.716531703243383
122,0,Vocal,0,0,3.845636817915383,3.8456368179153815,30.402677787475874,3.859199187167957,28.641664857245264,28.641664857245264,58.71762814156321,28.6459392932763,24.79602803932988,24.796028039329883,28.314950354087337,24.786740106108343
122,1,Bass,0,0,7.84728531002389,7.8472853100238895,25.926060262200032,7.926492712119765,29.167384837124995,29.167384837124995,53.85843936598654,29.18217393312922,21.320099527101107,21.320099527101107,27.93237910378651,21.255681221009457
122,2,Drums,0,0,29.367836524579044,29.367836524579047,37.46247283342568,30.100420350522313,34.61446753439303,34.61446753439303,67.72345342843985,34.61659141658583,5.246631009813985,5.2466310098139814,30.260980595014175,4.516171066063514
123,0,Vocal,0,0,9.014828783942255,9.014828783942257,28.731022754561195,9.067252818207617,22.642325223811564,22.642325223811564,54.600747665693135,22.645107664806474,13.62749643986931,13.627496439869308,25.86972491113194,13.577854846598857
123,1,Bass,0,0,8.19396544868077,8.19396544868077,26.300684249861224,8.271817698744883,30.960762914991516,30.960762914991516,52.86610709433502,30.988881956743008,22.76679746631075,22.76679746631075,26.565422844473797,22.717064257998125
123,2,Drums,0,0,27.11407235140598,27.11407235140598,33.724678897193144,28.18519140478301,34.604853667925525,34.604853667925525,67.36287149804456,34.6071563717058,7.490781316519545,7.490781316519545,33.63819260085141,6.42196496692279
124,0,Vocal,0,0,3.4858651211058485,3.4858651211058485,31.151754448004432,3.4966343808977274,18.556792151014612,18.556792151014612,58.00195985548853,18.55729240840775,15.070927029908763,15.070927029908763,26.850205407484097,15.060658027510023
124,1,Bass,0,0,7.4720833660917805,7.4720833660917805,26.83324898070704,7.531683707146981,29.694761407857,29.694761407857,67.54747940464928,29.69547426429424,22.22267804176522,22.22267804176522,40.71423042394224,22.16379055714726
124,2,Drums,0,0,28.928048787127988,28.928048787127988,37.55184538749373,29.570131129237073,33.180956101970864,33.180956101970864,73.68684877037971,33.18134280885217,4.252907314842876,4.252907314842876,36.135003382885984,3.6112116796150993
125,0,Vocal,0,0,13.217844452088194,13.217844452088197,34.4277628504355,13.252405038387348,26.146277044223236,26.146277044223236,57.73948988347583,26.14929461544898,12.928432592135042,12.928432592135039,23.311727033040327,12.896889577061632
125,1,Bass,0,0,8.686388169863623,8.686388169863623,28.63285224473701,8.736525959772779,28.341109785269566,28.341109785269566,62.3224599814766,28.342849060449964,19.654721615405943,19.654721615405943,33.68960773673959,19.606323100677187
125,2,Drums,0,0,25.564882687393716,25.564882687393716,32.78844386517717,26.479716919504952,34.34556828637622,34.34556828637622,69.15181708407266,34.34700502377045,8.780685598982505,8.780685598982505,36.36337321889549,7.867288104265498
126,0,Vocal,0,0,12.418544464062265,12.418544464062267,28.648043758762668,12.52919632825229,23.24534837917097,23.245348379170974,60.846063308306675,23.24610656677965,10.826803915108705,10.826803915108707,32.19801954954401,10.716910238527358
126,1,Bass,0,0,9.802702795379476,9.802702795379478,29.79366398562785,9.85099404018481,32.55125109247477,32.55125109247477,64.66490114657992,32.55392280834412,22.748548297095297,22.748548297095294,34.87123716095208,22.70292876815931
126,2,Drums,0,0,25.857442524676337,25.857442524676337,32.89757005144894,26.81625286930069,32.28360571375791,32.28360571375791,66.37232855486597,32.285301003391844,6.426163189081571,6.426163189081571,33.474758503417036,5.469048134091153
127,0,Vocal,0,0,11.816831369020262,11.816831369020262,34.54954205734106,11.841564015097978,26.85470612130316,26.85470612130316,61.57922198819995,26.856172567059154,15.037874752282898,15.037874752282898,27.02967993085889,15.014608551961176
127,1,Bass,0,0,7.180534948560649,7.180534948560649,25.85674407393548,7.251104759418383,28.280945154217765,28.280945154217765,53.7960871720681,28.293177904008886,21.100410205657116,21.100410205657116,27.939343098132618,21.042073144590503
127,2,Drums,0,0,27.919983071267588,27.919983071267588,36.734147501271245,28.532685542411688,32.520873304478805,32.520873304478805,60.00292055035363,32.52863950104319,4.600890233211217,4.600890233211217,23.268773049082384,3.9959539586314996
128,0,Vocal,0,0,20.750741910095552,20.750741910095552,43.340227559755576,20.77493023477534,28.18487913624381,28.18487913624381,55.53763013328836,28.192887782216374,7.434137226148259,7.434137226148259,12.197402573532784,7.417957547441034
128,1,Bass,0,0,18.67556111693814,18.67556111693814,33.06997471811898,18.83852921573867,34.79422438807851,34.79422438807851,73.15370101857732,34.79485824856794,16.11866327114037,16.11866327114037,40.083726300458345,15.95632903282927
128,2,Drums,0,0,24.320714224192134,24.320714224192134,33.215658166441486,24.922476455312296,35.34295283686732,35.34295283686732,61.12488069346839,35.35444196206118,11.022238612675185,11.022238612675185,27.909222527026905,10.431965506748885
129,0,Vocal,0,0,18.9252700179834,18.9252700179834,34.12300272449562,19.060194462783244,28.48240636398669,28.48240636398669,48.50858202783593,28.52585184839615,9.55713634600329,9.55713634600329,14.385579303340307,9.465657385612907
129,1,Bass,0,0,17.345258242139426,17.345258242139426,31.54393683952491,17.516687391363266,33.984084768375205,33.984084768375205,94.34880988624832,33.98408873159648,16.63882652623578,16.63882652623578,62.80487304672341,16.467401340233213
129,2,Drums,0,0,30.14448511863273,30.14448511863273,40.74932733963066,30.540137021657657,34.38618550511622,34.38618550511622,75.19432605466685,34.38654617226725,4.241700386483487,4.241700386483487,34.444998715036185,3.8464091506095954
130,0,Vocal,0,0,18.13481662657367,18.13481662657367,37.74831552400682,18.183276745502162,27.384470032651027,27.384470032651027,51.42156044949545,27.401677641567478,9.249653406077357,9.249653406077357,13.673244925488632,9.218400896065315
130,1,Bass,0,0,16.084887884805642,16.084887884805642,31.345781273727194,16.219365580834452,36.08151966254252,36.08151966254252,95.40155258011129,36.081524693056124,19.996631777736877,19.996631777736877,64.05577130638409,19.862159112221672
130,2,Drums,0,0,29.042960461274415,29.042960461274415,39.28043442823962,29.475443513720705,33.882250997945796,33.882250997945796,76.28373194225306,33.882500895610484,4.839290536671381,4.839290536671381,37.00329751401343,4.4070573818897785
131,0,Vocal,0,0,19.33418044124685,19.33418044124685,37.58886932200003,19.400334129660685,27.98408677478467,27.98408677478468,48.82236995947544,28.020097946486523,8.649906333537821,8.649906333537828,11.233500637475409,8.619763816825838
131,1,Bass,0,0,20.55823565778693,20.55823565778693,36.09162997133707,20.682497233155598,37.972559721685755,37.972559721685755,73.10162729300626,37.973893234211374,17.414324063898825,17.414324063898825,37.00999732166919,17.291396001055777
131,2,Drums,0,0,25.960475221648434,25.960475221648437,35.33161426901699,26.495163582484782,32.36198339772572,32.36198339772572,64.51929741550043,32.36462840847444,6.401508176077289,6.401508176077286,29.187683146483444,5.869464825989656
132,0,Vocal,0,0,20.05127955141222,20.05127955141222,43.805793175026565,20.069791262326923,28.203418016534755,28.203418016534755,56.25573691475207,28.21023415533179,8.152138465122533,8.152138465122533,12.449943739725505,8.140442893004867
132,1,Bass,0,0,17.453055942771712,17.453055942771712,32.72194811175605,17.586423623675778,33.0297742092105,33.0297742092105,69.84897091651595,33.030678094993625,15.576718266438789,15.576718266438789,37.1270228047599,15.444254471317848
132,2,Drums,0,0,26.038160683564474,26.038160683564474,36.72196221528487,26.426921528070135,34.628607138953484,34.628607138953484,63.638364533620646,34.6340675400661,8.59044645538901,8.59044645538901,26.916402318335777,8.207146011995963
133,0,Vocal,0,0,18.14569633061573,18.14569633061573,48.653948427628904,18.14961796841924,29.679648135849483,29.679648135849483,49.756762177720546,29.72256981158887,11.533951805233752,11.533951805233752,1.1028137500916415,11.57295184316963
133,1,Bass,0,0,17.694086988356613,17.694086988356613,31.76581905979466,17.87046042631024,33.12561847104408,33.12561847104408,61.11068908863579,33.132534114611445,15.431531482687465,15.431531482687465,29.34487002884113,15.262073688301207
133,2,Drums,0,0,30.411426626687657,30.411426626687657,51.389918270516894,30.4462626558156,35.35603491214121,35.35603491214121,82.01043536780942,35.35612871734952,4.944608285453555,4.944608285453555,30.620517097292527,4.9098660615339185
134,0,Vocal,0,0,21.976527579054682,21.976527579054682,45.462667749601565,21.996151969799254,30.95188499481232,30.95188499481232,54.16406008284655,30.972679436422883,8.975357415757639,8.975357415757639,8.701392333244982,8.97652746662363
134,1,Bass,0,0,20.421005996226103,20.421005996226103,33.11661815868711,20.663099090163772,37.25447555289074,37.25447555289074,89.17448579726901,37.25450341579685,16.833469556664635,16.833469556664635,56.057867638581904,16.591404325633075
134,2,Drums,0,0,23.661811926669305,23.661811926669305,34.43397050151775,24.04305075240401,32.77119662365897,32.77119662365897,71.27562902595346,32.77180973119323,9.109384696989668,9.109384696989668,36.841658524435715,8.72875897878922
135,0,Vocal,0,0,19.77782704964363,19.777827049643626,35.986170911952804,19.884163914991035,28.791624975371228,28.791624975371228,52.041725842838964,28.812248936738282,9.013797925727598,9.013797925727602,16.05555493088616,8.928085021747247
135,1,Bass,0,0,17.43452209545859,17.434522095458586,32.22942569348801,17.583538071031786,35.09949294885506,35.09949294885506,63.845221957426006,35.105295683130116,17.66497085339647,17.664970853396472,31.615796263937995,17.52175761209833
135,2,Drums,0,0,28.17939232458105,28.17939232458105,39.184267491300645,28.53893902308274,32.73729410665851,32.73729410665851,86.78127360539185,32.737311201466575,4.557901782077462,4.557901782077462,47.5970061140912,4.198372178383835
136,0,Vocal,0,0,-4.47058631975511,-4.47058631975511,20.60569239742307,-4.419460689601706,25.064507626352555,25.064507626352555,59.787137515200726,25.065971247719485,29.535093946107665,29.535093946107665,39.181445117777656,29.48543193732119
136,1,Bass,0,0,3.6376494179118337,3.6376494179118337,20.282499192317147,3.7732243530880973,32.79516111240992,32.79516111240992,54.28599008750136,32.826097695497054,29.157511694498087,29.157511694498087,34.003490895184214,29.052873342408958
136,2,Drums,0,0,37.17719607323262,37.17719607323262,57.645127978043845,37.21633970401139,37.64680155084466,37.64680155084466,62.1510617360757,37.66222558224884,0.46960547761203486,0.46960547761203486,4.505933758031851,0.44588587823744774
137,0,Vocal,0,0,17.152545384284,17.152545384284,42.060680834906435,17.166865072504358,29.600080674047273,29.600080674047273,61.4396904875019,29.602927963108097,12.447535289763273,12.447535289763273,19.379009652595464,12.43606289060374
137,1,Bass,0,0,6.321758337044163,6.321758337044162,20.145673931507567,6.547441931476474,32.49432358018074,32.49432358018074,61.90880027430832,32.49929894674623,26.172565243136578,26.172565243136578,41.76312634280075,25.951857015269756
137,2,Drums,0,0,18.302610776577733,18.302610776577733,23.570135966806042,19.85417971762154,31.446114090959934,31.446114090959934,70.44932085430634,31.44666081032087,13.143503314382201,13.143503314382201,46.879184887500294,11.59248109269933
138,0,Vocal,0,0,16.257789160846286,16.257789160846286,46.33505925079868,16.262158091857145,33.47010355191564,33.47010355191564,65.78589929495956,33.47265324255239,17.212314391069356,17.212314391069356,19.450840044160884,17.210495150695245
138,1,Bass,0,0,6.816449619759646,6.816449619759646,20.68697755901647,7.035251394671564,36.00803684703138,36.00803684703138,80.40450158048125,36.008194581284144,29.191587227271732,29.191587227271732,59.71752402146478,28.972943186612582
138,2,Drums,0,0,21.097024393254422,21.097024393254422,24.67419101635016,23.620755245763874,32.360010150458436,32.360010150458436,81.44204914592494,32.36006376605132,11.262985757204014,11.262985757204014,56.767858129574776,8.739308520287445
139,0,Vocal,0,0,15.43857027801199,15.438570278011989,41.48025035701168,15.449696786972627,27.61662134378338,27.61662134378338,64.7334025949047,27.61746634255804,12.178051065771388,12.17805106577139,23.253152237893026,12.167769555585412
139,1,Bass,0,0,4.543177390246037,4.543177390246037,18.841971636524832,4.7639869334261356,32.80457298130599,32.804572981305995,63.55996964337479,32.80822592084287,28.26139559105995,28.26139559105996,44.71799800684996,28.044238987416737
139,2,Drums,0,0,22.03496904690285,22.034969046902848,27.576820163645763,23.464011356701935,31.418576971644356,31.418576971644356,65.10041771586256,31.420439032328623,9.383607924741504,9.383607924741508,37.5235975522168,7.9564276756266885
140,0,Vocal,0,0,17.141560673108696,17.141560673108696,52.79594812050529,17.142764311122246,33.60937670709661,33.60937670709661,59.208982492779256,33.62136074183588,16.467816033987912,16.467816033987912,6.4130343722739696,16.478596430713633
140,1,Bass,0,0,9.115450869224563,9.115450869224563,23.970622538673517,9.277189040166391,36.23387066329811,36.23387066329811,83.32328804579433,36.23395546274034,27.11841979407355,27.11841979407355,59.35266550712081,26.95676642257395
140,2,Drums,0,0,19.92121451053509,19.92121451053509,27.086778632503936,20.855923843111917,29.771430677694752,29.771430677694752,64.02581063986099,29.77306325534763,9.850216167159662,9.850216167159662,36.939032007357056,8.917139412235713
141,0,Vocal,0,0,15.609839804531042,15.609839804531042,49.80945851939502,15.611536327948976,34.806461812183585,34.806461812183585,59.756150572468584,34.82038197108165,19.196622007652543,19.196622007652543,9.946692053073562,19.208845643132676
141,1,Bass,0,0,7.215147923623934,7.215147923623933,21.687997486982766,7.402387300165127,33.43442587948205,33.43442587948205,66.27350739279771,33.436686220899716,26.219277955858114,26.219277955858118,44.585509905814945,26.03429892073459
141,2,Drums,0,0,20.164950764198917,20.164950764198917,28.24611950080274,20.90573348196898,32.92763256751939,32.92763256751939,71.19039244550045,32.92828075397385,12.762681803320472,12.762681803320472,42.94427294469771,12.022547272004871
142,0,Vocal,0,0,11.324337155693442,11.324337155693442,36.166532832034505,11.339651334623575,38.33453129764817,38.33453129764817,63.60790847026372,38.34744499679874,27.010194141954727,27.010194141954727,27.441375638229218,27.007793662175168
142,1,Bass,0,0,-1.6362249140497256,-1.6362249140497263,14.143243422250208,-1.355764222571916,31.43010035073165,31.430100350731657,57.5392615452364,31.440758958085695,33.066325264781376,33.06632526478138,43.39601812298619,32.79652318065761
142,2,Drums,0,0,31.410232815010538,31.410232815010538,38.56819024058474,32.3388552825662,39.40178350624698,39.40178350624698,68.06613770474536,39.4076945007752,7.991550691236441,7.991550691236441,29.497947464160617,7.068839218209
143,0,Vocal,0,0,0.7904154993668988,0.7904154993668988,21.61367086931641,0.8563406811133154,28.417246059966086,28.417246059966086,50.494441513592186,28.44427949520783,27.62683056059919,27.62683056059919,28.880770644275774,27.587938814094514
143,1,Bass,0,0,5.887843799740352,5.887843799740352,24.543392191931144,5.962667362215481,34.81653862817006,34.81653862817006,53.4906264524724,34.875896577612764,28.928694828429705,28.928694828429705,28.947234260541254,28.913229215397283
143,2,Drums,0,0,33.013448641188056,33.013448641188056,37.223993381961776,35.08519926825517,38.140804500800044,38.140804500800044,72.62641915664035,38.14235075885211,5.127355859611988,5.127355859611988,35.402425774678576,3.0571514905969437
144,0,Vocal,17150,0,-37.68690213387846,-37.68690213387846,15.005951697730591,-37.55259482669053,19.35905373413511,19.359053734135113,47.67240577984944,19.365533047967382,57.04595586801357,57.04595586801358,32.66645408211885,56.91812787465791
144,1,Bass,0,0,-4.4105097765178645,-4.410509776517867,7.253344181502634,-3.354892829349407,31.258728508294894,31.258728508294894,54.67035936086815,31.27858651030565,35.66923828481276,35.669238284812764,47.417015179365514,34.63347933965506
144,2,Drums,0,0,41.35432909923141,41.35432909923142,82.17004830518256,41.35463942301851,31.96369974284838,31.963699742848377,65.92778222302564,31.96544448643257,-9.390629356383027,-9.390629356383045,-16.242266082156917,-9.389194936585941
145,0,Vocal,0,0,0.7325500578494348,0.7325500578494348,17.28570610649044,0.9100589289200414,24.55928077566948,24.55928077566948,61.99253559295147,24.560067690914682,23.82673071782005,23.82673071782005,44.70682948646103,23.65000876199464
145,1,Bass,0,0,-10.359275915502726,-10.359275915502726,1.1706377407251387,-7.578358671003914,21.613948674091745,21.613948674091745,48.662510256806186,21.622585159751985,31.973224589594473,31.973224589594473,47.491872516081045,29.2009438307559
145,2,Drums,0,0,30.482251143948083,30.482251143948076,38.19778558329481,31.288033356787473,31.48399255171135,31.48399255171135,75.32448550853472,31.48417201983362,1.0017414077632658,1.001741407763273,37.12669992523991,0.19613866304614547
146,0,Vocal,0,0,-5.304625978291547,-5.304625978291549,16.726353033884905,-5.186011517163061,20.29522728580276,20.29522728580276,65.19403814993872,20.295368890090273,25.599853264094307,25.599853264094307,48.467685116053815,25.481380407253333
146,1,Bass,0,0,-0.9646091832090892,-0.964609183209088,11.186919106466924,-0.3731063307261824,29.667681464520715,29.667681464520715,50.497639619934766,29.703743878698194,30.632290647729803,30.632290647729803,39.31072051346784,30.07685020942438
146,2,Drums,0,0,35.319120782045005,35.319120782045005,51.31742292614121,35.42966722960489,29.396610006563392,29.396610006563392,66.61912711937109,29.397434264675617,-5.922510775481612,-5.922510775481612,15.301704193229874,-6.032232964929271
147,0,Vocal,0,0,-1.2135263630122752,-1.2135263630122752,16.833610822988923,-1.0557827670930513,14.687926222038124,14.687926222038124,62.70406480071581,14.687997023878092,15.9014525850504,15.9014525850504,45.87045397772689,15.743779790971143
147,1,Bass,0,0,2.380002922124609,2.380002922124609,16.925087781708516,2.622524799046249,38.05565533214707,38.05565533214707,73.29942815698934,38.0569538952154,35.67565241002246,35.67565241002246,56.37434037528082,35.434429096169154
147,2,Drums,0,0,32.34640916458154,32.34640916458154,54.42255360477051,32.37342335149299,31.778605552956023,31.778605552956027,58.6412268601444,31.787564459030797,-0.5678036116255143,-0.5678036116255107,4.218673255373886,-0.5858588924621912
148,0,Vocal,0,0,4.2347655281966565,4.234765528196656,21.487221613014743,4.348031734112335,29.213636316959626,29.213636316959626,72.10231085085621,29.213859680629746,24.97887078876297,24.97887078876297,50.615089237841474,24.86582794651741
148,1,Bass,-2359,0,-10.265150306597535,-10.265150306597535,31.796831415765862,-10.262009803652543,26.53170570756297,26.53170570756297,49.16814510719691,26.555489825192844,36.796856014160504,36.796856014160504,17.371313691431045,36.81749962884538
148,2,Drums,0,0,28.316061001260433,28.316061001260433,33.38014974090109,29.939614121540068,31.944760252063148,31.944760252063148,67.21405592797491,31.9460520263705,3.6286992508027147,3.6286992508027147,33.83390618707382,2.006437904830431
149,0,Vocal,0,0,3.804398258604516,3.8043982586045164,20.747976116812037,3.92948912118051,30.85565927231169,30.85565927231169,76.51682086980267,30.8557769513483,27.051261013707176,27.051261013707176,55.76884475299063,26.92628783016779
149,1,Bass,0,0,-3.8096024317111077,-3.8096024317111086,7.978551010053389,-2.8700485186331854,31.415416193618768,31.415416193618768,56.40040896884257,31.429229114971882,35.225018625329874,35.225018625329874,48.42185795878918,34.299277633605065
149,2,Drums,0,0,30.770555921186464,30.770555921186464,41.45858864680491,31.15830579564839,31.8435841279912,31.8435841279912,64.81509742871833,31.84577703552154,1.0730282068047359,1.0730282068047359,23.35650878191342,0.6874712398731511
150,0,Vocal,0,0,-0.4617631750301583,-0.4617631750301583,16.793935633791307,-0.2893602342389811,18.38313286140054,18.38313286140054,70.59578011130445,18.383159286353894,18.844896036430697,18.844896036430697,53.80184447751314,18.672519520592875
150,1,Bass,0,0,-10.256370609740026,-10.256370609740026,1.8943081940993851,-7.817664943559209,22.824086922539834,22.824086922539834,55.326624279378564,22.82654110069774,33.08045753227986,33.08045753227986,53.432316085279176,30.644206044256947
150,2,Drums,0,0,31.335972335985876,31.335972335985876,38.615268252925496,32.236186097667755,30.036024252382788,30.03602425238279,79.38950945295264,30.03607468789392,-1.2999480836030877,-1.2999480836030841,40.77424120002714,-2.200111409773836
151,0,Vocal,0,0,-1.4290457284341798,-1.4290457284341793,14.292347497989297,-1.152437501524814,22.902177227465042,22.902177227465042,77.05875500340713,22.902193843546385,24.33122295589922,24.33122295589922,62.76640750541783,24.0546313450712
151,1,Bass,0,0,-5.938400558722061,-5.938400558722061,4.742529737221913,-4.2937171407879315,24.55242135485161,24.55242135485161,59.78339380996254,24.553728324613747,30.490821913573672,30.490821913573672,55.040864072740625,28.847445465401677
151,2,Drums,0,0,29.33908370747514,29.33908370747514,38.847008647313245,29.85550366594843,29.578562289706145,29.578562289706145,70.97832424471251,29.5788772657429,0.23947858223100482,0.23947858223100482,32.131315597399265,-0.2766264002055294
152,0,Vocal,0,0,15.420112310510547,15.420112310510547,43.927539204672684,15.42641520821091,33.99254236365537,33.99254236365537,64.70928980473775,33.99622679725044,18.57243005314482,18.57243005314482,20.781750600065067,18.56981158903953
152,1,Bass,1,0,-2.0554231794550843,-2.0554231794550843,17.582786163181353,-1.9328447752263311,19.972048574056796,19.972048574056792,51.20235636046046,19.975354257323914,22.02747175351188,22.027471753511875,33.61957019727911,21.908199032550247
152,2,Drums,0,0,29.953173966268153,29.953173966268153,38.767893229494575,30.565440084436784,38.27708948362394,38.27708948362394,56.10201825574524,38.34936004972296,8.323915517355786,8.323915517355786,17.334125026250668,7.783919965286177
153,0,Vocal,0,0,14.59443959046105,14.594439590461048,68.71986110765887,14.594454953732082,23.693718302109744,23.693718302109744,65.5417951656886,23.69400315747506,9.099278711648694,9.099278711648696,-3.1780659419702744,9.099548203742977
153,1,Bass,1,0,1.0989738647943084,1.0989738647943084,22.28679190529376,1.157712495658751,26.592445243381743,26.592445243381743,68.40287327393614,26.59273197659107,25.493471378587433,25.493471378587433,46.11608136864238,25.435019480932322
153,2,Drums,0,0,29.355032018347572,29.355032018347572,37.641823567364824,30.053216553762574,37.88225360976409,37.88225360976409,66.874721158582,37.88773457763247,8.52722159141652,8.52722159141652,29.23289759121718,7.834518023869897
154,0,Vocal,0,0,13.901429381204935,13.901429381204935,47.43490691007406,13.903431832538065,26.3823781919847,26.3823781919847,62.04080369091812,26.383561017671436,12.480948810779765,12.480948810779765,14.605896780844056,12.480129185133372
154,1,Bass,0,0,-0.5465638602949562,-0.5465638602949545,20.19996095803593,-0.46856038418274026,25.983752695195502,25.983752695195506,62.27854456222182,25.984774567639008,26.530316555490458,26.53031655549046,42.07858360418589,26.45333495182175
154,2,Drums,0,0,29.87874123322353,29.87874123322353,42.36576514985322,30.131114152056266,40.47769633519535,40.47769633519535,56.020148697704656,40.600640336661186,10.598955101971818,10.598955101971818,13.654383547851438,10.46952618460492
155,0,Vocal,0,0,16.901450772039656,16.901450772039656,61.971439299644125,16.901587295515384,28.553133202341506,28.553133202341506,78.584957373214,28.553176198622474,11.65168243030185,11.65168243030185,16.61351807356987,11.65158890310709
155,1,Bass,0,0,1.7460000606967077,1.7460000606967083,20.26758038989721,1.848118128750658,23.416692753448952,23.416692753448956,62.61581286288484,23.417217365366213,21.670692692752244,21.670692692752247,42.34823247298763,21.569099236615553
155,2,Drums,0,0,27.859454840972337,27.859454840972337,35.509824926000924,28.679188948750106,37.557121957141675,37.557121957141675,56.28456842847832,37.61574108399856,9.697667116169338,9.697667116169338,20.7747435024774,8.936552135248451
156,0,Vocal,0,0,13.888055904827137,13.888055904827139,42.20878895708977,13.894713594026404,28.040519936358464,28.040519936358464,77.05826637979435,28.040574191704405,14.152464031531327,14.152464031531325,34.849477422704574,14.145860597678
156,1,Bass,0,0,1.1594126689469242,1.1594126689469242,19.192180051450492,1.2802643489159515,27.757943436923256,27.757943436923256,41.37773784206281,27.951196696539284,26.59853076797633,26.59853076797633,22.185557790612314,26.67093234762333
156,2,Drums,0,0,29.0344526795175,29.0344526795175,39.34354724527821,29.459498632411997,37.49823060419185,37.49823060419185,58.16028641588623,37.53568672806209,8.463777924674353,8.463777924674353,18.816739170608024,8.076188095650092
157,0,Vocal,0,0,18.392420324147086,18.392420324147086,47.228995888412975,18.398181525002496,35.82488776141809,35.82488776141809,79.54992774330884,35.825071128736724,17.432467437271004,17.432467437271004,32.32093185489587,17.426889603734228
157,1,Bass,0,0,2.710585374008001,2.710585374008001,21.713704448113514,2.794738015041274,25.35558409438414,25.35558409438414,44.34108238407817,25.410950577992658,22.64499872037614,22.64499872037614,22.627377935964656,22.616212562951382
157,2,Drums,0,0,27.132090208017697,27.132090208017697,34.990474495176315,27.910058329370404,30.190534042285325,30.19053404228533,52.185453413357756,30.2180814431031,3.058443834267628,3.0584438342676314,17.19497891818144,2.3080231137326948
158,0,Vocal,0,0,9.576595922738202,9.5765959227382,38.79956179611234,9.582364434024873,34.19913403491008,34.19913403491008,51.17801618755777,34.28712517772241,24.62253811217188,24.62253811217188,12.37845439144543,24.704760743697534
158,1,Bass,0,0,-1.5433300364493143,-1.5433300364493134,17.886971745561603,-1.4234513557019755,24.697343365192115,24.697343365192115,39.30158431626667,24.85095961554891,26.24067340164143,26.240673401641427,21.414612570705067,26.274410971250884
158,2,Drums,0,0,36.3843125856176,36.3843125856176,55.437813329248925,36.43863987617525,39.29197983179741,39.29197983179741,62.03377818395676,39.31514349304906,2.9076672461798125,2.9076672461798125,6.595964854707837,2.876503616873805
159,0,Vocal,0,0,17.95276329864724,17.95276329864724,53.01319416807015,17.954137928266128,26.000523581885915,26.000523581885915,66.15488677637028,26.00094369060789,8.047760283238674,8.047760283238674,13.141692608300126,8.046805762341762
159,1,Bass,0,0,2.4126432001108937,2.4126432001108946,23.21184402298041,2.4696044228789256,30.606524867545737,30.606524867545737,62.306478705859874,30.609464408896223,28.193881667434844,28.19388166743484,39.09463468287946,28.139859986017296
159,2,Drums,0,0,28.989490931606735,28.989490931606735,37.174013905858615,29.705827997272486,37.576023448957166,37.576023448957166,57.55274954594074,37.619914634576325,8.586532517350431,8.586532517350431,20.378735640082127,7.914086637303839
160,0,Vocal,0,0,20.651292121403763,20.651292121403763,52.991718390923324,20.653846983765863,21.63247642785281,21.632476427852815,65.09063529987829,21.632673632777113,0.9811843064490482,0.9811843064490517,12.098916908954962,0.9788266490112498
160,1,Bass,0,0,10.714439985929015,10.714439985929015,24.589316892443833,10.911207145571176,36.586896136274696,36.586896136274696,62.07478735299592,36.599190335244046,25.87245615034568,25.87245615034568,37.48547046055209,25.68798318967287
160,2,Drums,0,0,21.489271740358614,21.489271740358614,27.54101410013911,22.735969770071527,26.34513631701222,26.345136317012226,62.261409305114775,26.346251152913478,4.855864576653605,4.855864576653612,34.72039520497566,3.6102813828419507
161,0,Vocal,0,0,17.62893517541152,17.62893517541152,45.94141357571057,17.635455037789818,22.779627817190935,22.779627817190935,63.64030616649491,22.77998590854662,5.150692641779415,5.150692641779415,17.69889259078434,5.144530870756803
161,1,Bass,0,0,7.11700147639884,7.117001476398839,24.062840996216536,7.222648198053161,33.55208985382086,33.55208985382086,62.91623915116435,33.55712260848124,26.43508837742202,26.43508837742202,38.85339815494781,26.334474410428076
161,2,Drums,0,0,22.181656137143975,22.181656137143975,28.458405195295114,23.355099659585065,33.85204205918637,33.85204205918636,79.54682655055534,33.85215909582688,11.670385922042392,11.670385922042385,51.08842135526022,10.497059436241813
162,0,Vocal,0,0,20.947959377453387,20.947959377453387,50.38154786388384,20.952947258952218,22.57054611209906,22.57054611209906,61.278920783095636,22.571134070488498,1.6225867346456724,1.6225867346456724,10.897372919211797,1.6181868115362796
162,1,Bass,0,0,11.836270470971924,11.836270470971924,27.27285963049905,11.970411621617846,37.452168303345,37.452168303345,67.79369246267144,37.45618508120606,25.615897832373072,25.615897832373072,40.520832832172395,25.485773459588213
162,2,Drums,0,0,22.086729831201133,22.086729831201133,31.879676056151936,22.570747014910182,31.978293491341027,31.978293491341027,59.72776620873187,31.985596015676766,9.891563660139894,9.891563660139894,27.848090152579935,9.414849000766583
163,0,Vocal,0,0,10.750847406579386,10.750847406579386,42.40250846972561,10.754066387183416,22.61837279237538,22.61837279237538,56.482014764198745,22.62016691772979,11.867525385795993,11.867525385795993,14.079506294473134,11.866100530546374
163,1,Bass,0,0,8.195769354795708,8.195769354795708,26.375350038627595,8.272313651331192,38.976965754084276,38.976965754084276,67.51758926073269,38.98304796038308,30.781196399288568,30.781196399288568,41.1422392221051,30.71073430905189
163,2,Drums,0,0,28.25460093657632,28.25460093657632,43.63957081961477,28.382325369507953,33.26699990709112,33.26699990709112,62.17622865903206,33.2725889805151,5.012398970514798,5.012398970514798,18.536657839417295,4.89026361100715
164,0,Vocal,0,0,13.265519105194635,13.265519105194635,41.734471405588145,13.27199200933359,30.750117452511873,30.750117452511873,59.30732361170897,30.756180418356006,17.484598347317238,17.484598347317238,17.572852206120828,17.484188409022416
164,1,Bass,0,0,9.423114479908065,9.423114479908065,25.650672482301516,9.539695659380943,40.16201962103096,40.16201962103096,63.67383228212367,40.18141078898604,30.738905141122892,30.738905141122892,38.02315979982215,30.6417151296051
164,2,Drums,0,0,27.319999934136842,27.319999934136842,39.165841618580274,27.614149693990942,31.41042571012339,31.41042571012339,61.108197982522825,31.415087436446946,4.090425775986549,4.090425775986549,21.94235636394255,3.8009377424560036
165,0,Vocal,0,0,13.475279321604619,13.475279321604619,40.956480412964744,13.483390117405381,22.124308638207076,22.124308638207076,55.07074445957662,22.126526283316778,8.649029316602457,8.649029316602457,14.11426404661188,8.643136165911397
165,1,Bass,0,0,4.12813811810732,4.12813811810732,22.73201331159349,4.21154084333644,34.94750120659087,34.94750120659087,64.6087670505719,34.95220019556402,30.819363088483552,30.819363088483552,41.87675373897841,30.740659352227578
165,2,Drums,0,0,30.440524810270837,30.440524810270833,43.15129102345553,30.679847485430507,34.09191761917765,34.09191761917766,67.37402195192759,34.09395858603644,3.651392808906813,3.6513928089068237,24.22273092847206,3.414111100605936
166,0,Vocal,0,0,5.267831026109966,5.267831026109965,37.19023908918571,5.271448169765084,28.78268857522376,28.78268857522376,49.638816331117695,28.818537986409112,23.514857549113792,23.514857549113792,12.448577241931986,23.54708981664403
166,1,Bass,0,0,10.035035881426168,10.035035881426168,28.119103564065814,10.109769042723224,38.20170198589868,38.20170198589868,62.1661957902748,38.21917093202271,28.16666610447251,28.16666610447251,34.04709222620899,28.10940188929949
166,2,Drums,0,0,37.29347068459457,37.29347068459457,80.1993411938936,37.29366711763327,32.9705003065757,32.9705003065757,71.96769513448443,32.97104766157373,-4.322970378018866,-4.322970378018866,-8.231646059409172,-4.322619456059542
167,0,Vocal,0,0,26.179092033731663,26.179092033731663,49.31436526015396,26.200287977179745,27.319257034611194,27.319257034611194,70.32834959667909,27.319474591681683,1.1401650008795308,1.1401650008795308,21.013984336525127,1.1191866145019382
167,1,Bass,1,0,6.033552659862968,6.033552659862968,18.966171060782273,6.315198677500269,31.77894986083868,31.77894986083868,57.4879045232504,31.790638099521225,25.74539720097571,25.74539720097571,38.52173346246813,25.475439422020955
167,2,Drums,0,0,19.609863051388764,19.609863051388764,25.39863295140631,20.95187114303709,32.81032639931182,32.81032639931182,62.538427968446015,32.81495471964329,13.200463347923055,13.200463347923055,37.1397950170397,11.8630835766062
168,0,Vocal,0,0,30.56951242644837,30.56951242644837,42.99026998517781,30.825827520853576,23.907879270080116,23.907879270080116,63.850461375200155,23.90832110515618,-6.661633156368254,-6.661633156368254,20.860191390022344,-6.917506415697396
168,1,Bass,0,0,8.288047292277428,8.288047292277426,17.04734514328001,8.993067128509098,29.053258191907886,29.053258191907886,56.080326150993336,29.061888401991112,20.76521089963046,20.76521089963046,39.03298100771333,20.068821273482015
168,2,Drums,0,0,18.759041512381735,18.75904151238173,23.709462938286805,20.451493019439408,35.96664751711783,35.96664751711783,71.5447330744219,35.96784976410258,17.207606004736093,17.207606004736096,47.835270136135094,15.516356744663174
169,0,Vocal,0,0,14.002177345399147,14.002177345399147,59.53455253747897,14.00230274780441,21.4034046454831,21.4034046454831,52.80178056057484,21.406575886817116,7.401227300083953,7.401227300083953,-6.732771976904132,7.404273139012705
169,1,Bass,0,0,10.341648482491468,10.341648482491468,27.441851251923637,10.434981446449115,36.67928786788822,36.67928786788822,74.88820346621284,36.67994393265416,26.337639385396752,26.337639385396752,47.446352214289206,26.244962486205047
169,2,Drums,0,0,27.5529174993181,27.552917499318102,47.469338884665106,27.59749298762275,35.24963706301929,35.24963706301929,69.44718792165057,35.251289852426446,7.696719563701194,7.6967195637011905,21.97784903698546,7.653796864803695
170,0,Vocal,0,0,13.934926623943147,13.934926623943147,41.39248187289376,13.943045453346361,21.706244509920033,21.706244509920033,71.97460573735458,21.7062855010065,7.771317885976886,7.771317885976886,30.58212386446082,7.76324004766014
170,1,Bass,0,0,-0.46543379272660756,-0.46543379272660756,13.64180376317899,-0.10957752501363606,25.4257284417255,25.4257284417255,44.10426102500533,25.48517478015087,25.891162234452107,25.891162234452107,30.462457261826337,25.59475230516451
170,2,Drums,0,0,19.667055800824876,19.667055800824873,24.547559598012644,21.389545133843452,34.4603076620615,34.4603076620615,68.78718271705806,34.46191136462688,14.793251861236627,14.79325186123663,44.23962311904542,13.072366230783427
171,0,Vocal,0,0,10.834705155804263,10.834705155804263,55.30494439516055,10.834871547527438,20.91437288463262,20.91437288463262,48.86546852764954,20.921395779038292,10.079667728828356,10.079667728828356,-6.439475867511007,10.086524231510854
171,1,Bass,0,0,9.221313783929597,9.221313783929597,26.403858457153614,9.315133925869203,38.28401592649032,38.28401592649032,68.8097226091667,38.28786574784121,29.062702142560724,29.062702142560724,42.40586415201308,28.972731821972005
171,2,Drums,0,0,29.6457263248713,29.6457263248713,54.067377523821925,29.66145592869331,33.293076038755835,33.293076038755835,71.21411271396548,33.293777290584636,3.647349713884534,3.647349713884534,17.146735190143552,3.632321361891325
172,0,Vocal,0,0,10.247530109018166,10.247530109018166,38.32682346258446,10.25493134182135,22.32862226732973,22.32862226732973,54.254847192200515,22.33142649651591,12.081092158311565,12.081092158311565,15.928023729616058,12.076495154694559
172,1,Bass,-213,0,3.028242782811523,3.028242782811523,29.472374947938324,3.043003488274479,34.93296282530318,34.93296282530318,75.70748903887124,34.93332597998005,31.904720042491654,31.904720042491654,46.235114090932925,31.890322491705568
172,2,Drums,0,0,26.430900108038657,26.430900108038657,35.264428503375676,27.041049141269816,39.42512113860052,39.42512113860052,69.41852290865182,39.42947286415662,12.99422103056186,12.99422103056186,34.15409440527615,12.388423722886806
173,0,Vocal,0,0,-1.2854829923477689,-1.2854829923477684,18.780857406252167,-1.1853753302585837,26.876201732938245,26.876201732938245,59.80869932740652,26.878412251844775,28.161684725286015,28.161684725286015,41.027841921154355,28.06378758210336
173,1,Bass,0,0,-3.0534805820294073,-3.0534805820294064,9.764194980387973,-2.384437677892377,30.47452835971989,30.47452835971989,68.26291493666018,30.475251188621844,33.5280089417493,33.5280089417493,58.49871995627221,32.85968886651422
173,2,Drums,0,0,34.29454326023177,34.29454326023177,40.32029904581915,35.54254996662265,39.30996183311498,39.30996183311498,76.95226102545759,39.310708499354675,5.015418572883213,5.015418572883213,36.63196197963844,3.7681585327320235
174,0,Vocal,0,0,20.960269351482147,20.960269351482147,48.80172262001342,20.967469470994665,22.998169675911345,22.998169675911345,58.17523222342126,22.999494951984744,2.0379003244291987,2.0379003244291987,9.37350960340784,2.032025480990079
174,1,Bass,0,0,7.477522672571095,7.477522672571093,22.82403876609324,7.628821684278679,35.10643487877817,35.10643487877817,59.28829397535287,35.12305201978273,27.628912206207072,27.628912206207076,36.46425520925963,27.494230335504053
174,2,Drums,0,0,21.00985512299794,21.00985512299794,31.038412952211864,21.467685626921128,33.458234542264215,33.458234542264215,71.3431338690078,33.45894163855792,12.448379419266274,12.448379419266274,40.30472091679594,11.99125601163679
175,0,Vocal,0,0,15.490010098513219,15.490010098513219,53.36191406399534,15.490738175468739,22.71868249404587,22.71868249404587,55.25291446642548,22.72111912706403,7.22867239553265,7.22867239553265,1.8910004024301372,7.23038095159529
175,1,Bass,0,0,9.426297509154722,9.426297509154724,26.060952827550395,9.532337036315115,36.792894504134075,36.792894504134075,77.36530554141243,36.79327513220481,27.366596994979353,27.366596994979353,51.30435271386203,27.2609380958897
175,2,Drums,0,0,25.901705142410204,25.901705142410204,40.07822406089282,26.071394862419858,34.759056070502055,34.759056070502055,67.27776400860702,34.761489194065405,8.85735092809185,8.85735092809185,27.1995399477142,8.690094331645547
176,0,Vocal,0,0,9.459901006333858,9.45990100633386,70.68108094394526,9.459904156430635,24.653934444146586,24.653934444146586,57.783856862312774,24.656054536206028,15.194033437812728,15.194033437812726,-12.897224081632487,15.196150379775393
176,1,Bass,0,0,4.907380981074054,4.907380981074054,29.499716847364176,4.927362727144492,26.03013334946905,26.03013334946905,68.92321618904131,26.030356974155154,21.122752368395,21.122752368395,39.423499341677136,21.102994247010663
176,2,Drums,0,0,21.94182183948581,21.94182183948581,30.714681254478215,22.5635695181608,30.05008474524462,30.050084745244618,83.15485253854186,30.050105972949144,8.10826290575881,8.108262905758806,52.440171284063645,7.486536454788343
177,0,Vocal,0,0,17.32474389824542,17.324743898245416,54.141796211467145,17.32566338816193,30.497779286254847,30.497779286254847,61.040623476254,30.501616843503953,13.173035388009428,13.173035388009431,6.898827264786853,13.175953455342022
177,1,Bass,0,0,8.061274022867213,8.061274022867213,27.43046723904598,8.119625470670535,29.820814025081468,29.820814025081468,58.753766707675425,29.82637579455355,21.759540002214255,21.759540002214255,31.323299468629443,21.706750323883014
177,2,Drums,0,0,24.883357820396114,24.883357820396114,44.64564869986926,24.929621766720235,30.090988479841513,30.090988479841513,59.43687848311902,30.096045210500158,5.2076306594454,5.2076306594454,14.791229783249754,5.166423443779923
178,0,Vocal,0,0,14.444059255550188,14.444059255550188,47.634035577415546,14.446217592308923,28.484329021550803,28.484329021550803,58.98141450739418,28.48820938101866,14.040269766000614,14.040269766000614,11.347378929978632,14.041991788709737
178,1,Bass,-1,0,4.632742716325924,4.6327427163259225,24.563496947255665,4.692254888153985,24.179023369690583,24.179023369690576,72.57671307324073,24.179086394001537,19.546280653364658,19.546280653364654,48.01321612598506,19.48683150584755
178,2,Drums,0,0,21.677286816865248,21.677286816865248,36.809000141179276,21.813511283477922,28.43077109013473,28.43077109013473,73.6000638739585,28.430903348161713,6.753484273269482,6.753484273269482,36.79106373277923,6.617392064683791
179,0,Vocal,0,0,17.391379885426254,17.391379885426257,46.47061817926911,17.396848880175156,30.622189741292786,30.622189741292786,63.40338369002084,30.62448128162938,13.230809855866532,13.230809855866529,16.93276551075173,13.227632401454223
179,1,Bass,0,0,5.8782097229586014,5.8782097229586014,24.870542396263573,5.947454935142975,26.994832167270907,26.994832167270907,58.117592191228525,26.998193685129515,21.116622444312306,21.116622444312306,33.24704979496495,21.05073874998654
179,2,Drums,0,0,23.463203866668252,23.463203866668252,43.97630658889945,23.502139070671426,28.05117914505349,28.05117914505349,60.629076120782116,28.053582351993995,4.587975278385237,4.587975278385237,16.65276953188267,4.55144328132257
180,0,Vocal,0,0,12.150082408861829,12.150082408861827,56.06641104941357,12.15026898248963,27.820455317732865,27.820455317732865,58.3162531137857,27.824337712327583,15.670372908871036,15.670372908871038,2.2498420643721317,15.674068729837954
180,1,Bass,-1,0,3.5486764789752527,3.5486764789752527,27.14320411058263,3.5760756456301386,23.864894014321024,23.864894014321024,74.64332205503425,23.864930449104268,20.31621753534577,20.31621753534577,47.50011794445162,20.28885480347413
180,2,Drums,0,0,22.334759300868633,22.334759300868633,31.380323024309703,22.915746210663816,31.038770623501783,31.038770623501783,72.05743751782614,31.0391143610735,8.70401132263315,8.70401132263315,40.67711449351644,8.123368150409686
181,0,Vocal,0,0,12.704523236959492,12.70452323695949,52.369143856939615,12.705016449937737,26.17091801331128,26.17091801331128,56.68735571880625,26.174784854953614,13.466394776351787,13.46639477635179,4.3182118618666365,13.469768405015877
181,1,Bass,0,0,5.515009941583566,5.515009941583566,28.37503472925668,5.543856269084353,28.338076983844708,28.338076983844708,88.89535206414884,28.338080711258904,22.823067042261144,22.823067042261144,60.520317334892155,22.794224442174553
181,2,Drums,0,0,25.257225924007965,25.257225924007965,45.45570241065994,25.299036405924134,31.110905886350935,31.110905886350935,75.3635751209273,31.111069097888212,5.853679962342969,5.853679962342969,29.907872710267355,5.8120326919640775
182,0,Vocal,0,0,15.980010123373653,15.980010123373653,41.583575473631846,15.992278966995189,28.223328684381727,28.223328684381727,61.30998309139707,28.22546592359433,12.243318561008074,12.243318561008074,19.726407617765226,12.233186956599143
182,1,Bass,0,0,11.818933409322936,11.818933409322936,32.27078123744871,11.860822389473993,31.58263818164308,31.58263818164308,60.65415605012417,31.588023345771884,19.763704772320146,19.763704772320146,28.383374812675463,19.727200956297892
182,2,Drums,0,0,21.077371624787613,21.077371624787613,30.783833869131158,21.572444330855006,29.44359490710299,29.44359490710299,58.43761950303531,29.44907952112871,8.366223282315378,8.366223282315378,27.65378563390415,7.876635190273703
183,0,Vocal,0,0,16.391735629723826,16.391735629723826,44.983945640154836,16.39788205669974,24.220495830091195,24.220495830091195,55.91772222297494,24.22344594091725,7.82876020036737,7.82876020036737,10.933776582820101,7.825563884217512
183,1,Bass,0,0,7.583340055042301,7.5833400550423,26.33646584756341,7.651685302414214,32.70829409358083,32.70829409358083,91.94035943757179,32.708299160042415,25.124954038538533,25.124954038538533,65.60389359000837,25.0566138576282
183,2,Drums,0,0,27.940780512570882,27.940780512570882,34.79583684817942,28.94563983549493,35.59498991981223,35.59498991981223,95.98612289892797,35.59499380064671,7.654209407241346,7.654209407241346,61.190286050748554,6.649353965151782
184,0,Vocal,0,0,20.092257940961243,20.092257940961243,46.82619080685467,20.101569324675737,26.374250157848508,26.374250157848508,64.85868380347742,26.374867228455532,6.281992216887264,6.281992216887264,18.03249299662275,6.273297903779795
184,1,Bass,0,0,12.244613578001363,12.244613578001363,27.3565663373456,12.388535017159104,31.104928630587864,31.10492863058786,52.930808785406995,31.13356786958219,18.8603150525865,18.860315052586497,25.574242448061394,18.745032852423087
184,2,Drums,0,0,26.059756765047403,26.059756765047403,36.61449817804562,26.460796049571933,37.457441135656644,37.457441135656644,79.94208833501305,37.45768621263966,11.397684370609241,11.397684370609241,43.32759015696743,10.996890163067725
185,0,Vocal,0,0,10.019313959313473,10.019313959313473,35.17392082690883,10.033906562977197,29.102173373898673,29.10217337389867,58.372803727700756,29.107319741883412,19.0828594145852,19.082859414585194,23.19888290079193,19.073413178906215
185,1,Bass,0,0,5.0498854104401225,5.0498854104401225,21.266361543597615,5.187255511530467,33.39202771466146,33.39202771466146,61.22362749951834,33.399192081382154,28.342142304221337,28.342142304221337,39.95726595592072,28.211936569851687
185,2,Drums,0,0,25.49399945780808,25.49399945780808,35.67237593667709,25.93337463004149,27.31492831476618,27.31492831476618,71.0747289349314,27.315111376678797,1.8209288569581012,1.8209288569581012,35.40235299825431,1.381736746637305
186,0,Vocal,0,0,19.103261814397317,19.103261814397317,47.87042931381621,19.109104127281377,26.380241655911743,26.38024165591174,60.1199421024709,26.38208197470322,7.276979841514425,7.276979841514422,12.249512788654691,7.272977847421842
186,1,Bass,0,0,9.614159114275667,9.614159114275667,24.131676225575397,9.78715049903157,30.283498576899206,30.283498576899206,52.1308255405544,30.31200085488855,20.66933946262354,20.66933946262354,27.999149314979,20.524850355856977
186,2,Drums,0,0,26.62373417777607,26.62373417777607,34.28293578299552,27.44204652529045,38.800262334534345,38.800262334534345,72.6459835910242,38.802054363472756,12.176528156758277,12.176528156758277,38.36304780802868,11.360007838182305
187,0,Vocal,0,0,12.769223468294893,12.769223468294895,44.72224631958231,12.772140243429623,32.901769972012005,32.901769972012005,58.7957122758512,32.91296832417628,20.132546503717112,20.13254650371711,14.07346595626889,20.140828080746658
187,1,Bass,0,0,10.966410406472043,10.966410406472043,26.69486804139308,11.093405663235643,30.765935494490584,30.765935494490584,52.21624773025671,30.797172910342457,19.79952508801854,19.79952508801854,25.521379688863632,19.703767247106814
187,2,Drums,0,0,27.65115098862473,27.651150988624735,40.10603386870598,27.905634415274335,35.41668621080626,35.41668621080626,79.07703441819113,35.41687320207768,7.76553522218153,7.765535222181526,38.971000549485154,7.511238786803347
188,0,Vocal,0,0,19.87338191457973,19.87338191457973,63.219440780829686,19.873583760468247,28.272291097211735,28.272291097211735,65.70016224076429,28.273077493133194,8.398909182632003,8.398909182632003,2.4807214599345997,8.399493732664947
188,1,Bass,0,0,11.669905540747227,11.669905540747227,26.835772231391694,11.813138551878733,29.856747219756784,29.856747219756784,54.83119462071177,29.870598136471816,18.186841679009557,18.186841679009557,27.995422389320076,18.057459584593083
188,2,Drums,0,0,25.278637729499465,25.278637729499465,34.280903322917,25.864282786557066,36.80897974887409,36.80897974887409,78.07040127842693,36.80930459021859,11.530342019374622,11.530342019374622,43.78949795550993,10.945021803661522
189,0,Vocal,0,0,5.381193731219708,5.381193731219707,32.26615676324186,5.3926771512507905,29.759215161592067,29.759215161592067,55.03938525203814,29.77212315946721,24.37802143037236,24.37802143037236,22.773228488796278,24.37944600821642
189,1,Bass,0,0,3.457259199899341,3.457259199899341,20.281129186422774,3.588967107777325,27.719809650063606,27.719809650063606,62.3216568731672,27.72131765694497,24.262550450164266,24.262550450164266,42.040527686744426,24.132350549167644
189,2,Drums,0,0,28.846182346455336,28.846182346455336,41.32787991833175,29.09895066657316,29.788274989480716,29.788274989480712,87.01005912707521,29.7882832198051,0.9420926430253793,0.9420926430253758,45.682179208743456,0.6893325532319388
190,0,Vocal,0,0,5.811296540114225,5.811296540114226,31.968448866007844,5.824589034340944,17.521474020142517,17.521474020142517,44.320211202652544,17.530720362803645,11.710177480028293,11.71017748002829,12.3517623366447,11.706131328462702
190,1,Bass,0,0,12.709906371768962,12.709906371768962,30.13763789157376,12.793355864243045,31.896238257815448,31.896238257815448,53.890417620506085,31.923781899152015,19.186331886046485,19.186331886046485,23.752779728932325,19.13042603490897
190,2,Drums,0,0,31.844998254105548,31.844998254105548,61.69823210981946,31.84949402820896,38.05217415550043,38.05217415550043,96.57703592581885,38.05218021656737,6.2071759013948835,6.2071759013948835,34.87880381599939,6.202686188358413
191,0,Vocal,0,0,2.4795152522075146,2.4795152522075146,26.480868362456413,2.506587656367448,18.052691501389575,18.052691501389575,45.15881251859146,18.061288101235796,15.57317624918206,15.57317624918206,18.677944156135048,15.554700444868349
191,1,Bass,0,0,11.535756955333378,11.535756955333378,28.529672394124788,11.629498628096908,32.94993574952916,32.94993574952916,57.92806738428864,32.963767630072915,21.414178794195784,21.414178794195784,29.39839499016385,21.334269001976008
191,2,Drums,0,0,30.082423502542525,30.082423502542525,50.9947280939048,30.11780102065074,35.60167439022989,35.60167439022989,72.52142593913716,35.602557388249224,5.519250887687363,5.519250887687363,21.526697845232363,5.484756367598482
192,0,Vocal,0,0,25.749295716990726,25.749295716990726,56.11920039945596,25.753294884623926,30.60479471904108,30.60479471904108,90.81977371827683,30.604798811480443,4.855499002050355,4.855499002050355,34.70057331882087,4.851503926856516
192,1,Bass,0,0,11.499391366991333,11.499391366991333,20.803659613167362,12.077569155184909,38.42781641454137,38.42781641454137,82.23402055640182,38.427997090773125,26.928425047550036,26.928425047550036,61.430360943234454,26.350427935588215
192,2,Drums,0,0,16.011175133722748,16.011175133722748,20.07867813662839,18.214345846805326,37.02020443816329,37.02020443816329,71.6629974026683,37.02169578010921,21.009029304440542,21.009029304440542,51.584319266039905,18.807349933303886
193,0,Vocal,0,0,-0.5666623098731698,-0.5666623098731698,28.28565173448076,-0.5545661389874305,24.091519223638187,24.091519223638183,43.13079778706238,24.14624822020864,24.658181533511357,24.658181533511353,14.845146052581619,24.70081435919607
193,1,Bass,0,0,13.755749537050484,13.755749537050484,31.379369005133558,13.83462792732766,45.8478517050419,45.8478517050419,73.44608390712335,45.85540805401944,32.09210216799141,32.09210216799141,42.0667149019898,32.02078012669178
193,2,Drums,0,0,32.18224766008626,32.18224766008626,45.94044557201286,32.36909275129027,39.76091901481669,39.7609190148167,64.20065325131901,39.776572949477455,7.578671354730432,7.578671354730439,18.26020767930615,7.407480198187187
194,0,Vocal,0,0,0.38926191783487446,0.38926191783487446,24.908112015466088,0.41863255039494957,20.926926698575272,20.926926698575272,39.47190319448452,20.988557028011332,20.537664780740396,20.537664780740396,14.56379117901843,20.569924477616382
194,1,Bass,0,0,14.995760306384643,14.995760306384643,32.42356652024598,15.07748771828597,44.44697463512639,44.44697463512639,74.53024583905015,44.45123699350149,29.451214328741745,29.451214328741745,42.106679318804176,29.373749275215516
194,2,Drums,0,0,35.993828230565974,35.993828230565974,50.6365779460016,36.145556269574996,40.05281006275822,40.05281006275822,80.0178924539228,40.05324737756246,4.058981832192245,4.058981832192245,29.381314507921196,3.9076911079874606
195,0,Vocal,0,0,30.100321441252905,30.100321441252905,56.707154068851096,30.10982476136683,37.119090580124585,37.119090580124585,90.84407033207789,37.11910888203866,7.018769138871679,7.018769138871679,34.136916263226794,7.009284120671829
195,1,Bass,0,0,11.761644158766556,11.761644158766558,17.74864033468112,13.09461729557421,40.08305962188324,40.08305962188324,54.39610878300126,40.247001980501594,28.32141546311668,28.32141546311668,36.64746844832014,27.152384684927384
195,2,Drums,0,0,11.79932830832145,11.79932830832145,13.68355808904884,16.516030804391526,34.5800199523783,34.5800199523783,57.96633177696032,34.59998625843982,22.78069164405685,22.78069164405685,44.28277368791147,18.083955454048294
196,0,Vocal,0,0,21.778747324364602,21.778747324364602,39.67182778742845,21.85033743388464,35.298175851921975,35.298175851921975,61.85644603035242,35.307781548293384,13.519428527557373,13.519428527557373,22.184618242923975,13.457444114408744
196,1,Bass,0,0,17.20569995594227,17.20569995594227,29.69498017414005,17.462352699154355,43.75712204526664,43.75712204526664,92.10111331036066,43.75718520777217,26.551422089324372,26.551422089324372,62.40613313622061,26.294832508617812
196,2,Drums,0,0,21.769013829114932,21.769013829114932,32.39290031983859,22.1649915899617,37.80954828075791,37.80954828075791,55.34892171069839,37.886775338943174,16.040534451642976,16.040534451642976,22.956021390859803,15.721783748981473
197,0,Vocal,0,0,30.305380528766747,30.305380528766747,62.86681970208303,30.307787115348916,36.82950559927178,36.82950559927178,84.36940983283853,36.82958197007412,6.524125070505036,6.524125070505036,21.5025901307555,6.521794854725208
197,1,Bass,0,0,13.318372191373967,13.318372191373967,19.44294823287054,14.582740788429769,37.72782461578888,37.72782461578888,53.488099225042205,37.84468233669957,24.409452424414916,24.409452424414916,34.04515099217167,23.261941548269803
197,2,Drums,0,0,12.118224007104846,12.118224007104846,14.280506677243213,16.342448785516122,34.03807399213076,34.03807399213076,57.15212694882154,34.05933616543712,21.919849985025916,21.919849985025916,42.87162027157832,17.716887379920994
198,0,Vocal,0,0,20.17145234290374,20.17145234290374,67.47995337885375,20.171532125199544,42.29189566639236,42.29189566639236,56.181731799733726,42.47296346251411,22.120443323488615,22.120443323488615,-11.298221579120025,22.301431337314565
198,1,Bass,0,0,13.182485796136778,13.182485796136778,27.319389381121848,13.361376389872632,42.06843902758712,42.06843902758712,72.15989310508004,42.07269351242232,28.88595323145034,28.88595323145034,44.84050372395819,28.711317122549687
198,2,Drums,0,0,26.93795558063117,26.93795558063117,43.375960011127574,27.03791201085299,41.397431478033404,41.397431478033404,65.28641992950963,41.41520563233775,14.459475897402235,14.459475897402235,21.91045991838206,14.377293621484764
199,0,Vocal,0,0,22.20149542008535,22.20149542008535,42.894242960369766,22.23890156287203,34.99843396926411,34.99843396926411,71.29640338135742,34.99945266353451,12.796938549178762,12.796938549178762,28.402160420987656,12.760551100662482
199,1,Bass,0,0,11.670576383759085,11.670576383759085,24.04438559283278,11.94664968498914,39.79197083735489,39.79197083735489,58.305719293652956,39.853563456520156,28.121394453595805,28.121394453595805,34.261333700820174,27.906913771531016
199,2,Drums,0,0,18.25922204707641,18.25922204707641,22.83365197704809,20.144530170752763,38.13264893659205,38.13264893659205,67.99434718914097,38.13713500550487,19.87342688951564,19.87342688951564,45.160695212092875,17.992604834752104
200,0,Vocal,0,0,3.8314779338694334,3.831477933869433,21.792389544108147,3.930141674632075,24.491001273593866,24.491001273593866,75.83283117099225,24.491033181141248,20.659523339724434,20.659523339724434,54.0404416268841,20.560891506509172
200,1,Bass,0,0,1.3385816651114362,1.3385816651114355,13.825104578940993,1.76711364691121,35.84413866249066,35.84413866249066,58.357832917414214,35.868558719507355,34.50555699737922,34.50555699737922,44.53272833847322,34.10144507259614
200,2,Drums,0,0,28.51411729011645,28.51411729011645,45.87134785759246,28.594780864312742,35.463012253511955,35.463012253511955,67.67227309059233,35.46562503681942,6.948894963395507,6.948894963395507,21.800925232999866,6.870844172506676
201,0,Vocal,0,0,7.831696890984059,7.831696890984059,25.0516959364399,7.928410806281978,25.242505791414445,25.242505791414445,62.73036032454187,25.243282581673068,17.410808900430386,17.410808900430386,37.67866438810197,17.31487177539109
201,1,Bass,0,0,2.5867729378166997,2.5867729378166997,14.54799524557022,3.022231644553913,38.064323020696136,38.064323020696136,58.12484410051604,38.10737063412089,35.47755008287944,35.47755008287944,43.57684885494582,35.08513898956698
201,2,Drums,0,0,26.418472737017314,26.418472737017314,47.99172302063495,26.44887649530331,33.853320541831124,33.853320541831124,58.267794754113176,33.869071260828576,7.43484780481381,7.43484780481381,10.276071733478226,7.420194765525267
202,0,Vocal,0,0,2.790021324530603,2.7900213245306045,21.678824739594347,2.875884621432556,20.799907133305773,20.799907133305773,65.52620029428047,20.800054573793652,18.00988580877517,18.009885808775167,43.847375554686124,17.924169952361098
202,1,Bass,0,0,1.8734224476602548,1.8734224476602548,14.611326752642599,2.258662340713073,37.47409396091966,37.47409396091966,61.70741074662517,37.490513034427806,35.60067151325941,35.60067151325941,47.096083993982575,35.23185069371473
202,2,Drums,0,0,29.88426994527211,29.88426994527211,44.77831959635235,30.027469814016538,34.87575862692936,34.87575862692936,64.47094482763809,34.880529974437465,4.991488681657252,4.991488681657252,19.692625231285746,4.853060160420927
203,0,Vocal,0,0,7.370106540218865,7.370106540218863,24.44494995263588,7.471703284202928,25.917564279992796,25.917564279992796,89.00758862727966,25.917566370380687,18.547457739773932,18.547457739773932,64.56263867464378,18.44586308617776
203,1,Bass,0,0,-2.3780029862539216,-2.3780029862539207,10.010037061562462,-1.7068672178529976,32.387321013655736,32.387321013655736,74.06102359798243,32.38761654195364,34.765323999909654,34.765323999909654,64.05098653641997,34.094483759806636
203,2,Drums,0,0,27.344199230944582,27.344199230944582,38.999184284600815,27.652042675917357,34.922343121183694,34.922343121183694,60.77033412158216,34.93365900410267,7.578143890239112,7.578143890239112,21.771149836981344,7.281616328185315
204,0,Vocal,0,0,0.0938666601740599,0.0938666601740599,17.60418803065033,0.24635645035299772,21.278810954042847,21.278810954042847,63.17449644028386,21.27909364776603,21.184944293868785,21.184944293868785,45.570308409633526,21.03273719741303
204,1,Bass,0,0,-0.5396083154682474,-0.5396083154682474,11.851364790651225,-0.006978604132346469,35.66495524468169,35.66495524468169,61.21869698742571,35.677064865277224,36.20456356014994,36.20456356014994,49.367332196774484,35.68404346940957
204,2,Drums,0,0,33.15576014917142,33.15576014917142,57.59140993062874,33.171429848454935,34.455287200761575,34.455287200761575,71.50253899004299,34.45614470670031,1.2995270515901538,1.2995270515901538,13.91112905941425,1.2847148582453727
205,0,Vocal,0,0,5.98917448710117,5.98917448710117,23.11629625401267,6.095293520174546,23.940854740063724,23.940854740063724,83.06446088157706,23.940860034072738,17.951680252962554,17.951680252962554,59.948164627564395,17.84556651389819
205,1,Bass,0,0,-1.8097388773182685,-1.8097388773182685,10.425515783399963,-1.1651644446046363,34.14257581110582,34.14257581110582,69.22648403765362,34.14392354733945,35.95231468842409,35.95231468842409,58.80096825425366,35.30908799194408
205,2,Drums,0,0,26.683926312613615,26.683926312613615,37.20599703004157,27.08801028365563,34.55921605453181,34.55921605453181,66.3779288503456,34.56207496810501,7.875289741918195,7.875289741918195,29.171931820304025,7.474064684449377
206,0,Vocal,0,0,7.030203868867211,7.0302038688672095,22.408578302443765,7.182811568114685,27.30251052045454,27.30251052045454,76.36427827684267,27.302564460458374,20.27230665158733,20.27230665158733,53.955699974398904,20.11975289234369
206,1,Bass,0,0,-2.621545445925912,-2.621545445925912,9.614926484643306,-1.9035904350734534,31.17258071485019,31.17258071485019,55.45771680061684,31.188814179306448,33.7941261607761,33.7941261607761,45.84279031597354,33.0924046143799
206,2,Drums,0,0,26.852534535544578,26.852534535544578,38.97439042194663,27.128046117440977,35.707906228146115,35.707906228146115,68.56817843535143,35.71015515451742,8.855371692601537,8.855371692601537,29.593788013404797,8.582109037076446
207,0,Vocal,0,0,8.38757881683013,8.38757881683013,24.98523630507536,8.497457696968473,31.322946268018306,31.322946268018303,70.31599912318838,31.3234941757271,22.935367451188178,22.93536745118817,45.330762818113016,22.826036478758624
207,1,Bass,0,0,-5.612294168091832,-5.612294168091832,7.2401239353575715,-4.629994431389674,30.36640456838089,30.36640456838089,54.882584232192755,30.38179786231755,35.97869873647272,35.97869873647272,47.64246029683518,35.011792293707224
207,2,Drums,0,0,29.593112619033857,29.593112619033857,42.724795982160245,29.809810325823676,34.970772472401926,34.970772472401926,57.14239773407317,34.997201379719485,5.377659853368069,5.377659853368069,14.417601751912926,5.187391053895809
208,0,Vocal,0,0,19.139553161010557,19.139553161010557,56.025866959581656,19.14045316343812,29.506713069568868,29.506713069568868,77.4130750308588,29.506783437303103,10.36715990855831,10.36715990855831,21.38720807127715,10.366330273864982
208,1,Bass,0,0,9.041747948652386,9.041747948652386,21.267620348926833,9.342313454286277,35.902463025101994,35.902463025101994,63.646760465719616,35.90977150014123,26.86071507644961,26.86071507644961,42.37914011679278,26.567458045854956
208,2,Drums,0,0,17.556464497331522,17.556464497331522,25.50737321277765,18.327378219756564,36.695861624452405,36.695861624452405,64.7151400767084,36.702720992114315,19.139397127120883,19.139397127120883,39.20776686393074,18.37534277235775
209,0,Vocal,0,0,15.695841950363988,15.695841950363988,59.579109518720074,15.696023885962491,29.18275411598403,29.18275411598403,70.40207207293619,29.18308241943866,13.48691216562004,13.48691216562004,10.822962554216119,13.487058533476167
209,1,Bass,0,0,5.6729808626569564,5.6729808626569564,19.522833917115197,5.903955608957519,33.2884178711157,33.2884178711157,73.41940715660124,33.28883941799903,27.61543700845874,27.61543700845874,53.896573239486045,27.38488380904151
209,2,Drums,0,0,19.899908730600536,19.899908730600536,26.859239300576547,20.885575528031172,36.571093183099194,36.571093183099194,65.89903648794872,36.57616693622036,16.671184452498657,16.671184452498657,39.03979718737217,15.690591408189189
210,0,Vocal,0,0,9.593424411765106,9.593424411765106,33.64229710889638,9.612430145016885,28.924497013420257,28.924497013420257,59.343888357204264,28.928446273553213,19.33107260165515,19.33107260165515,25.701591248307885,19.316016128536326
210,1,Bass,0,0,13.71333714550161,13.71333714550161,26.46888316994808,13.959713243487311,41.248675955827245,41.248675955827245,94.40025174374378,41.24869649380115,27.535338810325634,27.535338810325634,67.93136857379571,27.288983250313837
210,2,Drums,0,0,13.336355047942888,13.336355047942888,33.898292727106494,13.376450280088225,35.96051351907853,35.96051351907853,58.91821421591114,35.98255285778467,22.624158471135644,22.624158471135644,25.01992148880465,22.606102577696443
211,0,Vocal,0,0,30.130203114410556,30.130203114410556,56.61756619866509,30.13994919365787,32.891973170604984,32.891973170604984,53.14965749874564,32.93311540148587,2.761770056194429,2.761770056194429,-3.467908699919448,2.7931662078280013
211,1,Bass,0,0,13.873130409769612,13.873130409769612,23.020480013459228,14.458274237638168,30.665892417684407,30.665892417684407,44.370831833183246,30.855159717734004,16.792762007914796,16.792762007914796,21.35035181972402,16.396885480095836
211,2,Drums,0,0,17.56764512372732,17.56764512372732,21.8732270964954,19.609655510188247,29.329376960996967,29.329376960996967,57.06946914270339,29.3366989288059,11.761731837269647,11.761731837269647,35.19624204620799,9.727043418617654
212,0,Vocal,0,0,32.65817829833815,32.65817829833815,62.699505059898215,32.662471256625736,25.713927395613364,25.713927395613364,65.71049443955738,25.71436319734474,-6.944250902724786,-6.944250902724786,3.010989379659165,-6.948108059280997
212,1,Bass,0,0,11.917994580457567,11.917994580457567,21.15814818965201,12.501962886903879,28.427898473741855,28.427898473741855,70.61943848851736,28.42816099215814,16.50990389328429,16.50990389328429,49.46129029886535,15.926198105254262
212,2,Drums,0,0,17.56474097454662,17.56474097454662,22.73606509568365,19.161690327036712,34.00918495737817,34.00918495737817,70.32264348853116,34.01020027888437,16.444443982831547,16.444443982831547,47.58657839284751,14.848509951847657
213,0,Vocal,0,0,18.019493610676665,18.019493610676665,51.19978937149757,18.021614569228216,27.58483879502625,27.58483879502625,77.37759067128081,27.584884378717305,9.565345184349585,9.565345184349585,26.17780129978324,9.56326980948909
213,1,Bass,0,0,5.089224723931274,5.089224723931274,18.19772708179217,5.37215554035958,32.05979011206483,32.05979011206483,64.89037714914403,32.062055247169006,26.970565388133558,26.970565388133558,46.69265006735186,26.689899706809427
213,2,Drums,0,0,22.500132592092434,22.500132592092434,27.18484606617877,24.313244674331074,37.33924888182493,37.33924888182493,71.08573840570352,37.341082368917256,14.839116289732495,14.839116289732495,43.90089233952475,13.027837694586182
214,0,Vocal,0,0,14.331662652364967,14.331662652364967,57.91053142737567,14.331859433233769,35.299116403263874,35.299116403263874,66.1909760782058,35.302654784414415,20.967453750898905,20.967453750898905,8.28044465083012,20.970795351180648
214,1,Bass,0,0,9.558949727292989,9.558949727292989,23.693110979197478,9.748422969140575,37.361904152567654,37.361904152567654,77.78677652957667,37.36229788045109,27.802954425274663,27.802954425274663,54.09366555037919,27.61387491131051
214,2,Drums,0,0,19.948887823209432,19.948887823209432,30.476297073147833,20.355516966351992,39.54121114397176,39.541211143971765,62.079722093377654,39.56548767885067,19.592323320762326,19.592323320762333,31.60342502022982,19.20997071249868
215,0,Vocal,0,0,19.878615404573797,19.878615404573797,65.82598693433036,19.878726183493917,27.298365097799934,27.298365097799934,78.3118150258399,27.298399514640668,7.419749693226137,7.419749693226137,12.485828091509546,7.41967333114675
215,1,Bass,0,0,8.80548219158835,8.80548219158835,18.350425195996134,9.379728243026433,35.64718834767775,35.64718834767775,62.90142795045626,35.6553707533838,26.841706156089398,26.841706156089398,44.55100275446013,26.275642510357365
215,2,Drums,0,0,15.615177047972056,15.615177047972056,20.20558979720566,17.510617351024546,37.23188734342845,37.23188734342845,68.56427587754179,37.235084379428244,21.616710295456393,21.616710295456393,48.35868608033613,19.724467028403698
216,0,Vocal,0,0,-5.268881803396097,-5.268881803396095,31.323681667383546,-5.2647296130182255,20.436540389321173,20.436540389321177,42.23506358659208,20.46559819748137,25.705422192717272,25.705422192717272,10.91138191920853,25.730327810499595
216,1,Bass,0,0,3.0228787690972125,3.0228787690972125,23.16444298098058,3.0860272536493456,28.57515135898877,28.575151358988773,81.43655617945512,28.57517384977897,25.552272589891558,25.55227258989156,58.27211319847454,25.489146596129626
216,2,Drums,0,0,31.18022787919233,31.18022787919233,45.408586111818124,31.347570048481934,30.936879551818972,30.936879551818972,82.03311411656726,30.93691331707496,-0.24334832737335788,-0.24334832737335788,36.62452800474914,-0.41065673140697356
217,0,Vocal,0,0,-9.258205300313545,-9.258205300313545,52.298958823598376,-9.258177701803668,16.3443069066557,16.3443069066557,42.28842728787584,16.355627294843657,25.602512206969244,25.602512206969244,-10.010531535722535,25.613804996647325
217,1,Bass,0,0,2.674894013745377,2.674894013745377,22.513578467223464,2.744480393893032,26.136946571726813,26.136946571726813,79.83142188404096,26.136965159076382,23.462052557981437,23.462052557981437,57.317843416817496,23.39248476518335
217,2,Drums,0,0,33.46973082294609,33.46973082294609,48.02584367041604,33.624641627091265,30.972488988645285,30.972488988645285,103.29614861493906,30.972489240669944,-2.497241834300805,-2.497241834300805,55.27030494452302,-2.652152386421321
218,0,Vocal,0,0,-4.930510193313692,-4.930510193313692,30.60719525306141,-4.925522383565978,20.832556597001467,20.832556597001467,45.58293220923528,20.847246843046538,25.763066790315158,25.763066790315158,14.975736956173872,25.772769226612517
218,1,Bass,0,0,3.0257593011030415,3.025759301103043,23.22957073681458,3.0879933171704836,29.418738554087724,29.418738554087724,52.30632518191598,29.44115875579333,26.392979252984684,26.39297925298468,29.0767544451014,26.35316543862285
218,2,Drums,0,0,31.150132127607428,31.150132127607428,45.37158983022944,31.317746464768167,31.212570791146952,31.212570791146952,112.52548158651082,31.212570819733344,0.062438663539523986,0.062438663539523986,67.15389175628138,-0.1051756450348229
219,0,Vocal,0,0,-4.632912063641844,-4.632912063641845,37.449084839686584,-4.631862259411894,21.33900029847407,21.33900029847407,47.81467533441906,21.348860006337034,25.971912362115912,25.971912362115916,10.365590494732473,25.980722265748927
219,1,Bass,0,0,1.8341992680005936,1.8341992680005936,21.623938308253287,1.909802288836651,30.473674932207025,30.473674932207025,53.037344810006104,30.49783016115225,28.639475664206433,28.639475664206433,31.413406501752817,28.5880278723156
219,2,Drums,0,0,33.05638386363582,33.05638386363582,45.958607641405784,33.28502039895612,32.17719759397201,32.17719759397201,81.48309371417405,32.17724857694745,-0.879186269663812,-0.879186269663812,35.52448607276826,-1.1077718220086723
220,0,Vocal,0,0,-4.949651235296594,-4.949651235296592,30.12607766130621,-4.944085208072094,19.498758175746712,19.498758175746712,54.27836089789662,19.50021922067502,24.448409411043308,24.448409411043304,24.15228323659041,24.444304428747117
220,1,Bass,0,0,3.0314150103159374,3.0314150103159374,23.242591912871614,3.0935166163769408,26.937679735267732,26.937679735267732,40.643737356660765,27.127113106276642,23.906264724951797,23.906264724951797,17.40114544378915,24.0335964898997
220,2,Drums,0,0,31.12946082691847,31.129460826918468,45.33696883689678,31.297625578403863,31.54229113055028,31.54229113055028,90.8429890489989,31.542296231993863,0.4128303036318073,0.41283030363181084,45.50602021210212,0.24467065358999918
221,0,Vocal,0,0,-5.336955029735777,-5.336955029735777,33.684050292593724,-5.334552323311906,20.745239946125174,20.745239946125174,43.041701958068465,20.77112484755315,26.08219497586095,26.08219497586095,9.35765166547474,26.105677170865057
221,1,Bass,0,0,3.0016899410460978,3.0016899410460978,23.5220806960918,3.059645110652892,32.42474856739929,32.42474856739929,70.05227061554126,32.42549898012051,29.423058626353193,29.423058626353193,46.53018991944946,29.365853869467617
221,2,Drums,0,0,31.573974883854415,31.57397488385441,45.838213305765024,31.739902859258706,31.97443026874609,31.974430268746094,105.66624026950524,31.974430450644917,0.400455384891675,0.4004553848916821,59.828026963740214,0.23452759138621104
222,0,Vocal,0,0,-4.729804967921988,-4.729804967921986,30.84751374159123,-4.725031304836604,21.494881910109523,21.494881910109523,50.09527215417534,21.50092250988734,26.224686878031513,26.22468687803151,19.247758412584112,26.225953814723944
222,1,Bass,0,0,2.662812814950846,2.662812814950846,22.931160412511318,2.725891031031682,32.26316322929349,32.26316322929349,53.02233746628894,32.29980301043389,29.600350414342643,29.600350414342643,30.09117705377762,29.573911979402208
222,2,Drums,0,0,32.52320686100041,32.52320686100041,46.34854876469027,32.707133557398095,31.951675930339654,31.951675930339654,89.73968041142112,31.9516831583151,-0.5715309306607566,-0.5715309306607566,43.39113164673085,-0.7554503990829957
223,0,Vocal,0,0,-5.13686863585587,-5.13686863585587,28.577126087933618,-5.128999603458439,20.31298836007226,20.31298836007226,42.456030957763545,20.33983030440258,25.44985699592813,25.44985699592813,13.878904869829928,25.468829907861018
223,1,Bass,0,0,4.001516598707941,4.001516598707941,24.368163831784415,4.05746990785831,29.732750429547878,29.732750429547878,58.90307431446918,29.738016360214402,25.731233830839937,25.731233830839937,34.534910482684765,25.680546452356094
223,2,Drums,0,0,29.830104095876052,29.830104095876052,47.048404313730856,29.913386309637346,32.010241327671665,32.010241327671665,104.4825398219017,32.01024156959952,2.1801372317956123,2.1801372317956123,57.43413550817084,2.096855259962176
224,0,Vocal,0,0,-4.463269315209986,-4.463269315209986,21.190128248974407,-4.41854345627764,22.444416263029197,22.444416263029197,69.49598899393044,22.444502123656203,26.90768557823918,26.90768557823918,48.305860744956036,26.863045579933843
224,1,Bass,0,0,0.9998486093411028,0.9998486093411035,17.1575649999877,1.1891147654576042,27.764215924178227,27.764215924178227,51.07165737921669,27.784576039107026,26.764367314837124,26.764367314837124,33.91409237922899,26.595461273649423
224,2,Drums,0,0,32.137176508618865,32.137176508618865,47.38533267466253,32.26893856353601,28.022145707511754,28.022145707511754,68.43247780287467,28.022541483954413,-4.11503080110711,-4.11503080110711,21.047145128212144,-4.246397079581598
225,0,Vocal,0,0,-0.7367427194682126,-0.7367427194682137,24.43128190999895,-0.7078833740999446,23.649031151364074,23.649031151364074,66.54184229911499,23.64925504355908,24.38577387083229,24.38577387083229,42.11056038911604,24.357138417659023
225,1,Bass,-225,0,-0.7400116712172767,-0.7400116712172775,19.886032429926598,-0.6578917801409488,25.000775373208953,25.00077537320895,44.523252111157845,25.049678310386913,25.74078704442623,25.740787044426227,24.637219681231247,25.707570090527863
225,2,Drums,0,0,27.754079091636473,27.754079091636477,36.251800919089995,28.416833838312737,27.861956211941514,27.861956211941514,73.53690592846709,27.862073969430348,0.10787712030504082,0.10787712030503727,37.2851050093771,-0.5547598688823889
226,0,Vocal,0,0,-5.151161564742893,-5.151161564742893,9.57661749356178,-4.54825650430789,21.05088607532686,21.05088607532686,47.78021402374148,21.06019015585261,26.202047640069754,26.202047640069754,38.203596530179695,25.6084466601605
226,1,Bass,0,0,28.88248710795998,28.88248710795998,45.81567206199442,28.97149807875554,42.02564568644927,42.02564568644927,76.56368993372483,42.02717343713519,13.143158578489292,13.143158578489292,30.74801787173041,13.055675358379649
226,2,Drums,0,0,11.776802910475277,11.776802910475277,31.400361558417163,11.827569434212446,24.828163673439853,24.828163673439853,53.71598732926074,24.833796239532422,13.051360762964576,13.051360762964576,22.315625770843578,13.006226805319976
227,0,Vocal,0,0,-8.951899288396199,-8.951899288396199,16.104222312132293,-8.833103343400808,22.18852712785887,22.18852712785887,57.42636920614864,22.189834475654294,31.140426416255067,31.140426416255067,41.32214689401635,31.0229378190551
227,1,Bass,0,0,2.4359988254256684,2.4359988254256697,19.59033920363792,2.5679073386482165,27.707877388436746,27.707877388436746,50.0220876792244,27.733485296842495,25.27187856301108,25.271878563011075,30.431748475586478,25.16557795819428
227,2,Drums,0,0,26.765780434031186,26.765780434031186,41.097729695700735,26.9293184902877,28.045270138656953,28.045270138656953,72.77885875401876,28.045416389988908,1.2794897046257674,1.2794897046257674,31.68112905831802,1.1160978997012094
228,0,Vocal,0,0,-3.9645909032144404,-3.9645909032144404,24.946009298057255,-3.9451232413751445,24.12633747509677,24.12633747509677,69.29148586176039,24.126469758589664,28.090928378311208,28.090928378311208,44.34547656370314,28.071592999964807
228,1,Bass,0,0,-0.2556082422258178,-0.2556082422258178,17.278437292740776,-0.09777674078674048,22.394720617113002,22.394720617113002,42.45407037157232,22.43802009992116,22.65032885933882,22.65032885933882,25.175633078831545,22.535796840707903
228,2,Drums,0,0,28.978271290694583,28.978271290694583,47.13449083847167,29.04526622739653,28.094621386102865,28.094621386102872,81.56377606420222,28.09464094940388,-0.8836499045917172,-0.8836499045917101,34.429285225730546,-0.9506252779926534
229,0,Vocal,0,0,-4.86877558518617,-4.86877558518617,9.617437583380617,-4.2612429646154295,22.56792949252852,22.56792949252852,60.17381283603403,22.56868647536706,27.43670507771469,27.43670507771469,50.55637525265341,26.82992943998249
229,1,Bass,0,0,30.28780580203062,30.28780580203062,47.007004193273865,30.381327160113358,43.58937992542942,43.58937992542942,79.88074870201277,43.5904000532128,13.301574123398801,13.301574123398801,32.8737445087389,13.209072893099439
229,2,Drums,0,0,10.575372939884279,10.575372939884279,30.4148384565414,10.624618482002845,25.773914112682995,25.773914112682995,53.87374002954221,25.780663782126418,15.198541172798716,15.198541172798716,23.458901573000812,15.156045300123573
230,0,Vocal,0,0,-3.5166067099195435,-3.516606709919544,10.407139391667535,-2.9585336931573787,25.09043335284916,25.09043335284916,88.97542771690817,25.090433553794988,28.607040062768704,28.607040062768704,78.56828832524064,28.048967246952365
230,1,Bass,0,0,29.656541892355275,29.656541892355275,83.10792684151922,29.65655671647326,44.34199672942476,44.34199672942476,78.20956942104706,44.343779409863615,14.685454837069482,14.685454837069482,-4.898357420472152,14.687222693390353
230,2,Drums,0,0,9.549047876673743,9.549047876673743,28.977965090180117,9.60435674458667,21.568506665006236,21.568506665006236,57.27210171724149,21.569682887830876,12.019458788332493,12.019458788332493,28.294136627061373,11.965326143244205
231,0,Vocal,0,0,-4.899525903960926,-4.899525903960925,29.31623619314479,-4.892800224882186,21.372099720161394,21.37209972016139,55.486278144815486,21.373796145621963,26.271625624122322,26.271625624122315,26.170041951670697,26.26659637050415
231,1,Bass,0,0,2.338090197040636,2.338090197040636,18.5377824050353,2.503940121293854,32.06715185933269,32.06715185933269,55.09054478808309,32.08886878628452,29.729061662292054,29.729061662292054,36.55276238304779,29.584928664990667
231,2,Drums,0,0,28.30518275646635,28.30518275646635,41.8220907842834,28.503136696818498,27.943153709836185,27.943153709836185,81.0859745817359,27.943174801183677,-0.3620290466301661,-0.3620290466301661,39.2638837974525,-0.5599618956348209
232,0,Vocal,-19811,0,-43.38538597107511,-43.38538597107511,-24.00045457210616,-19.317356503069117,15.016823323660368,15.016823323660368,30.370093973334242,15.14929841727863,58.40220929473548,58.40220929473548,54.3705485454404,34.46665492034775
232,1,Bass,1,0,10.902624495158319,10.902624495158319,27.059583874642314,11.017676432660474,29.13370620241991,29.13370620241991,53.71879454098043,29.14886137644769,18.231081707261588,18.231081707261588,26.65921066633812,18.13118494378722
232,2,Drums,0,0,10.446525472000248,10.446525472000248,20.59021229379897,10.926170952395328,28.186226589185736,28.186226589185736,51.20570480697889,28.207982590869957,17.73970111718549,17.73970111718549,30.615492513179923,17.28181163847463
233,0,Vocal,0,0,4.923616253467978,4.923616253467978,27.324016056579957,4.95671192570428,27.365852890854462,27.365852890854462,56.88792105737364,27.37071249003183,22.442236637386486,22.442236637386486,29.56390500079368,22.41400056432755
233,1,Bass,-1,0,5.212374701512591,5.212374701512591,20.675075329927314,5.37463892465836,28.8352515664126,28.8352515664126,58.17607809923401,28.840315873371548,23.62287686490001,23.62287686490001,37.501002769306695,23.465676948713188
233,2,Drums,0,0,16.179416762226257,16.179416762226257,26.1261662597969,16.653532312264346,32.82008004466894,32.82008004466894,65.69076051079668,32.82232414081928,16.640663282442684,16.640663282442684,39.564594250999775,16.168791828554937
234,0,Vocal,0,0,1.7586671323368785,1.7586671323368805,38.19298006469549,1.7603125575075584,25.17256254427725,25.172562544277245,51.90170338428474,25.181823204557006,23.41389541194037,23.413895411940363,13.708723319589247,23.42151064704945
234,1,Bass,0,0,1.9959797175471727,1.995979717547172,16.67870257167843,2.238614770473312,26.82472413476166,26.82472413476166,53.8161838901013,26.833433221951964,24.828744417214487,24.828744417214487,37.13748131842287,24.594818451478652
234,2,Drums,0,0,18.472548675604767,18.472548675604767,28.783116780569603,18.90269129280582,33.08864313249498,33.08864313249498,91.16269989110135,33.08864985627041,14.616094456890213,14.616094456890213,62.379583110531755,14.185958563464588
235,0,Vocal,0,0,-8.951555525425267,-8.951555525425269,5.3368193913035755,-7.6719364727995165,19.447477810210067,19.447477810210067,36.51884576344272,19.534533999255636,28.399033335635334,28.399033335635337,31.182026372139145,27.206470472055152
235,1,Bass,-1,0,12.963694313661026,12.963694313661026,30.79955708197518,13.039382463233757,33.13910894466242,33.13910894466242,61.02991176380847,33.14617646721017,20.17541463100139,20.17541463100139,30.23035468183329,20.10679400397641
235,2,Drums,0,0,10.52964775797025,10.52964775797025,20.465411574474697,11.033260789592008,26.251629258956267,26.251629258956267,59.40332335522392,26.253736654295125,15.721981500986017,15.721981500986017,38.93791178074922,15.220475864703117
236,0,Vocal,0,0,6.08085367509711,6.08085367509711,29.694577753558633,6.104449371565287,27.78081805967091,27.78081805967091,57.12064072318128,27.78588512715762,21.6999643845738,21.6999643845738,27.42606296962265,21.681435755592332
236,1,Bass,0,0,4.035519458842588,4.035519458842588,19.23593221144201,4.220159747358392,28.4043122301614,28.4043122301614,58.87771146963811,28.408214014872488,24.36879277131881,24.36879277131881,39.641779258196095,24.188054267514097
236,2,Drums,0,0,16.49528009107018,16.49528009107018,26.79014639113477,16.93037897301479,30.692816226301115,30.692816226301115,67.15230438045742,30.693798507090957,14.197536135230937,14.197536135230937,40.362157989322654,13.763419534076167
237,0,Vocal,0,0,-10.402702613279748,-10.402702613279748,11.933947462668835,-10.10759811646648,19.94662087681432,19.94662087681432,36.97590875883743,20.034426960946313,30.349323490094065,30.349323490094065,25.041961296168594,30.142025077412793
237,1,Bass,-2,0,10.650242589964954,10.650242589964954,26.514754116030332,10.773952245666912,31.286652811976335,31.286652811976335,57.463031025560994,31.29714806567646,20.63641022201138,20.63641022201138,30.948276909530662,20.523195820009548
237,2,Drums,0,0,11.098063914373736,11.098063914373736,21.42656419825597,11.551784469007595,28.447979463890597,28.447979463890597,57.97414030797523,28.452832672956095,17.34991554951686,17.34991554951686,36.54757610971926,16.9010482039485
238,0,Vocal,-19948,0,-42.44537463736271,-42.44537463736271,-27.03176699507155,-15.27833281056705,2.1998278102972026,2.1998278102972026,23.850865669006968,2.247480443528239,44.64520244765991,44.64520244765991,50.882632664078514,17.52581325409529
238,1,Bass,0,0,7.880731146713372,7.880731146713373,24.822095009180135,7.983746750720099,32.4504108376265,32.4504108376265,72.85254889543171,32.4508069434967,24.569679690913127,24.569679690913127,48.03045388625158,24.4670601927766
238,2,Drums,0,0,15.359700634579191,15.359700634579195,26.080251572669624,15.754818815020728,27.548667537159936,27.548667537159936,61.04649904403219,27.550612260551702,12.188966902580745,12.188966902580741,34.966247471362564,11.795793445530974
239,0,Vocal,0,0,2.676071111894212,2.6760711118942133,30.988573599057297,2.6859383328130493,24.678968491519733,24.678968491519733,54.644561627980494,24.683362942098583,22.00289737962552,22.00289737962552,23.655988028923197,21.997424609285535
239,1,Bass,0,0,6.274697897292371,6.274697897292371,22.33572361237405,6.4089099439324855,30.19184645956928,30.19184645956928,65.33327982565811,30.19317727279401,23.91714856227691,23.91714856227691,42.99755621328406,23.784267328861525
239,2,Drums,0,0,16.731840661387626,16.731840661387626,27.297177186975876,17.138997317644936,31.54172222771225,31.54172222771225,73.92241151937634,31.541973401127112,14.809881566324623,14.809881566324623,46.62523433240047,14.402976083482177
240,0,Vocal,0,0,18.63672543188775,18.636725431887754,37.737007334617054,18.691213572450987,32.2327128174546,32.2327128174546,56.77571751501002,32.24800615062386,13.595987385566847,13.595987385566843,19.038710180392968,13.556792578172871
240,1,Bass,0,0,14.974242715220313,14.974242715220312,31.912279430688262,15.065837684369122,30.52195208683657,30.52195208683657,55.50083737538078,30.535786810691405,15.547709371616257,15.547709371616259,23.58855794469252,15.469949126322284
240,2,Drums,0,0,24.279644912190253,24.279644912190253,46.150612596921036,24.308069878829365,33.1079157943843,33.107915794384304,57.60977130317351,33.123353426830334,8.828270882194044,8.828270882194051,11.459158706252474,8.81528354800097
241,0,Vocal,0,0,13.950599481398235,13.950599481398239,41.770268180418896,13.958068829177712,30.193301771351145,30.193301771351145,53.69398070594046,30.21275980740507,16.24270228995291,16.242702289952906,11.923712525521566,16.25469097822736
241,1,Bass,0,0,15.811621265320447,15.81162126532045,29.56806743521714,16.003245877263694,34.24667198286776,34.24667198286776,67.27155806084906,34.24883749283766,18.435050717547313,18.43505071754731,37.703490625631915,18.245591615573964
241,2,Drums,0,0,17.21279629851242,17.21279629851242,33.83918456772186,17.310068884670592,28.136539692040586,28.136539692040586,51.95959977485147,28.154613267683544,10.923743393528166,10.923743393528166,18.12041520712961,10.844544383012952
242,0,Vocal,0,0,11.386171703339592,11.386171703339592,32.74840200519287,11.420330508465836,29.481192664555252,29.481192664555252,61.08070701064775,29.484201889903584,18.09502096121566,18.09502096121566,28.332305005454877,18.06387138143775
242,1,Bass,0,0,10.429112385657223,10.429112385657222,27.150938431628013,10.530855451710874,36.123407348251945,36.123407348251945,83.02354493834882,36.12349601345958,25.69429496259472,25.694294962594725,55.87260650672081,25.592640561748706
242,2,Drums,0,0,26.312839250633505,26.312839250633505,32.9728517600514,27.370614257391537,34.45499626134001,34.45499626134001,65.63763561120919,34.45830632526758,8.142157010706502,8.142157010706502,32.66478385115779,7.087692067876041
243,0,Vocal,0,0,10.65893833733247,10.658938337332472,59.09313853965199,10.659005790773449,30.014214809472335,30.014214809472335,57.58821145219768,30.021821390039847,19.355276472139863,19.355276472139863,-1.5049270874543055,19.362815599266398
243,1,Bass,0,0,9.595210365643098,9.595210365643098,25.342835238049584,9.725066835223847,35.761686507081365,35.76168650708136,75.24014054306937,35.7621763494729,26.166476141438267,26.16647614143826,49.897305305019785,26.037109514249053
243,2,Drums,0,0,24.994594284580813,24.994594284580813,61.660512339270646,24.995532500668087,35.077051559878356,35.077051559878356,65.25623570486317,35.08122222357181,10.082457275297543,10.082457275297543,3.5957233655925265,10.08568972290372
244,0,Vocal,0,0,13.283592174181605,13.283592174181605,44.74519372026434,13.286840590812073,29.296107400150323,29.296107400150323,105.32201827106753,29.29610744152673,16.01251522596872,16.01251522596872,60.576824550803195,16.009266850714656
244,1,Bass,0,0,8.036579605143066,8.036579605143066,22.57639640235054,8.2159457127429,31.247920831711156,31.247920831711156,63.717662302133384,31.25038265610401,23.211341226568088,23.211341226568088,41.141265899782844,23.034436943361108
244,2,Drums,0,0,22.57379597209896,22.57379597209896,36.010945764869355,22.776302764602207,32.15539086295327,32.15539086295327,61.739233592639486,32.16017606687723,9.581594890854308,9.581594890854308,25.72828782777013,9.38387330227502
245,0,Vocal,0,0,15.331492230530825,15.331492230530825,41.97140734299326,15.341192383697276,31.187837695715164,31.187837695715164,62.21694397258895,31.19126823887931,15.856345465184338,15.856345465184338,20.24553662959569,15.850075855182034
245,1,Bass,0,0,11.282950901104929,11.28295090110493,26.86556209852929,11.41366566542738,35.83677019793291,35.83677019793291,61.5790305678742,35.84836464040222,24.553819296827978,24.553819296827974,34.71346846934491,24.434698974974836
245,2,Drums,0,0,23.855792932954675,23.855792932954675,34.47604326274166,24.251164899371318,33.13253728519819,33.13253728519819,60.8323441465493,33.13992281586131,9.276744352243515,9.276744352243515,26.35630088380764,8.888757916489993
246,0,Vocal,0,0,9.000453980590791,9.000453980590791,41.33689618209993,9.003309751760542,29.550870756335343,29.550870756335343,62.50555537755482,29.553073097291374,20.55041677574455,20.55041677574455,21.168659195454893,20.549763345530835
246,1,Bass,0,0,10.83519599633178,10.83519599633178,26.961233865106998,10.951213848894586,32.05642936004928,32.05642936004928,74.76951441237264,32.05666202924607,21.2212333637175,21.2212333637175,47.808280547265646,21.105448180351484
246,2,Drums,0,0,21.290033803365063,21.290033803365063,36.55718532828027,21.42209436612337,33.475021514923675,33.475021514923675,62.1212167643091,33.480959701474106,12.184987711558612,12.184987711558612,25.564031436028827,12.058865335350735
247,0,Vocal,0,0,17.828508870694307,17.828508870694307,33.751868375124275,17.942814281373664,32.25328249919103,32.25328249919103,56.59934929407953,32.26928653386429,14.424773628496723,14.424773628496723,22.847480918955256,14.326472252490625
247,1,Bass,0,0,13.236706553515297,13.236706553515297,28.978258086040285,13.359547815592892,29.8284741860531,29.8284741860531,57.32402413391704,29.83621998647631,16.591767632537803,16.591767632537803,28.345766047876758,16.47667217088342
247,2,Drums,0,0,24.676206800608544,24.676206800608544,49.68652298670909,24.6899751538075,33.23515373891829,33.23515373891829,57.249548748916325,33.25242852156911,8.558946938309749,8.558946938309749,7.563025762207232,8.56245336776161
248,0,Vocal,0,0,18.6871426852927,18.687142685292695,44.68114526448279,18.698227916604566,36.997599103878535,36.997599103878535,69.62863694202079,36.99996962396649,18.310456418585837,18.31045641858584,24.947491677538004,18.301741707361927
248,1,Bass,0,0,0.34839210323125114,0.34839210323125114,16.09006608084014,0.5712961451459511,28.629840957123307,28.629840957123307,65.20461379706889,28.630797922000593,28.281448853892055,28.281448853892055,49.11454771622875,28.059501776854642
248,2,Drums,0,0,26.559167739410015,26.559167739410015,58.964231013380186,26.56166806753295,32.14070296161441,32.14070296161441,48.62138890730172,32.23953712999044,5.581535222204394,5.581535222204394,-10.342842106078464,5.677869062457489
249,0,Vocal,0,0,22.595323045602225,22.595323045602225,38.36994841288568,22.712401645668947,38.51599380431013,38.51599380431013,68.71980713819339,38.52013979270482,15.920670758707903,15.920670758707903,30.349858725307712,15.80773814703587
249,1,Bass,0,0,-1.8414419924101197,-1.8414419924101204,35.90809648890553,-1.8395992512360353,26.532006468746346,26.532006468746346,49.5922474417694,26.553573572397426,28.373448461156464,28.373448461156467,13.684150952863874,28.39317282363346
249,2,Drums,0,0,30.44724945451283,30.44724945451283,68.8689779439293,30.44787130141644,38.2579914116222,38.2579914116222,51.35333218153676,38.47635700699521,7.8107419571093715,7.8107419571093715,-17.515645762392538,8.028485705578767
250,0,Vocal,0,0,22.70043686352484,22.70043686352484,46.465461677228376,22.718822500125476,33.9329905201115,33.93299052011151,75.78584708956869,33.93327391909578,11.232553656586663,11.23255365658667,29.320385412340315,11.214451418970306
250,1,Bass,0,0,14.757421631810416,14.75742163181042,20.850077141849486,16.018616373435904,37.49436787636886,37.49436787636886,66.5013951970457,37.49983083296666,22.736946244558446,22.736946244558442,45.651318055196214,21.481214459530754
250,2,Drums,0,0,22.461340999934404,22.461340999934404,30.184300908166865,23.269118812292756,34.820436851353385,34.820436851353385,79.9447205226868,34.82057027993634,12.359095851418981,12.359095851418981,49.76041961451993,11.551451467643584
251,0,Vocal,0,0,31.605637213598765,31.605637213598765,45.38222220465137,31.79169976428891,38.60436474646751,38.60436474646751,64.80023607548041,38.61480617838299,6.998727532868745,6.998727532868745,19.418013870829043,6.823106414094081
251,1,Bass,0,0,23.202629542950305,23.202629542950305,36.157368273452285,23.42938739989262,38.53605604929366,38.53605604929366,61.02139665470509,38.560633509066825,15.333426506343358,15.333426506343358,24.86402838125281,15.131246109174207
251,2,Drums,0,0,26.823115995741897,26.823115995741897,41.869584770924305,26.96143900948845,34.70481581083274,34.70481581083274,46.419284499051685,35.00788343670404,7.881699815090844,7.881699815090844,4.549699728127379,8.04644442721559
252,0,Vocal,0,0,24.14159234964822,24.14159234964822,63.179048550265364,24.142134288764243,37.63176605316863,37.63176605316863,66.29728361293226,37.637675818835795,13.490173703520412,13.490173703520412,3.1182350626668978,13.495541530071552
252,1,Bass,0,0,18.1344258553921,18.1344258553921,30.106143380144825,18.42362059317628,40.505982807639505,40.505982807639505,61.82198436026137,40.53818087607728,22.371556952247406,22.371556952247406,31.715840980116543,22.114560282900996
252,2,Drums,0,0,20.9835287494815,20.9835287494815,32.91357530158005,21.27354689794975,29.517555768804016,29.517555768804016,52.54035524155683,29.53928639032494,8.534027019322515,8.534027019322515,19.626779939976778,8.26573949237519
253,0,Vocal,0,0,24.743901942512924,24.743901942512924,54.912968075207516,24.748092882639206,39.27365982133595,39.27365982133595,68.29085973818805,39.2791091581203,14.529757878823023,14.529757878823023,13.377891662980531,14.531016275481093
253,1,Bass,0,0,16.207639078421217,16.207639078421217,26.90163749111464,16.603381426499784,38.561478027571575,38.561478027571575,61.78301702882254,38.58221400687469,22.353838949150358,22.353838949150358,34.8813795377079,21.97883258037491
253,2,Drums,0,0,20.620684607433,20.620684607433,30.532970815962578,21.09195422835027,29.65687834902148,29.65687834902148,51.54254476066498,29.685133369054775,9.03619374158848,9.03619374158848,21.009573944702403,8.593179140704503
254,0,Vocal,0,0,14.626348010029385,14.626348010029384,28.036115687640915,14.835892015580951,37.39401486456722,37.39401486456722,63.31320348656199,37.40514449258544,22.767666854537833,22.767666854537836,35.27708779892107,22.56925247700449
254,1,Bass,0,0,14.468009952252153,14.468009952252153,26.00396767994072,14.795050345808187,37.7464727279271,37.7464727279271,61.74322157143821,37.76381264563615,23.278462775674946,23.278462775674946,35.7392538914975,22.968762299827965
254,2,Drums,0,0,16.3410833379454,16.3410833379454,42.59902775296706,16.35161395679987,35.93692000134773,35.93692000134773,78.86174936035756,35.93714142827754,19.59583666340233,19.59583666340233,36.2627216073905,19.585527471477672
255,0,Vocal,0,0,26.832003727245343,26.832003727245343,51.849886387180135,26.84572881827247,42.45232907538626,42.45232907538626,63.78173842358233,42.484425962106414,15.620325348140916,15.620325348140916,11.931852036402198,15.638697143833944
255,1,Bass,0,0,15.195934075431678,15.195934075431678,27.736066655052714,15.452219570737197,36.98069525997782,36.98069525997782,52.51720127579806,37.103824097033076,21.78476118454614,21.78476118454614,24.781134620745345,21.651604526295877
255,2,Drums,0,0,21.20367243361602,21.20367243361602,54.30149581700026,21.20581593775777,32.44923945902065,32.44923945902065,42.87484610249266,32.86222398343523,11.245567025404632,11.245567025404632,-11.426649714507597,11.656408045677459
256,0,Vocal,0,0,25.000172849909355,25.000172849909355,45.37628580010186,25.040305146216213,29.863065826439673,29.863065826439673,63.95865198640374,29.864759114074392,4.862892976530318,4.862892976530318,18.582366186301876,4.8244539678581795
256,1,Bass,0,0,16.565363798161663,16.565363798161663,30.046282565020533,16.769010534768963,35.17482174100998,35.17482174100998,66.18705773111968,35.17826408969459,18.609457942848316,18.609457942848316,36.14077516609915,18.40925355492563
256,2,Drums,0,0,24.670535218637717,24.670535218637717,33.081513478924585,25.348840342923786,28.65756152601643,28.65756152601643,58.74908876821931,28.661821760496608,3.987026307378713,3.987026307378713,25.667575289294724,3.3129814175728214
257,0,Vocal,0,0,27.92190327891159,27.92190327891159,45.11965790364574,28.005627133150853,24.64249425557504,24.64249425557504,67.13513127231553,24.642739717654827,-3.279409023336548,-3.279409023336548,22.015473368669795,-3.3628874154960258
257,1,Bass,0,0,19.611164504521007,19.611164504521007,32.53880573039551,19.84074167968236,35.79491581054494,35.79491581054494,59.05820040257125,35.81545554658548,16.183751306023936,16.183751306023936,26.519394672175743,15.974713866903123
257,2,Drums,0,0,22.9116739086134,22.9116739086134,44.8009357210698,22.94001758450221,33.97631445842825,33.97631445842825,54.61618204180478,34.013971855097836,11.06464054981485,11.06464054981485,9.815246320734978,11.073954270595625
258,0,Vocal,0,0,28.816592549366153,28.816592549366156,39.46252227954919,29.20847071057768,27.889785133369188,27.889785133369188,61.835427142340585,27.89153901880578,-0.926807415996965,-0.9268074159969686,22.372904862791394,-1.3169316917718987
258,1,Bass,0,0,18.22687929634984,18.22687929634984,27.741560214454722,18.749182033457814,28.063112640738368,28.063112640738368,56.239612131081174,28.069736948312585,9.836233344388528,9.836233344388528,28.49805191662645,9.320554914854771
258,2,Drums,0,0,15.779921477185013,15.779921477185013,32.934151487964364,15.866575033662668,28.735497475281004,28.735497475281004,44.00876452872792,28.86658412179132,12.955575998095991,12.955575998095991,11.074613040763559,13.000009088128651
259,0,Vocal,0,0,27.278401807592868,27.278401807592864,47.268045645150956,27.322230382823896,28.818297124327863,28.818297124327863,60.168185464732666,28.821485095535962,1.5398953167349951,1.5398953167349987,12.90013981958171,1.499254712712066
259,1,Bass,0,0,17.412439090231164,17.412439090231164,29.90348634225134,17.66876754126954,34.22169193716358,34.22169193716358,89.5276012694189,34.221704650872844,16.809252846932413,16.809252846932413,59.624114927167554,16.552937109603306
259,2,Drums,0,0,21.77964205409364,21.77964205409364,37.22241968231373,21.906293667494253,35.63368041259651,35.63368041259651,52.72788202604229,35.71933594920595,13.854038358502873,13.854038358502873,15.50546234372856,13.813042281711695
260,0,Vocal,0,0,24.942661574752677,24.942661574752677,45.39629283393658,24.982082293372848,29.830220055355863,29.830220055355863,61.71097690346148,29.83304028372592,4.887558480603186,4.887558480603186,16.3146840695249,4.8509579903530735
260,1,Bass,0,0,16.58933835115938,16.58933835115938,30.111618188083057,16.79098781930042,35.06821492417562,35.06821492417562,66.5202101892222,35.071325673514444,18.47887657301624,18.47887657301624,36.40859200113914,18.280337854214025
260,2,Drums,0,0,24.673563228375755,24.673563228375755,33.11823266251882,25.346200106088155,28.584652603224107,28.584652603224107,58.93578219891501,28.58866561895517,3.911089374848352,3.911089374848352,25.817549536396186,3.242465512867014
261,0,Vocal,0,0,23.40110007364187,23.40110007364187,50.26609161729936,23.410087213251085,29.687025263245562,29.687025263245562,61.173764208279344,29.6901135751893,6.285925189603692,6.285925189603692,10.907672590979985,6.280026361938216
261,1,Bass,0,0,17.52545002391874,17.52545002391874,34.11229461897368,17.623496096873062,36.996558424259966,36.996558424259966,53.0885015281821,37.10471944997573,19.471108400341226,19.471108400341226,18.976206909208422,19.48122335310267
261,2,Drums,0,0,21.118311651497976,21.118311651497976,53.25726394132861,21.120985289778687,24.86968160973868,24.869681609738684,46.333599618665176,24.900895994263266,3.751369958240705,3.7513699582407085,-6.923664322663434,3.7799107044845783
262,0,Vocal,0,0,32.86747408428164,32.86747408428164,58.56818464579967,32.87917014637118,30.898979180380177,30.898979180380177,65.470035901838,30.900496533002794,-1.9684949039014619,-1.9684949039014619,6.901851256038334,-1.978673613368386
262,1,Bass,0,0,22.903096974485436,22.903096974485436,32.47891548169032,23.412916228093348,37.98155506694017,37.98155506694017,65.53205481420889,37.989196516946734,15.078458092454731,15.078458092454731,33.05313933251857,14.576280288853386
262,2,Drums,0,0,19.7553346238116,19.755334623811603,52.36288629189704,19.75774009534797,28.51982423751877,28.51982423751877,40.63350779738627,28.795697164682398,8.76448961370717,8.764489613707166,-11.729378494510769,9.037957069334428
263,0,Vocal,0,0,23.36274308636691,23.36274308636691,55.919973787255714,23.36516242379392,32.114215278273484,32.114215278273484,74.10602537641994,32.11448981546599,8.751472191906576,8.751472191906576,18.186051589164222,8.749327391672068
263,1,Bass,0,0,17.55914328920649,17.55914328920649,31.20839807565931,17.75403309673718,33.06091441670448,33.060914416704485,63.21457601892803,33.06511044173343,15.501771127497989,15.501771127497996,32.00617794326872,15.31107734499625
263,2,Drums,0,0,26.814253120244928,26.814253120244928,38.60162757025351,27.112598019267228,25.481720012627672,25.481720012627672,54.35231299352481,25.487372409636798,-1.3325331076172553,-1.3325331076172553,15.7506854232713,-1.62522560963043
264,0,Vocal,0,0,22.19243443276686,22.19243443276686,48.63156472801215,22.202363130060462,26.49160695846735,26.49160695846735,54.02812860812474,26.499289147664854,4.299172525700492,4.299172525700492,5.396563880112588,4.296926017604392
264,1,Bass,0,0,21.593621138396614,21.593621138396614,29.23871699305684,22.41841030265537,39.90581955965499,39.90581955965499,69.43492114009155,39.910663035602454,18.312198421258373,18.312198421258373,40.196204147034706,17.492252732947083
264,2,Drums,0,0,28.369026347354733,28.369026347354737,50.44159759809696,28.39609560278799,35.172851280730065,35.172851280730065,66.64732416093902,35.17594596531281,6.803824933375331,6.803824933375328,16.20572656284206,6.779850362524822
265,0,Vocal,0,0,18.95931158584018,18.95931158584018,56.73228369410041,18.960044560896705,28.019518610147117,28.019518610147117,57.45279337539329,28.0244774391149,9.060207024306937,9.060207024306937,0.7205096812928815,9.064432878218195
265,1,Bass,0,0,21.059813382589773,21.059813382589773,28.59038586686514,21.90960566050498,37.70148692361712,37.70148692361712,62.099157930830486,37.71729504512759,16.641673541027345,16.641673541027345,33.508772063965345,15.807689384622613
265,2,Drums,0,0,31.286225964161734,31.286225964161734,43.16109313993611,31.578038182459448,35.51352435314998,35.51352435314998,70.75507177799757,35.514823926822984,4.227298388988249,4.227298388988249,27.593978638061458,3.9367857443635366
266,0,Vocal,0,0,22.61776783338336,22.61776783338336,29.209792434143548,23.69745086129643,34.5468694571945,34.5468694571945,49.325045584744075,34.69391230380106,11.929101623811135,11.929101623811135,20.115253150600527,10.996461442504632
266,1,Bass,0,0,23.822646827191797,23.82264682719179,33.02891486073315,24.380242417846528,46.695555418318335,46.695555418318335,101.70139043780075,46.695568806216315,22.87290859112654,22.872908591126546,68.6724755770676,22.315326388369787
266,2,Drums,0,0,27.38424645791782,27.38424645791782,53.62422915033008,27.394597043687558,39.518329532239974,39.518329532239974,63.59102605094877,39.53536709978756,12.134083074322156,12.134083074322156,9.96679690061869,12.1407700561
267,0,Vocal,0,0,21.850716795801453,21.850716795801453,59.26955179678303,21.85150653114061,21.130759326276603,21.130759326276603,53.30023271452632,21.133415762581706,-0.7199574695248501,-0.7199574695248501,-5.96931908225671,-0.7180907685589055
267,1,Bass,0,0,21.208038043738263,21.208038043738263,28.77551675722206,22.049706109071423,41.292851716651136,41.292851716651136,83.23874374306703,41.29312915125438,20.084813672912873,20.084813672912873,54.46322698584497,19.243423042182954
267,2,Drums,0,0,26.058021563342063,26.05802156334206,73.92864824274865,26.058091568570507,34.324627433748056,34.324627433748056,69.8567969089957,34.325842987369455,8.266605870405993,8.266605870405996,-4.071851333752946,8.267751418798948
268,0,Vocal,0,0,22.660045614848705,22.660045614848705,52.665414055287876,22.664406534127146,23.593373984283787,23.593373984283787,55.117961412945895,23.596445612673147,0.9333283694350811,0.9333283694350811,2.4525473576580197,0.9320390785460013
268,1,Bass,0,0,21.54496129708718,21.54496129708718,29.315410450319852,22.34407088234875,41.47360636054917,41.47360636054917,69.65089589095301,41.4802195858386,19.92864506346199,19.92864506346199,40.33548544063316,19.136148703489848
268,2,Drums,0,0,26.399569573532077,26.399569573532077,50.95590404704247,26.414840654583173,34.8780020122472,34.8780020122472,63.83219820113961,34.883532692337546,8.478432438715124,8.478432438715124,12.876294154097138,8.468692037754373
269,0,Vocal,0,0,1.4847432681870902,1.484743268187091,35.295317777030114,1.4878293190288434,22.80151672107631,22.80151672107631,33.92821594568486,23.151955744413844,21.316773452889223,21.31677345288922,-1.367101831345252,21.664126425385
269,1,Bass,0,0,21.22017383935717,21.22017383935717,28.60586515290457,22.10165367418101,41.06440336252909,41.06440336252909,75.67866062055637,41.06590460846731,19.844229523171922,19.844229523171922,47.0727954676518,18.964250934286298
269,2,Drums,0,0,33.392206232892725,33.392206232892725,46.22828094968234,33.624433659206716,35.332547036448425,35.332547036448425,75.98523397491826,35.33292080369536,1.9403408035556993,1.9403408035556993,29.756953025235916,1.7084871444886431
270,0,Vocal,0,0,18.497161457749282,18.497161457749282,35.36675057507885,18.5886477939687,24.735559277040178,24.735559277040178,52.512975189947895,24.74283470974086,6.2383978192908955,6.2383978192908955,17.14622461486905,6.154186915772158
270,1,Bass,0,0,18.087665832415162,18.087665832415162,26.309875670185683,18.806607358217526,36.656247733502376,36.656247733502376,75.68274519046574,36.656791271677726,18.568581901087214,18.568581901087214,49.372869520280055,17.8501839134602
270,2,Drums,0,0,27.4997849854932,27.4997849854932,38.70962890677178,27.842172789894107,25.58877403161445,25.58877403161445,68.12174168609624,25.58901707767604,-1.9110109538787512,-1.9110109538787512,29.41211277932446,-2.253155712218067
271,0,Vocal,0,0,20.51935077483327,20.51935077483327,47.385618506434966,20.528373618496254,21.31963492841267,21.31963492841267,56.11166770424592,21.32108650323262,0.8002841535793976,0.8002841535793976,8.726049197810951,0.7927128847363676
271,1,Bass,0,0,19.87642598923355,19.876425989233546,26.919808438105683,20.841026099954444,39.82087012128429,39.82087012128429,67.72359908498947,39.8279155299926,19.944444132050737,19.94444413205074,40.80379064688379,18.986889430038158
271,2,Drums,0,0,27.746724222359596,27.746724222359592,48.443416366892734,27.783935907789804,36.01410978930927,36.01410978930927,68.11506026360748,36.01678848002349,8.267385566949677,8.267385566949681,19.67164389671474,8.23285257223369
272,0,Vocal,0,0,8.281711797858792,8.281711797858794,27.450149192423403,8.342432341823336,24.540268495201936,24.540268495201936,66.66862052246512,24.540535427684347,16.258556697343145,16.258556697343142,39.218471330041716,16.19810308586101
272,1,Bass,0,0,2.0857654602394957,2.0857654602394957,16.64770191605427,2.3333704773705044,34.680974350967546,34.680974350967546,65.35400625922962,34.68469661245237,32.59520889072805,32.59520889072805,48.70630434317535,32.35132613508186
272,2,Drums,0,0,27.33506260425658,27.33506260425658,34.29605637565519,28.312981665403566,31.604182903650397,31.604182903650397,70.91892596416652,31.604691782220627,4.2691202993938155,4.2691202993938155,36.62286958851133,3.291710116817061
273,0,Vocal,0,0,6.189043080240067,6.189043080240065,25.152754539441872,6.257767839540275,20.282007072506552,20.282007072506552,61.7712860594533,20.282318165526384,14.092963992266485,14.092963992266487,36.61853152001143,14.024550325986109
273,1,Bass,0,0,0.2656930950714365,0.2656930950714356,15.257711768300927,0.5330407935439297,33.472700103301214,33.472700103301214,64.63069583248267,33.47602929555195,33.20700700822978,33.20700700822978,49.37298406418174,32.94298850200802
273,2,Drums,0,0,30.50238973196376,30.502389731963756,42.837321951617,30.76400691119305,34.25275321562884,34.25275321562884,65.15894506057138,34.25628098843683,3.750363483665083,3.7503634836650868,22.321623108954384,3.4922740772437777
274,0,Vocal,0,0,6.775164442122166,6.775164442122166,25.024005118611843,6.854290092801275,25.60082097207664,25.60082097207664,65.75531574757619,25.601241178466324,18.825656529954475,18.825656529954475,40.73131062896435,18.74695108566505
274,1,Bass,0,0,-0.9006677948355146,-0.9006677948355146,13.958665444730725,-0.5853095397875001,33.7069718122017,33.7069718122017,58.99554200679992,33.71984695243651,34.607639607037214,34.607639607037214,45.036876562069196,34.305156492224015
274,2,Drums,0,0,29.217260522248978,29.217260522248978,37.240900014387826,29.963043305886128,34.69913777617096,34.69913777617096,74.50437145160566,34.699592123468854,5.481877253921979,5.481877253921979,37.26347143721784,4.736548817582726
275,0,Vocal,0,0,9.300948745496484,9.300948745496484,27.082541685860487,9.382433549787226,32.397898919185394,32.397898919185394,68.33355215652266,32.39900674305129,23.09695017368891,23.09695017368891,41.251010470662166,23.016573193264062
275,1,Bass,0,0,-1.3159135110003641,-1.3159135110003641,12.293158546683847,-0.8736225093357455,28.81171452640285,28.81171452640285,59.013154396767774,28.815868041283338,30.127628037403213,30.127628037403213,46.719995850083926,29.689490550619084
275,2,Drums,0,0,26.950966835428392,26.950966835428392,33.17974738384565,28.135207271813243,34.54852773855166,34.54852773855166,71.17566411152798,34.54947235472228,7.59756090312327,7.59756090312327,37.99591672768233,6.41426508290904
276,0,Vocal,0,0,9.067362419314316,9.067362419314316,26.647112407462533,9.15324510164597,28.568490522064337,28.568490522064337,77.88287154789292,28.568541338763254,19.501128102750023,19.501128102750023,51.23575914043039,19.415296237117282
276,1,Bass,-1,0,-3.7807311388274547,-3.780731138827455,9.84912519260968,-3.16038912650502,25.47284597069546,25.47284597069546,48.433233227387696,25.494929693048867,29.253577109522915,29.253577109522915,38.58410803477801,28.655318819553887
276,2,Drums,0,0,25.84240775164674,25.84240775164674,31.37541688437034,27.270459968664564,31.141850898894695,31.141850898894695,76.96580965053981,31.14196455993192,5.299443147247956,5.299443147247956,45.59039276616947,3.8715045912673567
277,0,Vocal,0,0,9.69620634490312,9.69620634490312,28.636186544355,9.757939451610131,27.47011400810585,27.47011400810585,69.0754150627532,27.470414579565016,17.773907663202728,17.773907663202728,40.439228518398195,17.712475127954885
277,1,Bass,0,0,0.7504291383031804,0.7504291383031804,14.614175114663091,1.0801629310900998,29.49688686350344,29.49688686350344,51.66599133026189,29.523352386031018,28.746457725200262,28.746457725200262,37.0518162155988,28.443189454940917
277,2,Drums,0,0,23.911288372180245,23.911288372180245,30.77011107177997,24.917368059522886,33.53686560526306,33.53686560526306,76.53022055646039,33.53708365527142,9.625577233082815,9.625577233082815,45.76010948468043,8.61971559574853
278,0,Vocal,0,0,8.91087866729933,8.91087866729933,27.271916106735986,8.982817106320818,30.046954893898853,30.04695489389885,89.46431578922903,30.046959708622193,21.13607622659952,21.13607622659952,62.19239968249305,21.064142602301374
278,1,Bass,0,0,-1.0046802107801394,-1.0046802107801394,13.858876934082677,-0.6855659515445066,29.94738761027573,29.94738761027573,55.0823874142068,29.960734741960916,30.95206782105587,30.95206782105587,41.22351048012412,30.646300693505424
278,2,Drums,0,0,28.16348628073687,28.16348628073687,35.55623306894403,29.0386152357711,34.01930371675125,34.01930371675125,63.9150818638143,34.02375614498399,5.855817436014384,5.855817436014384,28.35884879487027,4.985140909212891
279,0,Vocal,0,0,10.440432528637926,10.440432528637926,29.962509468121368,10.493564918013814,30.25992715284533,30.25992715284533,75.83044841876361,30.260047540891964,19.8194946242074,19.8194946242074,45.86793895064224,19.76648262287815
279,1,Bass,0,0,-0.5905335152487055,-0.5905335152487049,15.120404333811715,-0.3407743677219249,29.28067074240657,29.28067074240657,54.865548266888695,29.2927046650399,29.871204257655275,29.871204257655275,39.74514393307698,29.633479032761823
279,2,Drums,0,0,27.527903237152987,27.527903237152987,33.63027413045331,28.752252216807342,33.58337831649495,33.58337831649495,85.04873617268456,33.583409285292824,6.055475079341964,6.055475079341964,51.41846204223125,4.831157068485481
280,0,Vocal,0,0,14.626450617481655,14.626450617481655,40.48908979008359,14.638112275306518,27.79529579611276,27.795295796112754,62.94185691991202,27.796625898718382,13.168845178631106,13.168845178631098,22.45276712982843,13.158513623411864
280,1,Bass,0,0,11.895227422297207,11.895227422297207,26.556312654252288,12.05589431326266,34.21262585216408,34.212625852164074,62.6385228349648,34.21887278618427,22.317398429866873,22.317398429866866,36.082210180712515,22.16297847292161
280,2,Drums,0,0,19.329969065121112,19.329969065121112,32.32656639866985,19.55599570215913,25.769645075349736,25.769645075349736,64.2126942510299,25.770268305337037,6.439676010228624,6.439676010228624,31.886127852360055,6.214272603177907
281,0,Vocal,0,0,17.265533515225556,17.265533515225552,52.70605693933234,17.266794691906075,27.53699058210364,27.53699058210364,59.02952463789748,27.540076661743488,10.271457066878085,10.271457066878089,6.323467698565139,10.273281969837413
281,1,Bass,0,0,11.054526016842534,11.054526016842537,29.04554898271634,11.129459550388706,34.401881001238365,34.401881001238365,106.22208398021719,34.40188110328401,23.34735498439583,23.347354984395828,77.17653499750085,23.272421552895306
281,2,Drums,0,0,29.07035169143754,29.07035169143754,51.79717540673144,29.093612296202767,31.93334994814588,31.93334994814588,63.299119216262206,31.936524116457804,2.862998256708341,2.862998256708341,11.501943809530765,2.8429118202550363
282,0,Vocal,0,0,17.299494401874313,17.299494401874313,48.78310463581805,17.302638490146215,28.51249818341156,28.51249818341156,61.53261806240451,28.5146682653264,11.213003781537246,11.213003781537246,12.74951342658646,11.212029775180184
282,1,Bass,0,0,8.027084899426962,8.027084899426962,25.42956080620542,8.119217783115879,30.407558998998475,30.407558998998475,58.808323836761346,30.413845570986947,22.380474099571515,22.380474099571515,33.37876303055593,22.294627787871068
282,2,Drums,0,0,19.74838437503579,19.74838437503579,25.390596989222423,21.144132973668306,31.152158625538743,31.152158625538743,80.03564695846487,31.15221478742557,11.403774250502952,11.403774250502952,54.64504996924244,10.008081813757265
283,0,Vocal,0,0,27.51252157177109,27.51252157177109,47.643790572785875,27.554919319523815,29.21361616069101,29.21361616069101,76.6022179324432,29.213695243203265,1.701094588919922,1.701094588919922,28.95842735965732,1.6587759236794497
283,1,Bass,0,0,15.682831975321378,15.682831975321378,20.264793685052958,17.58221610531099,34.258001782774215,34.258001782774215,63.40512776679276,34.26329162817893,18.575169807452838,18.575169807452838,43.1403340817398,16.681075522867943
283,2,Drums,0,0,10.791077513888025,10.791077513888025,18.60832229874403,11.635198567696929,16.698650998735282,16.698650998735282,43.04350761562822,16.7089543243116,5.907573484847257,5.907573484847257,24.43518531688419,5.07375575661467
284,0,Vocal,0,0,21.35763705026019,21.35763705026019,44.9294977684243,21.37689766389205,26.279993069953683,26.279993069953676,64.31995876805124,26.28067668343507,4.922356019693492,4.922356019693485,19.39046099962694,4.90377901954302
284,1,Bass,0,0,12.132479325550511,12.132479325550511,26.904659820499074,12.288526856844111,36.07513380557468,36.07513380557468,80.37657197776946,36.07529504004403,23.942654480024167,23.942654480024167,53.47191215727038,23.78676818319992
284,2,Drums,0,0,18.778917916396058,18.778917916396058,23.664442358779503,20.502421045352914,27.073423422607952,27.073423422607952,60.2336497359976,27.075525814337528,8.294505506211895,8.294505506211895,36.5692073772181,6.573104768984614
285,0,Vocal,0,0,16.402988694069684,16.402988694069684,38.14115887602045,16.432856599668593,28.63235746588718,28.63235746588718,59.0801173567161,28.63628190899921,12.229368771817494,12.229368771817494,20.938958480695653,12.203425309330616
285,1,Bass,0,0,8.855848385652829,8.855848385652829,23.14295149729812,9.041786597395125,30.332583125884337,30.332583125884337,66.23132143679112,30.33370086285081,21.476734740231507,21.476734740231507,43.088369939493,21.291914265455688
285,2,Drums,0,0,22.343020944625856,22.343020944625856,34.27511757205938,22.632300952564854,34.81979582872852,34.81979582872852,66.2820829553039,34.822899188585005,12.476774884102667,12.476774884102667,32.00696538324453,12.19059823602015
286,0,Vocal,0,0,16.273045980404458,16.273045980404458,63.28678256561206,16.273132199540406,30.71300950385321,30.71300950385321,74.63533848509714,30.713185140765553,14.439963523448753,14.439963523448753,11.34855591948508,14.440052941225147
286,1,Bass,0,0,6.148627403924149,6.148627403924149,23.741152750711557,6.243207268090814,34.394041905074346,34.394041905074346,94.12039806733752,34.394046211091876,28.245414501150197,28.245414501150197,70.37924531662597,28.150838943001062
286,2,Drums,0,0,25.232808303196386,25.232808303196386,32.168840671084205,26.218059026534604,32.142784325124666,32.142784325124666,70.05426177633778,32.14348717609201,6.90997602192828,6.90997602192828,37.88542110525358,5.925428149557405
287,0,Vocal,0,0,16.673134362444685,16.673134362444685,47.417268261727784,16.676872543868072,30.554396672059227,30.554396672059227,68.46880608708467,30.555099112097004,13.881262309614542,13.881262309614542,21.05153782535689,13.878226568228932
287,1,Bass,0,0,5.472418548933389,5.472418548933389,24.496569336269687,5.54252700756615,26.145983417435616,26.14598341743562,60.36678880851816,26.147630936395686,20.673564868502226,20.673564868502233,35.87021947224847,20.605103928829536
287,2,Drums,0,0,25.33996576653474,25.33996576653474,31.889588300721464,26.429231141263074,35.0247131330659,35.0247131330659,62.35097751778451,35.032761176428096,9.684747366531163,9.684747366531163,30.461389217063044,8.603530035165022
288,0,Vocal,0,0,13.681059926538964,13.681059926538964,32.64994267868937,13.738838055595753,29.20183953616208,29.201839536162083,51.40764621929671,29.228083677882857,15.520779609623116,15.52077960962312,18.757703540607338,15.489245622287104
288,1,Bass,0,0,16.555707334795798,16.555707334795798,34.004003749919264,16.63630063414891,36.52640786756293,36.52640786756293,72.33178816474877,36.52754914771341,19.970700532767133,19.970700532767133,38.32778441482951,19.8912485135645
288,2,Drums,0,0,21.092826651967624,21.092826651967624,41.22663877753258,21.135471011163965,23.354109834291403,23.354109834291403,96.79929074265047,23.354110028954914,2.26128318232378,2.26128318232378,55.57265196511789,2.2186390177909487
289,0,Vocal,0,0,17.296276058230745,17.296276058230745,37.77644626778909,17.336058473964982,27.500399160122836,27.500399160122836,51.59455946526304,27.517380952006892,10.20412310189209,10.20412310189209,13.818113197473949,10.18132247804191
289,1,Bass,0,0,20.970717538779038,20.970717538779038,36.99442276769835,21.081459086992318,42.650534172860034,42.650534172860034,79.14380381257541,42.651508043106276,21.679816634080996,21.679816634080996,42.14938104487706,21.570048956113958
289,2,Drums,0,0,27.4545972226205,27.4545972226205,41.28179720108768,27.63866483024943,40.99486704862703,40.99486704862703,79.95864456831181,40.995418180298515,13.54026982600653,13.54026982600653,38.676847367224134,13.356753350049086
290,0,Vocal,0,0,18.47234313357763,18.47234313357763,37.89803110354058,18.522901908884613,33.99641511875807,33.99641511875808,68.2374825972123,33.9980515248864,15.524071985180441,15.524071985180449,30.339451493671724,15.475149616001787
290,1,Bass,0,0,11.395530356809056,11.395530356809056,24.987433517079126,11.603490299405435,29.95167648394547,29.95167648394547,50.667898704106655,29.98869736893402,18.556146127136415,18.556146127136415,25.68046518702753,18.385207069528583
290,2,Drums,0,0,23.024858329648218,23.024858329648218,48.38536597361713,23.037578835474257,22.665395709880485,22.665395709880485,69.77948455938244,22.665480571382773,-0.35946261976773286,-0.35946261976773286,21.394118585765312,-0.37209826409148405
291,0,Vocal,0,0,19.675963209440777,19.675963209440777,39.711447528861996,19.719717863185075,35.41198858226083,35.41198858226083,53.82530143946709,35.475044212380325,15.736025372820055,15.736025372820055,14.113853910605094,15.75532634919525
291,1,Bass,0,0,15.299213586562338,15.299213586562338,32.08746999053278,15.393847399569056,35.83503934205941,35.83503934205941,61.0204376134065,35.84822237917282,20.535825755497072,20.535825755497072,28.93296762287372,20.454374979603763
291,2,Drums,0,0,22.00527687717626,22.00527687717626,39.62245478940452,22.081582244922366,23.362415473598766,23.362415473598766,56.62488335180623,23.364474380617036,1.3571385964225051,1.3571385964225051,17.00242856240171,1.28289213569467
292,0,Vocal,0,0,15.019571323680715,15.019571323680719,26.601068603988356,15.341795245478334,34.44986421008353,34.44986421008353,52.0150950790422,34.52664381998026,19.430292886402817,19.430292886402814,25.41402647505384,19.184848574501924
292,1,Bass,0,0,13.395159163345724,13.395159163345724,29.322321238833275,13.512608679343858,33.793633128041456,33.793633128041456,65.86670698491551,33.79632954893705,20.398473964695732,20.398473964695732,36.544385746082234,20.283720869593196
292,2,Drums,0,0,19.765547115292545,19.765547115292545,33.23687300929317,19.967411237896734,23.45741602516903,23.45741602516903,57.74237887031565,23.459042781654812,3.6918689098764865,3.6918689098764865,24.505505861022478,3.4916315437580785
293,0,Vocal,0,0,16.807850752726225,16.807850752726225,27.33458253055695,17.21867154005044,31.18711825195522,31.18711825195522,60.82448568131391,31.191845458473722,14.379267499228995,14.379267499228995,33.48990315075696,13.973173918423281
293,1,Bass,0,0,15.70608017127684,15.70608017127684,31.361131167570896,15.828996984680137,36.67400004872484,36.67400004872484,71.2499598296892,36.675514818196746,20.967919877448004,20.967919877448004,39.88882866211831,20.846517833516607
293,2,Drums,0,0,20.96676681884658,20.96676681884658,46.99030585441061,20.97771698411645,23.510365451069998,23.510365451069998,59.72170048105512,23.51140928733599,2.543598632223418,2.543598632223418,12.731394626644516,2.5336923032195386
294,0,Vocal,0,0,13.834873117129384,13.834873117129384,22.480194997974493,14.497244079534703,24.956830146701744,24.956830146701744,62.99850993736727,24.957514073606095,11.12195702957236,11.12195702957236,40.51831493939277,10.460269994071393
294,1,Bass,0,0,17.783519030871247,17.783519030871247,36.62314650155296,17.84156879760506,37.292536269095855,37.292536269095855,64.85448381280393,37.30015794095165,19.509017238224608,19.509017238224608,28.231337311250975,19.45858914334659
294,2,Drums,0,0,23.477616188920422,23.477616188920422,28.835311677370168,24.97821381648815,22.236560475515684,22.236560475515684,68.05207318534336,22.236674978246498,-1.2410557134047373,-1.2410557134047373,39.21676150797319,-2.7415388382416523
295,0,Vocal,0,0,16.177927950874814,16.177927950874814,40.49140031505807,16.194430507937593,23.79873026741711,23.79873026741711,55.3062834463877,23.801813340248547,7.620802316542296,7.620802316542296,14.81488313132963,7.607382832310954
295,1,Bass,0,0,19.370812109326454,19.370812109326454,36.066548129709176,19.46583674200466,38.03103078746604,38.03103078746604,68.2795853532252,38.03513471566829,18.660218678139582,18.660218678139582,32.213037223516025,18.56929797366363
295,2,Drums,0,0,26.872178728122247,26.872178728122247,44.50219455818061,26.947937786089554,22.983647351683874,22.983647351683874,64.22380183076358,22.983975417496737,-3.8885313764383724,-3.8885313764383724,19.721607272582965,-3.963962368592817
296,0,Vocal,0,0,2.9006109060593626,2.900610906059362,14.657491573553019,3.346650437195566,28.357197215854598,28.357197215854598,72.74462504595976,28.35735456439774,25.456586309795235,25.456586309795235,58.08713347240675,25.01070412720217
296,1,Bass,0,0,13.1257691294294,13.1257691294294,29.244022679228742,13.238413215702751,38.28972159507593,38.289721595075925,71.23791302792058,38.29192517703411,25.16395246564653,25.163952465646524,41.99389034869184,25.05351196133136
296,2,Drums,0,0,25.279385079923273,25.279385079923273,26.633527548335934,31.00949079384735,32.16960536923909,32.16960536923909,67.24541236051267,32.170955960158906,6.89022028931582,6.89022028931582,40.61188481217674,1.161465166311558
297,0,Vocal,0,0,2.802773617017637,2.802773617017637,17.067052705273387,3.0530854992593848,26.29750371377699,26.29750371377699,49.23438997184721,26.319696642414904,23.494730096759355,23.494730096759355,32.167337266573824,23.26661114315552
297,1,Bass,0,0,14.753735458688649,14.753735458688649,31.437138593564946,14.85107432889503,33.8238820720546,33.8238820720546,60.136582341556306,33.83404927082871,19.070146613365953,19.070146613365953,28.69944374799136,18.982974941933676
297,2,Drums,0,0,12.268792913908396,12.268792913908397,26.468379793352824,12.446926598921046,33.07389035129083,33.07389035129083,53.8862706606575,33.11007846271179,20.805097437382432,20.80509743738243,27.417890867304678,20.663151863790745
298,0,Vocal,0,0,4.8731017229987525,4.873101722998752,19.89793783479005,5.056083422637457,28.035849541555137,28.035849541555137,52.50637252718127,28.05141586609407,23.162747818556383,23.162747818556387,32.60843469239122,22.995332443456615
298,1,Bass,0,0,14.501180668047533,14.501180668047533,30.691459230089713,14.610571763484682,33.97620381743598,33.97620381743598,57.61328221513092,33.99504859126467,19.47502314938845,19.47502314938845,26.92182298504121,19.384476827779988
298,2,Drums,0,0,12.597336882461136,12.597336882461136,29.28964738311762,12.696474060478476,31.350415446961385,31.350415446961385,58.969565284587944,31.357941391616816,18.75307856450025,18.75307856450025,29.679917901470322,18.66146733113834
299,0,Vocal,0,0,4.748048793820759,4.74804879382076,18.70169781598896,4.984583123502052,24.901700873900403,24.901700873900403,51.96247821266334,24.91028174353147,20.153652080079645,20.15365208007964,33.26078039667438,19.92569862002942
299,1,Bass,0,0,13.797178617547921,13.797178617547921,30.63230134692812,13.891883246913011,36.94714777295916,36.94714777295916,69.04826719798865,36.94982623891497,23.14996915541124,23.14996915541124,38.415965851060534,23.057942992001962
299,2,Drums,0,0,13.08092506894257,13.08092506894257,26.866399828050653,13.27541068724077,30.59690269841431,30.59690269841431,66.42552180097599,30.598038613138435,17.51597762947174,17.51597762947174,39.55912197292533,17.322627925897663
300,0,Vocal,0,0,13.831523235686527,13.831523235686529,22.96893050012942,14.418305094008122,29.648081165022756,29.648081165022756,54.77387567173405,29.661457474114844,15.816557929336229,15.816557929336227,31.804945171604626,15.243152380106721
300,1,Bass,0,0,13.271104918234922,13.271104918234922,27.623647128138508,13.441019009692369,31.705848385989135,31.705848385989135,63.703327147824496,31.708592864189896,18.434743467754213,18.434743467754213,36.07968001968599,18.267573854497527
300,2,Drums,0,0,16.024478187578644,16.024478187578644,24.765866087607495,16.661848115704903,30.38015049465298,30.38015049465298,60.06071581771843,30.384831682158307,14.355672307074336,14.355672307074336,35.29484973011094,13.722983566453404
301,0,Vocal,0,0,15.918506873746496,15.918506873746496,30.24718442253972,16.085933341329785,29.69384764063614,29.69384764063614,65.66460148259124,29.69494702738959,13.775340766889643,13.775340766889643,35.41741706005152,13.609013686059804
301,1,Bass,0,0,9.294743094434759,9.294743094434757,23.60847187737422,9.477522940011989,29.557674527046576,29.557674527046576,57.468113789191236,29.564714451509854,20.262931432611815,20.26293143261182,33.859641911817015,20.087191511497863
301,2,Drums,0,0,20.00378179161423,20.003781791614227,36.404719040153836,20.105401410284536,30.47985381234314,30.47985381234314,73.09350747787687,30.480091911627873,10.47607202072891,10.476072020728914,36.688788437723034,10.374690501343338
302,0,Vocal,0,0,4.459814300285576,4.459814300285576,21.903508278055106,4.566692740899174,23.755835505337984,23.755835505337984,51.60491954365506,23.76299779535071,19.29602120505241,19.29602120505241,29.70141126559995,19.196305054451535
302,1,Bass,0,0,13.373919200280671,13.373919200280671,30.258399929737323,13.467922545766584,34.57350688205722,34.57350688205722,81.08544152324347,34.573603841284914,21.199587681776546,21.199587681776546,50.82704159350615,21.10568129551833
302,2,Drums,0,0,13.883185240394322,13.883185240394322,27.61475517310551,14.078627449890881,32.29382836726045,32.29382836726045,51.832330623514935,32.34242592679451,18.41064312686613,18.41064312686613,24.217575450409424,18.26379847690363
303,0,Vocal,0,0,7.663977729563214,7.663977729563214,18.021959889001277,8.151487888842464,23.892746862695343,23.892746862695343,59.74494558963308,23.89388012114655,16.22876913313213,16.22876913313213,41.72298570063181,15.742392232304088
303,1,Bass,0,0,14.572116869773037,14.572116869773037,32.53043431325791,14.644598073189092,42.609521598710664,42.609521598710664,69.9659949492405,42.61751168962352,28.037404728937627,28.037404728937627,37.43556063598258,27.972913616434425
303,2,Drums,0,0,23.81647786440854,23.81647786440854,25.474936789255416,28.812436279358458,31.12883700237194,31.128837002371938,68.57847405531578,31.129618942422432,7.312359137963401,7.312359137963398,43.103537266060364,2.3171826630639742
304,0,Vocal,0,0,20.58223511220696,20.58223511220696,37.58966197916689,20.670368651567177,37.25582314094221,37.25582314094221,62.61786451947957,37.26847861862032,16.673588028735253,16.673588028735253,25.028202540312677,16.598109967053144
304,1,Bass,0,0,12.642403386387786,12.642403386387786,22.68603330687085,13.118491868966656,33.011966860604105,33.011966860604105,67.44988069659799,33.01353089787056,20.36956347421632,20.36956347421632,44.76384738972713,19.895039028903902
304,2,Drums,0,0,20.396873908803343,20.396873908803343,30.57773930075157,20.83860945844366,31.969687852348425,31.969687852348425,64.9739484635365,31.97186422206051,11.572813943545082,11.572813943545082,34.39620916278493,11.13325476361685
305,0,Vocal,0,0,25.71089452539109,25.71089452539109,51.5335150071634,25.722302198960865,40.935283711285415,40.935283711285415,65.99476160890062,40.94885232774793,15.224389185894324,15.224389185894324,14.461246601737216,15.226550128787064
305,1,Bass,0,0,12.017708496042768,12.017708496042768,23.316927100477606,12.372462571799645,29.4401223185531,29.440122318553104,55.612371659826124,29.45063164708291,17.422413822510332,17.422413822510336,32.29544455934852,17.078169075283267
305,2,Drums,0,0,21.580551330548673,21.580551330548673,33.43550478334477,21.875511324116438,32.422096290648575,32.422096290648575,52.815183403155224,32.46197247865219,10.841544960099903,10.841544960099903,19.379678619810456,10.586461154535755
306,0,Vocal,0,0,10.009536581023742,10.009536581023742,27.96594758699939,10.086556137137912,38.60904591441962,38.60904591441962,55.80126871260582,38.692759817296825,28.599509333395876,28.599509333395876,27.835321125606427,28.606203680158913
306,1,Bass,0,0,21.326305778132465,21.326305778132465,33.37855993664431,21.607850896675245,37.07126620783987,37.07126620783987,68.1237920124071,37.074676428881745,15.744960429707405,15.744960429707405,34.745232075762786,15.4668255322065
306,2,Drums,0,0,12.21570890623055,12.21570890623055,21.95924940383354,12.730309777112833,32.32643124223876,32.32643124223876,84.58001822809894,32.326457058642234,20.110722336008212,20.110722336008212,62.6207688242654,19.5961472815294
307,0,Vocal,0,0,9.71503860265328,9.715038602653282,28.73240778097838,9.775650066484175,38.36791906335894,38.36791906335894,63.582532017694376,38.3810117191011,28.65288046070566,28.65288046070566,34.850124236716,28.605361652616928
307,1,Bass,0,0,25.945880588888407,25.945880588888407,31.485769225092497,27.371185572116467,41.52830358974335,41.52830358974335,71.50282422309797,41.53267452041706,15.582423000854945,15.582423000854945,40.01705499800548,14.161488948300594
307,2,Drums,0,0,9.7253292928876,9.7253292928876,15.472393258217508,11.191329255594372,29.322989458758336,29.322989458758336,61.47399204363899,29.32563988585542,19.597660165870735,19.597660165870735,46.00159878542148,18.134310630261048
308,0,Vocal,0,0,14.586824285611474,14.586824285611474,24.344258722454892,15.088149029479291,40.88952030521754,40.88952030521754,57.35426996584351,40.98866921852678,26.302696019606064,26.302696019606064,33.01001124338862,25.90052018904749
308,1,Bass,0,0,17.700882447242112,17.700882447242112,29.53718085409203,18.000007720023106,37.148333613124656,37.148333613124656,65.2947548825084,37.154994819705884,19.447451165882544,19.447451165882544,35.75757402841637,19.154987099682778
308,2,Drums,0,0,14.579068477990596,14.579068477990596,45.0829421621613,14.58307199386863,32.28160618708578,32.28160618708578,61.010612540090634,32.28743295803805,17.702537709095182,17.702537709095182,15.927670377929331,17.704360964169425
309,0,Vocal,0,0,15.128459982590034,15.128459982590034,26.900780762660492,15.436134688487009,36.98438790067891,36.98438790067891,59.02303002225633,37.01163760469389,21.855927918088877,21.855927918088877,32.12224925959583,21.57550291620688
309,1,Bass,0,0,17.148602113467216,17.148602113467216,29.435771042744708,17.41791829979958,33.223638392245974,33.223638392245974,61.30329488064942,33.230404837145954,16.075036278778757,16.075036278778757,31.86752383790471,15.812486537346373
309,2,Drums,0,0,14.451470327547861,14.45147032754786,37.3724334725062,14.474488183861304,31.693560131788836,31.69356013178884,60.32885984673481,31.69951458364791,17.242089804240976,17.24208980424098,22.956426374228606,17.225026399786607
310,0,Vocal,0,0,22.818557957919165,22.818557957919165,49.04288060186283,22.82898263856751,39.08350978427622,39.08350978427622,61.298735373567574,39.10966823885058,16.264951826357052,16.264951826357052,12.255854771704747,16.28068560028307
310,1,Bass,0,0,14.042298226058627,14.042298226058627,26.536455344471094,14.303633676404203,30.961892295035053,30.961892295035053,59.38700015037291,30.96814298604894,16.919594068976426,16.919594068976426,32.85054480590182,16.664509309644735
310,2,Drums,0,0,20.503825873359126,20.503825873359126,42.45585064047509,20.531866905761774,30.684757757174687,30.684757757174683,57.2095489983309,30.694444036600608,10.18093188381556,10.180931883815557,14.75369835785581,10.162577130838834
311,0,Vocal,0,0,16.19383212853091,16.19383212853091,26.47377569200294,16.631157791505103,38.490612940816376,38.490612940816376,60.53486452237834,38.517825873488434,22.296780812285466,22.296780812285466,34.061088830375404,21.88666808198333
311,1,Bass,0,0,16.841299390567727,16.841299390567727,24.733001532171684,17.625984933227922,34.677516567453345,34.677516567453345,68.61217423326609,34.679272647658145,17.83621717688562,17.83621717688562,43.879172701094404,17.053287714430223
311,2,Drums,0,0,13.227243668793246,13.22724366879325,28.609099260653963,13.360855362797963,31.886796500383173,31.886796500383173,73.97699667836105,31.88706502930964,18.659552831589927,18.659552831589924,45.367897417707084,18.526209666511676
312,0,Vocal,0,0,19.623193552154653,19.62319355215465,38.16341815295137,19.685065427555028,34.700497796324406,34.700497796324406,66.84169631087684,34.703151934958555,15.077304244169753,15.077304244169756,28.67827815792547,15.018086507403527
312,1,Bass,0,0,7.358892096886061,7.358892096886061,19.739839667007956,7.6633146510839625,35.46449366076448,35.46449366076448,55.17481176428877,35.511181771026436,28.105601563878423,28.105601563878423,35.43497209728081,27.847867119942475
312,2,Drums,0,0,23.021520217656686,23.021520217656686,25.609390685955397,26.511728529639353,40.19612437332947,40.19612437332947,63.03355542557508,40.21878194869244,17.17460415567278,17.17460415567278,37.424164739619684,13.707053419053086
313,0,Vocal,-1,2866,-19.329397881892856,-19.329397881892856,2.8094767116842068,-17.473908913372014,-31.097997968203522,-31.097997968203522,4.4888133503723076,-29.775137536880973,-11.768600086310666,-11.768600086310666,1.6793366386881008,-12.301228623508958
313,1,Bass,0,0,5.339782434690793,5.339782434690794,19.30193736923022,5.568495295483926,30.112331883003524,30.112331883003524,46.895174064558425,30.204485770624657,24.77254944831273,24.77254944831273,27.593236695328205,24.63599047514073
313,2,Drums,0,0,41.04665121501589,41.04665121501589,74.63987715352731,41.04852562473635,40.26770505899715,40.26770505899714,80.90504507937533,40.26808001142112,-0.7789461560187405,-0.7789461560187547,6.265167925848019,-0.78044561331523
314,0,Vocal,0,0,13.654162822415861,13.654162822415861,37.80960803635804,13.671595219016474,24.515417055562196,24.515417055562196,56.04353077685465,24.51848360846504,10.861254233146335,10.861254233146335,18.23392274049661,10.846888389448566
314,1,Bass,0,0,6.44275387872736,6.442753878727359,22.488866295654244,6.576471525692179,25.53309954923149,25.53309954923149,65.62228290638733,25.53352621670775,19.09034567050413,19.09034567050413,43.13341661073308,18.95705469101557
314,2,Drums,0,0,30.068711786740216,30.068711786740216,42.08115416556502,30.351188690936826,34.12841503615083,34.12841503615083,61.35647032960471,34.13664798812016,4.05970324941061,4.05970324941061,19.275316164039694,3.7854592971833334
315,0,Vocal,0,0,21.637073965910588,21.637073965910588,43.589981003318705,21.66505211857846,29.973233786217868,29.973233786217868,65.34559523268653,29.974495665282173,8.33615982030728,8.33615982030728,21.75561422936783,8.309443546703715
315,1,Bass,0,0,8.872270644806205,8.872270644806203,20.95033284929132,9.184865802698909,34.22751238512268,34.22751238512268,63.97481543986053,34.23211958760842,25.355241740316472,25.355241740316476,43.02448259056921,25.047253784909515
315,2,Drums,0,0,21.691895679941272,21.691895679941272,30.430649840461456,22.319131763217413,35.96174221802692,35.96174221802692,59.86645840094796,35.97945567410909,14.269846538085648,14.269846538085648,29.435808560486507,13.660323910891677
316,0,Vocal,0,0,8.21930679462336,8.21930679462336,33.91233267206884,8.232794015062785,20.432649628505906,20.432649628505906,53.398723638375536,20.434863683255774,12.213342833882546,12.213342833882546,19.486390966306693,12.202069668192989
316,1,Bass,0,0,6.737203857126161,6.737203857126161,23.01303130171086,6.862453595896093,29.482575705257137,29.482575705257137,61.32231355559039,29.485423039668337,22.745371848130976,22.745371848130976,38.30928225387953,22.622969443772245
316,2,Drums,0,0,31.22786985800871,31.22786985800871,43.35986241509189,31.502367395614943,34.94911666620939,34.94911666620939,72.83881351763098,34.949822914516176,3.721246808200682,3.721246808200682,29.478951102539092,3.447455518901233
317,0,Vocal,0,0,12.128495059183583,12.128495059183583,33.69312939735541,12.160747329683355,22.417394226184268,22.417394226184268,56.240413829264554,22.419205744275644,10.288899167000684,10.288899167000684,22.54728443190914,10.258458414592289
317,1,Bass,0,0,6.496859655575196,6.496859655575196,22.551282935914138,6.630018247844084,28.58359995835247,28.58359995835247,58.29965375654972,28.588245218044378,22.086740302777272,22.086740302777272,35.748370820635586,21.958226970200293
317,2,Drums,0,0,27.717155210401554,27.717155210401554,35.52918690705357,28.50410239944553,36.20356359352881,36.20356359352881,70.93029538470186,36.20502665351397,8.486408383127259,8.486408383127259,35.40110847764829,7.70092425406844
318,0,Vocal,0,0,13.99042681388021,13.99042681388021,39.95131479543509,14.001887187350423,22.816809064191858,22.816809064191858,61.63072324532095,22.817382736210845,8.826382250311648,8.826382250311648,21.679408449885862,8.815495548860422
318,1,Bass,0,0,4.476794301868259,4.476794301868259,20.71560929228049,4.617970999372218,30.12635867187942,30.12635867187942,47.498738057606,30.206705990676816,25.64956437001116,25.64956437001116,26.783128765325507,25.588734991304598
318,2,Drums,0,0,29.032717103705732,29.032717103705732,39.0665624753574,29.48708409057837,40.3550856134224,40.3550856134224,71.70541082635734,40.35826932098266,11.322368509716672,11.322368509716672,32.638848350999936,10.871185230404286
319,0,Vocal,0,0,19.134071087143838,19.134071087143838,33.64254290362418,19.292528975690665,38.85241441367649,38.8524144136765,70.85816170569623,38.85515117988842,19.718343326532654,19.71834332653266,37.21561880207205,19.56262220419776
319,1,Bass,0,0,10.534621515637346,10.534621515637347,19.815350159312878,11.125076775968612,36.39412611673285,36.39412611673285,79.84438805299946,36.394322259699024,25.8595046010955,25.8595046010955,60.029037893686585,25.269245483730412
319,2,Drums,0,0,28.213249977008804,28.213249977008804,61.358108364523915,28.215352158735136,41.23161717668711,41.23161717668711,50.88520972438044,41.72947894927775,13.018367199678305,13.018367199678305,-10.472898640143477,13.514126790542612
320,0,Vocal,0,0,9.321739695919328,9.321739695919328,26.439881559955314,9.41674373273983,28.40533395638193,28.40533395638193,78.72210369985442,28.40537433229109,19.083594260462604,19.083594260462604,52.282222139899105,18.988630599551257
320,1,Bass,0,0,2.6805599651238787,2.6805599651238787,13.812634674883807,3.2056620685152253,31.879571357087727,31.879571357087727,61.68448510577326,31.884119137001242,29.199011391963847,29.199011391963847,47.87185043088945,28.67845706848602
320,2,Drums,0,0,21.530022424282436,21.530022424282436,27.334894408526832,22.861781708892202,24.83410517757266,24.83410517757266,76.72667926317479,24.834133348726894,3.304082753290224,3.304082753290224,49.39178485464795,1.9723516398346916
321,0,Vocal,0,0,7.728014656889028,7.728014656889028,26.55407136981843,7.794891158877778,32.03946550986525,32.03946550986525,68.60264578546223,32.04042426573124,24.311450852976225,24.311450852976225,42.0485744156438,24.24553310685346
321,1,Bass,0,0,1.5739630637579598,1.5739630637579598,12.54436537575514,2.1712228923399994,29.927566164919103,29.927566164919103,65.8339809937515,29.928682084880954,28.35360310116114,28.35360310116114,53.289615617996354,27.757459192540956
321,2,Drums,0,0,20.63026011832495,20.63026011832495,33.83860132404885,20.84464023284124,27.295015660644747,27.295015660644747,64.39022173768794,27.29586504940226,6.664755542319796,6.664755542319796,30.551620413639085,6.4512248165610195
322,0,Vocal,0,0,7.922705638597414,7.922705638597414,26.4230807069403,7.994368392852208,20.593655572272887,20.593655572272887,70.04235039668659,20.593705295048885,12.670949933675473,12.670949933675473,43.61926968974629,12.599336902196676
322,1,Bass,0,0,2.831240873863105,2.831240873863105,15.144398949696612,3.224842493380497,32.84309673845157,32.84309673845157,74.14939482652227,32.843418366086176,30.011855864588465,30.011855864588465,59.00499587682566,29.61857587270568
322,2,Drums,0,0,21.205467988240688,21.205467988240688,30.327267038862857,21.77658088491516,24.71426970841226,24.71426970841226,66.50172676091037,24.714558447068068,3.508801720171572,3.508801720171572,36.174459722047516,2.937977562152909
323,0,Vocal,0,0,9.49673370906172,9.49673370906172,25.99310108780502,9.6060607144653,28.379598694496476,28.379598694496476,79.73670397348185,28.37963046559721,18.882864985434757,18.882864985434757,53.743602885676836,18.77356975113191
323,1,Bass,0,0,0.3612919984726828,0.3612919984726828,11.39554415475418,1.0218399604373227,30.55804746345876,30.55804746345876,62.96885502693986,30.56054323606031,30.196755464986076,30.196755464986076,51.57331087218569,29.53870327562299
323,2,Drums,0,0,19.71015469262167,19.71015469262167,24.64962787894972,21.40418127978325,24.32678016008756,24.32678016008756,85.59130135321844,24.32678340876813,4.616625467465887,4.616625467465887,60.941673474268725,2.922602128984881
324,0,Vocal,0,0,7.594562862271221,7.594562862271222,25.599770856833004,7.675806924268205,22.04574029890732,22.04574029890732,64.15132095425031,22.04600939814582,14.451177436636097,14.451177436636097,38.551550097417305,14.370202473877615
324,1,Bass,0,0,4.210527427878108,4.210527427878108,15.261280969937403,4.693050119282372,32.58040967626859,32.58040967626859,58.07355618967448,32.592693172157354,28.36988224839048,28.36988224839048,42.812275219737074,27.899643052874982
324,2,Drums,0,0,20.1028849417167,20.1028849417167,29.806077265918773,20.599264538319716,23.823594901316056,23.823594901316056,59.50307358648768,23.824774376530105,3.7207099595993576,3.7207099595993576,29.696996320568907,3.225509838210389
325,0,Vocal,0,0,9.6669401386648,9.6669401386648,26.73458944605788,9.762304607545225,24.70092404887589,24.70092404887589,73.84945151490321,24.70097704167156,15.03398391021109,15.03398391021109,47.114862068845326,14.938672434126335
325,1,Bass,0,0,3.217292145656352,3.217292145656352,14.626690750100511,3.6902978858981648,30.976415990354738,30.976415990354738,74.85657081710617,30.976593852915833,27.759123844698387,27.759123844698387,60.229880067005666,27.28629596701767
325,2,Drums,0,0,21.686352052627804,21.686352052627797,30.369942585800736,22.322220169846425,25.00706208362835,25.007062083628348,62.56946331088333,25.00782582354477,3.320710031000548,3.3207100310005515,32.19952072508259,2.685605653698346
326,0,Vocal,0,0,8.820948444818779,8.82094844481878,25.607492913245622,8.924858670969943,22.677719502723285,22.677719502723292,67.55616055024802,22.677861485456763,13.856771057904506,13.856771057904512,41.9486676370024,13.75300281448682
326,1,Bass,0,0,1.11929220934683,1.11929220934683,12.491884122751957,1.6860712638637585,30.6748942056771,30.6748942056771,58.716555820723016,30.681722764359186,29.555601996330267,29.555601996330267,46.22467169797106,28.995651500495427
326,2,Drums,0,0,20.410938839035353,20.41093883903535,28.89169472421144,21.081065112676463,25.077289272045043,25.077289272045043,60.82966756239997,25.078447908898383,4.66635043300969,4.666350433009693,31.93797283818853,3.9973827962219204
327,0,Vocal,0,0,6.625605411816407,6.625605411816405,24.74780572578243,6.707577952724132,31.218030516227206,31.218030516227206,63.972189210418115,31.220336081297347,24.5924251044108,24.5924251044108,39.22438348463568,24.512758128573214
327,1,Bass,0,0,4.139644386424562,4.139644386424562,14.987093117566626,4.648112727767239,33.05380925753859,33.05380925753859,60.43857506252686,33.06175104476791,28.914164871114025,28.914164871114025,45.451481944960236,28.41363831700067
327,2,Drums,0,0,21.878304026870023,21.878304026870023,34.25584603303177,22.138697009891356,27.410099168301336,27.410099168301336,59.81802707971191,27.412598943398,5.531795141431314,5.531795141431314,25.562181046680138,5.273901933506643
328,0,Vocal,0,0,15.040928732037763,15.040928732037761,41.247089674089125,15.051669911593606,30.268116969565355,30.268116969565355,60.16231839420286,30.272573358123076,15.227188237527592,15.227188237527594,18.91522872011374,15.22090344652947
328,1,Bass,0,0,10.300717518637557,10.300717518637558,46.733286936550726,10.301797160890338,35.38567082913802,35.38567082913802,62.07768843076948,35.394985587311254,25.084953310500467,25.084953310500463,15.34440149421875,25.093188426420916
328,2,Drums,0,0,30.551943249654364,30.55194324965436,45.036961083730205,30.70952360745137,31.724008399431916,31.724008399431916,67.47852370693127,31.7251636552841,1.172065149777552,1.1720651497775556,22.441562623201065,1.0156400478327292
329,0,Vocal,0,0,14.764484491358466,14.764484491358466,49.499602385937536,14.765992726382702,26.702914007140027,26.702914007140027,57.09011783395457,26.706896748537915,11.93842951578156,11.93842951578156,7.590515448017037,11.940904022155213
329,1,Bass,0,0,10.482534674689152,10.482534674689152,35.71476165705127,10.496737447130995,37.1482920628805,37.1482920628805,66.16759365561782,37.153739656876716,26.66575738819135,26.66575738819135,30.452831998566552,26.65700220974572
329,2,Drums,0,0,27.70824615014036,27.70824615014036,43.63302660582235,27.820871808725208,29.14077320872194,29.14077320872194,82.45203669527714,29.140793484962497,1.4325270585815773,1.4325270585815773,38.81901008945479,1.3199216762372892
330,0,Vocal,0,0,14.622071271766012,14.622071271766012,76.89597482277532,14.622073405506107,29.902813353566494,29.902813353566494,59.57961877880885,29.907498975893606,15.280742081800481,15.280742081800481,-17.316356043966465,15.285425570387499
330,1,Bass,0,0,11.605930997567294,11.605930997567294,35.54984272595578,11.624690458801341,36.068221039929064,36.068221039929064,56.158552353928215,36.11097663544312,24.462290042361772,24.462290042361772,20.608709627972438,24.486286176641784
330,2,Drums,0,0,28.2495169628167,28.2495169628167,40.058269370916825,28.546179524970512,29.833867786937983,29.833867786937983,83.69987988204883,29.83388562854397,1.5843508241212838,1.5843508241212838,43.64161051113201,1.2877061035734592
331,0,Vocal,0,0,-6.436196788254277,-6.436196788254276,21.556397400785304,-6.39905501828737,15.7296188563368,15.7296188563368,39.871041760194736,15.746833587816527,22.165815644591078,22.165815644591074,18.31464435940943,22.145888606103895
331,1,Bass,0,0,7.548428828550585,7.548428828550585,39.229892464557686,7.5518970171083915,32.8966502014466,32.8966502014466,64.02715874144513,32.900000766089185,25.348221372896013,25.348221372896013,24.79726627688745,25.348103748980794
331,2,Drums,0,0,36.73377410448794,36.73377410448794,46.02935482500314,37.27726663673902,32.59105591800919,32.59105591800919,87.9791352065563,32.59106847143704,-4.142718186478753,-4.142718186478753,41.949780381553154,-4.686198165301981
332,0,Vocal,0,0,15.12591936714339,15.12591936714339,42.79715316363168,15.133577492484317,27.138402764081047,27.138402764081047,58.729364533299815,27.141420376975994,12.012483396937657,12.012483396937657,15.932211369668138,12.007842884491676
332,1,Bass,0,0,8.545841911757684,8.545841911757684,31.08578024758689,8.573488979707095,34.783590824120495,34.783590824120495,77.95221966404954,34.783800180174985,26.23774891236281,26.23774891236281,46.86643941646265,26.210311200467892
332,2,Drums,0,0,29.555811081747223,29.555811081747223,41.46268854784072,29.845510391111286,28.417259450184723,28.417259450184723,64.33761562354455,28.418372271598386,-1.1385516315624997,-1.1385516315624997,22.87492707570383,-1.4271381195129003
333,0,Vocal,0,0,13.650090761329945,13.650090761329945,34.23533181149568,13.689848840107551,28.13027153513756,28.13027153513756,69.40897569683153,28.13059547299801,14.480180773807614,14.480180773807614,35.17364388533585,14.440746632890459
333,1,Bass,0,0,10.530312800807941,10.530312800807941,38.96201287290441,10.537100506797778,33.46763374797123,33.46763374797123,47.816136087001055,33.63027431399316,22.937320947163286,22.937320947163286,8.854123214096646,23.093173807195384
333,2,Drums,0,0,28.963251216740762,28.963251216740762,37.587858148935574,29.605199449544997,30.02700317467837,30.02700317467837,70.34123478117176,30.027407565550362,1.0637519579376082,1.0637519579376082,32.75337663223619,0.4222081160053648
334,0,Vocal,0,0,14.556845224592003,14.556845224592006,49.90665769348185,14.558156447161243,29.065550882075087,29.065550882075087,58.08426873221778,29.071004877389704,14.508705657483084,14.50870565748308,8.177611038735932,14.51284843022846
334,1,Bass,0,0,10.375596383564698,10.375596383564698,35.56865201117625,10.389957320143361,37.23175325043114,37.23175325043114,66.65675165810208,37.23671470106731,26.856156866866442,26.856156866866442,31.088099646925833,26.846757380923947
334,2,Drums,0,0,27.555129353070225,27.555129353070225,38.99133394754748,27.87945781290191,31.220978468992,31.220978468992,75.40116078058303,31.22114445356769,3.6658491159217768,3.6658491159217768,36.409826833035545,3.3416866406657775
335,0,Vocal,0,0,13.246946196537257,13.246946196537257,32.456162264814004,13.301830144988124,27.16562123531087,27.16562123531087,55.944637470953964,27.1713888578373,13.918675038773612,13.918675038773612,23.48847520613996,13.869558712849177
335,1,Bass,0,0,10.63000335324549,10.630003353245492,37.93697437664059,10.638783061288757,37.55303905023951,37.55303905023951,72.44379826436253,37.554447797261496,26.92303569699402,26.92303569699402,34.506823887721936,26.91566473597274
335,2,Drums,0,0,29.252055005918578,29.252055005918578,36.496761969655566,30.160647313897478,30.071795544354348,30.071795544354348,72.07741240585105,30.072069479720987,0.8197405384357701,0.8197405384357701,35.580650436195484,-0.08857783417649046
336,0,Vocal,0,0,15.124522436171496,15.124522436171496,41.34073527019892,15.135231607801662,33.94467075668601,33.94467075668601,60.058247380675375,33.95531455981787,18.820148320514512,18.820148320514512,18.717512110476456,18.820082952016207
336,1,Bass,0,0,17.92605794027061,17.926057940270606,34.50037492299133,18.024241927938668,40.090170187159075,40.090170187159075,69.96676538565828,40.094640843933675,22.164112246888465,22.164112246888468,35.46639046266695,22.070398915995007
336,2,Drums,0,0,24.332156917152894,24.332156917152894,45.47367289143021,24.365798430862693,39.10539526671744,39.10539526671744,61.2070444024567,39.13224928150683,14.773238349564544,14.773238349564544,15.73337151102649,14.766450850644137
337,0,Vocal,0,0,1.313718905748967,1.3137189057489675,23.951034184940983,1.3548919841442506,25.344087625666795,25.344087625666795,42.11471899036187,25.436675788013527,24.030368719917828,24.030368719917828,18.16368480542089,24.08178380386928
337,1,Bass,0,0,14.101866709128515,14.101866709128512,33.08441207421008,14.159244646967206,34.96348928184103,34.96348928184103,65.37581531182889,34.967441773979694,20.861622572712513,20.861622572712516,32.29140323761881,20.808197127012487
337,2,Drums,0,0,28.808327427742704,28.808327427742704,53.26777722208271,28.82392434911097,39.66827317406654,39.66827317406654,72.43063646279622,39.67057271856956,10.859945746323838,10.859945746323838,19.16285924071351,10.846648369458588
338,0,Vocal,0,0,13.287635530399832,13.287635530399832,41.167383047658305,13.295047620640359,26.533704149294884,26.533704149294884,61.6964290395222,26.535029791428766,13.246068618895052,13.246068618895052,20.529045991863896,13.239982170788407
338,1,Bass,0,0,12.42021286943501,12.42021286943501,29.811183739534705,12.50466980095375,34.489220294040415,34.489220294040415,58.38586540772133,34.506968591391626,22.069007424605402,22.069007424605402,28.574681668186628,22.002298790437877
338,2,Drums,0,0,28.31812268383002,28.31812268383002,46.17649423191918,28.38992499562425,39.41735358599136,39.41735358599136,67.164073648462,39.424656754017,11.099230902161338,11.099230902161338,20.987579416542815,11.034731758392752
339,0,Vocal,0,0,16.52613137703974,16.52613137703974,47.03583460865653,16.530078997747935,29.807745154058672,29.807745154058672,58.73481731459804,29.81331417651419,13.281613777018933,13.281613777018933,11.69898270594151,13.283235178766255
339,1,Bass,0,0,15.51846279526738,15.51846279526738,31.820457020925318,15.624290004863076,39.218638508705915,39.218638508705915,91.78482889049008,39.21866229401035,23.700175713438533,23.700175713438533,59.96437186956476,23.594372289147273
339,2,Drums,0,0,25.139185996082848,25.139185996082848,37.87091700522356,25.377824694241813,38.98868242540492,38.98868242540492,65.46552213171124,38.9984689706311,13.84949642932207,13.84949642932207,27.59460512648768,13.620644276389289
340,0,Vocal,0,0,7.805911214742375,7.805911214742375,29.445817400651745,7.840714597042995,28.904948404026957,28.904948404026957,52.29411484870616,28.924919073769665,21.09903718928458,21.09903718928458,22.848297448054414,21.08420447672667
340,1,Bass,0,0,20.158014372023718,20.158014372023718,37.479610735793464,20.24001220808821,38.32978424049483,38.32978424049483,68.79492352006625,38.333688294241526,18.171769868471113,18.171769868471113,31.315312784272784,18.093676086153316
340,2,Drums,0,0,25.17133057282323,25.17133057282323,41.66537896834576,25.270091967853233,38.79655838574494,38.79655838574494,69.78107620075058,38.8000219914076,13.625227812921707,13.625227812921707,28.115697232404813,13.529930023554364
341,0,Vocal,0,0,20.22065281769454,20.22065281769454,50.63862061046958,20.224635200619087,31.314066185417204,31.314066185417207,69.89656426462619,31.314668431789553,11.093413367722665,11.093413367722668,19.257943654156612,11.090033231170466
341,1,Bass,0,0,19.051344321997206,19.05134432199721,30.689956131594943,19.363548224522177,35.36718148106209,35.36718148106209,63.66945054400962,35.3736083763736,16.315837159064884,16.31583715906488,32.97949441241468,16.010060151851427
341,2,Drums,0,0,25.451603885836597,25.451603885836597,36.07206433274564,25.84647923309447,39.10114649810112,39.10114649810112,67.96365546061932,39.10679404104617,13.649542612264526,13.649542612264526,31.89159112787368,13.260314807951701
342,0,Vocal,0,0,17.42720957168457,17.42720957168457,48.47841812440968,17.43067941381654,24.850376151208916,24.850376151208916,60.547162199973734,24.851549803210883,7.423166579524345,7.423166579524345,12.068744075564055,7.4208703893943415
342,1,Bass,0,0,17.046169882784078,17.046169882784078,30.77998194502428,17.237624170127145,39.49617624701256,39.49617624701256,89.03817186701141,39.49622413656578,22.450006364228486,22.450006364228486,58.25818992198714,22.258599966438634
342,2,Drums,0,0,21.959057382609586,21.959057382609586,35.02730966967913,22.180154249646225,37.42533250359147,37.42533250359147,66.31486627652535,37.43094491628572,15.466275120981884,15.466275120981884,31.287556606846223,15.250790666639492
343,0,Vocal,0,0,10.59995961085227,10.59995961085227,37.67214361875758,10.609231189468986,24.40591428857454,24.40591428857454,68.04679557521878,24.40610247846486,13.80595467772227,13.80595467772227,30.3746519564612,13.796871288995874
343,1,Bass,0,0,18.358514558447983,18.358514558447983,32.21264083195639,18.543708308348325,39.167416263002195,39.167416263002195,92.6353695934252,39.167435532943735,20.808901704554213,20.808901704554213,60.422728761468804,20.62372722459541
343,2,Drums,0,0,23.967194872230294,23.967194872230294,44.64176945766045,24.004682928735626,35.94836072703587,35.94836072703587,68.62427020804262,35.950706996428046,11.981165854805575,11.981165854805575,23.982500750382165,11.94602406769242
344,0,Vocal,0,0,15.806758498069396,15.806758498069392,40.04617223015422,15.823580846372229,33.7937771749765,33.7937771749765,62.33396080423394,33.79986178229097,17.987018676907102,17.987018676907105,22.28778857407972,17.976280935918737
344,1,Bass,0,0,11.945927576973299,11.945927576973299,26.640107673212544,12.105244678362165,33.50933076716024,33.50933076716024,85.76123147910323,33.509356618841274,21.563403190186946,21.563403190186946,59.12112380589069,21.40411194047911
344,2,Drums,0,0,28.56117920211598,28.56117920211598,40.69802617534796,28.835532972301014,34.217279261716584,34.217279261716584,75.12823569416626,34.217631507236156,5.656100059600604,5.656100059600604,34.4302095188183,5.3820985349351425
345,0,Vocal,0,0,15.830995004816584,15.830995004816584,25.518340371079546,16.336911382850918,33.98267702604577,33.98267702604577,58.372460492711085,33.998517290012266,18.151682021229185,18.151682021229185,32.85412012163154,17.66160590716135
345,1,Bass,0,0,17.477372404671296,17.477372404671296,34.24385831346442,17.571422728620906,39.889306113066525,39.889306113066525,65.5380304946804,39.901151428305916,22.411933708395228,22.411933708395228,31.294172181215977,22.32972869968501
345,2,Drums,0,0,27.386517970444277,27.386517970444277,35.02611150358799,28.2086431973361,37.58763676463298,37.58763676463298,71.2264822274172,37.58951633054647,10.201118794188705,10.201118794188705,36.2003707238292,9.380873133210372
346,0,Vocal,0,0,18.49347624633947,18.49347624633947,54.84073968997785,18.49449531628554,32.88530478075622,32.88530478075622,54.184536186622495,32.91764113671355,14.391828534416753,14.391828534416753,-0.656203503355357,14.423145820428008
346,1,Bass,0,0,17.500486314922906,17.500486314922906,34.89850435678438,17.58168469754237,32.842185363077874,32.842185363077874,58.78872821600253,32.85324923833628,15.341699048154968,15.341699048154968,23.890223859218153,15.27156454079391
346,2,Drums,0,0,25.2316858745756,25.2316858745756,36.94612100479275,25.53552976498262,30.278635600864476,30.278635600864476,59.111340131304324,30.284326737928616,5.046949726288876,5.046949726288876,22.165219126511573,4.748796972945996
347,0,Vocal,0,0,24.803073010536547,24.803073010536547,45.01687251351005,24.844744221431693,27.017115197337937,27.017115197337937,56.88388943832993,27.021604542192662,2.2140421868013895,2.2140421868013895,11.867016924819879,2.1768603207609694
347,1,Bass,0,0,27.71913531342124,27.71913531342124,36.528456371151094,28.332610949613375,40.6082010352831,40.6082010352831,74.37013353500927,40.610027752783836,12.889065721861861,12.889065721861861,37.84167716385818,12.27741680317046
347,2,Drums,0,0,15.553555153761812,15.553555153761813,43.801381887868786,15.56023912704767,28.314576376625457,28.314576376625457,51.347313037257535,28.336264648984077,12.761021222863645,12.761021222863643,7.54593114938875,12.776025521936408
348,0,Vocal,0,0,18.475932402053935,18.475932402053935,26.370269632353192,19.255532039626885,29.829581383258006,29.82958138325801,76.0653470437545,29.829684685731117,11.35364898120407,11.353648981204074,49.69507741140131,10.574152646104231
348,1,Bass,0,0,20.231761388032137,20.231761388032137,33.722433914939224,20.432498354641243,41.27538150257465,41.27538150257465,69.3042458883738,41.28222476643674,21.043620114542517,21.043620114542517,35.581811973434576,20.849726411795498
348,2,Drums,0,0,18.96193800794085,18.96193800794085,22.853070116271773,21.262738902848742,30.336489260100493,30.336489260100493,74.80597525314204,30.33664450863194,11.374551252159641,11.374551252159641,51.952905136870264,9.0739056057832
349,0,Vocal,0,0,17.67242729283969,17.67242729283969,38.05242621521743,17.71307859272311,32.54535209227206,32.54535209227206,61.02969477536359,32.55151579643836,14.872924799432372,14.872924799432372,22.977268560146157,14.838437203715248
349,1,Bass,0,0,13.001725205456552,13.001725205456552,30.768771666425835,13.078599286128892,36.85761133780262,36.85761133780262,57.880694866774355,36.89206878108128,23.855886132346072,23.855886132346072,27.11192320034852,23.813469494952386
349,2,Drums,0,0,25.744980332279482,25.744980332279482,46.86452788550021,25.778755920481537,31.368003066408427,31.368003066408427,60.40362084389227,31.373433105024795,5.623022734128945,5.623022734128945,13.539092958392061,5.594677184543258
350,0,Vocal,0,0,10.118965905125904,10.118965905125904,34.19435832631486,10.137643365586879,31.376872450248364,31.376872450248364,46.4881026311647,31.512938647976515,21.25790654512246,21.25790654512246,12.293744304849838,21.375295282389636
350,1,Bass,0,0,21.063456670255402,21.063456670255402,39.748589277101864,21.12310376230328,40.40721814111514,40.40721814111514,75.9956287315348,40.408417735396114,19.343761470859736,19.343761470859736,36.24703945443293,19.285313973092833
350,2,Drums,0,0,33.35355250111866,33.35355250111866,40.01515240252617,34.40913059527838,37.25414715897106,37.25414715897106,86.17759387442456,37.25420276693092,3.9005946578523947,3.9005946578523947,46.16244147189839,2.8450721716525464
351,0,Vocal,0,0,23.316982390751043,23.31698239075104,42.85207148894814,23.365812806096727,32.68946133471375,32.68946133471375,55.25248951513281,32.713611367454725,9.372478943962705,9.372478943962708,12.400418026184667,9.347798561357997
351,1,Bass,0,0,23.43852248017855,23.43852248017855,38.49061357932609,23.577000293623016,43.747411680585984,43.747411680585984,61.918631053441466,43.81409380373806,20.308889200407435,20.308889200407435,23.42801747411538,20.237093510115045
351,2,Drums,0,0,19.768506141501806,19.768506141501806,45.93464928709785,19.77912788550666,30.33787752548139,30.33787752548139,55.93730057118587,30.34986807033599,10.569371383979583,10.569371383979583,10.002651284088024,10.57074018482933
352,0,Vocal,0,0,12.900741881580123,12.900741881580123,29.49939642592225,13.001710464945194,23.712935862342803,23.712935862342803,61.74881416262615,23.71362143172157,10.81219398076268,10.81219398076268,32.2494177367039,10.711910966776376
352,1,Bass,0,0,8.04751598728817,8.04751598728817,25.39386854603643,8.140797827142631,35.2347093209988,35.2347093209988,85.64116939374705,35.234748839556005,27.18719333371063,27.18719333371063,60.24730084771062,27.093951012413374
352,2,Drums,0,0,25.691594328769018,25.691594328769018,37.63704063102856,25.979087375511885,32.76003518765263,32.76003518765263,60.65440385746723,32.76709718115852,7.068440858883616,7.068440858883616,23.01736322643867,6.7880098056466345
353,0,Vocal,0,0,7.6212471221729885,7.6212471221729885,37.148073751341414,7.626929730480544,25.174386825424946,25.174386825424946,54.819453962344724,25.17911633145016,17.553139703251958,17.553139703251958,17.67138021100331,17.552186600969616
353,1,Bass,0,0,8.800820965311493,8.800820965311493,38.72018002520703,8.805830602039041,39.10940149870047,39.10940149870047,62.771221729743345,39.12813374243784,30.308580533388977,30.308580533388977,24.051041704536317,30.322303140398798
353,2,Drums,0,0,26.967001884976092,26.967001884976092,42.86408717387822,27.080392037321694,30.293329568862543,30.293329568862543,71.30631115444089,30.293673823887772,3.3263276838864506,3.3263276838864506,28.442223980562673,3.2132817865660783
354,0,Vocal,0,0,16.929322508177073,16.929322508177073,35.11398372560427,16.997131435642828,34.600743193447705,34.600743193447705,68.50547621235103,34.60251123482737,17.671420685270633,17.671420685270633,33.391492486746756,17.60537979918454
354,1,Bass,0,0,6.198016769881209,6.198016769881209,47.16801506452082,6.198447433311927,36.00939713519041,36.00939713519041,62.89004509082019,36.01831516615222,29.8113803653092,29.8113803653092,15.722030026299365,29.819867732840294
354,2,Drums,0,0,21.491518265169532,21.491518265169532,28.534660581115165,22.453440209696865,30.967664295778047,30.967664295778047,59.88613448140307,30.973243332222694,9.476146030608515,9.476146030608515,31.351473900287903,8.519803122525829
355,0,Vocal,0,0,14.574305499433278,14.574305499433278,31.245956092247393,14.672042496820744,39.49088325439134,39.49088325439134,62.99858718263859,39.510292465779,24.916577754958062,24.916577754958062,31.752631090391194,24.83824996895826
355,1,Bass,0,0,10.953239241582931,10.953239241582931,25.62597733307843,11.11578141707721,32.60364182538888,32.60364182538888,61.052005392789454,32.60985760003167,21.650402583805946,21.650402583805946,35.42602805971102,21.49407618295446
355,2,Drums,0,0,18.950709354863264,18.950709354863264,33.03263170889497,19.125935823418295,31.31862030708433,31.31862030708433,52.28375139510746,31.353561158431663,12.367910952221067,12.367910952221067,19.25111968621249,12.227625335013368
356,0,Vocal,0,0,14.132556977047372,14.132556977047376,33.24851123988498,14.188174531368018,24.984063052728796,24.984063052728796,58.243422271861796,24.986120443499267,10.851506075681424,10.85150607568142,24.99491103197682,10.797945912131249
356,1,Bass,0,0,10.98763217679151,10.987632176791509,29.88541916130227,11.048429214275345,37.20291940837091,37.20291940837091,61.45431077357798,37.219270376564346,26.2152872315794,26.215287231579403,31.56889161227571,26.170841162289
356,2,Drums,0,0,27.197647034867842,27.197647034867842,42.26632770145169,27.335232515839873,37.423156745875836,37.423156745875836,66.92528834711649,37.42803072236017,10.225509711007994,10.225509711007994,24.658960645664806,10.092798206520296
357,0,Vocal,0,0,11.383449204284775,11.383449204284775,28.134447222964273,11.482866991472784,18.377751606179885,18.377751606179885,58.73375265369076,18.37815753767979,6.99430240189511,6.99430240189511,30.599305430726485,6.895290546207006
357,1,Bass,0,0,8.129486104768471,8.129486104768471,28.850939190862007,8.172079681693878,33.71173782270502,33.71173782270502,73.34152112456732,33.71221096004126,25.582251717936547,25.582251717936547,44.490581933705315,25.54013127834738
357,2,Drums,0,0,25.667452206112664,25.667452206112667,41.4532858666424,25.783905042002093,32.95278554182035,32.95278554182035,62.74284049705973,32.957348248457684,7.2853333357076835,7.28533333570768,21.289554630417328,7.173443206455591
358,0,Vocal,0,0,16.063011625149265,16.063011625149265,35.60263705921584,16.112762717326817,30.142510450023615,30.142510450023615,72.12729032798745,30.14278556327649,14.07949882487435,14.07949882487435,36.524653268771615,14.030022845949674
358,1,Bass,0,0,4.742592349869166,4.742592349869165,40.95861455223687,4.743978582511922,28.809745088178484,28.809745088178484,57.938446131436365,28.815063071928122,24.067152738309318,24.067152738309318,16.979831579199498,24.0710844894162
358,2,Drums,0,0,23.57371363726527,23.57371363726527,29.196018286345495,24.96963965604099,29.52379026096395,29.52379026096395,72.12418757135089,29.52402913634443,5.950076623698678,5.950076623698678,42.928169285005396,4.554389480303442
359,0,Vocal,0,0,16.885580579232197,16.885580579232197,41.84471320350858,16.899749293750826,36.73635889103531,36.73635889103531,54.82616215372808,36.80432362686296,19.85077831180311,19.85077831180311,12.981448950219495,19.904574333112134
359,1,Bass,0,0,25.74556943294879,25.74556943294879,31.01191219653692,27.28202710948945,41.22565686153442,41.22565686153442,75.20380831480585,41.22739482239566,15.480087428585627,15.480087428585627,44.191896118268936,13.945367712906208
359,2,Drums,0,0,-3.681374575194187,-3.681374575194187,7.069335722070726,-2.521094955027947,17.96028928426414,17.96028928426414,42.909372315618874,17.974428711823332,21.641663859458326,21.641663859458326,35.84003659354815,20.49552366685128
360,0,Vocal,0,0,20.628588633563698,20.628588633563698,62.09750525412602,20.62889320007728,25.070316799479432,25.070316799479432,63.10097601164515,25.071002256579614,4.441728165915734,4.441728165915734,1.003470757519132,4.442109056502336
360,1,Bass,0,0,10.353504764931946,10.353504764931946,27.767867236185644,10.440249173726171,29.35726448031057,29.35726448031057,66.04437707895733,29.358196765453435,19.00375971537862,19.00375971537862,38.27650984277168,18.917947591727263
360,2,Drums,0,0,23.718262115906516,23.718262115906516,32.04587725623372,24.41134384804859,26.900645812680718,26.900645812680718,91.53023488134366,26.90064728497196,3.1823836967742025,3.1823836967742025,59.484357625109936,2.4893034369233717
361,0,Vocal,0,0,16.131734346873976,16.131734346873976,52.856678518443545,16.132676086262048,22.22142100310264,22.22142100310264,56.9831546300665,22.222880611115134,6.089686656228665,6.089686656228665,4.1264761116229565,6.090204524853085
361,1,Bass,0,0,11.868494303866196,11.8684943038662,26.475037317485274,12.031284781463935,28.105477704704956,28.105477704704956,62.08177298675154,28.107219104053932,16.23698340083876,16.236983400838756,35.606735669266264,16.075934322589998
361,2,Drums,0,0,25.35813898297226,25.358138982972264,38.23353696866564,25.588770013214663,26.59453620780445,26.59453620780445,68.80097309822601,26.594798070043105,1.2363972248321886,1.236397224832185,30.56743612956037,1.0060280568284412
362,0,Vocal,0,0,20.16570552429675,20.16570552429675,32.009729002884036,20.4621747412155,23.742843850585686,23.742843850585686,57.10905409269174,23.744852992939794,3.577138326288935,3.577138326288935,25.099325089807706,3.2826782517242954
362,1,Bass,0,0,23.74138350085786,23.741383500857857,53.13281352223774,23.746397100765193,40.61642442905077,40.61642442905077,74.82415543208589,40.618072546223246,16.875040928192906,16.87504092819291,21.69134190984815,16.871675445458052
362,2,Drums,0,0,17.84370512052154,17.84370512052154,36.612677388270754,17.90269485003677,17.96284527125969,17.96284527125969,79.33763773989479,17.962848455122284,0.11914015073815065,0.11914015073815065,42.724960351624034,0.06015360508551382
363,0,Vocal,0,0,14.793366790176139,14.793366790176139,51.73338907200563,14.794270176169274,28.847519277034927,28.847519277034927,55.74893113021821,28.856403195423933,14.054152486858788,14.054152486858788,4.015542058212581,14.06213301925466
363,1,Bass,0,0,13.2554060408929,13.2554060408929,26.2854731518513,13.487334152711632,32.16892456233285,32.16892456233285,57.35751065762937,32.18210237585377,18.913518521439947,18.913518521439947,31.07203750577807,18.69476822314214
363,2,Drums,0,0,30.30409496049942,30.30409496049942,50.295230312251896,30.347866376104843,27.16559646258394,27.16559646258394,68.06285383796013,27.16595036782921,-3.138498497915478,-3.138498497915478,17.767623525708238,-3.181916008275632
364,0,Vocal,0,0,14.606268223438946,14.606268223438946,37.299263281393074,14.630497100997603,27.778884600760627,27.778884600760627,56.30196511603555,27.78500048480248,13.172616377321681,13.172616377321681,19.002701834642473,13.154503383804878
364,1,Bass,0,0,10.35681753351028,10.35681753351028,35.151905757262206,10.372563878704426,26.104429390933383,26.104429390933383,68.66531159206045,26.104670772469028,15.747611857423102,15.747611857423102,33.51340583479824,15.732106893764602
364,2,Drums,0,0,34.18786305683528,34.18786305683528,54.19686037694505,34.23142756398394,29.624363170051808,29.624363170051808,73.55349553672394,29.624539087537297,-4.563499886783475,-4.563499886783475,19.356635159778897,-4.606888476446645
365,0,Vocal,0,0,14.159802217403683,14.159802217403683,33.05598469110027,14.218301627574048,21.912960533494864,21.912960533494864,65.45258092754065,21.913153487345333,7.753158316091181,7.753158316091181,32.39659623644038,7.694851859771285
365,1,Bass,0,0,18.98470743500498,18.98470743500498,34.871343687772224,19.09956179123145,35.63617231228024,35.63617231228024,74.20945663377391,35.63677542547751,16.651464877275256,16.651464877275256,39.33811294600169,16.537213634246058
365,2,Drums,0,0,25.291337467986747,25.291337467986747,47.36280415498303,25.31844673039835,22.726426300241855,22.726426300241855,69.05829239162536,22.726527876391494,-2.564911167744892,-2.564911167744892,21.695488236642326,-2.591918854006856
366,0,Vocal,0,0,23.850812748242568,23.85081274824257,37.49469210009404,24.043414328145218,25.146136982898785,25.14613698289878,73.49255434797486,25.146200526701765,1.295324234656217,1.29532423465621,35.99786224788082,1.1027861985565472
366,1,Bass,0,0,22.24624387926772,22.246243879267716,41.98561195099508,22.292870518062298,36.716305493374776,36.716305493374776,68.74571614217938,36.719028152376296,14.470061614107056,14.47006161410706,26.760104191184297,14.426157634313999
366,2,Drums,1,-261,-7.53479027325926,-7.53479027325926,0.4490141547516261,-3.9907459939808114,-9.29170230421246,-9.291702304212462,11.088846821130346,-8.92625375778753,-1.7569120309532007,-1.7569120309532025,10.63983266637872,-4.935507763806719
367,0,Vocal,0,0,21.030472341090668,21.030472341090668,51.94277810082599,21.034012134003174,26.362559160415465,26.36255916041547,53.78408725773096,26.370447954901522,5.332086819324797,5.3320868193248,1.8413091569049698,5.336435820898348
367,1,Bass,0,0,14.849910748243985,14.849910748243985,26.801740107164548,15.145280974024004,33.04994410272085,33.04994410272085,86.81671948879873,33.0499621972787,18.200033354476865,18.200033354476865,60.01497938163418,17.9046812232547
367,2,Drums,0,0,27.757579355507,27.757579355507,40.394542888584795,28.001303192657492,32.27535118702404,32.27535118702404,66.93233411015716,32.276838493884995,4.517771831517042,4.517771831517042,26.537791221572363,4.275535301227503
368,0,Vocal,0,0,7.519397538942595,7.519397538942595,23.33295836989244,7.654905042024368,27.715423022263938,27.715423022263938,72.63297798432966,27.715563016923,20.196025483321343,20.196025483321343,49.30001961443722,20.060657974898632
368,1,Bass,0,0,4.827067979419021,4.827067979419021,17.91630621705474,5.115326242781087,30.700763870960003,30.700763870960003,102.52155823875754,30.700764143993545,25.873695891540983,25.873695891540983,84.6052520217028,25.585437901212458
368,2,Drums,0,0,30.051069817218522,30.051069817218522,50.89555883116918,30.087002419051135,33.99686537159559,33.99686537159559,57.188933379326826,34.017748318562845,3.9457955543770673,3.9457955543770673,6.293374548157644,3.9307458995117095
369,0,Vocal,0,0,9.966408167467412,9.966408167467412,30.09736846130174,10.012997733246076,36.244459206832715,36.24445920683272,65.49827973189883,36.249619933511795,26.2780510393653,26.27805103936531,35.40091127059709,26.23662220026572
369,1,Bass,0,0,-0.8878103663891436,-0.8878103663891436,14.283631059730311,-0.5947241100975623,28.949466548230966,28.949466548230966,47.84270883369341,29.005937622101957,29.83727691462011,29.83727691462011,33.5590777739631,29.60066173219952
369,2,Drums,0,0,28.595503019792083,28.595503019792083,35.26220848673202,29.650540283241845,36.99710801432666,36.99710801432666,72.09932805230088,36.99844983035233,8.40160499453458,8.40160499453458,36.837119565568855,7.347909547110483
370,0,Vocal,0,0,4.5409191251166225,4.5409191251166225,22.592720670768006,4.633312863218536,24.08762614352789,24.08762614352789,56.55762116626519,24.090095505706124,19.546707018411265,19.546707018411265,33.96490049549719,19.45678264248759
370,1,Bass,0,0,0.1864585316344523,0.18645853163445325,14.08959927522421,0.5330991694760077,27.35705519736374,27.35705519736374,47.23316317780491,27.40205500840535,27.170596665729285,27.170596665729285,33.1435639025807,26.86895583892934
370,2,Drums,0,0,31.33413021098201,31.33413021098201,46.68180934766632,31.462877828101377,37.51083950024007,37.51083950024007,63.14500150802952,37.52272553429877,6.176709289258056,6.176709289258056,16.463192160363207,6.059847706197395
371,0,Vocal,0,0,4.069924447113972,4.069924447113971,20.611560039108802,4.2048687037933945,25.793505486281944,25.793505486281944,98.93046357569423,25.793505487102838,21.72358103916797,21.723581039167975,78.31890353658542,21.588636783309443
371,1,Bass,0,0,3.9517636455495246,3.9517636455495246,15.34310737403177,4.40412187780542,28.52301583568621,28.52301583568621,56.430439603359346,28.530062808206004,24.571252190136683,24.571252190136683,41.08733222932757,24.125940930400585
371,2,Drums,0,0,32.2062917203804,32.2062917203804,53.35296393688948,32.23978398891902,35.24220561389047,35.24220561389047,59.10741738013998,35.26008216630319,3.0359138935100702,3.0359138935100702,5.7544534432504975,3.02029817738417
372,0,Vocal,0,0,3.842814773867123,3.8428147738671243,23.742703253396176,3.90579193740132,19.454225833080155,19.454225833080155,63.08447447697976,19.454416187664037,15.611411059213033,15.611411059213031,39.34177122358358,15.548624250262717
372,1,Bass,0,0,2.6085304656444523,2.6085304656444523,16.323481120863647,2.8972912724749857,31.458990606196725,31.458990606196725,50.45716665220357,31.51407444880906,28.850460140552272,28.850460140552272,34.13368553133992,28.616783176334074
372,2,Drums,0,0,31.236040549124134,31.23604054912414,49.189209058910066,31.30622996573728,37.60726906808368,37.607269068083674,65.72591967802866,37.61397291596454,6.371228518959548,6.3712285189595335,16.536710619118594,6.307742950227258
373,0,Vocal,0,0,9.836402408562659,9.836402408562659,28.479294917218013,9.902331201159988,34.07067413159222,34.07067413159222,65.82947595816789,34.07357231857821,24.23427172302956,24.23427172302956,37.35018104094988,24.17124111741822
373,1,Bass,0,0,2.135931395160951,2.135931395160951,16.00352683765885,2.42559647364985,31.01232007169149,31.01232007169149,49.209173710617584,31.07865617941982,28.87638867653054,28.87638867653054,33.20564687295874,28.65305970576997
373,2,Drums,0,0,26.165471504649858,26.165471504649858,34.82734773312596,26.802190906683236,33.50078273275526,33.50078273275526,59.98873325757813,33.51054763448383,7.335311228105404,7.335311228105404,25.16138552445217,6.708356727800592
374,0,Vocal,0,0,6.853864155570792,6.853864155570792,24.46195571870514,6.945373406686343,27.48420288154085,27.48420288154085,60.49426468923823,27.48637875667866,20.630338725970056,20.630338725970056,36.03230897053309,20.541005349992318
374,1,Bass,0,0,3.2624314574087347,3.262431457408734,16.99822445436524,3.5360067846359438,32.29451422024235,32.29451422024235,54.10899514356616,32.323223676652916,29.032082762833614,29.032082762833614,37.11077068920092,28.78721689201697
374,2,Drums,0,0,29.315631154517042,29.315631154517042,42.7415298485117,29.517813917340252,36.57609460419777,36.57609460419777,60.119645393054185,36.5953470103149,7.260463449680728,7.260463449680728,17.37811554454248,7.077533092974651
375,0,Vocal,0,0,8.542287869137503,8.542287869137503,26.900643993698836,8.614990924304154,20.931332995439497,20.931332995439497,66.57647714365906,20.931452295826407,12.389045126301994,12.389045126301994,39.675833149960226,12.316461371522253
375,1,Bass,0,0,4.08244663798799,4.08244663798799,17.21275925207702,4.3807213777330976,33.18516563638846,33.18516563638846,51.66470245576424,33.24727222307105,29.102718998400473,29.102718998400473,34.45194320368722,28.866550845337954
375,2,Drums,0,0,26.156537986388187,26.156537986388187,39.226806422296924,26.37668517924224,34.03416313261466,34.03416313261466,58.680245810546865,34.04909421282869,7.877625146226471,7.877625146226471,19.45343938824994,7.672409033586451
376,0,Vocal,0,0,5.7484904462527755,5.7484904462527755,49.7921001551105,5.748706934212803,28.23879295130952,28.23879295130952,52.361665516718645,28.255657739849326,22.490302505056746,22.490302505056746,2.5695653616081486,22.50695080563652
376,1,Bass,0,0,13.941701855675483,13.941701855675483,30.36353335492176,14.045831749729027,35.04148363694973,35.04148363694973,76.38539204066622,35.04180237596564,21.099781781274245,21.099781781274245,46.02185868574446,20.995970626236613
376,2,Drums,0,0,16.780552064426658,16.780552064426658,23.914825629732448,17.73184425201507,27.849570045782666,27.849570045782663,61.130457171935,27.85161414941677,11.069017981356009,11.069017981356005,37.21563154220255,10.1197698974017
377,0,Vocal,0,0,5.066686582686145,5.066686582686146,20.322173133404647,5.238284263938336,25.200282239854936,25.200282239854936,49.79006254245956,25.215448107807397,20.13359565716879,20.13359565716879,29.467889409054912,19.97716384386906
377,1,Bass,0,0,16.36759607691562,16.36759607691562,31.333700495374067,16.51145483327446,33.521155630741475,33.521155630741475,68.6501866270843,33.52248955578751,17.153559553825854,17.153559553825854,37.31648613171023,17.01103472251305
377,2,Drums,0,0,14.36209749875669,14.36209749875669,16.410421292071494,18.70807242940874,27.283203544923282,27.283203544923282,57.516110657045225,27.287329341824588,12.921106046166592,12.921106046166592,41.10568936497373,8.579256912415847
378,0,Vocal,0,0,22.784508184674653,22.784508184674653,52.67031296426595,22.78899058955009,24.887170054291765,24.887170054291765,64.89005928633537,24.887605460865476,2.102661869617112,2.102661869617112,12.219746322069419,2.0986148713153874
378,1,Bass,11666,0,-5.924841901445307,-5.924841901445307,49.66137914347585,-5.924785268533833,19.421281117284256,19.421281117284256,48.78569472954662,19.426368657853658,25.346123018729564,25.346123018729564,-0.8756844139292284,25.35115392638749
378,2,Drums,0,0,21.13074443031185,21.130744430311847,25.944959261363394,22.881346846087858,27.254017853432973,27.254017853432977,66.63711761134601,27.25451937850807,6.123273423121123,6.12327342312113,40.69215834998262,4.373172532420213
379,0,Vocal,0,0,11.920403818547022,11.920403818547022,31.959620035517382,11.96642219544324,31.15044746939556,31.15044746939556,56.65165017030955,31.162710624585387,19.230043650848536,19.230043650848536,24.69203013479217,19.196288429142147
379,1,Bass,-1,0,10.479209740208473,10.479209740208473,25.48396584809439,10.630876497357907,31.482746459756452,31.482746459756452,72.5478981472967,31.48308648121806,21.00353671954798,21.00353671954798,47.06393229920232,20.852209983860153
379,2,Drums,0,0,17.87158138949058,17.87158138949058,21.568599820980396,20.319226760398294,27.96521527688882,27.96521527688882,74.35387241602723,27.965315158901877,10.09363388739824,10.09363388739824,52.785272595046834,7.646088398503583
380,0,Vocal,0,0,11.434807773064684,11.434807773064682,26.71873020731053,11.574631438349321,29.810085360175588,29.810085360175588,57.69419043206385,29.81716767254063,18.375277587110904,18.375277587110908,30.97546022475332,18.24253623419131
380,1,Bass,0,0,15.141217128790519,15.141217128790515,28.85880415497446,15.33540773854918,34.04034260490728,34.04034260490728,64.59127161427413,34.04417126193434,18.89912547611676,18.899125476116765,35.73246745929967,18.70876352338516
380,2,Drums,0,0,16.248113715168913,16.248113715168916,21.757394162085543,17.711134286730164,26.6935416554527,26.6935416554527,57.25650137050125,26.69736642279364,10.445427940283789,10.445427940283786,35.49910720841571,8.986232136063474
381,0,Vocal,0,0,11.690829556234515,11.690829556234512,28.17302200595593,11.796178442688527,26.730652992123748,26.730652992123748,57.31552555823686,26.73445838690627,15.039823435889232,15.039823435889236,29.142503552280928,14.938279944217742
381,1,Bass,0,0,13.301365243947807,13.301365243947807,24.665771763774874,13.645560740242574,31.282669146481293,31.282669146481293,68.30704064858081,31.28353151446131,17.981303902533487,17.981303902533487,43.64126888480594,17.637970774218736
381,2,Drums,0,0,16.277605032599393,16.277605032599393,20.685855468725066,18.268973777860047,26.559632976100993,26.559632976100993,65.81115438846902,26.560150103862398,10.2820279435016,10.2820279435016,45.125298919743955,8.29117632600235
382,0,Vocal,0,0,10.559348376354983,10.559348376354983,36.72307401544441,10.570789663058058,23.22394860019834,23.22394860019834,55.799058643916155,23.22636098555247,12.664600223843358,12.664600223843358,19.075984628471744,12.655571322494414
382,1,Bass,0,0,9.895748176827746,9.895748176827746,24.01267675135584,10.084603710548949,29.892948734925792,29.892948734925792,86.23845133152975,29.89295877769687,19.997200558098044,19.997200558098044,62.225774580173905,19.80835506714792
382,2,Drums,0,0,17.608183643534066,17.60818364353407,21.45976136507107,19.944945858326495,28.702534035309828,28.702534035309824,79.11699698371106,28.702573530137997,11.094350391775762,11.094350391775755,57.65723561863999,8.757627671811502
383,0,Vocal,0,0,4.526113814783767,4.526113814783767,21.77138053379803,4.637578321254511,25.99968032423054,25.99968032423054,50.36153219575202,26.01565672530047,21.473566509446773,21.473566509446773,28.59015166195399,21.378078404045958
383,1,Bass,0,0,14.318158934261048,14.318158934261048,29.491214665388167,14.45705637553683,31.933082810872126,31.933082810872126,82.90589152257917,31.933117517785192,17.61492387661108,17.61492387661108,53.414676857191,17.476061142248362
383,2,Drums,0,0,15.165135818903558,15.165135818903558,20.442050077878747,16.732741795818523,26.696650303030086,26.696650303030086,62.933086957745054,26.697685710838485,11.531514484126529,11.531514484126529,42.49103687986631,9.964943915019962
384,0,Vocal,0,0,0.4851961876758166,0.4851961876758149,23.757611180582895,0.5239306412042724,19.28341149722604,19.283411497226044,51.64670738796352,19.285962145825618,18.798215309550223,18.79821530955023,27.88909620738062,18.762031504621344
384,1,Bass,0,0,-0.8673065561180475,-0.8673065561180475,14.776807679534443,-0.6050327703997207,26.625815749015274,26.625815749015274,50.13853059962593,26.64524350298411,27.493122305133323,27.493122305133323,35.36172292009149,27.25027627338383
384,2,Drums,0,0,30.93473919126055,30.93473919126055,41.632005923127366,31.3216176249282,37.224657089617295,37.224657089617295,77.20772552663118,37.225093110696356,6.2899178983567445,6.2899178983567445,35.57571960350381,5.903475485768155
385,0,Vocal,0,0,-0.1552979285568988,-0.1552979285568988,16.49922530281795,0.03572920224379599,19.293539150658574,19.293539150658574,57.82427357983957,19.294155405768034,19.448837079215473,19.448837079215473,41.32504827702162,19.258426203524238
385,1,Bass,-1,0,-4.696325887350955,-4.696325887350955,7.249020619430602,-3.6599191922306877,28.678304598944568,28.678304598944568,83.29802054831306,28.678319552940255,33.37463048629552,33.37463048629552,76.04899992888247,32.33823874517094
385,2,Drums,0,0,26.73902833324061,26.73902833324061,39.144419471499624,26.996614874959597,33.80997901275718,33.80997901275718,70.87619109411045,33.81083280671592,7.070950679516571,7.070950679516571,31.73177162261083,6.814217931756325
386,0,Vocal,0,0,5.446931306032706,5.446931306032706,33.341457295101975,5.45600067773063,20.765273383302713,20.765273383302713,86.40747086842352,20.765274515446702,15.318342077270007,15.318342077270007,53.06601357332154,15.309273837716072
386,1,Bass,0,0,0.24555602851575992,0.24555602851575992,14.94484298723797,0.5322005339796265,25.625561670843634,25.625561670843634,51.95967750298799,25.635702274353513,25.380005642327873,25.380005642327873,37.01483451575002,25.103501740373886
386,2,Drums,0,0,26.27938829461991,26.27938829461991,36.982204860031516,26.66632393085979,35.15746601984109,35.15746601984109,83.83489393044685,35.15752486264446,8.878077725221178,8.878077725221178,46.85268907041534,8.491200931784668
387,0,Vocal,0,0,-5.272759605535267,-5.272759605535264,13.754389651911598,-5.038877038831897,17.02798487674175,17.02798487674175,55.627595194502945,17.028596137876256,22.300744482277018,22.300744482277015,41.87320554259135,22.067473176708155
387,1,Bass,0,0,-3.1160720198763063,-3.1160720198763063,11.184584265426071,-2.6330305607770566,27.702855767348563,27.702855767348563,58.428896473971356,27.706537855009262,30.81892778722487,30.81892778722487,47.24431220854528,30.339568415786317
387,2,Drums,0,0,31.486833836395675,31.486833836395675,42.5309926329342,31.842726893762926,36.38701488560561,36.38701488560561,88.9324123226534,36.3870389770291,4.900181049209934,4.900181049209934,46.401419689719205,4.544312083266174
388,0,Vocal,0,0,3.6887961465849726,3.688796146584974,20.387867698230004,3.822212118828583,17.13879200300663,17.13879200300663,58.978672618554356,17.139081795939507,13.449995856421655,13.449995856421655,38.59080492032435,13.316869677110924
388,1,Bass,0,0,-2.3264301391928845,-2.3264301391928854,10.446405202699161,-1.715612725609088,26.961270937172802,26.961270937172802,59.060205781074835,26.96395561890487,29.287701076365686,29.28770107636569,48.613800578375674,28.679568344513957
388,2,Drums,0,0,23.23704801998131,23.2370480199813,32.79140277609004,23.749366279417423,32.81613474792804,32.81613474792804,63.69695450354879,32.819683699399064,9.57908672794673,9.579086727946738,30.90555172745875,9.070317419981642
389,0,Vocal,0,0,4.3260963907796075,4.3260963907796075,27.899504036723393,4.352250722395236,23.63560090890155,23.635600908901555,55.26239242416595,23.63860081165839,19.309504518121944,19.309504518121948,27.36288838744256,19.286350089263152
389,1,Bass,0,0,-5.651861796343289,-5.651861796343289,8.977919624457371,-4.9822253697661445,22.10169825444038,22.10169825444038,49.74204591666705,22.109228145143316,27.75356005078367,27.75356005078367,40.76412629220968,27.09145351490946
389,2,Drums,0,0,33.336823095225355,33.336823095225355,45.998513536236715,33.5788330015971,37.890092807085416,37.890092807085416,63.90489200667489,37.90097993587011,4.553269711860061,4.553269711860061,17.906378470438177,4.3221469342730146
390,0,Vocal,0,0,5.687501874366566,5.687501874366565,27.30678832399416,5.7255846833649695,27.53461663566209,27.53461663566209,60.6234107989047,27.5367532858902,21.847114761295522,21.847114761295526,33.316622474910545,21.81116860252523
390,1,Bass,0,0,-6.759728251320885,-6.759728251320885,7.22783374834547,-5.829761167529388,23.01083125646487,23.01083125646487,60.79166970629367,23.011558844400852,29.770559507785755,29.770559507785755,53.5638359579482,28.84132001193024
390,2,Drums,0,0,32.342730491259715,32.342730491259715,46.72750858279279,32.50400747518222,37.15650809078893,37.15650809078893,63.14215987626416,37.16746899591958,4.813777599529217,4.813777599529217,16.414651293471373,4.663461520737357
391,0,Vocal,0,0,10.767825577337387,10.767825577337389,28.598296809727152,10.845985590897282,21.287158204925397,21.287158204925397,59.86711618835042,21.287764948902662,10.51933262758801,10.519332627588009,31.26881937862327,10.44177935800538
391,1,Bass,0,0,-0.46537523014839255,-0.46537523014839255,11.706343513859203,0.09006647813825455,23.03311595273991,23.03311595273991,61.715997204369756,23.033707053518544,23.4984911828883,23.4984911828883,50.009653690510554,22.94364057538029
391,2,Drums,0,0,20.9522433172377,20.9522433172377,29.62939876726718,21.58985887205034,34.05920969559757,34.05920969559757,58.998797915535505,34.07316321975549,13.106966378359875,13.106966378359875,29.369399148268325,12.483304347705154
392,0,Vocal,0,0,14.131422518908334,14.131422518908334,33.14987179997737,14.18831059994794,29.95630439146887,29.95630439146887,57.65689995568003,29.96369215244048,15.824881872560535,15.824881872560535,24.507028155702663,15.77538155249254
392,1,Bass,0,0,3.726000770020911,3.7260007700209123,17.18436799478993,4.008682805831554,29.201102135628698,29.201102135628695,55.19643110085024,29.212049684712696,25.475101365607788,25.47510136560778,38.01206310606031,25.20336687888114
392,2,Drums,0,0,33.18455709428261,33.18455709428261,45.02959860211937,33.478369689062866,34.80403618828869,34.80403618828869,64.57880407014335,34.808614166301886,1.6194790940060813,1.6194790940060813,19.549205468023978,1.3302444772390203
393,0,Vocal,0,0,18.83098024809999,18.83098024809999,46.43160643486584,18.838630966703427,30.511320662136377,30.511320662136377,59.54649063304139,30.516752128175515,11.680340414036387,11.680340414036387,13.114884198175545,11.678121161472088
393,1,Bass,0,0,3.5723098452376236,3.5723098452376236,17.67940254475855,3.817836780540958,26.25902332557239,26.25902332557239,88.32455707550193,26.25902600666338,22.686713480334767,22.686713480334767,70.64515453074338,22.44118922612242
393,2,Drums,0,0,23.60067398543555,23.60067398543555,27.86521837069038,25.64605529610827,31.370159273991835,31.370159273991835,67.72761744624107,31.371164803992837,7.769485288556286,7.769485288556286,39.86239907555069,5.725109507884568
394,0,Vocal,0,0,17.61323705889756,17.61323705889756,44.91091170513161,17.62147529302362,28.897132176002586,28.897132176002586,58.95068993933268,28.90142945107012,11.283895117105025,11.283895117105025,14.039778234201073,11.279954158046497
394,1,Bass,0,0,2.2896756650300927,2.2896756650300936,19.810374492696592,2.4123587186037163,26.48116362400062,26.48116362400062,62.49048042358108,26.482254735192452,24.191487958970527,24.191487958970527,42.680105930884494,24.069896016588736
394,2,Drums,0,0,29.36308390743249,29.36308390743249,41.60798135058371,29.630422006423697,34.734374170153444,34.734374170153444,58.548495660858755,34.752463412443994,5.3712902627209544,5.3712902627209544,16.94051431027505,5.122041406020298
395,0,Vocal,0,0,13.410022212404801,13.410022212404801,36.69465941275111,13.431384616123829,27.43539640662977,27.43539640662977,56.86976889025172,27.4403550847274,14.02537419422497,14.02537419422497,20.175109477500612,14.008970468603572
395,1,Bass,0,0,5.98154416665953,5.98154416665953,21.766847095340896,6.1265196528365395,32.12320069859763,32.12320069859763,68.26364070325467,32.12425761629477,26.141656531938096,26.141656531938096,46.49679360791377,25.99773796345823
395,2,Drums,0,0,25.766686159201775,25.766686159201775,33.64684129665034,26.540909531148735,33.74467811773472,33.74467811773472,67.26973155989828,33.74660807673626,7.977991958532947,7.977991958532947,33.62289026324794,7.2056985455875235
396,0,Vocal,0,0,11.90009234255216,11.90009234255216,35.76675577345156,11.919107763030867,25.13900106634471,25.13900106634471,54.077106591292406,25.144567368506134,13.238908723792552,13.238908723792552,18.31035081784085,13.225459605475267
396,1,Bass,0,0,3.125200619399907,3.125200619399907,17.929616038278226,3.3406908505445814,26.40172003726476,26.40172003726476,56.12001780785676,26.40636707665871,23.276519417864854,23.276519417864854,38.190401769578536,23.065676226114128
396,2,Drums,0,0,29.767346219855483,29.767346219855483,37.255775872502134,30.6210385719282,34.44486028810407,34.44486028810407,71.97019284186617,34.44562838307908,4.677514068248584,4.677514068248584,34.71441696936403,3.824589811150883
397,0,Vocal,0,0,18.47744421439957,18.47744421439957,41.485835545306685,18.499529980322183,18.588978491875103,18.588978491875103,58.13712439843027,18.58946708826825,0.1115342774755348,0.1115342774755348,16.65128885312358,0.08993710794606713
397,1,Bass,0,0,7.686960031693473,7.686960031693473,22.527842955511453,7.85600838867661,34.00001264808034,34.00001264808035,67.79439562889769,34.00182643121708,26.31305261638687,26.313052616386877,45.26655267338624,26.145818042540473
397,2,Drums,0,0,26.46984473926603,26.46984473926603,37.36092950370952,26.839612901155174,33.8600099581553,33.8600099581553,70.23089476426881,33.861012045287104,7.390165218889273,7.390165218889273,32.86996526055929,7.02139914413193
398,0,Vocal,0,0,18.22894714328221,18.22894714328221,41.13645020138253,18.251572740332588,32.98487709493585,32.98487709493585,60.97261402771628,32.99178845606544,14.755929951653638,14.755929951653638,19.836163826333753,14.740215715732855
398,1,Bass,0,0,8.827342321842501,8.827342321842501,22.5989082367343,9.037316180481598,31.83379015510258,31.83379015510258,64.05888290596661,31.83639442297749,23.00644783326008,23.00644783326008,41.45997466923231,22.799078242495895
398,2,Drums,0,0,23.693255961267823,23.693255961267823,30.618813720181052,24.68230415289301,30.855409278631377,30.855409278631377,68.88010105746041,30.85609427485163,7.162153317363554,7.162153317363554,38.261287337279356,6.173790121958618
399,0,Vocal,0,0,-4.742799870165211,-4.742799870165211,19.24149515349739,-4.67400615112984,11.84525523899679,11.845255238996788,32.620504938566086,11.884111523143098,16.588055109162,16.588055109162,13.379009785068696,16.558117674272935
399,1,Bass,0,0,5.112552345292698,5.112552345292698,19.066620079245308,5.344409681071815,30.015992328660165,30.015992328660165,76.74795236791252,30.01608452189871,24.903439983367466,24.903439983367466,57.68133228866721,24.671674840826896
399,2,Drums,0,0,41.484218060527226,41.484218060527226,61.19237825628032,41.53087444188998,33.454853863142525,33.454853863142525,82.35477863986492,33.4549097985494,-8.029364197384702,-8.029364197384702,21.162400383584597,-8.075964643340576
