idx,ch,stem,SIRB_in,LTR_in,U_in,U0_in,U_legacy_in,EXP_in,EXP0_in,EXP_legacy_in,RBR_in,RBRpct_in,SIRB_out,LTR_out,U_out,U0_out,U_legacy_out,EXP_out,EXP0_out,EXP_legacy_out,RBR_out,RBRpct_out,BR
0,0,Vocal,15.40846061706543,-15.40845012664795,0.01893727108836174,0.01893727108836174,0.018357492983341217,98.10626983642578,98.10626983642578,98.16424560546875,0.027978848665952682,2.797884941101074,27.076778411865234,-27.07672882080078,0.017766959965229034,0.0177669245749712,0.018064700067043304,98.22330474853516,98.22330474853516,98.19353485107422,0.001956478226929903,0.19564782083034515,12.534384727478027
0,1,Bass,17.542253494262695,-17.5422306060791,0.11572378128767014,0.11572357267141342,0.09533397108316422,88.42761993408203,88.42764282226562,90.46659851074219,0.017305904999375343,1.7305904626846313,6.111059665679932,-6.111058712005615,0.9203536510467529,0.8657366037368774,0.8625455498695374,7.964634895324707,13.426340103149414,13.745445251464844,0.19668816030025482,19.66881561279297,42.35771560668945
0,2,Drums,30.38214111328125,-30.38196563720703,0.0005490720504894853,0.0005490718758665025,0.000775906431954354,99.9450912475586,99.9450912475586,99.92240905761719,0.0009149511461146176,0.09149511158466339,17.918088912963867,-17.918094635009766,0.24542567133903503,0.24542547762393951,0.24887274205684662,75.45742797851562,75.45745086669922,75.11272430419922,0.01589398831129074,1.5893988609313965,1.1425352096557617
1,0,Vocal,13.787598609924316,-13.787601470947266,0.00834906566888094,0.008349057286977768,0.009176293388009071,99.16509246826172,99.16509246826172,99.08236694335938,0.04012849181890488,4.0128493309021,16.887723922729492,-16.887720108032227,0.683797299861908,0.6827964782714844,0.6895266771316528,31.620269775390625,31.720352172851562,31.047332763671875,0.02006438747048378,2.006438732147217,49.05267333984375
1,1,Bass,23.651260375976562,-23.65129280090332,0.041065286844968796,0.04106521233916283,0.04403257742524147,95.89347076416016,95.89347839355469,95.59674072265625,0.004295379389077425,0.42953795194625854,30.403717041015625,-30.403629302978516,0.03564618155360222,0.03564601391553879,0.03920070827007294,96.43537902832031,96.43539428710938,96.07992553710938,0.0009104199125431478,0.09104198962450027,6.776429176330566
1,2,Drums,19.36960220336914,-19.369611740112305,0.00030699692433699965,0.000306996691506356,0.0,99.96929931640625,99.96929931640625,100.0,0.011430018581449986,1.143001914024353,22.404985427856445,-22.405006408691406,0.15245495736598969,0.15245473384857178,0.15325801074504852,84.75450134277344,84.75452423095703,84.6741943359375,0.005714945029467344,0.5714945197105408,6.505711555480957
2,0,Vocal,23.819313049316406,-23.819255828857422,0.006959633436053991,0.006959631107747555,0.007630669511854649,99.30403900146484,99.30403900146484,99.2369384765625,0.004133034497499466,0.4133034348487854,13.51119613647461,-13.511198997497559,0.711837112903595,0.711643636226654,0.7149674892425537,28.816287994384766,28.835636138916016,28.503250122070312,0.04265299439430237,4.265299320220947,41.58307647705078
2,1,Bass,27.99541664123535,-27.995269775390625,0.026601046323776245,0.026601046323776245,0.029324756935238838,97.33988952636719,97.33988952636719,97.06752014160156,0.0015840521082282066,0.15840521454811096,6.840875625610352,-6.840875625610352,0.8265101909637451,0.7762510180473328,0.7963272929191589,17.348979949951172,22.37489891052246,20.367271423339844,0.1714806854724884,17.148069381713867,29.1439266204834
2,2,Drums,28.291349411010742,-28.291301727294922,0.002835423918440938,0.0028354236856102943,0.009404907934367657,99.7164535522461,99.7164535522461,99.05950927734375,0.0014798534102737904,0.1479853391647339,15.05929946899414,-15.059300422668457,0.3398478627204895,0.33983153104782104,0.35455241799354553,66.01521301269531,66.016845703125,64.54476165771484,0.03025028668344021,3.025028705596924,-0.15865668654441833
3,0,Vocal,23.9071044921875,-23.907058715820312,0.012432693503797054,0.012432693503797054,0.01294680219143629,98.75672912597656,98.75672912597656,98.705322265625,0.004050680436193943,0.405068039894104,31.9815673828125,-31.981403350830078,0.0008118110126815736,0.0008118099649436772,0.0013337384443730116,99.91881561279297,99.91881561279297,99.86663055419922,0.0006333026103675365,0.0633302628993988,8.21567153930664
3,1,Bass,11.305437088012695,-11.305435180664062,0.09235173463821411,0.09235111624002457,0.08245567977428436,90.76482391357422,90.76488494873047,91.75443267822266,0.06893453001976013,6.893453121185303,4.414939880371094,-4.414939880371094,0.852029025554657,0.7825967669487,0.7778884768486023,14.797097206115723,21.740324020385742,22.211153030395508,0.26569464802742004,26.56946563720703,40.94660949707031
3,2,Drums,28.416275024414062,-28.416236877441406,0.0016226853476837277,0.0016226846491917968,0.0021353766787797213,99.83773040771484,99.83773040771484,99.78646087646484,0.0014379489002749324,0.14379489421844482,17.009078979492188,-17.009078979492188,0.3653176724910736,0.36531105637550354,0.3651071786880493,63.468231201171875,63.46889877319336,63.489280700683594,0.019522253423929214,1.9522253274917603,2.4903223514556885
4,0,Vocal,14.500333786010742,-14.500349998474121,0.012607475742697716,0.012607474811375141,0.01408373098820448,98.7392578125,98.7392578125,98.59162902832031,0.03426297754049301,3.426297664642334,28.81707763671875,-28.817041397094727,0.014745037071406841,0.014745031483471394,0.016006821766495705,98.52549743652344,98.52549743652344,98.3993148803711,0.00131137203425169,0.1311372071504593,14.809388160705566
4,1,Bass,20.6476993560791,-20.647686004638672,0.04038598760962486,0.040385935455560684,0.04502248018980026,95.9614028930664,95.9614028930664,95.49774932861328,0.00854093860834837,0.8540938496589661,7.072976112365723,-7.072977066040039,0.9230933785438538,0.8413181304931641,0.8457298278808594,7.690662384033203,15.868186950683594,15.427017211914062,0.16402050852775574,16.402050018310547,37.143455505371094
4,2,Drums,26.556533813476562,-26.55651092529297,0.0011213463731110096,0.0011213425314053893,0.001658980967476964,99.88786315917969,99.88786315917969,99.83409881591797,0.0022049255203455687,0.22049255669116974,9.822361946105957,-9.822361946105957,0.6795650720596313,0.6795574426651001,0.6810489296913147,32.04349136352539,32.044254302978516,31.89510726928711,0.09434652328491211,9.434652328491211,13.08381175994873
5,0,Vocal,18.169479370117188,-18.169471740722656,0.007768948096781969,0.007768937386572361,0.008286220952868462,99.22310638427734,99.22310638427734,99.17137908935547,0.01501353271305561,1.5013532638549805,28.179798126220703,-28.179779052734375,0.0016369319055229425,0.0016369285294786096,0.0020851092413067818,99.83631134033203,99.83631134033203,99.79148864746094,0.0015183629002422094,0.15183629095554352,10.098405838012695
5,1,Bass,16.444988250732422,-16.444990158081055,0.05101758614182472,0.0510166734457016,0.04402351751923561,94.89823913574219,94.89833068847656,95.59764862060547,0.022169969975948334,2.216996908187866,11.011241912841797,-11.011242866516113,0.8732343912124634,0.8400195837020874,0.8402120471000671,12.67656135559082,15.998041152954102,15.978795051574707,0.07341130822896957,7.34113073348999,45.23495864868164
5,2,Drums,24.14353370666504,-24.143503189086914,0.00020531940390355885,0.00020531934569589794,0.0,99.9794692993164,99.9794692993164,100.0,0.0038369265384972095,0.3836926519870758,15.568653106689453,-15.568649291992188,0.3963010609149933,0.3962914049625397,0.41281887888908386,60.369895935058594,60.3708610534668,58.718109130859375,0.026992985978722572,2.699298620223999,-0.23741264641284943
6,0,Vocal,32.63869857788086,-32.63884735107422,0.026302242651581764,0.02630222775042057,0.027606017887592316,97.36978149414062,97.36978149414062,97.23939514160156,0.0005443788249976933,0.05443788319826126,31.57794189453125,-31.57761001586914,0.028181282803416252,0.028181282803416252,0.02991979382932186,97.18187713623047,97.18187713623047,97.00801849365234,0.0006948423688299954,0.06948423385620117,0.36173543334007263
6,1,Bass,36.90732192993164,-36.906124114990234,0.031603407114744186,0.03160334378480911,0.03177524730563164,96.83966064453125,96.83966827392578,96.82247924804688,0.0002038259553955868,0.02038259617984295,1.3619017601013184,-1.361901879310608,0.8462931513786316,0.8090763092041016,0.8135546445846558,15.370684623718262,19.092369079589844,18.644535064697266,0.42223885655403137,42.22388458251953,17.077394485473633
6,2,Drums,36.5677490234375,-36.5678825378418,0.003244074061512947,0.003244074061512947,0.006485266145318747,99.67559051513672,99.67559051513672,99.35147094726562,0.0002203321928391233,0.022033220157027245,20.302753448486328,-20.30276107788086,0.14228084683418274,0.14227335155010223,0.1504325568675995,85.77191925048828,85.77266693115234,84.95674133300781,0.009240428917109966,0.9240428805351257,-12.212471961975098
7,0,Vocal,11.561554908752441,-11.561555862426758,0.01946139708161354,0.019461382180452347,0.020433833822607994,98.05386352539062,98.05386352539062,97.95661926269531,0.06524430960416794,6.524430751800537,-0.3905276954174042,0.3905275762081146,0.954494059085846,0.9544907808303833,0.9589179754257202,4.550594329833984,4.55092191696167,4.1082024574279785,0.5224654078483582,52.24654006958008,28.958927154541016
7,1,Bass,23.40564727783203,-23.405643463134766,0.0406758189201355,0.04067578911781311,0.04311855882406235,95.93241882324219,95.93242645263672,95.68814849853516,0.004544205032289028,0.4544205069541931,12.351503372192383,-12.351503372192383,0.7029989361763,0.6795454025268555,0.6879268288612366,29.700105667114258,32.04545974731445,31.207317352294922,0.054990291595458984,5.499029159545898,37.69192886352539
7,2,Drums,23.43781280517578,-23.43780517578125,0.0018084854818880558,0.0018084847833961248,0.002511820523068309,99.81915283203125,99.81915283203125,99.74881744384766,0.004510863218456507,0.4510863125324249,16.92997169494629,-16.92996597290039,0.3768860697746277,0.3768860399723053,0.3682750463485718,62.31139373779297,62.311397552490234,63.1724967956543,0.019874010235071182,1.987401008605957,3.600916862487793
8,0,Vocal,36.936641693115234,-36.93655014038086,0.006114451680332422,0.006114443298429251,0.007815094664692879,99.38855743408203,99.38855743408203,99.21849060058594,0.00020245419000275433,0.020245419815182686,35.26838684082031,-35.26813507080078,0.006527463439851999,0.006527436897158623,0.009432417340576649,99.34725189208984,99.34725952148438,99.05675506591797,0.0002972109359689057,0.0297210942953825,-1.4896177053451538
8,1,Bass,26.506813049316406,-26.5067081451416,0.012438664212822914,0.012438561767339706,0.010909619741141796,98.75613403320312,98.75614929199219,98.9090347290039,0.002230218378826976,0.22302183508872986,26.003509521484375,-26.00350570678711,0.018064916133880615,0.018062936142086983,0.01598135009407997,98.19351196289062,98.1937026977539,98.40186309814453,0.0025035652797669172,0.250356525182724,0.0489683598279953
8,2,Drums,28.575824737548828,-28.57569122314453,0.005999431479722261,0.005999431479722261,0.007247107103466988,99.40005493164062,99.40005493164062,99.2752914428711,0.0013861814513802528,0.13861814141273499,22.95174789428711,-22.95175552368164,0.06353794038295746,0.06353717297315598,0.06565093994140625,93.64620208740234,93.64627838134766,93.43490600585938,0.005042339209467173,0.5042338967323303,-3.8070592880249023
9,0,Vocal,32.40348434448242,-32.403160095214844,0.003346029669046402,0.003346025012433529,0.00567866675555706,99.66539764404297,99.66539764404297,99.43213653564453,0.0005746507085859776,0.057465068995952606,33.28265380859375,-33.282066345214844,0.0026716566644608974,0.002671655733138323,0.004940656945109367,99.73283386230469,99.73283386230469,99.50593566894531,0.0004694084345828742,0.046940844506025314,0.9433419108390808
9,1,Bass,19.771806716918945,-19.77180290222168,0.020724264904856682,0.020724212750792503,0.02010256052017212,97.92757415771484,97.92757415771484,97.98974609375,0.01042958628386259,1.0429586172103882,5.0768232345581055,-5.0768232345581055,0.9308187365531921,0.8929450511932373,0.8878547549247742,6.918126106262207,10.70549488067627,11.214524269104004,0.23703905940055847,23.70390510559082,41.311309814453125
9,2,Drums,29.433286666870117,-29.433380126953125,0.005763663910329342,0.005763663910329342,0.004556993022561073,99.42363739013672,99.42363739013672,99.54429626464844,0.0011380690848454833,0.11380691081285477,23.906652450561523,-23.906635284423828,0.04341726005077362,0.04341638833284378,0.05754769966006279,95.65827178955078,95.65836334228516,94.24523162841797,0.004051086958497763,0.4051086902618408,-4.165423393249512
10,0,Vocal,28.469602584838867,-28.469654083251953,0.006905226968228817,0.006905226036906242,0.0075909290462732315,99.30947875976562,99.30947875976562,99.24090576171875,0.0014204515609890223,0.14204515516757965,28.61980628967285,-28.620203018188477,0.006981192156672478,0.006981163285672665,0.007699111942201853,99.3018798828125,99.30188751220703,99.23008728027344,0.0013721637660637498,0.13721637427806854,0.24147765338420868
10,1,Bass,21.182334899902344,-21.182292938232422,0.03283246234059334,0.032832201570272446,0.025303786620497704,96.71675872802734,96.71678161621094,97.46961975097656,0.007559142075479031,0.7559142112731934,2.7739315032958984,-2.7739315032958984,0.8158422112464905,0.8152316808700562,0.8239745497703552,18.41577911376953,18.476831436157227,17.6025447845459,0.34553563594818115,34.55356216430664,38.21319580078125
10,2,Drums,37.19215774536133,-37.1921501159668,0.005626913625746965,0.0056269061751663685,0.006506835576146841,99.43730926513672,99.43730926513672,99.34931182861328,0.0001908659323817119,0.019086593762040138,32.70099639892578,-32.701053619384766,0.013518844731152058,0.013518710620701313,0.014499102719128132,98.64810943603516,98.64813232421875,98.55008697509766,0.0005366108962334692,0.05366108939051628,-4.011752605438232
11,0,Vocal,30.942298889160156,-30.941852569580078,0.002868416951969266,0.0028684139251708984,0.0009312405018135905,99.7131576538086,99.7131576538086,99.90687561035156,0.0008043009438551962,0.08043009787797928,27.32302474975586,-27.323261260986328,0.0213591568171978,0.02135913074016571,0.017788968980312347,97.86408233642578,97.86408233642578,98.22110748291016,0.001848736428655684,0.18487364053726196,-2.869574785232544
11,1,Bass,17.86391830444336,-17.863916397094727,0.01575956866145134,0.01575954258441925,0.018219852820038795,98.42404174804688,98.4240493774414,98.17801666259766,0.016090258955955505,1.6090259552001953,4.912598133087158,-4.91259765625,0.8352475762367249,0.8182753324508667,0.8133141994476318,16.475242614746094,18.172466278076172,18.6685791015625,0.24394570291042328,24.394569396972656,48.13324737548828
11,2,Drums,19.551319122314453,-19.55131721496582,0.00374678079970181,0.003746776608750224,0.004143575206398964,99.62532043457031,99.62532806396484,99.58563995361328,0.010966802015900612,1.0966801643371582,25.051040649414062,-25.050973892211914,0.05497892573475838,0.054977934807538986,0.052754491567611694,94.50210571289062,94.50220489501953,94.72454833984375,0.003115604165941477,0.31156042218208313,6.539515972137451
12,0,Vocal,28.9724063873291,-28.972442626953125,0.003986196126788855,0.003986195661127567,0.0054922704584896564,99.60137939453125,99.60137939453125,99.45077514648438,0.0012653270969167352,0.12653270363807678,30.786333084106445,-30.78622055053711,0.0037911932449787855,0.003791174152866006,0.005254476796835661,99.62088012695312,99.62088775634766,99.47455596923828,0.0008337181061506271,0.08337181061506271,1.9025537967681885
12,1,Bass,23.291942596435547,-23.291959762573242,0.01138252206146717,0.01138242892920971,0.014704645611345768,98.86174774169922,98.86176300048828,98.52953338623047,0.004664148669689894,0.4664148688316345,23.297801971435547,-23.297752380371094,0.0141747510060668,0.014172211289405823,0.019273463636636734,98.58252716064453,98.58277893066406,98.0726547241211,0.004657919518649578,0.4657919406890869,0.47053229808807373
12,2,Drums,29.499134063720703,-29.49908447265625,0.007262359373271465,0.007262350060045719,0.009471061639487743,99.27376556396484,99.27376556396484,99.05289459228516,0.0011209971271455288,0.11209971457719803,20.630552291870117,-20.63053321838379,0.15865804255008698,0.15865731239318848,0.15064555406570435,84.13420104980469,84.13426971435547,84.9354476928711,0.008574447594583035,0.8574447631835938,-1.1043078899383545
13,0,Vocal,31.933162689208984,-31.933204650878906,0.0030253534205257893,0.0030253534205257893,0.0042733242735266685,99.69746398925781,99.69746398925781,99.57266998291016,0.0006403750157915056,0.0640375018119812,32.72422409057617,-32.72389221191406,0.002800448564812541,0.0028004469349980354,0.004144745413213968,99.71995544433594,99.71995544433594,99.58552551269531,0.0005337681504897773,0.05337681621313095,0.8590599894523621
13,1,Bass,18.668006896972656,-18.668001174926758,0.012713625095784664,0.012713620439171791,0.014318197034299374,98.7286376953125,98.7286376953125,98.56818389892578,0.013407162390649319,1.3407162427902222,17.712949752807617,-17.712926864624023,0.21691106259822845,0.21649283170700073,0.23335666954517365,78.30889129638672,78.35071563720703,76.66433715820312,0.016649948433041573,1.6649948358535767,6.488543510437012
13,2,Drums,27.01504135131836,-27.01500701904297,0.009598213247954845,0.009598197415471077,0.014012344181537628,99.0401840209961,99.0401840209961,98.59877014160156,0.001984447706490755,0.19844476878643036,21.251296997070312,-21.25128936767578,0.1400783509016037,0.1400783509016037,0.14484068751335144,85.9921646118164,85.9921646118164,85.51593017578125,0.007440958172082901,0.7440958023071289,-1.4643553495407104
14,0,Vocal,21.42848014831543,-21.42847442626953,0.03577616065740585,0.035776037722826004,0.03882807493209839,96.4223861694336,96.42240142822266,96.11719512939453,0.007145609240978956,0.7145609259605408,23.504846572875977,-23.504858016967773,0.023576298728585243,0.023576289415359497,0.027593957260251045,97.64236450195312,97.64237213134766,97.2406005859375,0.004442065954208374,0.4442065954208374,2.2540969848632812
14,1,Bass,17.85829734802246,-17.858299255371094,0.02679397165775299,0.02679396979510784,0.03176841139793396,97.32060241699219,97.32060241699219,96.82315826416016,0.016110843047499657,1.6110843420028687,26.23291778564453,-26.23296356201172,0.014294194988906384,0.014293737709522247,0.017949216067790985,98.5705795288086,98.57062530517578,98.205078125,0.0023750385735183954,0.23750385642051697,8.876269340515137
14,2,Drums,28.603778839111328,-28.603744506835938,0.0015152114210650325,0.0015152113046497107,0.0009742595138959587,99.84848022460938,99.84848022460938,99.90257263183594,0.0013772784732282162,0.13772784173488617,27.457061767578125,-27.45709228515625,0.012883037328720093,0.012883019633591175,0.012455877847969532,98.7116928100586,98.71170043945312,98.75440979003906,0.0017927003791555762,0.17927004396915436,-0.4831812381744385
15,0,Vocal,29.098129272460938,-29.097902297973633,0.0037535661831498146,0.003753559896722436,0.004236136097460985,99.62464904785156,99.62464904785156,99.57638549804688,0.0012293268227949739,0.12293267995119095,29.329557418823242,-29.329601287841797,0.003745886031538248,0.0037458857987076044,0.00429641455411911,99.62541198730469,99.62541198730469,99.57035827636719,0.001165576046332717,0.11655760556459427,0.3108768165111542
15,1,Bass,18.49449348449707,-18.494489669799805,0.010039243847131729,0.010039242915809155,0.012334181927144527,98.9960708618164,98.9960708618164,98.76658630371094,0.013946089893579483,1.394608974456787,23.768104553222656,-23.76813507080078,0.027943791821599007,0.027943436056375504,0.030076511204242706,97.20561981201172,97.20565795898438,96.99234771728516,0.004181836266070604,0.4181836247444153,6.57928466796875
15,2,Drums,27.426071166992188,-27.42608642578125,0.013254689052700996,0.013254649937152863,0.011229157447814941,98.67453002929688,98.6745376586914,98.87708282470703,0.0018055362161248922,0.1805536150932312,27.601627349853516,-27.601638793945312,0.019499868154525757,0.019499298185110092,0.017205219715833664,98.05001068115234,98.0500717163086,98.27947998046875,0.0017341142520308495,0.17341142892837524,0.5740730166435242
16,0,Vocal,27.039554595947266,-27.039573669433594,0.04918884485960007,0.04918883740901947,0.05119746923446655,95.08111572265625,95.08111572265625,94.88025665283203,0.0019732823129743338,0.19732822477817535,18.18808937072754,-18.18808937072754,0.16298145055770874,0.16297964751720428,0.15266570448875427,83.70185852050781,83.70203399658203,84.73342895507812,0.014950287528336048,1.4950287342071533,-4.724647521972656
16,1,Bass,14.09517765045166,-14.095176696777344,0.1796456277370453,0.1796448677778244,0.17928871512413025,82.03543090820312,82.03551483154297,82.07112884521484,0.0374876968562603,3.748769760131836,14.381905555725098,-14.381903648376465,0.17463542520999908,0.1746160238981247,0.1728736162185669,82.53646087646484,82.53839874267578,82.71263885498047,0.03517686575651169,3.517686605453491,0.105044424533844
16,2,Drums,34.359683990478516,-34.35970687866211,0.0018541254103183746,0.001854125177487731,0.0019287283066660166,99.81459045410156,99.81459045410156,99.80712890625,0.0003663221432361752,0.03663221374154091,30.908288955688477,-30.90833282470703,0.013140395283699036,0.013140364550054073,0.011630438268184662,98.68595886230469,98.68595886230469,98.83695983886719,0.0008106115274131298,0.08106115460395813,-2.5542187690734863
17,0,Vocal,26.0869140625,-26.086824417114258,0.014207110740244389,0.014207109808921814,0.01428552158176899,98.57928466796875,98.57928466796875,98.57144927978516,0.0024560976307839155,0.24560976028442383,26.382953643798828,-26.382944107055664,0.015346637926995754,0.015346593223512173,0.015506956726312637,98.46533203125,98.46533966064453,98.44930267333984,0.002294655190780759,0.229465514421463,0.37855106592178345
17,1,Bass,12.96646499633789,-12.966463088989258,0.19511882960796356,0.19511879980564117,0.19703969359397888,80.48811340332031,80.48812103271484,80.29602813720703,0.04807889088988304,4.807888984680176,13.088254928588867,-13.08824634552002,0.20027697086334229,0.2002769559621811,0.20024017989635468,79.97230529785156,79.97230529785156,79.97598266601562,0.046811629086732864,4.6811628341674805,0.21183818578720093
17,2,Drums,28.404035568237305,-28.403980255126953,0.007572952192276716,0.007572952192276716,0.008301674388349056,99.24270629882812,99.24270629882812,99.16983032226562,0.001442022155970335,0.14420221745967865,28.61508560180664,-28.615062713623047,0.028717949986457825,0.02871786430478096,0.03080722689628601,97.12820434570312,97.12821197509766,96.91927337646484,0.0013737272238358855,0.1373727172613144,1.7692326307296753
18,0,Vocal,12.604843139648438,-12.604841232299805,0.17493398487567902,0.17493394017219543,0.17546586692333221,82.50659942626953,82.50660705566406,82.45341491699219,0.052036430686712265,5.203642845153809,27.002382278442383,-27.002243041992188,0.01975761540234089,0.019757358357310295,0.024365419521927834,98.02423858642578,98.0242691040039,97.56346130371094,0.0019902365747839212,0.19902366399765015,14.52371597290039
18,1,Bass,16.03937530517578,-16.039377212524414,0.22258369624614716,0.2225830852985382,0.21302150189876556,77.74163055419922,77.74169158935547,78.69784545898438,0.024287624284625053,2.428762435913086,12.81949520111084,-12.81949520111084,0.204250305891037,0.20423945784568787,0.18345382809638977,79.57496643066406,79.5760498046875,81.65461730957031,0.049651604145765305,4.965160369873047,-3.213439464569092
18,2,Drums,31.306970596313477,-31.307504653930664,0.0006763609126210213,0.0006763609126210213,0.003602476790547371,99.93236541748047,99.93236541748047,99.6397476196289,0.0007395317079499364,0.07395317405462265,30.086833953857422,-30.086868286132812,0.006542231421917677,0.00654222909361124,0.005257480777800083,99.34577941894531,99.34577941894531,99.47425079345703,0.0009792349301278591,0.09792349487543106,-0.506926417350769
19,0,Vocal,8.042818069458008,-8.042818069458008,0.055182985961437225,0.05518297851085663,0.057505421340465546,94.48169708251953,94.48169708251953,94.24945831298828,0.1356467604637146,13.564676284790039,20.067480087280273,-20.06746482849121,0.05492982268333435,0.05492667108774185,0.05639297515153885,94.50701141357422,94.50733184814453,94.36070251464844,0.00974985584616661,0.9749855995178223,12.14191722869873
19,1,Bass,11.909040451049805,-11.909040451049805,0.1656167209148407,0.16561609506607056,0.1700034737586975,83.43832397460938,83.43839263916016,82.99964904785156,0.06053106114268303,6.053106307983398,12.102936744689941,-12.102943420410156,0.16445289552211761,0.16443955898284912,0.16690142452716827,83.5547103881836,83.55604553222656,83.30986022949219,0.05804143100976944,5.804142951965332,0.03189900517463684
19,2,Drums,32.6501350402832,-32.64997100830078,0.0006339139072224498,0.0006339139072224498,0.00044952548341825604,99.93660736083984,99.93660736083984,99.95504760742188,0.000542959722224623,0.05429597198963165,31.617637634277344,-31.61725616455078,0.005806636530905962,0.0058066025376319885,0.004817350767552853,99.4193344116211,99.4193344116211,99.51826477050781,0.0006885815528221428,0.06885815411806107,-0.2311251014471054
20,0,Vocal,26.969017028808594,-26.969036102294922,0.03938823565840721,0.03938821330666542,0.03972650319337845,96.06117248535156,96.06117248535156,96.02735137939453,0.002005533082410693,0.2005533128976822,27.079431533813477,-27.07944679260254,0.03712976351380348,0.03712841495871544,0.03735054284334183,96.28702545166016,96.28716278076172,96.26494598388672,0.0019552982412278652,0.19552981853485107,0.1653420627117157
20,1,Bass,11.359312057495117,-11.359306335449219,0.27344638109207153,0.2734455466270447,0.2709585428237915,72.65536499023438,72.65544891357422,72.90414428710938,0.06814257055521011,6.8142571449279785,22.51411247253418,-22.514135360717773,0.032118842005729675,0.03211866319179535,0.03703829273581505,96.78811645507812,96.78813171386719,96.29617309570312,0.005573904607445002,0.5573904514312744,11.520620346069336
20,2,Drums,35.7168083190918,-35.71826171875,0.0021925056353211403,0.0021925035398453474,0.00024431871133856475,99.78074645996094,99.78074645996094,99.97557067871094,0.0002679989265743643,0.026799893006682396,29.089492797851562,-29.089588165283203,0.02072058618068695,0.02072049491107464,0.01831824518740177,97.92794036865234,97.92794799804688,98.16817474365234,0.0012317253276705742,0.12317253649234772,-5.486131191253662
21,0,Vocal,37.24127197265625,-37.24186706542969,0.06517963111400604,0.06517963111400604,0.06643541902303696,93.4820327758789,93.4820327758789,93.35646057128906,0.0001886775717139244,0.01886775717139244,30.814390182495117,-30.81405258178711,0.050510160624980927,0.05051004886627197,0.052739180624485016,94.94898223876953,94.9489974975586,94.72608184814453,0.0008283500210382044,0.08283500373363495,-5.852749824523926
21,1,Bass,14.830392837524414,-14.830392837524414,0.1393028050661087,0.1393027901649475,0.13817119598388672,86.06971740722656,86.06971740722656,86.18287658691406,0.03183533996343613,3.1835339069366455,14.463252067565918,-14.463247299194336,0.15377280116081238,0.1537594199180603,0.14687545597553253,84.62271881103516,84.62406158447266,85.31245422363281,0.034546706825494766,3.4546706676483154,-0.09922593832015991
21,2,Drums,37.27985763549805,-37.280059814453125,0.0019411443499848247,0.0019411417888477445,0.00452772993594408,99.8058853149414,99.8058853149414,99.54722595214844,0.00018706732953432947,0.018706733360886574,15.484006881713867,-15.484006881713867,0.07168067246675491,0.07167917490005493,0.11103401333093643,92.8319320678711,92.83208465576172,88.89659881591797,0.027509650215506554,2.750965118408203,-19.06770133972168
22,0,Vocal,4.081974983215332,-4.081976890563965,0.16477639973163605,0.1647758036851883,0.14834080636501312,83.5223617553711,83.52242279052734,85.1659164428711,0.28091859817504883,28.091859817504883,5.647341728210449,-5.647340297698975,0.4321879744529724,0.4270184338092804,0.4813986122608185,56.78120422363281,57.298160552978516,51.86014175415039,0.21410641074180603,21.410640716552734,30.422513961791992
22,1,Bass,15.580831527709961,-15.580826759338379,0.15039777755737305,0.15039777755737305,0.15479612350463867,84.96022033691406,84.96022033691406,84.5203857421875,0.026919430121779442,2.6919429302215576,15.41414737701416,-15.414144515991211,0.1516433209180832,0.15164050459861755,0.1551617532968521,84.83566284179688,84.83594512939453,84.48382568359375,0.027943266555666924,2.7943265438079834,0.043399978429079056
22,2,Drums,29.077728271484375,-29.077665328979492,0.00012830850027967244,0.00012830850027967244,0.0042328299023211,99.98716735839844,99.98716735839844,99.57672119140625,0.0012351033510640264,0.12351033836603165,28.490089416503906,-28.49004554748535,0.005719065200537443,0.005719063337892294,0.014315391890704632,99.42809295654297,99.42809295654297,98.56846618652344,0.001413805759511888,0.14138057827949524,0.04204922914505005
23,0,Vocal,34.67403793334961,-34.674156188964844,0.030060844495892525,0.030060842633247375,0.030610255897045135,96.9939193725586,96.9939193725586,96.93897247314453,0.00034075291478075087,0.0340752899646759,35.83529281616211,-35.83460235595703,0.020899154245853424,0.020898669958114624,0.021419735625386238,97.91007995605469,97.9101333618164,97.85802459716797,0.00026083062402904034,0.02608306333422661,1.2410082817077637
23,1,Bass,13.312776565551758,-13.312776565551758,0.17549848556518555,0.17549848556518555,0.18284311890602112,82.45014953613281,82.45014953613281,81.71569061279297,0.044558096677064896,4.455809593200684,28.2679386138916,-28.267946243286133,0.051042262464761734,0.051042091101408005,0.051806412637233734,94.8957748413086,94.89579010009766,94.8193588256836,0.0014878484653308988,0.1487848460674286,14.890264511108398
23,2,Drums,33.83869934082031,-33.83855056762695,0.005027567036449909,0.005027563311159611,0.0063011120073497295,99.49723815917969,99.49723815917969,99.36988830566406,0.00041300439625047147,0.04130043834447861,25.204904556274414,-25.20488739013672,0.0768352597951889,0.0768347978591919,0.08177319914102554,92.31647491455078,92.31652069091797,91.82267761230469,0.0030074866954237223,0.30074867606163025,-5.726738452911377
24,0,Vocal,23.146236419677734,-23.14622688293457,0.014645148068666458,0.01464514434337616,0.013813532888889313,98.53548431396484,98.53548431396484,98.61864471435547,0.004822535905987024,0.4822535812854767,24.231372833251953,-24.231359481811523,0.011582939885556698,0.01158293429762125,0.01096192467957735,98.84170532226562,98.84170532226562,98.90380859375,0.003760361112654209,0.3760361075401306,1.138247013092041
24,1,Bass,21.997316360473633,-21.997299194335938,0.039965443313121796,0.039965443313121796,0.03360925614833832,96.00345611572266,96.00345611572266,96.63907623291016,0.0062738219276070595,0.627382218837738,28.925344467163086,-28.925384521484375,0.04417351260781288,0.044171784073114395,0.04534068703651428,95.58264923095703,95.58281707763672,95.46593475341797,0.0012791008921340108,0.1279100924730301,6.737918376922607
24,2,Drums,32.279075622558594,-32.27892303466797,0.004199344664812088,0.004199344664812088,0.004080381244421005,99.58007049560547,99.58007049560547,99.59196472167969,0.0005913659115321934,0.05913659185171127,21.21457862854004,-21.214588165283203,0.04226777330040932,0.04226699098944664,0.0609431117773056,95.77322387695312,95.77330017089844,93.90568542480469,0.0075036161579191685,0.7503616213798523,-7.418533802032471
25,0,Vocal,26.346023559570312,-26.346071243286133,0.01122044026851654,0.01122043002396822,0.011307120323181152,98.8779525756836,98.8779525756836,98.8692855834961,0.0023141822312027216,0.23141822218894958,26.540563583374023,-26.540754318237305,0.010363657958805561,0.010363634675741196,0.010433648712933064,98.96363830566406,98.96363830566406,98.95663452148438,0.0022129425778985023,0.22129425406455994,0.2352604866027832
25,1,Bass,14.332145690917969,-14.332149505615234,0.01808862015604973,0.01808862015604973,0.02099335566163063,98.1911392211914,98.1911392211914,97.90066528320312,0.03556782379746437,3.5567824840545654,28.28977394104004,-28.28965950012207,0.013194442726671696,0.013194025494158268,0.010883195325732231,98.68055725097656,98.68059539794922,98.91168212890625,0.0014804042875766754,0.14804042875766754,14.114230155944824
25,2,Drums,34.042816162109375,-34.04302215576172,0.004219451919198036,0.00421944772824645,0.0030871029011905193,99.57805633544922,99.57805633544922,99.69129180908203,0.00039404796552844346,0.03940479829907417,26.717731475830078,-26.71769142150879,0.051879581063985825,0.05187879875302315,0.057594019919633865,94.81204223632812,94.81211853027344,94.2406005859375,0.002124740742146969,0.21247407793998718,-3.801109790802002
26,0,Vocal,10.811592102050781,-10.811592102050781,0.06108975037932396,0.061089735478162766,0.05964843928813934,93.89102172851562,93.89102172851562,94.03515625,0.07660030573606491,7.660030364990234,33.99315643310547,-33.99287796020508,0.0016999650979414582,0.0016999626532196999,0.0,99.83000183105469,99.83000183105469,100.0,0.0003986002702731639,0.03986002877354622,23.28253173828125
26,1,Bass,16.77435302734375,-16.774349212646484,0.08764537423849106,0.08764515817165375,0.0969775915145874,91.23546600341797,91.23548126220703,90.30223846435547,0.020584119483828545,2.0584118366241455,32.539451599121094,-32.539588928222656,0.0022666468285024166,0.0022666403092443943,0.00043141961214132607,99.7733383178711,99.7733383178711,99.95685577392578,0.0005569391651079059,0.055693916976451874,15.71380615234375
26,2,Drums,26.015239715576172,-26.015201568603516,0.015659432858228683,0.015659423545002937,0.014430713839828968,98.43405151367188,98.43405151367188,98.55693054199219,0.0024968336801975965,0.24968336522579193,9.660543441772461,-9.660542488098145,0.24373970925807953,0.2437320500612259,0.18507707118988037,75.62602996826172,75.62679290771484,81.49229431152344,0.0975787416100502,9.757874488830566,-8.748013496398926
27,0,Vocal,37.71940612792969,-37.72187805175781,0.007423373870551586,0.007423363160341978,0.006873965263366699,99.25765991210938,99.2576675415039,99.31260681152344,0.0001690084027359262,0.016900841146707535,9.554070472717285,-9.554069519042969,0.33903756737709045,0.3390375077724457,0.3302063047885895,66.09624481201172,66.09624481201172,66.9793701171875,0.09975896775722504,9.975896835327148,-11.391997337341309
27,1,Bass,23.02841567993164,-23.02842140197754,0.046280764043331146,0.04628074914216995,0.04784263297915459,95.3719253540039,95.3719253540039,95.21573638916016,0.004954495932906866,0.49544960260391235,19.076847076416016,-19.076885223388672,0.08969134092330933,0.08969132602214813,0.11362245678901672,91.03086853027344,91.03086853027344,88.63775634765625,0.012217264622449875,1.221726417541504,-0.6595050096511841
27,2,Drums,27.811927795410156,-27.811756134033203,0.0032201569993048906,0.0032201569993048906,0.002129737287759781,99.67798614501953,99.67798614501953,99.78702545166016,0.0016523170052096248,0.16523170471191406,22.26978302001953,-22.269792556762695,0.09252353757619858,0.09252320230007172,0.09304378181695938,90.74765014648438,90.7476806640625,90.69561767578125,0.005894608795642853,0.5894608497619629,-0.38868170976638794
28,0,Vocal,14.163037300109863,-14.163040161132812,0.008095115423202515,0.008095110766589642,0.009632040746510029,99.19048309326172,99.19049072265625,99.03679656982422,0.03692791238427162,3.692791223526001,22.55884552001953,-22.558801651000977,0.10842246562242508,0.10842059552669525,0.11094675958156586,89.15775299072266,89.1579360961914,88.90531921386719,0.005517143756151199,0.5517143607139587,11.0831298828125
28,1,Bass,16.25495147705078,-16.254953384399414,0.08911986649036407,0.0891197994351387,0.09938030689954758,91.0880126953125,91.08802032470703,90.06196594238281,0.02313859388232231,2.313859462738037,27.135234832763672,-27.135297775268555,0.0024582375772297382,0.0024582042824476957,0.002076118951663375,99.75418090820312,99.75418090820312,99.79238891601562,0.0019303766312077641,0.19303765892982483,10.844470977783203
28,2,Drums,16.860015869140625,-16.860004425048828,0.0016556420596316457,0.0016556420596316457,0.0011448623845353723,99.83443450927734,99.83443450927734,99.88551330566406,0.020190183073282242,2.0190184116363525,25.30188751220703,-25.301904678344727,0.14755186438560486,0.14754965901374817,0.1497652530670166,85.24481201171875,85.24504089355469,85.02347564697266,0.002941257320344448,0.2941257357597351,13.85375690460205
29,0,Vocal,23.621044158935547,-23.621013641357422,0.01704534702003002,0.017045341432094574,0.017300670966506004,98.29547119140625,98.29547119140625,98.26993560791016,0.004325294867157936,0.432529479265213,19.087326049804688,-19.087331771850586,0.03515677526593208,0.035156771540641785,0.03923526033759117,96.48432159423828,96.48432159423828,96.07647705078125,0.012188226915895939,1.218822717666626,-3.9892539978027344
29,1,Bass,16.292417526245117,-16.292417526245117,0.07677417993545532,0.07677404582500458,0.0687742754817009,92.32257843017578,92.32259368896484,93.12257385253906,0.022944439202547073,2.2944438457489014,32.415218353271484,-32.41542053222656,0.02653501182794571,0.026532845571637154,0.026035025715827942,97.34649658203125,97.34671783447266,97.39649963378906,0.0005731098353862762,0.057310983538627625,16.67054557800293
29,2,Drums,25.38467025756836,-25.38466453552246,0.005444993730634451,0.005444993264973164,0.00602309126406908,99.45549774169922,99.45549774169922,99.39768981933594,0.0028858790174126625,0.28858789801597595,13.437348365783691,-13.437349319458008,0.36862775683403015,0.36859962344169617,0.3639596104621887,63.13722229003906,63.14003372192383,63.60403823852539,0.04335278272628784,4.335278511047363,-3.1440207958221436
30,0,Vocal,1.991961121559143,-1.991960883140564,0.20496930181980133,0.20496921241283417,0.19601403176784515,79.5030746459961,79.5030746459961,80.39859771728516,0.38730236887931824,38.7302360534668,-2.522413969039917,2.522414207458496,0.4439376890659332,0.44383731484413147,0.4825572967529297,55.60623550415039,55.61627197265625,51.74427032470703,0.6412531733512878,64.12532043457031,50.54766845703125
30,1,Bass,24.24576759338379,-24.245759963989258,0.10123669356107712,0.10123655200004578,0.10151989758014679,89.87632751464844,89.8763427734375,89.84801483154297,0.003747941693291068,0.3747941553592682,42.24260330200195,-42.24302291870117,0.003747188486158848,0.0037471666000783443,0.0024502777960151434,99.62528228759766,99.62528228759766,99.75497436523438,5.968334153294563e-05,0.005968334153294563,17.991363525390625
30,2,Drums,22.55531120300293,-22.5552921295166,0.011876136064529419,0.011876135133206844,0.013203120790421963,98.81239318847656,98.81239318847656,98.6796875,0.005521593149751425,0.552159309387207,10.528592109680176,-10.528592109680176,0.09028196334838867,0.09027037024497986,0.0,90.9718017578125,90.97296142578125,100.0,0.08133853226900101,8.1338529586792,-6.818909168243408
31,0,Vocal,19.335643768310547,-19.335630416870117,0.05785487964749336,0.05785487964749336,0.056559327989816666,94.21450805664062,94.21450805664062,94.34407043457031,0.011518748477101326,1.1518748998641968,17.254241943359375,-17.25424575805664,0.049971360713243484,0.049971360713243484,0.04829014092683792,95.00286865234375,95.00286865234375,95.17098999023438,0.018470561131834984,1.8470561504364014,-0.8222845196723938
31,1,Bass,16.348918914794922,-16.348920822143555,0.16781529784202576,0.1678103506565094,0.1686820685863495,83.21846771240234,83.2189712524414,83.13179016113281,0.02265460416674614,2.26546049118042,15.934160232543945,-15.934163093566895,0.2475918084383011,0.24751846492290497,0.2496587634086609,75.2408218383789,75.24815368652344,75.03412628173828,0.024868367239832878,2.4868366718292236,8.057357788085938
31,2,Drums,29.68329620361328,-29.683229446411133,0.0001832076522987336,0.00018320485833100975,0.0,99.98167419433594,99.98167419433594,100.0,0.0010745367035269737,0.10745367407798767,27.053508758544922,-27.053424835205078,0.008422482758760452,0.008421782404184341,0.012265301309525967,99.15775299072266,99.15782165527344,98.77346801757812,0.0019669614266604185,0.19669614732265472,-1.6445311307907104
32,0,Vocal,22.875635147094727,-22.875595092773438,0.16264121234416962,0.16264121234416962,0.17546387016773224,83.73587799072266,83.73587799072266,82.45361328125,0.00513103324919939,0.5131033062934875,21.62718963623047,-21.62725067138672,0.17140883207321167,0.17140299081802368,0.18680547177791595,82.85911560058594,82.85970306396484,81.31945037841797,0.006828147917985916,0.6828147768974304,10.548315048217773
32,1,Bass,13.271981239318848,-13.271982192993164,0.04142100363969803,0.04142099991440773,0.0453970804810524,95.85790252685547,95.85790252685547,95.46028900146484,0.044959697872400284,4.495969772338867,26.339750289916992,-26.339929580688477,0.07120894640684128,0.07120797783136368,0.07666768878698349,92.87910461425781,92.87919616699219,92.33323669433594,0.0023174332454800606,0.23174332082271576,16.24934196472168
32,2,Drums,33.718727111816406,-33.7184944152832,0.0002514219668228179,0.0002514219668228179,0.0005097941029816866,99.97486114501953,99.97486114501953,99.94902038574219,0.0004246103635523468,0.04246103763580322,23.738862991333008,-23.738880157470703,0.10652948170900345,0.1065237745642662,0.10409829020500183,89.34705352783203,89.34762573242188,89.59016418457031,0.004209998529404402,0.4209998548030853,-7.609500885009766
33,0,Vocal,22.032752990722656,-22.032758712768555,0.25370022654533386,0.2536996901035309,0.25668394565582275,74.62997436523438,74.63003540039062,74.33160400390625,0.006223159842193127,0.6223160028457642,3.3837437629699707,-3.38374400138855,0.9450051188468933,0.9423021674156189,0.9478620886802673,5.49948787689209,5.769783020019531,5.2137908935546875,0.3145061731338501,31.45061683654785,19.73040771484375
33,1,Bass,23.338695526123047,-23.33867645263672,0.10462410748004913,0.10462407022714615,0.10371322184801102,89.53759002685547,89.53759002685547,89.62867736816406,0.0046145073138177395,0.4614507257938385,19.815967559814453,-19.815954208374023,0.22789324820041656,0.22785869240760803,0.24087843298912048,77.21067810058594,77.2141342163086,75.91215515136719,0.010325148701667786,1.0325148105621338,0.5441797971725464
33,2,Drums,39.3197021484375,-39.320289611816406,0.0003148901159875095,0.0003148899704683572,0.0005399278597906232,99.96851348876953,99.96851348876953,99.94600677490234,0.00011691685358528048,0.011691685765981674,37.61648178100586,-37.615936279296875,0.0030234830919653177,0.003023472148925066,0.0035045507829636335,99.69764709472656,99.6976547241211,99.64954376220703,0.00017315031436737627,0.017315031960606575,-1.523898720741272
34,0,Vocal,20.490203857421875,-20.490249633789062,0.20265553891658783,0.20265553891658783,0.20570801198482513,79.73444366455078,79.73444366455078,79.42919921875,0.008853496052324772,0.8853496313095093,21.49261474609375,-21.492626190185547,0.11429180204868317,0.11427893489599228,0.11747010797262192,88.5708236694336,88.57210540771484,88.25299072265625,0.007041625212877989,0.7041625380516052,1.2609007358551025
34,1,Bass,22.299388885498047,-22.29937744140625,0.1735994517803192,0.17359939217567444,0.16964814066886902,82.64005279541016,82.64006042480469,83.03518676757812,0.005854800809174776,0.5854800939559937,17.942981719970703,-17.9429874420166,0.35205498337745667,0.35205450654029846,0.35404548048973083,64.79450225830078,64.7945556640625,64.59545135498047,0.015804557129740715,1.5804556608200073,-0.8187751770019531
34,2,Drums,40.262969970703125,-40.263065338134766,0.0003217386547476053,0.0003217386547476053,0.0,99.96782684326172,99.96782684326172,100.0,9.412428335053846e-05,0.009412428364157677,23.22861099243164,-23.228618621826172,0.11321098357439041,0.11321045458316803,0.10446913540363312,88.67890167236328,88.678955078125,89.55308532714844,0.0047323512844741344,0.4732351303100586,-13.924531936645508
35,0,Vocal,8.791177749633789,-8.791177749633789,0.7063690423965454,0.7063689827919006,0.7166560888290405,29.363096237182617,29.363101959228516,28.33439064025879,0.11668096482753754,11.668096542358398,20.812158584594727,-20.81212615966797,0.04090939089655876,0.04090670868754387,0.06114988774061203,95.9090576171875,95.9093246459961,93.885009765625,0.008226185105741024,0.8226184844970703,13.19941234588623
35,1,Bass,22.177288055419922,-22.1773624420166,0.1283193677663803,0.12831932306289673,0.13318435847759247,87.16806030273438,87.1680679321289,86.68156433105469,0.006020679138600826,0.6020678877830505,1.0095640420913696,-1.0095642805099487,0.6537236571311951,0.6533212065696716,0.6825029253959656,34.62763595581055,34.66788101196289,31.74970817565918,0.44214510917663574,44.21451187133789,22.916141510009766
35,2,Drums,40.3715934753418,-40.3707275390625,7.19460440450348e-05,7.194603676907718e-05,0.0,99.99280548095703,99.99280548095703,100.0,9.184541704598814e-05,0.00918454211205244,36.736663818359375,-36.736690521240234,0.00378065905533731,0.003780589671805501,0.00418043090030551,99.62193298339844,99.62194061279297,99.58195495605469,0.00021196651505306363,0.021196652203798294,-3.092196226119995
36,0,Vocal,22.364986419677734,-22.3649959564209,0.045148808509111404,0.04514880105853081,0.04636244475841522,95.48512268066406,95.48512268066406,95.36375427246094,0.005767513997852802,0.5767514109611511,31.031463623046875,-31.031408309936523,0.008232730440795422,0.008232698775827885,0.00934277381747961,99.17672729492188,99.17672729492188,99.06571960449219,0.0007879373733885586,0.0787937343120575,8.770414352416992
36,1,Bass,15.823980331420898,-15.823997497558594,0.23737500607967377,0.23736606538295746,0.2331913411617279,76.26249694824219,76.26338958740234,76.68086242675781,0.02549098990857601,2.5490989685058594,24.385162353515625,-24.38513946533203,0.05301385745406151,0.05301370099186897,0.051469363272190094,94.69861602783203,94.6986312866211,94.85305786132812,0.00362999620847404,0.3629996180534363,11.07808780670166
36,2,Drums,34.95497512817383,-34.95504379272461,6.417840631911531e-05,6.41783990431577e-05,0.0,99.99358367919922,99.99358367919922,100.0,0.00031945487717166543,0.03194548934698105,16.771785736083984,-16.771780014038086,0.3479635715484619,0.34795936942100525,0.3728710412979126,65.20364379882812,65.20406341552734,62.712894439697266,0.020596027374267578,2.059602737426758,-8.102383613586426
37,0,Vocal,9.489327430725098,-9.489327430725098,0.6779465079307556,0.6779458522796631,0.6814665198326111,32.20534896850586,32.205413818359375,31.853347778320312,0.10110572725534439,10.110572814941406,25.58673095703125,-25.58676528930664,0.013903498649597168,0.013903497718274593,0.027334894984960556,98.60964965820312,98.60964965820312,97.26651000976562,0.002755042165517807,0.2755042314529419,16.40508270263672
37,1,Bass,21.01844596862793,-21.018457412719727,0.15392886102199554,0.15392884612083435,0.15520398318767548,84.60710906982422,84.60710906982422,84.47959899902344,0.00784752331674099,0.7847523093223572,-5.59157657623291,5.59157657623291,0.9716690182685852,0.944175660610199,0.9517014026641846,2.8330981731414795,5.582433700561523,4.829859733581543,0.7837251424789429,78.37251281738281,35.29887390136719
37,2,Drums,40.127567291259766,-40.12841796875,8.96507190191187e-05,8.965071174316108e-05,0.0,99.99103546142578,99.99103546142578,100.0,9.706916171126068e-05,0.00970691628754139,39.66035842895508,-39.66106414794922,0.00252863229252398,0.00252861762419343,0.0012247051345184445,99.74713897705078,99.74713897705078,99.87753295898438,0.00010815251880558208,0.010815251618623734,-0.06397443264722824
38,0,Vocal,20.43826675415039,-20.438249588012695,0.21612533926963806,0.21611857414245605,0.2230142056941986,78.38746643066406,78.38814544677734,77.69857788085938,0.008959144353866577,0.8959144353866577,30.82096290588379,-30.82080841064453,0.01122778095304966,0.011227753013372421,0.01768026500940323,98.8772201538086,98.87722778320312,98.23197174072266,0.0008270725957117975,0.08270725607872009,10.595995903015137
38,1,Bass,21.119909286499023,-21.119903564453125,0.15444804728031158,0.1544462889432907,0.15487945079803467,84.5551986694336,84.55536651611328,84.51205444335938,0.0076677207835018635,0.7667720913887024,-5.107509613037109,5.107509613037109,0.9145739078521729,0.8935931921005249,0.9009277820587158,8.542609214782715,10.640680313110352,9.907221794128418,0.7642363905906677,76.42363739013672,32.22298049926758
38,2,Drums,40.5295524597168,-40.52946090698242,0.00021183412172831595,0.00021183319040574133,0.0,99.97881317138672,99.97881317138672,100.0,8.848994184518233e-05,0.00884899403899908,31.57980728149414,-31.579683303833008,0.015947986394166946,0.01594771444797516,0.020824182778596878,98.40519714355469,98.40522766113281,97.9175796508789,0.0006945803761482239,0.06945803761482239,-7.314879894256592
39,0,Vocal,20.676620483398438,-20.67661476135254,0.31343603134155273,0.31343573331832886,0.3153376281261444,68.6563949584961,68.65642547607422,68.46623229980469,0.008484702557325363,0.8484702706336975,12.526187896728516,-12.526189804077148,0.7724907994270325,0.7724171876907349,0.7806929349899292,22.750919342041016,22.758281707763672,21.930706024169922,0.052937086671590805,5.293708801269531,39.24508285522461
39,1,Bass,19.55707359313965,-19.557083129882812,0.13507145643234253,0.1350710242986679,0.14030015468597412,86.49285125732422,86.4928970336914,85.96998596191406,0.010952486656606197,1.0952486991882324,12.689409255981445,-12.689407348632812,0.2871209383010864,0.2871038615703583,0.2985418438911438,71.28790283203125,71.28961181640625,70.14581298828125,0.051084261387586594,5.108426094055176,-1.13590407371521
39,2,Drums,40.3687744140625,-40.36915588378906,8.853735198499635e-05,8.853735198499635e-05,0.0,99.99114990234375,99.99114990234375,100.0,9.184123337035999e-05,0.009184123016893864,29.77715301513672,-29.777257919311523,0.005972470156848431,0.005972419399768114,0.0,99.40275573730469,99.40275573730469,100.0,0.0010515465401113033,0.10515465587377548,-9.844198226928711
40,0,Vocal,16.357133865356445,-16.35715103149414,0.007081001065671444,0.00708099827170372,0.007689695339649916,99.29190063476562,99.29190063476562,99.23102569580078,0.02261272259056568,2.2612721920013428,33.18499755859375,-33.185890197753906,0.004198554903268814,0.004198553040623665,0.005060757976025343,99.58014678955078,99.58014678955078,99.49392700195312,0.0004799837479367852,0.047998376190662384,16.940418243408203
40,1,Bass,29.490127563476562,-29.489788055419922,0.00681817252188921,0.0068181720562279224,0.007097035180777311,99.31818389892578,99.31818389892578,99.29029846191406,0.0011233582627028227,0.11233582347631454,30.598106384277344,-30.59857940673828,0.0066018542274832726,0.0066018435172736645,0.007648127153515816,99.33981323242188,99.33981323242188,99.23519134521484,0.0008705107611604035,0.08705107867717743,1.1701821088790894
40,2,Drums,21.837135314941406,-21.837120056152344,0.0050150565803050995,0.005015056114643812,0.005020994693040848,99.49848937988281,99.49848937988281,99.4979019165039,0.006508041638880968,0.6508041620254517,33.33148193359375,-33.33110427856445,0.006927961017936468,0.0069279600866138935,0.007028571795672178,99.30720520019531,99.30720520019531,99.2971420288086,0.0004641520790755749,0.04641520977020264,12.235037803649902
41,0,Vocal,32.830318450927734,-32.83004379272461,0.002873857505619526,0.002873857505619526,0.0036614565178751945,99.71261596679688,99.71261596679688,99.63385772705078,0.0005208952934481204,0.05208953097462654,32.49273681640625,-32.49291229248047,0.0030217969324439764,0.00302179460413754,0.004482823424041271,99.69782257080078,99.69782257080078,99.55171966552734,0.0005629771039821208,0.05629771202802658,-0.30351465940475464
41,1,Bass,32.660640716552734,-32.660377502441406,0.054009824991226196,0.05400969833135605,0.05763165280222893,94.5990219116211,94.59902954101562,94.23683166503906,0.0005416308413259685,0.05416308343410492,16.513904571533203,-16.513896942138672,0.1298896223306656,0.12988640367984772,0.12862065434455872,87.01103973388672,87.01136016845703,87.137939453125,0.02182854898273945,2.1828548908233643,-12.495894432067871
41,2,Drums,33.741355895996094,-33.741485595703125,0.0028381752781569958,0.0028381752781569958,0.003426528535783291,99.71617889404297,99.71617889404297,99.6573486328125,0.0004223623836878687,0.04223623871803284,22.692296981811523,-22.692291259765625,0.012408778071403503,0.012408741749823093,0.03702729195356369,98.75911712646484,98.75912475585938,96.29727172851562,0.005351077765226364,0.5351077914237976,-9.52824592590332
42,0,Vocal,24.24237060546875,-24.242359161376953,0.0014419000362977386,0.0014418999198824167,0.0028653531335294247,99.8558120727539,99.8558120727539,99.71346282958984,0.0037508662790060043,0.37508663535118103,36.116180419921875,-36.115875244140625,0.0005073599750176072,0.0005073598586022854,0.0018019776325672865,99.94926452636719,99.94926452636719,99.8198013305664,0.0002444982819724828,0.024449829012155533,11.952803611755371
42,1,Bass,21.69570541381836,-21.695653915405273,0.00901472382247448,0.009014704264700413,0.03852051496505737,99.09852600097656,99.09852600097656,96.14794921875,0.006722067948430777,0.6722068190574646,22.252323150634766,-22.252321243286133,0.007995645515620708,0.007995527237653732,0.03818908706307411,99.20043182373047,99.20044708251953,96.18109130859375,0.0059182485565543175,0.5918248295783997,0.6591322422027588
42,2,Drums,22.0479736328125,-22.047948837280273,0.0003144433721899986,0.0003144432557746768,0.009428908117115498,99.96855926513672,99.96855926513672,99.0571060180664,0.0062015727162361145,0.6201572418212891,25.88176918029785,-25.881757736206055,0.018280480057001114,0.018280478194355965,0.02971750497817993,98.17195129394531,98.17195129394531,97.02825164794922,0.002574558835476637,0.25745588541030884,4.999935150146484
43,0,Vocal,19.36136245727539,-19.36136245727539,0.01695321686565876,0.01695321314036846,0.016061048954725266,98.30467987060547,98.30467987060547,98.39389038085938,0.011451438069343567,1.145143747329712,21.39906120300293,-21.399070739746094,0.1051570475101471,0.10515636205673218,0.11767907440662384,89.48429870605469,89.48436737060547,88.23209381103516,0.007193827070295811,0.7193827033042908,7.043088436126709
43,1,Bass,38.6104850769043,-38.61100769042969,0.009353992529213428,0.009353912435472012,0.008469329215586185,99.0645980834961,99.06460571289062,99.15306854248047,0.00013768997450824827,0.0137689970433712,38.45896911621094,-38.45674133300781,0.00855281949043274,0.008552729152143002,0.011690220795571804,99.14472198486328,99.14472961425781,98.83097839355469,0.0001425901282345876,0.014259012416005135,-0.10400590300559998
43,2,Drums,29.242822647094727,-29.242919921875,0.00794319249689579,0.007943189702928066,0.007835270836949348,99.20568084716797,99.20568084716797,99.21647644042969,0.0011890589958056808,0.11890590190887451,22.719667434692383,-22.719648361206055,0.1415129154920578,0.1415107399225235,0.13699950277805328,85.84870910644531,85.84893035888672,86.300048828125,0.005317629314959049,0.531762957572937,-1.6199232339859009
44,0,Vocal,24.13318634033203,-24.133298873901367,0.009427261538803577,0.009427260607481003,0.010453715920448303,99.0572738647461,99.0572738647461,98.95462799072266,0.0038459652569144964,0.3845965266227722,31.198009490966797,-31.19790267944336,0.003163452260196209,0.0031634271144866943,0.004364681430160999,99.68365478515625,99.68365478515625,99.56352996826172,0.0007583420374430716,0.07583420723676682,7.161897659301758
44,1,Bass,19.557098388671875,-19.557100296020508,0.012723404914140701,0.012723404914140701,0.03370065614581108,98.7276611328125,98.7276611328125,96.62993621826172,0.010952329263091087,1.0952329635620117,19.93476104736328,-19.934764862060547,0.010225276462733746,0.010225272737443447,0.03079509176313877,98.97747039794922,98.97747039794922,96.92048645019531,0.010049330070614815,1.0049329996109009,0.4557707607746124
44,2,Drums,29.045318603515625,-29.045337677001953,0.0013280273415148258,0.0013280273415148258,0.0006505216588266194,99.86719512939453,99.86719512939453,99.93494415283203,0.0012443067971616983,0.12443067878484726,35.7987174987793,-35.79819869995117,0.003980739042162895,0.003980738576501608,0.004427595995366573,99.60192108154297,99.60192108154297,99.55723571777344,0.0002630451926961541,0.026304518803954124,7.255349159240723
45,0,Vocal,29.050321578979492,-29.050079345703125,0.0035785180516541004,0.0035785173531621695,0.00433012330904603,99.64214324951172,99.64214324951172,99.5669937133789,0.0012428994523361325,0.12428994476795197,38.7791862487793,-38.77924346923828,0.002274550264701247,0.0022745486348867416,0.003020896576344967,99.77254486083984,99.77254486083984,99.69791412353516,0.00013247526658233255,0.013247526250779629,10.011255264282227
45,1,Bass,23.825542449951172,-23.82544708251953,0.014152033254504204,0.014151915907859802,0.0218080785125494,98.58479309082031,98.58480834960938,97.8191909790039,0.004127169959247112,0.41271698474884033,0.9939164519309998,-0.9939164519309998,0.6590794920921326,0.6489524841308594,0.6499190330505371,34.0920524597168,35.10475158691406,35.008094787597656,0.44303399324417114,44.30339813232422,24.513063430786133
45,2,Drums,31.57719612121582,-31.577289581298828,0.0021629524417221546,0.0021629524417221546,0.001262687030248344,99.78370666503906,99.78370666503906,99.87373352050781,0.0006949796224944293,0.0694979652762413,20.42072105407715,-20.42072105407715,0.09212931245565414,0.09212880581617355,0.08659964054822922,90.78707122802734,90.78711700439453,91.34003448486328,0.008995040319859982,0.8995040059089661,-7.175044536590576
46,0,Vocal,20.593616485595703,-20.593624114990234,0.010961311869323254,0.010961275547742844,0.01030742283910513,98.90386962890625,98.90386962890625,98.96925354003906,0.008647080510854721,0.8647080659866333,21.254663467407227,-21.254674911499023,0.010590162128210068,0.010590114630758762,0.01005522906780243,98.94098663330078,98.94098663330078,98.99447631835938,0.0074351755902171135,0.7435175776481628,0.7641444206237793
46,1,Bass,18.695432662963867,-18.695438385009766,0.009639198891818523,0.009639189578592777,0.009552068077027798,99.03607940673828,99.03607940673828,99.04479217529297,0.013323865830898285,1.3323866128921509,21.129549026489258,-21.129554748535156,0.008002863265573978,0.0080026276409626,0.007238059304654598,99.19971466064453,99.19973754882812,99.27619934082031,0.007650856859982014,0.7650856971740723,2.5111420154571533
46,2,Drums,28.198623657226562,-28.198545455932617,0.0014241916360333562,0.0014241915196180344,0.0003327822487335652,99.85758209228516,99.85758209228516,99.96672058105469,0.0015117524890229106,0.15117524564266205,16.142972946166992,-16.14296531677246,0.3700226843357086,0.36991551518440247,0.3627716898918152,62.99773406982422,63.008453369140625,63.72283172607422,0.023728670552372932,2.3728671073913574,-2.8997838497161865
47,0,Vocal,19.0064697265625,-19.0064754486084,0.016244595870375633,0.016244595870375633,0.02068684995174408,98.37554168701172,98.37554168701172,97.93131256103516,0.012414442375302315,1.2414442300796509,32.36757278442383,-32.36743927001953,0.007829527370631695,0.007829456590116024,0.008964194916188717,99.21704864501953,99.21705627441406,99.10358428955078,0.0005794262397103012,0.057942625135183334,13.450793266296387
47,1,Bass,21.944488525390625,-21.94446563720703,0.03654247894883156,0.03654247522354126,0.03361443802714348,96.34574890136719,96.34574890136719,96.63855743408203,0.006350192241370678,0.6350192427635193,25.524520874023438,-25.524566650390625,0.026951808482408524,0.026949405670166016,0.02490250952541828,97.30482482910156,97.30506134033203,97.50975036621094,0.0027947034686803818,0.2794703543186188,4.682138919830322
47,2,Drums,30.907329559326172,-30.907180786132812,0.0006496772984974086,0.0006496767164207995,0.0,99.93502807617188,99.93502807617188,100.0,0.0008107853354886174,0.08107853680849075,21.868555068969727,-21.86852264404297,0.16847948729991913,0.16844059526920319,0.1760362982749939,83.15204620361328,83.15594482421875,82.39636993408203,0.006461464799940586,0.6461464762687683,-2.7722833156585693
48,0,Vocal,13.727160453796387,-13.72715950012207,0.11626940220594406,0.11626850813627243,0.1162138432264328,88.37306213378906,88.3731460571289,88.37861633300781,0.0406680591404438,4.066805839538574,15.200632095336914,-15.200626373291016,0.1081356555223465,0.10812948644161224,0.10858727246522903,89.18643951416016,89.18704986572266,89.14127349853516,0.02931012026965618,2.931011915206909,2.9240527153015137
48,1,Bass,16.847379684448242,-16.84737777709961,0.16629619896411896,0.16629581153392792,0.171399787068367,83.3703842163086,83.37041473388672,82.86002349853516,0.02024783194065094,2.024783134460449,19.660572052001953,-19.660560607910156,0.12498097866773605,0.12496737390756607,0.12307479977607727,87.50189971923828,87.50325775146484,87.69252014160156,0.010697252117097378,1.0697251558303833,6.001943588256836
48,2,Drums,31.897708892822266,-31.89759063720703,0.0004644798464141786,0.0004644797299988568,0.001296232920140028,99.95355224609375,99.95355224609375,99.87037658691406,0.000645615509711206,0.06456155329942703,30.66316795349121,-30.66326141357422,0.006076244171708822,0.0060758390463888645,0.006486903876066208,99.39237976074219,99.39241027832031,99.35131072998047,0.0008576398831792176,0.08576399087905884,-0.6332758665084839
49,0,Vocal,20.99530029296875,-20.99529266357422,0.02124355360865593,0.02124355360865593,0.026654453948140144,97.87564086914062,97.87564086914062,97.33454895019531,0.007889151573181152,0.7889151573181152,29.30406379699707,-29.303993225097656,0.0073979259468615055,0.007397876121103764,0.012580275535583496,99.26020812988281,99.26020812988281,98.74197387695312,0.0011724472278729081,0.11724472045898438,8.36677074432373
49,1,Bass,34.81145095825195,-34.811614990234375,0.03806832432746887,0.03806832432746887,0.031759750097990036,96.19316864013672,96.19316864013672,96.82402801513672,0.0003301687247585505,0.0330168716609478,28.33855438232422,-28.33847999572754,0.039680175483226776,0.03967873379588127,0.0449528694152832,96.031982421875,96.0321273803711,95.50471496582031,0.0014638915890827775,0.1463891565799713,-5.811594009399414
49,2,Drums,30.217370986938477,-30.216997146606445,0.0026967423036694527,0.002696742070838809,0.0013317844131961465,99.7303237915039,99.7303237915039,99.8668212890625,0.0009503067121841013,0.09503067284822464,28.554372787475586,-28.55440330505371,0.009141962975263596,0.009141369722783566,0.014584091491997242,99.08580017089844,99.08586120605469,98.54159545898438,0.0013930142158642411,0.13930141925811768,-0.9539316296577454
50,0,Vocal,17.203157424926758,-17.203155517578125,0.09037580341100693,0.09037569910287857,0.09365583956241608,90.9624252319336,90.9624252319336,90.63441467285156,0.018684975802898407,1.868497610092163,30.66468048095703,-30.664546966552734,0.003846503794193268,0.0038464898243546486,0.005470960400998592,99.61534881591797,99.6153564453125,99.4529037475586,0.0008573452942073345,0.0857345312833786,13.637426376342773
50,1,Bass,9.891077995300293,-9.891079902648926,0.07566508650779724,0.07566508650779724,0.06460913270711899,92.43348693847656,92.43348693847656,93.5390853881836,0.09300320595502853,9.300320625305176,15.849770545959473,-15.849763870239258,0.04281989112496376,0.042819373309612274,0.0319623239338398,95.71800994873047,95.71806335449219,96.80376434326172,0.025343984365463257,2.5343985557556152,7.257126331329346
50,2,Drums,32.661598205566406,-32.66156768798828,0.0014166252221912146,0.0014166251057758927,0.0008315307786688209,99.85833740234375,99.85833740234375,99.9168472290039,0.0005414920742623508,0.05414920672774315,29.71233367919922,-29.712411880493164,0.00699637783691287,0.006996021140366793,0.0002761990763247013,99.30036163330078,99.30039978027344,99.97238159179688,0.001067360513843596,0.10673604905605316,-2.403942108154297
51,0,Vocal,16.980606079101562,-16.980606079101562,0.08375702798366547,0.08375656604766846,0.08307544142007828,91.62429809570312,91.62434387207031,91.69245147705078,0.019648175686597824,1.9648175239562988,7.421597957611084,-7.421596527099609,0.4843308627605438,0.48429131507873535,0.45424342155456543,51.56690979003906,51.57086944580078,54.57565689086914,0.15330830216407776,15.330830574035645,3.477080821990967
51,1,Bass,23.09033966064453,-23.090335845947266,0.1358334869146347,0.13583241403102875,0.1313653588294983,86.4166488647461,86.41675567626953,86.86346435546875,0.004884738940745592,0.48847389221191406,2.3663105964660645,-2.3663108348846436,0.9004871845245361,0.8642022609710693,0.8645719289779663,9.951281547546387,13.579773902893066,13.542806625366211,0.36705702543258667,36.70570373535156,35.75996398925781
51,2,Drums,32.06624221801758,-32.066162109375,0.0009802273707464337,0.0009802266722545028,0.0020621626172214746,99.9019775390625,99.9019775390625,99.79378509521484,0.0006210355786606669,0.06210355833172798,27.846906661987305,-27.846887588500977,0.009622739627957344,0.009622412733733654,0.009559097699820995,99.03772735595703,99.03775787353516,99.0440902709961,0.001639094902202487,0.16390949487686157,-3.653799295425415
52,0,Vocal,19.851221084594727,-19.851200103759766,0.12324542552232742,0.12324488908052444,0.12102968990802765,87.67546081542969,87.6755142211914,87.89703369140625,0.010242513380944729,1.0242513418197632,2.1116013526916504,-2.1116015911102295,0.7426005005836487,0.738169252872467,0.7556506991386414,25.73995018005371,26.183074951171875,24.4349308013916,0.3807857632637024,38.078575134277344,34.21579360961914
52,1,Bass,12.996245384216309,-12.996244430541992,0.10948080569505692,0.10948065668344498,0.11502833664417267,89.05191802978516,89.05193328857422,88.4971694946289,0.047766055911779404,4.776605606079102,5.429521560668945,-5.429520606994629,0.8676512837409973,0.839036226272583,0.8363314270973206,13.234871864318848,16.096378326416016,16.366857528686523,0.2226666659116745,22.266666412353516,42.18212127685547
52,2,Drums,35.52500534057617,-35.525386810302734,0.000610177346970886,0.0006101771723479033,0.0015136166475713253,99.93898010253906,99.93898010253906,99.84864044189453,0.0002801315567921847,0.028013154864311218,31.841503143310547,-31.841352462768555,0.007923384197056293,0.007922735996544361,0.0064737810753285885,99.2076644897461,99.20772552490234,99.35262298583984,0.0006540022441186011,0.06540022790431976,-3.012629985809326
53,0,Vocal,19.83648681640625,-19.83649444580078,0.053748372942209244,0.05374835431575775,0.05362425372004509,94.62516021728516,94.62516021728516,94.6375732421875,0.01027699001133442,1.0276989936828613,22.998849868774414,-22.998821258544922,0.014981486834585667,0.014981433749198914,0.016168078407645226,98.50184631347656,98.5018539428711,98.38319396972656,0.004988229833543301,0.49882298707962036,3.234281539916992
53,1,Bass,17.084091186523438,-17.084091186523438,0.09027238190174103,0.09027165919542313,0.09937163442373276,90.97276306152344,90.97283172607422,90.06283569335938,0.019194362685084343,1.9194362163543701,13.71345329284668,-13.71346378326416,0.07970944046974182,0.07970087975263596,0.08825452625751495,92.02906036376953,92.02991485595703,91.17454528808594,0.04079125449061394,4.07912540435791,-1.9004220962524414
53,2,Drums,34.03165817260742,-34.031455993652344,0.000978113734163344,0.0009781125700101256,0.0025072009302675724,99.90219116210938,99.90219116210938,99.74928283691406,0.00039506895700469613,0.03950689733028412,18.712932586669922,-18.712942123413086,0.14379115402698517,0.1437859982252121,0.15254183113574982,85.62088775634766,85.62139892578125,84.74581909179688,0.013271032832562923,1.3271032571792603,-8.747762680053711
54,0,Vocal,22.47241973876953,-22.472400665283203,0.0584324412047863,0.05843241512775421,0.05848369002342224,94.15675354003906,94.1567611694336,94.15162658691406,0.005627465434372425,0.562746524810791,20.94103240966797,-20.941020965576172,0.10827582329511642,0.10827560722827911,0.11086570471525192,89.17241668701172,89.17243957519531,88.9134292602539,0.007987594231963158,0.798759400844574,-0.3718661367893219
54,1,Bass,9.776016235351562,-9.77601432800293,0.031123589724302292,0.031123589724302292,0.03038955293595791,96.88764190673828,96.88764190673828,96.96104431152344,0.09526228904724121,9.526228904724121,-6.023858070373535,6.023858070373535,1.009237289428711,0.9472325444221497,0.9466328620910645,-0.9237289428710938,5.276745796203613,5.336713790893555,0.8001199960708618,80.01200103759766,49.52157211303711
54,2,Drums,44.21929931640625,-44.222015380859375,0.0009313129121437669,0.0009313122136518359,0.0008145763422362506,99.90686798095703,99.90686798095703,99.91854095458984,3.784750515478663e-05,0.0037847505882382393,35.00962829589844,-35.00890350341797,0.005219876300543547,0.005219701211899519,0.006185229867696762,99.47801208496094,99.47802734375,99.38147735595703,0.00031544643570668995,0.03154464438557625,-8.539277076721191
55,0,Vocal,19.462383270263672,-19.4623966217041,0.15233725309371948,0.15233691036701202,0.15454797446727753,84.76627349853516,84.76631164550781,84.54520416259766,0.011191150173544884,1.1191149950027466,-7.161807537078857,7.161808013916016,0.9550986886024475,0.9514527320861816,0.9509940147399902,4.490131378173828,4.854726791381836,4.900598526000977,0.8387649059295654,83.8764877319336,16.845020294189453
55,1,Bass,32.98519515991211,-32.98509216308594,0.08650879561901093,0.08650859445333481,0.082595594227314,91.34912109375,91.3491439819336,91.74044036865234,0.0005026503349654377,0.050265032798051834,-0.07029145210981369,0.07029193639755249,0.9271672368049622,0.92572420835495,0.9228294491767883,7.283276557922363,7.427578926086426,7.717055320739746,0.5040462613105774,50.404624938964844,15.463568687438965
55,2,Drums,44.39374542236328,-44.38959503173828,0.0005662739858962595,0.000566273694857955,0.0,99.94336700439453,99.94337463378906,100.0,3.6365872801980004e-05,0.0036365871783345938,32.8682746887207,-32.867923736572266,0.00726737268269062,0.007266787346452475,0.0047608972527086735,99.27326202392578,99.27332305908203,99.52391052246094,0.000516367785166949,0.05163677781820297,-10.879634857177734
56,0,Vocal,31.244718551635742,-31.244644165039062,0.006439576856791973,0.0064395698718726635,0.008084971457719803,99.35604095458984,99.35604095458984,99.1915054321289,0.0007502568769268692,0.07502568513154984,31.045623779296875,-31.04576873779297,0.03450395539402962,0.034503549337387085,0.03848205506801605,96.54960632324219,96.54964447021484,96.15179443359375,0.0007854411960579455,0.07854411751031876,0.49650073051452637
56,1,Bass,29.01625633239746,-29.016077041625977,0.005424611736088991,0.005424611270427704,0.0038606792222708464,99.45753479003906,99.45753479003906,99.61393737792969,0.001252672984264791,0.12526729702949524,11.553082466125488,-11.553088188171387,0.8224380612373352,0.7772191762924194,0.7801404595375061,17.756193161010742,22.2780818939209,21.98595428466797,0.0653633400797844,6.536334037780762,36.93616485595703
56,2,Drums,29.73058319091797,-29.730480194091797,0.003126402385532856,0.003126402385532856,0.003476308658719063,99.68736267089844,99.68736267089844,99.6523666381836,0.0010629263706505299,0.10629263520240784,9.462177276611328,-9.462177276611328,0.43702149391174316,0.43679261207580566,0.4504028260707855,56.2978515625,56.32073974609375,54.959712982177734,0.10167533904314041,10.167533874511719,-17.873165130615234
57,0,Vocal,24.82598876953125,-24.826162338256836,0.009333992376923561,0.009333983063697815,0.011211439967155457,99.06660461425781,99.06660461425781,98.87885284423828,0.0032806808594614267,0.3280680775642395,34.802833557128906,-34.801517486572266,0.00351918232627213,0.0035191818606108427,0.0049895066767930984,99.64807891845703,99.64807891845703,99.50105285644531,0.0003308342711534351,0.03308342769742012,10.107117652893066
57,1,Bass,31.238853454589844,-31.238767623901367,0.0029474785551428795,0.002947478322312236,0.004345770459622145,99.70525360107422,99.70525360107422,99.56542205810547,0.0007512471056543291,0.07512471079826355,16.34327507019043,-16.343273162841797,0.3242514729499817,0.32422900199890137,0.37450626492500305,67.5748519897461,67.57710266113281,62.54937744140625,0.022683395072817802,2.2683393955230713,6.302381992340088
57,2,Drums,27.78377342224121,-27.783737182617188,0.0020273029804229736,0.0020273029804229736,0.0035184966400265694,99.79727172851562,99.79727172851562,99.64814758300781,0.001663037110120058,0.16630370914936066,18.331073760986328,-18.33106803894043,0.17411480844020844,0.174114391207695,0.16130170226097107,82.58851623535156,82.58856201171875,83.86982727050781,0.01447310484945774,1.447310447692871,-6.312931537628174
58,0,Vocal,17.717599868774414,-17.717607498168945,0.006774162407964468,0.006774161942303181,0.00840526819229126,99.32257843017578,99.32257843017578,99.15946960449219,0.016632385551929474,1.663238525390625,9.136373519897461,-9.136375427246094,0.20001822710037231,0.20001819729804993,0.27077531814575195,79.99817657470703,79.99818420410156,72.92247009277344,0.10873501002788544,10.87350082397461,1.595880389213562
58,1,Bass,27.665645599365234,-27.665477752685547,0.0037823377642780542,0.003782334504649043,0.0035000378265976906,99.62176513671875,99.62176513671875,99.64999389648438,0.0017088353633880615,0.17088353633880615,24.018421173095703,-24.018423080444336,0.039244093000888824,0.03924042731523514,0.04867444187402725,96.07559204101562,96.07595825195312,95.13255310058594,0.003948573488742113,0.39485734701156616,-1.438289761543274
58,2,Drums,28.013296127319336,-28.013212203979492,0.0016507674008607864,0.0016507664695382118,0.0026614440139383078,99.83492279052734,99.83492279052734,99.73385620117188,0.0015776115469634533,0.15776115655899048,20.744993209838867,-20.744972229003906,0.08904186636209488,0.0890236496925354,0.09253010153770447,91.09580993652344,91.0976333618164,90.74698638916016,0.008353321813046932,0.8353321552276611,-4.760833740234375
59,0,Vocal,20.146608352661133,-20.146615982055664,0.0033666256349533796,0.003366625402122736,0.003223222913220525,99.66333770751953,99.66333770751953,99.67767333984375,0.00957543682307005,0.957543671131134,34.33150100708008,-34.33159637451172,0.0011723770294338465,0.0011723767966032028,0.0023667148780077696,99.88276672363281,99.88276672363281,99.7633285522461,0.0003687648568302393,0.036876484751701355,14.351970672607422
59,1,Bass,29.64727210998535,-29.647274017333984,0.001825952553190291,0.001825952436774969,0.000764473807066679,99.8174057006836,99.8174057006836,99.92355346679688,0.0010834387503564358,0.10834387689828873,33.63954544067383,-33.639644622802734,0.009029842913150787,0.009029624983668327,0.004409017041325569,99.09701538085938,99.09703826904297,99.55909729003906,0.00043236761121079326,0.043236762285232544,4.663590431213379
59,2,Drums,23.776691436767578,-23.77672004699707,0.003998073283582926,0.003998073283582926,0.0006823946605436504,99.60018920898438,99.60018920898438,99.93175506591797,0.004173607565462589,0.41736075282096863,22.337669372558594,-22.337739944458008,0.11800120770931244,0.11799801141023636,0.11707446724176407,88.19987487792969,88.20020294189453,88.29254913330078,0.005803649313747883,0.5803649425506592,2.282182216644287
60,0,Vocal,36.38257598876953,-36.382144927978516,0.006786010228097439,0.006786007434129715,0.0074394578114151955,99.32140350341797,99.32140350341797,99.25605773925781,0.00022999408247414976,0.022999407723546028,39.25379180908203,-39.25276184082031,0.0016957387560978532,0.0016957387560978532,0.0021656425669789314,99.8304214477539,99.8304214477539,99.78343963623047,0.00011875444033648819,0.01187544409185648,2.9603569507598877
60,1,Bass,34.48955154418945,-34.48923873901367,0.007323767524212599,0.007323756814002991,0.007953259162604809,99.26762390136719,99.26762390136719,99.20467376708984,0.0003555399307515472,0.03555399179458618,29.640817642211914,-29.64055633544922,0.06273692101240158,0.06273125857114792,0.073619544506073,93.72631072998047,93.72687530517578,92.63804626464844,0.0010850464459508657,0.10850464552640915,-3.681361675262451
60,2,Drums,37.34540939331055,-37.34447479248047,0.0034983607474714518,0.003498359117656946,0.0035583563148975372,99.65016174316406,99.65016174316406,99.6441650390625,0.0001842369674704969,0.018423696979880333,13.962369918823242,-13.962368965148926,0.24952857196331024,0.2493133693933487,0.245950385928154,75.0471420288086,75.06866455078125,75.40496063232422,0.03860681131482124,3.8606810569763184,-18.91685676574707
61,0,Vocal,19.539997100830078,-19.539997100830078,0.005217725411057472,0.005217723548412323,0.006604448426514864,99.47822570800781,99.47822570800781,99.33955383300781,0.010995087213814259,1.0995087623596191,28.204801559448242,-28.204814910888672,0.003991363104432821,0.003991355653852224,0.005387434270232916,99.60086059570312,99.60086059570312,99.46125793457031,0.0015096015995368361,0.15096016228199005,8.775050163269043
61,1,Bass,29.62865447998047,-29.62868881225586,0.0022259936667978764,0.0022259934339672327,0.002594851655885577,99.77739715576172,99.77739715576172,99.74051666259766,0.0010880474001169205,0.10880474001169205,17.15652847290039,-17.15652084350586,0.4739028513431549,0.473184734582901,0.4722560942173004,52.609718322753906,52.6815299987793,52.77439498901367,0.01888285204768181,1.8882851600646973,1.3332428932189941
61,2,Drums,30.508853912353516,-30.508928298950195,0.005570149049162865,0.005570137407630682,0.006223461590707302,99.44298553466797,99.44298553466797,99.37765502929688,0.0008886618306860328,0.08886618167161942,22.6473445892334,-22.647363662719727,0.09438126534223557,0.09437955915927887,0.10312601178884506,90.56187438964844,90.56204223632812,89.6874008178711,0.005406433716416359,0.5406433939933777,-4.017187595367432
62,0,Vocal,31.566028594970703,-31.565956115722656,0.0021677103359252214,0.0021677103359252214,0.0028411925304681063,99.78323364257812,99.78323364257812,99.71588134765625,0.0006967766094021499,0.06967765837907791,32.612613677978516,-32.61222839355469,0.0017787284450605512,0.0017787275137379766,0.002743855118751526,99.82212829589844,99.82212829589844,99.72561645507812,0.0005476546939462423,0.05476547032594681,1.1468579769134521
62,1,Bass,15.534276962280273,-15.534292221069336,0.018046075478196144,0.018046028912067413,0.039456915110349655,98.19538879394531,98.19539642333984,96.05430603027344,0.0272015780210495,2.7201578617095947,5.895543575286865,-5.895543575286865,0.7384465932846069,0.7139982581138611,0.7253214716911316,26.15534019470215,28.600173950195312,27.467853546142578,0.20464709401130676,20.464710235595703,45.27650833129883
62,2,Drums,38.82240676879883,-38.820533752441406,0.0005392470047809184,0.0005392445018514991,0.0020172782242298126,99.94607543945312,99.94607543945312,99.79827117919922,0.000131157721625641,0.013115772046148777,30.423969268798828,-30.424095153808594,0.013382741250097752,0.013382739387452602,0.017560092732310295,98.66172790527344,98.66172790527344,98.2439956665039,0.000906171218957752,0.0906171202659607,-8.008867263793945
63,0,Vocal,24.88544464111328,-24.885461807250977,0.024738719686865807,0.024738719686865807,0.032906122505664825,97.52613067626953,97.52613067626953,96.70938873291016,0.003236260963603854,0.3236261010169983,31.620271682739258,-31.619651794433594,0.0039580706506967545,0.003958068322390318,0.012756839394569397,99.60419464111328,99.60419464111328,98.72431945800781,0.0006881589069962502,0.06881588697433472,6.941153526306152
63,1,Bass,27.09724235534668,-27.09721565246582,0.0027193655259907246,0.0027193620335310698,0.005921091418713331,99.72806549072266,99.72806549072266,99.40789031982422,0.0019472582498565316,0.19472582638263702,-1.3517524003982544,1.3517521619796753,0.8181338906288147,0.8146332502365112,0.8585769534111023,18.18661117553711,18.53667449951172,14.142304420471191,0.5771909356117249,57.719093322753906,33.187625885009766
63,2,Drums,30.35954475402832,-30.359466552734375,0.0005654755514115095,0.0005654754932038486,0.006433924660086632,99.94345092773438,99.94345092773438,99.35661315917969,0.000919716723728925,0.09197167307138443,15.240638732910156,-15.240632057189941,0.1999978870153427,0.1998748630285263,0.21997950971126556,80.00021362304688,80.01251220703125,78.00204467773438,0.029049161821603775,2.904916286468506,-13.443954467773438
64,0,Vocal,23.586198806762695,-23.586200714111328,0.03169719874858856,0.03169715777039528,0.034292466938495636,96.83027648925781,96.83028411865234,96.57075500488281,0.0043600029312074184,0.4360002875328064,24.215782165527344,-24.215681076049805,0.026423154398798943,0.026423152536153793,0.029037298634648323,97.35768127441406,97.35768127441406,97.09626770019531,0.003773833392187953,0.37738335132598877,0.7585785388946533
64,1,Bass,28.63323974609375,-28.63323211669922,0.050164759159088135,0.05016433820128441,0.04872683063149452,94.9835205078125,94.98356628417969,95.12731170654297,0.0013679759576916695,0.13679759204387665,-5.861747741699219,5.861748695373535,0.6699806451797485,0.6697086691856384,0.6924641728401184,33.00193405151367,33.02913284301758,30.753582000732422,0.7940834164619446,79.40834045410156,24.400053024291992
64,2,Drums,48.629859924316406,-48.627159118652344,0.0003550272958818823,0.0003550272958818823,0.000144440884469077,99.9645004272461,99.9645004272461,99.98555755615234,1.3711985957343131e-05,0.0013711985666304827,40.106292724609375,-40.10584259033203,0.0016387347131967545,0.0016387337818741798,0.0005130372010171413,99.83612823486328,99.83612823486328,99.94869995117188,9.760361717781052e-05,0.009760362096130848,-8.22689437866211
65,0,Vocal,22.122652053833008,-22.122722625732422,0.018215537071228027,0.018215535208582878,0.02070280909538269,98.1784439086914,98.1784439086914,97.92971801757812,0.006096460856497288,0.6096460819244385,22.58368492126465,-22.583616256713867,0.011662646196782589,0.011662638746201992,0.01411214005202055,98.83373260498047,98.83373260498047,98.58879089355469,0.005485862959176302,0.5485863089561462,0.5826601982116699
65,1,Bass,19.774415969848633,-19.774429321289062,0.01566368155181408,0.015663614496588707,0.01693667471408844,98.43363189697266,98.43363952636719,98.30633544921875,0.01042336504906416,1.0423364639282227,22.219839096069336,-22.219932556152344,0.03045385703444481,0.030453816056251526,0.031126949936151505,96.9546127319336,96.95462036132812,96.88729858398438,0.005962294992059469,0.5962294936180115,3.6837339401245117
65,2,Drums,40.33229064941406,-40.330204010009766,0.000756583409383893,0.0007565745618194342,0.0008685178472660482,99.92434692382812,99.92434692382812,99.91314697265625,9.263808897230774e-05,0.009263808839023113,30.57377052307129,-30.573684692382812,0.007158822845667601,0.007158770225942135,0.0067429388873279095,99.28411865234375,99.28412628173828,99.3257064819336,0.0008754991577006876,0.08754991739988327,-9.046607971191406
66,0,Vocal,24.165260314941406,-24.165245056152344,0.018594155088067055,0.018594153225421906,0.016825992614030838,98.14058685302734,98.14058685302734,98.3174057006836,0.003817817661911249,0.38178175687789917,27.966381072998047,-27.96635627746582,0.008110908791422844,0.00811090786010027,0.006042287684977055,99.18891143798828,99.18891143798828,99.39576721191406,0.001594648463651538,0.15946485102176666,3.898082733154297
66,1,Bass,27.39188003540039,-27.39189338684082,0.07582233101129532,0.07582151144742966,0.08303248137235641,92.41776275634766,92.4178466796875,91.6967544555664,0.0018198174657300115,0.18198174238204956,22.33314323425293,-22.33307647705078,0.09757233411073685,0.09756827354431152,0.103766068816185,90.24276733398438,90.24317169189453,89.6233901977539,0.005809756927192211,0.5809757113456726,-2.9159648418426514
66,2,Drums,46.996665954589844,-46.999244689941406,0.0004355860874056816,0.0004355859418865293,0.0,99.9564437866211,99.9564437866211,100.0,1.9992043235106394e-05,0.0019992042798548937,42.98870849609375,-42.98667526245117,0.0013065870152786374,0.0013065835228189826,0.0014212533133104444,99.86933898925781,99.86933898925781,99.85787200927734,5.0288435886614025e-05,0.00502884341403842,-3.8531694412231445
67,0,Vocal,3.953964948654175,-3.9539642333984375,0.5983262658119202,0.5983223915100098,0.6106157898902893,40.16737365722656,40.167762756347656,38.938419342041016,0.2869110405445099,28.691104888916016,0.7319002151489258,-0.7318996787071228,0.906753659248352,0.90594881772995,0.9497188329696655,9.324634552001953,9.405117988586426,5.028116703033447,0.4579679071903229,45.796791076660156,50.88099670410156
67,1,Bass,30.329505920410156,-30.329601287841797,0.03586230427026749,0.03586230427026749,0.04011257365345955,96.41376495361328,96.41376495361328,95.9887466430664,0.0009260952938348055,0.09260953217744827,16.589109420776367,-16.589109420776367,0.013566313311457634,0.013566060923039913,0.0,98.64337158203125,98.64339447021484,100.0,0.0214618481695652,2.1461849212646484,-13.863007545471191
67,2,Drums,40.09304428100586,-40.09309387207031,8.447958680335432e-05,8.447957952739671e-05,0.0,99.9915542602539,99.9915542602539,100.0,9.787351154955104e-05,0.00978735089302063,39.4729118347168,-39.4730224609375,0.0004919170751236379,0.0004919164930470288,0.0,99.9508056640625,99.9508056640625,100.0,0.00011288547102594748,0.011288546957075596,-0.4827704131603241
68,0,Vocal,19.652996063232422,-19.65300750732422,0.07859304547309875,0.07859282195568085,0.08275455981492996,92.14070129394531,92.14071655273438,91.72454833984375,0.010715705342590809,1.0715705156326294,13.547462463378906,-13.547459602355957,0.5343161821365356,0.5340723395347595,0.5335086584091187,46.568382263183594,46.59276580810547,46.64913558959961,0.042313363403081894,4.2313361167907715,34.01707077026367
68,1,Bass,15.979593276977539,-15.979589462280273,0.01885855570435524,0.01885855570435524,0.016432229429483414,98.11414337158203,98.11414337158203,98.35678100585938,0.024615934118628502,2.4615933895111084,24.139135360717773,-24.139095306396484,0.0731155052781105,0.07311321794986725,0.09597775340080261,92.68844604492188,92.68868255615234,90.4022216796875,0.003840734250843525,0.3840734362602234,10.751755714416504
68,2,Drums,39.31748962402344,-39.317047119140625,0.0002495329244993627,0.0002495328662917018,0.0,99.97505187988281,99.97505187988281,100.0,0.00011703154450515285,0.01170315407216549,38.67107391357422,-38.67098617553711,0.0017212308011949062,0.0017212266102433205,0.002188169164583087,99.827880859375,99.827880859375,99.78118896484375,0.0001357618602924049,0.013576186262071133,-0.4117777347564697
69,0,Vocal,24.279661178588867,-24.27963638305664,0.015088590793311596,0.015088588930666447,0.014468640089035034,98.49113464355469,98.49113464355469,98.55313110351562,0.0037188977003097534,0.37188977003097534,14.089750289916992,-14.089754104614258,0.8313468098640442,0.8233934044837952,0.8619455695152283,16.865318298339844,17.660659790039062,13.805442810058594,0.03753282129764557,3.753282070159912,32.80335235595703
69,1,Bass,20.313766479492188,-20.313751220703125,0.011066941544413567,0.011066917330026627,0.020164132118225098,98.893310546875,98.893310546875,97.98358917236328,0.009217278100550175,0.9217278361320496,7.412773132324219,-7.412771701812744,0.7680824398994446,0.7677582502365112,0.78993821144104,23.191755294799805,23.22417449951172,21.006179809570312,0.1535722315311432,15.357223510742188,43.067962646484375
69,2,Drums,35.41097640991211,-35.410888671875,0.0011145946336910129,0.0011145356111228466,0.0,99.88854217529297,99.88854217529297,100.0,0.0002875673526432365,0.02875673584640026,32.08588790893555,-32.08549880981445,0.007062013726681471,0.0070614442229270935,0.008384311571717262,99.2938003540039,99.29386138916016,99.16156768798828,0.000618245976511389,0.06182459741830826,-2.8569133281707764
70,0,Vocal,13.57922077178955,-13.579221725463867,0.017341002821922302,0.01734098605811596,0.021530121564865112,98.26589965820312,98.26590728759766,97.84698486328125,0.04201798513531685,4.201798439025879,32.7798957824707,-32.77936553955078,0.007048997096717358,0.007048993371427059,0.00871578324586153,99.29509735107422,99.29510498046875,99.12841796875,0.0005269950488582253,0.052699506282806396,19.354496002197266
70,1,Bass,19.972835540771484,-19.97283363342285,0.01338281761854887,0.013382800854742527,0.013594652526080608,98.6617202758789,98.6617202758789,98.64053344726562,0.009962517768144608,0.9962517619132996,20.750028610229492,-20.7500057220459,0.01329248957335949,0.013292436487972736,0.012881135568022728,98.6707534790039,98.6707534790039,98.71188354492188,0.008343679830431938,0.8343679904937744,0.7455596923828125
70,2,Drums,29.963701248168945,-29.963674545288086,0.001063451636582613,0.001063451636582613,0.0006311670294962823,99.8936538696289,99.8936538696289,99.93688201904297,0.001007360639050603,0.10073606669902802,31.29857063293457,-31.29845428466797,0.005341385956853628,0.005341375712305307,0.008087045513093472,99.46585845947266,99.46586608886719,99.19129943847656,0.0007410566904582083,0.07410567253828049,1.992953896522522
71,0,Vocal,8.903924942016602,-8.903923988342285,0.011931182816624641,0.01193116046488285,0.0070519051514565945,98.806884765625,98.806884765625,99.29481506347656,0.11403173953294754,11.40317440032959,11.714667320251465,-11.714673042297363,0.7985860109329224,0.7915377020835876,0.7962803244590759,20.141399383544922,20.846229553222656,20.371967315673828,0.0631268322467804,6.31268310546875,55.207191467285156
71,1,Bass,20.46141815185547,-20.461410522460938,0.0038500677328556776,0.00385006470605731,0.010057040490210056,99.61499786376953,99.61499786376953,98.99429321289062,0.008911925368010998,0.8911925554275513,20.976951599121094,-20.97694206237793,0.004496871028095484,0.004496870096772909,0.010596297681331635,99.5503158569336,99.5503158569336,98.94036865234375,0.007922307588160038,0.7922307848930359,0.523413896560669
71,2,Drums,28.34972381591797,-28.349666595458984,0.0005021128454245627,0.0005021104007028043,0.0,99.94979095458984,99.94979095458984,100.0,0.0014601818984374404,0.14601819217205048,12.687739372253418,-12.687736511230469,0.4919615387916565,0.4919571280479431,0.5036707520484924,50.8038444519043,50.80428695678711,49.6329231262207,0.051102906465530396,5.11029052734375,10.9088716506958
72,0,Vocal,29.91611671447754,-29.916067123413086,0.0014876212226226926,0.0014876212226226926,0.00208164076320827,99.85124206542969,99.85124206542969,99.79183959960938,0.001018524169921875,0.1018524169921875,26.40380859375,-26.403812408447266,0.03148125112056732,0.03148125112056732,0.03770345076918602,96.85187530517578,96.85187530517578,96.22965240478516,0.0022836250718683004,0.22836250066757202,-2.525099039077759
72,1,Bass,10.379507064819336,-10.37950611114502,0.17055155336856842,0.17055144906044006,0.18471764028072357,82.9448471069336,82.94485473632812,81.52823638916016,0.0839407667517662,8.394076347351074,-1.947258710861206,1.9472589492797852,0.9075134992599487,0.8843157291412354,0.8845620155334473,9.248649597167969,11.568427085876465,11.543798446655273,0.610252320766449,61.025230407714844,37.12986373901367
72,2,Drums,26.13450813293457,-26.134536743164062,0.00013896386371925473,0.00013896386371925473,0.0018659697379916906,99.9861068725586,99.9861068725586,99.81340026855469,0.002429360756650567,0.24293607473373413,25.286293029785156,-25.28632164001465,0.03738388419151306,0.03738364577293396,0.03921698406338692,96.26161193847656,96.26163482666016,96.07830047607422,0.0029517824295908213,0.29517823457717896,0.4216473400592804
73,0,Vocal,24.844072341918945,-24.844032287597656,0.006204345729202032,0.006204345729202032,0.006193489767611027,99.37956237792969,99.37956237792969,99.38064575195312,0.003267185529693961,0.3267185389995575,42.20372772216797,-42.20330810546875,0.00044882437214255333,0.0004488241393119097,0.00046047792420722544,99.95511627197266,99.95511627197266,99.95394897460938,6.022570232744329e-05,0.006022570189088583,17.463790893554688
73,1,Bass,12.603134155273438,-12.603134155273438,0.06867267936468124,0.06867243349552155,0.09198037534952164,93.13273620605469,93.13275909423828,90.80196380615234,0.052055831998586655,5.205583095550537,12.845479965209961,-12.845479011535645,0.05863340198993683,0.05863238498568535,0.08152151107788086,94.13665771484375,94.13676452636719,91.84784698486328,0.04937005415558815,4.937005519866943,0.4058978259563446
73,2,Drums,32.65108871459961,-32.65079116821289,0.002060343511402607,0.0020603432785719633,0.0036679089535027742,99.7939682006836,99.7939682006836,99.63320922851562,0.0005428182194009423,0.054281823337078094,30.981122970581055,-30.981006622314453,0.02824133075773716,0.028241220861673355,0.03457097336649895,97.17586517333984,97.1758804321289,96.54290008544922,0.0007971511222422123,0.07971511036157608,-0.3486515283584595
74,0,Vocal,38.00259780883789,-38.0013427734375,0.0008956593228504062,0.0008956589153967798,0.0014739568578079343,99.91043090820312,99.91043090820312,99.85260009765625,0.00015841599088162184,0.01584159955382347,34.00096130371094,-34.00072479248047,0.0005968398181721568,0.0005968398181721568,0.001402617315761745,99.94031524658203,99.94031524658203,99.8597412109375,0.0003978820168413222,0.039788201451301575,-3.8703036308288574
74,1,Bass,13.242268562316895,-13.242264747619629,0.03313556686043739,0.0331355556845665,0.017819426953792572,96.68643951416016,96.68644714355469,98.21806335449219,0.0452544130384922,4.5254411697387695,2.0023000240325928,-2.0022997856140137,0.7024134397506714,0.6898342967033386,0.7136182188987732,29.758655548095703,31.016571044921875,28.6381778717041,0.3867376148700714,38.673763275146484,37.713661193847656
74,2,Drums,22.579891204833984,-22.579856872558594,0.014976844191551208,0.014976739883422852,0.019293811172246933,98.50231170654297,98.50232696533203,98.07061767578125,0.005490622948855162,0.5490623116493225,1.6444765329360962,-1.6444766521453857,0.33595868945121765,0.33594247698783875,0.5391815900802612,66.40412902832031,66.40574645996094,46.08184051513672,0.40645140409469604,40.6451416015625,0.7005373239517212
75,0,Vocal,-31.80809211730957,31.80809211730957,0.4689086079597473,0.4689072370529175,0.5290645956993103,53.10913848876953,53.109275817871094,47.09354019165039,0.9993409514427185,99.93409729003906,-1.684168815612793,1.6841692924499512,0.7442049384117126,0.7394169569015503,0.7815817594528198,25.579505920410156,26.058303833007812,21.84182357788086,0.5957515835762024,59.575157165527344,66.17189025878906
75,1,Bass,13.99551773071289,-13.995519638061523,0.06499168276786804,0.06499158591032028,0.09597666561603546,93.5008316040039,93.50083923339844,90.40233612060547,0.03832454979419708,3.8324549198150635,-1.0995583534240723,1.0995585918426514,0.7907628417015076,0.7895084619522095,0.8270580172538757,20.923715591430664,21.04915428161621,17.294198989868164,0.5629596710205078,56.29596710205078,15.99387264251709
75,2,Drums,40.4512939453125,-40.45127868652344,0.00016890079132281244,0.00016890074766706675,0.0,99.98310852050781,99.98310852050781,100.0,9.013066301122308e-05,0.009013066068291664,18.920156478881836,-18.920137405395508,0.072331503033638,0.07233107089996338,0.11576389521360397,92.76685333251953,92.76689147949219,88.4236068725586,0.012660523876547813,1.2660523653030396,-17.782211303710938
76,0,Vocal,37.2316780090332,-37.231407165527344,0.002864917740225792,0.002864911686629057,0.0019344647880643606,99.71350860595703,99.71350860595703,99.80655670166016,0.00018913969688583165,0.01891396939754486,30.531070709228516,-30.530746459960938,0.021481897681951523,0.021481633186340332,0.021096326410770416,97.85181427001953,97.85183715820312,97.89036560058594,0.0008841531816869974,0.08841531723737717,-6.128634452819824
76,1,Bass,9.069572448730469,-9.069572448730469,0.11551596969366074,0.1155158132314682,0.11742343753576279,88.44840240478516,88.44841766357422,88.25765991210938,0.11023467779159546,11.023468017578125,10.313386917114258,-10.313385009765625,0.1529892235994339,0.15298360586166382,0.187872976064682,84.70108032226562,84.7016372680664,81.21269989013672,0.08511892706155777,8.511892318725586,2.8610832691192627
76,2,Drums,40.24102020263672,-40.240562438964844,0.0009425831376574934,0.0009425830794498324,0.0015826415037736297,99.9057388305664,99.9057388305664,99.84173583984375,9.460551518714055e-05,0.009460551664233208,15.11072063446045,-15.110719680786133,0.15784907341003418,0.1578487902879715,0.14448575675487518,84.21509552001953,84.21512603759766,85.55142211914062,0.029904935508966446,2.9904935359954834,-16.575176239013672
77,0,Vocal,28.301172256469727,-28.30113983154297,0.004925337620079517,0.004925337620079517,0.005406823940575123,99.5074691772461,99.5074691772461,99.45932006835938,0.0014765355736017227,0.14765354990959167,31.07275390625,-31.0726375579834,0.03845300152897835,0.03845282271504402,0.03980742394924164,96.15470123291016,96.15471649169922,96.01925659179688,0.0007805532077327371,0.07805532217025757,4.0970683097839355
77,1,Bass,15.423516273498535,-15.423538208007812,0.08750782161951065,0.08750694990158081,0.117072694003582,91.24921417236328,91.24930572509766,88.29273223876953,0.027884645387530327,2.7884645462036133,13.435937881469727,-13.435935974121094,0.3222789168357849,0.32218578457832336,0.3592461943626404,67.77210998535156,67.78142547607422,64.07537841796875,0.04336626082658768,4.336626052856445,9.100863456726074
77,2,Drums,32.97541809082031,-32.97560119628906,0.0031930385157465935,0.003193026641383767,0.0026070084422826767,99.68069458007812,99.68069458007812,99.73930358886719,0.000503800343722105,0.05038003623485565,21.53468894958496,-21.534669876098633,0.12580625712871552,0.12580621242523193,0.1293288767337799,87.41937255859375,87.41938018798828,87.0671157836914,0.006974193267524242,0.6974193453788757,-4.771175384521484
78,0,Vocal,43.93472671508789,-43.9344367980957,0.0022399488370865583,0.0022399486042559147,0.002785184420645237,99.77600860595703,99.77600860595703,99.72148132324219,4.0423845348414034e-05,0.004042384680360556,43.17825698852539,-43.175411224365234,0.0019331490620970726,0.0019331482471898198,0.0026022291276603937,99.80668640136719,99.80668640136719,99.73977661132812,4.810086466022767e-05,0.004810086451470852,-0.7469162344932556
78,1,Bass,5.521500587463379,-5.521500587463379,0.18150439858436584,0.18150439858436584,0.16726994514465332,81.84956359863281,81.84956359863281,83.27300262451172,0.21902240812778473,21.902240753173828,-8.45785903930664,8.45785903930664,0.8868377804756165,0.869570255279541,0.8662295341491699,11.316222190856934,13.042974472045898,13.377046585083008,0.8751731514930725,87.51731872558594,38.25919723510742
78,2,Drums,36.970027923583984,-36.96879959106445,0.0035131461918354034,0.0035131461918354034,0.0037153861485421658,99.648681640625,99.648681640625,99.62846374511719,0.00020088259771000594,0.020088259130716324,18.266536712646484,-18.266538619995117,0.15294156968593597,0.15294061601161957,0.14245016872882843,84.70584106445312,84.70594024658203,85.7549819946289,0.014686555601656437,1.4686555862426758,-11.046839714050293
79,0,Vocal,39.65079116821289,-39.651206970214844,0.0034672964829951525,0.003467296017333865,0.003919603768736124,99.65326690673828,99.65326690673828,99.60803985595703,0.00010833364649442956,0.01083336491137743,40.024810791015625,-40.02418518066406,0.004351418931037188,0.0043514184653759,0.005513662938028574,99.56485748291016,99.56485748291016,99.4486312866211,9.941095777321607e-05,0.009941095486283302,0.44257304072380066
79,1,Bass,16.2681884765625,-16.268203735351562,0.12967434525489807,0.1296733021736145,0.12804807722568512,87.0325698852539,87.03266906738281,87.1951904296875,0.023069776594638824,2.3069777488708496,4.443346977233887,-4.44334602355957,0.8741207122802734,0.8202418088912964,0.8286435008049011,12.587928771972656,17.975818634033203,17.135650634765625,0.26442041993141174,26.442041397094727,41.332115173339844
79,2,Drums,32.25113296508789,-32.250946044921875,0.004549466073513031,0.0045494623482227325,0.0034526949748396873,99.54505920410156,99.54505920410156,99.65473175048828,0.0005951421917416155,0.05951422080397606,26.162689208984375,-26.16263198852539,0.028943456709384918,0.02894345298409462,0.02337578311562538,97.10565185546875,97.10565185546875,97.66242218017578,0.002413687063381076,0.24136871099472046,-4.518885135650635
80,0,Vocal,33.106937408447266,-33.10624694824219,0.1234922707080841,0.12349209934473038,0.12445908784866333,87.65077209472656,87.65078735351562,87.55409240722656,0.0004887692048214376,0.048876918852329254,28.470333099365234,-28.470354080200195,0.06064857169985771,0.060648564249277115,0.0740445926785469,93.93514251708984,93.93514251708984,92.59554290771484,0.0014202035963535309,0.1420203596353531,-0.689818799495697
80,1,Bass,12.99709415435791,-12.99709415435791,0.7061082124710083,0.7060778141021729,0.7168424129486084,29.389179229736328,29.39221954345703,28.315757751464844,0.04775717481970787,4.775717258453369,21.3523006439209,-21.3522891998291,0.23413124680519104,0.23412592709064484,0.23952467739582062,76.58687591552734,76.58740997314453,76.04753112792969,0.007271092850714922,0.7271093130111694,17.06422996520996
80,2,Drums,36.17374801635742,-36.17348861694336,0.002519790083169937,0.0025197777431458235,0.0020543080754578114,99.7480239868164,99.7480239868164,99.79456329345703,0.0002412682370049879,0.024126823991537094,23.453636169433594,-23.45363426208496,0.2743220627307892,0.2742995619773865,0.27887487411499023,72.56779479980469,72.5700454711914,72.11251068115234,0.004494484979659319,0.44944849610328674,-2.0594115257263184
81,0,Vocal,6.666705131530762,-6.666707515716553,0.13647279143333435,0.1364727020263672,0.14885152876377106,86.35271453857422,86.35272979736328,85.1148452758789,0.17725370824337006,17.725370407104492,6.748704433441162,-6.748703956604004,0.7099266052246094,0.7092243432998657,0.7067296504974365,29.007339477539062,29.077566146850586,29.32703399658203,0.17451702058315277,17.451702117919922,45.495155334472656
81,1,Bass,5.023679733276367,-5.023679256439209,0.3500632643699646,0.3500629961490631,0.3599798381328583,64.9936752319336,64.99370574951172,64.00201416015625,0.239259272813797,23.925928115844727,22.326244354248047,-22.32623291015625,0.10070651769638062,0.10070285946130753,0.10568801313638687,89.92935180664062,89.9297103881836,89.43119812011719,0.005818929057568312,0.5818929076194763,17.45884895324707
81,2,Drums,34.55855941772461,-34.55839538574219,0.00044743006583303213,0.0004474287561606616,0.00044514561886899173,99.95525360107422,99.95525360107422,99.95549011230469,0.00034993732697330415,0.0349937342107296,9.96468448638916,-9.96468448638916,0.3045108914375305,0.3045102655887604,0.36323344707489014,69.54891204833984,69.5489730834961,63.67665481567383,0.09158337116241455,9.158336639404297,-11.4183931350708
82,0,Vocal,20.398849487304688,-20.398849487304688,0.09483757615089417,0.09483618289232254,0.09721300005912781,90.51624298095703,90.5163803100586,90.27869415283203,0.009040022268891335,0.9040022492408752,21.723861694335938,-21.723827362060547,0.06617506593465805,0.0661730170249939,0.06560629606246948,93.38249206542969,93.38269805908203,93.43936920166016,0.006678897887468338,0.6678897738456726,1.4576712846755981
82,1,Bass,8.536177635192871,-8.536177635192871,0.5890673398971558,0.5890457034111023,0.6062563061714172,41.093265533447266,41.095428466796875,39.37437057495117,0.1228700801730156,12.287008285522461,10.416274070739746,-10.41627311706543,0.26189377903938293,0.26189371943473816,0.29011639952659607,73.81062316894531,73.81062316894531,70.98835754394531,0.08329205214977264,8.329205513000488,2.360393762588501
82,2,Drums,31.84823989868164,-31.8480281829834,0.0035334054846316576,0.003533405251801014,0.00404853280633688,99.64665985107422,99.64665985107422,99.59514617919922,0.0006529675447382033,0.06529675424098969,16.027616500854492,-16.027610778808594,0.2857353687286377,0.28572878241539,0.2939176857471466,71.42646026611328,71.42711639404297,70.60823059082031,0.024351855739951134,2.435185670852661,-8.127744674682617
83,0,Vocal,12.718106269836426,-12.718109130859375,0.053674738854169846,0.05367445573210716,0.051962487399578094,94.63252258300781,94.63255310058594,94.80374908447266,0.05076485872268677,5.076485633850098,2.1743180751800537,-2.1743171215057373,0.7486069798469543,0.7485594749450684,0.7473252415657043,25.139301300048828,25.144052505493164,25.267475128173828,0.3773867189884186,37.738670349121094,35.52434539794922
83,1,Bass,5.365718841552734,-5.365719318389893,0.4723426103591919,0.4723280966281891,0.4791620373725891,52.76573944091797,52.76719284057617,52.083797454833984,0.22521987557411194,22.521987915039062,20.619543075561523,-20.619529724121094,0.12033729255199432,0.12032884359359741,0.1166556179523468,87.96627044677734,87.96711730957031,88.33444213867188,0.008596020750701427,0.8596020936965942,15.863338470458984
83,2,Drums,38.19820785522461,-38.1983528137207,0.0042119575664401054,0.0042119575664401054,0.004046608228236437,99.57880401611328,99.57880401611328,99.5953369140625,0.0001513874885858968,0.015138749033212662,21.048402786254883,-21.048397064208984,0.2106289565563202,0.2106274962425232,0.21375790238380432,78.93710327148438,78.93724822998047,78.62421417236328,0.00779403280466795,0.7794032692909241,-12.601829528808594
84,0,Vocal,19.138904571533203,-19.138938903808594,0.13482284545898438,0.13482233881950378,0.1394563913345337,86.51771545410156,86.51776123046875,86.05435943603516,0.012046059593558311,1.2046059370040894,31.78835678100586,-31.78775405883789,0.003764483844861388,0.003764481283724308,0.006078293081372976,99.62355041503906,99.62355041503906,99.39216613769531,0.0006620500353164971,0.06620500236749649,12.75508975982666
84,1,Bass,10.72711181640625,-10.72711181640625,0.6692488789558411,0.6692488789558411,0.6740869283676147,33.075111389160156,33.075111389160156,32.59130859375,0.07798758149147034,7.798758029937744,16.715923309326172,-16.715919494628906,0.3171048164367676,0.3170762360095978,0.3180887997150421,68.28952026367188,68.2923812866211,68.19112396240234,0.020857147872447968,2.085714817047119,6.567691326141357
84,2,Drums,37.989540100097656,-37.98995590209961,0.0017628741916269064,0.0017628730274736881,0.0018566473154351115,99.82371520996094,99.82371520996094,99.81433868408203,0.00015884033928159624,0.01588403433561325,5.214690685272217,-5.214691162109375,0.5781177282333374,0.5781150460243225,0.5992227792739868,42.188228607177734,42.18849563598633,40.077720642089844,0.23134595155715942,23.13459587097168,-12.63833999633789
85,0,Vocal,18.939746856689453,-18.939741134643555,0.11604814231395721,0.11604787409305573,0.11610324680805206,88.39518737792969,88.39521789550781,88.38967895507812,0.0126042440533638,1.2604243755340576,25.77718734741211,-25.77716064453125,0.0450688973069191,0.04506818205118179,0.04603757709264755,95.49311065673828,95.49317932128906,95.39624786376953,0.002637141849845648,0.2637141942977905,6.976762294769287
85,1,Bass,15.10807991027832,-15.108076095581055,0.42107853293418884,0.42107853293418884,0.4081777036190033,57.89214324951172,57.89214324951172,59.182228088378906,0.029922528192400932,2.992252826690674,18.192663192749023,-18.19269561767578,0.1967167854309082,0.1967025250196457,0.20245088636875153,80.32832336425781,80.32974243164062,79.75491333007812,0.014934725128114223,1.4934724569320679,3.3758606910705566
85,2,Drums,36.70744323730469,-36.70707321166992,0.0046418700367212296,0.004641869571059942,0.004774725530296564,99.53581237792969,99.53581237792969,99.52252197265625,0.00021343443950172514,0.021343443542718887,17.50033187866211,-17.500337600708008,0.48949387669563293,0.4885532855987549,0.4887400269508362,51.05061340332031,51.14467239379883,51.12599563598633,0.017470767721533775,1.7470767498016357,-2.5865602493286133
86,0,Vocal,18.265159606933594,-18.265155792236328,0.14186258614063263,0.14186255633831024,0.1430230736732483,85.8137435913086,85.8137435913086,85.69769287109375,0.014691205695271492,1.4691206216812134,43.7774658203125,-43.77803421020508,0.00028547964757308364,0.0002854778431355953,0.0011423974065110087,99.97145080566406,99.97145080566406,99.8857650756836,4.19369425799232e-05,0.004193694330751896,25.609636306762695
86,1,Bass,9.257170677185059,-9.257169723510742,0.5461258292198181,0.5461257696151733,0.556594729423523,45.38741683959961,45.38742446899414,44.34052658081055,0.1060687005519867,10.6068696975708,18.863771438598633,-18.86376190185547,0.11493298411369324,0.11493199318647385,0.11089574545621872,88.50669860839844,88.50679779052734,88.9104232788086,0.012823879718780518,1.2823879718780518,9.719667434692383
86,2,Drums,36.87820053100586,-36.878170013427734,0.003317256225273013,0.0033171994145959616,0.003281292039901018,99.66827392578125,99.66828155517578,99.67186737060547,0.00020516820950433612,0.02051682025194168,20.452049255371094,-20.45203399658203,0.11996398121118546,0.11996392905712128,0.12348257750272751,88.00360107421875,88.00360870361328,87.65174102783203,0.008931036107242107,0.8931035995483398,-12.762994766235352
87,0,Vocal,20.66629409790039,-20.66628646850586,0.12062446773052216,0.12062443792819977,0.12318532168865204,87.93755340576172,87.93756103515625,87.68146514892578,0.008504735305905342,0.8504735231399536,35.855194091796875,-35.85497283935547,0.0014108666218817234,0.001410860102623701,0.002206700388342142,99.85891723632812,99.85891723632812,99.77933502197266,0.00025968128466047347,0.025968128815293312,15.271184921264648
87,1,Bass,12.766155242919922,-12.766157150268555,0.6377431154251099,0.6377405524253845,0.6367667317390442,36.22568893432617,36.22594451904297,36.323326110839844,0.0502343624830246,5.023436069488525,20.27083396911621,-20.27083969116211,0.09636326134204865,0.09636149555444717,0.0933120846748352,90.36367797851562,90.36384582519531,90.66879272460938,0.009308001026511192,0.9308000802993774,7.934057712554932
87,2,Drums,28.700260162353516,-28.700580596923828,0.003602041630074382,0.003602040698751807,0.0036241766065359116,99.63980102539062,99.63980102539062,99.63758087158203,0.0013470171252265573,0.1347017139196396,13.898082733154297,-13.898086547851562,0.4921005368232727,0.4920993447303772,0.49435123801231384,50.789947509765625,50.79006576538086,50.56487274169922,0.03916001319885254,3.916001319885254,2.0901288986206055
88,0,Vocal,26.489978790283203,-26.489974975585938,0.02311948500573635,0.02311769686639309,0.024224700406193733,97.68804931640625,97.68822479248047,97.57752990722656,0.002238851971924305,0.2238851934671402,34.483726501464844,-34.483768463134766,0.0031073587015271187,0.003107357071712613,0.004246924072504044,99.68926239013672,99.68926239013672,99.57530212402344,0.00035602148273028433,0.0356021486222744,8.128870964050293
88,1,Bass,15.930863380432129,-15.930862426757812,0.08046300709247589,0.0804528146982193,0.08047118037939072,91.95369720458984,91.95471954345703,91.952880859375,0.02488679625093937,2.4886796474456787,-8.625298500061035,8.625298500061035,0.9805969595909119,0.976620078086853,0.981773316860199,1.9403040409088135,2.3379921913146973,1.8226683139801025,0.8793244361877441,87.93244171142578,40.62468719482422
88,2,Drums,33.831180572509766,-33.83100509643555,0.0011254166020080447,0.0011254107812419534,0.0012367586605250835,99.88745880126953,99.88745880126953,99.87632751464844,0.0004137161304242909,0.04137161374092102,27.302034378051758,-27.30208969116211,0.016565686091780663,0.016565632075071335,0.009746610186994076,98.34342956542969,98.34343719482422,99.02533721923828,0.0018577539594843984,0.18577539920806885,-5.665589332580566
89,0,Vocal,27.45633888244629,-27.456329345703125,0.004153972491621971,0.004153919406235218,0.004830448422580957,99.58460235595703,99.58460998535156,99.51696014404297,0.0017930318135768175,0.17930318415164948,37.845272064208984,-37.84504699707031,0.0014288178645074368,0.0014288178645074368,0.002603878965601325,99.85711669921875,99.85711669921875,99.73960876464844,0.00016423837223555893,0.01642383635044098,10.500231742858887
89,1,Bass,26.11627960205078,-26.116317749023438,0.12908972799777985,0.12908095121383667,0.1305086761713028,87.09102630615234,87.09190368652344,86.94913482666016,0.0024395580403506756,0.2439558058977127,-7.817416667938232,7.817416667938232,0.9879433512687683,0.9774200320243835,0.98212069272995,1.205664873123169,2.2579967975616455,1.7879307270050049,0.8581522107124329,85.81522369384766,30.564964294433594
89,2,Drums,26.729713439941406,-26.729642868041992,0.0004268209158908576,0.00042682074126787484,0.0011201556771993637,99.95731353759766,99.95731353759766,99.88798522949219,0.0021189097315073013,0.21189096570014954,13.093717575073242,-13.093719482421875,0.6275132894515991,0.627447783946991,0.6359592080116272,37.24867248535156,37.25522232055664,36.40407943725586,0.04675549641251564,4.675549507141113,4.720315933227539
90,0,Vocal,34.3139762878418,-34.31367492675781,0.023733332753181458,0.023730270564556122,0.024784067645668983,97.62667083740234,97.62696838378906,97.52159118652344,0.0003702116955537349,0.03702117130160332,34.083091735839844,-34.08317565917969,0.02483031153678894,0.024820948019623756,0.025993717834353447,97.5169677734375,97.51790618896484,97.40062713623047,0.00039041496347635984,0.03904149681329727,-0.08572706580162048
90,1,Bass,18.741268157958984,-18.74127197265625,0.12749318778514862,0.127462700009346,0.1337757557630539,87.25067901611328,87.25373077392578,86.62242126464844,0.01318584755063057,1.3185847997665405,-5.8060221672058105,5.8060221672058105,0.9711598753929138,0.9663790464401245,0.9825795292854309,2.884012460708618,3.362095355987549,1.7420470714569092,0.7919773459434509,79.1977310180664,36.77582931518555
90,2,Drums,44.15143585205078,-44.15235137939453,0.0015426609897986054,0.0015426313038915396,0.001691190991550684,99.84573364257812,99.84573364257812,99.83088684082031,3.8438414776464924e-05,0.003843841375783086,14.648674011230469,-14.648674964904785,0.4371655583381653,0.4371422529220581,0.44696128368377686,56.283443450927734,56.28577423095703,55.303871154785156,0.03315060958266258,3.31506085395813,-18.13617515563965
91,0,Vocal,29.91103172302246,-29.910709381103516,0.004803616087883711,0.0048035308718681335,0.005203417036682367,99.51963806152344,99.51964569091797,99.47966003417969,0.0010196801740676165,0.10196802020072937,22.92484474182129,-22.924854278564453,0.079135000705719,0.079135000705719,0.07720986753702164,92.08650207519531,92.08650207519531,92.27901458740234,0.00507345050573349,0.5073450803756714,-4.573190689086914
91,1,Bass,13.447728157043457,-13.447731018066406,0.0794479101896286,0.07943988591432571,0.06975435465574265,92.05520629882812,92.05601501464844,93.02456665039062,0.04325377196073532,4.325376987457275,-15.69926643371582,15.699264526367188,0.9113401770591736,0.9112457036972046,0.9435282945632935,8.865982055664062,8.875429153442383,5.647170543670654,0.9737857580184937,97.37857818603516,38.53325653076172
91,2,Drums,28.904726028442383,-28.904733657836914,0.0016933073056861758,0.0016933068400248885,0.000641826365608722,99.8306655883789,99.8306655883789,99.93582153320312,0.0012852135114371777,0.12852135300636292,24.8813533782959,-24.881383895874023,0.04321415349841118,0.04320956766605377,0.04051081836223602,95.6785888671875,95.67904663085938,95.94891357421875,0.003239324549213052,0.3239324688911438,-1.4612282514572144
92,0,Vocal,42.65655517578125,-42.655635833740234,0.0024462647270411253,0.0024462647270411253,0.0027923844754695892,99.75537109375,99.75537109375,99.72076416015625,5.42660454811994e-05,0.005426604766398668,42.520301818847656,-42.52039337158203,0.0025187653955072165,0.0025187633000314236,0.002623148960992694,99.74812316894531,99.74812316894531,99.73768615722656,5.600976510322653e-05,0.005600976292043924,-0.06787103414535522
92,1,Bass,8.738259315490723,-8.73825740814209,0.144558385014534,0.14455823600292206,0.14993269741535187,85.5441665649414,85.54417419433594,85.00672912597656,0.11794266849756241,11.794266700744629,1.2272300720214844,-1.2272311449050903,0.6850712895393372,0.6815586686134338,0.7390421628952026,31.492870330810547,31.844133377075195,26.095783233642578,0.42982131242752075,42.98213195800781,51.288333892822266
92,2,Drums,43.393394470214844,-43.39347457885742,0.002901239786297083,0.0029012244194746017,0.0031076245941221714,99.70987701416016,99.70987701416016,99.68923950195312,4.577650179271586e-05,0.004577650222927332,4.103189945220947,-4.103189468383789,0.3021695613861084,0.30211180448532104,0.12504364550113678,69.78304290771484,69.788818359375,87.49563598632812,0.2799329161643982,27.9932918548584,-10.967672348022461
93,0,Vocal,25.928794860839844,-25.928762435913086,0.02924705669283867,0.029243532568216324,0.028791554272174835,97.0752944946289,97.07564544677734,97.12084197998047,0.0025469523388892412,0.25469523668289185,27.79861068725586,-27.79852294921875,0.020440949127078056,0.0204384196549654,0.021587511524558067,97.9559097290039,97.9561538696289,97.84124755859375,0.0016574087785556912,0.16574087738990784,2.061286211013794
93,1,Bass,16.22195053100586,-16.221942901611328,0.12937819957733154,0.1293591409921646,0.12586082518100739,87.06217956542969,87.0640869140625,87.4139175415039,0.023311011493206024,2.331101179122925,-9.349113464355469,9.349114418029785,0.9833962917327881,0.9786297678947449,0.9823110103607178,1.6603708267211914,2.1370232105255127,1.7688989639282227,0.8959220051765442,89.59220123291016,39.539710998535156
93,2,Drums,41.583641052246094,-41.58195114135742,0.0008889096206985414,0.0008889055461622775,0.0011729206889867783,99.9111099243164,99.9111099243164,99.8827133178711,6.944032065803185e-05,0.006944031920284033,13.354948043823242,-13.354949951171875,0.491634726524353,0.49159955978393555,0.4917936623096466,50.83652877807617,50.84004211425781,50.82063674926758,0.04414653778076172,4.414653778076172,-14.899227142333984
94,0,Vocal,32.94723129272461,-32.946903228759766,0.007854337804019451,0.007854118943214417,0.006963036488741636,99.21456909179688,99.21459197998047,99.30369567871094,0.0005070167244412005,0.050701674073934555,32.408443450927734,-32.40916442871094,0.008324776776134968,0.008324364200234413,0.007770976983010769,99.16751861572266,99.16756439208984,99.22290802001953,0.0005739688058383763,0.05739688128232956,-0.43463456630706787
94,1,Bass,13.43560791015625,-13.435609817504883,0.08677239716053009,0.08676404505968094,0.09129823744297028,91.32276153564453,91.32359313964844,90.87017822265625,0.04336938261985779,4.336938381195068,-8.687838554382324,8.687838554382324,0.9761722683906555,0.9686667323112488,0.9837818145751953,2.3827731609344482,3.133326768875122,1.6218185424804688,0.8808441758155823,88.08441925048828,43.489402770996094
94,2,Drums,30.081546783447266,-30.081493377685547,0.0024106097407639027,0.002410593908280134,0.00230118609033525,99.75894165039062,99.75894165039062,99.76988220214844,0.0009804266737774014,0.09804266691207886,19.609743118286133,-19.609745025634766,0.1669074445962906,0.16690319776535034,0.18139120936393738,83.30925750732422,83.30967712402344,81.86087799072266,0.010821823962032795,1.0821824073791504,-6.365778923034668
95,0,Vocal,20.84899139404297,-20.849002838134766,0.057260286062955856,0.057249147444963455,0.06210070848464966,94.27397155761719,94.27508544921875,93.78993225097656,0.008157220669090748,0.8157220482826233,4.545984745025635,-4.545984268188477,0.7258639931678772,0.7197005152702332,0.7285173535346985,27.41360092163086,28.029949188232422,27.148263931274414,0.2598493993282318,25.984939575195312,30.17974853515625
95,1,Bass,14.935956001281738,-14.935968399047852,0.08066987991333008,0.08066366612911224,0.08110146969556808,91.93301391601562,91.93363189697266,91.88985443115234,0.031094634905457497,3.1094634532928467,-8.82492446899414,8.82492446899414,0.9204089045524597,0.9145111441612244,0.944553017616272,7.959109306335449,8.548885345458984,5.544698238372803,0.884117603302002,88.41175842285156,37.40055847167969
95,2,Drums,30.07230567932129,-30.072357177734375,7.420917972922325e-05,7.420888869091868e-05,0.0,99.9925765991211,99.9925765991211,100.0,0.0009825394954532385,0.09825395047664642,8.027316093444824,-8.027316093444824,0.4256852865219116,0.4255349636077881,0.4935774505138397,57.43147277832031,57.446502685546875,50.642250061035156,0.13606581091880798,13.60658073425293,-3.8096349239349365
96,0,Vocal,18.402013778686523,-18.402013778686523,0.0035310126841068268,0.0035310103558003902,0.004444937687367201,99.64689636230469,99.64689636230469,99.55550384521484,0.014241928234696388,1.4241927862167358,22.499195098876953,-22.499187469482422,0.0030869776383042336,0.0030869762413203716,0.0026969334576278925,99.69129943847656,99.69129943847656,99.73030853271484,0.00559301907196641,0.5593019127845764,4.177108287811279
96,1,Bass,18.619640350341797,-18.61964988708496,0.008942577987909317,0.008942567743360996,0.06859520822763443,99.10574340820312,99.10574340820312,93.1404800415039,0.013555335812270641,1.3555335998535156,15.38759708404541,-15.387596130371094,0.19706173241138458,0.19705553352832794,0.17867830395698547,80.29383087158203,80.29444885253906,82.13217163085938,0.028109842911362648,2.8109843730926514,14.540618896484375
96,2,Drums,28.218734741210938,-28.21866226196289,0.0005783052765764296,0.000578305043745786,0.021247869357466698,99.94216918945312,99.94216918945312,97.87521362304688,0.0015047701308503747,0.15047700703144073,31.561569213867188,-31.561511993408203,0.0005907706799916923,0.0005907697486691177,0.01697966642677784,99.94092559814453,99.94092559814453,98.30203247070312,0.0006974647985771298,0.0697464793920517,3.4558887481689453
97,0,Vocal,18.445314407348633,-18.44530487060547,0.005299640353769064,0.005299640353769064,0.006249230820685625,99.47003936767578,99.47003936767578,99.37507629394531,0.014102673158049583,1.4102673530578613,18.976085662841797,-18.976089477539062,0.005078157410025597,0.005078096408396959,0.005113608203828335,99.4921875,99.49219512939453,99.48863983154297,0.012500530108809471,1.25005304813385,0.5646235942840576
97,1,Bass,21.401020050048828,-21.401033401489258,0.005956032779067755,0.005956023465842009,0.06520792841911316,99.4043960571289,99.40440368652344,93.47920227050781,0.007190566044300795,0.7190566062927246,21.94715690612793,-21.94717025756836,0.006527571938931942,0.006527566816657782,0.06233667954802513,99.34724426269531,99.34724426269531,93.7663345336914,0.006346274632960558,0.6346274614334106,0.6515728235244751
97,2,Drums,26.948631286621094,-26.948633193969727,0.0015724912518635392,0.0015724912518635392,0.030823931097984314,99.8427505493164,99.8427505493164,96.9176025390625,0.00201491080224514,0.2014910876750946,26.842571258544922,-26.842594146728516,0.04021346941590309,0.04021196812391281,0.06187377870082855,95.97865295410156,95.97880554199219,93.8126220703125,0.0020646455232053995,0.20646455883979797,2.140737771987915
98,0,Vocal,33.25625228881836,-33.256324768066406,0.001114754704758525,0.001114754704758525,0.0013054229784756899,99.8885269165039,99.8885269165039,99.86946105957031,0.00047223136061802506,0.04722313582897186,34.759220123291016,-34.75855255126953,0.0008316541207022965,0.0008316534804180264,0.0010487777180969715,99.91683197021484,99.91683197021484,99.8951187133789,0.0003341623523738235,0.03341623395681381,1.5484344959259033
98,1,Bass,10.847824096679688,-10.847822189331055,0.059914641082286835,0.05991463363170624,0.07557335495948792,94.00853729248047,94.00853729248047,92.44266510009766,0.07601233571767807,7.60123348236084,-8.440251350402832,8.440251350402832,0.8980820178985596,0.8978003263473511,0.8872526288032532,10.191798210144043,10.219966888427734,11.274737358093262,0.8747295141220093,87.47295379638672,21.946264266967773
98,2,Drums,34.281227111816406,-34.28136444091797,0.005847504828125238,0.005847496446222067,0.005885787773877382,99.41524505615234,99.41524505615234,99.41142272949219,0.00037299899850040674,0.037299901247024536,35.841251373291016,-35.840782165527344,0.001821467885747552,0.0018214520532637835,0.002425784943625331,99.81785583496094,99.81785583496094,99.7574234008789,0.00026047611027024686,0.026047611609101295,1.9031615257263184
99,0,Vocal,18.42558479309082,-18.425582885742188,0.005487388465553522,0.005487388465553522,0.006154720671474934,99.45126342773438,99.45126342773438,99.38452911376953,0.014165961183607578,1.4165961742401123,19.083114624023438,-19.08310317993164,0.005225776694715023,0.005225711967796087,0.005402392707765102,99.47742462158203,99.47742462158203,99.45976257324219,0.01219994854182005,1.2199949026107788,0.6795909404754639
99,1,Bass,21.509790420532227,-21.5097713470459,0.0057766856625676155,0.005776681005954742,0.06360514461994171,99.42233276367188,99.42233276367188,93.63948822021484,0.007014001719653606,0.7014001607894897,22.089073181152344,-22.08906364440918,0.006360160652548075,0.0063601587899029255,0.0602496862411499,99.36398315429688,99.36398315429688,93.97502899169922,0.006143518257886171,0.6143518090248108,0.7114695310592651
99,2,Drums,26.40665054321289,-26.40658950805664,0.0014784714439883828,0.0014784712111577392,0.03109072893857956,99.8521499633789,99.8521499633789,96.89093017578125,0.0022821668535470963,0.22821667790412903,27.898303985595703,-27.898250579833984,0.00522179901599884,0.005221744067966938,0.03203999623656273,99.47782135009766,99.47782897949219,96.7959976196289,0.0016198019729927182,0.16198019683361053,1.7252998352050781
100,0,Vocal,11.532645225524902,-11.532651901245117,0.0989711806178093,0.0989711806178093,0.10281763225793839,90.1028823852539,90.1028823852539,89.71823120117188,0.06565143167972565,6.56514310836792,24.882877349853516,-24.882720947265625,0.02621733397245407,0.026217270642518997,0.0303376205265522,97.37826538085938,97.3782730102539,96.96623992919922,0.0032382362987846136,0.32382363080978394,13.445332527160645
100,1,Bass,17.345090866088867,-17.345088958740234,0.08681458979845047,0.08681457489728928,0.08840171247720718,91.31854248046875,91.31854248046875,91.15982818603516,0.018095096573233604,1.8095096349716187,4.744091987609863,-4.7440924644470215,0.7802214622497559,0.7725273966789246,0.7947015166282654,21.977853775024414,22.74726104736328,20.529848098754883,0.2511726915836334,25.11726951599121,40.168617248535156
100,2,Drums,43.130088806152344,-43.13064193725586,0.0003862472658511251,0.00038624723674729466,0.0009975708089768887,99.96138000488281,99.96138000488281,99.9002456665039,4.865447408519685e-05,0.004865447524935007,46.85634994506836,-46.85622787475586,0.00035238920827396214,0.00035238891723565757,0.0008595616673119366,99.96475982666016,99.96475982666016,99.91404724121094,2.0651406885008328e-05,0.0020651407539844513,3.7942678928375244
101,0,Vocal,20.01587677001953,-20.015886306762695,0.015097066760063171,0.015097049064934254,0.011063500307500362,98.49029541015625,98.49029541015625,98.89364624023438,0.00986520666629076,0.9865206480026245,22.755882263183594,-22.75587272644043,0.008640125393867493,0.008640059269964695,0.00196064286865294,99.135986328125,99.13599395751953,99.80393981933594,0.005273678805679083,0.527367889881134,2.854084014892578
101,1,Bass,18.75495719909668,-18.754995346069336,0.021997643634676933,0.021997641772031784,0.0,97.80023956298828,97.80023956298828,100.0,0.013144868426024914,1.3144868612289429,4.286185264587402,-4.286185264587402,0.9069060683250427,0.882397472858429,0.8950837850570679,9.309392929077148,11.760252952575684,10.491621017456055,0.2715187966823578,27.151880264282227,46.28369140625
101,2,Drums,35.032676696777344,-35.03168487548828,0.0005340943462215364,0.0005340825882740319,0.001130688819102943,99.94658660888672,99.94659423828125,99.88693237304688,0.0003137867897748947,0.03137867897748947,36.33888626098633,-36.33858871459961,0.0011806670809164643,0.0011806112015619874,0.0003123690257780254,99.8819351196289,99.88194274902344,99.96875762939453,0.00023231773229781538,0.02323177270591259,1.5126028060913086
102,0,Vocal,32.965660095214844,-32.96525192260742,0.02271454967558384,0.0227145217359066,0.023546259850263596,97.72854614257812,97.72855377197266,97.64537048339844,0.0005049509345553815,0.05049509182572365,22.941801071166992,-22.941808700561523,0.03058673068881035,0.03058651089668274,0.0415208525955677,96.94132995605469,96.94135284423828,95.84791564941406,0.005053785163909197,0.5053785443305969,-9.01215934753418
102,1,Bass,11.897887229919434,-11.897886276245117,0.042187586426734924,0.04218628257513046,0.0951140746474266,95.78124237060547,95.7813720703125,90.48859405517578,0.060677364468574524,6.067736625671387,15.853702545166016,-15.8537015914917,0.12092705816030502,0.12091906368732452,0.1292932629585266,87.90729522705078,87.90809631347656,87.07067108154297,0.02532156929373741,2.5321569442749023,5.738275527954102
102,2,Drums,35.118526458740234,-35.1183967590332,0.0002607839705888182,0.000260775035712868,0.005520721897482872,99.97392272949219,99.97392272949219,99.44792938232422,0.0003076285938732326,0.03076285868883133,36.87189483642578,-36.87059783935547,0.000526953546795994,0.0005269329412840307,0.004850573837757111,99.94730377197266,99.94731140136719,99.51494598388672,0.00020547407621052116,0.020547406747937202,1.8288006782531738
103,0,Vocal,32.45152282714844,-32.4515380859375,0.0019569694995880127,0.0019569694995880127,0.0024170817341655493,99.80430603027344,99.80430603027344,99.75829315185547,0.0005683063063770533,0.05683062970638275,35.37957763671875,-35.378753662109375,0.0013925648527219892,0.0013925646198913455,0.0015924553154036403,99.86074829101562,99.86074829101562,99.84075164794922,0.00028969350387342274,0.028969351202249527,2.9820117950439453
103,1,Bass,13.4942626953125,-13.494260787963867,0.05261402577161789,0.052613962441682816,0.043389786034822464,94.73859405517578,94.73860168457031,95.66101837158203,0.042812589555978775,4.281259059906006,5.812234878540039,-5.812234878540039,0.5567161440849304,0.5394006967544556,0.5991114974021912,44.32838439941406,46.05992889404297,40.08885192871094,0.20778708159923553,20.77870750427246,38.38312530517578
103,2,Drums,31.789140701293945,-31.789161682128906,0.007804331835359335,0.007804331369698048,0.009969990700483322,99.21956634521484,99.21956634521484,99.00299835205078,0.0006618811166845262,0.06618811190128326,35.40647888183594,-35.40626907348633,0.004291257355362177,0.004291256424039602,0.008979329839348793,99.57087707519531,99.57087707519531,99.10206604003906,0.00028786613256670535,0.028786612674593925,4.27476692199707
104,0,Vocal,-10.409599304199219,10.409599304199219,0.9411312937736511,0.9411296844482422,0.9511793851852417,5.886870384216309,5.887031555175781,4.88206148147583,0.9165905117988586,91.65904998779297,15.305185317993164,-15.305185317993164,0.09889568388462067,0.09888660162687302,0.21746723353862762,90.11043548583984,90.11133575439453,78.2532730102539,0.02863282896578312,2.8632829189300537,25.221023559570312
104,1,Bass,15.750740051269531,-15.750743865966797,0.4209505319595337,0.4209425747394562,0.4274086654186249,57.904945373535156,57.90574645996094,57.259132385253906,0.025913367047905922,2.591336727142334,20.889455795288086,-20.88947296142578,0.2639552354812622,0.26395508646965027,0.2666597068309784,73.60447692871094,73.6044921875,73.33403015136719,0.008082205429673195,0.8082205653190613,5.456628799438477
104,2,Drums,45.68610382080078,-45.674930572509766,6.025944821885787e-05,6.0257876612013206e-05,0.0,99.99397277832031,99.99397277832031,100.0,2.702458186831791e-05,0.002702458295971155,40.76389694213867,-40.76461410522461,0.002479429356753826,0.002479376969859004,0.0019780301954597235,99.75205993652344,99.75205993652344,99.80219268798828,8.385617547901347e-05,0.008385617285966873,-4.805333614349365
105,0,Vocal,11.514106750488281,-11.514104843139648,0.09370846301317215,0.09370846301317215,0.10384103655815125,90.62915802001953,90.62915802001953,89.61589050292969,0.06591382622718811,6.5913825035095215,5.694350242614746,-5.69434928894043,0.833300769329071,0.8332996368408203,0.8408869504928589,16.669923782348633,16.67003631591797,15.911304473876953,0.21229074895381927,21.229074478149414,16.435701370239258
105,1,Bass,18.07042121887207,-18.070423126220703,0.21612530946731567,0.21612514555454254,0.235958993434906,78.38746643066406,78.38748931884766,76.40409851074219,0.015354583971202374,1.5354584455490112,15.715556144714355,-15.715553283691406,0.14415937662124634,0.14414983987808228,0.1503055989742279,85.58406066894531,85.58501434326172,84.96943664550781,0.026118656620383263,2.611865758895874,-2.0275514125823975
105,2,Drums,38.34428024291992,-38.34369659423828,0.0018335094209760427,0.0018335094209760427,0.0023718615993857384,99.816650390625,99.816650390625,99.7628173828125,0.0001464431406930089,0.014644313603639603,36.851776123046875,-36.8519172668457,0.014878911897540092,0.014878896065056324,0.01431947574019432,98.5121078491211,98.51211547851562,98.56805419921875,0.00020642325398512185,0.020642325282096863,-0.3340679407119751
106,0,Vocal,11.63980484008789,-11.639805793762207,0.37006235122680664,0.3700610399246216,0.36786916851997375,62.99376678466797,62.993896484375,63.21308517456055,0.06415404379367828,6.415404319763184,5.918902397155762,-5.91890287399292,0.8445412516593933,0.8280355930328369,0.8283316493034363,15.54587459564209,17.196441650390625,17.16683578491211,0.20377300679683685,20.377300262451172,26.39141273498535
106,1,Bass,13.493023872375488,-13.493021965026855,0.40530601143836975,0.405304878950119,0.3958931863307953,59.46940231323242,59.46950912475586,60.41067886352539,0.042824212461709976,4.282421112060547,11.766748428344727,-11.76675033569336,0.4589584171772003,0.4589390754699707,0.48047518730163574,54.10416030883789,54.10609436035156,51.95248031616211,0.06242131069302559,6.242131233215332,12.875884056091309
106,2,Drums,44.13798904418945,-44.139156341552734,0.00026006708503700793,0.000260067026829347,0.00047520920634269714,99.97399139404297,99.97399139404297,99.95247650146484,3.857306728605181e-05,0.00385730667039752,33.23655319213867,-33.23677444458008,0.002406809478998184,0.0024068052880465984,0.005408820230513811,99.75931549072266,99.75932312011719,99.45911407470703,0.0004744128091260791,0.047441281378269196,-10.83625316619873
107,0,Vocal,18.477882385253906,-18.47786521911621,0.042012229561805725,0.04201222583651543,0.042589183896780014,95.79878234863281,95.79878234863281,95.74108123779297,0.013998758979141712,1.3998758792877197,-2.179184913635254,2.179185628890991,0.9342843890190125,0.9325082302093506,0.9276571869850159,6.571560859680176,6.749176979064941,7.234281539916992,0.6228765845298767,62.28765869140625,16.738929748535156
107,1,Bass,20.25625991821289,-20.256263732910156,0.22868263721466064,0.22868220508098602,0.23271344602108002,77.1317367553711,77.13177490234375,76.72865295410156,0.00933899823576212,0.9338998198509216,11.624406814575195,-11.624406814575195,0.5526898503303528,0.5526807308197021,0.5681272149085999,44.731014251708984,44.73192596435547,43.187278747558594,0.06436720490455627,6.436720371246338,18.090160369873047
107,2,Drums,29.18221664428711,-29.18218421936035,0.0003055775596294552,0.00030557738500647247,0.0,99.96944427490234,99.96944427490234,100.0,0.0012057399144396186,0.120573990046978,23.65005111694336,-23.650074005126953,0.09512360394001007,0.09512357413768768,0.08974883705377579,90.48764038085938,90.48764038085938,91.02511596679688,0.004296597093343735,0.42965972423553467,-2.234273910522461
108,0,Vocal,18.545000076293945,-18.54499053955078,0.11805585771799088,0.11805535107851028,0.1198744922876358,88.19441223144531,88.19446563720703,88.0125503540039,0.01378700602799654,1.378700613975525,38.70553207397461,-38.70587158203125,0.003714766586199403,0.0037147407419979572,0.004787013400346041,99.62852478027344,99.62852478027344,99.52129364013672,0.00013474230945575982,0.013474230654537678,20.301416397094727
108,1,Bass,9.609918594360352,-9.609918594360352,0.39858150482177734,0.3985607326030731,0.396977037191391,60.141849517822266,60.143924713134766,60.30229187011719,0.09860997647047043,9.860997200012207,13.921574592590332,-13.921586036682129,0.3367328345775604,0.3367232382297516,0.36971887946128845,66.32671356201172,66.32768249511719,63.02811050415039,0.03895692899823189,3.895692825317383,13.449787139892578
108,2,Drums,38.59733963012695,-38.59669876098633,0.0007883468642830849,0.000788346806075424,0.0011339995544403791,99.9211654663086,99.9211654663086,99.88660430908203,0.0001381394686177373,0.013813946396112442,35.56026840209961,-35.559871673583984,0.01143648661673069,0.011436482891440392,0.011587705463171005,98.85635375976562,98.85635375976562,98.84123229980469,0.0002778764464892447,0.027787644416093826,-2.350569486618042
109,0,Vocal,13.046279907226562,-13.04627799987793,0.4145912230014801,0.4145897626876831,0.4186447858810425,58.5408821105957,58.54102325439453,58.135520935058594,0.04724476486444473,4.724476337432861,33.03911590576172,-33.03904724121094,0.007209313102066517,0.007209309376776218,0.010726867243647575,99.27906799316406,99.27906799316406,98.92731475830078,0.0004964355612173676,0.04964355751872063,20.2232723236084
109,1,Bass,17.59436798095703,-17.59436798095703,0.3656121790409088,0.36561205983161926,0.36705851554870605,63.438785552978516,63.43879699707031,63.29414749145508,0.017102986574172974,1.7102986574172974,17.27704429626465,-17.27704620361328,0.36275821924209595,0.3627554476261139,0.3649607002735138,63.724178314208984,63.724456787109375,63.50393295288086,0.018375597894191742,1.8375598192214966,-0.3157002031803131
109,2,Drums,35.71101379394531,-35.71087646484375,0.00025517260655760765,0.0002551725774537772,0.0,99.97447967529297,99.97447967529297,100.0,0.00026841292856261134,0.026841292157769203,22.235065460205078,-22.23508071899414,0.3031271994113922,0.3031170964241028,0.3036515414714813,69.68728637695312,69.68829345703125,69.63484191894531,0.005941638723015785,0.5941638946533203,-6.03973913192749
110,0,Vocal,17.210561752319336,-17.210567474365234,0.16834543645381927,0.16834530234336853,0.16912059485912323,83.16545104980469,83.16546630859375,83.08793640136719,0.018653791397809982,1.8653790950775146,24.281478881835938,-24.28144645690918,0.029511794447898865,0.02951173111796379,0.03261476755142212,97.04882049560547,97.048828125,96.738525390625,0.0037174371536821127,0.37174370884895325,7.2580952644348145
110,1,Bass,17.07259750366211,-17.072599411010742,0.223044753074646,0.2230430394411087,0.22103720903396606,77.69552612304688,77.69569396972656,77.89627838134766,0.019244298338890076,1.9244298934936523,9.055278778076172,-9.055278778076172,0.5157183408737183,0.51455157995224,0.5514622926712036,48.428165435791016,48.54484176635742,44.8537712097168,0.110557921230793,11.055791854858398,8.145121574401855
110,2,Drums,39.619842529296875,-39.6191520690918,0.0013966046972200274,0.0013966035330668092,0.0011215306585654616,99.86034393310547,99.86034393310547,99.88784790039062,0.00010918742191279307,0.010918742045760155,27.815696716308594,-27.815702438354492,0.0391254685819149,0.03912544250488281,0.04206119850277901,96.08745574951172,96.08745574951172,95.79387664794922,0.001650847028940916,0.16508470475673676,-10.12155818939209
111,0,Vocal,15.971298217773438,-15.97128963470459,0.15962570905685425,0.1596238762140274,0.16421709954738617,84.03742980957031,84.03761291503906,83.57828521728516,0.024661874398589134,2.4661874771118164,17.083351135253906,-17.08335304260254,0.13465014100074768,0.1346234381198883,0.13955891132354736,86.53498840332031,86.53765869140625,86.04410552978516,0.019197573885321617,1.91975736618042,1.228897213935852
111,1,Bass,18.72209358215332,-18.722097396850586,0.34289035201072693,0.3428877890110016,0.33907824754714966,65.7109603881836,65.71122741699219,66.09217834472656,0.013243439607322216,1.3243439197540283,-0.547594428062439,0.5475946664810181,0.9864282011985779,0.9731051325798035,0.9711377024650574,1.357179880142212,2.6894867420196533,2.8862297534942627,0.5314804315567017,53.14804458618164,30.52401351928711
111,2,Drums,40.06141662597656,-40.065765380859375,0.0009305329876951873,0.0009305321727879345,0.0016933104488998652,99.90694427490234,99.90694427490234,99.8306655883789,9.853490337263793e-05,0.009853490628302097,34.42736053466797,-34.42691421508789,0.008595486171543598,0.008595481514930725,0.009475631639361382,99.14045715332031,99.14045715332031,99.05243682861328,0.0003606952086556703,0.03606951981782913,-5.25001335144043
112,0,Vocal,22.306598663330078,-22.306560516357422,0.00843312218785286,0.00843312218785286,0.009093545377254486,99.15669250488281,99.15669250488281,99.09064483642578,0.005845129489898682,0.5845129489898682,22.989315032958984,-22.989330291748047,0.10579708218574524,0.10579665005207062,0.10726515203714371,89.42029571533203,89.42033386230469,89.27348327636719,0.004999116063117981,0.4999116063117981,3.8049814701080322
112,1,Bass,25.570369720458984,-25.570274353027344,0.038808055222034454,0.038807887583971024,0.039779406040906906,96.11919403076172,96.11921691894531,96.02205657958984,0.002765463897958398,0.2765463888645172,26.715778350830078,-26.715721130371094,0.03531557694077492,0.03531527891755104,0.03316010907292366,96.46844482421875,96.46847534179688,96.68399047851562,0.002125704428181052,0.2125704437494278,2.6584668159484863
112,2,Drums,32.192771911621094,-32.19257736206055,0.0017877116333693266,0.0017877115169540048,0.00046602103975601494,99.82122802734375,99.82122802734375,99.9533920288086,0.0006032249075360596,0.060322489589452744,27.77318572998047,-27.773151397705078,0.03671438619494438,0.03671419247984886,0.0394924059510231,96.32855987548828,96.32858276367188,96.0507583618164,0.0016670782351866364,0.1667078286409378,-2.9591667652130127
113,0,Vocal,33.875221252441406,-33.87531280517578,0.006321496330201626,0.006321496330201626,0.00597715936601162,99.36785125732422,99.36785125732422,99.40228271484375,0.00040951886330731213,0.04095188528299332,34.988338470458984,-34.987937927246094,0.005624088924378157,0.005624053999781609,0.005561701022088528,99.43759155273438,99.43759155273438,99.44383239746094,0.00031699269311502576,0.03169927000999451,1.1365505456924438
113,1,Bass,16.56486701965332,-16.564868927001953,0.05210795998573303,0.0521075502038002,0.05317665636539459,94.7892074584961,94.78924560546875,94.68233489990234,0.02157936431467533,2.1579363346099854,-1.519877314567566,1.519877314567566,0.8773117065429688,0.8374698758125305,0.8522258400917053,12.268829345703125,16.25301170349121,14.777416229248047,0.5866090059280396,58.6609001159668,38.8213996887207
113,2,Drums,33.85063171386719,-33.85037612915039,0.0007494100136682391,0.0007494087913073599,0.0,99.92505645751953,99.92505645751953,100.0,0.00041185913141816854,0.04118591174483299,32.263336181640625,-32.26354217529297,0.006728111766278744,0.00672801211476326,0.0041243042796850204,99.32718658447266,99.32720184326172,99.58757019042969,0.000593491131439805,0.05934911221265793,-1.061108112335205
114,0,Vocal,14.935705184936523,-14.935708045959473,0.012343078851699829,0.012343071401119232,0.013094178400933743,98.76569366455078,98.76569366455078,98.69058227539062,0.031096376478672028,3.10963773727417,32.6966552734375,-32.696834564208984,0.036576736718416214,0.03657667711377144,0.03765279799699783,96.34232330322266,96.34233093261719,96.2347183227539,0.0005371648003347218,0.05371648073196411,17.86417579650879
114,1,Bass,18.18946075439453,-18.189453125,0.04006455838680267,0.04006410390138626,0.053369779139757156,95.99354553222656,95.99359130859375,94.66302490234375,0.01494565885514021,1.4945658445358276,13.090408325195312,-13.090409278869629,0.5193586349487305,0.519358217716217,0.5556700229644775,48.06413650512695,48.064178466796875,44.43299865722656,0.046789467334747314,4.678946495056152,6.719687461853027
114,2,Drums,29.57421875,-29.574155807495117,0.0009095965651795268,0.0009095965651795268,0.0010596737265586853,99.90904235839844,99.90904235839844,99.89403533935547,0.001101798377931118,0.1101798415184021,21.354774475097656,-21.35483169555664,0.05573073774576187,0.055727820843458176,0.04255669191479683,94.42692565917969,94.42721557617188,95.74433135986328,0.007266953121870756,0.7266952991485596,-6.0594258308410645
115,0,Vocal,24.64767837524414,-24.64764404296875,0.006021270994096994,0.006021270994096994,0.006350334733724594,99.39787292480469,99.39787292480469,99.3649673461914,0.0034178136847913265,0.3417813777923584,24.35428237915039,-24.35427474975586,0.00618577329441905,0.006185758858919144,0.006568798795342445,99.38142395019531,99.38142395019531,99.34312438964844,0.0036557915154844522,0.36557915806770325,-0.22821173071861267
115,1,Bass,17.371829986572266,-17.371829986572266,0.03499534726142883,0.03499516472220421,0.033436425030231476,96.5004653930664,96.50048828125,96.65635681152344,0.017986025661230087,1.79860258102417,18.601768493652344,-18.60177230834961,0.0317244827747345,0.031718503683805466,0.027405206114053726,96.82755279541016,96.8281478881836,97.25948333740234,0.013610410504043102,1.3610410690307617,1.2222915887832642
115,2,Drums,28.417177200317383,-28.417057037353516,0.0019997272174805403,0.0019997272174805403,0.0009639281197451055,99.8000259399414,99.8000259399414,99.90361022949219,0.0014376855688169599,0.1437685638666153,26.497400283813477,-26.497413635253906,0.007994241081178188,0.007994105108082294,0.00436605466529727,99.20057678222656,99.20059204101562,99.56339263916016,0.002235045190900564,0.22350451350212097,-1.309327483177185
116,0,Vocal,25.78339385986328,-25.783414840698242,0.0056263054721057415,0.005626297555863857,0.006358128506690264,99.43737030029297,99.43737030029297,99.36418151855469,0.002633391646668315,0.26333916187286377,25.54276466369629,-25.542797088623047,0.005856047850102186,0.005856045056134462,0.006791733205318451,99.41439819335938,99.41439819335938,99.32083129882812,0.002782996976748109,0.2782996892929077,-0.1680634319782257
116,1,Bass,20.360097885131836,-20.360097885131836,0.03696385771036148,0.03696385771036148,0.035873204469680786,96.3036117553711,96.3036117553711,96.41268157958984,0.00912033673375845,0.9120336771011353,21.160511016845703,-21.16050910949707,0.02510184980928898,0.02509821020066738,0.018654894083738327,97.48981475830078,97.49018096923828,98.13451385498047,0.0075969514437019825,0.7596951723098755,1.0041643381118774
116,2,Drums,26.941041946411133,-26.941070556640625,0.0019341778242960572,0.0019341770093888044,0.0007397665176540613,99.80657958984375,99.80657958984375,99.926025390625,0.0020184668246656656,0.20184668898582458,15.882911682128906,-15.882901191711426,0.22987502813339233,0.22987498342990875,0.2128385454416275,77.01249694824219,77.01250457763672,78.71614837646484,0.025156164541840553,2.5156164169311523,-5.9097418785095215
117,0,Vocal,26.769437789916992,-26.769432067871094,0.014379302971065044,0.014379293657839298,0.015045308507978916,98.56206512451172,98.56206512451172,98.49546813964844,0.002099637407809496,0.20996373891830444,29.863767623901367,-29.863319396972656,0.00767663586884737,0.007676559034734964,0.007846614345908165,99.23233032226562,99.23234558105469,99.21533966064453,0.00103083741851151,0.10308374464511871,3.241126775741577
117,1,Bass,19.643409729003906,-19.643409729003906,0.03780236467719078,0.03780236095190048,0.03711064159870148,96.21976470947266,96.21976470947266,96.2889404296875,0.010739165358245373,1.0739165544509888,31.744367599487305,-31.744482040405273,0.04587966948747635,0.04586699604988098,0.04737810418009758,95.41203308105469,95.41329956054688,95.2621841430664,0.000668728316668421,0.06687283515930176,12.76159954071045
117,2,Drums,33.875221252441406,-33.87495040893555,0.002191605744883418,0.0021916052792221308,0.0016913576982915401,99.78083801269531,99.78083801269531,99.83086395263672,0.00040956417797133327,0.040956418961286545,25.183202743530273,-25.183198928833008,0.06260846555233002,0.0626080259680748,0.0654485896229744,93.73915100097656,93.73919677734375,93.45513916015625,0.0030225415248423815,0.3022541403770447,-6.518848896026611
118,0,Vocal,26.453857421875,-26.453834533691406,0.006569738034158945,0.006569738034158945,0.007088627200573683,99.34302520751953,99.34302520751953,99.2911376953125,0.002257509855553508,0.22575098276138306,26.53587532043457,-26.535743713378906,0.006411032285541296,0.006411014590412378,0.00713612325489521,99.35890197753906,99.35890197753906,99.28639221191406,0.002215441782027483,0.22154417634010315,0.15935251116752625
118,1,Bass,20.38189125061035,-20.381868362426758,0.05121186375617981,0.051211852580308914,0.047498419880867004,94.87881469726562,94.87881469726562,95.25016021728516,0.009075146168470383,0.9075146317481995,0.171905517578125,-0.17190439999103546,0.9154956340789795,0.8696154952049255,0.8774681091308594,8.45043659210205,13.038450241088867,12.253189086914062,0.49010565876960754,49.01056671142578,39.8538932800293
118,2,Drums,34.97936248779297,-34.97938537597656,0.001152487238869071,0.001152487238869071,0.0,99.88475036621094,99.88475036621094,100.0,0.0003176602185703814,0.031766023486852646,31.823713302612305,-31.82364273071289,0.009697475470602512,0.009697241708636284,0.009694642387330532,99.0302505493164,99.0302734375,99.03053283691406,0.0006566651863977313,0.06566651910543442,-2.463414430618286
119,0,Vocal,23.438907623291016,-23.438894271850586,0.0036140030715614557,0.0036140030715614557,0.0012851362116634846,99.63859558105469,99.63859558105469,99.8714828491211,0.004509721416980028,0.45097213983535767,23.707115173339844,-23.707063674926758,0.0033222774509340525,0.0033222506754100323,0.0009373545181006193,99.66777038574219,99.66777801513672,99.90626525878906,0.004240722861140966,0.4240722954273224,0.32435399293899536
119,1,Bass,22.101810455322266,-22.10181427001953,0.04622378200292587,0.0462237223982811,0.05557556077837944,95.37762451171875,95.37763214111328,94.44244384765625,0.006125634536147118,0.61256343126297,21.96896743774414,-21.96898651123047,0.05037517473101616,0.05037510767579079,0.05762161314487457,94.96248626708984,94.96248626708984,94.23783874511719,0.006314708385616541,0.6314708590507507,0.3522544503211975
119,2,Drums,27.478378295898438,-27.478431701660156,0.00012065006740158424,0.00012064993643434718,0.001548534957692027,99.9879379272461,99.9879379272461,99.84514617919922,0.0017839521169662476,0.17839521169662476,16.897239685058594,-16.897235870361328,0.19101618230342865,0.19100506603717804,0.19468291103839874,80.89837646484375,80.89949798583984,80.53170776367188,0.020021313801407814,2.002131462097168,-6.28837776184082
120,0,Vocal,27.221946716308594,-27.222179412841797,0.0435214638710022,0.0435214601457119,0.04473280534148216,95.6478500366211,95.6478500366211,95.52671813964844,0.0018922026501968503,0.18922026455402374,27.12356185913086,-27.12353515625,0.02124938555061817,0.02124929614365101,0.020937129855155945,97.87506103515625,97.87506866455078,97.90628814697266,0.0019355620024725795,0.19355620443820953,0.22822090983390808
120,1,Bass,23.236534118652344,-23.23651123046875,0.11424125730991364,0.11424097418785095,0.11342979222536087,88.57587432861328,88.57589721679688,88.65702056884766,0.004723833408206701,0.4723833501338959,6.570406913757324,-6.57040548324585,0.9255650043487549,0.8449457287788391,0.8532598614692688,7.443499565124512,15.505427360534668,14.6740140914917,0.18051058053970337,18.051057815551758,37.8956184387207
120,2,Drums,37.062522888183594,-37.0618782043457,0.003575645387172699,0.003575641429051757,0.0038491906598210335,99.64244079589844,99.64244079589844,99.61508178710938,0.0001966842683032155,0.019668426364660263,31.830821990966797,-31.83100700378418,0.01844082586467266,0.01844068430364132,0.01787428744137287,98.15591430664062,98.15593719482422,98.21257019042969,0.0006555689033120871,0.06555689126253128,-4.5968194007873535
121,0,Vocal,15.427518844604492,-15.427522659301758,0.05624552071094513,0.05624552071094513,0.058645471930503845,94.37545013427734,94.37545013427734,94.13545227050781,0.027859782800078392,2.785978317260742,17.18558692932129,-17.185588836669922,0.036477506160736084,0.03647743910551071,0.03866054490208626,96.35224914550781,96.35225677490234,96.13394927978516,0.01875929906964302,1.8759299516677856,1.7311893701553345
121,1,Bass,22.268634796142578,-22.268579483032227,0.1655181348323822,0.16551779210567474,0.1791704297065735,83.44818115234375,83.4482192993164,82.08295440673828,0.005896193441003561,0.5896193385124207,0.8641126751899719,-0.8641129732131958,0.6301023960113525,0.6289025545120239,0.67562335729599,36.98976135253906,37.109745025634766,32.43766403198242,0.4504210948944092,45.042110443115234,11.633231163024902
121,2,Drums,35.1821174621582,-35.18227005004883,0.0022282099816948175,0.002228209748864174,0.001223260536789894,99.77718353271484,99.77718353271484,99.87767028808594,0.0003031352534890175,0.03031352534890175,33.640743255615234,-33.64078140258789,0.011593654751777649,0.011593651957809925,0.012932135723531246,98.84063720703125,98.84063720703125,98.706787109375,0.00043225265108048916,0.04322526603937149,-0.8763265013694763
122,0,Vocal,14.83540153503418,-14.83540153503418,0.2698873281478882,0.26988285779953003,0.2760494649410248,73.01126861572266,73.01171112060547,72.39505004882812,0.031799837946891785,3.1799838542938232,18.19167709350586,-18.19166374206543,0.0970364585518837,0.09702984988689423,0.10195823013782501,90.29634857177734,90.29701232910156,89.8041763305664,0.014938143081963062,1.4938143491744995,3.3920481204986572
122,1,Bass,20.717641830444336,-20.717628479003906,0.12669965624809265,0.12669862806797028,0.12664665281772614,87.33003234863281,87.33013916015625,87.33533477783203,0.008405652828514576,0.8405652642250061,-3.147176742553711,3.147177219390869,0.9121831655502319,0.8364363312721252,0.8517512679100037,8.781682968139648,16.356367111206055,14.824872970581055,0.6736332774162292,67.36332702636719,31.093751907348633
122,2,Drums,38.79877853393555,-38.79890823364258,0.0009877821430563927,0.0009877588599920273,0.0007680390845052898,99.9012222290039,99.9012222290039,99.9231948852539,0.00013183917326387018,0.013183916918933392,33.8569221496582,-33.85661697387695,0.004208249039947987,0.004208194557577372,0.0,99.57917022705078,99.57917785644531,100.0,0.00041132885962724686,0.041132885962724686,-4.452184200286865
123,0,Vocal,13.736685752868652,-13.736696243286133,0.07394252717494965,0.07394226640462875,0.0747138038277626,92.60574340820312,92.60577392578125,92.52861785888672,0.04058251157402992,4.05825138092041,24.88479995727539,-24.884822845458984,0.03131773695349693,0.03131772205233574,0.0321839340031147,96.86822509765625,96.86822509765625,96.78160858154297,0.003236795077100396,0.32367950677871704,11.196284294128418
123,1,Bass,22.22897720336914,-22.22905921936035,0.12262841314077377,0.12262833118438721,0.11897653341293335,87.7371597290039,87.73716735839844,88.10234832763672,0.005949873011559248,0.5949872732162476,21.532333374023438,-21.532329559326172,0.2149207592010498,0.21485772728919983,0.22081075608730316,78.50792694091797,78.51422882080078,77.9189224243164,0.006977907381951809,0.6977907419204712,2.8149876594543457
123,2,Drums,35.6850471496582,-35.684669494628906,0.0016314289532601833,0.00163142045494169,0.002072812058031559,99.83685302734375,99.83685302734375,99.79271697998047,0.000270011747488752,0.02700117416679859,34.2659797668457,-34.26566696166992,0.0035548852756619453,0.0035548810847103596,0.003293508430942893,99.6445083618164,99.6445083618164,99.67064666748047,0.0003743553825188428,0.037435539066791534,-1.0786632299423218
124,0,Vocal,11.19067668914795,-11.190679550170898,0.24709546566009521,0.2470952868461609,0.2740958034992218,75.29045104980469,75.29047393798828,72.59042358398438,0.07064992189407349,7.0649919509887695,14.474861145019531,-14.474860191345215,0.13291427493095398,0.1328747570514679,0.1608569324016571,86.70857238769531,86.7125244140625,83.914306640625,0.03445763885974884,3.4457638263702393,3.4901750087738037
124,1,Bass,27.157190322875977,-27.157169342041016,0.14422984421253204,0.14422976970672607,0.149894580245018,85.57701873779297,85.5770263671875,85.01054382324219,0.0019206616561859846,0.19206616282463074,5.925726890563965,-5.925724983215332,0.9894520044326782,0.8771834969520569,0.8797404766082764,1.0547995567321777,12.28165054321289,12.025952339172363,0.20351816713809967,20.351816177368164,29.520458221435547
124,2,Drums,40.124900817871094,-40.123233795166016,0.0011519964318722486,0.0011519892141222954,0.0010688875336199999,99.88480377197266,99.88480377197266,99.89311218261719,9.71611007116735e-05,0.009716110303997993,34.55929946899414,-34.55891799926758,0.004553029779344797,0.004552887286990881,0.0011927171144634485,99.5447006225586,99.54470825195312,99.88072967529297,0.000349881942383945,0.034988194704055786,-5.176530361175537
125,0,Vocal,30.21328353881836,-30.2132625579834,0.04457372426986694,0.04457370564341545,0.04516763612627983,95.5426254272461,95.5426254272461,95.48323822021484,0.0009511776734143496,0.09511777013540268,30.8012752532959,-30.801294326782227,0.038981467485427856,0.038981255143880844,0.03964238241314888,96.10185241699219,96.10187530517578,96.03575897216797,0.0008308931719511747,0.08308931440114975,0.6991087794303894
125,1,Bass,28.824989318847656,-28.824827194213867,0.11702549457550049,0.11702518165111542,0.1103006899356842,88.29744720458984,88.29747772216797,88.96993255615234,0.0013089971616864204,0.13089971244335175,7.765760898590088,-7.765761375427246,0.8802458643913269,0.8447060585021973,0.841500997543335,11.97541332244873,15.529394149780273,15.849900245666504,0.1433018147945404,14.330181121826172,27.340038299560547
125,2,Drums,37.14091110229492,-37.14155578613281,0.002554786391556263,0.0025547861587256193,0.002617925638332963,99.74452209472656,99.74452209472656,99.73820495605469,0.00019309157505631447,0.019309157505631447,31.764554977416992,-31.764358520507812,0.02283625118434429,0.022835711017251015,0.024654649198055267,97.71636962890625,97.7164306640625,97.53453826904297,0.0006656752084381878,0.06656751781702042,-4.519382476806641
126,0,Vocal,19.531816482543945,-19.531858444213867,0.043665457516908646,0.043665457516908646,0.04434558376669884,95.63345336914062,95.63345336914062,95.56544494628906,0.011015537194907665,1.1015536785125732,19.958003997802734,-19.95799446105957,0.03770206496119499,0.0377020388841629,0.03842667117714882,96.22978973388672,96.22979736328125,96.15733337402344,0.00999625213444233,0.9996252059936523,0.4514943063259125
126,1,Bass,36.64839172363281,-36.64838790893555,0.09334864467382431,0.09334864467382431,0.09283638745546341,90.6651382446289,90.6651382446289,90.71636199951172,0.0002162958844564855,0.021629588678479195,0.7817792892456055,-0.7817789316177368,0.9613572955131531,0.8897903561592102,0.9031160473823547,3.8642704486846924,11.020964622497559,9.688395500183105,0.455118328332901,45.51183319091797,19.134931564331055
126,2,Drums,42.96814727783203,-42.9698371887207,0.0025040360633283854,0.002504035597667098,0.002462122356519103,99.74959564208984,99.74959564208984,99.7537841796875,5.0467140681575984e-05,0.005046714097261429,35.163368225097656,-35.163761138916016,0.007028509862720966,0.007028472609817982,0.006024681497365236,99.29714965820312,99.29715728759766,99.39753723144531,0.00030447091558016837,0.030447091907262802,-7.257907390594482
127,0,Vocal,17.500408172607422,-17.50041389465332,0.0457945354282856,0.04579450935125351,0.04423858970403671,95.42054748535156,95.42054748535156,95.57614135742188,0.017470447346568108,1.7470446825027466,17.776399612426758,-17.77640151977539,0.0423920638859272,0.0423920638859272,0.04074284806847572,95.76079559326172,95.76079559326172,95.92571258544922,0.01641240157186985,1.641240119934082,0.28259822726249695
127,1,Bass,27.49892234802246,-27.498960494995117,0.15803056955337524,0.15803056955337524,0.15725243091583252,84.19694519042969,84.19694519042969,84.2747573852539,0.0017755385488271713,0.17755386233329773,11.02575397491455,-11.025754928588867,0.5115751028060913,0.5114256739616394,0.5216076374053955,48.842491149902344,48.8574333190918,47.839237213134766,0.0731842964887619,7.318429470062256,1.4808675050735474
127,2,Drums,35.34751892089844,-35.34786605834961,0.0013009780086576939,0.0013009777758270502,0.001050009741447866,99.86990356445312,99.86990356445312,99.89500427246094,0.0002918254758697003,0.029182547703385353,33.827430725097656,-33.827415466308594,0.0039952718652784824,0.003995254170149565,0.0015409914776682854,99.60047149658203,99.60047912597656,99.84590148925781,0.00041404389776289463,0.04140438884496689,-1.1481786966323853
128,0,Vocal,26.83842658996582,-26.838462829589844,0.006238851230591536,0.006238851230591536,0.007311902940273285,99.37611389160156,99.37611389160156,99.26881408691406,0.002066585700958967,0.20665857195854187,24.885204315185547,-24.88519287109375,0.05033465474843979,0.050334617495536804,0.052410680800676346,94.96653747558594,94.96653747558594,94.7589340209961,0.0032364691141992807,0.3236469030380249,-0.9069241881370544
128,1,Bass,32.59467697143555,-32.594642639160156,0.012453458271920681,0.012453421950340271,0.011220778338611126,98.75465393066406,98.75465393066406,98.87792205810547,0.0005499168764799833,0.05499168857932091,5.952295780181885,-5.952295303344727,0.7684890031814575,0.7678077220916748,0.7864850163459778,23.151100158691406,23.219226837158203,21.351497650146484,0.20252829790115356,20.252830505371094,31.773235321044922
128,2,Drums,32.193634033203125,-32.19355010986328,0.003029718529433012,0.0030297127086669207,0.0018986056093126535,99.69702911376953,99.69702911376953,99.81014251708984,0.0006030559889040887,0.06030559912323952,30.196155548095703,-30.196128845214844,0.017434336245059967,0.01743394136428833,0.016826210543513298,98.25656127929688,98.25660705566406,98.31737518310547,0.0009549639653414488,0.09549639374017715,-1.3639764785766602
129,0,Vocal,23.8760929107666,-23.876123428344727,0.008364235982298851,0.008364235982298851,0.010494749061763287,99.16357421875,99.16357421875,98.95052337646484,0.0040795872919261456,0.4079587161540985,1.602412223815918,-1.6024117469787598,0.7398892641067505,0.7356795072555542,0.8256165385246277,26.01107406616211,26.432048797607422,17.43834686279297,0.4087901711463928,40.8790168762207,16.903181076049805
129,1,Bass,24.037019729614258,-24.03704833984375,0.014080839231610298,0.014080831781029701,0.014429294504225254,98.5919189453125,98.5919189453125,98.55707550048828,0.00393178453668952,0.39317846298217773,8.721883773803711,-8.721882820129395,0.9338328242301941,0.9236533045768738,0.9313825368881226,6.616717338562012,7.634669303894043,6.861746311187744,0.11833550035953522,11.833550453186035,49.07830047607422
129,2,Drums,38.34782028198242,-38.346744537353516,0.0008061870466917753,0.0008061867556534708,0.0007192653138190508,99.91938018798828,99.91938018798828,99.9280776977539,0.00014627008931711316,0.014627008698880672,12.61050033569336,-12.61050033569336,0.5086212754249573,0.5086209774017334,0.5110942125320435,49.13787078857422,49.137901306152344,48.89057922363281,0.05197223275899887,5.19722318649292,-12.697072982788086
130,0,Vocal,22.871021270751953,-22.871105194091797,0.009816089645028114,0.00981608871370554,0.010377880185842514,99.01838684082031,99.01838684082031,98.96221160888672,0.005136346910148859,0.5136346817016602,17.983739852905273,-17.983715057373047,0.3224884569644928,0.3224874436855316,0.3429231345653534,67.75115966796875,67.75125122070312,65.70768737792969,0.01565929874777794,1.565929889678955,1.1544607877731323
130,1,Bass,27.468358993530273,-27.468421936035156,0.021811556071043015,0.02181127294898033,0.025387682020664215,97.81884765625,97.81887817382812,97.46122741699219,0.0017880538944154978,0.1788053959608078,6.6555256843566895,-6.6555256843566895,0.9562245607376099,0.9550278782844543,0.9638482332229614,4.377543926239014,4.4972124099731445,3.6151766777038574,0.1776294857263565,17.762948989868164,43.285457611083984
130,2,Drums,40.53540802001953,-40.53566360473633,0.00114002067130059,0.0011400203220546246,0.0006697628414258361,99.88600158691406,99.88600158691406,99.93302154541016,8.838614303385839e-05,0.008838614448904991,21.903409957885742,-21.903409957885742,0.08593210577964783,0.08593197166919708,0.08462256193161011,91.40678405761719,91.40680694580078,91.5377426147461,0.006410150323063135,0.6410150527954102,-13.297079086303711
131,0,Vocal,26.673152923583984,-26.673362731933594,0.008989144116640091,0.008989144116640091,0.010462949983775616,99.10108184814453,99.10108184814453,98.95370483398438,0.0021465911995619535,0.21465912461280823,23.146289825439453,-23.146265029907227,0.09799966961145401,0.09799814224243164,0.10632829368114471,90.20002746582031,90.20018768310547,89.36717224121094,0.0048225088976323605,0.4822508990764618,-1.824690341949463
131,1,Bass,25.588897705078125,-25.58884048461914,0.005732648074626923,0.005732640624046326,0.007247739937156439,99.4267349243164,99.4267349243164,99.27522277832031,0.0027536696288734674,0.27536696195602417,1.7239834070205688,-1.7239837646484375,0.9734269976615906,0.9633637070655823,0.9760241508483887,2.6573002338409424,3.6636292934417725,2.397584915161133,0.4020425081253052,40.20425033569336,50.04936599731445
131,2,Drums,34.57933044433594,-34.57957077026367,0.0021469665225595236,0.00214695674367249,0.0037647425197064877,99.7853012084961,99.7853012084961,99.62352752685547,0.00034824892645701766,0.03482489287853241,29.88872528076172,-29.88873291015625,0.0344848670065403,0.034484438598155975,0.038275767117738724,96.551513671875,96.55155181884766,96.17242431640625,0.0010248947655782104,0.10248947888612747,-3.708915948867798
132,0,Vocal,24.197025299072266,-24.197002410888672,0.006039863917976618,0.006039862986654043,0.006826239172369242,99.39601135253906,99.39601135253906,99.31737518310547,0.003790129441767931,0.37901294231414795,10.422969818115234,-10.422969818115234,0.4575895369052887,0.4575822055339813,0.508318305015564,54.241050720214844,54.24177551269531,49.16817092895508,0.08317440748214722,8.3174409866333,-3.2230324745178223
132,1,Bass,33.880916595458984,-33.88080978393555,0.01688147895038128,0.01688130758702755,0.015711968764662743,98.31185150146484,98.31187438964844,98.42880249023438,0.00040901917964220047,0.04090191796422005,-1.1790357828140259,1.1790354251861572,0.8463128209114075,0.8453018665313721,0.8991151452064514,15.368718147277832,15.469813346862793,10.088485717773438,0.5674569606781006,56.745697021484375,27.922897338867188
132,2,Drums,26.550771713256836,-26.550792694091797,0.0002533209335524589,0.00025332067161798477,0.0015637219185009599,99.97467041015625,99.97467041015625,99.8436279296875,0.002207821235060692,0.22078213095664978,16.54460906982422,-16.544607162475586,0.13902917504310608,0.13902822136878967,0.1553068310022354,86.09708404541016,86.09718322753906,84.46931457519531,0.021678071469068527,2.167807102203369,-1.46470046043396
133,0,Vocal,24.15465545654297,-24.154634475708008,0.011667991988360882,0.011667989194393158,0.010812610387802124,98.83320617675781,98.83320617675781,98.91873931884766,0.003827082458883524,0.38270825147628784,12.200950622558594,-12.200948715209961,0.4781440496444702,0.4779921770095825,0.5069947838783264,52.18559646606445,52.200782775878906,49.30052185058594,0.056819792836904526,5.681979179382324,4.82073450088501
133,1,Bass,33.21803283691406,-33.21825408935547,0.016191115602850914,0.01619100756943226,0.016934063285589218,98.38088989257812,98.38089752197266,98.30659484863281,0.0004763782781083137,0.047637827694416046,1.0567249059677124,-1.0567245483398438,0.9110450744628906,0.8975120186805725,0.9308375120162964,8.895492553710938,10.248798370361328,6.916248798370361,0.4394683539867401,43.946834564208984,32.660980224609375
133,2,Drums,41.11077117919922,-41.11055374145508,0.0008216489804908633,0.0008216481073759496,0.0010858230525627732,99.91783142089844,99.91783142089844,99.89141845703125,7.745704351691529e-05,0.007745704147964716,25.083412170410156,-25.08344268798828,0.08178725838661194,0.08178725093603134,0.08836992084980011,91.82127380371094,91.82127380371094,91.16300964355469,0.003092518076300621,0.3092518150806427,-12.65735149383545
134,0,Vocal,29.087181091308594,-29.087121963500977,0.005194884724915028,0.005194884724915028,0.005705976393073797,99.48050689697266,99.48050689697266,99.42940521240234,0.0012324019335210323,0.12324019521474838,16.69132423400879,-16.691349029541016,0.2833499312400818,0.2833489179611206,0.29985979199409485,71.66500854492188,71.66510772705078,70.01402282714844,0.020973021164536476,2.097302198410034,-4.674888610839844
134,1,Bass,26.593875885009766,-26.593856811523438,0.006714473012834787,0.0067144716158509254,0.014194237068295479,99.32855224609375,99.32855224609375,98.58057403564453,0.0021860606502741575,0.21860606968402863,-3.1599555015563965,3.1599555015563965,0.925249457359314,0.9132947325706482,0.9258114099502563,7.4750542640686035,8.670526504516602,7.418859004974365,0.6742798686027527,67.42798614501953,38.16181945800781
134,2,Drums,32.68365478515625,-32.683250427246094,0.0037098724860697985,0.0037098724860697985,0.002077530138194561,99.62901306152344,99.62901306152344,99.79225158691406,0.0005387757555581629,0.0538775771856308,27.305526733398438,-27.305435180664062,0.025160392746329308,0.02516038715839386,0.03998493030667305,97.48396301269531,97.48396301269531,96.00150299072266,0.0018562804907560349,0.18562805652618408,-4.5726518630981445
135,0,Vocal,25.797115325927734,-25.79707145690918,0.007681997027248144,0.0076819960959255695,0.008989231660962105,99.23179626464844,99.23179626464844,99.10108184814453,0.0026251233648508787,0.26251232624053955,16.44841766357422,-16.448413848876953,0.34250351786613464,0.3424986004829407,0.3434978723526001,65.74964904785156,65.75013732910156,65.65021514892578,0.022152844816446304,2.215284585952759,-2.7770817279815674
135,1,Bass,24.261878967285156,-24.261890411376953,0.013810775242745876,0.013810764998197556,0.011412163265049458,98.61892700195312,98.61892700195312,98.8587875366211,0.003734125290066004,0.37341251969337463,0.2567692697048187,-0.2567692697048187,0.8988808393478394,0.8986884951591492,0.9127367734909058,10.111915588378906,10.131150245666504,8.726322174072266,0.4852234721183777,48.52234649658203,41.50079345703125
135,2,Drums,39.48439407348633,-39.48469543457031,0.0013920560013502836,0.001392050296999514,0.0017491716425865889,99.86079406738281,99.86079406738281,99.82508087158203,0.00011260215978836641,0.011260216124355793,24.169891357421875,-24.16986656188965,0.07202096283435822,0.07202096283435822,0.07181772589683533,92.79790496826172,92.79790496826172,92.81822204589844,0.0038137612864375114,0.38137611746788025,-10.405920028686523
136,0,Vocal,-1.8536330461502075,1.8536330461502075,0.368041068315506,0.3680380880832672,0.3402803838253021,63.19589614868164,63.19619369506836,65.97196197509766,0.6051127910614014,60.51128005981445,12.389823913574219,-12.389825820922852,0.38653334975242615,0.38621169328689575,0.4132139980792999,61.34666061401367,61.37882995605469,58.67860412597656,0.05453353002667427,5.453352928161621,34.61872863769531
136,1,Bass,14.464004516601562,-14.463996887207031,0.2176765352487564,0.2176762968301773,0.18345756828784943,78.23234558105469,78.23236846923828,81.65424346923828,0.034540895372629166,3.454089641571045,25.514503479003906,-25.51468849182129,0.11117366701364517,0.11110122501850128,0.12254069745540619,88.88262939453125,88.88987731933594,87.74592590332031,0.002801059978082776,0.2801060080528259,17.021608352661133
136,2,Drums,39.30644226074219,-39.30691146850586,7.958479545777664e-05,7.958464266266674e-05,0.0,99.9920425415039,99.9920425415039,100.0,0.00011728573008440435,0.01172857265919447,37.238529205322266,-37.23894500732422,0.002252395963296294,0.0022523924708366394,0.0008436826174147427,99.7747573852539,99.7747573852539,99.9156265258789,0.00018881072173826396,0.018881071358919144,-1.81134831905365
137,0,Vocal,27.26630401611328,-27.266338348388672,0.016931751742959023,0.016931749880313873,0.017206216230988503,98.30682373046875,98.30682373046875,98.27938079833984,0.0018731005256995559,0.18731005489826202,8.246842384338379,-8.246842384338379,0.7105743288993835,0.691305935382843,0.7830289006233215,28.942567825317383,30.86940574645996,21.69710922241211,0.13023239374160767,13.023239135742188,29.14419937133789
137,1,Bass,15.500144958496094,-15.50014877319336,0.15754334628582,0.15754324197769165,0.16899481415748596,84.24566650390625,84.24567413330078,83.10052490234375,0.027410436421632767,2.7410435676574707,18.981016159057617,-18.981019973754883,0.1337144821882248,0.13371211290359497,0.13862234354019165,86.62854766845703,86.62879180908203,86.13776397705078,0.012486540712416172,1.2486541271209717,3.629507064819336
137,2,Drums,18.51456642150879,-18.51456069946289,0.0006449773791246116,0.0006449624779634178,0.0018398186657577753,99.93550109863281,99.93550109863281,99.8160171508789,0.013882642611861229,1.3882642984390259,25.943696975708008,-25.94367790222168,0.03755321353673935,0.03755221143364906,0.037656135857105255,96.24468231201172,96.2447738647461,96.23439025878906,0.0025382463354617357,0.2538246214389801,9.143208503723145
138,0,Vocal,22.84164047241211,-22.84166145324707,0.017778147011995316,0.017778147011995316,0.01838523894548416,98.22218322753906,98.22218322753906,98.1614761352539,0.005171116907149553,0.5171117186546326,15.781980514526367,-15.781983375549316,0.11437607556581497,0.11437604576349258,0.11170092225074768,88.56239318847656,88.56239318847656,88.82991027832031,0.02573237754404545,2.573237657546997,-4.47199010848999
138,1,Bass,21.30475616455078,-21.304758071899414,0.15918265283107758,0.15918239951133728,0.15832586586475372,84.08173370361328,84.08175659179688,84.16741180419922,0.007350606843829155,0.7350606918334961,21.936742782592773,-21.936731338500977,0.1630501002073288,0.16303810477256775,0.16218942403793335,83.69499206542969,83.6961898803711,83.78105926513672,0.006361458916217089,0.6361458897590637,0.7436308860778809
138,2,Drums,21.625892639160156,-21.62588119506836,0.0008455734350718558,0.0008455701754428446,0.004126350861042738,99.91544342041016,99.91544342041016,99.58736419677734,0.006830231752246618,0.6830231547355652,27.226198196411133,-27.22614097595215,0.0426083505153656,0.04260826110839844,0.04756862670183182,95.7391586303711,95.73917388916016,95.2431411743164,0.001890436396934092,0.18904364109039307,7.675126075744629
139,0,Vocal,17.908632278442383,-17.90865707397461,0.011808945797383785,0.01180894486606121,0.011380618438124657,98.81910705566406,98.81910705566406,98.8619384765625,0.015928005799651146,1.5928006172180176,19.529464721679688,-19.52947425842285,0.01641722396016121,0.01641722209751606,0.018010318279266357,98.3582763671875,98.3582763671875,98.19896697998047,0.011021507903933525,1.102150797843933,1.8021503686904907
139,1,Bass,18.254709243774414,-18.25470542907715,0.2453513741493225,0.24535132944583893,0.24889551103115082,75.46485900878906,75.4648666381836,75.1104507446289,0.014726054854691029,1.4726054668426514,25.450746536254883,-25.45077133178711,0.1158948615193367,0.11579570174217224,0.12536011636257172,88.41051483154297,88.42042541503906,87.4639892578125,0.002842404879629612,0.2842404842376709,11.807300567626953
139,2,Drums,23.757179260253906,-23.757200241088867,0.0019857226870954037,0.001985682174563408,0.0024393945932388306,99.80142974853516,99.80142974853516,99.75606536865234,0.004192364402115345,0.4192364513874054,22.13604164123535,-22.136032104492188,0.018457302823662758,0.01845702901482582,0.01995784230530262,98.1542739868164,98.154296875,98.00421905517578,0.006077824160456657,0.6077824234962463,-0.3929542005062103
140,0,Vocal,32.78334045410156,-32.78315734863281,0.01829562336206436,0.018295621499419212,0.018812967464327812,98.1704330444336,98.1704330444336,98.11870574951172,0.0005265655345283449,0.05265655368566513,-11.766181945800781,11.766181945800781,0.7985430359840393,0.7981075048446655,0.8323291540145874,20.14569664001465,20.18924903869629,16.7670841217041,0.9375710487365723,93.7571029663086,7.16845703125
140,1,Bass,25.689208984375,-25.689353942871094,0.09591615945100784,0.09591615200042725,0.09340889751911163,90.40838623046875,90.40838623046875,90.65911102294922,0.002690928755328059,0.2690928876399994,28.74182891845703,-28.74169921875,0.032599203288555145,0.03259749710559845,0.03738638013601303,96.74008178710938,96.74024963378906,96.26136779785156,0.0013342557940632105,0.13342557847499847,4.421290397644043
140,2,Drums,30.0389404296875,-30.038822174072266,0.008992352522909641,0.008992352522909641,0.008117017336189747,99.10076141357422,99.10076141357422,99.18830108642578,0.000990133616141975,0.09901335835456848,23.24458122253418,-23.244592666625977,0.04530909284949303,0.04530873894691467,0.037041500210762024,95.4690933227539,95.46913146972656,96.29585266113281,0.004715063143521547,0.4715063273906708,-4.210893630981445
141,0,Vocal,22.605281829833984,-22.605295181274414,0.02131836488842964,0.02131836488842964,0.021914834156632423,97.8681640625,97.8681640625,97.80851745605469,0.005458778701722622,0.5458778738975525,13.118376731872559,-13.118372917175293,0.2154378741979599,0.21543708443641663,0.21876674890518188,78.45620727539062,78.45629119873047,78.12332153320312,0.04650306701660156,4.650306701660156,-0.7483876943588257
141,1,Bass,20.715343475341797,-20.715330123901367,0.14243414998054504,0.14243243634700775,0.1415402889251709,85.756591796875,85.75675201416016,85.8459701538086,0.008410082198679447,0.8410082459449768,22.045368194580078,-22.045345306396484,0.04891008511185646,0.04891001433134079,0.05089416727423668,95.10899353027344,95.10900115966797,94.91058349609375,0.006205275189131498,0.6205275058746338,1.9933165311813354
141,2,Drums,26.57717514038086,-26.57710838317871,0.007326686754822731,0.007326677907258272,0.007760143838822842,99.267333984375,99.267333984375,99.22398376464844,0.002194479340687394,0.21944794058799744,27.86751937866211,-27.86746597290039,0.04245997592806816,0.04245888069272041,0.047456178814172745,95.7540054321289,95.75411224365234,95.25437927246094,0.0016313522355630994,0.16313523054122925,3.195559024810791
142,0,Vocal,29.755765914916992,-29.75556182861328,0.06772700697183609,0.06772694736719131,0.06911203265190125,93.227294921875,93.22730255126953,93.08879089355469,0.0010567419230937958,0.10567419230937958,8.53503704071045,-8.535037994384766,0.8746850490570068,0.8745323419570923,0.8765562176704407,12.531495094299316,12.54676628112793,12.344378471374512,0.1228984072804451,12.289840698242188,27.615550994873047
142,1,Bass,15.762899398803711,-15.762921333312988,0.5804051756858826,0.5804044604301453,0.5783156156539917,41.9594841003418,41.95955276489258,42.16843795776367,0.02584272064268589,2.5842721462249756,-4.908050537109375,4.908050537109375,0.9006847739219666,0.9003738760948181,0.8903504610061646,9.931522369384766,9.96261215209961,10.964954376220703,0.7558611035346985,75.58611297607422,44.06646728515625
142,2,Drums,32.4315185546875,-32.43149948120117,0.0001695357059361413,0.0001695356477284804,0.001141335698775947,99.98304748535156,99.98304748535156,99.88587188720703,0.0005710067925974727,0.057100679725408554,22.5599308013916,-22.559892654418945,0.07995309680700302,0.07995045930147171,0.08954772353172302,92.00469207763672,92.00495147705078,91.04522705078125,0.005515748169273138,0.5515748262405396,-6.346246242523193
143,0,Vocal,6.295794486999512,-6.295793533325195,0.33897560834884644,0.3389754593372345,0.3307676613330841,66.1024398803711,66.10245513916016,66.92323303222656,0.19005389511585236,19.005390167236328,-2.2862415313720703,2.2862420082092285,0.8692958354949951,0.8689567446708679,0.8590370416641235,13.070416450500488,13.104325294494629,14.096296310424805,0.6286492943763733,62.86492919921875,48.53059768676758
143,1,Bass,15.703959465026855,-15.703962326049805,0.1703156679868698,0.17031565308570862,0.18306569755077362,82.96842956542969,82.96843719482422,81.69342803955078,0.026186609640717506,2.6186609268188477,18.557239532470703,-18.557247161865234,0.03406861796975136,0.0340675413608551,0.038580991327762604,96.59313201904297,96.59324645996094,96.14189910888672,0.013748811557888985,1.3748811483383179,3.168255090713501
143,2,Drums,33.30311584472656,-33.30290985107422,5.235482603893615e-05,5.235465141595341e-05,0.00022815915872342885,99.99476623535156,99.99476623535156,99.97718048095703,0.00046721415128558874,0.04672141373157501,28.668434143066406,-28.668298721313477,0.036772098392248154,0.036772094666957855,0.04038812220096588,96.32279205322266,96.32279205322266,95.96118927001953,0.0013569822767749429,0.13569822907447815,-2.880009412765503
144,0,Vocal,6.12917947769165,-6.129179000854492,0.905412495136261,0.9054123163223267,0.913316547870636,9.45875072479248,9.458768844604492,8.66834545135498,0.19602981209754944,19.602981567382812,3.156623601913452,-3.156622886657715,0.7211397290229797,0.7165102362632751,0.7387987971305847,27.88602638244629,28.348976135253906,26.120121002197266,0.3258887231349945,32.588871002197266,56.508453369140625
144,1,Bass,5.990286350250244,-5.990286827087402,0.6507421731948853,0.6507421135902405,0.6718864440917969,34.92578125,34.92578887939453,32.81135559082031,0.20111915469169617,20.111915588378906,-13.683070182800293,13.683070182800293,0.25772616267204285,0.25751638412475586,0.350208044052124,74.22737884521484,74.24835968017578,64.97919464111328,0.9589340686798096,95.8934097290039,35.582698822021484
144,2,Drums,47.83803939819336,-47.839637756347656,5.8041820011567324e-05,5.8041820011567324e-05,0.0005153448437340558,99.99419403076172,99.99419403076172,99.9484634399414,1.6458649042760953e-05,0.0016458649188280106,32.05665969848633,-32.056461334228516,0.0016214101342484355,0.0016213898779824376,0.004531266167759895,99.83786010742188,99.83786010742188,99.546875,0.0006224080570973456,0.062240805476903915,-15.483680725097656
145,0,Vocal,21.648542404174805,-21.648540496826172,0.4469558000564575,0.4469544291496277,0.4536384344100952,55.304420471191406,55.30455780029297,54.63615798950195,0.006794968619942665,0.6794968843460083,6.246201992034912,-6.246201992034912,0.7037524580955505,0.6950112581253052,0.7195881009101868,29.624753952026367,30.49887466430664,28.041189193725586,0.19181789457798004,19.18178939819336,34.156883239746094
145,1,Bass,20.130504608154297,-20.130502700805664,0.8978019952774048,0.8977488279342651,0.8993682861328125,10.21980094909668,10.225116729736328,10.06317138671875,0.00961074884980917,0.9610748887062073,-4.473787784576416,4.473787307739258,0.18154491484165192,0.18154382705688477,0.376068651676178,81.84551239013672,81.84561920166016,62.39313507080078,0.7369406223297119,73.69406127929688,-8.875345230102539
145,2,Drums,47.195621490478516,-47.20234680175781,0.0008678059675730765,0.0008678024169057608,0.0008055465295910835,99.91322326660156,99.91322326660156,99.91944122314453,1.90757436939748e-05,0.0019075743621215224,36.9443244934082,-36.94404983520508,0.0026926295831799507,0.002692530397325754,0.0014897139044478536,99.7307357788086,99.73075103759766,99.85102844238281,0.0002020483516389504,0.020204834640026093,-9.969770431518555
146,0,Vocal,8.539413452148438,-8.53941535949707,0.7393460273742676,0.739345908164978,0.7422966361045837,26.065397262573242,26.06540870666504,25.770336151123047,0.12278980016708374,12.278980255126953,39.521339416503906,-39.52189636230469,0.003987542819231749,0.003987531177699566,0.010503343306481838,99.60124206542969,99.60124206542969,98.94966125488281,0.00011167003685841337,0.011167003773152828,31.21832275390625
146,1,Bass,16.997894287109375,-16.997892379760742,0.5457046627998352,0.5457021594047546,0.5463774800300598,45.429534912109375,45.42978286743164,45.36225128173828,0.01957162655889988,1.957162618637085,15.619154930114746,-15.619158744812012,0.2943609654903412,0.29434964060783386,0.31022241711616516,70.56390380859375,70.56503295898438,68.9777603149414,0.02668924629688263,2.668924570083618,12.385969161987305
146,2,Drums,47.06197738647461,-47.065277099609375,0.0002712562563829124,0.0002712561981752515,0.00038314153789542615,99.9728775024414,99.9728775024414,99.96168518066406,1.9669250832521357e-05,0.0019669251050800085,43.94113540649414,-43.93898391723633,0.001633593114092946,0.0016335766995325685,0.0016779376892372966,99.83663940429688,99.83663940429688,99.83220672607422,4.033435834571719e-05,0.004033436067402363,-3.0117897987365723
147,0,Vocal,10.140299797058105,-10.140299797058105,0.5066233277320862,0.5066231489181519,0.5270012617111206,49.33766555786133,49.337684631347656,47.29987335205078,0.08827433735132217,8.827433586120605,22.310791015625,-22.310800552368164,0.03284267336130142,0.03284251689910889,0.04851340129971504,96.71572875976562,96.71575164794922,95.1486587524414,0.005839526187628508,0.5839526057243347,12.766090393066406
147,1,Bass,19.850122451782227,-19.850112915039062,0.3403029143810272,0.3403027355670929,0.3414245545864105,65.9697036743164,65.9697265625,65.8575439453125,0.010245157405734062,1.0245157480239868,17.82016372680664,-17.82016944885254,0.16156631708145142,0.1613212376832962,0.1651362180709839,83.84336853027344,83.86787414550781,83.48638153076172,0.016250571236014366,1.6250571012496948,11.976847648620605
147,2,Drums,36.417625427246094,-36.41725158691406,0.00035191839560866356,0.00035191833740100265,0.0014759544283151627,99.96481323242188,99.96481323242188,99.85240936279297,0.0002281228662468493,0.022812286391854286,31.58502960205078,-31.585208892822266,0.008489306084811687,0.008488912135362625,0.00840154942125082,99.15106964111328,99.15110778808594,99.15984344482422,0.0006937396829016507,0.0693739652633667,-3.864279270172119
148,0,Vocal,16.8016414642334,-16.8016414642334,0.2589375078678131,0.2589375078678131,0.2579047977924347,74.10625457763672,74.10625457763672,74.20952606201172,0.020457837730646133,2.045783758163452,28.598888397216797,-28.598957061767578,0.000518440967425704,0.000518434273544699,0.0024176957085728645,99.94815826416016,99.94815826416016,99.75823211669922,0.0013788294745609164,0.13788294792175293,11.930525779724121
148,1,Bass,13.90498161315918,-13.9049711227417,0.8680154085159302,0.8680154085159302,0.8650678396224976,13.19845962524414,13.19845962524414,13.493215560913086,0.03910031169652939,3.9100310802459717,16.798723220825195,-16.798723220825195,0.21808987855911255,0.21725770831108093,0.21536843478679657,78.19100952148438,78.27422332763672,78.4631576538086,0.020471282303333282,2.047128200531006,15.614507675170898
148,2,Drums,30.849878311157227,-30.85000228881836,0.0006217678892426193,0.0006217678892426193,0.0011557723628357053,99.93782043457031,99.93782043457031,99.8844223022461,0.000821571855340153,0.0821571871638298,34.17695999145508,-34.17658996582031,0.002596898004412651,0.002596838865429163,0.003881070762872696,99.74031066894531,99.74031066894531,99.61189270019531,0.0003820827405434102,0.03820827230811119,3.6529717445373535
149,0,Vocal,22.845918655395508,-22.846038818359375,0.2899233102798462,0.2899232506752014,0.2910056412220001,71.0076675415039,71.00767517089844,70.8994369506836,0.005165974143892527,0.5165973901748657,36.79322052001953,-36.7934684753418,0.004371268209069967,0.004371121525764465,0.006902198772877455,99.56287384033203,99.5628890991211,99.30977630615234,0.00020919943926855922,0.02091994322836399,14.153401374816895
149,1,Bass,14.09060287475586,-14.090603828430176,0.6730567812919617,0.6730567812919617,0.6790619492530823,32.69432067871094,32.69432067871094,32.09380340576172,0.03752569481730461,3.7525694370269775,3.25321102142334,-3.25321102142334,0.8288182020187378,0.8287903070449829,0.8419630527496338,17.118179321289062,17.120969772338867,15.803694725036621,0.3210218846797943,32.10218811035156,33.789634704589844
149,2,Drums,44.12458419799805,-44.12120819091797,0.0007936800247989595,0.0007936800247989595,0.001085182884708047,99.9206314086914,99.9206314086914,99.89148712158203,3.868862404488027e-05,0.003868862520903349,39.341896057128906,-39.3415412902832,0.002492181258276105,0.002492151688784361,0.003567560575902462,99.75077819824219,99.75078582763672,99.64324188232422,0.00011637952411547303,0.01163795217871666,-4.507950305938721
150,0,Vocal,13.105720520019531,-13.105730056762695,0.49964189529418945,0.4996283948421478,0.503544270992279,50.03581237792969,50.03715896606445,49.645572662353516,0.046632442623376846,4.663244247436523,34.916236877441406,-34.91641616821289,0.004820553585886955,0.004820553585886955,0.007843077182769775,99.5179443359375,99.5179443359375,99.21569061279297,0.00032225032919086516,0.03222503140568733,21.97681999206543
150,1,Bass,13.299169540405273,-13.299168586730957,0.8813355565071106,0.8813179731369019,0.8939524292945862,11.86644458770752,11.868202209472656,10.604757308959961,0.04469169303774834,4.4691691398620605,2.9878110885620117,-2.9878106117248535,0.822210431098938,0.8200212717056274,0.8355235457420349,17.77895736694336,17.997873306274414,16.44764518737793,0.33448508381843567,33.448509216308594,32.00946807861328
150,2,Drums,35.91039276123047,-35.90974044799805,0.0004742847813758999,0.00047428449033759534,0.0008490696782246232,99.95257568359375,99.95257568359375,99.91509246826172,0.0002563832968007773,0.02563832886517048,38.435428619384766,-38.43443298339844,0.0018376205116510391,0.0018375981599092484,0.0033335040789097548,99.81623840332031,99.81623840332031,99.6666488647461,0.00014336411550175399,0.014336411841213703,2.7956883907318115
151,0,Vocal,12.90941333770752,-12.909416198730469,0.5600532293319702,0.5600515604019165,0.5619946122169495,43.99467849731445,43.994842529296875,43.800537109375,0.04868369176983833,4.868369102478027,19.27261734008789,-19.272605895996094,0.1868623048067093,0.18686076998710632,0.2079746425151825,81.31377410888672,81.31391906738281,79.20252990722656,0.011685109697282314,1.168510913848877,10.746789932250977
151,1,Bass,22.70803451538086,-22.708023071289062,0.7826616764068604,0.7826600074768066,0.7839357852935791,21.73383331298828,21.733999252319336,21.606422424316406,0.005331790540367365,0.5331790447235107,28.596067428588867,-28.59604263305664,0.09727443754673004,0.09727361798286438,0.0968245342373848,90.2725601196289,90.27264404296875,90.31755065917969,0.0013797524152323604,0.13797524571418762,7.164844512939453
151,2,Drums,29.796913146972656,-29.796993255615234,9.266523557016626e-05,9.266511915484443e-05,6.122020568000153e-05,99.99073028564453,99.99073028564453,99.99388122558594,0.0010467933025211096,0.10467933118343353,31.595123291015625,-31.59490966796875,0.0016685299342498183,0.0016684946604073048,0.001108085853047669,99.83314514160156,99.83314514160156,99.88919067382812,0.0006921389722265303,0.06921389698982239,2.1277244091033936
152,0,Vocal,31.381511688232422,-31.381546020507812,0.025742415338754654,0.025742221623659134,0.02648770622909069,97.4257583618164,97.42577362060547,97.35122680664062,0.0007270363857969642,0.07270363718271255,32.27032470703125,-32.270198822021484,0.01739415153861046,0.017393840476870537,0.017917506396770477,98.26058959960938,98.2606201171875,98.208251953125,0.0005924745928496122,0.0592474602162838,0.9896138906478882
152,1,Bass,5.944086074829102,-5.944085597991943,0.5142129063606262,0.5142112970352173,0.5411413311958313,48.57870864868164,48.5788688659668,45.885868072509766,0.20283380150794983,20.28338050842285,6.378582000732422,-6.378581523895264,0.5113791823387146,0.5112791061401367,0.5365538597106934,48.862083435058594,48.87208938598633,46.34461212158203,0.18713685870170593,18.713685989379883,0.4235090911388397
152,2,Drums,36.79198455810547,-36.79073715209961,0.0008180330623872578,0.0008180285803973675,0.0008595973486080766,99.91819763183594,99.91819763183594,99.9140396118164,0.00020929383754264563,0.020929383113980293,43.61378479003906,-43.615474700927734,0.000918966718018055,0.0009189631673507392,0.0006047430797480047,99.9081039428711,99.9081039428711,99.93952178955078,4.350319431978278e-05,0.004350319504737854,7.007059097290039
153,0,Vocal,30.960372924804688,-30.960351943969727,0.03274311497807503,0.03274311125278473,0.0348978191614151,96.72569274902344,96.72569274902344,96.51022338867188,0.0008009313605725765,0.0800931379199028,41.52072525024414,-41.52042770385742,0.003965909592807293,0.003965908661484718,0.005668720696121454,99.60340881347656,99.60340881347656,99.4331283569336,7.051298598526046e-05,0.0070512983947992325,10.809412002563477
153,1,Bass,9.293782234191895,-9.293781280517578,0.37064704298973083,0.3706435263156891,0.3965783715248108,62.9352912902832,62.93564987182617,60.3421630859375,0.10527199506759644,10.527199745178223,21.748748779296875,-21.748722076416016,0.03617227450013161,0.03617187961935997,0.02739550545811653,96.38277435302734,96.3828125,97.26045227050781,0.0066409846767783165,0.6640984416007996,13.04539680480957
153,2,Drums,35.41548156738281,-35.415428161621094,0.0008716314914636314,0.0008716312004253268,0.00042636547004804015,99.91283416748047,99.91283416748047,99.95736694335938,0.00028729450423270464,0.028729449957609177,38.248085021972656,-38.248756408691406,0.0013730863574892282,0.0013730860082432628,0.0013115127803757787,99.86268615722656,99.86268615722656,99.86884307861328,0.0001496760523878038,0.014967605471611023,3.0463595390319824
154,0,Vocal,21.10445785522461,-21.10443878173828,0.030871104449033737,0.030870897695422173,0.0338958278298378,96.91288757324219,96.91291046142578,96.61041259765625,0.007694842293858528,0.7694842219352722,19.286468505859375,-19.28647804260254,0.09229069948196411,0.0922895222902298,0.07888882607221603,90.77092742919922,90.77104949951172,92.11111450195312,0.01164831779897213,1.1648317575454712,0.3596951365470886
154,1,Bass,6.383837699890137,-6.38383674621582,0.41973814368247986,0.4197380840778351,0.45919278264045715,58.02618408203125,58.02619552612305,54.080726623535156,0.18695281445980072,18.695281982421875,6.644740581512451,-6.644740581512451,0.4121124744415283,0.4120998680591583,0.4501359462738037,58.788753509521484,58.790016174316406,54.98640441894531,0.1779925376176834,17.799253463745117,0.27264752984046936
154,2,Drums,32.980045318603516,-32.97988510131836,0.000507502758409828,0.0005075026419945061,0.0006077311118133366,99.94924926757812,99.94924926757812,99.93922424316406,0.0005032248445786536,0.050322484225034714,40.57659912109375,-40.57487487792969,0.0009624888771213591,0.0009624888771213591,0.0021365173161029816,99.90374755859375,99.90374755859375,99.78634643554688,8.75782934599556e-05,0.008757829666137695,7.873319625854492
155,0,Vocal,31.116119384765625,-31.116273880004883,0.018867602571845055,0.01886758580803871,0.019846217706799507,98.11323547363281,98.11323547363281,98.015380859375,0.0007727486081421375,0.0772748589515686,31.603740692138672,-31.603729248046875,0.01864340901374817,0.018643349409103394,0.021699216216802597,98.13566589355469,98.13566589355469,97.830078125,0.0006907638744451106,0.06907638907432556,0.5636661052703857
155,1,Bass,9.201305389404297,-9.201306343078613,0.32511788606643677,0.32511618733406067,0.3311766982078552,67.48821258544922,67.48838806152344,66.88233184814453,0.10729456692934036,10.729456901550293,17.40915298461914,-17.409149169921875,0.030940741300582886,0.030940577387809753,0.019514797255396843,96.90592193603516,96.90593719482422,98.04852294921875,0.017834879457950592,1.7834879159927368,8.37122917175293
155,2,Drums,38.213623046875,-38.21369934082031,0.0014544123550876975,0.0014544000150635839,0.0019491072744131088,99.85456085205078,99.85456085205078,99.80508422851562,0.00015084448386915028,0.015084448270499706,37.770240783691406,-37.770240783691406,0.0019684582948684692,0.0019684440921992064,0.0028614895418286324,99.80315399169922,99.80315399169922,99.71385192871094,0.00016708530893083662,0.016708530485630035,-0.11584436148405075
156,0,Vocal,25.639053344726562,-25.639049530029297,0.035842832177877426,0.03584269806742668,0.03786430507898331,96.41571807861328,96.41572570800781,96.21356964111328,0.0027221336495131254,0.2722133696079254,27.32948112487793,-27.3294734954834,0.02571801282465458,0.025718001648783684,0.027625393122434616,97.4281997680664,97.4281997680664,97.23746490478516,0.0018460832070559263,0.1846083253622055,1.8151576519012451
156,1,Bass,7.910635471343994,-7.910635471343994,0.33513593673706055,0.3351343870162964,0.3332410156726837,66.48640441894531,66.48656463623047,66.6759033203125,0.13925503194332123,13.92550277709961,16.632381439208984,-16.63237190246582,0.13437429070472717,0.13437387347221375,0.12822681665420532,86.56257629394531,86.56260681152344,87.17731475830078,0.021253561601042747,2.1253561973571777,8.829914093017578
156,2,Drums,37.8880500793457,-37.888797760009766,0.0010876383166760206,0.0010876316810026765,0.001475329976528883,99.8912353515625,99.89124298095703,99.85246276855469,0.0001625996665097773,0.016259966418147087,37.548213958740234,-37.548370361328125,0.0015034672105684876,0.0015034545212984085,0.0029648211784660816,99.84965515136719,99.84965515136719,99.70352172851562,0.0001758131547830999,0.017581315711140633,-0.05705082789063454
157,0,Vocal,24.62221908569336,-24.62224006652832,0.010893819853663445,0.01089381705969572,0.011286217719316483,98.91061401367188,98.91061401367188,98.87138366699219,0.0034378059208393097,0.3437805771827698,25.26654815673828,-25.266685485839844,0.009838443249464035,0.009838443249464035,0.010125833563506603,99.01615142822266,99.01615142822266,98.98741912841797,0.002965174848213792,0.2965174913406372,0.7139325141906738
157,1,Bass,8.59437084197998,-8.59437084197998,0.24149887263774872,0.241498664021492,0.2495652735233307,75.85011291503906,75.85013580322266,75.04347229003906,0.12143326550722122,12.143326759338379,17.854265213012695,-17.854267120361328,0.10453806817531586,0.1045365259051323,0.10803014039993286,89.54618835449219,89.54634857177734,89.19698333740234,0.016125500202178955,1.6125500202178955,9.338614463806152
157,2,Drums,30.411977767944336,-30.412105560302734,0.0010244805598631501,0.0010244803270325065,0.001623892574571073,99.89755249023438,99.89755249023438,99.83761596679688,0.0009086561040021479,0.0908656120300293,30.985027313232422,-30.98512840270996,0.004381882958114147,0.004381882026791573,0.001754685421474278,99.56181335449219,99.56181335449219,99.82453155517578,0.0007964331307448447,0.07964331656694412,0.8939031958580017
158,0,Vocal,12.826889991760254,-12.82689094543457,0.052008841186761856,0.05200836807489395,0.05385633185505867,94.79911041259766,94.79916381835938,94.61437225341797,0.04957133159041405,4.9571332931518555,24.44838523864746,-24.448345184326172,0.020727386698126793,0.020725112408399582,0.023269549012184143,97.92726135253906,97.927490234375,97.67304992675781,0.003577735973522067,0.3577736020088196,11.72909927368164
158,1,Bass,6.682424068450928,-6.682425022125244,0.4912283420562744,0.49122384190559387,0.4828540086746216,50.877166748046875,50.87761688232422,51.714599609375,0.17672647535800934,17.67264747619629,10.17386245727539,-10.173864364624023,0.1826588362455368,0.18265831470489502,0.20912590622901917,81.73411560058594,81.73416900634766,79.08740997314453,0.08765429258346558,8.765429496765137,3.7511935234069824
158,2,Drums,42.28620910644531,-42.283660888671875,0.00018038904818240553,0.00018038837879430503,0.0011904349084943533,99.98196411132812,99.98196411132812,99.8809585571289,5.907728336751461e-05,0.005907728336751461,41.444236755371094,-41.44274139404297,0.00046817641123197973,0.0004681751597672701,0.0015795640647411346,99.95317840576172,99.95317840576172,99.842041015625,7.173544145189226e-05,0.0071735442616045475,-0.7374926805496216
159,0,Vocal,31.454456329345703,-31.454627990722656,0.0150867635384202,0.015086760744452477,0.015794852748513222,98.49132537841797,98.49132537841797,98.4205093383789,0.0007148980512283742,0.07148980349302292,31.571609497070312,-31.571426391601562,0.014441514387726784,0.014441447332501411,0.015504471026360989,98.55584716796875,98.55585479736328,98.44955444335938,0.0006959026795811951,0.06959027051925659,0.2150009274482727
159,1,Bass,10.818864822387695,-10.818864822387695,0.3133416473865509,0.313340425491333,0.3079499900341034,68.66584014892578,68.66595458984375,69.20500183105469,0.07648195326328278,7.648195266723633,16.378759384155273,-16.378746032714844,0.10849600285291672,0.10849595814943314,0.10728205740451813,89.15039825439453,89.15040588378906,89.27179718017578,0.0225029606372118,2.250296115875244,5.711484909057617
159,2,Drums,39.09536361694336,-39.0952262878418,0.00113693717867136,0.0011369294952601194,0.0016222370322793722,99.88630676269531,99.88630676269531,99.83777618408203,0.0001231500500580296,0.01231500506401062,44.038448333740234,-44.03604507446289,0.0015335846692323685,0.0015335716307163239,0.0014022007817402482,99.84664154052734,99.84664154052734,99.85977935791016,3.9492322684964165e-05,0.0039492323994636536,5.115520477294922
160,0,Vocal,30.263973236083984,-30.264041900634766,0.007527031935751438,0.007527031935751438,0.008177771233022213,99.2472915649414,99.2472915649414,99.18222045898438,0.000940121419262141,0.09401214122772217,5.111234188079834,-5.111233711242676,0.43012264370918274,0.4301195442676544,0.5012074112892151,56.98773956298828,56.9880485534668,49.87925720214844,0.23560911417007446,23.560911178588867,-1.3404955863952637
160,1,Bass,20.48077392578125,-20.48078155517578,0.06703377515077591,0.06703373044729233,0.07808483392000198,93.29662322998047,93.296630859375,92.19152069091797,0.008872661739587784,0.8872661590576172,-5.073417663574219,5.073418140411377,0.7637732625007629,0.7635495662689209,0.7965421676635742,23.62267303466797,23.645042419433594,20.345783233642578,0.7628190517425537,76.28190612792969,18.123315811157227
160,2,Drums,24.035303115844727,-24.03530502319336,0.0030056152027100325,0.003005614969879389,0.004895369987934828,99.6994400024414,99.6994400024414,99.51045989990234,0.003933338914066553,0.39333388209342957,16.904884338378906,-16.904876708984375,0.09825944155454636,0.09825931489467621,0.10113410651683807,90.17405700683594,90.17406463623047,89.88658905029297,0.019986823201179504,1.9986822605133057,-2.1178524494171143
161,0,Vocal,20.53595542907715,-20.53595542907715,0.007868967950344086,0.007868966087698936,0.008844615891575813,99.21310424804688,99.21310424804688,99.11553955078125,0.008761586621403694,0.8761586546897888,20.680377960205078,-20.68042755126953,0.007767379749566317,0.007767345290631056,0.008674977347254753,99.22325897216797,99.2232666015625,99.13249969482422,0.008477400057017803,0.8477399945259094,0.2302646040916443
161,1,Bass,17.728439331054688,-17.728466033935547,0.14280618727207184,0.14280617237091064,0.15707477927207947,85.7193832397461,85.7193832397461,84.29251861572266,0.016591593623161316,1.6591594219207764,18.938915252685547,-18.938915252685547,0.16040688753128052,0.1604013890028,0.17137227952480316,83.95931243896484,83.9598617553711,82.8627700805664,0.012606591917574406,1.2606592178344727,1.8314725160598755
161,2,Drums,24.944419860839844,-24.944442749023438,0.002791348844766617,0.0027913483791053295,0.003277904586866498,99.72086334228516,99.72086334228516,99.67221069335938,0.003192794742062688,0.3192794620990753,24.586923599243164,-24.586896896362305,0.02106957510113716,0.021069344133138657,0.02095811814069748,97.8930435180664,97.89306640625,97.90419006347656,0.0034657767973840237,0.3465776741504669,1.0329372882843018
162,0,Vocal,25.736339569091797,-25.73630142211914,0.005425718612968922,0.005425712559372187,0.00660141883417964,99.45742797851562,99.45742797851562,99.33985900878906,0.0026620100252330303,0.266200989484787,27.577468872070312,-27.577505111694336,0.005522421095520258,0.005522412713617086,0.00669810501858592,99.44775390625,99.44775390625,99.33018493652344,0.0017438004724681377,0.17438004910945892,1.934855341911316
162,1,Bass,31.037385940551758,-31.037498474121094,0.05868542939424515,0.058685265481472015,0.05902308225631714,94.13145446777344,94.13147735595703,94.09769439697266,0.0007868960965424776,0.07868961244821548,21.806930541992188,-21.806936264038086,0.1635560393333435,0.16355372965335846,0.18038660287857056,83.64439392089844,83.6446304321289,81.96134185791016,0.006553156767040491,0.6553156971931458,-6.819183826446533
162,2,Drums,36.43468475341797,-36.433860778808594,0.005813672672957182,0.005813672672957182,0.006957005709409714,99.41863250732422,99.41863250732422,99.3042984008789,0.0002272199053550139,0.022721990942955017,27.129058837890625,-27.12902069091797,0.04997553303837776,0.04997536912560463,0.053521376103162766,95.00244903564453,95.00245666503906,94.64785766601562,0.0019331269431859255,0.19331268966197968,-6.452829360961914
163,0,Vocal,19.62582778930664,-19.62582015991211,0.06975360214710236,0.06975355744361877,0.07477100193500519,93.02464294433594,93.02465057373047,92.52290344238281,0.010782287456095219,1.0782287120819092,20.350513458251953,-20.350566864013672,0.06375007331371307,0.06374972313642502,0.06942526996135712,93.62499237060547,93.62503051757812,93.0574722290039,0.009140231646597385,0.9140231609344482,0.8733914494514465
163,1,Bass,17.815664291381836,-17.815673828125,0.11150366812944412,0.1115032359957695,0.128368079662323,88.8496322631836,88.84967803955078,87.16319274902344,0.016267091035842896,1.6267091035842896,17.771160125732422,-17.771160125732422,0.12203721702098846,0.12203279137611389,0.1303904950618744,87.79627990722656,87.79672241210938,86.96094512939453,0.016431918367743492,1.6431918144226074,0.5035398006439209
163,2,Drums,34.64299011230469,-34.643314361572266,0.0011047523003071547,0.0011047523003071547,0.0013532463926821947,99.8895263671875,99.8895263671875,99.86466979980469,0.0003431870136409998,0.034318700432777405,25.00593376159668,-25.005859375,0.06224936246871948,0.06224910914897919,0.06474088132381439,93.77506256103516,93.77508544921875,93.52590942382812,0.0031480425968766212,0.3148042559623718,-6.711298942565918
164,0,Vocal,28.859384536743164,-28.859718322753906,0.043974507600069046,0.043974507600069046,0.046026088297367096,95.60254669189453,95.60254669189453,95.39739227294922,0.0012986304936930537,0.12986305356025696,29.744747161865234,-29.7447509765625,0.03263814374804497,0.03263814374804497,0.03363870084285736,96.7361831665039,96.7361831665039,96.6361312866211,0.001059414935298264,0.10594149678945541,1.0545810461044312
164,1,Bass,23.904281616210938,-23.904287338256836,0.09158068150281906,0.09158063679933548,0.09244251996278763,90.84193420410156,90.84193420410156,90.75575256347656,0.004053316544741392,0.40533164143562317,23.39644432067871,-23.39645004272461,0.12884820997714996,0.12884452939033508,0.1332121193408966,87.11518096923828,87.11554718017578,86.67878723144531,0.004553799517452717,0.4553799629211426,0.6669387817382812
164,2,Drums,47.155094146728516,-47.1513671875,0.0018331955652683973,0.0018331955652683973,0.001983423251658678,99.81668090820312,99.81668090820312,99.8016586303711,1.926012191688642e-05,0.0019260122207924724,21.357898712158203,-21.35787010192871,0.060514673590660095,0.06051458418369293,0.054105792194604874,93.94853210449219,93.94853973388672,94.58941650390625,0.007261830847710371,0.7261830568313599,-22.68325424194336
165,0,Vocal,18.10774803161621,-18.10778045654297,0.029537826776504517,0.029537826776504517,0.029041573405265808,97.04621887207031,97.04621887207031,97.09584045410156,0.015225095674395561,1.5225095748901367,18.244232177734375,-18.24423599243164,0.03359131142497063,0.03359127417206764,0.03356340900063515,96.640869140625,96.640869140625,96.6436538696289,0.01476107444614172,1.4761074781417847,0.40198108553886414
165,1,Bass,25.526939392089844,-25.52691650390625,0.23025494813919067,0.23025454580783844,0.23230986297130585,76.97450256347656,76.97454833984375,76.76901245117188,0.0027931693475693464,0.2793169319629669,24.055967330932617,-24.05594253540039,0.085842564702034,0.08584219962358475,0.10200492292642593,91.4157485961914,91.41577911376953,89.79950714111328,0.003914711996912956,0.3914712071418762,1.4148067235946655
165,2,Drums,44.516502380371094,-44.51786804199219,0.0008504058932885528,0.0008504058350808918,0.0012038005515933037,99.91496276855469,99.91496276855469,99.87962341308594,3.534614370437339e-05,0.0035346143413335085,20.04117774963379,-20.041181564331055,0.1462099850177765,0.14620065689086914,0.14731714129447937,85.3790054321289,85.37993621826172,85.26828002929688,0.009808491915464401,0.9808492064476013,-15.593050003051758
166,0,Vocal,13.650617599487305,-13.650615692138672,0.19883662462234497,0.19883662462234497,0.20125812292099,80.11634063720703,80.11634063720703,79.87419128417969,0.041361257433891296,4.136125564575195,23.892433166503906,-23.892444610595703,0.056584879755973816,0.05658348649740219,0.06397780776023865,94.34150695800781,94.3416519165039,93.60221862792969,0.0040643238462507725,0.4064323902130127,11.726449966430664
166,1,Bass,19.023414611816406,-19.02338409423828,0.07488348335027695,0.07488338649272919,0.055312179028987885,92.51165771484375,92.51165771484375,94.46878051757812,0.012366748414933681,1.2366747856140137,0.34738752245903015,-0.34738776087760925,0.5035524368286133,0.5035470128059387,0.6125684976577759,49.64475631713867,49.64529800415039,38.74314880371094,0.4800134301185608,48.0013427734375,12.959158897399902
166,2,Drums,40.754642486572266,-40.753639221191406,0.00010072271106764674,0.00010072270379168913,0.0,99.98992919921875,99.98992919921875,100.0,8.403715764870867e-05,0.008403715677559376,19.972179412841797,-19.972158432006836,0.11521001905202866,0.11518779397010803,0.12782162427902222,88.47900390625,88.4812240600586,87.21783447265625,0.009964004158973694,0.9964004158973694,-18.562156677246094
167,0,Vocal,49.302486419677734,-49.312625885009766,0.0023976729717105627,0.0023976729717105627,0.00292257871478796,99.7602310180664,99.7602310180664,99.7077407836914,1.1712531886587385e-05,0.0011712531559169292,49.129608154296875,-49.13418197631836,0.0025287934113293886,0.0025287929456681013,0.0030263878870755434,99.74712371826172,99.74712371826172,99.6973648071289,1.2228550076542888e-05,0.0012228550622239709,-0.10695286840200424
167,1,Bass,12.58315658569336,-12.583155632019043,0.13076722621917725,0.13076266646385193,0.13750886917114258,86.92327880859375,86.9237289428711,86.24911499023438,0.052283283323049545,5.228328227996826,6.958019733428955,-6.958017826080322,0.6049655079841614,0.6042248010635376,0.6267063617706299,39.503448486328125,39.577518463134766,37.32936477661133,0.16768231987953186,16.768232345581055,24.838558197021484
167,2,Drums,32.78580093383789,-32.78603744506836,0.010213789530098438,0.010213787667453289,0.01039695180952549,98.97862243652344,98.97862243652344,98.9603042602539,0.0005262207705527544,0.052622076123952866,25.641342163085938,-25.641355514526367,0.03225770965218544,0.032257240265607834,0.02735569328069687,96.77422332763672,96.77427673339844,97.26443481445312,0.0027207450475543737,0.27207449078559875,-4.659271240234375
168,0,Vocal,32.841270446777344,-32.84142303466797,0.00032103052944876254,0.00032103052944876254,0.001347472076304257,99.9678955078125,99.9678955078125,99.86524963378906,0.0005196034326218069,0.05196034163236618,33.21260070800781,-33.2126350402832,0.00031588514684699476,0.00031588514684699476,0.001300940290093422,99.9684066772461,99.9684066772461,99.86990356445312,0.00047701102448627353,0.04770110175013542,0.47986865043640137
168,1,Bass,9.434164047241211,-9.434167861938477,0.028923174366354942,0.02892313525080681,0.033173900097608566,97.10768127441406,97.10768127441406,96.68260955810547,0.10226596146821976,10.226595878601074,32.193634033203125,-32.193084716796875,0.021077312529087067,0.021076738834381104,0.021543510258197784,97.89226531982422,97.89232635498047,97.84564971923828,0.0006031312514096498,0.06031312420964241,22.881729125976562
168,2,Drums,22.492544174194336,-22.49262237548828,0.0066808611154556274,0.0066808611154556274,0.006590959150344133,99.33191680908203,99.33191680908203,99.34090423583984,0.005601465702056885,0.5601465702056885,20.977279663085938,-20.977275848388672,0.20626284182071686,0.2062622308731079,0.20914466679096222,79.37371826171875,79.373779296875,79.08553314208984,0.007921706885099411,0.7921707034111023,8.112977027893066
169,0,Vocal,27.268381118774414,-27.268142700195312,0.035260915756225586,0.0352608785033226,0.03711141273379326,96.47390747070312,96.47391510009766,96.28885650634766,0.0018722101813182235,0.18722102046012878,44.17168045043945,-44.170074462890625,0.002077055163681507,0.0020770514383912086,0.0034752781502902508,99.79229736328125,99.79229736328125,99.65247344970703,3.827791806543246e-05,0.0038277918938547373,17.054912567138672
169,1,Bass,15.354872703552246,-15.354869842529297,0.055560920387506485,0.05556056648492813,0.05995912849903107,94.44390869140625,94.44393920898438,94.00408935546875,0.028316399082541466,2.8316400051116943,22.982295989990234,-22.982376098632812,0.2332051545381546,0.23319604992866516,0.23096871376037598,76.67948913574219,76.6803970336914,76.90312957763672,0.005007066298276186,0.5007066130638123,25.545833587646484
169,2,Drums,36.54547882080078,-36.54544448852539,0.0015309659065678716,0.0015309657901525497,0.0030588977970182896,99.84690856933594,99.84690856933594,99.69410705566406,0.00022149745200295,0.022149745374917984,14.48861312866211,-14.488612174987793,0.10208000987768173,0.10207265615463257,0.21770250797271729,89.79199981689453,89.79273223876953,78.22975158691406,0.03435240685939789,3.4352407455444336,-18.223270416259766
170,0,Vocal,35.62882995605469,-35.630767822265625,0.03869028016924858,0.038690198212862015,0.04219977930188179,96.13097381591797,96.1309814453125,95.78002166748047,0.00027348430012352765,0.027348430827260017,38.177734375,-38.17716598510742,0.0026472799945622683,0.002647263230755925,0.006314038764685392,99.73527526855469,99.73527526855469,99.36859893798828,0.00015216445899568498,0.015216445550322533,2.7658376693725586
170,1,Bass,18.846792221069336,-18.84679412841797,0.49567848443984985,0.4956779479980469,0.5072423219680786,50.432151794433594,50.43220520019531,49.2757682800293,0.012873469851911068,1.2873469591140747,22.93501091003418,-22.935020446777344,0.02898508310317993,0.028985053300857544,0.024555809795856476,97.10149383544922,97.10150146484375,97.54441833496094,0.005061674863100052,0.506167471408844,4.780481815338135
170,2,Drums,29.863264083862305,-29.863197326660156,0.008793905377388,0.008793887682259083,0.007746909745037556,99.12061309814453,99.12061309814453,99.22530364990234,0.001030933577567339,0.10309335589408875,16.024295806884766,-16.024295806884766,0.42715510725975037,0.4270990192890167,0.4294208884239197,57.28448486328125,57.29010009765625,57.05791091918945,0.024369996041059494,2.436999559402466,3.3231041431427
171,0,Vocal,21.632919311523438,-21.6329288482666,0.06985390931367874,0.06985390931367874,0.07331230491399765,93.01461029052734,93.01461029052734,92.66876983642578,0.006819271948188543,0.6819272041320801,26.22756576538086,-26.22750473022461,0.012446312233805656,0.0124462079256773,0.01137412991374731,98.75537109375,98.75537872314453,98.86258697509766,0.00237800064496696,0.23780006170272827,5.996281623840332
171,1,Bass,13.216068267822266,-13.216066360473633,0.06009591370820999,0.06009577214717865,0.06495402008295059,93.99040985107422,93.99041748046875,93.50459289550781,0.04551578313112259,4.551578521728516,6.599941730499268,-6.599941730499268,0.36434897780418396,0.36428940296173096,0.41903752088546753,63.56509780883789,63.57106018066406,58.096248626708984,0.17950676381587982,17.95067596435547,3.447305917739868
171,2,Drums,39.59854507446289,-39.598548889160156,0.0009669907158240676,0.0009669905994087458,0.0013842015760019422,99.90330505371094,99.90330505371094,99.86157989501953,0.0001096678533940576,0.010966785252094269,20.919523239135742,-20.91951560974121,0.04157586768269539,0.04157524183392525,0.06508424133062363,95.84241485595703,95.84247589111328,93.4915771484375,0.008026872761547565,0.8026872873306274,-16.62483024597168
172,0,Vocal,11.579503059387207,-11.57950496673584,0.017930159345269203,0.017930157482624054,0.025235764682292938,98.20698547363281,98.20698547363281,97.47642517089844,0.06499272584915161,6.499272346496582,34.776302337646484,-34.776676177978516,0.004119358025491238,0.004119287244975567,0.00830475240945816,99.58806610107422,99.58807373046875,99.16952514648438,0.0003328295424580574,0.03328295424580574,23.407081604003906
172,1,Bass,6.56995964050293,-6.569958209991455,0.12451668083667755,0.12451666593551636,0.11497583985328674,87.54833221435547,87.54833221435547,88.5024185180664,0.18052585422992706,18.05258560180664,9.734955787658691,-9.734953880310059,0.1385953277349472,0.13856691122055054,0.17199788987636566,86.14046478271484,86.143310546875,82.80020904541016,0.09608035534620285,9.60803508758545,6.882323265075684
172,2,Drums,39.843753814697266,-39.844051361083984,0.002106749452650547,0.0021067485213279724,0.0038808330427855253,99.7893295288086,99.7893295288086,99.6119155883789,0.00010362843750044703,0.010362843982875347,13.318672180175781,-13.318672180175781,0.10583742707967758,0.10583712160587311,0.25574037432670593,89.416259765625,89.41629028320312,74.42595672607422,0.044500358402729034,4.45003604888916,-21.052953720092773
173,0,Vocal,1.5637098550796509,-1.5637093782424927,0.1934014856815338,0.19340147078037262,0.28769755363464355,80.65985107421875,80.65985107421875,71.2302474975586,0.41094568371772766,41.09457015991211,22.882688522338867,-22.88268280029297,0.010305383242666721,0.010305294767022133,0.046359434723854065,98.9694595336914,98.96947479248047,95.36405944824219,0.005122712347656488,0.5122712254524231,21.922042846679688
173,1,Bass,0.35896214842796326,-0.35896164178848267,0.21261274814605713,0.21261239051818848,0.30989891290664673,78.73872375488281,78.73876190185547,69.0101089477539,0.4793482720851898,47.9348258972168,13.585328102111816,-13.585329055786133,0.10563626885414124,0.10562290996313095,0.13007092475891113,89.4363784790039,89.43771362304688,86.99290466308594,0.041961412876844406,4.196141242980957,14.225013732910156
173,2,Drums,37.94898223876953,-37.94966125488281,0.00025868730153888464,0.0002586872724350542,0.0007051322027109563,99.97412872314453,99.97412872314453,99.92948913574219,0.00016034930013120174,0.01603493094444275,18.713958740234375,-18.71396827697754,0.13754896819591522,0.13748037815093994,0.1323527693748474,86.24510192871094,86.25196075439453,86.76472473144531,0.013267923146486282,1.3267923593521118,-13.806711196899414
174,0,Vocal,41.14097213745117,-41.13862609863281,0.007892902009189129,0.00789289828389883,0.00855895783752203,99.21070861816406,99.21070861816406,99.14410400390625,7.690092024859041e-05,0.007690092083066702,4.238132476806641,-4.238133430480957,0.8097453117370605,0.7987581491470337,0.8086611032485962,19.025468826293945,20.12418556213379,19.13389015197754,0.27371281385421753,27.371280670166016,18.136329650878906
174,1,Bass,16.344234466552734,-16.34423065185547,0.12404504418373108,0.12404504418373108,0.12310469150543213,87.59549713134766,87.59549713134766,87.68952941894531,0.022678570821881294,2.267857074737549,17.1655216217041,-17.16551971435547,0.07602205127477646,0.07601740956306458,0.07853053510189056,92.39779663085938,92.39826202392578,92.14694213867188,0.018844563513994217,1.8844563961029053,1.052953839302063
174,2,Drums,36.63166427612305,-36.63217544555664,0.007568694185465574,0.007568692322820425,0.00900164432823658,99.24312591552734,99.24312591552734,99.0998306274414,0.00021714167087338865,0.021714167669415474,18.943140029907227,-18.943145751953125,0.191654235124588,0.19164976477622986,0.20037443935871124,80.83457946777344,80.83502197265625,79.96255493164062,0.012594507075846195,1.2594506740570068,-10.285544395446777
175,0,Vocal,30.005311965942383,-30.005159378051758,0.026469511911273003,0.02646949701011181,0.02740495838224888,97.3530502319336,97.3530502319336,97.25950622558594,0.0009978306479752064,0.09978306293487549,34.910614013671875,-34.9105339050293,0.005707856267690659,0.005707856267690659,0.006800551898777485,99.42921447753906,99.42921447753906,99.3199462890625,0.00032271171221509576,0.03227117285132408,5.041574001312256
175,1,Bass,18.20640754699707,-18.20640754699707,0.08712689578533173,0.08712689578533173,0.09041623026132584,91.28730773925781,91.28730773925781,90.9583740234375,0.014888272620737553,1.4888272285461426,5.22772216796875,-5.22772216796875,0.871537446975708,0.841183066368103,0.840492844581604,12.8462553024292,15.881692886352539,15.950716018676758,0.23081278800964355,23.081279754638672,39.822174072265625
175,2,Drums,37.420536041259766,-37.42000198364258,0.0023614605888724327,0.002361460356041789,0.0020722101908177137,99.76385498046875,99.76385498046875,99.79277801513672,0.00018112215911969543,0.018112216144800186,24.42745018005371,-24.427425384521484,0.08659910410642624,0.08659907430410385,0.07862971723079681,91.340087890625,91.34009552001953,92.13702392578125,0.0035949719604104757,0.35949718952178955,-9.748506546020508
176,0,Vocal,13.160219192504883,-13.1602144241333,0.05747232586145401,0.05747232213616371,0.060322534292936325,94.25276184082031,94.25276184082031,93.9677505493164,0.04607773572206497,4.607773780822754,35.07830810546875,-35.07866668701172,0.0034202293027192354,0.003420177847146988,0.005464291200041771,99.65797424316406,99.6579818725586,99.45356750488281,0.0003104672650806606,0.031046725809574127,22.125497817993164
176,1,Bass,20.754850387573242,-20.754854202270508,0.2332482933998108,0.23324693739414215,0.23516730964183807,76.6751708984375,76.67530822753906,76.48326873779297,0.008334508165717125,0.8334507942199707,24.578163146972656,-24.57807159423828,0.17887020111083984,0.1788690686225891,0.18666870892047882,82.11297607421875,82.11309051513672,81.3331298828125,0.003472761483862996,0.34727615118026733,3.7411718368530273
176,2,Drums,27.178035736083984,-27.178075790405273,0.004442267119884491,0.004442265722900629,0.0033405597787350416,99.55577087402344,99.55577087402344,99.66594696044922,0.0019114509923383594,0.19114509224891663,36.72080993652344,-36.720298767089844,0.010878439992666245,0.01087839063256979,0.011461393907666206,98.91215515136719,98.91216278076172,98.8538589477539,0.00021275682956911623,0.021275682374835014,10.318558692932129
177,0,Vocal,25.429973602294922,-25.42994499206543,0.01531294360756874,0.015312937088310719,0.015002710744738579,98.46870422363281,98.46871185302734,98.49972534179688,0.0028560208156704903,0.2856020927429199,25.91587257385254,-25.91585922241211,0.014194360934197903,0.014194242656230927,0.013859821483492851,98.58056640625,98.58057403564453,98.61402130126953,0.002554495818912983,0.2554495930671692,0.5772901773452759
177,1,Bass,17.475908279418945,-17.47590446472168,0.11869990080595016,0.11869784444570541,0.12129297107458115,88.13001251220703,88.13021850585938,87.8707046508789,0.017567599192261696,1.7567598819732666,17.753145217895508,-17.753137588500977,0.1106436550617218,0.1106434315443039,0.11320977658033371,88.93563842773438,88.93565368652344,88.67902374267578,0.016499102115631104,1.6499102115631104,0.25228726863861084
177,2,Drums,29.86980438232422,-29.869873046875,0.0021735280752182007,0.00217352039180696,0.0029656393453478813,99.78264617919922,99.78264617919922,99.70343780517578,0.0010293548693880439,0.10293548554182053,28.696990966796875,-28.696945190429688,0.004705109167844057,0.004705013707280159,0.005330762825906277,99.52948760986328,99.52949523925781,99.46692657470703,0.0013480958295986056,0.13480958342552185,-0.658815324306488
178,0,Vocal,18.850419998168945,-18.850419998168945,0.020944591611623764,0.020944522693753242,0.02252916805446148,97.9055404663086,97.90554809570312,97.74707794189453,0.01286280807107687,1.2862807512283325,19.645994186401367,-19.64598846435547,0.01920030079782009,0.019199922680854797,0.020844295620918274,98.07997131347656,98.08000946044922,97.91557312011719,0.010732904076576233,1.0732903480529785,0.9011579751968384
178,1,Bass,7.1995697021484375,-7.199569225311279,0.11521149426698685,0.11521143466234207,0.1352892816066742,88.47885131835938,88.4788589477539,86.4710693359375,0.16006264090538025,16.006263732910156,7.341858863830566,-7.341857433319092,0.10654076188802719,0.10653956979513168,0.12651166319847107,89.3459243774414,89.3460464477539,87.34883117675781,0.15570679306983948,15.570679664611816,0.05143292620778084
178,2,Drums,24.538251876831055,-24.538240432739258,0.003259369870647788,0.003259366611018777,0.004951149690896273,99.67406463623047,99.67406463623047,99.5048828125,0.003504726104438305,0.3504725992679596,32.061241149902344,-32.061180114746094,0.010186610743403435,0.010186523199081421,0.010373378172516823,98.98133850097656,98.9813461303711,98.96266174316406,0.0006217196932993829,0.062171969562768936,8.269536018371582
179,0,Vocal,22.845666885375977,-22.845638275146484,0.012760084122419357,0.012760062702000141,0.01337385457009077,98.72399139404297,98.7239990234375,98.66261291503906,0.005166369955986738,0.5166369676589966,23.65501594543457,-23.655029296875,0.010458281263709068,0.010458060540258884,0.011210824362933636,98.95417022705078,98.95419311523438,98.87892150878906,0.00429173931479454,0.42917394638061523,0.8886435627937317
179,1,Bass,9.132790565490723,-9.13278865814209,0.10495010763406754,0.10495009273290634,0.13220971822738647,89.50498962402344,89.50498962402344,86.7790298461914,0.10881504416465759,10.88150405883789,21.731359481811523,-21.73133087158203,0.029581015929579735,0.02958069182932377,0.03666217625141144,97.04190063476562,97.04193115234375,96.33378601074219,0.0066674211993813515,0.6667421460151672,12.582100868225098
179,2,Drums,26.30706787109375,-26.307031631469727,0.0021456170361489058,0.0021456002723425627,0.0023154285736382008,99.78543853759766,99.78543853759766,99.76846313476562,0.0023349756374955177,0.23349756002426147,30.370264053344727,-30.37035369873047,0.004200275521725416,0.004200113005936146,0.004838541615754366,99.57997131347656,99.57998657226562,99.51614379882812,0.0009174420847557485,0.09174420684576035,4.618688583374023
180,0,Vocal,15.946645736694336,-15.94664478302002,0.031051360070705414,0.03105129860341549,0.033828556537628174,96.89486694335938,96.8948745727539,96.61714172363281,0.0247988048940897,2.4798805713653564,17.33089256286621,-17.330888748168945,0.021753840148448944,0.02175355888903141,0.024701332673430443,97.82461547851562,97.82464599609375,97.52986145019531,0.018153266981244087,1.8153266906738281,1.5179771184921265
180,1,Bass,10.917948722839355,-10.917947769165039,0.24455636739730835,0.2445540428161621,0.24608060717582703,75.54436492919922,75.54459381103516,75.39193725585938,0.07488593459129333,7.488593578338623,10.403653144836426,-10.403654098510742,0.22156964242458344,0.2215612381696701,0.22344009578227997,77.84303283691406,77.8438720703125,77.65599060058594,0.08351420611143112,8.351420402526855,-0.5018943548202515
180,2,Drums,24.566362380981445,-24.566335678100586,0.0022895033471286297,0.0022895028814673424,0.003006639890372753,99.77104949951172,99.77104949951172,99.69933319091797,0.0034821873996406794,0.34821873903274536,25.0637264251709,-25.063732147216797,0.009299072436988354,0.009298952296376228,0.008325251750648022,99.0700912475586,99.07009887695312,99.16747283935547,0.00310655334033072,0.3106553256511688,1.1068739891052246
181,0,Vocal,19.218923568725586,-19.218921661376953,0.03965684771537781,0.03965684399008751,0.04152362793684006,96.03430938720703,96.03431701660156,95.8476333618164,0.011828780174255371,1.182878017425537,24.713455200195312,-24.71343231201172,0.020606331527233124,0.02060537412762642,0.022553784772753716,97.93936920166016,97.93946075439453,97.74462127685547,0.003366616554558277,0.3366616666316986,5.711982727050781
181,1,Bass,14.534758567810059,-14.534770011901855,0.190073162317276,0.19007021188735962,0.19777162373065948,80.99268341064453,80.99298095703125,80.22283935546875,0.0340016670525074,3.4001667499542236,26.336502075195312,-26.336402893066406,0.01382585521787405,0.013825098983943462,0.01606096513569355,98.61741638183594,98.61748504638672,98.39390563964844,0.0023192379157990217,0.23192378878593445,11.83721923828125
181,2,Drums,29.986652374267578,-29.986726760864258,0.001948827994056046,0.001948827994056046,0.001497735152952373,99.80511474609375,99.80511474609375,99.85022735595703,0.0010020856279879808,0.10020856559276581,33.92674255371094,-33.92652130126953,0.005721131339669228,0.005721040070056915,0.0058629377745091915,99.42788696289062,99.42789459228516,99.41370391845703,0.0004047093098051846,0.04047093167901039,4.542871475219727
182,0,Vocal,19.01797103881836,-19.017963409423828,0.011744355782866478,0.01174432784318924,0.012495825998485088,98.8255615234375,98.82556915283203,98.75041961669922,0.0123820211738348,1.2382020950317383,20.188291549682617,-20.188350677490234,0.011438725516200066,0.01143871620297432,0.012531510554254055,98.85612487792969,98.85612487792969,98.7468490600586,0.00948486290872097,0.9484862685203552,1.2785004377365112
182,1,Bass,15.044912338256836,-15.044912338256836,0.03597130998969078,0.03597130998969078,0.013731923885643482,96.40287017822266,96.40287017822266,98.6268081665039,0.030347688123583794,3.03476881980896,15.094499588012695,-15.094488143920898,0.03073464147746563,0.03073210082948208,0.009681863710284233,96.9265365600586,96.92678833007812,99.03181457519531,0.030013471841812134,3.001347064971924,0.18187479674816132
182,2,Drums,32.769588470458984,-32.76939392089844,0.0070670414716005325,0.007067041005939245,0.006311951670795679,99.29329681396484,99.29329681396484,99.36880493164062,0.0005282460479065776,0.052824605256319046,27.444351196289062,-27.444408416748047,0.019919633865356445,0.019919447600841522,0.02568160556256771,98.0080337524414,98.008056640625,97.43183898925781,0.0017980003030970693,0.17980003356933594,-3.7794177532196045
183,0,Vocal,29.908493041992188,-29.908449172973633,0.02126159518957138,0.02126159518957138,0.02242986112833023,97.87384033203125,97.87384033203125,97.75701141357422,0.0010202775010839105,0.10202775150537491,25.04005241394043,-25.04003143310547,0.0736510381102562,0.07365047931671143,0.0766768679022789,92.63489532470703,92.63494873046875,92.33231353759766,0.0031235115602612495,0.31235116720199585,-3.731168031692505
183,1,Bass,17.723365783691406,-17.723392486572266,0.13766208291053772,0.1376596987247467,0.14681124687194824,86.23379516601562,86.2340316772461,85.31887817382812,0.01661067083477974,1.6610671281814575,17.615514755249023,-17.615516662597656,0.1198282241821289,0.11982792615890503,0.12543067336082458,88.01718139648438,88.01720428466797,87.4569320678711,0.017021317034959793,1.702131748199463,-0.13416266441345215
183,2,Drums,35.65922927856445,-35.659385681152344,0.0012974451528862119,0.0012974445708096027,0.0029322172049432993,99.87025451660156,99.87025451660156,99.70677947998047,0.0002716361777856946,0.027163617312908173,-3.8093886375427246,3.809387445449829,0.7972751259803772,0.7972671389579773,0.7977975010871887,20.27248764038086,20.273286819458008,20.22024917602539,0.7062300443649292,70.62300109863281,-12.350207328796387
184,0,Vocal,36.27251434326172,-36.27218246459961,0.009440998546779156,0.009440994821488857,0.010132218711078167,99.05590057373047,99.05590057373047,98.98677825927734,0.00023584661539644003,0.02358466200530529,35.773197174072266,-35.77504348754883,0.009052135050296783,0.009052010253071785,0.00956015009433031,99.09478759765625,99.09479522705078,99.04398345947266,0.00026450210134498775,0.026450209319591522,-0.4125773012638092
184,1,Bass,32.8482551574707,-32.84785461425781,0.05351410433650017,0.05351400002837181,0.05325078219175339,94.64859008789062,94.64859771728516,94.67491912841797,0.0005187847418710589,0.05187847465276718,33.22564697265625,-33.22524642944336,0.04724337160587311,0.047237150371074677,0.04707064479589462,95.27566528320312,95.27628326416016,95.29293823242188,0.00047556639765389264,0.04755663871765137,0.7660731673240662
184,2,Drums,40.696510314941406,-40.69654083251953,0.002363662701100111,0.00236366200260818,0.0025162927340716124,99.76363372802734,99.76363372802734,99.74837493896484,8.515782974427566e-05,0.008515782654285431,38.94860076904297,-38.94932556152344,0.004008006304502487,0.004007996525615454,0.004133686888962984,99.59919738769531,99.59919738769531,99.58663177490234,0.00012735747441183776,0.01273574773222208,-1.3748056888580322
185,0,Vocal,17.092073440551758,-17.092077255249023,0.07353903353214264,0.07353897392749786,0.07223272323608398,92.6460952758789,92.64610290527344,92.77672576904297,0.019159842282533646,1.9159842729568481,35.42721176147461,-35.427486419677734,0.004555460065603256,0.00455545773729682,0.0053032757714390755,99.5444564819336,99.5444564819336,99.46967315673828,0.0002864922280423343,0.0286492221057415,18.45823097229004
185,1,Bass,18.147581100463867,-18.14757537841797,0.221062570810318,0.22106073796749115,0.21956391632556915,77.89374542236328,77.8939208984375,78.04360961914062,0.015088269487023354,1.5088269710540771,17.147985458374023,-17.147977828979492,0.21616840362548828,0.21615847945213318,0.2141481637954712,78.38316345214844,78.38414764404297,78.5851821899414,0.018919402733445168,1.8919402360916138,-0.5786037445068359
185,2,Drums,33.28376007080078,-33.283973693847656,0.0023315672297030687,0.0023315618745982647,0.0025631426833570004,99.766845703125,99.766845703125,99.74369049072266,0.00046926888171583414,0.046926889568567276,33.93378829956055,-33.93409729003906,0.008508434519171715,0.008508329279720783,0.00880915392190218,99.14915466308594,99.149169921875,99.11908721923828,0.00040404440369457006,0.040404438972473145,1.176287293434143
186,0,Vocal,28.320350646972656,-28.320281982421875,0.010623235255479813,0.010623232461512089,0.011330134235322475,98.93767547607422,98.93767547607422,98.86698913574219,0.001470021903514862,0.1470021903514862,29.446285247802734,-29.446266174316406,0.009075641632080078,0.009075617417693138,0.009851940907537937,99.09243774414062,99.09243774414062,99.01480865478516,0.0011347084073349833,0.11347083747386932,1.2074618339538574
186,1,Bass,14.833736419677734,-14.833732604980469,0.06699527055025101,0.06699518859386444,0.06934976577758789,93.30047607421875,93.30047607421875,93.06502532958984,0.031811684370040894,3.181168556213379,15.633477210998535,-15.633477210998535,0.0615461990237236,0.06154192239046097,0.0655207484960556,93.84538269042969,93.84580993652344,93.44792175292969,0.02660374529659748,2.660374641418457,1.2207531929016113
186,2,Drums,38.430015563964844,-38.429908752441406,0.002011189702898264,0.002011189702898264,0.0021887316834181547,99.79888153076172,99.79888153076172,99.7811279296875,0.00014351574645843357,0.014351574704051018,37.270179748535156,-37.27061462402344,0.002827693009749055,0.0028276799712330103,0.002845654496923089,99.71723175048828,99.71723175048828,99.71543884277344,0.00018743435794021934,0.01874343492090702,-0.7313636541366577
187,0,Vocal,17.148460388183594,-17.148479461669922,0.030918113887310028,0.030917929485440254,0.03266876935958862,96.90818786621094,96.908203125,96.73312377929688,0.01891728863120079,1.8917288780212402,27.82906723022461,-27.829025268554688,0.008909706957638264,0.00890965387225151,0.010063179768621922,99.1090316772461,99.10903930664062,98.99368286132812,0.001645820215344429,0.1645820140838623,10.80791187286377
187,1,Bass,17.10546875,-17.105472564697266,0.05476948991417885,0.05476875230669975,0.04824027419090271,94.5230484008789,94.52312469482422,95.17597198486328,0.019101904705166817,1.910190463066101,19.095117568969727,-19.095157623291016,0.04578036442399025,0.0457761250436306,0.03698395937681198,95.42196655273438,95.4223861694336,96.30160522460938,0.012166623957455158,1.2166624069213867,2.268430233001709
187,2,Drums,33.08368682861328,-33.0837287902832,0.0012066933559253812,0.0012066932395100594,0.0023673695977777243,99.87933349609375,99.87933349609375,99.76325988769531,0.0004914032178930938,0.0491403229534626,33.63475799560547,-33.634498596191406,0.0018889608327299356,0.001888955826871097,0.002457751426845789,99.81110382080078,99.81110382080078,99.75422668457031,0.00043284735875204206,0.043284736573696136,0.7809204459190369
188,0,Vocal,26.346134185791016,-26.346115112304688,0.0076731471344828606,0.007673146668821573,0.008297660388052464,99.2326889038086,99.2326889038086,99.17023468017578,0.0023140558041632175,0.2314055860042572,26.816516876220703,-26.816530227661133,0.007303289603441954,0.007303288672119379,0.007889116182923317,99.26966857910156,99.26966857910156,99.21109008789062,0.0020770046394318342,0.2077004611492157,0.559874415397644
188,1,Bass,21.966245651245117,-21.96624755859375,0.056112486869096756,0.056112486869096756,0.058877330273389816,94.38875579833984,94.38875579833984,94.11226654052734,0.006318648345768452,0.6318648457527161,23.99492073059082,-23.994848251342773,0.048677708953619,0.04867403209209442,0.05071483924984932,95.13223266601562,95.13259887695312,94.92851257324219,0.003969918470829725,0.3969918489456177,2.472809076309204
188,2,Drums,26.256467819213867,-26.25664520263672,0.0005867229774594307,0.0005867229774594307,0.0009640196221880615,99.94132232666016,99.94132232666016,99.90359497070312,0.0023621979635208845,0.23621979355812073,26.42076873779297,-26.420738220214844,0.00414592120796442,0.004145899321883917,0.004172055516391993,99.58541107177734,99.58541107177734,99.58279418945312,0.0022747537586838007,0.2274753749370575,0.8341131210327148
189,0,Vocal,9.62686538696289,-9.626862525939941,0.1303357034921646,0.1303357034921646,0.1369761973619461,86.9664306640625,86.9664306640625,86.30238342285156,0.0982636883854866,9.826369285583496,23.39341926574707,-23.393444061279297,0.01691671833395958,0.016910672187805176,0.017306659370660782,98.30833435058594,98.30892944335938,98.26933288574219,0.0045569296926259995,0.45569297671318054,13.913809776306152
189,1,Bass,13.853644371032715,-13.853644371032715,0.2732294201850891,0.2732293903827667,0.27880600094795227,72.67705535888672,72.67706298828125,72.11940002441406,0.03954688459634781,3.954688549041748,-0.30844616889953613,0.30844646692276,0.8961832523345947,0.896170973777771,0.8760333061218262,10.381674766540527,10.382902145385742,12.396669387817383,0.5177481174468994,51.774810791015625,18.250089645385742
189,2,Drums,44.74197006225586,-44.74103927612305,0.0012440524296835065,0.0012440524296835065,0.0013218041276559234,99.87559509277344,99.87559509277344,99.8678207397461,3.356402521603741e-05,0.0033564025070518255,36.55601501464844,-36.55600357055664,0.003776591271162033,0.0037764667067676783,0.0019791973754763603,99.6223373413086,99.62235260009766,99.80208587646484,0.00022093979350756854,0.02209397964179516,-7.839931964874268
190,0,Vocal,18.001070022583008,-18.001075744628906,0.19465391337871552,0.19465361535549164,0.19838474690914154,80.53460693359375,80.53463745117188,80.1615219116211,0.015597888268530369,1.5597888231277466,21.920473098754883,-21.92043113708496,0.03913111239671707,0.0391295924782753,0.045454200357198715,96.0868911743164,96.0870361328125,95.45458221435547,0.006385177373886108,0.6385177373886108,4.095141410827637
190,1,Bass,16.876127243041992,-16.876123428344727,0.028959238901734352,0.028959151357412338,0.025910301133990288,97.10408020019531,97.10408782958984,97.40896606445312,0.020116932690143585,2.011693239212036,17.15787124633789,-17.15787696838379,0.0291401706635952,0.029139159247279167,0.02466835454106331,97.08598327636719,97.0860824584961,97.53316497802734,0.018877124413847923,1.8877124786376953,0.49429118633270264
190,2,Drums,35.38136672973633,-35.38180160522461,0.0003621256910264492,0.0003621235955506563,0.0,99.96379089355469,99.96379089355469,100.0,0.0002895423094742,0.02895423024892807,35.47629165649414,-35.47598648071289,0.0009474072721786797,0.0009474065736867487,0.0,99.90525817871094,99.90525817871094,100.0,0.00028332092915661633,0.028332093730568886,0.281930148601532
191,0,Vocal,7.956575393676758,-7.956575393676758,0.2536388337612152,0.25363850593566895,0.2650017738342285,74.63611602783203,74.63614654541016,73.49982452392578,0.1379920095205307,13.799201011657715,28.879989624023438,-28.880006790161133,0.023479169234633446,0.023479152470827103,0.02458689734339714,97.65208435058594,97.65208435058594,97.54130554199219,0.001292486093007028,0.12924860417842865,21.45294952392578
191,1,Bass,18.383594512939453,-18.383594512939453,0.05101034417748451,0.05101001635193825,0.05749083310365677,94.89896392822266,94.89900207519531,94.25091552734375,0.014301602728664875,1.4301602840423584,21.070045471191406,-21.0700626373291,0.044202208518981934,0.044199083000421524,0.04807780683040619,95.57978057861328,95.58008575439453,95.19221496582031,0.007755608763545752,0.7755608558654785,3.316720485687256
191,2,Drums,34.890602111816406,-34.89060974121094,0.0006501824827864766,0.000650182191748172,0.000730828964151442,99.93498229980469,99.93498229980469,99.92691802978516,0.00032422688673250377,0.032422687858343124,32.918216705322266,-32.9183464050293,0.013540287502110004,0.013540243729948997,0.01690734177827835,98.6459732055664,98.6459732055664,98.30926513671875,0.0005104572046548128,0.05104571953415871,-1.124933123588562
192,0,Vocal,34.04676055908203,-34.04670715332031,0.0022552860900759697,0.002255285158753395,0.0024946334306150675,99.77447509765625,99.77447509765625,99.75053405761719,0.00039370154263451695,0.03937015309929848,29.27519989013672,-29.27505874633789,0.17900323867797852,0.1788535863161087,0.19717830419540405,82.09967803955078,82.11463928222656,80.28217315673828,0.0011802540393546224,0.11802540719509125,21.005348205566406
192,1,Bass,13.06969165802002,-13.06968879699707,0.020075589418411255,0.02007557451725006,0.021386096253991127,97.99244689941406,97.99244689941406,97.86138916015625,0.04700273647904396,4.700273513793945,-5.506496906280518,5.506496906280518,0.8493207097053528,0.8360836505889893,0.8358356356620789,15.0679292678833,16.39163589477539,16.41643714904785,0.7803860902786255,78.03861236572266,45.52373123168945
192,2,Drums,30.267831802368164,-30.267940521240234,0.02338862046599388,0.023388603702187538,0.02425934374332428,97.66114044189453,97.66114044189453,97.57406616210938,0.0009393147774972022,0.09393148124217987,26.34019660949707,-26.340229034423828,0.020328985527157784,0.020328866317868233,0.01882975921034813,97.96710205078125,97.96710968017578,98.11702728271484,0.0023172383662313223,0.2317238301038742,-2.4115309715270996
193,0,Vocal,3.3867905139923096,-3.3867907524108887,0.3295617699623108,0.3295617699623108,0.3467239737510681,67.0438232421875,67.0438232421875,65.32760620117188,0.31435492634773254,31.43549346923828,6.6282501220703125,-6.628249168395996,0.10885945707559586,0.1088559702038765,0.2947744131088257,89.11405181884766,89.1144027709961,70.5225601196289,0.17854873836040497,17.854873657226562,15.266047477722168
193,1,Bass,16.609912872314453,-16.609912872314453,0.019251463934779167,0.019251462072134018,0.011171345598995686,98.0748519897461,98.0748519897461,98.88286590576172,0.021361440420150757,2.1361441612243652,15.626955032348633,-15.62695598602295,0.03323565796017647,0.03323563188314438,0.021971965208649635,96.67642974853516,96.67643737792969,97.80280303955078,0.02664259821176529,2.664259910583496,-0.013881486840546131
193,2,Drums,33.325904846191406,-33.325927734375,0.00017764786025509238,0.00017764786025509238,0.0,99.98223876953125,99.98223876953125,100.0,0.0004647551104426384,0.04647551104426384,31.495227813720703,-31.495243072509766,0.0025499663315713406,0.0025499477051198483,0.003443390130996704,99.74500274658203,99.74500274658203,99.6556625366211,0.0007082447991706431,0.07082448154687881,-1.3974027633666992
194,0,Vocal,5.119241714477539,-5.119240760803223,0.3200446367263794,0.3200388252735138,0.3302598297595978,67.99553680419922,67.99612426757812,66.9740219116211,0.23527728021144867,23.527727127075195,19.00533103942871,-19.005329132080078,0.07957708835601807,0.0795767679810524,0.13533739745616913,92.04228973388672,92.04232025146484,86.46625518798828,0.012417691759765148,1.2417691946029663,20.507070541381836
194,1,Bass,18.229766845703125,-18.22974395751953,0.015355754643678665,0.015355730429291725,0.008713873103260994,98.46442413330078,98.46443176269531,99.12860870361328,0.014809614047408104,1.4809614419937134,-3.6097934246063232,3.6097936630249023,0.8075112700462341,0.8039647936820984,0.7963626980781555,19.248872756958008,19.6035213470459,20.36372947692871,0.6966055631637573,69.66055297851562,38.27395248413086
194,2,Drums,37.37078094482422,-37.371315002441406,0.00011310028639854863,0.00011310028639854863,0.0,99.98868560791016,99.98868560791016,100.0,0.00018315827765036374,0.01831582747399807,34.2805290222168,-34.28049087524414,0.00159277708735317,0.0015927592758089304,0.0,99.8407211303711,99.8407211303711,100.0,0.0003730604948941618,0.037306047976017,-2.7320761680603027
195,0,Vocal,41.43701934814453,-41.4362907409668,0.0009087100625038147,0.0009087100625038147,0.0010049444390460849,99.90912628173828,99.90912628173828,99.89950561523438,7.178815576480702e-05,0.007178815547376871,37.327178955078125,-37.326988220214844,0.007465185597538948,0.0074651530012488365,0.009465360082685947,99.25347900390625,99.25348663330078,99.053466796875,0.00018498148710932583,0.018498148769140244,-3.3663525581359863
195,1,Bass,16.011812210083008,-16.011816024780273,0.03859039768576622,0.038590334355831146,0.038037966936826706,96.14096069335938,96.1409683227539,96.19620513916016,0.02443845011293888,2.44384503364563,17.801210403442383,-17.801210403442383,0.05085521936416626,0.05085388943552971,0.051982853561639786,94.91447448730469,94.91461181640625,94.80171203613281,0.016320452094078064,1.6320452690124512,3.575021505355835
195,2,Drums,11.892367362976074,-11.892366409301758,0.0011082513956353068,0.0011082513956353068,0.0,99.88917541503906,99.88917541503906,100.0,0.06074976921081543,6.074976921081543,20.717426300048828,-20.717411041259766,0.15187810361385345,0.1518709361553192,0.14395111799240112,84.81218719482422,84.81290435791016,85.60488891601562,0.0084060775116086,0.840607762336731,15.990086555480957
196,0,Vocal,28.949932098388672,-28.949932098388672,0.005365234799683094,0.005365233868360519,0.005728963762521744,99.4634780883789,99.4634780883789,99.4271011352539,0.0012718563666567206,0.1271856427192688,-25.530622482299805,25.530622482299805,0.7537447214126587,0.7527825832366943,0.7519795894622803,24.62552833557129,24.72174072265625,24.802040100097656,0.9972092509269714,99.7209243774414,5.647629261016846
196,1,Bass,27.972400665283203,-27.97247886657715,0.01705613173544407,0.017056090757250786,0.017593353986740112,98.29438781738281,98.29438781738281,98.24066162109375,0.0015924988547340035,0.15924988687038422,2.191986083984375,-2.191985607147217,0.6963643431663513,0.6913301348686218,0.7255941033363342,30.36356544494629,30.866987228393555,27.440589904785156,0.37643131613731384,37.643131256103516,3.641550302505493
196,2,Drums,31.47006607055664,-31.470722198486328,0.0058064707554876804,0.005806468427181244,0.005930817686021328,99.41935729980469,99.41935729980469,99.40691375732422,0.0007122756214812398,0.07122756540775299,33.045379638671875,-33.045143127441406,0.007962536998093128,0.007962103933095932,0.007556710857897997,99.20375061035156,99.20378875732422,99.24432373046875,0.0004957818309776485,0.04957818239927292,2.2332117557525635
197,0,Vocal,38.397666931152344,-38.39789581298828,0.0007890966953709722,0.0007890966953709722,0.0009342099656350911,99.92108917236328,99.92108917236328,99.90657806396484,0.00014463344996329397,0.01446334458887577,19.08534812927246,-19.08535385131836,0.5414868593215942,0.5375487804412842,0.5323452949523926,45.851314544677734,46.245121002197266,46.765472412109375,0.012193701229989529,1.2193701267242432,19.449281692504883
197,1,Bass,14.354277610778809,-14.354278564453125,0.00942317396402359,0.009423171170055866,0.01221033651381731,99.05767822265625,99.05767822265625,98.77896881103516,0.03539340943098068,3.5393409729003906,9.249820709228516,-9.249821662902832,0.8140676617622375,0.813805878162384,0.811123788356781,18.593233108520508,18.61941146850586,18.88762092590332,0.1062292531132698,10.622925758361816,32.513572692871094
197,2,Drums,18.7820987701416,-18.78209686279297,0.04418144375085831,0.04418144375085831,0.043135207146406174,95.58185577392578,95.58185577392578,95.68647766113281,0.0130640659481287,1.3064066171646118,24.412660598754883,-24.4126033782959,0.09755419194698334,0.0975513905286789,0.09871640056371689,90.24458312988281,90.24485778808594,90.12836456298828,0.0036071690265089273,0.36071690917015076,9.259403228759766
198,0,Vocal,21.48858070373535,-21.48858070373535,0.0020864903926849365,0.002086490159854293,0.0031064776703715324,99.79135131835938,99.79135131835938,99.6893539428711,0.007048035506159067,0.7048035264015198,4.803971290588379,-4.803970813751221,0.7797838449478149,0.7797651886940002,0.8062940835952759,22.021615982055664,22.023481369018555,19.37059211730957,0.24858839809894562,24.85883903503418,25.743249893188477
198,1,Bass,14.60485553741455,-14.604849815368652,0.011944888159632683,0.011944861151278019,0.01914186403155327,98.80551147460938,98.80551147460938,98.0858154296875,0.03347555175423622,3.347555160522461,6.248988151550293,-6.248987197875977,0.7582973837852478,0.7521228194236755,0.7179040908813477,24.17026138305664,24.787717819213867,28.209590911865234,0.1917184442281723,19.171844482421875,47.055023193359375
198,2,Drums,28.244651794433594,-28.244606018066406,0.0005048046004958451,0.0005048044840805233,0.0,99.94952392578125,99.94952392578125,100.0,0.001495822099968791,0.14958220720291138,27.99721908569336,-27.99706268310547,0.002686600899323821,0.002686594845727086,0.004102418664842844,99.73133850097656,99.73133850097656,99.58975982666016,0.0015834138030186296,0.15834137797355652,0.22703692317008972
199,0,Vocal,36.158748626708984,-36.15837860107422,0.005751841235905886,0.005751841235905886,0.006207794416695833,99.42481231689453,99.42481231689453,99.37921905517578,0.0002421183598926291,0.024211835116147995,6.502662181854248,-6.502662181854248,0.7205567955970764,0.71998131275177,0.7658941745758057,27.944320678710938,28.001869201660156,23.41058349609375,0.1828296184539795,18.282962799072266,13.295615196228027
199,1,Bass,17.761943817138672,-17.76192855834961,0.04399494454264641,0.04399494454264641,0.04691755771636963,95.60050201416016,95.60050201416016,95.30824279785156,0.016466310247778893,1.6466310024261475,9.055962562561035,-9.055963516235352,0.4582039415836334,0.4580809772014618,0.5168671607971191,54.17960739135742,54.191898345947266,48.31328582763672,0.1105424091219902,11.054241180419922,15.240410804748535
199,2,Drums,29.38235092163086,-29.382369995117188,0.013231612741947174,0.013231612741947174,0.013643966056406498,98.67683410644531,98.67683410644531,98.63560485839844,0.001151515170931816,0.11515151709318161,34.38947296142578,-34.38932800292969,0.00520217465236783,0.005202173721045256,0.00810716487467289,99.47978210449219,99.47978210449219,99.18928527832031,0.00036381263635121286,0.03638126328587532,5.757473945617676
200,0,Vocal,12.132097244262695,-12.132096290588379,0.2498905509710312,0.2498905211687088,0.2525179982185364,75.01094055175781,75.01094818115234,74.74819946289062,0.05767545849084854,5.767545700073242,32.84326934814453,-32.84325408935547,0.004143494181334972,0.004143480211496353,0.005871365778148174,99.58565521240234,99.58565521240234,99.4128646850586,0.0005193312535993755,0.05193312466144562,20.821138381958008
200,1,Bass,5.790953636169434,-5.790951728820801,0.26790851354599,0.26790815591812134,0.26218169927597046,73.20915222167969,73.20918273925781,73.78182983398438,0.20859485864639282,20.859485626220703,33.112239837646484,-33.11214828491211,0.06312578916549683,0.0631246343255043,0.06134729087352753,93.68742370605469,93.68753051757812,93.86527252197266,0.0004882006614934653,0.04882006719708443,28.197574615478516
200,2,Drums,45.83234405517578,-45.827293395996094,0.0013719293056055903,0.0013719291891902685,0.001140905893407762,99.86280822753906,99.86280822753906,99.88591003417969,2.612334537843708e-05,0.002612334443256259,39.35527038574219,-39.35569381713867,0.0040237782523036,0.0040237754583358765,0.00499677425250411,99.59761810302734,99.59761810302734,99.50032043457031,0.00011599311983445659,0.011599311605095863,-5.996007919311523
201,0,Vocal,17.92909049987793,-17.929092407226562,0.12836357951164246,0.12836353480815887,0.12625518441200256,87.16363525390625,87.16364288330078,87.37448120117188,0.015854449942708015,1.5854450464248657,19.321208953857422,-19.321197509765625,0.08621212840080261,0.08621062338352203,0.08559630811214447,91.3787841796875,91.37893676757812,91.44036865234375,0.011556632816791534,1.155663251876831,1.485026240348816
201,1,Bass,9.941375732421875,-9.941376686096191,0.28159987926483154,0.28159984946250916,0.2885616719722748,71.84001159667969,71.84001159667969,71.14382934570312,0.09203090518712997,9.20309066772461,27.35837745666504,-27.358388900756836,0.011431618593633175,0.0114315589889884,0.018148789182305336,98.8568344116211,98.85684204101562,98.18511962890625,0.0018338898662477732,0.18338899314403534,17.815019607543945
201,2,Drums,35.71101379394531,-35.70982360839844,0.002000757260248065,0.002000757260248065,0.0005844552651979029,99.7999267578125,99.7999267578125,99.9415512084961,0.0002684246574062854,0.02684246562421322,15.958015441894531,-15.958009719848633,0.29814156889915466,0.2979877293109894,0.3001064956188202,70.18583679199219,70.20123291015625,69.98934936523438,0.02473549358546734,2.4735493659973145,-14.120528221130371
202,0,Vocal,7.882591247558594,-7.8825907707214355,0.23817719519138336,0.23817694187164307,0.2395850419998169,76.18228149414062,76.18230438232422,76.04149627685547,0.1400308907032013,14.00308895111084,14.595361709594727,-14.595365524291992,0.09154141694307327,0.09153541177511215,0.09278670698404312,90.84585571289062,90.8464584350586,90.72132873535156,0.03354634717106819,3.3546347618103027,6.924766540527344
202,1,Bass,9.415855407714844,-9.415855407714844,0.3248525559902191,0.32485222816467285,0.3171427845954895,67.51473999023438,67.51477813720703,68.28572082519531,0.10265368223190308,10.265368461608887,28.110851287841797,-28.11087417602539,0.017863962799310684,0.017863932996988297,0.02456512674689293,98.2136001586914,98.21360778808594,97.54348754882812,0.00154256506357342,0.15425650775432587,19.419063568115234
202,2,Drums,40.02741241455078,-40.02659606933594,0.000911719398573041,0.000911719398573041,0.0009739494998939335,99.90882873535156,99.90882873535156,99.90260314941406,9.936061542248353e-05,0.009936061687767506,34.08441925048828,-34.08399963378906,0.005429856013506651,0.005429855547845364,0.0045050750486552715,99.45701599121094,99.45701599121094,99.54949188232422,0.00039029846084304154,0.03902984783053398,-5.236236572265625
203,0,Vocal,20.853633880615234,-20.853683471679688,0.14712795615196228,0.1471276432275772,0.1480879932641983,85.28720092773438,85.28723907470703,85.19120025634766,0.008148535154759884,0.8148534893989563,23.438560485839844,-23.43858528137207,0.09121765196323395,0.09120038896799088,0.09179948270320892,90.87823486328125,90.87995910644531,90.82005310058594,0.00451007392257452,0.4510073959827423,2.6650283336639404
203,1,Bass,1.9887508153915405,-1.9887502193450928,0.3926191031932831,0.39261800050735474,0.38789719343185425,60.73808670043945,60.73820114135742,61.21028137207031,0.3874777555465698,38.74777603149414,21.95981788635254,-21.959821701049805,0.022928141057491302,0.02292810007929802,0.019226018339395523,97.70719146728516,97.70719146728516,98.07740020751953,0.0063279131427407265,0.6327913403511047,20.696063995361328
203,2,Drums,36.3601188659668,-36.360618591308594,0.0015895325923338532,0.0015895325923338532,0.0002784685930237174,99.84104919433594,99.84104919433594,99.97215270996094,0.00023112125927582383,0.02311212569475174,33.942771911621094,-33.94266128540039,0.005018243566155434,0.005018241237848997,0.002766411053016782,99.49817657470703,99.49817657470703,99.72335815429688,0.000403220416046679,0.040322043001651764,-1.8420672416687012
204,0,Vocal,7.395017147064209,-7.395017623901367,0.4046434462070465,0.4046420753002167,0.400288850069046,59.53565979003906,59.535789489746094,59.97111892700195,0.15410439670085907,15.410439491271973,15.318951606750488,-15.318942070007324,0.20804019272327423,0.20793379843235016,0.20643608272075653,79.19598388671875,79.20661926269531,79.35639190673828,0.028544887900352478,2.8544888496398926,8.043755531311035
204,1,Bass,7.6135945320129395,-7.6135945320129395,0.423669695854187,0.4236685335636139,0.4168022871017456,57.63302993774414,57.633148193359375,58.31977081298828,0.14765729010105133,14.765728950500488,21.885889053344727,-21.885883331298828,0.18271248042583466,0.18266165256500244,0.18949607014656067,81.72875213623047,81.73383331298828,81.05039978027344,0.006435844115912914,0.6435844302177429,14.836339950561523
204,2,Drums,41.2639045715332,-41.26502227783203,0.0004017179016955197,0.00040171784348785877,0.0,99.95982360839844,99.95982360839844,100.0,7.47471276554279e-05,0.007474712561815977,36.66999053955078,-36.670108795166016,0.002352382056415081,0.002352376701310277,0.0006281798123382032,99.76476287841797,99.76476287841797,99.93717956542969,0.0002152163360733539,0.021521633490920067,-4.2393083572387695
205,0,Vocal,14.246535301208496,-14.246532440185547,0.1700446754693985,0.17004461586475372,0.17239072918891907,82.99553680419922,82.99553680419922,82.76093292236328,0.03625022992491722,3.6250228881835938,16.118099212646484,-16.118118286132812,0.09613253176212311,0.09611544758081436,0.09837301075458527,90.38674926757812,90.3884506225586,90.1626968383789,0.023861633613705635,2.3861634731292725,1.9531803131103516
205,1,Bass,2.7283382415771484,-2.7283380031585693,0.35737964510917664,0.3573794364929199,0.3647350072860718,64.26203155517578,64.26205444335938,63.5265007019043,0.34791359305381775,34.791358947753906,26.31129264831543,-26.311161041259766,0.029517656192183495,0.029517656192183495,0.028876813128590584,97.04823303222656,97.04823303222656,97.11231231689453,0.002332682954147458,0.23326829075813293,24.54774284362793
205,2,Drums,35.328041076660156,-35.327720642089844,0.0018254558090120554,0.0018254558090120554,0.0015333276242017746,99.81745147705078,99.81745147705078,99.84666442871094,0.00029314126004464924,0.029314126819372177,34.0850830078125,-34.08477783203125,0.004893856588751078,0.004893856588751078,0.004481432493776083,99.51061248779297,99.51061248779297,99.5518569946289,0.00039022459532134235,0.03902246057987213,-0.7021164894104004
206,0,Vocal,12.019208908081055,-12.019208908081055,0.10255636274814606,0.10255526751279831,0.11140750348567963,89.7443618774414,89.74447631835938,88.85924530029297,0.059104450047016144,5.910445213317871,16.01172637939453,-16.011728286743164,0.03971784934401512,0.03971000015735626,0.04202340543270111,96.02821350097656,96.02899932861328,95.79766082763672,0.02443896420300007,2.443896532058716,4.099303722381592
206,1,Bass,2.4612667560577393,-2.4612679481506348,0.4317162334918976,0.4317077100276947,0.4523543119430542,56.8283805847168,56.829227447509766,54.76456832885742,0.361992210149765,36.199222564697266,28.50551986694336,-28.505420684814453,0.028564920648932457,0.02856352925300598,0.024139834567904472,97.14350891113281,97.14364624023438,97.58602142333984,0.0014087579911574721,0.14087580144405365,26.15728759765625
206,2,Drums,34.66416931152344,-34.66408157348633,0.0016735659446567297,0.0016735653625801206,0.0005586041952483356,99.8326416015625,99.8326416015625,99.94413757324219,0.0003415356623008847,0.034153565764427185,34.39374542236328,-34.39369583129883,0.00368175539188087,0.0036817300133407116,0.0028809045907109976,99.63182067871094,99.63182830810547,99.71190643310547,0.00036348754656501114,0.03634875640273094,0.17014892399311066
207,0,Vocal,20.013385772705078,-20.013381958007812,0.11744862049818039,0.1174486055970192,0.11823474615812302,88.25513458251953,88.25513458251953,88.17652130126953,0.009870834648609161,0.9870834350585938,23.638208389282227,-23.638212203979492,0.0944618508219719,0.09445139020681381,0.09491569548845291,90.55381774902344,90.55486297607422,90.50843048095703,0.004308262839913368,0.4308262765407562,3.678593158721924
207,1,Bass,0.09830084443092346,-0.0983002632856369,0.5363940000534058,0.5363937020301819,0.5130624175071716,46.360599517822266,46.36063003540039,48.69375991821289,0.49434158205986023,49.43415832519531,17.92902374267578,-17.929014205932617,0.06232847645878792,0.06232846900820732,0.029143955558538437,93.76715087890625,93.76715087890625,97.08560943603516,0.015854669734835625,1.585466980934143,18.505462646484375
207,2,Drums,37.246761322021484,-37.2462158203125,0.0008837398490868509,0.0008837398490868509,0.002135117072612047,99.91162109375,99.91162109375,99.78649139404297,0.00018847963656298816,0.018847962841391563,35.06747817993164,-35.06730651855469,0.0030363460537046194,0.003036344889551401,0.004546300508081913,99.69636535644531,99.69636535644531,99.54537200927734,0.00031126965768635273,0.0311269648373127,-1.7675583362579346
208,0,Vocal,22.08470916748047,-22.084806442260742,0.005879235919564962,0.005879235919564962,0.006205317564308643,99.41207885742188,99.41207885742188,99.37947082519531,0.006149606313556433,0.6149606108665466,25.39935874938965,-25.399343490600586,0.007674700580537319,0.007674700114876032,0.008408727124333382,99.23252868652344,99.23252868652344,99.15912628173828,0.0028761662542819977,0.2876166105270386,3.763211727142334
208,1,Bass,14.742071151733398,-14.742074966430664,0.0804964080452919,0.0804964080452919,0.10744991153478622,91.95035552978516,91.95035552978516,89.25501251220703,0.03246816247701645,3.2468161582946777,16.169769287109375,-16.16977310180664,0.2112494856119156,0.21124926209449768,0.19902358949184418,78.87505340576172,78.87507629394531,80.09764099121094,0.023586206138134003,2.3586206436157227,12.063483238220215
208,2,Drums,21.774486541748047,-21.77446746826172,0.010457136668264866,0.010457135736942291,0.010413418523967266,98.95428466796875,98.95428466796875,98.95865631103516,0.006601965520530939,0.6601965427398682,21.244956970214844,-21.244964599609375,0.02524668537080288,0.025245990604162216,0.023262297734618187,97.47533416748047,97.47540283203125,97.67376708984375,0.007451725658029318,0.7451725602149963,1.6032285690307617
209,0,Vocal,17.282487869262695,-17.282482147216797,0.008167361840605736,0.008167360909283161,0.007925376296043396,99.18325805664062,99.18325805664062,99.20745849609375,0.018353018909692764,1.8353018760681152,7.7230353355407715,-7.723033905029297,0.8005490303039551,0.7884125709533691,0.7850019931793213,19.945096969604492,21.158742904663086,21.499801635742188,0.1445138156414032,14.45138168334961,41.4271354675293
209,1,Bass,7.28066349029541,-7.280663967132568,0.06693276017904282,0.06693214923143387,0.049617886543273926,93.30672454833984,93.3067855834961,95.0382080078125,0.15756814181804657,15.756814002990723,9.647300720214844,-9.647298812866211,0.06621517241001129,0.06621497869491577,0.04827393218874931,93.37848663330078,93.37850189208984,95.172607421875,0.09784754365682602,9.784754753112793,2.4731974601745605
209,2,Drums,21.08251190185547,-21.082489013671875,0.0023618212435394526,0.0023618191480636597,0.001369424513541162,99.7638168334961,99.7638168334961,99.8630599975586,0.007733547128736973,0.773354709148407,27.86974334716797,-27.86975860595703,0.026694215834140778,0.02669418416917324,0.023913059383630753,97.33057403564453,97.33058166503906,97.60868835449219,0.0016304905293509364,0.16304905712604523,8.424535751342773
210,0,Vocal,10.625558853149414,-10.625558853149414,0.021454069763422012,0.021454067900776863,0.023964272812008858,97.8545913696289,97.8545913696289,97.60356903076172,0.07968571782112122,7.968571662902832,25.046541213989258,-25.046567916870117,0.08661898970603943,0.08661819249391556,0.11168353259563446,91.33809661865234,91.33818054199219,88.8316421508789,0.0031188384164124727,0.3118838369846344,15.692720413208008
210,1,Bass,20.093700408935547,-20.093765258789062,0.030967509374022484,0.030966462567448616,0.023871272802352905,96.90324401855469,96.90335083007812,97.61286926269531,0.009691659361124039,0.9691659212112427,23.742816925048828,-23.742916107177734,0.011694774031639099,0.011694693937897682,0.004677751567214727,98.83052062988281,98.83053588867188,99.5322265625,0.00420616939663887,0.42061692476272583,3.6836583614349365
210,2,Drums,13.739729881286621,-13.739729881286621,0.003881995100528002,0.003881993470713496,0.0035334837157279253,99.61180114746094,99.61180114746094,99.64665222167969,0.04055526852607727,4.0555267333984375,13.10507869720459,-13.105077743530273,0.3830748498439789,0.38281482458114624,0.41963130235671997,61.69251251220703,61.7185173034668,58.036869049072266,0.04663906246423721,4.663906097412109,7.763633728027344
211,0,Vocal,32.22769546508789,-32.22785949707031,0.0006153939757496119,0.0006153933354653418,0.0011027524014934897,99.93846130371094,99.93846130371094,99.88972473144531,0.0005983691080473363,0.05983690917491913,24.021055221557617,-24.02105140686035,0.1819828599691391,0.18198241293430328,0.18313667178153992,81.80171203613281,81.8017578125,81.68633270263672,0.003946218173950911,0.3946218192577362,-4.378454685211182
211,1,Bass,14.936307907104492,-14.936305046081543,0.020022669807076454,0.020022355020046234,0.00904750358313322,97.99773406982422,97.99776458740234,99.09524536132812,0.03109223209321499,3.1092231273651123,-4.0509819984436035,4.050981521606445,0.6868257522583008,0.6856554746627808,0.7094827890396118,31.317424774169922,31.434452056884766,29.051721572875977,0.7176375389099121,71.76375579833984,36.28217697143555
211,2,Drums,17.924198150634766,-17.924192428588867,0.0015985309146344662,0.001597592025063932,0.010315665043890476,99.84014892578125,99.84024047851562,98.96843719482422,0.015872038900852203,1.587203860282898,12.348068237304688,-12.348066329956055,0.5346003770828247,0.5344558358192444,0.5309804081916809,46.53996276855469,46.55441665649414,46.90195846557617,0.0550314299762249,5.503142833709717,-0.1439814567565918
212,0,Vocal,38.12360763549805,-38.12212371826172,0.0003868632484227419,0.0003868632484227419,0.0004330678202677518,99.96131896972656,99.96131896972656,99.9566879272461,0.00015403192082885653,0.01540319249033928,23.75817108154297,-23.75816535949707,0.07313010841608047,0.07313010096549988,0.07259253412485123,92.6869888305664,92.6869888305664,92.7407455444336,0.004191413521766663,0.41914135217666626,-12.183587074279785
212,1,Bass,12.275343894958496,-12.275351524353027,0.012662122026085854,0.012661764398217201,0.0,98.7337875366211,98.73382568359375,100.0,0.05590871348977089,5.590871334075928,6.937070369720459,-6.937069892883301,0.8221117854118347,0.8203521966934204,0.8425533175468445,17.788822174072266,17.964780807495117,15.744668006896973,0.16835664212703705,16.835664749145508,45.201480865478516
212,2,Drums,28.214771270751953,-28.214738845825195,0.015512119978666306,0.015511936508119106,0.015388647094368935,98.44879150390625,98.44880676269531,98.46113586425781,0.0015061513986438513,0.1506151407957077,16.244701385498047,-16.24469757080078,0.13299787044525146,0.1329953372478485,0.10074438899755478,86.70021057128906,86.7004623413086,89.9255599975586,0.02319202944636345,2.3192028999328613,-6.7336225509643555
213,0,Vocal,20.488550186157227,-20.488536834716797,0.006156641058623791,0.006156640592962503,0.007140563800930977,99.38433837890625,99.38433837890625,99.28594207763672,0.008856859058141708,0.885685920715332,13.465839385986328,-13.465839385986328,0.44113823771476746,0.4410784840583801,0.4350842535495758,55.886173248291016,55.89215087890625,56.4915771484375,0.04308154061436653,4.308154106140137,13.811022758483887
213,1,Bass,12.548943519592285,-12.548941612243652,0.1931248903274536,0.1931237429380417,0.1983395218849182,80.68750762939453,80.6876220703125,80.16604614257812,0.05267500877380371,5.267500877380371,16.39499282836914,-16.39497947692871,0.22503823041915894,0.22503739595413208,0.21895839273929596,77.49617767333984,77.49626159667969,78.10416412353516,0.022420933470129967,2.242093324661255,6.863734722137451
213,2,Drums,23.34275245666504,-23.3427791595459,0.0009225109242834151,0.0009225109242834151,0.0003571213164832443,99.90775299072266,99.90775299072266,99.96428680419922,0.004610168281942606,0.46101683378219604,29.32711410522461,-29.3271484375,0.014802367426455021,0.014802283607423306,0.014565076678991318,98.51976013183594,98.519775390625,98.54349517822266,0.001166254747658968,0.11662547290325165,6.950571537017822
214,0,Vocal,17.17919158935547,-17.179182052612305,0.0174658615142107,0.0174658615142107,0.01875288225710392,98.25341033935547,98.25341033935547,98.12471008300781,0.018786437809467316,1.8786437511444092,21.026599884033203,-21.026607513427734,0.13021817803382874,0.13021808862686157,0.15261587500572205,86.97818756103516,86.97818756103516,84.73841094970703,0.00783292856067419,0.783292829990387,7.003538131713867
214,1,Bass,17.407955169677734,-17.407936096191406,0.08088570088148117,0.08088568598031998,0.09365873783826828,91.91143035888672,91.91143035888672,90.63412475585938,0.017839670181274414,1.7839670181274414,2.447580099105835,-2.447580099105835,0.40501856803894043,0.40499240159988403,0.4324258267879486,59.49814224243164,59.50075912475586,56.757415771484375,0.36272040009498596,36.27204132080078,9.176687240600586
214,2,Drums,20.8048038482666,-20.80481719970703,0.0017885583220049739,0.0017885583220049739,0.0,99.8211441040039,99.8211441040039,100.0,0.008239971473813057,0.8239971399307251,14.71476936340332,-14.714766502380371,0.3167552649974823,0.316313773393631,0.31534355878829956,68.32447052001953,68.36862182617188,68.46564483642578,0.03266631066799164,3.2666311264038086,2.1340322494506836
215,0,Vocal,23.513633728027344,-23.513648986816406,0.005741499364376068,0.005741499364376068,0.006195524707436562,99.42584991455078,99.42584991455078,99.38044738769531,0.004433095455169678,0.4433095455169678,5.837628364562988,-5.837628364562988,0.8628242015838623,0.857248842716217,0.8567118644714355,13.71757984161377,14.275115966796875,14.328813552856445,0.20682622492313385,20.6826229095459,32.81221008300781
215,1,Bass,15.28996467590332,-15.289968490600586,0.08714385330677032,0.08714381605386734,0.07519274950027466,91.28561401367188,91.28561401367188,92.48072814941406,0.028730522841215134,2.8730523586273193,10.797452926635742,-10.79745101928711,0.5145542025566101,0.5122363567352295,0.5207050442695618,48.544578552246094,48.776363372802734,47.92949676513672,0.0768309235572815,7.68309211730957,29.742006301879883
215,2,Drums,15.767208099365234,-15.76720142364502,0.0009256096673198044,0.0009256096091121435,0.003489134833216667,99.90744018554688,99.90744018554688,99.65108489990234,0.025817839428782463,2.5817840099334717,9.88484001159668,-9.884839057922363,0.5506531596183777,0.5494772791862488,0.5818363428115845,44.93468475341797,45.05227279663086,41.81636428833008,0.09312447905540466,9.312447547912598,7.047773838043213
216,0,Vocal,8.865804672241211,-8.865803718566895,0.739643931388855,0.7396437525749207,0.741019606590271,26.035606384277344,26.035625457763672,25.898038864135742,0.11492151767015457,11.492152214050293,5.3711395263671875,-5.371138572692871,0.8311999440193176,0.8280084729194641,0.8305251598358154,16.8800048828125,17.19915199279785,16.94748306274414,0.22500213980674744,22.500213623046875,51.311241149902344
216,1,Bass,27.466472625732422,-27.466447830200195,0.33041420578956604,0.33041420578956604,0.3265856206417084,66.95858001708984,66.95858001708984,67.34143829345703,0.0017888875445351005,0.17888875305652618,20.4311580657959,-20.43115997314453,0.1718229055404663,0.1718038022518158,0.1553712785243988,82.81771087646484,82.81961822509766,84.4628677368164,0.00897368136793375,0.8973681330680847,0.9958873391151428
216,2,Drums,57.475982666015625,-57.33432388305664,0.0007591373287141323,0.0007591365720145404,0.0006274983752518892,99.92408752441406,99.92408752441406,99.93724822998047,1.807320472835272e-06,0.00018073205137625337,34.15869903564453,-34.158607482910156,0.002320269588381052,0.002320243278518319,0.0011904251296073198,99.76797485351562,99.76797485351562,99.8809585571289,0.0003837029216811061,0.038370292633771896,-23.01508331298828
217,0,Vocal,7.2486419677734375,-7.248640537261963,0.8701496720314026,0.8701475262641907,0.87300705909729,12.98503303527832,12.985247611999512,12.699294090270996,0.15854938328266144,15.854938507080078,-12.328010559082031,12.328012466430664,0.6831979155540466,0.6739075779914856,0.6941313743591309,31.680208206176758,32.6092414855957,30.586862564086914,0.9447279572486877,94.47279357910156,26.155742645263672
217,1,Bass,27.940282821655273,-27.940290451049805,0.34867388010025024,0.34867385029792786,0.34377142786979675,65.13261413574219,65.13261413574219,65.62285614013672,0.0016042569186538458,0.16042569279670715,6.294882774353027,-6.294883728027344,0.7489654421806335,0.7487466335296631,0.7633957266807556,25.103456497192383,25.125335693359375,23.66042709350586,0.19008617103099823,19.008617401123047,28.456401824951172
217,2,Drums,56.932403564453125,-56.90746307373047,0.0004474316374398768,0.0004474316374398768,0.0007453252328559756,99.95525360107422,99.95525360107422,99.92546844482422,2.06328991225746e-06,0.00020632898667827249,34.158023834228516,-34.157833099365234,0.009935681708157063,0.009935680776834488,0.01361367478966713,99.00643157958984,99.00643157958984,98.63862609863281,0.0003837563854176551,0.03837563842535019,-22.201690673828125
218,0,Vocal,10.245880126953125,-10.245878219604492,0.7348396182060242,0.7348393201828003,0.7356029152870178,26.51603889465332,26.516067504882812,26.439708709716797,0.08633723109960556,8.633723258972168,-10.242664337158203,10.242664337158203,0.8419263362884521,0.841744065284729,0.829890251159668,15.807366371154785,15.825593948364258,17.010974884033203,0.9136043787002563,91.36043548583984,30.805946350097656
218,1,Bass,21.470163345336914,-21.470115661621094,0.3265707194805145,0.32657065987586975,0.3261280953884125,67.34292602539062,67.34293365478516,67.3871841430664,0.007077840156853199,0.7077839970588684,24.920167922973633,-24.920026779174805,0.2069965898990631,0.20694655179977417,0.2096804678440094,79.30034637451172,79.30534362792969,79.0319595336914,0.003210632596164942,0.32106325030326843,11.194191932678223
218,2,Drums,59.69447326660156,-59.58889389038086,0.0007650962797924876,0.0007650962215848267,0.000750906765460968,99.92349243164062,99.92349243164062,99.92491149902344,1.0649675914464751e-06,0.00010649675823515281,35.735198974609375,-35.73558044433594,0.001516837510280311,0.0015168293612077832,0.0,99.84832000732422,99.84832000732422,100.0,0.00026689021615311503,0.026689020916819572,-23.733240127563477
219,0,Vocal,6.8526411056518555,-6.852640151977539,0.6909914612770081,0.6909912824630737,0.692817747592926,30.900854110717773,30.90087127685547,30.718225479125977,0.1710961014032364,17.109609603881836,9.60521125793457,-9.60521125793457,0.4325399100780487,0.4323591887950897,0.46438947319984436,56.74600601196289,56.764076232910156,53.56105422973633,0.09870637208223343,9.870636940002441,37.51364517211914
219,1,Bass,32.976959228515625,-32.977962493896484,0.3950338363647461,0.39503005146980286,0.3973115086555481,60.49661636352539,60.49699783325195,60.26884841918945,0.0005035469075664878,0.05035468935966492,8.06458568572998,-8.06458568572998,0.8649182915687561,0.8647527694702148,0.8626510500907898,13.508171081542969,13.524723052978516,13.734894752502441,0.13506019115447998,13.506019592285156,29.110876083374023
219,2,Drums,51.52835464477539,-51.53651428222656,0.0004873713187407702,0.0004873712023254484,0.0010457084281370044,99.95126342773438,99.95126342773438,99.89543151855469,7.028136678854935e-06,0.0007028136751614511,40.448421478271484,-40.44721984863281,0.01479039154946804,0.014790351502597332,0.015621156431734562,98.52095794677734,98.52096557617188,98.43788146972656,9.018790296977386e-05,0.00901878997683525,-10.447819709777832
220,0,Vocal,9.791413307189941,-9.791414260864258,0.7308418154716492,0.7308417558670044,0.7345227003097534,26.91581916809082,26.91582489013672,26.5477294921875,0.0949571505188942,9.495715141296387,2.159379005432129,-2.159379243850708,0.810165524482727,0.8078782558441162,0.826221764087677,18.983448028564453,19.212173461914062,17.377822875976562,0.37819525599479675,37.81952667236328,38.352664947509766
220,1,Bass,24.121173858642578,-24.121200561523438,0.3284539580345154,0.3284539580345154,0.3274160921573639,67.15460205078125,67.15460205078125,67.25839233398438,0.0038565672002732754,0.3856567144393921,18.651405334472656,-18.651412963867188,0.19159650802612305,0.19157086312770844,0.18063242733478546,80.84034729003906,80.84291076660156,81.93675994873047,0.013457804918289185,1.3457804918289185,1.7113335132598877
220,2,Drums,43.47905731201172,-43.47710418701172,0.0007264919113367796,0.0007264856249094009,0.00172826973721385,99.9273452758789,99.92735290527344,99.8271713256836,4.491139770834707e-05,0.0044911396689713,40.346282958984375,-40.345951080322266,0.0012662425870075822,0.0012662416556850076,0.003319189650937915,99.87337493896484,99.87337493896484,99.66808319091797,9.234988829120994e-05,0.009234989061951637,-2.9354805946350098
221,0,Vocal,5.435714244842529,-5.435715675354004,0.7076195478439331,0.7076165676116943,0.7108044028282166,29.23804473876953,29.23834228515625,28.919559478759766,0.22241996228694916,22.24199676513672,2.7720489501953125,-2.7720487117767334,0.7516762614250183,0.7493814826011658,0.7730433940887451,24.832374572753906,25.061851501464844,22.695659637451172,0.34563368558883667,34.56336975097656,47.36420440673828
221,1,Bass,33.40349578857422,-33.40362548828125,0.33224576711654663,0.33224570751190186,0.3323974907398224,66.77542114257812,66.77542877197266,66.76025390625,0.0004565454146359116,0.0456545427441597,6.747986793518066,-6.747986793518066,0.7792859077453613,0.7749207615852356,0.78038090467453,22.071409225463867,22.507923126220703,21.961910247802734,0.17454081773757935,17.454082489013672,27.038728713989258
221,2,Drums,63.21630096435547,-63.36146926879883,0.0006946924258954823,0.0006946873036213219,0.0007046519895084202,99.93053436279297,99.93053436279297,99.92953491210938,4.543379077404097e-07,4.5433789637172595e-05,36.078224182128906,-36.07849884033203,0.0013860067119821906,0.0013860047329217196,0.0,99.86140441894531,99.86140441894531,100.0,0.0002466605219524354,0.02466605231165886,-27.20720863342285
222,0,Vocal,7.912164211273193,-7.912162780761719,0.7099747657775879,0.709973931312561,0.7089532613754272,29.00252342224121,29.002607345581055,29.104673385620117,0.13921286165714264,13.921286582946777,-7.434003829956055,7.434004783630371,0.8377642035484314,0.8373792767524719,0.8305123448371887,16.22357940673828,16.26207160949707,16.94876480102539,0.8470621705055237,84.70621490478516,37.93620681762695
222,1,Bass,35.73810958862305,-35.737892150878906,0.3507957458496094,0.3507938086986542,0.3532234728336334,64.92042541503906,64.92061614990234,64.67765808105469,0.00026674135006032884,0.02667413465678692,12.65474796295166,-12.654745101928711,0.9608051776885986,0.9604282975196838,0.9743897318840027,3.9194822311401367,3.957170248031616,2.5610268115997314,0.051472485065460205,5.147248268127441,7.437142848968506
222,2,Drums,53.109039306640625,-53.07602310180664,0.0005541705759242177,0.0005541705759242177,0.0,99.94458770751953,99.94458770751953,100.0,4.912225449515972e-06,0.0004912225413136184,39.45917510986328,-39.459617614746094,0.0014379987260326743,0.0014379939530044794,0.0019578624051064253,99.856201171875,99.856201171875,99.80421447753906,0.00011321916099404916,0.011321916244924068,-13.365056037902832
223,0,Vocal,6.899355888366699,-6.899355888366699,0.7295327186584473,0.7295318245887756,0.7203704118728638,27.046728134155273,27.046817779541016,27.96295928955078,0.16957597434520721,16.957597732543945,1.9567954540252686,-1.956795573234558,0.8808868527412415,0.8728812336921692,0.878709614276886,11.911314964294434,12.71187686920166,12.12903881072998,0.389225572347641,38.92255783081055,50.949703216552734
223,1,Bass,35.376895904541016,-35.376708984375,0.28375983238220215,0.28375983238220215,0.28563424944877625,71.62401580810547,71.62401580810547,71.43656921386719,0.00028985575772821903,0.02898557484149933,13.692269325256348,-13.692262649536133,0.9197984933853149,0.9197946786880493,0.9275986552238464,8.020151138305664,8.020532608032227,7.240134239196777,0.040982600301504135,4.098259925842285,0.05574679374694824
223,2,Drums,56.5651741027832,-56.50511169433594,0.001036444678902626,0.0010364374611526728,0.0010417511221021414,99.89635467529297,99.89635467529297,99.89582061767578,2.2120702851680107e-06,0.00022120702487882227,33.83306121826172,-33.8330078125,0.001642374088987708,0.0016423633787781,0.0,99.83576202392578,99.83576202392578,100.0,0.0004135507333558053,0.04135507345199585,-22.44176483154297
224,0,Vocal,8.191415786743164,-8.191412925720215,0.6962334513664246,0.6962317824363708,0.6973939538002014,30.37665557861328,30.376821517944336,30.260604858398438,0.13168486952781677,13.168486595153809,13.712407112121582,-13.712410926818848,0.45926573872566223,0.45825162529945374,0.4613330066204071,54.073429107666016,54.17483901977539,53.866695404052734,0.040800776332616806,4.080077648162842,7.9095354080200195
224,1,Bass,18.59685516357422,-18.59688949584961,0.3962158262729645,0.3961954116821289,0.4112588167190552,60.378421783447266,60.38045883178711,58.87411880493164,0.013625558465719223,1.3625558614730835,6.602629661560059,-6.602628707885742,0.8537737131118774,0.8262519836425781,0.8756669163703918,14.622629165649414,17.374801635742188,12.433308601379395,0.17941567301750183,17.941566467285156,35.3242073059082
224,2,Drums,55.912506103515625,-55.906219482421875,0.0005687265656888485,0.0005687236553058028,0.0006385872839018703,99.94312286376953,99.94312286376953,99.93614196777344,2.5847591587080387e-06,0.0002584759204182774,40.835479736328125,-40.83399963378906,0.0012576578883454204,0.0012576290173456073,0.0006369664333760738,99.87423706054688,99.87423706054688,99.9363021850586,8.24976887088269e-05,0.008249768987298012,-14.827491760253906
225,0,Vocal,4.7017412185668945,-4.701742172241211,0.3900165855884552,0.3900165259838104,0.3891054689884186,60.99834442138672,60.99834442138672,61.089454650878906,0.2530112862586975,25.301128387451172,-6.847310543060303,6.847310543060303,0.7106672525405884,0.7028318643569946,0.7149678468704224,28.93327522277832,29.716814041137695,28.503215789794922,0.8287297487258911,82.87297821044922,34.82619857788086
225,1,Bass,23.507305145263672,-23.5073184967041,0.4978701174259186,0.4978700876235962,0.4973592460155487,50.212989807128906,50.212989807128906,50.26407241821289,0.004439570941030979,0.4439570903778076,5.718160152435303,-5.7181596755981445,0.4444894790649414,0.4432457387447357,0.33157581090927124,55.55105209350586,55.67542266845703,66.84242248535156,0.2113753855228424,21.13753890991211,18.39333152770996
225,2,Drums,49.302486419677734,-49.29834747314453,0.0014693483244627714,0.0014693483244627714,0.0016402722103521228,99.85306549072266,99.85306549072266,99.83597564697266,1.177335980173666e-05,0.0011773359728977084,41.50238800048828,-41.50200271606445,0.0021028146147727966,0.0021028032060712576,0.0006549771060235798,99.78971862792969,99.78971862792969,99.93450164794922,7.075321627780795e-05,0.007075321860611439,-7.6281280517578125
226,0,Vocal,-4.832143306732178,4.832143306732178,0.05400719866156578,0.05400719866156578,0.05914139375090599,94.59928131103516,94.59928131103516,94.08586120605469,0.7526213526725769,75.26213836669922,26.455005645751953,-26.4549617767334,0.008747858926653862,0.008747785352170467,0.020853547379374504,99.12521362304688,99.1252212524414,97.9146499633789,0.002256987616419792,0.22569876909255981,31.552350997924805
226,1,Bass,41.124168395996094,-41.12312698364258,0.001169628114439547,0.0011696277651935816,0.0013206027215346694,99.88304138183594,99.88304138183594,99.8679428100586,7.72055791458115e-05,0.007720557972788811,18.325288772583008,-18.325294494628906,0.41423264145851135,0.3905259668827057,0.4105762541294098,58.57674026489258,60.94740676879883,58.942378997802734,0.014492117799818516,1.449211835861206,29.374080657958984
226,2,Drums,13.607938766479492,-13.607935905456543,0.02067405916750431,0.02067405916750431,0.021531274542212486,97.9325942993164,97.9325942993164,97.84687042236328,0.04175268113613129,4.175268173217773,14.123543739318848,-14.123542785644531,0.2952820956707001,0.2952691614627838,0.2715130150318146,70.47178649902344,70.47308349609375,72.84870147705078,0.037252724170684814,3.7252724170684814,8.298796653747559
227,0,Vocal,-3.8130834102630615,3.8130834102630615,0.6258097290992737,0.6258096694946289,0.6152613162994385,37.41902542114258,37.41903305053711,38.47386932373047,0.7064065337181091,70.64065551757812,14.050921440124512,-14.050918579101562,0.09646086394786835,0.09645090252161026,0.10589305311441422,90.35391235351562,90.35490417480469,89.41069030761719,0.03785710036754608,3.785710096359253,18.145092010498047
227,1,Bass,25.670246124267578,-25.670242309570312,0.3037753999233246,0.303774356842041,0.29939305782318115,69.6224594116211,69.62256622314453,70.0606918334961,0.0027027535252273083,0.270275354385376,3.222280979156494,-3.222280502319336,0.6675608158111572,0.6674491763114929,0.7063889503479004,33.243919372558594,33.25508117675781,29.36110496520996,0.32257622480392456,32.25762176513672,20.813669204711914
227,2,Drums,40.38288879394531,-40.3822021484375,0.001680464018136263,0.001680464018136263,0.00210006907582283,99.83194732666016,99.83194732666016,99.78999328613281,9.15548880584538e-05,0.009155488573014736,38.165836334228516,-38.16666030883789,0.002486051991581917,0.0024860433768481016,0.0029390756972134113,99.75139617919922,99.75139617919922,99.70609283447266,0.00015250625438056886,0.01525062508881092,-2.01509165763855
228,0,Vocal,5.4775238037109375,-5.477524280548096,0.6311385035514832,0.6311153769493103,0.6223233938217163,36.88615036010742,36.88846206665039,37.767662048339844,0.22075936198234558,22.07593536376953,26.684284210205078,-26.6841983795166,0.06514385342597961,0.06514351069927216,0.07025013864040375,93.4856185913086,93.48564910888672,92.97498321533203,0.0021411345805972815,0.21411345899105072,21.57179069519043
228,1,Bass,17.883779525756836,-17.883756637573242,0.4883138835430145,0.48831385374069214,0.49040061235427856,51.168609619140625,51.16861343383789,50.959938049316406,0.016018057242035866,1.6018056869506836,-0.1677493005990982,0.1677493453025818,0.8574634194374084,0.8535957336425781,0.8404977917671204,14.253658294677734,14.640426635742188,15.950221061706543,0.509655237197876,50.96552276611328,34.05069351196289
228,2,Drums,29.63628387451172,-29.636322021484375,0.00016298142145387828,0.0001629813341423869,0.0,99.98370361328125,99.98370361328125,100.0,0.0010861638002097607,0.10861638188362122,29.764114379882812,-29.76397705078125,0.0009353960631415248,0.000935394549742341,0.0,99.90646362304688,99.90646362304688,100.0,0.0010546823032200336,0.10546822845935822,0.3334943950176239
229,0,Vocal,-4.31602668762207,4.31602668762207,0.09361249953508377,0.09361188113689423,0.10126172751188278,90.63874816894531,90.63880920410156,89.87382507324219,0.7298381924629211,72.98381805419922,21.87117576599121,-21.871137619018555,0.008622347377240658,0.008622308261692524,0.021057652309536934,99.13776397705078,99.13777160644531,97.89423370361328,0.006457590032368898,0.6457589864730835,26.43907356262207
229,1,Bass,36.823020935058594,-36.82335662841797,0.0006811466882936656,0.0006811454077251256,0.001149220042861998,99.931884765625,99.931884765625,99.88507843017578,0.00020780172781087458,0.02078017219901085,15.600747108459473,-15.600744247436523,0.5527010560035706,0.5086393356323242,0.517535388469696,44.72989273071289,49.13606643676758,48.2464599609375,0.026799526065587997,2.679952621459961,31.137248992919922
229,2,Drums,10.69709587097168,-10.697096824645996,0.0024479536805301905,0.0024479522835463285,0.0038291497621685266,99.75520324707031,99.75520324707031,99.6170883178711,0.07848601043224335,7.8486008644104,15.100354194641113,-15.100349426269531,0.15166710317134857,0.1516532003879547,0.11781898885965347,84.83329010009766,84.83468627929688,88.21810150146484,0.02997421659529209,2.9974217414855957,9.922821044921875
230,0,Vocal,-3.294405937194824,3.2944061756134033,0.04670343175530434,0.04670339077711105,0.042308855801820755,95.32965087890625,95.32965850830078,95.76911163330078,0.6810420751571655,68.10420989990234,21.92622947692871,-21.926212310791016,0.012769894674420357,0.012769893743097782,0.027232559397816658,98.72301483154297,98.72301483154297,97.27674102783203,0.006376771256327629,0.6376771330833435,25.620258331298828
230,1,Bass,47.195621490478516,-47.19084167480469,0.0010684659937396646,0.001068465644493699,0.0013775484403595328,99.89315032958984,99.89315032958984,99.86225128173828,1.9084123778156936e-05,0.0019084124360233545,15.854825019836426,-15.854822158813477,0.42400437593460083,0.384891539812088,0.3871476352214813,57.59956359863281,61.51084899902344,61.28523254394531,0.025315245613455772,2.531524658203125,18.37554168701172
230,2,Drums,13.707038879394531,-13.707036018371582,0.05961551144719124,0.05961551144719124,0.048712391406297684,94.0384521484375,94.0384521484375,95.1287612915039,0.040849171578884125,4.084917068481445,20.512176513671875,-20.512184143066406,0.06598144769668579,0.06597421318292618,0.044831208884716034,93.40185546875,93.40257263183594,95.51687622070312,0.00880924891680479,0.8809248805046082,9.804222106933594
231,0,Vocal,1.4921517372131348,-1.4921517372131348,0.5748242139816284,0.574799656867981,0.5791703462600708,42.517578125,42.52003479003906,42.08296585083008,0.4149399697780609,41.493995666503906,6.577938079833984,-6.577938079833984,0.7203521728515625,0.7191681265830994,0.7591881155967712,27.96478271484375,28.083187103271484,24.081188201904297,0.18025420606136322,18.025421142578125,46.94782638549805
231,1,Bass,21.980077743530273,-21.980026245117188,0.3244549036026001,0.3244513273239136,0.3268483877182007,67.55451202392578,67.55487060546875,67.3151626586914,0.0062986984848976135,0.629869818687439,4.2680559158325195,-4.268056392669678,0.898457944393158,0.8869735598564148,0.8983023762702942,10.154205322265625,11.302643775939941,10.16976261138916,0.27234524488449097,27.23452377319336,33.3046875
231,2,Drums,49.552024841308594,-49.548614501953125,0.001374850980937481,0.001374850980937481,0.0016637509688735008,99.86251831054688,99.86251831054688,99.83362579345703,1.1088802239100914e-05,0.001108880271203816,42.114349365234375,-42.11537170410156,0.0021665822714567184,0.0021665694657713175,0.0021507160272449255,99.78334045410156,99.78334045410156,99.78492736816406,6.144714279798791e-05,0.006144714076071978,-7.252869129180908
232,0,Vocal,-12.009895324707031,12.009895324707031,0.12728343904018402,0.12727932631969452,0.07086525857448578,87.27165222167969,87.27206420898438,92.9134750366211,0.9407761096954346,94.0776138305664,25.744342803955078,-25.74449348449707,0.06544306129217148,0.0654042512178421,0.07468688488006592,93.45569610595703,93.45957946777344,92.53131103515625,0.002657088916748762,0.26570889353752136,39.536338806152344
232,1,Bass,17.6983642578125,-17.698362350463867,0.057216934859752655,0.057216666638851166,0.0,94.27830505371094,94.27833557128906,100.0,0.01670505292713642,1.6705052852630615,29.67293930053711,-29.67298126220703,0.03707722947001457,0.037077147513628006,0.03475259244441986,96.29227447509766,96.29228973388672,96.52474212646484,0.00107711018063128,0.10771101713180542,12.243995666503906
232,2,Drums,14.052748680114746,-14.05274772644043,0.03597567230463028,0.035975370556116104,0.02128237672150135,96.40242767333984,96.40245819091797,97.87176513671875,0.0378417931497097,3.784179210662842,13.94222354888916,-13.94222640991211,0.03829849883913994,0.03829840570688248,0.022952990606427193,96.17015075683594,96.17015838623047,97.70470428466797,0.03877938911318779,3.877938985824585,0.09908241778612137
233,0,Vocal,11.528779983520508,-11.52878189086914,0.16379962861537933,0.16378527879714966,0.18117263913154602,83.62003326416016,83.62147521972656,81.88273620605469,0.06570602208375931,6.5706024169921875,13.839923858642578,-13.839922904968262,0.09777999669313431,0.09777291119098663,0.10857202112674713,90.22200012207031,90.22270965576172,89.1427993774414,0.039667047560214996,3.966704845428467,2.4584240913391113
233,1,Bass,15.025362968444824,-15.025358200073242,0.19458919763565063,0.19457988440990448,0.17470726370811462,80.54107666015625,80.54200744628906,82.5292739868164,0.030480409041047096,3.0480408668518066,15.038186073303223,-15.038183212280273,0.17812295258045197,0.1781211793422699,0.15650248527526855,82.18770599365234,82.18788146972656,84.3497543334961,0.03039325401186943,3.039325475692749,0.4947865605354309
233,2,Drums,24.005931854248047,-24.005918502807617,0.018796293064951897,0.018795987591147423,0.02832256257534027,98.12037658691406,98.12040710449219,97.16773986816406,0.00395992211997509,0.3959922194480896,23.077415466308594,-23.07741928100586,0.021742001175880432,0.021741999313235283,0.03307392820715904,97.82579803466797,97.82579803466797,96.69261169433594,0.004899195395410061,0.4899195432662964,-0.3574047386646271
234,0,Vocal,5.554559230804443,-5.554558753967285,0.24373748898506165,0.24369966983795166,0.23772099614143372,75.62625122070312,75.63003540039062,76.2279052734375,0.21772311627864838,21.77231216430664,21.708866119384766,-21.708858489990234,0.10086797177791595,0.10081789642572403,0.10324882715940475,89.91320037841797,89.91820526123047,89.67511749267578,0.006701843813061714,0.6701843738555908,16.314659118652344
234,1,Bass,20.169952392578125,-20.16994285583496,0.37754184007644653,0.37751755118370056,0.36795997619628906,62.24581527709961,62.24824142456055,63.204002380371094,0.009524649940431118,0.9524649977684021,25.133066177368164,-25.133087158203125,0.12709344923496246,0.1270553022623062,0.14456357061862946,87.29065704345703,87.29447174072266,85.54364776611328,0.0030575243290513754,0.3057524263858795,6.707770824432373
234,2,Drums,32.05083465576172,-32.05075454711914,0.013419002294540405,0.013418675400316715,0.012607227079570293,98.65809631347656,98.65813446044922,98.7392807006836,0.0006232234300114214,0.06232234463095665,31.954248428344727,-31.953994750976562,0.015643708407878876,0.015643592923879623,0.014459790661931038,98.43563079833984,98.43563842773438,98.55402374267578,0.0006372436182573438,0.06372436136007309,0.15456144511699677
235,0,Vocal,-8.298685073852539,8.298685073852539,0.12329114973545074,0.12327205389738083,0.12539154291152954,87.67088317871094,87.67279052734375,87.46084594726562,0.8711138367652893,87.11138153076172,15.047479629516602,-15.047465324401855,0.008477124385535717,0.008474284783005714,0.016430718824267387,99.15228271484375,99.15257263183594,98.35692596435547,0.030330296605825424,3.033029556274414,23.613786697387695
235,1,Bass,16.645801544189453,-16.64579200744629,0.026939386501908302,0.02693929150700569,0.0,97.30606079101562,97.30607604980469,100.0,0.021189410239458084,2.118941068649292,23.294954299926758,-23.29492950439453,0.01606796495616436,0.01606796309351921,0.0,98.39320373535156,98.39320373535156,100.0,0.004661002662032843,0.46610027551651,6.751864910125732
235,2,Drums,11.18391227722168,-11.183910369873047,0.010601473040878773,0.010601201094686985,0.01879272609949112,98.93985748291016,98.93988037109375,98.1207275390625,0.07075228542089462,7.075228691101074,16.17343521118164,-16.173452377319336,0.015483149327337742,0.015481909736990929,0.026480812579393387,98.4516830444336,98.45181274414062,97.35192108154297,0.02356666699051857,2.3566668033599854,5.375514507293701
236,0,Vocal,15.861701965332031,-15.861698150634766,0.16621705889701843,0.1661781221628189,0.17158293724060059,83.37828826904297,83.38218688964844,82.84170532226562,0.025276195257902145,2.5276196002960205,19.03175163269043,-19.03174591064453,0.021851254627108574,0.021849250420928,0.023840412497520447,97.81487274169922,97.81507110595703,97.61595916748047,0.012343304231762886,1.234330415725708,3.358175754547119
236,1,Bass,20.4791259765625,-20.479122161865234,0.26542389392852783,0.26537731289863586,0.2913993000984192,73.45761108398438,73.46227264404297,70.86006927490234,0.008875994943082333,0.8875994682312012,21.061443328857422,-21.061439514160156,0.2445753514766693,0.244562566280365,0.2683272659778595,75.54246520996094,75.54374694824219,73.16727447509766,0.007770857308059931,0.7770857214927673,1.00166654586792
236,2,Drums,23.456584930419922,-23.456554412841797,0.016480369493365288,0.016479743644595146,0.011896437034010887,98.35195922851562,98.3520278930664,98.81035614013672,0.0044914735481143,0.4491473436355591,22.80086898803711,-22.80084800720215,0.016773661598563194,0.016773218289017677,0.008583471179008484,98.32263946533203,98.32267761230469,99.14165496826172,0.005219632294028997,0.5219632387161255,-0.2815197706222534
237,0,Vocal,-9.117528915405273,9.117528915405273,0.11865600943565369,0.11865052580833435,0.11508356779813766,88.1343994140625,88.13494110107422,88.49164581298828,0.8908437490463257,89.0843734741211,29.877365112304688,-29.877784729003906,0.019153328612446785,0.019149240106344223,0.027526380494236946,98.08466339111328,98.08507537841797,97.24736022949219,0.0010275377426296473,0.10275377333164215,39.835205078125
237,1,Bass,19.965126037597656,-19.965137481689453,0.06836023926734924,0.06835918128490448,0.08310440182685852,93.16397857666016,93.16407775878906,91.68955993652344,0.009980062954127789,0.998006284236908,25.49259376525879,-25.492637634277344,0.056249648332595825,0.05624910444021225,0.052727267146110535,94.37503814697266,94.37509155273438,94.7272720336914,0.002815227024257183,0.2815226912498474,5.793710231781006
237,2,Drums,14.467530250549316,-14.467521667480469,0.031451888382434845,0.03145135939121246,0.049590788781642914,96.85481262207031,96.85486602783203,95.04092407226562,0.03451384976506233,3.451385021209717,14.222392082214355,-14.222391128540039,0.03430093824863434,0.034300681203603745,0.05383829027414322,96.56990814208984,96.56993103027344,94.61616516113281,0.03644494339823723,3.6444942951202393,-0.000999912153929472
238,0,Vocal,-25.880706787109375,25.880706787109375,0.36111125349998474,0.36092522740364075,0.3779688775539398,63.88887023925781,63.90747833251953,62.20310974121094,0.9974247813224792,99.74247741699219,-4.213006973266602,4.213006496429443,1.0722633600234985,0.8878492116928101,0.9058766961097717,-7.2263360023498535,11.215078353881836,9.412330627441406,0.7251355648040771,72.51355743408203,67.54882049560547
238,1,Bass,32.21127700805664,-32.211307525634766,0.13751867413520813,0.13751250505447388,0.147981196641922,86.24813842773438,86.24874877929688,85.2018814086914,0.0006006421754136682,0.06006421893835068,33.79564666748047,-33.795326232910156,0.07859869301319122,0.07858654856681824,0.08764609694480896,92.14012908935547,92.14134216308594,91.23538970947266,0.00041713041719049215,0.04171304032206535,1.7805198431015015
238,2,Drums,23.210294723510742,-23.210304260253906,0.02329150028526783,0.023290827870368958,0.021273553371429443,97.67084503173828,97.6709213256836,97.87264251708984,0.004752269946038723,0.4752269983291626,23.023378372192383,-23.02334213256836,0.027788307517766953,0.027788279578089714,0.02436109445989132,97.2211685180664,97.2211685180664,97.56389617919922,0.004960251972079277,0.4960252046585083,0.10696816444396973
239,0,Vocal,4.948657989501953,-4.948657512664795,0.14182375371456146,0.1418043076992035,0.14536139369010925,85.817626953125,85.81956481933594,85.46385955810547,0.2424175888299942,24.241758346557617,22.440017700195312,-22.440034866333008,0.09323643147945404,0.09323620796203613,0.09583060443401337,90.67635345458984,90.67637634277344,90.41693878173828,0.005669264122843742,0.5669264197349548,18.152462005615234
239,1,Bass,21.08490753173828,-21.084915161132812,0.18243196606636047,0.18241804838180542,0.19159087538719177,81.75680541992188,81.75819396972656,80.84091186523438,0.007729274686425924,0.772927463054657,19.759784698486328,-19.759777069091797,0.2167244553565979,0.21670089662075043,0.2266020029783249,78.32755279541016,78.32991027832031,77.33979797363281,0.010458244942128658,1.0458245277404785,-0.6158410906791687
239,2,Drums,26.71297264099121,-26.712949752807617,0.01865694485604763,0.01865658164024353,0.017199663445353508,98.1343002319336,98.13433837890625,98.28003692626953,0.002127105137333274,0.21271051466464996,25.770109176635742,-25.770112991333008,0.014302181079983711,0.014302162453532219,0.015319481492042542,98.56977844238281,98.56978607177734,98.46805572509766,0.0026414389722049236,0.2641438841819763,-0.6778127551078796
240,0,Vocal,22.888484954833984,-22.888500213623047,0.008519003167748451,0.008519002236425877,0.008205365389585495,99.14810180664062,99.14810180664062,99.1794662475586,0.005115911830216646,0.5115911960601807,26.889812469482422,-26.889780044555664,0.003158648731186986,0.0031586152035743,0.0037105430383235216,99.68413543701172,99.68413543701172,99.62894439697266,0.002042389940470457,0.20423899590969086,4.111296653747559
240,1,Bass,21.705638885498047,-21.705636978149414,0.023655902594327927,0.023655887693166733,0.017200009897351265,97.63441467285156,97.63441467285156,98.27999877929688,0.006706802174448967,0.6706802248954773,-0.28540724515914917,0.2854069769382477,0.7387737035751343,0.7189658284187317,0.6987658143043518,26.122629165649414,28.103416442871094,30.1234188079834,0.5164234042167664,51.64234161376953,36.53071594238281
240,2,Drums,26.9285945892334,-26.928646087646484,0.0017047690926119685,0.0017047689761966467,0.0,99.82952117919922,99.82952117919922,100.0,0.0020242079626768827,0.20242080092430115,17.587982177734375,-17.587984085083008,0.2270013839006424,0.2269730567932129,0.21318256855010986,77.29986572265625,77.30269622802734,78.6817398071289,0.017127688974142075,1.7127689123153687,-3.0992355346679688
241,0,Vocal,15.27426815032959,-15.274256706237793,0.006006178911775351,0.006006097421050072,0.0064425538294017315,99.39938354492188,99.3993911743164,99.35574340820312,0.02883155457675457,2.883155345916748,17.07839012145996,-17.078397750854492,0.005582492798566818,0.00558242853730917,0.005413434002548456,99.4417495727539,99.44175720214844,99.45865631103516,0.01921912655234337,1.921912670135498,1.8357250690460205
241,1,Bass,19.027910232543945,-19.027889251708984,0.013206669129431248,0.013206669129431248,0.03156043589115143,98.67933654785156,98.67933654785156,96.84395599365234,0.01235412061214447,1.2354121208190918,21.039306640625,-21.039318084716797,0.014925597235560417,0.014925584197044373,0.029660804197192192,98.50743865966797,98.50743865966797,97.03392028808594,0.007810222450643778,0.7810222506523132,2.394011974334717
241,2,Drums,18.318950653076172,-18.318960189819336,0.004253377206623554,0.00425337627530098,0.0076747434213757515,99.57466125488281,99.57466125488281,99.2325210571289,0.014512945897877216,1.4512945413589478,20.555133819580078,-20.555133819580078,0.11479136347770691,0.11479085683822632,0.12395180016756058,88.52085876464844,88.52091217041016,87.60482025146484,0.008723351173102856,0.8723351359367371,7.147452354431152
242,0,Vocal,16.81505584716797,-16.81505012512207,0.050297994166612625,0.050297994166612625,0.04539015144109726,94.97019958496094,94.97019958496094,95.46098327636719,0.020395958796143532,2.03959584236145,18.837472915649414,-18.837478637695312,0.018846414983272552,0.01884637027978897,0.018881283700466156,98.11536407470703,98.11536407470703,98.11187744140625,0.012900721281766891,1.2900720834732056,2.1293647289276123
242,1,Bass,18.034183502197266,-18.034164428710938,0.0667257159948349,0.06672543287277222,0.04571576789021492,93.32742309570312,93.32745361328125,95.42842864990234,0.015481268987059593,1.5481269359588623,17.98531723022461,-17.985321044921875,0.06787464767694473,0.06786893308162689,0.04621472582221031,93.21253204345703,93.21310424804688,95.37853240966797,0.015653645619750023,1.5653645992279053,0.14656278491020203
242,2,Drums,27.217561721801758,-27.217561721801758,0.0003977058222517371,0.0003977058222517371,0.0,99.96023559570312,99.96023559570312,100.0,0.0018941505113616586,0.18941505253314972,29.351404190063477,-29.35146141052246,0.002320856088772416,0.0023208511993288994,0.0006184360827319324,99.76791381835938,99.76791381835938,99.93815612792969,0.001159699633717537,0.11596996337175369,2.3831803798675537
243,0,Vocal,18.11351776123047,-18.113513946533203,0.06523619592189789,0.06523606926202774,0.06513786315917969,93.47637939453125,93.47639465332031,93.48621368408203,0.01520528644323349,1.5205286741256714,18.81545066833496,-18.815448760986328,0.05109171196818352,0.051091235131025314,0.05104760825634003,94.89082336425781,94.89087677001953,94.8952407836914,0.012965486384928226,1.29654860496521,0.765500545501709
243,1,Bass,21.70793342590332,-21.707904815673828,0.08927253633737564,0.08927245438098907,0.08673670142889023,91.07274627685547,91.07275390625,91.32633209228516,0.006703285500407219,0.6703285574913025,21.778472900390625,-21.778459548950195,0.08551961928606033,0.0855141282081604,0.08270204812288284,91.44803619384766,91.4485855102539,91.72979736328125,0.00659596174955368,0.6595962047576904,0.20241446793079376
243,2,Drums,34.5070686340332,-34.506980895996094,0.0027640052139759064,0.0027640049811452627,0.004912162199616432,99.72360229492188,99.72360229492188,99.5087890625,0.0003541241749189794,0.035412415862083435,34.36109924316406,-34.36071014404297,0.0032657203264534473,0.003265713108703494,0.0063449302688241005,99.67342376708984,99.67342376708984,99.36550903320312,0.00036623142659664154,0.036623142659664154,0.05287544056773186
244,0,Vocal,19.602832794189453,-19.60287094116211,0.033992208540439606,0.03399218991398811,0.035912349820137024,96.60077667236328,96.60078430175781,96.40876770019531,0.010838835500180721,1.08388352394104,19.965362548828125,-19.965351104736328,0.032473742961883545,0.03247367963194847,0.03447591885924339,96.75262451171875,96.75263214111328,96.55240631103516,0.009979535825550556,0.9979535937309265,0.41080591082572937
244,1,Bass,13.661905288696289,-13.66189956665039,0.09702741354703903,0.09702712297439575,0.09985388815402985,90.29725646972656,90.29728698730469,90.01461029052734,0.04125829041004181,4.125829219818115,13.527464866638184,-13.5274658203125,0.10075031965970993,0.10074295103549957,0.10304781794548035,89.92496490478516,89.92570495605469,89.6952133178711,0.042500317096710205,4.250031471252441,0.014577353373169899
244,2,Drums,32.23592758178711,-32.23571014404297,0.004885252099484205,0.004885251168161631,0.005506094545125961,99.511474609375,99.511474609375,99.44938659667969,0.0005972718936391175,0.05972718819975853,30.415401458740234,-30.415437698364258,0.027829771861433983,0.02782975137233734,0.030502157285809517,97.21702575683594,97.21702575683594,96.94978332519531,0.0009079513256438076,0.0907951295375824,-0.9235706925392151
245,0,Vocal,18.55124855041504,-18.55124282836914,0.014394601806998253,0.014394600875675678,0.013697739690542221,98.56053924560547,98.56053924560547,98.6302261352539,0.013767505995929241,1.3767505884170532,18.584333419799805,-18.584331512451172,0.014497268944978714,0.0144972437992692,0.01348346471786499,98.5502700805664,98.55027770996094,98.65165710449219,0.013664383441209793,1.366438388824463,0.08388689160346985
245,1,Bass,15.790186882019043,-15.790186882019043,0.04748352989554405,0.047483425587415695,0.04178527742624283,95.25164794921875,95.25165557861328,95.82147216796875,0.025685053318738937,2.56850528717041,15.56381607055664,-15.56381607055664,0.051193997263908386,0.05119076371192932,0.045196376740932465,94.88059997558594,94.88092803955078,95.48036193847656,0.027022257447242737,2.702225685119629,0.12015819549560547
245,2,Drums,29.545616149902344,-29.545398712158203,0.0029573473148047924,0.0029573114588856697,0.004284201189875603,99.70426940917969,99.70426940917969,99.57157897949219,0.0011090913321822882,0.11090913414955139,31.02850341796875,-31.028413772583008,0.004929376766085625,0.0049293553456664085,0.005919087678194046,99.50706481933594,99.50706481933594,99.40808868408203,0.0007885537925176322,0.07885538041591644,1.8029780387878418
246,0,Vocal,11.889618873596191,-11.889616012573242,0.05476420372724533,0.054764021188020706,0.05618983879685402,94.5235824584961,94.52359771728516,94.38101959228516,0.0607859268784523,6.078592777252197,16.033308029174805,-16.033302307128906,0.03556450456380844,0.03556447848677635,0.033574000000953674,96.44355010986328,96.44355010986328,96.6426010131836,0.02432074211537838,2.4320743083953857,4.144303321838379
246,1,Bass,23.61443519592285,-23.614421844482422,0.07004215568304062,0.0700417086482048,0.07128635793924332,92.99578857421875,92.9958267211914,92.8713607788086,0.00433184253051877,0.43318426609039307,23.783235549926758,-23.78312110900879,0.07081939280033112,0.07081910222768784,0.07264009863138199,92.91806030273438,92.9180908203125,92.7359848022461,0.004167407751083374,0.4167407751083374,0.321054607629776
246,2,Drums,22.093908309936523,-22.093887329101562,0.0012459602439776063,0.0012459543067961931,0.000751024519558996,99.87540435791016,99.87540435791016,99.92489624023438,0.006136739626526833,0.613673985004425,30.190732955932617,-30.190799713134766,0.017325343564152718,0.017325328662991524,0.016918282955884933,98.26746368408203,98.26746368408203,98.30816650390625,0.0009560950566083193,0.09560950845479965,8.769457817077637
247,0,Vocal,29.57280921936035,-29.57281494140625,0.015163564123213291,0.015163556672632694,0.01614287495613098,98.483642578125,98.483642578125,98.38571166992188,0.0011021395912393928,0.11021395772695541,30.666492462158203,-30.666473388671875,0.013198901899158955,0.013198889791965485,0.014184646308422089,98.68010711669922,98.68010711669922,98.58153533935547,0.0008570387144573033,0.08570387214422226,1.1121857166290283
247,1,Bass,22.683452606201172,-22.683393478393555,0.039711326360702515,0.03971131891012192,0.045643314719200134,96.02886199951172,96.02886962890625,95.4356689453125,0.005361924413591623,0.5361924171447754,19.159046173095703,-19.159048080444336,0.2236032634973526,0.22359709441661835,0.21717777848243713,77.63967895507812,77.64028930664062,78.2822265625,0.011991020292043686,1.1991020441055298,8.785810470581055
247,2,Drums,32.20481491088867,-32.2047004699707,0.002771068597212434,0.002771068597212434,0.0034258407540619373,99.72289276123047,99.72289276123047,99.65741729736328,0.0006015459657646716,0.06015459820628166,27.298404693603516,-27.29839324951172,0.07389884442090988,0.07389798760414124,0.07244092971086502,92.61011505126953,92.6102066040039,92.75590515136719,0.0018593301065266132,0.18593300879001617,-3.3813276290893555
248,0,Vocal,24.3604679107666,-24.360456466674805,0.009630589745938778,0.009630589745938778,0.010157337412238121,99.03694152832031,99.03694152832031,98.98426818847656,0.0036505928728729486,0.3650592863559723,25.595218658447266,-25.59523582458496,0.007520148530602455,0.007520117796957493,0.009720325469970703,99.24798583984375,99.24798583984375,99.02796936035156,0.0027497103437781334,0.27497103810310364,1.2923516035079956
248,1,Bass,11.394731521606445,-11.394730567932129,0.44344767928123474,0.4434303045272827,0.44843754172325134,55.65522766113281,55.6569709777832,55.15624237060547,0.06762649118900299,6.762649059295654,8.207109451293945,-8.207109451293945,0.5591549873352051,0.5591306686401367,0.5776171088218689,44.084503173828125,44.08693313598633,42.23828887939453,0.13127224147319794,13.12722396850586,2.8306996822357178
248,2,Drums,33.84309005737305,-33.842689514160156,0.0017849779687821865,0.0017849777359515429,0.002312410855665803,99.82150268554688,99.82150268554688,99.76876068115234,0.0004126022395212203,0.04126022383570671,24.380512237548828,-24.38051414489746,0.023951075971126556,0.023950686678290367,0.06029002368450165,97.60489654541016,97.60492706298828,93.97099304199219,0.003633839078247547,0.3633839190006256,-7.995669841766357
249,0,Vocal,54.538665771484375,-54.46302032470703,0.005475183948874474,0.005475183948874474,0.005674510262906551,99.45248413085938,99.45248413085938,99.43254852294922,3.5439222756394884e-06,0.0003543922211974859,52.70475387573242,-52.71131896972656,0.005144353955984116,0.005144326016306877,0.005318547133356333,99.48556518554688,99.4855728149414,99.46814727783203,5.333002263796516e-06,0.000533300219103694,-1.7258000373840332
249,1,Bass,1.86897611618042,-1.8689762353897095,0.34940817952156067,0.34940817952156067,0.3553209602832794,65.05918884277344,65.05918884277344,64.46791076660156,0.39404332637786865,39.40433120727539,1.1190528869628906,-1.1190526485443115,0.8980556726455688,0.8270251750946045,0.8230100870132446,10.194433212280273,17.297481536865234,17.698991775512695,0.43593621253967285,43.59362030029297,44.74081802368164
249,2,Drums,44.84342956542969,-44.84031295776367,0.0008631449309177697,0.0008631449309177697,0.0012316707288846374,99.91368865966797,99.91368865966797,99.8768310546875,3.2790783734526485e-05,0.003279078286141157,26.053550720214844,-26.05359649658203,0.010205291211605072,0.010204995051026344,0.021118126809597015,98.97947692871094,98.97949981689453,97.88819122314453,0.00247496971860528,0.24749697744846344,-17.80785369873047
250,0,Vocal,24.750720977783203,-24.75088882446289,0.002612739335745573,0.0026127391029149294,0.0025149520952254534,99.73873138427734,99.73873138427734,99.74850463867188,0.0033378377556800842,0.3337837755680084,28.520267486572266,-28.520252227783203,0.002200512681156397,0.002200512681156397,0.0029200566932559013,99.77995300292969,99.77995300292969,99.70800018310547,0.0014040220994502306,0.14040221273899078,3.8588755130767822
250,1,Bass,17.856943130493164,-17.856948852539062,0.01214149035513401,0.01214149035513401,0.006075473967939615,98.78585052490234,98.78585052490234,99.39244842529297,0.016115698963403702,1.611569881439209,4.093889236450195,-4.093888282775879,0.743241548538208,0.730304479598999,0.7051777243614197,25.675846099853516,26.96955108642578,29.482227325439453,0.28036484122276306,28.036483764648438,33.34081268310547
250,2,Drums,22.637054443359375,-22.637073516845703,0.00022518110927194357,0.00022518110927194357,0.0017101174453273416,99.97747802734375,99.97747802734375,99.82898712158203,0.005419192370027304,0.5419192314147949,26.851625442504883,-26.851520538330078,0.0033359932713210583,0.00333588314242661,0.0,99.66639709472656,99.66641235351562,100.0,0.0020603539887815714,0.20603540539741516,4.561380386352539
251,0,Vocal,46.40378952026367,-46.4040412902832,0.0006758340168744326,0.0006758339004591107,0.0011495242360979319,99.93241119384766,99.93241119384766,99.88504791259766,2.2942012947169133e-05,0.0022942014038562775,45.09539031982422,-45.082393646240234,0.0007856808952055871,0.0007856667507439852,0.0016598198562860489,99.92143249511719,99.92143249511719,99.83402252197266,3.098115121247247e-05,0.0030981150921434164,-1.2723314762115479
251,1,Bass,32.01194381713867,-32.01261520385742,0.004117427859455347,0.004117405042052269,0.0030774001497775316,99.5882568359375,99.5882568359375,99.6922607421875,0.0006287581636570394,0.06287581473588943,-0.5312992334365845,0.531299352645874,0.2815704941749573,0.2811521887779236,0.4402373731136322,71.84294891357422,71.88478088378906,55.976261138916016,0.5305459499359131,53.054595947265625,1.1128184795379639
251,2,Drums,40.81981658935547,-40.817848205566406,0.001981658861041069,0.00198165699839592,0.0020812717266380787,99.80183410644531,99.80183410644531,99.7918701171875,8.281924237962812e-05,0.008281923830509186,13.268780708312988,-13.268783569335938,0.2334546446800232,0.23343560099601746,0.27725639939308167,76.65453338623047,76.65643310546875,72.27436065673828,0.04499135911464691,4.499135971069336,-17.702484130859375
252,0,Vocal,31.067115783691406,-31.06707000732422,0.003113481681793928,0.00311348051764071,0.0033522015437483788,99.68865203857422,99.68865203857422,99.66477966308594,0.0007815841818228364,0.0781584158539772,34.03953170776367,-34.039363861083984,0.0022152340970933437,0.0022152340970933437,0.0022546404507011175,99.77848052978516,99.77848052978516,99.7745361328125,0.0003943688061553985,0.03943688049912453,3.0434658527374268
252,1,Bass,27.316997528076172,-27.317031860351562,0.013336539268493652,0.013336514122784138,0.013411875814199448,98.66634368896484,98.66634368896484,98.6588134765625,0.0018514132825657725,0.18514132499694824,8.25921630859375,-8.259214401245117,0.4956016540527344,0.4753473401069641,0.5000905394554138,50.43983459472656,52.465267181396484,49.99094772338867,0.12991000711917877,12.99100112915039,25.770116806030273
252,2,Drums,33.77830123901367,-33.778472900390625,0.0075844768434762955,0.007584475912153721,0.00939759612083435,99.2415542602539,99.2415542602539,99.06023406982422,0.00041878505726344883,0.041878506541252136,24.500171661376953,-24.50014305114746,0.008957522921264172,0.008957496844232082,0.0,99.104248046875,99.104248046875,100.0,0.0035354760475456715,0.353547602891922,-8.661846160888672
253,0,Vocal,33.688941955566406,-33.68833541870117,0.002919521415606141,0.0029195211827754974,0.0036476976238191128,99.70805358886719,99.70805358886719,99.6352310180664,0.00042751632281579077,0.04275163263082504,36.04267501831055,-36.04226303100586,0.0023526111617684364,0.0023526090662926435,0.0033606630750000477,99.76473999023438,99.76473999023438,99.66393280029297,0.00024868486798368394,0.02486848644912243,2.4236834049224854
253,1,Bass,28.23928451538086,-28.239212036132812,0.02174987643957138,0.02174987643957138,0.01962568610906601,97.82501220703125,97.82501220703125,98.03742980957031,0.0014976912643760443,0.149769127368927,23.54217529296875,-23.542198181152344,0.0892861932516098,0.08928615599870682,0.08967895060777664,91.07138061523438,91.0713882446289,91.0321044921875,0.004404154606163502,0.44041547179222107,0.9039261341094971
253,2,Drums,24.760303497314453,-24.7602481842041,0.005994237493723631,0.005994236562401056,0.002700640819966793,99.40057373046875,99.40057373046875,99.72993469238281,0.0033305927645415068,0.33305928111076355,25.08013916015625,-25.080137252807617,0.010165033861994743,0.010164960287511349,0.006803895812481642,98.9834976196289,98.98350524902344,99.31961059570312,0.0030948626808822155,0.3094862699508667,1.2814505100250244
254,0,Vocal,54.118045806884766,-54.055572509765625,0.03332488611340523,0.03332488611340523,0.033562492579221725,96.66751098632812,96.66751098632812,96.64375305175781,3.8607681744906586e-06,0.00038607680471614003,1.5024064779281616,-1.5024056434631348,0.6048399806022644,0.6048160791397095,0.522828996181488,39.5160026550293,39.51839065551758,47.71710205078125,0.41436687111854553,41.43668746948242,-10.835172653198242
254,1,Bass,31.653526306152344,-31.65350914001465,0.03262528404593468,0.03262528404593468,0.03528735786676407,96.73747253417969,96.73747253417969,96.47126007080078,0.0006829222547821701,0.06829222291707993,29.081926345825195,-29.081836700439453,0.04550444334745407,0.045499034225940704,0.05261931195855141,95.44955444335938,95.4500961303711,94.73806762695312,0.001233860501088202,0.12338604778051376,-1.4678877592086792
254,2,Drums,17.254426956176758,-17.25442123413086,0.004273759201169014,0.004273758735507727,0.004220002796500921,99.57262420654297,99.57262420654297,99.5780029296875,0.018469801172614098,1.846980094909668,15.9015474319458,-15.901542663574219,0.007879200391471386,0.007879195734858513,0.007888546213507652,99.21208190917969,99.21208190917969,99.21114349365234,0.025051137432456017,2.5051138401031494,-0.4285413920879364
255,0,Vocal,36.044761657714844,-36.04462814331055,0.001814452582038939,0.001814452582038939,0.00045584762119688094,99.81855773925781,99.81855773925781,99.95441436767578,0.0002485816949047148,0.02485816925764084,37.80915832519531,-37.80880355834961,0.0014863855903968215,0.0014863815158605576,0.0,99.85136413574219,99.85136413574219,100.0,0.00016562621749471873,0.016562622040510178,1.807053804397583
255,1,Bass,19.83831787109375,-19.83832359313965,0.017927663400769234,0.017927540466189384,0.013769487850368023,98.20723724365234,98.20724487304688,98.623046875,0.010272664949297905,1.027266502380371,18.85627555847168,-18.856271743774414,0.0271659716963768,0.02716405875980854,0.0333402194082737,97.28340148925781,97.2835922241211,96.66597747802734,0.012845678254961967,1.2845678329467773,-0.4536847472190857
255,2,Drums,23.48464012145996,-23.48465347290039,0.003185748355463147,0.003185748355463147,0.0,99.68142700195312,99.68142700195312,100.0,0.004462677054107189,0.446267694234848,30.207839965820312,-30.207712173461914,0.010002083145081997,0.0100015914067626,0.008415562100708485,98.99979400634766,98.99983978271484,99.15843963623047,0.0009523882763460279,0.0952388271689415,8.210725784301758
256,0,Vocal,27.530437469482422,-27.5302677154541,0.0014955982333049178,0.0014955982333049178,0.003474950324743986,99.8504409790039,99.8504409790039,99.65250396728516,0.0017627808265388012,0.17627808451652527,27.924955368041992,-27.92487907409668,0.0015165965305641294,0.0015165965305641294,0.003512839088216424,99.84834289550781,99.84834289550781,99.64871215820312,0.0016099353088065982,0.1609935313463211,0.45983144640922546
256,1,Bass,20.701862335205078,-20.701854705810547,0.012993085198104382,0.012993085198104382,0.017885373905301094,98.70069122314453,98.70069122314453,98.21146392822266,0.008436004631221294,0.8436004519462585,-2.0697977542877197,2.069798231124878,0.7975698113441467,0.7975456714630127,0.7768558859825134,20.243019104003906,20.245433807373047,22.314411163330078,0.6169419884681702,61.69419860839844,19.86840057373047
256,2,Drums,24.84168815612793,-24.841678619384766,0.00011160485883010551,0.00011160482245031744,0.00045280143967829645,99.98884582519531,99.98884582519531,99.95471954345703,0.003268931992352009,0.3268932104110718,24.231576919555664,-24.231538772583008,0.004365725442767143,0.00436572078615427,0.003357950132340193,99.56342315673828,99.56342315673828,99.6642074584961,0.0037601767107844353,0.37601765990257263,-0.017032070085406303
257,0,Vocal,31.277996063232422,-31.277584075927734,0.000826339004561305,0.0008263385971076787,0.0015091300010681152,99.91736602783203,99.91736602783203,99.84909057617188,0.0007445428636856377,0.07445428520441055,31.206560134887695,-31.206552505493164,0.0009102579206228256,0.0009102550684474409,0.0016555818729102612,99.90897369384766,99.90897369384766,99.83444213867188,0.0007568640285171568,0.07568640261888504,-0.015630561858415604
257,1,Bass,27.655946731567383,-27.65618324279785,0.009129824116826057,0.009129801765084267,0.011907397769391537,99.08702087402344,99.08702087402344,98.80925750732422,0.001712554250843823,0.171255424618721,3.189427614212036,-3.189427614212036,0.8411611318588257,0.8410470485687256,0.8575472235679626,15.883886337280273,15.895295143127441,14.245277404785156,0.3242315351963043,32.423152923583984,33.49470520019531
257,2,Drums,30.893932342529297,-30.89397430419922,0.004175679292529821,0.004175662528723478,0.007474088110029697,99.58243560791016,99.58243560791016,99.25259399414062,0.0008132914081215858,0.08132913708686829,30.154300689697266,-30.15435218811035,0.012287018820643425,0.012286735698580742,0.011939353309571743,98.77130126953125,98.77132415771484,98.80606842041016,0.0009641455253586173,0.09641455113887787,0.27965131402015686
258,0,Vocal,30.481245040893555,-30.481246948242188,0.0003304955898784101,0.0003304948622826487,0.00036344712134450674,99.96694946289062,99.96694946289062,99.96365356445312,0.00089432013919577,0.0894320160150528,32.04543685913086,-32.0461540222168,0.00031447733636014163,0.0003144750080537051,0.0002959856647066772,99.96855163574219,99.96855163574219,99.97039794921875,0.0006239317008294165,0.06239316985011101,1.6037713289260864
258,1,Bass,20.753753662109375,-20.75371742248535,0.005942783784121275,0.005942781921476126,0.0035783553030341864,99.40572357177734,99.40572357177734,99.64216613769531,0.008336616680026054,0.833661675453186,13.354157447814941,-13.354167938232422,0.3220570385456085,0.3220424950122833,0.3325565755367279,67.79429626464844,67.7957534790039,66.74433898925781,0.04415416717529297,4.415416717529297,15.616863250732422
258,2,Drums,20.10485076904297,-20.104848861694336,0.016000822186470032,0.016000717878341675,0.016999926418066025,98.39991760253906,98.3999252319336,98.30001068115234,0.009667140431702137,0.9667140245437622,19.853519439697266,-19.853530883789062,0.09039542824029922,0.09038912504911423,0.08617148548364639,90.96045684814453,90.96109008789062,91.38285064697266,0.010237148962914944,1.0237149000167847,4.871610164642334
259,0,Vocal,33.99575424194336,-33.99724578857422,0.0014425922418013215,0.0014425922418013215,0.0015447406331077218,99.8557357788086,99.8557357788086,99.84552764892578,0.0003982738417107612,0.0398273840546608,35.79478454589844,-35.79506301879883,0.001349619240500033,0.0013496187748387456,0.001492985524237156,99.86503601074219,99.86503601074219,99.85070037841797,0.00026333366986364126,0.026333367452025414,1.8435834646224976
259,1,Bass,22.721721649169922,-22.721662521362305,0.011770178563892841,0.011770102195441723,0.012516281567513943,98.82298278808594,98.82299041748047,98.74837493896484,0.005315112881362438,0.5315113067626953,15.815526008605957,-15.815526008605957,0.13264106214046478,0.13259530067443848,0.11558196693658829,86.73589324951172,86.74047088623047,88.44180297851562,0.025539491325616837,2.5539491176605225,8.057069778442383
259,2,Drums,28.612632751464844,-28.61260414123535,0.005228128284215927,0.005228122696280479,0.006884600501507521,99.47718811035156,99.47718811035156,99.31153869628906,0.0013744833413511515,0.13744834065437317,28.217527389526367,-28.217487335205078,0.018604783341288567,0.018604351207613945,0.01807391457259655,98.1395263671875,98.13956451416016,98.19261169433594,0.0015052127419039607,0.15052127838134766,1.3960816860198975
260,0,Vocal,31.191524505615234,-31.191633224487305,0.0023969062604010105,0.0023969055619090796,0.003594405483454466,99.76031494140625,99.76031494140625,99.64056396484375,0.0007595086353830993,0.07595086097717285,31.49376678466797,-31.49359703063965,0.0023234414402395487,0.0023234414402395487,0.0034400071017444134,99.76765441894531,99.76765441894531,99.65599822998047,0.0007084677927196026,0.07084678113460541,0.36696669459342957
260,1,Bass,20.66629409790039,-20.666284561157227,0.012868599966168404,0.012868591584265232,0.01967262476682663,98.71314239501953,98.71314239501953,98.0327377319336,0.008504791185259819,0.8504791259765625,-6.201101303100586,6.201102256774902,0.8542874455451965,0.8536163568496704,0.852969765663147,14.571255683898926,14.638364791870117,14.703023910522461,0.8065670728683472,80.65670776367188,34.56781005859375
260,2,Drums,24.853782653808594,-24.853778839111328,0.00011935724614886567,0.00011935724614886567,0.0004846264491789043,99.98806762695312,99.98806762695312,99.9515380859375,0.0032599028199911118,0.3259902894496918,24.146381378173828,-24.146350860595703,0.004233804531395435,0.004233803134411573,0.0022762329317629337,99.57662200927734,99.57662200927734,99.77237701416016,0.0038343705236911774,0.38343703746795654,-0.105852410197258
261,0,Vocal,24.208765029907227,-24.208744049072266,0.0007501431973651052,0.0007501427899114788,0.0015439579728990793,99.92498779296875,99.92498779296875,99.8456039428711,0.003779907478019595,0.3779907524585724,25.46217918395996,-25.4621524810791,0.0007538975332863629,0.0007538955542258918,0.0014222523896023631,99.92461395263672,99.92461395263672,99.85778045654297,0.0028349284548312426,0.2834928333759308,1.2765086889266968
261,1,Bass,21.789274215698242,-21.789339065551758,0.01055685430765152,0.010556853376328945,0.010718680918216705,98.9443130493164,98.9443130493164,98.92813110351562,0.0065796817652881145,0.6579681634902954,4.291032791137695,-4.2910332679748535,0.12369312345981598,0.1236930713057518,0.1440863162279129,87.63069152832031,87.63069152832031,85.59136962890625,0.27129805088043213,27.129804611206055,1.418803095817566
261,2,Drums,22.53963851928711,-22.53962516784668,0.0021171148400753736,0.0021171148400753736,0.004281495697796345,99.78829193115234,99.78829193115234,99.57184600830078,0.005541450809687376,0.554145097732544,26.31429672241211,-26.31431770324707,0.1233988106250763,0.12338240444660187,0.1232810840010643,87.66012573242188,87.66175842285156,87.67189025878906,0.0023310636170208454,0.2331063598394394,7.312994003295898
262,0,Vocal,34.81930160522461,-34.81951141357422,0.00020168792980257422,0.00020168792980257422,0.0,99.97982788085938,99.97982788085938,100.0,0.00032958260271698236,0.0329582616686821,34.9744758605957,-34.97467041015625,0.00022690522018820047,0.00022690485639031976,0.0,99.97731018066406,99.97731018066406,100.0,0.00031799045973457396,0.03179904446005821,0.20030635595321655
262,1,Bass,23.810327529907227,-23.810272216796875,0.0008494138601236045,0.0008494115900248289,0.0053976913914084435,99.91505432128906,99.91505432128906,99.46023559570312,0.004141576588153839,0.4141576588153839,16.76144027709961,-16.76144027709961,0.3381488621234894,0.33760595321655273,0.3371920585632324,66.18511962890625,66.2394027709961,66.28079223632812,0.020644156262278557,2.064415693283081,5.843499660491943
262,2,Drums,26.048519134521484,-26.048503875732422,0.0078103248961269855,0.0078103248961269855,0.016762349754571915,99.21896362304688,99.21896362304688,98.32376098632812,0.002477854723110795,0.24778547883033752,20.030288696289062,-20.03030014038086,0.11518453806638718,0.11517871171236038,0.10671638697385788,88.4815444946289,88.48213195800781,89.32836151123047,0.009832852520048618,0.9832852482795715,-1.3249977827072144
263,0,Vocal,30.707801818847656,-30.707523345947266,0.0037288975436240435,0.003728896379470825,0.0047779325395822525,99.62710571289062,99.62711334228516,99.52220916748047,0.0008488805033266544,0.0848880484700203,32.164100646972656,-32.16398620605469,0.0028771799989044666,0.0028771767392754555,0.0037437432911247015,99.7122802734375,99.7122802734375,99.62562561035156,0.0006071944371797144,0.06071944534778595,1.51423978805542
263,1,Bass,21.192319869995117,-21.192325592041016,0.010824060998857021,0.010824060998857021,0.012066369876265526,98.91759490966797,98.91759490966797,98.79336547851562,0.007541895378381014,0.7541895508766174,19.38518714904785,-19.38522720336914,0.12880408763885498,0.12878257036209106,0.11997844278812408,87.11959075927734,87.12174224853516,88.00215911865234,0.011389508843421936,1.1389508247375488,3.247542381286621
263,2,Drums,38.519309997558594,-38.51995849609375,0.0019002188928425312,0.0019002178451046348,0.0017451817402616143,99.80998229980469,99.80998229980469,99.82548522949219,0.00014062196714803576,0.01406219694763422,32.085472106933594,-32.08557891845703,0.017297999933362007,0.017297811806201935,0.01690262369811535,98.27020263671875,98.27021789550781,98.30973815917969,0.0006182649522088468,0.061826493591070175,-4.841075420379639
264,0,Vocal,24.381513595581055,-24.381505966186523,0.0022785940673202276,0.002278593135997653,0.0022252839989960194,99.77214050292969,99.77214050292969,99.77747344970703,0.0036330372095108032,0.3633037209510803,24.369159698486328,-24.369094848632812,0.0023631758522242308,0.002363175619393587,0.0024679959751665592,99.76367950439453,99.76367950439453,99.75320434570312,0.003643386997282505,0.3643386960029602,0.05941959097981453
264,1,Bass,24.184839248657227,-24.18480682373047,0.0030711833387613297,0.0030711640138179064,0.002916220808401704,99.69287872314453,99.69287872314453,99.70838165283203,0.003800675505772233,0.3800675570964813,2.6180038452148438,-2.618004083633423,0.9278810024261475,0.9262860417366028,0.9334679245948792,7.211899757385254,7.371396064758301,6.653207778930664,0.35369932651519775,35.36993408203125,41.16141128540039
264,2,Drums,31.38258171081543,-31.3825626373291,0.0007169907330535352,0.0007169906748458743,0.0,99.92829895019531,99.92829895019531,100.0,0.000726824626326561,0.0726824626326561,27.71355628967285,-27.713523864746094,0.028228631243109703,0.028228627517819405,0.02634378895163536,97.17713928222656,97.17713928222656,97.3656234741211,0.0016901325434446335,0.16901326179504395,-2.588618755340576
265,0,Vocal,28.931224822998047,-28.93128204345703,0.01100474689155817,0.01100474689155817,0.011322423815727234,98.89952850341797,98.89952850341797,98.86775970458984,0.0012774077476933599,0.1277407705783844,37.920013427734375,-37.91992950439453,0.0014538083923980594,0.0014538083923980594,0.002650958951562643,99.85462188720703,99.85462188720703,99.73490142822266,0.00016145115660037845,0.016145115718245506,9.093194961547852
265,1,Bass,29.239990234375,-29.23990249633789,0.006558732595294714,0.006558683700859547,0.00995405949652195,99.34413146972656,99.34413146972656,99.00459289550781,0.0011898258235305548,0.11898258328437805,4.4661431312561035,-4.466143608093262,0.8478556871414185,0.8476516604423523,0.8320325016975403,15.214431762695312,15.234833717346191,16.796749114990234,0.26340070366859436,26.340070724487305,22.425647735595703
265,2,Drums,36.37919998168945,-36.3797492980957,0.0005041729309596121,0.0005041725817136467,0.0014584970194846392,99.94957733154297,99.94957733154297,99.8541488647461,0.0002301222993992269,0.023012230172753334,35.422698974609375,-35.421871185302734,0.003802718361839652,0.003802685299888253,0.005934309214353561,99.6197280883789,99.61973571777344,99.40657043457031,0.0002868184819817543,0.02868184819817543,-0.7712444067001343
266,0,Vocal,23.690595626831055,-23.69061279296875,0.0014146271860226989,0.0014146269531920552,0.0016608559526503086,99.85853576660156,99.85853576660156,99.83390808105469,0.004256842657923698,0.42568427324295044,24.85633087158203,-24.85630226135254,0.0014768316177651286,0.0014768263790756464,0.0020215576514601707,99.8523178100586,99.8523178100586,99.79784393310547,0.003258053446188569,0.32580533623695374,1.2687605619430542
266,1,Bass,27.66594886779785,-27.665912628173828,0.002478277077898383,0.0024782572872936726,0.003381820162758231,99.75216674804688,99.7521743774414,99.66181182861328,0.0017087258165702224,0.17087258398532867,28.376258850097656,-28.3762264251709,0.002791820326820016,0.0027916349936276674,0.0038030515424907207,99.72081756591797,99.72083282470703,99.61968994140625,0.0014512906782329082,0.14512906968593597,0.6845792531967163
266,2,Drums,28.136980056762695,-28.13704490661621,0.000257840845733881,0.000257840845733881,0.0036365382838994265,99.97421264648438,99.97421264648438,99.63634490966797,0.0015333011979237199,0.15333011746406555,22.149648666381836,-22.149667739868164,0.1210813820362091,0.12106374651193619,0.12065719813108444,87.89186096191406,87.89362335205078,87.93428039550781,0.006058931816369295,0.6058931946754456,0.2931217849254608
267,0,Vocal,27.746204376220703,-27.7462215423584,0.004914965480566025,0.00491495942696929,0.005569180473685265,99.50850677490234,99.50850677490234,99.44308471679688,0.0016774852992966771,0.16774852573871613,27.76836585998535,-27.76868438720703,0.005202002357691526,0.005201999098062515,0.005863906815648079,99.47979736328125,99.47979736328125,99.41361236572266,0.001668858341872692,0.1668858379125595,0.098957359790802
267,1,Bass,24.06101417541504,-24.061031341552734,0.0036972351372241974,0.0036972344387322664,0.0027842188719660044,99.63027954101562,99.63027954101562,99.7215805053711,0.003910209983587265,0.3910210132598877,0.9967583417892456,-0.9967594742774963,0.9248472452163696,0.9228788614273071,0.9291329383850098,7.515275478363037,7.712113857269287,7.086706161499023,0.4428724944591522,44.28725051879883,39.045654296875
267,2,Drums,34.64374923706055,-34.64376449584961,0.002081786748021841,0.0020817862823605537,0.0017449172446504235,99.79181671142578,99.79181671142578,99.82550811767578,0.0003431687073316425,0.03431687131524086,26.32265281677246,-26.32269859313965,0.03316375985741615,0.03316375985741615,0.03366425633430481,96.68362426757812,96.68362426757812,96.63357543945312,0.0023266032803803682,0.23266032338142395,-7.030719757080078
268,0,Vocal,30.668609619140625,-30.668411254882812,0.004555923864245415,0.004555923398584127,0.004998365417122841,99.54440307617188,99.54440307617188,99.50016021728516,0.0008565878961235285,0.08565878868103027,30.344921112060547,-30.34491539001465,0.005089839454740286,0.005089788697659969,0.005661242175847292,99.49102020263672,99.49102783203125,99.43387603759766,0.0009227659902535379,0.09227659553289413,-0.2523464858531952
268,1,Bass,30.534879684448242,-30.534832000732422,0.00602069403976202,0.006020691245794296,0.00694760587066412,99.39793395996094,99.39793395996094,99.30524444580078,0.0008833874017000198,0.08833874017000198,1.5676922798156738,-1.5676922798156738,0.9280728697776794,0.9270830750465393,0.9300532937049866,7.192712783813477,7.291692733764648,6.994670867919922,0.4107237160205841,41.07237243652344,33.43450927734375
268,2,Drums,40.05879211425781,-40.05899429321289,0.002135529415681958,0.0021355291828513145,0.0030201843474060297,99.78644561767578,99.78644561767578,99.69798278808594,9.861652506515384e-05,0.009861652739346027,27.04376220703125,-27.04374122619629,0.028636502102017403,0.028635991737246513,0.03812679275870323,97.13634490966797,97.13639831542969,96.18732452392578,0.001971400808542967,0.19714008271694183,-11.740921020507812
269,0,Vocal,6.198409080505371,-6.198408603668213,0.28024280071258545,0.2802419066429138,0.29344746470451355,71.97572326660156,71.9758071899414,70.6552505493164,0.19352968037128448,19.352968215942383,0.8070356845855713,-0.8070352673530579,0.904376208782196,0.904276967048645,0.9304912686347961,9.562378883361816,9.572303771972656,6.950873374938965,0.4536765217781067,45.367652893066406,26.307701110839844
269,1,Bass,33.52662658691406,-33.52780532836914,0.006798921152949333,0.0067989155650138855,0.008092821575701237,99.32010650634766,99.32010650634766,99.19071960449219,0.000443699216702953,0.04436992108821869,0.9137425422668457,-0.9137428998947144,0.9428659677505493,0.9370778203010559,0.9431697726249695,5.713403224945068,6.292218208312988,5.683022499084473,0.44759389758110046,44.7593879699707,32.09191131591797
269,2,Drums,42.632755279541016,-42.63420104980469,0.0003854837850667536,0.0003854837850667536,0.0006529265083372593,99.96145629882812,99.96145629882812,99.93470764160156,5.4542910220334306e-05,0.005454291123896837,34.21234893798828,-34.21238327026367,0.006307566538453102,0.006307544186711311,0.01025375910103321,99.36924743652344,99.36924743652344,98.97462463378906,0.0003789749462157488,0.037897493690252304,-7.930530071258545
270,0,Vocal,19.929481506347656,-19.92949104309082,0.003052696119993925,0.0030526937916874886,0.002742740325629711,99.69473266601562,99.69473266601562,99.72572326660156,0.010061460547149181,1.0061460733413696,20.356834411621094,-20.356822967529297,0.0028870287351310253,0.0028870273381471634,0.0025628579314798117,99.71129608154297,99.71129608154297,99.74371337890625,0.009127163328230381,0.9127163290977478,0.5046114921569824
270,1,Bass,21.0208740234375,-21.020824432373047,0.00758624542504549,0.00758624542504549,0.02245432697236538,99.24137878417969,99.24137878417969,97.75457000732422,0.007843244820833206,0.7843244671821594,0.01978764496743679,-0.019787460565567017,0.7753847241401672,0.7693579196929932,0.7832663655281067,22.46152687072754,23.064208984375,21.673362731933594,0.4988609254360199,49.88609313964844,35.44342041015625
270,2,Drums,31.899717330932617,-31.8996639251709,0.0010878911707550287,0.0010878911707550287,0.0028188726864755154,99.8912124633789,99.8912124633789,99.71810913085938,0.0006452664965763688,0.06452664732933044,29.093704223632812,-29.093629837036133,0.011003434658050537,0.011003360152244568,0.00806253682821989,98.899658203125,98.89966583251953,99.1937484741211,0.0012305802665650845,0.1230580285191536,-2.18780255317688
271,0,Vocal,27.242279052734375,-27.24230194091797,0.007751961704343557,0.007751956582069397,0.00598484231159091,99.22480773925781,99.22480773925781,99.4015121459961,0.0018834428628906608,0.18834428489208221,27.460100173950195,-27.460363388061523,0.008143146522343159,0.008143146522343159,0.006846241187304258,99.18568420410156,99.18568420410156,99.31537628173828,0.0017914060736075044,0.1791406124830246,0.3034755289554596
271,1,Bass,24.588645935058594,-24.588558197021484,0.006659449078142643,0.0066594406962394714,0.009022788144648075,99.33405303955078,99.33405303955078,99.09772491455078,0.003464427310973406,0.34644272923469543,3.1618728637695312,-3.161872386932373,0.8776953816413879,0.8774329423904419,0.8789290189743042,12.230462074279785,12.256706237792969,12.107097625732422,0.32562321424484253,32.562320709228516,29.591169357299805
271,2,Drums,37.285396575927734,-37.28602600097656,0.0014826399274170399,0.0014826399274170399,0.0028994493186473846,99.85173034667969,99.85173034667969,99.71005249023438,0.00018682681547943503,0.018682681024074554,28.91057777404785,-28.910518646240234,0.0035427508410066366,0.0035427368711680174,0.006558401044458151,99.6457290649414,99.6457290649414,99.34416198730469,0.0012834572698920965,0.12834572792053223,-8.104056358337402
272,0,Vocal,25.748348236083984,-25.748327255249023,0.12681521475315094,0.12681519985198975,0.12740907073020935,87.3184814453125,87.3184814453125,87.25908660888672,0.002654691692441702,0.26546916365623474,26.7922306060791,-26.792240142822266,0.06189665198326111,0.06189446896314621,0.06305531412363052,93.81033325195312,93.81055450439453,93.69446563720703,0.0020886254496872425,0.2088625431060791,1.2174867391586304
272,1,Bass,10.247037887573242,-10.247039794921875,0.32300910353660583,0.32300910353660583,0.32279300689697266,67.69908905029297,67.69908905029297,67.720703125,0.08631614595651627,8.631614685058594,10.989259719848633,-10.98926067352295,0.33145418763160706,0.331419438123703,0.33134856820106506,66.85458374023438,66.8580551147461,66.86514282226562,0.07375632971525192,7.3756327629089355,1.0937174558639526
272,2,Drums,36.120418548583984,-36.12059020996094,0.001588301151059568,0.0015883005689829588,0.002484111348167062,99.84117126464844,99.84117126464844,99.75159454345703,0.0002442750846967101,0.0244275089353323,34.54452133178711,-34.54413986206055,0.006770134903490543,0.0067701274529099464,0.00745342718437314,99.32298278808594,99.32298278808594,99.25465393066406,0.00035106236464343965,0.03510623797774315,-0.8265372514724731
273,0,Vocal,14.569548606872559,-14.569548606872559,0.16777679324150085,0.1677766740322113,0.16177894175052643,83.22232055664062,83.22232818603516,83.82210540771484,0.03373953327536583,3.373953342437744,15.932793617248535,-15.93278980255127,0.14706967771053314,0.14704227447509766,0.1558249294757843,85.29302978515625,85.2957763671875,84.41751098632812,0.024876026436686516,2.487602710723877,2.7828221321105957
273,1,Bass,9.957181930541992,-9.957181930541992,0.41219958662986755,0.4121994078159332,0.4108300507068634,58.78003692626953,58.78006362915039,58.91699981689453,0.09172716736793518,9.172717094421387,19.686994552612305,-19.686988830566406,0.1902054101228714,0.19020339846611023,0.19241459667682648,80.97946166992188,80.97966003417969,80.758544921875,0.010633043944835663,1.0633044242858887,18.087514877319336
273,2,Drums,38.914188385009766,-38.91458511352539,0.0007562278769910336,0.000756227585952729,0.0011266283690929413,99.92437744140625,99.92437744140625,99.88733673095703,0.0001283762394450605,0.012837624177336693,35.401084899902344,-35.400856018066406,0.00245489040389657,0.0024548890069127083,0.006022322457283735,99.75450897216797,99.75450897216797,99.39776611328125,0.00028825661865994334,0.028825661167502403,-3.04502272605896
274,0,Vocal,14.8704833984375,-14.870481491088867,0.1465350091457367,0.1465350091457367,0.14593471586704254,85.34649658203125,85.34649658203125,85.40653228759766,0.03155209496617317,3.155209541320801,20.47165870666504,-20.47162628173828,0.03746127337217331,0.03746074065566063,0.03793004900217056,96.25387573242188,96.2539291381836,96.20699310302734,0.00889113824814558,0.8891138434410095,5.740969657897949
274,1,Bass,5.111151218414307,-5.111150741577148,0.4101370871067047,0.4101370871067047,0.4072590172290802,58.98629379272461,58.98629379272461,59.27410125732422,0.23561261594295502,23.561262130737305,5.6494574546813965,-5.649457931518555,0.890210747718811,0.8901729583740234,0.8884344100952148,10.978925704956055,10.982704162597656,11.156558990478516,0.2140243947505951,21.40243911743164,38.337135314941406
274,2,Drums,42.743324279785156,-42.74337387084961,0.001115664024837315,0.001115664024837315,0.0015307302819564939,99.88843536376953,99.88843536376953,99.84693145751953,5.315427915775217e-05,0.0053154281340539455,40.835479736328125,-40.83480453491211,0.002160755218937993,0.0021607461385428905,0.002326428657397628,99.78392791748047,99.78392791748047,99.7673568725586,8.252716361312196e-05,0.00825271662324667,-1.4613196849822998
275,0,Vocal,17.6075382232666,-17.6075439453125,0.08952908217906952,0.08952873945236206,0.08927261084318161,91.04708862304688,91.04712677001953,91.07273864746094,0.017052022740244865,1.7052022218704224,18.49398422241211,-18.49399185180664,0.04384525120258331,0.04383980855345726,0.043660957366228104,95.615478515625,95.61602020263672,95.63390350341797,0.013947675004601479,1.3947675228118896,0.9784389734268188
275,1,Bass,4.874691009521484,-4.874689102172852,0.41762128472328186,0.41761940717697144,0.4148220717906952,58.23787307739258,58.238059997558594,58.517791748046875,0.2455592006444931,24.555919647216797,4.474363803863525,-4.474364280700684,0.43854665756225586,0.4385395646095276,0.43563422560691833,56.14533233642578,56.14604187011719,56.43657302856445,0.2630336582660675,26.30336570739746,-0.10141915082931519
275,2,Drums,38.277591705322266,-38.277565002441406,0.0018510814988985658,0.0018510814988985658,0.0018315179040655494,99.81489562988281,99.81489562988281,99.81684875488281,0.00014867632125969976,0.01486763171851635,37.175907135009766,-37.17570877075195,0.0028010145761072636,0.00280101434327662,0.005332485772669315,99.71990203857422,99.71990203857422,99.46675109863281,0.00019159277144353837,0.01915927790105343,-0.7564922571182251
276,0,Vocal,17.617990493774414,-17.617977142333984,0.09039369225502014,0.09039368480443954,0.0928141325712204,90.96063232421875,90.96063232421875,90.71858215332031,0.01701180823147297,1.7011808156967163,17.804258346557617,-17.80425262451172,0.10135471075773239,0.10135004669427872,0.10652057826519012,89.8645248413086,89.864990234375,89.34793853759766,0.016309184953570366,1.6309185028076172,1.1194125413894653
276,1,Bass,5.683133125305176,-5.683135509490967,0.5522549748420715,0.5522536635398865,0.5739126205444336,44.77450180053711,44.774635314941406,42.60873794555664,0.21272292733192444,21.272293090820312,16.888303756713867,-16.888301849365234,0.08715786784887314,0.08715058863162994,0.1248055025935173,91.28421783447266,91.28494262695312,87.51944732666016,0.020061766728758812,2.006176710128784,14.873653411865234
276,2,Drums,36.123600006103516,-36.12303161621094,0.002348626498132944,0.002348626498132944,0.00026040099328383803,99.76513671875,99.76513671875,99.97396087646484,0.00024406785087194294,0.024406785145401955,30.399166107177734,-30.399303436279297,0.00586470402777195,0.005864692386239767,0.0,99.41352844238281,99.41352844238281,100.0,0.0009113396517932415,0.0911339670419693,-5.013016700744629
277,0,Vocal,26.120004653930664,-26.11992645263672,0.0845799446105957,0.08457958698272705,0.08771710097789764,91.54200744628906,91.54203796386719,91.22828674316406,0.002437480026856065,0.2437480092048645,27.146940231323242,-27.14693260192871,0.0767599493265152,0.07675953209400177,0.07936085015535355,92.32400512695312,92.32405090332031,92.06391906738281,0.0019251791527494788,0.19251792132854462,1.1381499767303467
277,1,Bass,7.731886386871338,-7.731884956359863,0.3478076756000519,0.34778982400894165,0.3528999388217926,65.21923828125,65.22101593017578,64.71000671386719,0.14426209032535553,14.426209449768066,6.418052673339844,-6.4180521965026855,0.3164091408252716,0.3163873553276062,0.32612764835357666,68.35908508300781,68.36126708984375,67.38723754882812,0.18575826287269592,18.57582664489746,-1.3604706525802612
277,2,Drums,36.40289306640625,-36.402679443359375,0.003781957784667611,0.003781957319006324,0.004359990358352661,99.6218032836914,99.6218032836914,99.56400299072266,0.00022891235130373389,0.02289123460650444,26.687435150146484,-26.68735694885254,0.04096803814172745,0.04096745327115059,0.03785325586795807,95.90319061279297,95.90325164794922,96.21467590332031,0.0021395802032202482,0.2139580249786377,-7.916895866394043
278,0,Vocal,12.527624130249023,-12.527633666992188,0.06411361694335938,0.06411361694335938,0.062070053070783615,93.58863830566406,93.58863830566406,93.7929916381836,0.05292043462395668,5.292043685913086,9.38911247253418,-9.389110565185547,0.1698380410671234,0.16980640590190887,0.16802389919757843,83.01618957519531,83.01935577392578,83.1976089477539,0.1032223179936409,10.322232246398926,0.9762474894523621
278,1,Bass,7.108797550201416,-7.108797550201416,0.4719463288784027,0.47194522619247437,0.4823005497455597,52.805362701416016,52.805477142333984,51.76994705200195,0.1628926545381546,16.289264678955078,13.923322677612305,-13.923324584960938,0.24650689959526062,0.24646493792533875,0.2785842716693878,75.34930419921875,75.35350036621094,72.1415786743164,0.038941945880651474,3.8941946029663086,20.19680404663086
278,2,Drums,28.837881088256836,-28.83782386779785,0.0002004807465709746,0.0002004807465709746,0.0005578863201662898,99.97994995117188,99.97994995117188,99.9442138671875,0.0013050974812358618,0.13050974905490875,27.790794372558594,-27.790630340576172,0.0037262628320604563,0.0037262483965605497,0.0,99.62737274169922,99.62737274169922,100.0,0.001660374109633267,0.1660374104976654,-0.4839402139186859
279,0,Vocal,28.725540161132812,-28.72549057006836,0.08052810281515121,0.08052803575992584,0.08187254518270493,91.94718933105469,91.94719696044922,91.812744140625,0.0013392780674621463,0.13392780721187592,23.80763053894043,-23.80760383605957,0.14611701667308807,0.14611300826072693,0.1524105966091156,85.38829803466797,85.3886947631836,84.7589340209961,0.004144161939620972,0.41441619396209717,-3.3309102058410645
279,1,Bass,5.991419792175293,-5.991419792175293,0.3896924555301666,0.3896903693675995,0.41376036405563354,61.030757904052734,61.03096008300781,58.62396240234375,0.20107722282409668,20.107723236083984,21.44943618774414,-21.449440002441406,0.12033796310424805,0.1203378364443779,0.1433204859495163,87.96620178222656,87.96621704101562,85.66795349121094,0.007111436687409878,0.7111436724662781,18.820314407348633
279,2,Drums,42.59965515136719,-42.59724426269531,0.0017010231968015432,0.001701022614724934,0.0019469565013423562,99.82990264892578,99.82990264892578,99.8052978515625,5.496832091012038e-05,0.005496832076460123,37.97002410888672,-37.9702033996582,0.005806133151054382,0.005806130822747946,0.008140831254422665,99.41938781738281,99.41938781738281,99.18592071533203,0.00015956570859998465,0.015956571325659752,-4.022250175476074
280,0,Vocal,23.95977783203125,-23.959781646728516,0.029382528737187386,0.029382504522800446,0.030027631670236588,97.0617446899414,97.0617446899414,96.99723815917969,0.004002053290605545,0.4002053141593933,41.04112243652344,-41.03801345825195,0.0017824842361733317,0.00178247201256454,0.0017638234421610832,99.8217544555664,99.8217544555664,99.82361602783203,7.870831177569926e-05,0.007870831526815891,17.240751266479492
280,1,Bass,28.080703735351562,-28.08067512512207,0.05773361027240753,0.05773293226957321,0.055093150585889816,94.22663879394531,94.2267074584961,94.49068450927734,0.0015532764373347163,0.15532764792442322,29.043237686157227,-29.043052673339844,0.05401749163866043,0.054017405956983566,0.051456958055496216,94.59825134277344,94.59825897216797,94.85430908203125,0.0012449281057342887,0.12449280917644501,0.9637801051139832
280,2,Drums,20.889005661010742,-20.889007568359375,0.0034228579606860876,0.0034228574950248003,0.004525244701653719,99.65771484375,99.65771484375,99.54747772216797,0.008083063177764416,0.8083063364028931,20.949861526489258,-20.94986915588379,0.23895706236362457,0.23894140124320984,0.24641761183738708,76.10429382324219,76.1058578491211,75.35823822021484,0.007971443235874176,0.7971442937850952,5.259969234466553
281,0,Vocal,26.28147315979004,-26.281463623046875,0.016213413327932358,0.016213374212384224,0.018463358283042908,98.378662109375,98.378662109375,98.1536636352539,0.002348722890019417,0.23487228155136108,27.41488265991211,-27.414758682250977,0.013087227940559387,0.013086909428238869,0.01499764434993267,98.69127655029297,98.6913070678711,98.50023651123047,0.0018102165777236223,0.18102166056632996,1.2669161558151245
281,1,Bass,33.777061462402344,-33.77656173706055,0.07211875915527344,0.07211840897798538,0.0699424147605896,92.78812408447266,92.78816223144531,93.0057601928711,0.00041889521526172757,0.04188952222466469,0.06894485652446747,-0.06894493103027344,0.8425441980361938,0.7946645021438599,0.7741760611534119,15.745580673217773,20.533550262451172,22.582393646240234,0.4960312843322754,49.603126525878906,15.858842849731445
281,2,Drums,47.141666412353516,-47.13500213623047,0.0012070054654031992,0.00120700360275805,0.0013928008265793324,99.87930297851562,99.87930297851562,99.86072540283203,1.9313318261993118e-05,0.0019313318189233541,22.241424560546875,-22.241409301757812,0.09296558052301407,0.09296411275863647,0.11065055429935455,90.70343780517578,90.7035903930664,88.93494415283203,0.005933004431426525,0.593300461769104,-22.2479248046875
282,0,Vocal,21.877920150756836,-21.877906799316406,0.011990077793598175,0.0119900768622756,0.012321969494223595,98.80099487304688,98.80099487304688,98.76780700683594,0.006447636988013983,0.644763708114624,25.266197204589844,-25.26616096496582,0.011950064450502396,0.011950061656534672,0.012422162108123302,98.80499267578125,98.80499267578125,98.75778198242188,0.002965504303574562,0.2965504229068756,3.486299514770508
282,1,Bass,14.849091529846191,-14.849091529846191,0.10649937391281128,0.10649862140417099,0.11139005422592163,89.35005950927734,89.35014343261719,88.86099243164062,0.031702931970357895,3.170293092727661,15.26872444152832,-15.268725395202637,0.10483592003583908,0.104835644364357,0.10922065377235413,89.51641082763672,89.51643371582031,89.07793426513672,0.02886732667684555,2.886732578277588,0.4266309142112732
282,2,Drums,26.588420867919922,-26.58843231201172,0.008059258572757244,0.00805925764143467,0.01088743470609188,99.19407653808594,99.19407653808594,98.9112548828125,0.0021887789480388165,0.2188778966665268,26.68585968017578,-26.68575668334961,0.056221313774585724,0.056220684200525284,0.052388016134500504,94.37786865234375,94.3779296875,94.76119995117188,0.0021403704304248095,0.21403704583644867,1.9662946462631226
283,0,Vocal,28.421146392822266,-28.421228408813477,0.00026969503960572183,0.00026969495229423046,0.001638453803025186,99.97303009033203,99.97303009033203,99.83615112304688,0.0014363699592649937,0.14363700151443481,26.619585037231445,-26.61961555480957,0.002268487587571144,0.002268486423417926,0.0,99.77314758300781,99.77314758300781,100.0,0.002173210494220257,0.21732105314731598,-1.5326234102249146
283,1,Bass,16.487468719482422,-16.487472534179688,0.003909202292561531,0.003909202292561531,0.0027148888912051916,99.60907745361328,99.60907745361328,99.728515625,0.021958868950605392,2.1958868503570557,13.95638370513916,-13.956380844116211,0.3576074242591858,0.357278048992157,0.3742832839488983,64.2392578125,64.2721939086914,62.57167053222656,0.03865804895758629,3.86580491065979,46.28169631958008
283,2,Drums,11.35958194732666,-11.359580993652344,0.010161549784243107,0.010161541402339935,0.018317347392439842,98.98384094238281,98.98384857177734,98.16826629638672,0.06813859939575195,6.813859939575195,-0.9861428141593933,0.9861435890197754,0.8746825456619263,0.8363391160964966,0.8599839806556702,12.531745910644531,16.3660888671875,14.001602172851562,0.5565242767333984,55.652427673339844,45.42375183105469
284,0,Vocal,23.862417221069336,-23.862438201904297,0.0028713257052004337,0.002871324773877859,0.003842246951535344,99.7128677368164,99.7128677368164,99.61577606201172,0.004092379938811064,0.40923798084259033,13.733793258666992,-13.733789443969727,0.7181338667869568,0.6830105781555176,0.6749091148376465,28.186613082885742,31.698942184448242,32.50908660888672,0.040608491748571396,4.060849189758301,35.599822998046875
284,1,Bass,17.42816734313965,-17.42815399169922,0.03914712369441986,0.039147112518548965,0.032651785761117935,96.08528900146484,96.08528900146484,96.73482513427734,0.017758313566446304,1.7758313417434692,18.658058166503906,-18.658039093017578,0.1857776790857315,0.18577758967876434,0.20430278778076172,81.42223358154297,81.4222412109375,79.56971740722656,0.013437503017485142,1.3437503576278687,3.9397406578063965
284,2,Drums,27.018314361572266,-27.018281936645508,0.010694148950278759,0.010694148018956184,0.010446586646139622,98.93058776855469,98.93058776855469,98.95533752441406,0.001982948277145624,0.19829483330249786,26.317523956298828,-26.31742286682129,0.0330691784620285,0.033069055527448654,0.03390103206038475,96.69307708740234,96.6930923461914,96.60989379882812,0.002329370239749551,0.2329370230436325,1.0537359714508057
285,0,Vocal,35.28847122192383,-35.2883186340332,0.02210528962314129,0.02210528776049614,0.023175857961177826,97.78947448730469,97.78947448730469,97.68241882324219,0.0002958046388812363,0.029580464586615562,34.81851577758789,-34.81809616088867,0.014494786970317364,0.014494724571704865,0.015525555238127708,98.55052185058594,98.55052947998047,98.44744110107422,0.0003296209324616939,0.032962094992399216,-0.3548124432563782
285,1,Bass,16.754047393798828,-16.754043579101562,0.07823404669761658,0.07823403924703598,0.08924634009599686,92.17658996582031,92.17659759521484,91.07536315917969,0.020678604021668434,2.0678603649139404,18.235801696777344,-18.235782623291016,0.15962086617946625,0.15959203243255615,0.1286700963973999,84.03791046142578,84.0407943725586,87.13298797607422,0.01478932611644268,1.4789326190948486,6.533787727355957
285,2,Drums,25.61992645263672,-25.619956970214844,0.003057420253753662,0.003057419788092375,0.0,99.69425964355469,99.69425964355469,100.0,0.0027341011445969343,0.2734101116657257,24.21041488647461,-24.210403442382812,0.09324896335601807,0.0932479128241539,0.09811390191316605,90.67510223388672,90.67520904541016,90.18861389160156,0.0037784844171255827,0.37784844636917114,2.111771821975708
286,0,Vocal,36.16516876220703,-36.16542434692383,0.022877832874655724,0.022877832874655724,0.024824639782309532,97.71221923828125,97.71221923828125,97.51753997802734,0.0002417921496089548,0.024179214611649513,36.99199676513672,-36.991249084472656,0.017268534749746323,0.017268426716327667,0.019350674003362656,98.27314758300781,98.27315521240234,98.06493377685547,0.00019990259897895157,0.019990259781479836,1.001101016998291
286,1,Bass,17.031461715698242,-17.031455993652344,0.13572879135608673,0.13572879135608673,0.13284331560134888,86.4271240234375,86.4271240234375,86.71566772460938,0.019423842430114746,1.9423842430114746,22.569238662719727,-22.569324493408203,0.0757928341627121,0.07579261809587479,0.061456404626369476,92.42071533203125,92.42073822021484,93.85436248779297,0.005503946449607611,0.5503946542739868,5.949437618255615
286,2,Drums,38.04035949707031,-38.03958511352539,0.0027369793970137835,0.00273697916418314,0.004796403925865889,99.72630310058594,99.72630310058594,99.5203628540039,0.00015700928634032607,0.01570092886686325,21.854143142700195,-21.854135513305664,0.02410830743610859,0.024108275771141052,0.056999318301677704,97.58917236328125,97.58917236328125,94.30006408691406,0.006482783704996109,0.6482783555984497,-14.298429489135742
287,0,Vocal,31.478435516357422,-31.47829818725586,0.019645314663648605,0.019645243883132935,0.020308610051870346,98.03546905517578,98.03547668457031,97.9691390991211,0.0007109589641913772,0.07109589874744415,33.767181396484375,-33.766624450683594,0.008559772744774818,0.008559715002775192,0.0090036541223526,99.1440200805664,99.14402770996094,99.09963989257812,0.0004199076211079955,0.04199076071381569,2.432147979736328
287,1,Bass,12.420663833618164,-12.420660018920898,0.14567828178405762,0.14567707479000092,0.1590319722890854,85.43217468261719,85.43228912353516,84.0968017578125,0.054168593138456345,5.416859149932861,20.196950912475586,-20.196950912475586,0.09171667695045471,0.09169891476631165,0.09516605734825134,90.82833862304688,90.83010864257812,90.48339080810547,0.009466202929615974,0.9466202855110168,11.49630355834961
287,2,Drums,35.056678771972656,-35.056148529052734,0.0025690936017781496,0.0025690924376249313,0.003140711458399892,99.74309539794922,99.74309539794922,99.68592834472656,0.00031204140395857394,0.031204139813780785,9.762596130371094,-9.762595176696777,0.3970288634300232,0.3970274031162262,0.4413318932056427,60.297115325927734,60.297264099121094,55.86681365966797,0.0955289676785469,9.552896499633789,-13.644621849060059
288,0,Vocal,16.823434829711914,-16.82343864440918,0.020377781242132187,0.02037777379155159,0.016582870855927467,97.96222686767578,97.96222686767578,98.34171295166016,0.020357470959424973,2.0357470512390137,24.927778244018555,-24.92772102355957,0.004375120159238577,0.004375088028609753,0.0006069247610867023,99.56249237060547,99.56249237060547,99.9393081665039,0.00320502114482224,0.3205021023750305,8.174485206604004
288,1,Bass,29.505613327026367,-29.50558853149414,0.019997941330075264,0.019997941330075264,0.015059681609272957,98.00020599365234,98.00020599365234,98.49402618408203,0.0011193148093298078,0.11193148046731949,27.769296646118164,-27.769262313842773,0.02002190798521042,0.02001970261335373,0.013885543681681156,97.99781036376953,97.99803161621094,98.61144256591797,0.0016686031594872475,0.16686031222343445,-1.5116336345672607
288,2,Drums,34.93475341796875,-34.93492889404297,0.0071075609885156155,0.007107560522854328,0.0057426742278039455,99.28924560546875,99.28924560546875,99.42573547363281,0.00032092983019538224,0.03209298476576805,36.12253952026367,-36.12235641479492,0.008238584734499454,0.008238410577178001,0.009370453655719757,99.17613983154297,99.17615509033203,99.06295776367188,0.0002441573014948517,0.02441572956740856,1.4177647829055786
289,0,Vocal,23.9251708984375,-23.925167083740234,0.011621038429439068,0.011621038429439068,0.0,98.837890625,98.837890625,100.0,0.004033937584608793,0.4033937454223633,23.978195190429688,-23.97821617126465,0.007078726310282946,0.007078688591718674,0.0,99.29212951660156,99.29212951660156,100.0,0.003985154442489147,0.3985154330730438,0.1281518191099167
289,1,Bass,32.477577209472656,-32.477725982666016,0.0075364140793681145,0.007536404766142368,0.021970095112919807,99.2463607788086,99.2463607788086,97.80299377441406,0.0005649005179293454,0.05649005249142647,32.12629699707031,-32.12640380859375,0.009822456166148186,0.009820680133998394,0.018499521538615227,99.01775360107422,99.01792907714844,98.1500473022461,0.000612487958278507,0.061248794198036194,-0.11596155166625977
289,2,Drums,29.521617889404297,-29.521480560302734,0.0007552634924650192,0.0007552634924650192,0.0,99.92447662353516,99.92447662353516,100.0,0.0011152010411024094,0.11152010411024094,37.03888702392578,-37.038963317871094,0.0021115706767886877,0.0021115285344421864,0.002069570356979966,99.7888412475586,99.7888412475586,99.79303741455078,0.00019770476501435041,0.01977047696709633,7.9061408042907715
290,0,Vocal,21.444711685180664,-21.444717407226562,0.006894657388329506,0.006894655991345644,0.006485839374363422,99.31053161621094,99.31053161621094,99.3514175415039,0.007119099609553814,0.7119099497795105,28.448848724365234,-28.448814392089844,0.002542384434491396,0.0025423772167414427,0.002691808622330427,99.74576568603516,99.74576568603516,99.73081970214844,0.0014272440457716584,0.14272440969944,7.103786468505859
290,1,Bass,16.48542022705078,-16.485414505004883,0.045716580003499985,0.045716412365436554,0.05613427609205246,95.4283447265625,95.42835998535156,94.3865737915039,0.021969009190797806,2.1969008445739746,7.651622772216797,-7.651622295379639,0.8207666873931885,0.8105942010879517,0.7964769601821899,17.92333221435547,18.940580368041992,20.352304458618164,0.14655862748622894,14.655862808227539,46.291072845458984
290,2,Drums,23.05866050720215,-23.058635711669922,2.1766372810816392e-05,2.1766198187833652e-05,0.00012875846005044878,99.9978256225586,99.9978256225586,99.98712158203125,0.00492035923525691,0.4920359253883362,26.42339515686035,-26.423370361328125,0.0030191007535904646,0.0030190888792276382,0.004311805125325918,99.69808959960938,99.69808959960938,99.56881713867188,0.0022733944933861494,0.22733944654464722,3.647886037826538
291,0,Vocal,25.656536102294922,-25.656526565551758,0.007716229651123285,0.007716228254139423,0.008539981208741665,99.22837829589844,99.22837829589844,99.14600372314453,0.0027112397365272045,0.2711239755153656,30.697439193725586,-30.697433471679688,0.0042564948089420795,0.004256493877619505,0.01411897037178278,99.57434844970703,99.57434844970703,98.58810424804688,0.0008509088074788451,0.08509088307619095,5.2798237800598145
291,1,Bass,24.784622192382812,-24.784637451171875,0.02405821718275547,0.02405809983611107,0.047993019223213196,97.59417724609375,97.59419250488281,95.20069885253906,0.0033120561856776476,0.3312056064605713,4.047232151031494,-4.047232151031494,0.778205931186676,0.7626898884773254,0.6542077660560608,22.179407119750977,23.73101043701172,34.5792236328125,0.28253746032714844,28.253746032714844,32.523773193359375
291,2,Drums,26.393030166625977,-26.39299201965332,0.00398577656596899,0.003985776100307703,0.0033703939989209175,99.60142517089844,99.60142517089844,99.66295623779297,0.0022893103305250406,0.22893103957176208,37.327178955078125,-37.326942443847656,0.0031533970031887293,0.0031533362343907356,0.002630244242027402,99.68466186523438,99.6846694946289,99.73697662353516,0.00018503602768760175,0.018503602594137192,11.176119804382324
292,0,Vocal,17.270334243774414,-17.27033805847168,0.01227800827473402,0.01227798406034708,0.014070631936192513,98.77220153808594,98.77220153808594,98.59293365478516,0.018403438851237297,1.8403438329696655,0.1892593652009964,-0.18925926089286804,0.9328910708427429,0.9319841861724854,0.9279913902282715,6.710892677307129,6.801581382751465,7.200860977172852,0.48910707235336304,48.91070556640625,41.549564361572266
292,1,Bass,25.344642639160156,-25.344680786132812,0.04020366445183754,0.04020366445183754,0.03232787176966667,95.97962951660156,95.97962951660156,96.7672119140625,0.002912517637014389,0.2912517786026001,-2.827742338180542,2.827742576599121,0.5631388425827026,0.5630121827125549,0.5041153430938721,43.68611526489258,43.69878005981445,49.58846664428711,0.6572609543800354,65.7260971069336,10.443330764770508
292,2,Drums,20.36746597290039,-20.367446899414062,0.0012976301368325949,0.0012976299040019512,0.0007119383662939072,99.87023162841797,99.87023162841797,99.9288101196289,0.009105042554438114,0.9105042815208435,29.960613250732422,-29.96061134338379,0.0021859800908714533,0.0021859421394765377,0.0008399633225053549,99.78140258789062,99.78140258789062,99.91600799560547,0.00100813340395689,0.10081334412097931,9.721406936645508
293,0,Vocal,19.350696563720703,-19.35070037841797,0.008501403033733368,0.008501401171088219,0.01136829610913992,99.14985656738281,99.14985656738281,98.86317443847656,0.011479348875582218,1.147934913635254,19.11566925048828,-19.115657806396484,0.008430122397840023,0.008430112153291702,0.011764026246964931,99.15699005126953,99.15699005126953,98.82359313964844,0.01210994552820921,1.2109946012496948,-0.1975589096546173
293,1,Bass,29.057626724243164,-29.057722091674805,0.024225646629929543,0.024225575849413872,0.009298382326960564,97.57743835449219,97.57743835449219,99.07015991210938,0.0012408015318214893,0.12408015131950378,29.85974884033203,-29.859683990478516,0.021402886137366295,0.02140215039253235,0.004720568656921387,97.85971069335938,97.85978698730469,99.52794647216797,0.0010317860869690776,0.10317860543727875,0.9323835372924805
293,2,Drums,23.239343643188477,-23.239322662353516,0.003397054271772504,0.0033970437943935394,0.0005318511975929141,99.66029357910156,99.66029357910156,99.94681549072266,0.00472080335021019,0.4720803499221802,38.85013198852539,-38.850181579589844,0.002684427425265312,0.0026843936648219824,0.0026980391703546047,99.73155975341797,99.73155975341797,99.73019409179688,0.00013027650129515678,0.01302765030413866,15.803845405578613
294,0,Vocal,15.30909538269043,-15.30909538269043,0.014351899735629559,0.014351898804306984,0.0,98.56481170654297,98.56481170654297,100.0,0.02860790491104126,2.860790491104126,15.300542831420898,-15.300541877746582,0.007707812823355198,0.007707812357693911,0.0,99.22921752929688,99.22921752929688,100.0,0.02866264246404171,2.8662643432617188,0.06029650196433067
294,1,Bass,22.768535614013672,-22.76862144470215,0.01101547759026289,0.01101547759026289,0.0,98.89845275878906,98.89845275878906,100.0,0.005258380901068449,0.5258380770683289,22.517757415771484,-22.517709732055664,0.00990538951009512,0.009905009530484676,0.0,99.00946044921875,99.0094985961914,100.0,0.00556931272149086,0.5569312572479248,-0.14912062883377075
294,2,Drums,24.75259017944336,-24.752588272094727,0.0006647288100793958,0.0006647258996963501,0.0,99.93353271484375,99.93353271484375,100.0,0.0033365089911967516,0.3336508870124817,28.260801315307617,-28.260684967041016,0.0029225139878690243,0.002922334708273411,0.0,99.70774841308594,99.707763671875,100.0,0.0014903043629601598,0.1490304321050644,3.820552110671997
295,0,Vocal,21.116134643554688,-21.116140365600586,0.014569000340998173,0.014568997547030449,0.028720518574118614,98.54309844970703,98.54309844970703,97.1279525756836,0.007674310356378555,0.7674310207366943,21.29936408996582,-21.299320220947266,0.013591459020972252,0.013591447845101357,0.026217272505164146,98.64085388183594,98.64085388183594,97.3782730102539,0.007359652779996395,0.7359652519226074,0.2661500573158264
295,1,Bass,25.219863891601562,-25.219877243041992,0.0087041724473238,0.008704165928065777,0.01813480257987976,99.12957763671875,99.12957763671875,98.18651580810547,0.0029971806798130274,0.29971808195114136,22.828777313232422,-22.8287410736084,0.016864104196429253,0.01686369627714157,0.05898614600300789,98.31359100341797,98.31362915039062,94.10138702392578,0.0051863775588572025,0.5186377763748169,-1.2314873933792114
295,2,Drums,28.009681701660156,-28.009693145751953,0.0004430859407875687,0.00044308562064543366,0.0,99.9556884765625,99.9556884765625,100.0,0.0015788397286087275,0.15788397192955017,28.21133041381836,-28.21126937866211,0.002513973508030176,0.00251387944445014,0.0008126499014906585,99.74860382080078,99.74861145019531,99.91873168945312,0.0015073332469910383,0.1507333219051361,0.44146496057510376
296,0,Vocal,6.122769832611084,-6.122768402099609,0.1771286129951477,0.17712759971618652,0.17908258736133575,82.28713989257812,82.28723907470703,82.09174346923828,0.19626249372959137,19.626249313354492,8.479854583740234,-8.47985553741455,0.07799698412418365,0.07799498736858368,0.09116791933774948,92.20030212402344,92.20050048828125,90.88320922851562,0.12427457422018051,12.427457809448242,2.5517919063568115
296,1,Bass,26.621612548828125,-26.621572494506836,0.03361119329929352,0.03361118584871292,0.046791110187768936,96.63888549804688,96.63888549804688,95.32088470458984,0.0021721620578318834,0.21721620857715607,27.212772369384766,-27.212648391723633,0.023431727662682533,0.023431647568941116,0.03972712531685829,97.65682983398438,97.6568374633789,96.02728271484375,0.001896294066682458,0.18962940573692322,0.6782863140106201
296,2,Drums,43.32048797607422,-43.320980072021484,0.0028521702624857426,0.0028520701453089714,0.003124103182926774,99.71478271484375,99.71479034423828,99.68759155273438,4.653586802305654e-05,0.004653587006032467,40.323909759521484,-40.32317352294922,0.0037863634061068296,0.0037862202152609825,0.006644941866397858,99.6213607788086,99.62137603759766,99.33550262451172,9.285782289225608e-05,0.00928578246384859,-2.795806646347046
297,0,Vocal,13.59033203125,-13.590324401855469,0.31738871335983276,0.31738871335983276,0.3169623613357544,68.2611312866211,68.2611312866211,68.30376434326172,0.041915163397789,4.191516399383545,39.00382995605469,-39.00453186035156,0.0039018832612782717,0.0039018807001411915,0.005253799259662628,99.60980987548828,99.60980987548828,99.47462463378906,0.0001257793337572366,0.012577933259308338,25.52486801147461
297,1,Bass,30.570812225341797,-30.57027816772461,0.029712041839957237,0.029711998999118805,0.03302672877907753,97.02880096435547,97.02880096435547,96.69732666015625,0.00087611103663221,0.08761110156774521,30.984699249267578,-30.984291076660156,0.02320375293493271,0.02320348098874092,0.02681582048535347,97.67962646484375,97.67964935302734,97.31842041015625,0.0007965074037201703,0.07965073734521866,0.41568002104759216
297,2,Drums,12.47305965423584,-12.473058700561523,0.002926507033407688,0.0029264898039400578,0.009968075901269913,99.70734405517578,99.70735168457031,99.00318908691406,0.05355381220579147,5.355381011962891,12.492255210876465,-12.492252349853516,0.012266184203326702,0.012265985831618309,0.01868622377514839,98.77338409423828,98.77339935302734,98.13137817382812,0.053330197930336,5.333019733428955,0.7800343632698059
298,0,Vocal,5.345597267150879,-5.345596790313721,0.02641713246703148,0.026417121291160583,0.025846710428595543,97.35828399658203,97.35828399658203,97.41532897949219,0.22602936625480652,22.602935791015625,18.946096420288086,-18.946067810058594,0.17245101928710938,0.17245100438594818,0.19443383812904358,82.75489807128906,82.75489807128906,80.5566177368164,0.012586073018610477,1.258607268333435,18.211597442626953
298,1,Bass,31.876895904541016,-31.876689910888672,0.032098591327667236,0.03209858760237694,0.034766603261232376,96.7901382446289,96.7901382446289,96.5233383178711,0.0006487194332294166,0.06487194448709488,33.08210372924805,-33.081825256347656,0.029106374830007553,0.029105985537171364,0.03165491297841072,97.08936309814453,97.08940124511719,96.83451080322266,0.0004915756289847195,0.04915756359696388,1.2038445472717285
298,2,Drums,12.855522155761719,-12.855518341064453,0.0030252556316554546,0.0030252505093812943,0.004671252332627773,99.69747924804688,99.69747924804688,99.53287506103516,0.04926164820790291,4.926164627075195,12.649147033691406,-12.64914608001709,0.005038500763475895,0.005038481205701828,0.006437398958951235,99.49614715576172,99.49614715576172,99.35625457763672,0.051535479724407196,5.153547763824463,0.13488267362117767
299,0,Vocal,5.292815685272217,-5.292815208435059,0.02902963198721409,0.02902960777282715,0.02935703471302986,97.09703826904297,97.09703826904297,97.06430053710938,0.22816255688667297,22.816255569458008,38.916202545166016,-38.915870666503906,0.003150535747408867,0.0031505313236266375,0.004358460195362568,99.68494415283203,99.68494415283203,99.56415557861328,0.00012838176917284727,0.012838177382946014,33.71271896362305
299,1,Bass,26.50320816040039,-26.503211975097656,0.036440491676330566,0.03644048795104027,0.04127399995923042,96.35594940185547,96.35594940185547,95.87259674072266,0.00223210989497602,0.22321099042892456,28.513256072998047,-28.513212203979492,0.016590002924203873,0.01658991165459156,0.02203788049519062,98.34100341796875,98.34100341796875,97.79621124267578,0.0014062358532100916,0.14062358438968658,2.0242369174957275
299,2,Drums,13.326330184936523,-13.326324462890625,0.002649742178618908,0.0026497412472963333,0.005998147185891867,99.73503112792969,99.73503112792969,99.40018463134766,0.04442545026540756,4.442544937133789,12.628890037536621,-12.628890037536621,0.01034569926559925,0.010345698334276676,0.016881566494703293,98.9654312133789,98.9654312133789,98.31184387207031,0.05176400765776634,5.176400661468506,-0.07138735055923462
300,0,Vocal,15.256009101867676,-15.256010055541992,0.0115771209821105,0.011577032506465912,0.01115676574409008,98.84228515625,98.84230041503906,98.88432312011719,0.028949521481990814,2.8949520587921143,6.3192853927612305,-6.319284915924072,0.6762612462043762,0.676245391368866,0.6898326873779297,32.37387466430664,32.37546157836914,31.01673126220703,0.18922264873981476,18.922264099121094,40.61827087402344
300,1,Bass,25.91678810119629,-25.916807174682617,0.041777435690164566,0.04177625849843025,0.041884370148181915,95.82225799560547,95.82237243652344,95.81156158447266,0.002553915372118354,0.25539153814315796,29.31490707397461,-29.314834594726562,0.030682042241096497,0.03067866526544094,0.030966542661190033,96.93180084228516,96.93212890625,96.90335083007812,0.0011694978456944227,0.11694978177547455,3.4995594024658203
300,2,Drums,16.402132034301758,-16.402132034301758,0.001839101198129356,0.0018391003832221031,0.0022887650411576033,99.81609344482422,99.81609344482422,99.77112579345703,0.022384919226169586,2.238492012023926,18.497732162475586,-18.49773597717285,0.004743427969515324,0.004743408877402544,0.004472122993320227,99.5256576538086,99.5256576538086,99.55278778076172,0.013935783877968788,1.3935784101486206,2.34255313873291
301,0,Vocal,18.669084548950195,-18.6690731048584,0.012251042760908604,0.012251039035618305,0.011794972233474255,98.77489471435547,98.77489471435547,98.82050323486328,0.013403929769992828,1.3403929471969604,12.362808227539062,-12.36280632019043,0.8239036202430725,0.8238424062728882,0.8185626268386841,17.609638214111328,17.615758895874023,18.14373779296875,0.054855164140462875,5.485516548156738,46.87501525878906
301,1,Bass,22.29045867919922,-22.29041290283203,0.09947837889194489,0.09947305172681808,0.09220049530267715,90.05216217041016,90.05269622802734,90.77994537353516,0.005866745952516794,0.5866745710372925,13.013533592224121,-13.013545036315918,0.561575710773468,0.5483748316764832,0.5499560236930847,43.842430114746094,45.16251754760742,45.004398345947266,0.04758523777127266,4.758523941040039,29.50092887878418
301,2,Drums,28.05607032775879,-28.05610466003418,0.008103927597403526,0.008103925734758377,0.010512628592550755,99.18960571289062,99.18960571289062,98.94873809814453,0.0015621494967490435,0.15621495246887207,31.006547927856445,-31.00639533996582,0.0051552667282521725,0.005155266262590885,0.0044163865968585014,99.4844741821289,99.4844741821289,99.55835723876953,0.0007925567333586514,0.07925567030906677,3.1658382415771484
302,0,Vocal,4.954597473144531,-4.954596996307373,0.03040495701134205,0.030404822900891304,0.029009494930505753,96.95950317382812,96.95951843261719,97.09904479980469,0.24216653406620026,24.21665382385254,5.61959981918335,-5.61959981918335,0.51485675573349,0.5148559212684631,0.5678610801696777,48.51432418823242,48.514408111572266,43.213890075683594,0.21518316864967346,21.5183162689209,17.729795455932617
302,1,Bass,22.169206619262695,-22.16922378540039,0.03847568854689598,0.03847566619515419,0.025185246020555496,96.15242767333984,96.15242767333984,97.48147583007812,0.006031840108335018,0.6031839847564697,23.520267486572266,-23.520248413085938,0.02935621328651905,0.029355183243751526,0.01922924816608429,97.06437683105469,97.06448364257812,98.07707977294922,0.004426371771842241,0.442637175321579,1.4546598196029663
302,2,Drums,22.7358455657959,-22.735843658447266,0.033757295459508896,0.033757176250219345,0.0346793457865715,96.62427520751953,96.62428283691406,96.53206634521484,0.005297977011650801,0.5297976732254028,13.789386749267578,-13.789386749267578,0.006798856426030397,0.006798813119530678,0.0038852363359183073,99.32011413574219,99.32012176513672,99.61148071289062,0.04011272266507149,4.011272430419922,-8.408429145812988
303,0,Vocal,34.036251068115234,-34.03633117675781,0.14579005539417267,0.1457897573709488,0.14724963903427124,85.4209976196289,85.42102813720703,85.27503967285156,0.00039461173582822084,0.0394611731171608,34.569671630859375,-34.56962203979492,0.0039313239976763725,0.003931323066353798,0.005949683021754026,99.60686492919922,99.60686492919922,99.405029296875,0.00034904383937828243,0.03490438312292099,0.6585234999656677
303,1,Bass,30.24033546447754,-30.240238189697266,0.03166597709059715,0.03166596218943596,0.03473242372274399,96.83340454101562,96.83340454101562,96.5267562866211,0.0009452878148294985,0.09452877938747406,5.755037307739258,-5.755037307739258,0.3007670044898987,0.29995572566986084,0.33092159032821655,69.92330169677734,70.00442504882812,66.90784454345703,0.20996341109275818,20.996341705322266,-6.694003105163574
303,2,Drums,24.164306640625,-24.164236068725586,0.00029542556148953736,0.0002954255323857069,0.0,99.970458984375,99.970458984375,100.0,0.0038186609745025635,0.38186609745025635,10.357534408569336,-10.357536315917969,0.08128779381513596,0.08128692209720612,0.0,91.87122344970703,91.87130737304688,100.0,0.08433061093091965,8.433060646057129,-11.462656021118164
304,0,Vocal,36.135284423828125,-36.13547897338867,0.008453653194010258,0.008453651331365108,0.008709554560482502,99.15463256835938,99.15463256835938,99.12904357910156,0.00024340367235708982,0.024340366944670677,37.30763244628906,-37.30596923828125,0.0026015336625277996,0.002601518062874675,0.0024876524694263935,99.73985290527344,99.73985290527344,99.75123596191406,0.0001858655596151948,0.018586555495858192,1.2460254430770874
304,1,Bass,24.467815399169922,-24.467941284179688,0.048048537224531174,0.04804380610585213,0.04978654161095619,95.19514465332031,95.19561767578125,95.02134704589844,0.0035617549438029528,0.3561754822731018,0.5734627842903137,-0.5734624862670898,0.7766363024711609,0.7752446532249451,0.7975029945373535,22.33637046813965,22.475534439086914,20.24970054626465,0.46703672409057617,46.70367431640625,20.18113899230957
304,2,Drums,28.24604034423828,-28.246078491210938,0.007527817972004414,0.007527812384068966,0.0075975386425852776,99.2472152709961,99.2472152709961,99.24024200439453,0.0014953736681491137,0.1495373696088791,24.200180053710938,-24.200138092041016,0.0515575036406517,0.05155748128890991,0.0585252046585083,94.84425354003906,94.84425354003906,94.14747619628906,0.003787352703511715,0.3787352740764618,-2.5329904556274414
305,0,Vocal,27.85831069946289,-27.858335494995117,0.0011020231759175658,0.001102022361010313,0.0010928118135780096,99.8897933959961,99.8897933959961,99.8907241821289,0.0016347852069884539,0.1634785234928131,28.752723693847656,-28.752546310424805,0.0016736275283619761,0.0016735774697735906,0.0029028586577624083,99.83263397216797,99.8326416015625,99.709716796875,0.0013309149071574211,0.1330914944410324,1.0818758010864258
305,1,Bass,16.27832794189453,-16.278329849243164,0.03410682827234268,0.0341067835688591,0.03349936753511429,96.58931732177734,96.58931732177734,96.65006256103516,0.023017264902591705,2.3017265796661377,22.322084426879883,-22.32208251953125,0.05173172801733017,0.05172991380095482,0.04606328904628754,94.82682800292969,94.82701110839844,95.39366912841797,0.005824475549161434,0.5824475288391113,13.654919624328613
305,2,Drums,35.70812225341797,-35.708160400390625,0.006564261857420206,0.006564260460436344,0.006406966596841812,99.34357452392578,99.34357452392578,99.35930633544922,0.000268617324763909,0.026861732825636864,33.76286697387695,-33.7628173828125,0.011977179907262325,0.011977175250649452,0.014086727052927017,98.80227661132812,98.80227661132812,98.59132385253906,0.00042028212919831276,0.04202821105718613,-1.5857137441635132
306,0,Vocal,18.024938583374023,-18.024946212768555,0.07653118669986725,0.07653113454580307,0.07684239745140076,92.34688568115234,92.34688568115234,92.31575775146484,0.015513676218688488,1.5513676404953003,13.33988094329834,-13.339879989624023,0.9044620394706726,0.9042618870735168,0.910527229309082,9.55379581451416,9.573811531066895,8.947277069091797,0.044293176382780075,4.429317474365234,47.25825119018555
306,1,Bass,37.193511962890625,-37.19256591796875,0.006973398849368095,0.0069732447154819965,0.006664445158094168,99.30265808105469,99.30267333984375,99.33355712890625,0.00019079275080002844,0.01907927542924881,38.42820739746094,-38.42871856689453,0.005230879411101341,0.005230859853327274,0.005169660318642855,99.47691345214844,99.47691345214844,99.4830322265625,0.0001435954327462241,0.014359543099999428,1.2208038568496704
306,2,Drums,24.025468826293945,-24.025442123413086,0.05274807661771774,0.05274806171655655,0.053030937910079956,94.72518920898438,94.72518920898438,94.6968994140625,0.003942248877137899,0.3942248821258545,31.799718856811523,-31.799707412719727,0.010435131378471851,0.010435129515826702,0.009422688744962215,98.95648956298828,98.95648956298828,99.05773162841797,0.0006602705107070506,0.06602705270051956,8.003645896911621
307,0,Vocal,9.97307300567627,-9.973073959350586,0.0038937730714678764,0.0038937681820243597,0.004968167282640934,99.6106185913086,99.6106185913086,99.50318145751953,0.09142281860113144,9.142281532287598,12.9698486328125,-12.969847679138184,0.664056658744812,0.6638884544372559,0.6618940830230713,33.59433364868164,33.61115264892578,33.81059265136719,0.04804330691695213,4.804330825805664,49.69207763671875
307,1,Bass,28.71819305419922,-28.717937469482422,0.0011790001299232244,0.0011789790587499738,0.0028629612643271685,99.8821029663086,99.8821029663086,99.71369934082031,0.001341550494544208,0.1341550499200821,29.447425842285156,-29.447317123413086,0.0014885092386975884,0.0014885059790685773,0.0033634190913289785,99.85115051269531,99.85115051269531,99.66365814208984,0.0011344137601554394,0.11344137787818909,0.7800202369689941
307,2,Drums,10.478338241577148,-10.478338241577148,0.015436604619026184,0.015436568297445774,0.02514452487230301,98.45634460449219,98.45634460449219,97.48554992675781,0.08220737427473068,8.22073745727539,13.245438575744629,-13.245434761047363,0.5819643139839172,0.5818359851837158,0.585446834564209,41.80356979370117,41.816402435302734,41.45531463623047,0.04522290453314781,4.522290229797363,34.1917610168457
308,0,Vocal,17.619400024414062,-17.619396209716797,0.016969047486782074,0.01696903631091118,0.017191261053085327,98.3031005859375,98.3031005859375,98.28086853027344,0.017006324604153633,1.7006324529647827,17.54631996154785,-17.546314239501953,0.23195023834705353,0.23194649815559387,0.2573597729206085,76.80497741699219,76.80535125732422,74.26402282714844,0.01728992350399494,1.7289923429489136,10.600841522216797
308,1,Bass,28.61527442932129,-28.615312576293945,0.014812934212386608,0.014812694862484932,0.013777886517345905,98.51870727539062,98.51873016357422,98.62220764160156,0.0013736400287598372,0.137364000082016,26.544078826904297,-26.54403305053711,0.007067450322210789,0.007067444268614054,0.007291317451745272,99.29325866699219,99.29325866699219,99.27086639404297,0.0022111914586275816,0.22111915051937103,-2.16780686378479
308,2,Drums,28.774982452392578,-28.775020599365234,0.03221455216407776,0.03221454471349716,0.026675477623939514,96.77854919433594,96.77854919433594,97.33245086669922,0.0013241209089756012,0.13241209089756012,30.699569702148438,-30.69952392578125,0.014378407038748264,0.014378383755683899,0.00989101454615593,98.5621566772461,98.56216430664062,99.01089477539062,0.0008505157311446965,0.08505157381296158,2.333489418029785
309,0,Vocal,34.84056854248047,-34.84072494506836,0.02945881150662899,0.029458779841661453,0.029702769592404366,97.05411529541016,97.05412292480469,97.02972412109375,0.00032793378341011703,0.032793376594781876,6.5585527420043945,-6.558552265167236,0.6163830757141113,0.6143395900726318,0.6480797529220581,38.3616943359375,38.5660400390625,35.19202423095703,0.18091470003128052,18.09147071838379,19.928564071655273
309,1,Bass,27.614057540893555,-27.614049911499023,0.016933195292949677,0.016933102160692215,0.020114082843065262,98.30667877197266,98.30669403076172,97.98859405517578,0.0017292191041633487,0.17292191088199615,28.45757484436035,-28.457565307617188,0.01372547447681427,0.01372481882572174,0.017420407384634018,98.62745666503906,98.62751770019531,98.2579574584961,0.001424354501068592,0.1424354463815689,0.7262069582939148
309,2,Drums,29.42009925842285,-29.42007827758789,0.03339318186044693,0.03339311480522156,0.033915258944034576,96.66068267822266,96.66068267822266,96.60847473144531,0.0011415857588872313,0.11415857821702957,29.346935272216797,-29.34688377380371,0.02528512291610241,0.02528512291610241,0.025679104030132294,97.47148895263672,97.47148895263672,97.43209075927734,0.0011609210632741451,0.11609210819005966,0.21703839302062988
310,0,Vocal,25.006181716918945,-25.006160736083984,0.002110917354002595,0.0021109171211719513,0.0024516484700143337,99.78890991210938,99.78890991210938,99.75483703613281,0.003147844225168228,0.3147844076156616,4.626636981964111,-4.626636505126953,0.9527779817581177,0.9527665376663208,0.9553228616714478,4.722201824188232,4.72334623336792,4.467713832855225,0.2562936842441559,25.62936782836914,12.733020782470703
310,1,Bass,19.721132278442383,-19.721174240112305,0.026231028139591217,0.02623084932565689,0.02427827939391136,97.37689208984375,97.37691497802734,97.57217407226562,0.010550638660788536,1.0550638437271118,28.753501892089844,-28.75330924987793,0.02152346819639206,0.02152329497039318,0.022354217246174812,97.84765625,97.84767150878906,97.76457214355469,0.0013306981418281794,0.13306981325149536,8.702106475830078
310,2,Drums,34.67707824707031,-34.6764030456543,0.008322197943925858,0.008322197012603283,0.009567762725055218,99.16778564453125,99.16778564453125,99.04322814941406,0.0003405403986107558,0.03405404090881348,32.938560485839844,-32.93819046020508,0.012647922150790691,0.012647917494177818,0.01411017682403326,98.7352066040039,98.7352066040039,98.58898162841797,0.0005080957198515534,0.050809573382139206,-1.433780550956726
311,0,Vocal,22.97544288635254,-22.9754638671875,0.018566228449344635,0.018566220998764038,0.018032042309641838,98.14337158203125,98.14337158203125,98.1968002319336,0.005015057511627674,0.5015057325363159,10.340422630310059,-10.340422630310059,0.7677621245384216,0.7613966464996338,0.7479217648506165,23.223787307739258,23.860336303710938,25.207822799682617,0.08463536202907562,8.463536262512207,36.003501892089844
311,1,Bass,30.31024169921875,-30.310190200805664,0.018637526780366898,0.01863749884068966,0.021028002724051476,98.13624572753906,98.1362533569336,97.89720153808594,0.0009301825775764883,0.09301825612783432,31.376171112060547,-31.375741958618164,0.015051607973873615,0.015050468035042286,0.017500264570116997,98.49484252929688,98.49494934082031,98.24996948242188,0.0007279236451722682,0.07279236614704132,0.9824925661087036
311,2,Drums,20.122028350830078,-20.121997833251953,0.03593366593122482,0.03593366593122482,0.03758779540657997,96.40663146972656,96.40663146972656,96.24121856689453,0.009629335254430771,0.9629335403442383,27.444494247436523,-27.444448471069336,0.014353031292557716,0.014353001490235329,0.017427552491426468,98.564697265625,98.56470489501953,98.25724029541016,0.0017979509430006146,0.17979510128498077,7.804150581359863
312,0,Vocal,27.959394454956055,-27.959383010864258,0.008989660069346428,0.008989659138023853,0.00909219216555357,99.10103607177734,99.10103607177734,99.09078216552734,0.0015972851542755961,0.1597285121679306,1.8909000158309937,-1.8909000158309937,0.8467941284179688,0.8453230261802673,0.8498388528823853,15.320587158203125,15.467697143554688,15.016115188598633,0.39283862709999084,39.28386306762695,20.43243408203125
312,1,Bass,13.060880661010742,-13.060879707336426,0.11477836221456528,0.11477815359830856,0.1147962287068367,88.52216339111328,88.52218627929688,88.52037811279297,0.04709367826581001,4.709367752075195,18.86817169189453,-18.86815071105957,0.16253747045993805,0.16249774396419525,0.16277387738227844,83.74625396728516,83.7502212524414,83.72261810302734,0.01281100232154131,1.2811002731323242,13.02478313446045
312,2,Drums,23.063369750976562,-23.063364028930664,3.91752109862864e-05,3.917516369256191e-05,0.0,99.99608612060547,99.99608612060547,100.0,0.004915040452033281,0.491504043340683,11.851511001586914,-11.851510047912598,0.776095986366272,0.7661391496658325,0.7573872804641724,22.39040184020996,23.386085510253906,24.261272430419922,0.06128883361816406,6.128883361816406,30.722606658935547
313,0,Vocal,-13.880385398864746,13.880385398864746,0.6242193579673767,0.6242178082466125,0.6364296674728394,37.57806396484375,37.57822036743164,36.357032775878906,0.9606863856315613,96.06864166259766,14.870967864990234,-14.870986938476562,0.16557450592517853,0.16556888818740845,0.30999091267585754,83.44255065917969,83.44310760498047,69.00091552734375,0.03154860809445381,3.154860734939575,32.81731033325195
313,1,Bass,23.627779006958008,-23.627775192260742,0.21799342334270477,0.21799340844154358,0.22315764427185059,78.20065307617188,78.2006607055664,77.68423461914062,0.004318602848798037,0.4318602979183197,16.91336441040039,-16.913362503051758,0.11996164917945862,0.1199490875005722,0.11971350759267807,88.00383758544922,88.00508880615234,88.02864837646484,0.01994863897562027,1.9948638677597046,-3.9528331756591797
313,2,Drums,54.05174255371094,-54.038482666015625,7.594355702167377e-05,7.594355702167377e-05,0.0,99.9924087524414,99.9924087524414,100.0,3.955717147618998e-06,0.0003955717256758362,6.915358543395996,-6.915358543395996,0.6147653460502625,0.6139577627182007,0.651749312877655,38.52346420288086,38.604225158691406,34.825069427490234,0.16905775666236877,16.90577507019043,-19.080398559570312
314,0,Vocal,21.516559600830078,-21.51663589477539,0.03452160209417343,0.03452159836888313,0.034382905811071396,96.54784393310547,96.54784393310547,96.56171417236328,0.0070030963979661465,0.7003096342086792,24.67780113220215,-24.677810668945312,0.01210728194564581,0.012107274495065212,0.011909186840057373,98.78927612304688,98.78927612304688,98.80908203125,0.0033942642621695995,0.3394264280796051,3.244739055633545
314,1,Bass,13.766925811767578,-13.766923904418945,0.14761558175086975,0.1476147323846817,0.14357507228851318,85.23844146728516,85.238525390625,85.64249420166016,0.04031233489513397,4.031233310699463,14.612446784973145,-14.612442016601562,0.14468003809452057,0.14467038214206696,0.14238612353801727,85.53199768066406,85.53296661376953,85.76138305664062,0.033419013023376465,3.3419013023376465,1.6778634786605835
314,2,Drums,39.413692474365234,-39.41460037231445,0.0008609650540165603,0.0008609627839177847,6.077111538616009e-05,99.91390228271484,99.91390228271484,99.9939193725586,0.000114429734821897,0.011442973278462887,37.39772033691406,-37.396949768066406,0.0031780849676579237,0.0031780824065208435,0.0034779382403939962,99.68219757080078,99.68219757080078,99.65220642089844,0.00018205867672804743,0.01820586808025837,-1.8046208620071411
315,0,Vocal,31.45264434814453,-31.45328712463379,0.006191598251461983,0.006191597785800695,0.005951399449259043,99.3808364868164,99.3808364868164,99.40486145019531,0.0007151675526984036,0.07151675224304199,41.469581604003906,-41.47735595703125,0.0005651063402183354,0.0005651063402183354,0.0005846394342370331,99.94348907470703,99.94348907470703,99.94153594970703,7.122667011572048e-05,0.0071226670406758785,10.09095573425293
315,1,Bass,24.127445220947266,-24.127437591552734,0.10368549823760986,0.10368407517671585,0.10709056258201599,89.6314468383789,89.631591796875,89.29093933105469,0.003851060988381505,0.38510608673095703,23.96101188659668,-23.96112060546875,0.1191113069653511,0.11911089718341827,0.12110943347215652,88.0888671875,88.08891296386719,87.8890609741211,0.004000850487500429,0.40008506178855896,0.9381774663925171
315,2,Drums,31.264097213745117,-31.26410675048828,0.005918323993682861,0.005918323528021574,0.007309818174690008,99.40816497802734,99.40816497802734,99.2690200805664,0.0007469378178939223,0.07469378411769867,28.886611938476562,-28.886608123779297,0.028215564787387848,0.02821524627506733,0.03372994065284729,97.1784439086914,97.17847442626953,96.62700653076172,0.0012905740877613425,0.1290574073791504,-0.3920639455318451
316,0,Vocal,15.718621253967285,-15.71864128112793,0.1062454953789711,0.1062454804778099,0.11251932382583618,89.37545013427734,89.37545776367188,88.7480697631836,0.026100628077983856,2.610062837600708,17.982227325439453,-17.982213973999023,0.12647084891796112,0.12646999955177307,0.12829028069972992,87.35291290283203,87.3530044555664,87.17096710205078,0.015664637088775635,1.5664637088775635,3.879728078842163
316,1,Bass,22.04717445373535,-22.047183990478516,0.1603046953678131,0.160301074385643,0.15973655879497528,83.96953582763672,83.96989440917969,84.0263442993164,0.006202719174325466,0.6202719211578369,16.455472946166992,-16.455469131469727,0.43631792068481445,0.4361659586429596,0.44427189230918884,56.36820983886719,56.38340759277344,55.57280731201172,0.022117681801319122,2.21176815032959,17.911907196044922
316,2,Drums,32.84326934814453,-32.84330749511719,0.0002066571469185874,0.00020665713236667216,0.0007509880815632641,99.97933197021484,99.97933197021484,99.9249038696289,0.0005193580291233957,0.05193580314517021,34.653568267822266,-34.653221130371094,0.003899608040228486,0.003899603383615613,0.00350378779694438,99.61003875732422,99.61004638671875,99.64962005615234,0.0003424251626711339,0.03424251452088356,2.071958303451538
317,0,Vocal,22.06442642211914,-22.06444549560547,0.05062711983919144,0.050626788288354874,0.050860803574323654,94.93728637695312,94.93731689453125,94.9139175415039,0.006178275682032108,0.6178275942802429,22.626455307006836,-22.62646484375,0.04637611657381058,0.04637598246335983,0.046876367181539536,95.36238861083984,95.3624038696289,95.31236267089844,0.0054323445074260235,0.5432344675064087,0.6850652098655701
317,1,Bass,19.079185485839844,-19.079177856445312,0.1684730499982834,0.16846153140068054,0.17145253717899323,83.15269470214844,83.15384674072266,82.85475158691406,0.0122108468785882,1.221084713935852,21.95298957824707,-21.95297622680664,0.06576573848724365,0.06575941294431686,0.06903406232595444,93.42342376708984,93.42405700683594,93.09659576416016,0.006337855011224747,0.6337854862213135,3.5080435276031494
317,2,Drums,41.969356536865234,-41.97084045410156,0.0016051405109465122,0.0016051403945311904,0.002083319239318371,99.83948516845703,99.83948516845703,99.79167175292969,6.351358024403453e-05,0.0063513582572340965,31.949779510498047,-31.949758529663086,0.016160331666469574,0.01616022177040577,0.02014223486185074,98.38397216796875,98.38397216796875,97.98577117919922,0.0006379144615493715,0.06379144638776779,-9.422758102416992
318,0,Vocal,21.489395141601562,-21.489355087280273,0.032846249639987946,0.03284624218940735,0.0320296473801136,96.71537017822266,96.71537780761719,96.79703521728516,0.007046785205602646,0.7046785354614258,38.50460433959961,-38.50465774536133,0.00046217511408030987,0.00046217296039685607,0.0011222900357097387,99.95378112792969,99.95378112792969,99.88777160644531,0.00014114206715021282,0.014114206656813622,17.13530158996582
318,1,Bass,9.447084426879883,-9.447084426879883,0.17417840659618378,0.1741780787706375,0.12772642076015472,82.58216094970703,82.58219146728516,87.22735595703125,0.10199326276779175,10.199326515197754,11.510900497436523,-11.510897636413574,0.3599664866924286,0.35995617508888245,0.37095439434051514,64.00334930419922,64.00438690185547,62.90456008911133,0.06595928966999054,6.595929145812988,14.3538236618042
318,2,Drums,29.96472930908203,-29.96443748474121,0.0002359659265493974,0.00023596591199748218,0.0,99.97640228271484,99.97640228271484,100.0,0.0010071650613099337,0.10071650892496109,33.27989959716797,-33.27959442138672,0.005622908007353544,0.0056227040477097034,0.008018840104341507,99.43770599365234,99.43772888183594,99.19811248779297,0.0004696809337474406,0.04696809500455856,3.712404251098633
319,0,Vocal,32.71501541137695,-32.71584701538086,0.011398440226912498,0.011398437432944775,0.010468650609254837,98.86015319824219,98.86015319824219,98.95313262939453,0.0005348489503376186,0.05348489433526993,30.447481155395508,-30.44725799560547,0.009219730272889137,0.009219730272889137,0.009071428328752518,99.0780258178711,99.0780258178711,99.09285736083984,0.000901270832400769,0.09012708067893982,-2.2105302810668945
319,1,Bass,17.29707908630371,-17.29706573486328,0.06251489371061325,0.06251481175422668,0.08026646077632904,93.7485122680664,93.74851989746094,91.97335052490234,0.018292583525180817,1.8292583227157593,16.709375381469727,-16.709379196166992,0.23335051536560059,0.23324410617351532,0.27189430594444275,76.66494750976562,76.67559051513672,72.8105697631836,0.020887944847345352,2.088794469833374,8.42789077758789
319,2,Drums,31.02850341796875,-31.028419494628906,0.0007149736047722399,0.000714973546564579,0.0,99.92850494384766,99.92850494384766,100.0,0.0007885469822213054,0.07885469496250153,13.78419303894043,-13.78419017791748,0.24391771852970123,0.24384069442749023,0.2487298846244812,75.60823059082031,75.61592864990234,75.12701416015625,0.04015874117612839,4.015873908996582,3.5957508087158203
320,0,Vocal,10.488283157348633,-10.488282203674316,0.021777622401714325,0.021777620539069176,0.02391582727432251,97.82223510742188,97.82223510742188,97.60841369628906,0.08203474432229996,8.203474044799805,11.513582229614258,-11.513590812683105,0.01980951987206936,0.019806556403636932,0.021776685491204262,98.01904296875,98.01934051513672,97.82233428955078,0.06592118740081787,6.592118740081787,1.1205668449401855
320,1,Bass,19.974647521972656,-19.974624633789062,0.33816438913345337,0.33816346526145935,0.33453258872032166,66.18356323242188,66.18364715576172,66.54673767089844,0.009958358481526375,0.9958358407020569,19.155508041381836,-19.15550994873047,0.2210892289876938,0.2210831642150879,0.24715878069400787,77.89107513427734,77.89168548583984,75.28412628173828,0.012000715360045433,1.2000715732574463,6.234729766845703
320,2,Drums,23.361013412475586,-23.360998153686523,0.0023408408742398024,0.0023408157285302877,0.0037111472338438034,99.76591491699219,99.76592254638672,99.6288833618164,0.004590913187712431,0.45909130573272705,23.629467010498047,-23.62944793701172,0.0019946603570133448,0.001994590973481536,0.002230841899290681,99.80052947998047,99.800537109375,99.77691650390625,0.004316942300647497,0.43169423937797546,0.3455495238304138
321,0,Vocal,8.904219627380371,-8.904219627380371,0.031982772052288055,0.03198276832699776,0.03428858146071434,96.80171966552734,96.80171966552734,96.5711441040039,0.11402486264705658,11.402485847473145,15.149717330932617,-15.149715423583984,0.02371821179986,0.023717820644378662,0.025932490825653076,97.628173828125,97.62821960449219,97.40675354003906,0.029645511880517006,2.9645512104034424,6.340999603271484
321,1,Bass,21.71116065979004,-21.711170196533203,0.4030071198940277,0.4030071198940277,0.4042946994304657,59.699283599853516,59.699283599853516,59.570526123046875,0.006698320619761944,0.6698320508003235,16.871295928955078,-16.871295928955078,0.17718219757080078,0.17716668546199799,0.17938551306724548,82.28178405761719,82.28333282470703,82.06144714355469,0.02013891376554966,2.0138914585113525,4.407948970794678
321,2,Drums,27.354700088500977,-27.354642868041992,0.0066345930099487305,0.006634592544287443,0.005768666509538889,99.33654022216797,99.33654022216797,99.42313385009766,0.0018354174681007862,0.18354174494743347,27.63329315185547,-27.633167266845703,0.0041695768013596535,0.004169552121311426,0.0033272982109338045,99.58303833007812,99.58304595947266,99.66726684570312,0.0017215869156643748,0.17215868830680847,0.3757781982421875
322,0,Vocal,21.99382972717285,-21.993896484375,0.1341276615858078,0.1341276317834854,0.1341145783662796,86.58723449707031,86.58723449707031,86.58854675292969,0.006278840824961662,0.6278840899467468,26.131837844848633,-26.131799697875977,0.0267484150826931,0.026747697964310646,0.027722980827093124,97.32515716552734,97.32522583007812,97.22770690917969,0.002430863678455353,0.24308636784553528,4.2274489402771
322,1,Bass,21.634754180908203,-21.63473892211914,0.3372112512588501,0.33721110224723816,0.33930352330207825,66.27887725830078,66.27888488769531,66.06964874267578,0.0068164183758199215,0.6816418170928955,2.5959441661834717,-2.5959439277648926,0.934873104095459,0.931955099105835,0.9267919063568115,6.512689590454102,6.804490089416504,7.320809364318848,0.354861319065094,35.48613357543945,37.470584869384766
322,2,Drums,31.97176170349121,-31.971643447875977,0.006802225485444069,0.006802225485444069,0.005712137091904879,99.31977844238281,99.31977844238281,99.42878723144531,0.0006346781156025827,0.06346780806779861,31.427722930908203,-31.427698135375977,0.010780077427625656,0.01078001782298088,0.009916255250573158,98.92198944091797,98.9219970703125,99.00837707519531,0.0007192890625447035,0.07192890346050262,-0.28541651368141174
323,0,Vocal,21.60670280456543,-21.606700897216797,0.09443387389183044,0.09443380683660507,0.09435050189495087,90.55661010742188,90.55662536621094,90.56494903564453,0.006860256195068359,0.6860256195068359,22.3209228515625,-22.320945739746094,0.01869220845401287,0.018691830337047577,0.019894655793905258,98.13078308105469,98.13081359863281,98.01053619384766,0.005825965199619532,0.5825965404510498,0.8198819756507874
323,1,Bass,17.16863250732422,-17.168624877929688,0.4661768972873688,0.4661767780780792,0.47638973593711853,53.3823127746582,53.38232421875,52.36102294921875,0.01883132942020893,1.8831329345703125,21.096837997436523,-21.096895217895508,0.11141729354858398,0.11141138523817062,0.11438807100057602,88.85826873779297,88.8588638305664,88.56119537353516,0.007708196993917227,0.7708197236061096,4.732748508453369
323,2,Drums,29.251331329345703,-29.251272201538086,0.009329129010438919,0.009329129010438919,0.007666291669011116,99.06708526611328,99.06708526611328,99.23336791992188,0.0011867571156471968,0.11867570877075195,28.584997177124023,-28.584959030151367,0.007136945612728596,0.007136843167245388,0.005860080476850271,99.28630828857422,99.28631591796875,99.41399383544922,0.001383266062475741,0.13832660019397736,-0.565702497959137
324,0,Vocal,8.963170051574707,-8.96316909790039,0.044214844703674316,0.04421484097838402,0.03750059753656387,95.5785140991211,95.5785140991211,96.24993896484375,0.11266075074672699,11.266075134277344,35.594886779785156,-35.59482192993164,0.04070980101823807,0.04070553183555603,0.0417620874941349,95.92902374267578,95.929443359375,95.82379150390625,0.0002756798639893532,0.027567986398935318,26.741975784301758
324,1,Bass,21.4495849609375,-21.449556350708008,0.2694430649280548,0.2694425880908966,0.26530712842941284,73.05569458007812,73.05574035644531,73.46928405761719,0.007111199200153351,0.7111198902130127,19.379074096679688,-19.379058837890625,0.27127039432525635,0.2712659537792206,0.269432008266449,72.87296295166016,72.87339782714844,73.05680084228516,0.01140541397035122,1.140541434288025,-1.8192918300628662
324,2,Drums,35.99916076660156,-35.998931884765625,0.009324248880147934,0.009324210695922375,0.009589568711817265,99.06757354736328,99.06758117675781,99.04104614257812,0.00025121186627075076,0.025121185928583145,35.35639953613281,-35.355751037597656,0.008242498151957989,0.008242309093475342,0.007990422658622265,99.17575073242188,99.17576599121094,99.20095825195312,0.0002912442432716489,0.0291244238615036,-0.5759369134902954
325,0,Vocal,11.670923233032227,-11.67092514038086,0.03891858458518982,0.038918569684028625,0.03237531706690788,96.10813903808594,96.10814666748047,96.76246643066406,0.06372518092393875,6.372518062591553,14.553805351257324,-14.553803443908691,0.02824426256120205,0.02824334241449833,0.024126477539539337,97.17557525634766,97.17566680908203,97.58735656738281,0.03385795280337334,3.3857953548431396,2.9683616161346436
325,1,Bass,20.847328186035156,-20.847322463989258,0.3160415589809418,0.31604111194610596,0.31710854172706604,68.39584350585938,68.39588928222656,68.28914642333984,0.008160369470715523,0.8160369396209717,21.01984214782715,-21.01983070373535,0.10273060202598572,0.10272631794214249,0.14313524961471558,89.72693634033203,89.72736358642578,85.68647766113281,0.007845054380595684,0.7845054268836975,6.794134616851807
325,2,Drums,33.20175552368164,-33.20170593261719,0.006173064932227135,0.006173053756356239,0.007488320581614971,99.3826904296875,99.3826904296875,99.25116729736328,0.0004782071046065539,0.04782070964574814,32.83728790283203,-32.837059020996094,0.006785773206502199,0.0067856390960514545,0.007995245978236198,99.32142639160156,99.3214340209961,99.20047760009766,0.0005200787563808262,0.052007876336574554,-0.2620813250541687
326,0,Vocal,17.796215057373047,-17.796207427978516,0.1019236296415329,0.1019236296415329,0.10131916403770447,89.80763244628906,89.80763244628906,89.86808013916016,0.016338974237442017,1.6338974237442017,19.574649810791016,-19.574697494506836,0.04700735956430435,0.047002363950014114,0.04634698107838631,95.29926300048828,95.29975891113281,95.36530303955078,0.010908594354987144,1.0908594131469727,1.8573789596557617
326,1,Bass,18.21096420288086,-18.21096420288086,0.4255625307559967,0.42556244134902954,0.4246777296066284,57.443748474121094,57.443756103515625,57.5322265625,0.014872915111482143,1.4872914552688599,17.079050064086914,-17.079050064086914,0.4366847276687622,0.4366336762905121,0.43501538038253784,56.33152770996094,56.33662796020508,56.49846267700195,0.019216256216168404,1.9216256141662598,-0.192046657204628
326,2,Drums,35.807586669921875,-35.8068962097168,0.008682824671268463,0.008682822808623314,0.009208086878061295,99.1317138671875,99.1317138671875,99.07919311523438,0.0002625144552439451,0.026251446455717087,36.09294509887695,-36.093292236328125,0.0060693067498505116,0.00606928113847971,0.006089179310947657,99.39306640625,99.39306640625,99.39108276367188,0.00024578231386840343,0.024578232318162918,0.3748214840888977
327,0,Vocal,17.222469329833984,-17.222455978393555,0.16359640657901764,0.16359639167785645,0.16296882927417755,83.6403579711914,83.6403579711914,83.70311737060547,0.018603628501296043,1.8603628873825073,27.22551155090332,-27.225542068481445,0.00594664178788662,0.005946580786257982,0.007122974842786789,99.40533447265625,99.40534210205078,99.28770446777344,0.00189075933303684,0.18907593190670013,10.123984336853027
327,1,Bass,26.491485595703125,-26.49140167236328,0.27634260058403015,0.2763422429561615,0.2792333662509918,72.36573791503906,72.36577606201172,72.07666778564453,0.0022380996961146593,0.22380997240543365,18.225934982299805,-18.225929260253906,0.10177464038133621,0.10176435112953186,0.09607535600662231,89.82254028320312,89.82357025146484,90.39246368408203,0.014822503551840782,1.4822503328323364,2.065711498260498
327,2,Drums,31.114778518676758,-31.11454200744629,0.005571900401264429,0.005571900401264429,0.005403333343565464,99.44281005859375,99.44281005859375,99.45966339111328,0.0007730008801445365,0.07730008661746979,29.942914962768555,-29.942935943603516,0.005247021093964577,0.0052469768561422825,0.004045417532324791,99.47530364990234,99.47530364990234,99.595458984375,0.0010121936211362481,0.10121936351060867,-1.0802419185638428
328,0,Vocal,26.79384422302246,-26.793827056884766,0.028370410203933716,0.028370410203933716,0.02803557738661766,97.1629638671875,97.1629638671875,97.19644165039062,0.002087912056595087,0.20879121124744415,30.808765411376953,-30.80884552001953,0.004030648618936539,0.004030648153275251,0.0039867437444627285,99.59693908691406,99.59693908691406,99.60132598876953,0.0008294325671158731,0.08294325321912766,4.121800422668457
328,1,Bass,19.073158264160156,-19.073144912719727,0.07063108682632446,0.07063040882349014,0.07287819683551788,92.9368896484375,92.93695831298828,92.7121810913086,0.012227647937834263,1.2227648496627808,-5.545037269592285,5.545036792755127,0.9432564377784729,0.9373664259910583,0.937110960483551,5.674356460571289,6.263357162475586,6.288904190063477,0.7819032073020935,78.19032287597656,39.60518264770508
328,2,Drums,35.97449493408203,-35.97408676147461,0.0006044143228791654,0.0006044142064638436,0.0009576110169291496,99.93955993652344,99.93955993652344,99.90423583984375,0.00025262261624448,0.02526226080954075,32.87781524658203,-32.87744140625,0.006501130759716034,0.00650105020031333,0.009663167409598827,99.34988403320312,99.34989166259766,99.03368377685547,0.0005152467056177557,0.05152466893196106,-2.628434181213379
329,0,Vocal,17.90081024169922,-17.90081214904785,0.01972942240536213,0.019729413092136383,0.016612745821475983,98.02705383300781,98.02705383300781,98.3387222290039,0.015956323593854904,1.5956323146820068,17.790420532226562,-17.790420532226562,0.020646238699555397,0.020646236836910248,0.017567718401551247,97.93537902832031,97.93537902832031,98.24323272705078,0.016360415145754814,1.636041522026062,0.02638236992061138
329,1,Bass,24.85409927368164,-24.854049682617188,0.07626824080944061,0.07626815140247345,0.0775919109582901,92.37317657470703,92.37318420410156,92.24081420898438,0.003259679302573204,0.325967937707901,-0.39933615922927856,0.39933621883392334,0.9052342772483826,0.8588926792144775,0.8623623251914978,9.476572036743164,14.110732078552246,13.76376724243164,0.5229714512825012,52.29714584350586,34.67920684814453
329,2,Drums,28.807008743286133,-28.806926727294922,0.0003337920643389225,0.00033379203523509204,0.0006112658302299678,99.96662139892578,99.96662139892578,99.93887329101562,0.001314407680183649,0.13144077360630035,29.04677963256836,-29.046831130981445,0.004141592886298895,0.0041415030136704445,0.005592117086052895,99.58584594726562,99.58584594726562,99.44078826904297,0.0012438648846000433,0.1243864893913269,0.6212204098701477
330,0,Vocal,19.852140426635742,-19.852142333984375,0.023430543020367622,0.023430543020367622,0.022920193150639534,97.65694427490234,97.65694427490234,97.70797729492188,0.010240369476377964,1.0240370035171509,23.779993057250977,-23.779964447021484,0.013467036187648773,0.013467006385326385,0.01320664957165718,98.6532974243164,98.6532974243164,98.67933654785156,0.004170523956418037,0.41705238819122314,4.035416126251221
330,1,Bass,20.066864013671875,-20.066917419433594,0.053536899387836456,0.05353681743144989,0.06412331759929657,94.64630889892578,94.64631652832031,93.5876693725586,0.009751124307513237,0.9751124382019043,2.3740346431732178,-2.3740341663360596,0.9275885820388794,0.8869917392730713,0.8937353491783142,7.2411417961120605,11.300826072692871,10.62646484375,0.3666439354419708,36.66439437866211,40.099056243896484
330,2,Drums,33.68470001220703,-33.68440246582031,0.0010513442102819681,0.0010513442102819681,0.0014779079938307405,99.89486694335938,99.89486694335938,99.85221099853516,0.00042795814806595445,0.0427958145737648,33.180686950683594,-33.180694580078125,0.01196175068616867,0.011961678974330425,0.01582464575767517,98.80382537841797,98.8038330078125,98.41753387451172,0.00048050706391222775,0.04805070534348488,0.07836102694272995
331,0,Vocal,8.001163482666016,-8.001163482666016,0.7876225709915161,0.787613034248352,0.7960802912712097,21.237743377685547,21.238697052001953,20.391971588134766,0.13677528500556946,13.677528381347656,17.480005264282227,-17.47999382019043,0.0755133256316185,0.07551305741071701,0.11775044351816177,92.44866943359375,92.44869232177734,88.2249526977539,0.017551299184560776,1.7551299333572388,10.599967956542969
331,1,Bass,14.449997901916504,-14.449997901916504,0.11676479130983353,0.11676476895809174,0.10967449098825455,88.32352447509766,88.32352447509766,89.03254699707031,0.034648582339286804,3.464858293533325,5.735900402069092,-5.735902309417725,0.8802561163902283,0.86446213722229,0.8677331209182739,11.974388122558594,13.553786277770996,13.226688385009766,0.21069522202014923,21.069522857666016,45.70820999145508
331,2,Drums,39.324134826660156,-39.32329177856445,8.776038157520816e-05,8.776037429925054e-05,0.0,99.99122619628906,99.99122619628906,100.0,0.00011681551404763013,0.011681551113724709,37.489715576171875,-37.48968505859375,0.005255060736089945,0.0052550435066223145,0.004093179013580084,99.47449493408203,99.47449493408203,99.59068298339844,0.0001782071776688099,0.01782071776688099,-1.5038323402404785
332,0,Vocal,19.597740173339844,-19.59774398803711,0.019360946491360664,0.019360942766070366,0.02024325169622898,98.06390380859375,98.06390380859375,97.97567749023438,0.010851447470486164,1.0851447582244873,19.907806396484375,-19.907812118530273,0.0169038325548172,0.016903750598430634,0.01845189556479454,98.30961608886719,98.30962371826172,98.15481567382812,0.01011128630489111,1.0111286640167236,0.4170253872871399
332,1,Bass,19.043424606323242,-19.04339599609375,0.11298703402280807,0.11298687756061554,0.09930010885000229,88.7012939453125,88.7013168334961,90.06999206542969,0.012310609221458435,1.2310609817504883,2.091059684753418,-2.091059446334839,0.8320327401161194,0.8157784342765808,0.8082723021507263,16.79672622680664,18.422157287597656,19.17276954650879,0.38190171122550964,38.19017028808594,33.415103912353516
332,2,Drums,33.36677932739258,-33.36665725708008,0.0006409907946363091,0.0006409907946363091,0.0,99.93589782714844,99.93589782714844,100.0,0.0004604041459970176,0.04604041576385498,30.466205596923828,-30.466236114501953,0.0046564252115786076,0.00465638842433691,0.0033006658777594566,99.53435516357422,99.53436279296875,99.66993713378906,0.0008974432130344212,0.08974432200193405,-2.475942611694336
333,0,Vocal,18.527538299560547,-18.527544021606445,0.032883673906326294,0.03288363292813301,0.022329650819301605,96.71163940429688,96.71163940429688,97.76703643798828,0.013841788284480572,1.384178876876831,24.108726501464844,-24.10873794555664,0.009198371320962906,0.009198321029543877,0.007246839813888073,99.08016204833984,99.08016967773438,99.27531433105469,0.003867608029395342,0.38676080107688904,5.735255241394043
333,1,Bass,20.821434020996094,-20.821441650390625,0.07289863377809525,0.07289858162403107,0.07488247752189636,92.71013641357422,92.71014404296875,92.51174926757812,0.008208750747144222,0.8208750486373901,7.309553623199463,-7.309553623199463,0.6986537575721741,0.6680458188056946,0.664253830909729,30.134624481201172,33.19541931152344,33.574615478515625,0.1566871553659439,15.668715476989746,39.32667922973633
333,2,Drums,33.44281768798828,-33.44277572631836,0.0008023155387490988,0.0008023054688237607,0.0012430157512426376,99.91976928710938,99.91976928710938,99.87570190429688,0.0004524156975094229,0.045241568237543106,28.38520050048828,-28.38516616821289,0.014614852145314217,0.014614788815379143,0.015560737811028957,98.53851318359375,98.53852081298828,98.44392395019531,0.0014483252307400107,0.1448325216770172,-4.495901107788086
334,0,Vocal,24.50701141357422,-24.50701904296875,0.03031506948173046,0.030315067619085312,0.03154223784804344,96.96849822998047,96.96849822998047,96.84577941894531,0.0035299158189445734,0.35299158096313477,25.35454750061035,-25.35456085205078,0.017569614574313164,0.017569592222571373,0.018636902794241905,98.2430419921875,98.2430419921875,98.13631439208984,0.0029058954678475857,0.2905895411968231,0.9328874349594116
334,1,Bass,26.431732177734375,-26.431676864624023,0.07907945662736893,0.07907944172620773,0.07967595756053925,92.09205627441406,92.09205627441406,92.03240203857422,0.0022690549958497286,0.22690549492835999,-2.2260072231292725,2.2260069847106934,0.9671948552131653,0.9366946816444397,0.9413729906082153,3.2805144786834717,6.330532073974609,5.862700939178467,0.6254057288169861,62.54057312011719,35.46406173706055
334,2,Drums,35.0285530090332,-35.02821350097656,0.001437819330021739,0.0014378192136064172,0.0014117667451500893,99.85621643066406,99.85621643066406,99.85881805419922,0.00031409095390699804,0.03140909597277641,33.19147872924805,-33.19162368774414,0.0029411136638373137,0.0029410908464342356,0.0023156695533543825,99.70588684082031,99.70589447021484,99.7684326171875,0.0004793312109541148,0.04793312028050423,-1.5786386728286743
335,0,Vocal,23.951017379760742,-23.950984954833984,0.041313838213682175,0.041313834488391876,0.0426998995244503,95.86861419677734,95.86861419677734,95.73001098632812,0.004010104574263096,0.4010104537010193,27.312376022338867,-27.312278747558594,0.010165750980377197,0.010165741667151451,0.011198165826499462,98.9834213256836,98.9834213256836,98.88018035888672,0.001853356952778995,0.1853356957435608,3.450948476791382
335,1,Bass,35.5139274597168,-35.513648986816406,0.07911942154169083,0.0791192352771759,0.0805497094988823,92.08805847167969,92.08808135986328,91.94503021240234,0.00028084125369787216,0.028084125369787216,-3.283073902130127,3.283074378967285,0.9659088850021362,0.9387098550796509,0.9457626342773438,3.409111499786377,6.129014492034912,5.423736572265625,0.6804750561714172,68.0475082397461,23.315004348754883
335,2,Drums,37.33979034423828,-37.33995056152344,0.0009744911221787333,0.0009744911221787333,0.00023660826263949275,99.90254974365234,99.90254974365234,99.97633361816406,0.00018449277558829635,0.01844927668571472,34.49246597290039,-34.49253845214844,0.007029547356069088,0.007029447238892317,0.006336977705359459,99.29704284667969,99.29705047607422,99.36630249023438,0.00035527843283489347,0.03552784398198128,-2.2124736309051514
336,0,Vocal,26.270660400390625,-26.270673751831055,0.02748093008995056,0.02748091146349907,0.029530666768550873,97.25190734863281,97.25190734863281,97.04693603515625,0.0023545341100543737,0.23545341193675995,29.23541831970215,-29.235496520996094,0.009702933952212334,0.009702865034341812,0.011728151701390743,99.02970886230469,99.02971649169922,98.82718658447266,0.001191084855236113,0.11910848319530487,3.1055843830108643
336,1,Bass,25.189048767089844,-25.189077377319336,0.01284792274236679,0.012847885489463806,0.012073271907866001,98.7152099609375,98.7152099609375,98.79267120361328,0.0030184490606188774,0.30184489488601685,2.690901279449463,-2.6909003257751465,0.6714920997619629,0.6480026841163635,0.6423208713531494,32.850791931152344,35.199729919433594,35.767913818359375,0.34987178444862366,34.987178802490234,30.794553756713867
336,2,Drums,30.893932342529297,-30.893869400024414,0.002874034224078059,0.0028740328270941973,0.005132652819156647,99.71260070800781,99.71260070800781,99.48673248291016,0.0008133226656354964,0.081332266330719,20.17266845703125,-20.172645568847656,0.2119622677564621,0.2119486778974533,0.20822255313396454,78.80377197265625,78.80513000488281,79.17774200439453,0.009518765844404697,0.9518765807151794,-5.175938129425049
337,0,Vocal,9.437056541442871,-9.437058448791504,0.3660549819469452,0.3660545349121094,0.38802602887153625,63.394500732421875,63.39454650878906,61.1973991394043,0.102204829454422,10.22048282623291,-10.864006042480469,10.864006042480469,0.8836845755577087,0.8836747407913208,0.8969029188156128,11.631542205810547,11.632526397705078,10.309707641601562,0.924248993396759,92.42489624023438,8.198901176452637
337,1,Bass,40.55889892578125,-40.55999755859375,0.03713328391313553,0.03713328018784523,0.036948107182979584,96.28667449951172,96.28667449951172,96.30519104003906,8.789325511315838e-05,0.008789325132966042,7.8579559326171875,-7.8579559326171875,0.6541186571121216,0.6271200180053711,0.6280133724212646,34.588134765625,37.28799819946289,37.19866180419922,0.14071539044380188,14.071538925170898,17.622798919677734
337,2,Drums,43.05620574951172,-43.058387756347656,0.0012643092777580023,0.0012643091613426805,0.0018440685234963894,99.87356567382812,99.87356567382812,99.81559753417969,4.946162152918987e-05,0.0049461619928479195,26.44696807861328,-26.446962356567383,0.031113630160689354,0.03111347183585167,0.031118938699364662,96.88864135742188,96.88865661621094,96.88810729980469,0.0022611217573285103,0.22611217200756073,-14.569014549255371
338,0,Vocal,19.20305061340332,-19.20305633544922,0.03485390916466713,0.034853823482990265,0.034576646983623505,96.51460266113281,96.51461791992188,96.5423355102539,0.01187159214168787,1.1871591806411743,19.255279541015625,-19.25527572631836,0.03750034421682358,0.03750026598572731,0.036832086741924286,96.24996948242188,96.2499771118164,96.31678771972656,0.011731339618563652,1.1731339693069458,0.17476139962673187
338,1,Bass,21.71809196472168,-21.718154907226562,0.04565320163965225,0.04565318673849106,0.03914991766214371,95.43467712402344,95.43468475341797,96.08500671386719,0.006687629036605358,0.6687629222869873,6.366525173187256,-6.366524696350098,0.5895180106163025,0.5892592072486877,0.6061934232711792,41.04819869995117,41.07407760620117,39.38065719604492,0.18755948543548584,18.755949020385742,17.37523078918457
338,2,Drums,30.46735954284668,-30.4674072265625,0.0005758804618380964,0.0005758801707997918,0.0016523360973224044,99.94241333007812,99.94241333007812,99.83476257324219,0.0008971411734819412,0.08971411734819412,20.30555534362793,-20.30555534362793,0.06461954861879349,0.06461919099092484,0.07537776976823807,93.53804779052734,93.53807830810547,92.46222686767578,0.009234528988599777,0.9234529137611389,-7.099532604217529
339,0,Vocal,22.294767379760742,-22.294788360595703,0.015942875295877457,0.01594286784529686,0.017076564952731133,98.40571594238281,98.40571594238281,98.29234313964844,0.005860964767634869,0.586096465587616,26.387706756591797,-26.387670516967773,0.005540504120290279,0.005540431011468172,0.007578876800835133,99.44595336914062,99.44595336914062,99.24211120605469,0.0022921378258615732,0.22921378910541534,4.2540059089660645
339,1,Bass,38.44446563720703,-38.443214416503906,0.026607219129800797,0.026607196778059006,0.02792637050151825,97.33927917480469,97.33927917480469,97.20735931396484,0.0001430333941243589,0.014303339645266533,8.74235725402832,-8.74235725402832,0.8115537166595459,0.7864795923233032,0.7953909635543823,18.844627380371094,21.352041244506836,20.46090316772461,0.11784455180168152,11.784455299377441,30.98522186279297
339,2,Drums,28.357364654541016,-28.357431411743164,0.001582861877977848,0.0015828616451472044,0.0030177810695022345,99.84171295166016,99.84171295166016,99.6982192993164,0.0014575482346117496,0.1457548290491104,16.481782913208008,-16.481781005859375,0.1872640699148178,0.18725810945034027,0.17394039034843445,81.27359008789062,81.27418518066406,82.60595703125,0.02198706567287445,2.19870662689209,-3.1310811042785645
340,0,Vocal,16.65239715576172,-16.65238380432129,0.12621550261974335,0.12621383368968964,0.12917616963386536,87.37844848632812,87.37861633300781,87.08238220214844,0.021157952025532722,2.115795135498047,5.8900861740112305,-5.8900861740112305,0.12514467537403107,0.12514419853687286,0.3301333785057068,87.48553466796875,87.48558044433594,66.98666381835938,0.2048516869544983,20.48516845703125,5.500265121459961
340,1,Bass,46.6600227355957,-46.68209457397461,0.009294547140598297,0.009294502437114716,0.010088132694363594,99.07054138183594,99.07054901123047,98.9911880493164,2.156413029297255e-05,0.0021564129274338484,38.58797836303711,-38.587730407714844,0.010521478950977325,0.010521436110138893,0.010836802423000336,98.9478530883789,98.94786071777344,98.91632080078125,0.0001383809430990368,0.013838094659149647,-7.909490585327148
340,2,Drums,38.75579071044922,-38.755210876464844,0.002855458064004779,0.002855450613424182,0.0029244055040180683,99.7144546508789,99.7144546508789,99.70756530761719,0.00013316786498762667,0.013316786848008633,19.005584716796875,-19.005577087402344,0.19691571593284607,0.19686725735664368,0.20502527058124542,80.30842590332031,80.31327819824219,79.49747467041016,0.012416952289640903,1.2416952848434448,-14.36962890625
341,0,Vocal,22.077980041503906,-22.077970504760742,0.00356998760253191,0.003569986904039979,0.004501185845583677,99.64300537109375,99.64300537109375,99.54988098144531,0.006159152369946241,0.6159152388572693,10.647905349731445,-10.647903442382812,0.7115517258644104,0.7106181979179382,0.8310075402259827,28.84482765197754,28.938180923461914,16.899246215820312,0.0793091356754303,7.93091344833374,38.597190856933594
341,1,Bass,26.312406539916992,-26.31240463256836,0.009733758866786957,0.009733757004141808,0.0098043791949749,99.02662658691406,99.02662658691406,99.01956176757812,0.0023320873733609915,0.23320873081684113,4.312928199768066,-4.312930583953857,0.8958005905151367,0.880252480506897,0.8928914070129395,10.419940948486328,11.974752426147461,10.710859298706055,0.2703024446964264,27.030244827270508,39.596797943115234
341,2,Drums,27.164487838745117,-27.16453742980957,0.0009042315068654716,0.0009042313322424889,0.001282671233639121,99.90957641601562,99.90957641601562,99.87173461914062,0.001917421817779541,0.1917421817779541,11.77543830871582,-11.775436401367188,0.4902559220790863,0.4902372658252716,0.491220086812973,50.974403381347656,50.97627639770508,50.877986907958984,0.062304310500621796,6.230431079864502,1.3283791542053223
342,0,Vocal,29.708209991455078,-29.708057403564453,0.01667792722582817,0.016677923500537872,0.018702346831560135,98.33220672607422,98.33220672607422,98.12976837158203,0.0010683739092200994,0.10683739185333252,44.560665130615234,-44.560096740722656,0.003106022020801902,0.003105956595391035,0.005073938984423876,99.68939971923828,99.68940734863281,99.49260711669922,3.498842124827206e-05,0.0034988420084118843,14.98776626586914
342,1,Bass,37.28401184082031,-37.28429412841797,0.019021406769752502,0.01902139186859131,0.019578229635953903,98.09786224365234,98.09786224365234,98.04217529296875,0.0001868400431703776,0.01868400350213051,10.087493896484375,-10.087493896484375,0.4829810559749603,0.4829513728618622,0.5300339460372925,51.7018928527832,51.70486068725586,46.996604919433594,0.08925779908895493,8.925780296325684,-12.021631240844727
342,2,Drums,38.32663345336914,-38.32600021362305,0.006173624657094479,0.006173624191433191,0.006342852953821421,99.38263702392578,99.38263702392578,99.36571502685547,0.00014700478641316295,0.014700478874146938,10.30185604095459,-10.30185604095459,0.3146461546421051,0.31461676955223083,0.34015941619873047,68.53538513183594,68.53832244873047,65.98405456542969,0.08532591164112091,8.532590866088867,-15.66498851776123
343,0,Vocal,11.656557083129883,-11.656558990478516,0.017466023564338684,0.017466016113758087,0.02140820398926735,98.25340270996094,98.25340270996094,97.85917663574219,0.06392282992601395,6.392282962799072,31.35026741027832,-31.3499813079834,0.005723003763705492,0.0057229832746088505,0.009797104634344578,99.42770385742188,99.42770385742188,99.02029418945312,0.0007322783349081874,0.07322783023118973,19.888675689697266
343,1,Bass,22.56545639038086,-22.565431594848633,0.00875342357903719,0.008753392845392227,0.011044268496334553,99.1246566772461,99.1246566772461,98.89557647705078,0.005508814938366413,0.5508815050125122,26.348491668701172,-26.348474502563477,0.024882370606064796,0.024880781769752502,0.011007625609636307,97.51176452636719,97.51192474365234,98.89923858642578,0.00231280829757452,0.2312808334827423,4.481409549713135
343,2,Drums,25.15742301940918,-25.15732192993164,0.0009258437785319984,0.0009258436621166766,0.0022696300875395536,99.90741729736328,99.90741729736328,99.77304077148438,0.0030404487624764442,0.3040448725223541,8.021364212036133,-8.021364212036133,0.6702762246131897,0.6692061424255371,0.6718677878379822,32.97237777709961,33.079383850097656,32.8132209777832,0.13622698187828064,13.622697830200195,-2.4292654991149902
344,0,Vocal,27.006032943725586,-27.005950927734375,0.023085717111825943,0.023085681721568108,0.023770296946167946,97.6914291381836,97.69143676757812,97.62297058105469,0.001988551812246442,0.1988551765680313,27.210447311401367,-27.21033477783203,0.020559020340442657,0.020558979362249374,0.021942811086773872,97.94409942626953,97.94410705566406,97.80571746826172,0.0018972589168697596,0.18972589075565338,0.2765048146247864
344,1,Bass,17.27802085876465,-17.27800750732422,0.042970508337020874,0.042970508337020874,0.04491225257515907,95.70294952392578,95.70294952392578,95.50877380371094,0.018371516838669777,1.8371516466140747,2.9103403091430664,-2.910339832305908,0.8634994626045227,0.8460787534713745,0.8498664498329163,13.650053977966309,15.39212417602539,15.013355255126953,0.3384675979614258,33.84675979614258,43.15609359741211
344,2,Drums,38.40483093261719,-38.40387725830078,0.0012304541887715459,0.001230435911566019,0.0018094814149662852,99.876953125,99.87696075439453,99.81905364990234,0.00014437077334150672,0.014437077566981316,11.208868980407715,-11.208869934082031,0.520012378692627,0.5200121402740479,0.5552289485931396,47.99876403808594,47.99878692626953,44.47710418701172,0.07037536054849625,7.037536144256592,-2.929945468902588
345,0,Vocal,20.351455688476562,-20.351449966430664,0.01594761572778225,0.015947610139846802,0.016903238371014595,98.40523529052734,98.40524291992188,98.30967712402344,0.009138363413512707,0.9138363599777222,24.35926055908203,-24.35928726196289,0.009093970991671085,0.009093944914638996,0.010112505406141281,99.0905990600586,99.09060668945312,98.9887466430664,0.003651666222140193,0.36516663432121277,4.107687950134277
345,1,Bass,27.053773880004883,-27.053720474243164,0.015800274908542633,0.015800273045897484,0.012616154737770557,98.41996765136719,98.41996765136719,98.73838806152344,0.0019668492022901773,0.19668492674827576,27.367294311523438,-27.367294311523438,0.01621321029961109,0.01621299982070923,0.01271017175167799,98.37867736816406,98.37870025634766,98.7289810180664,0.0018301294185221195,0.1830129474401474,0.48758435249328613
345,2,Drums,30.04601287841797,-30.045948028564453,0.0008186426712200046,0.0008186423801817,0.0,99.91813659667969,99.91813659667969,100.0,0.0009884710889309645,0.09884710609912872,11.564950942993164,-11.56495189666748,0.4920814335346222,0.49193283915519714,0.5032159090042114,50.7918586730957,50.80671310424805,49.678409576416016,0.06519663333892822,6.519663333892822,5.197283744812012
346,0,Vocal,24.01868438720703,-24.018699645996094,0.010091167874634266,0.010091151110827923,0.011749755591154099,98.99088287353516,98.99089050292969,98.82502746582031,0.003948314115405083,0.39483141899108887,28.736392974853516,-28.736303329467773,0.004658019170165062,0.004657987970858812,0.006526848766952753,99.53419494628906,99.5342025756836,99.34732055664062,0.0013359335716813803,0.13359335064888,4.824212074279785
346,1,Bass,31.796581268310547,-31.796628952026367,0.015791358426213264,0.01579132303595543,0.01615792326629162,98.42086791992188,98.42086791992188,98.38420867919922,0.0006608078838326037,0.06608078628778458,31.435291290283203,-31.435869216918945,0.017014162614941597,0.017013702541589737,0.018193542957305908,98.298583984375,98.29862976074219,98.18064880371094,0.0007180313696153462,0.07180313766002655,-0.2672829329967499
346,2,Drums,36.046844482421875,-36.04684066772461,0.0027094800025224686,0.002709475113078952,0.008114773780107498,99.72904968261719,99.72905731201172,99.18852233886719,0.00024844109429977834,0.024844110012054443,34.19257736206055,-34.19261932373047,0.0037104461807757616,0.003710442455485463,0.0038122490514069796,99.62895202636719,99.62895202636719,99.6187744140625,0.000380729470634833,0.03807294741272926,-1.1670563220977783
347,0,Vocal,30.52608871459961,-30.52608871459961,0.0024432518985122442,0.0024432509671896696,0.0037840972654521465,99.75567626953125,99.75567626953125,99.62158966064453,0.0008851535967551172,0.08851535618305206,36.95587158203125,-36.955604553222656,0.0010062308283522725,0.0010062226792797446,0.0022001590114086866,99.89937591552734,99.89937591552734,99.77998352050781,0.0002015038044191897,0.020150380209088326,6.583806991577148
347,1,Bass,39.273460388183594,-39.27315902709961,0.0015905629843473434,0.0015905590262264013,0.0019818476866930723,99.8409423828125,99.8409423828125,99.80181121826172,0.00011822494707303122,0.011822494678199291,4.630992889404297,-4.630992889404297,0.8913305401802063,0.8777328133583069,0.8932932019233704,10.86694622039795,12.22671890258789,10.670680046081543,0.2561025023460388,25.61025047302246,22.594572067260742
347,2,Drums,17.92076873779297,-17.92075538635254,0.013917378149926662,0.013916956260800362,0.015390530228614807,98.60826110839844,98.60830688476562,98.46094512939453,0.015884360298514366,1.5884360074996948,20.879362106323242,-20.879352569580078,0.11341440677642822,0.11340946704149246,0.1261584758758545,88.65856170654297,88.6590576171875,87.3841552734375,0.008100846782326698,0.8100847005844116,7.245058536529541
348,0,Vocal,19.364152908325195,-19.36415672302246,0.002204340184107423,0.002204338787123561,0.0038898519705981016,99.7795639038086,99.7795639038086,99.61101531982422,0.011444244533777237,1.1444244384765625,32.71549987792969,-32.715206146240234,0.00030538986902683973,0.0003053894324693829,0.0018934548133984208,99.9694595336914,99.9694595336914,99.81065368652344,0.000534839928150177,0.0534839928150177,13.446934700012207
348,1,Bass,23.837589263916016,-23.837596893310547,0.005289563909173012,0.005289562977850437,0.02429264411330223,99.4710464477539,99.4710464477539,97.57073211669922,0.004115778487175703,0.41157785058021545,25.66564178466797,-25.66562271118164,0.006331969052553177,0.006331836339086294,0.02086584083735943,99.3667984008789,99.36681365966797,97.91341400146484,0.002705589635297656,0.2705589532852173,2.0052690505981445
348,2,Drums,19.94802474975586,-19.94801139831543,0.0030892828945070505,0.0030892794020473957,0.028018971905112267,99.69107055664062,99.69107055664062,97.19810485839844,0.010019042529165745,1.0019042491912842,29.994415283203125,-29.994401931762695,0.0031037514563649893,0.003103750292211771,0.0072575705125927925,99.68962860107422,99.68962860107422,99.27423858642578,0.0010003052884712815,0.10003052651882172,10.76041316986084
349,0,Vocal,22.059917449951172,-22.059926986694336,0.01080895122140646,0.010808950290083885,0.011698709800839424,98.91910552978516,98.91910552978516,98.83012390136719,0.0061846463941037655,0.6184646487236023,23.326425552368164,-23.326427459716797,0.008646094240248203,0.008646000176668167,0.009973650798201561,99.13539123535156,99.1353988647461,99.00263214111328,0.004627436399459839,0.4627436399459839,1.4432055950164795
349,1,Bass,38.98534393310547,-38.98576736450195,0.046569909900426865,0.046569693833589554,0.04712247848510742,95.34300994873047,95.34303283691406,95.28775024414062,0.0001263390004169196,0.01263390015810728,-5.31852912902832,5.31852912902832,0.9647616744041443,0.9381528496742249,0.942027747631073,3.5238325595855713,6.184715270996094,5.797224998474121,0.7728784680366516,77.28784942626953,13.237666130065918
349,2,Drums,33.95692443847656,-33.9566764831543,0.0022665360011160374,0.00226653553545475,0.0019670254550874233,99.77334594726562,99.77334594726562,99.80329895019531,0.00040191246080212295,0.04019124433398247,33.62638854980469,-33.62628173828125,0.0018512229435145855,0.0018512224778532982,0.002075538970530033,99.81488037109375,99.81488037109375,99.79244232177734,0.0004336913407314569,0.04336913302540779,0.34035196900367737
350,0,Vocal,14.409598350524902,-14.40959358215332,0.05533522367477417,0.05533513426780701,0.05418454855680466,94.46647644042969,94.46648406982422,94.58154296875,0.03496110811829567,3.4961109161376953,11.66049575805664,-11.66049575805664,0.5823320150375366,0.582137942314148,0.5815845727920532,41.76679992675781,41.78620529174805,41.8415412902832,0.06386857479810715,6.386857509613037,38.478546142578125
350,1,Bass,27.930110931396484,-27.930049896240234,0.0061033680103719234,0.0061033423990011215,0.011439741589128971,99.38966369628906,99.38966369628906,98.85602569580078,0.0016080569475889206,0.16080570220947266,27.46923065185547,-27.469282150268555,0.008830543607473373,0.008830413222312927,0.011247080750763416,99.116943359375,99.11695861816406,98.87528991699219,0.0017877013888210058,0.17877013981342316,-0.4735870063304901
350,2,Drums,35.842247009277344,-35.841941833496094,0.0002024144196184352,0.0002024139539571479,0.0,99.9797592163086,99.9797592163086,100.0,0.0002604321052785963,0.026043210178613663,8.552433013916016,-8.552433967590332,0.6057847142219543,0.6057709455490112,0.6302245855331421,39.42152786254883,39.42290496826172,36.977542877197266,0.1224672794342041,12.24672794342041,1.9594486951828003
351,0,Vocal,27.240076065063477,-27.240318298339844,0.0026862595696002245,0.0026862595696002245,0.005608638282865286,99.73137664794922,99.73137664794922,99.43914031982422,0.0018843498546630144,0.18843498826026917,27.841690063476562,-27.84162139892578,0.002513075480237603,0.0025130740832537413,0.006391266826540232,99.74869537353516,99.74869537353516,99.36087036132812,0.0016410615062341094,0.16410614550113678,0.6631149649620056
351,1,Bass,28.066041946411133,-28.066083908081055,0.0028370723593980074,0.0028370723593980074,0.001046065823175013,99.71629333496094,99.71629333496094,99.89539337158203,0.0015585623914375901,0.15585623681545258,2.281687021255493,-2.281686782836914,0.6176827549934387,0.6165565252304077,0.6456629037857056,38.23172378540039,38.3443489074707,35.43370819091797,0.3715955913066864,37.1595573425293,23.805665969848633
351,2,Drums,22.559646606445312,-22.559616088867188,0.005036279559135437,0.0050362772308290005,0.008773930370807648,99.49636840820312,99.49636840820312,99.12260437011719,0.005516129080206156,0.551612913608551,25.33965301513672,-25.33962059020996,0.013055417686700821,0.013055380433797836,0.0069088805466890335,98.6944580078125,98.6944580078125,99.30911254882812,0.002915901131927967,0.2915901243686676,4.227258205413818
352,0,Vocal,16.591156005859375,-16.591156005859375,0.02824866585433483,0.028248630464076996,0.027584269642829895,97.17513275146484,97.17514038085938,97.2415771484375,0.02145192213356495,2.1451921463012695,28.055740356445312,-28.05567741394043,0.03220139443874359,0.03220139071345329,0.03528813645243645,96.77986145019531,96.77986145019531,96.47118377685547,0.0015622770879417658,0.156227707862854,13.643970489501953
352,1,Bass,15.18017864227295,-15.180176734924316,0.10628408938646317,0.10628380626440048,0.11011388897895813,89.37158966064453,89.37162017822266,88.98861694335938,0.029444420710206032,2.9444420337677,13.79072380065918,-13.790714263916016,0.14726713299751282,0.14724959433078766,0.14895585179328918,85.2732925415039,85.27503967285156,85.10441589355469,0.0401008203625679,4.010082244873047,-0.2492552399635315
352,2,Drums,40.5295524597168,-40.526893615722656,0.0025665664579719305,0.0025665664579719305,0.0029534061904996634,99.74333953857422,99.74333953857422,99.70465850830078,8.853121107676998e-05,0.008853120729327202,18.93160057067871,-18.93160057067871,0.22117763757705688,0.22115609049797058,0.24077188968658447,77.88223266601562,77.88438415527344,75.92281341552734,0.012627586722373962,1.262758731842041,-11.275578498840332
353,0,Vocal,9.451118469238281,-9.451118469238281,0.052426282316446304,0.05242624878883362,0.051300063729286194,94.75736999511719,94.75737762451172,94.8699951171875,0.1019081398844719,10.190814018249512,30.461875915527344,-30.461471557617188,0.03343630209565163,0.03343629464507103,0.043847326189279556,96.6563720703125,96.6563720703125,95.61526489257812,0.000898301659617573,0.08983016759157181,22.310009002685547
353,1,Bass,10.449928283691406,-10.449928283691406,0.037587858736515045,0.03758782520890236,0.0358637236058712,96.2412109375,96.24121856689453,96.41362762451172,0.08270227909088135,8.270227432250977,-1.7679144144058228,1.767914891242981,0.9920626282691956,0.9594888091087341,0.9591207504272461,0.7937371730804443,4.051118850708008,4.087924957275391,0.6003868579864502,60.0386848449707,50.59147644042969
353,2,Drums,27.546796798706055,-27.546634674072266,0.00023027924180496484,0.00023027797578833997,0.000520570669323206,99.97697448730469,99.97697448730469,99.94794464111328,0.001756155863404274,0.1756155788898468,18.756235122680664,-18.75623893737793,0.1772121787071228,0.1772119253873825,0.18095318973064423,82.2787857055664,82.27880859375,81.90467834472656,0.013141080737113953,1.31410813331604,0.4587351381778717
354,0,Vocal,22.49565887451172,-22.495641708374023,0.014297880232334137,0.014297879301011562,0.01505708135664463,98.5702133178711,98.5702133178711,98.49429321289062,0.005597569048404694,0.559756875038147,25.98138427734375,-25.981348037719727,0.008276662789285183,0.008276660926640034,0.008286097086966038,99.17233276367188,99.17233276367188,99.17138671875,0.0025163956452161074,0.25163957476615906,3.557328462600708
354,1,Bass,10.882867813110352,-10.882864952087402,0.1310618370771408,0.13106073439121246,0.14483673870563507,86.89381408691406,86.89392852783203,85.51632690429688,0.07544753700494766,7.544753551483154,-15.924777030944824,15.924777030944824,0.6042690277099609,0.6042396426200867,0.5921139121055603,39.573097229003906,39.57603454589844,40.78860855102539,0.9750791788101196,97.50791931152344,1.6674326658248901
354,2,Drums,27.02787208557129,-27.027881622314453,0.004979130811989307,0.0049791294150054455,0.005484871566295624,99.50209045410156,99.50209045410156,99.4515151977539,0.0019786010961979628,0.19786010682582855,7.931613922119141,-7.931613922119141,0.3813871443271637,0.3813871443271637,0.45245033502578735,61.861289978027344,61.861289978027344,54.754966735839844,0.13867703080177307,13.867703437805176,-2.785825729370117
355,0,Vocal,20.284385681152344,-20.28435516357422,0.024872375652194023,0.024872364476323128,0.02524537406861782,97.51276397705078,97.51276397705078,97.4754638671875,0.009279259480535984,0.9279259443283081,25.15059471130371,-25.150596618652344,0.009364379569888115,0.009364317171275616,0.009755594655871391,99.06356048583984,99.06356811523438,99.0244369506836,0.0030451840721070766,0.3045184016227722,4.976451396942139
355,1,Bass,24.067533493041992,-24.06755828857422,0.0706794410943985,0.07067934423685074,0.07499924302101135,92.93206024169922,92.93206024169922,92.50007629394531,0.003904322860762477,0.39043229818344116,19.024070739746094,-19.024072647094727,0.18222931027412415,0.18193818628787994,0.20040680468082428,81.77706909179688,81.80618286132812,79.95932006835938,0.012364866212010384,1.2364866733551025,0.0020243930630385876
355,2,Drums,29.136672973632812,-29.13661766052246,0.011258759535849094,0.01125875674188137,0.011255872435867786,98.8741226196289,98.8741226196289,98.8744125366211,0.001218438264913857,0.12184382975101471,13.810808181762695,-13.810808181762695,0.24925380945205688,0.24918456375598907,0.2102283537387848,75.07461547851562,75.08154296875,78.97716522216797,0.03992316871881485,3.992316961288452,-9.754637718200684
356,0,Vocal,17.749046325683594,-17.74905014038086,0.020576030015945435,0.02057601511478424,0.02286653406918049,97.94239807128906,97.94239807128906,97.71334838867188,0.016514405608177185,1.6514406204223633,23.064374923706055,-23.064373016357422,0.012528040446341038,0.012528039515018463,0.01454638596624136,98.7471923828125,98.7471923828125,98.54536437988281,0.004913914017379284,0.4913913905620575,5.422299861907959
356,1,Bass,13.434515953063965,-13.434514999389648,0.031171496957540512,0.031171487644314766,0.040603410452604294,96.88285064697266,96.88285064697266,95.93965911865234,0.043379850685596466,4.337985038757324,4.814589023590088,-4.81458854675293,0.7331240773200989,0.7160639762878418,0.753139317035675,26.687591552734375,28.39360237121582,24.686067581176758,0.24813199043273926,24.81319808959961,49.178192138671875
356,2,Drums,32.95132064819336,-32.95124435424805,0.001378874876536429,0.001378874760121107,0.0024850645568221807,99.86211395263672,99.86211395263672,99.75149536132812,0.000506567070260644,0.05065670609474182,33.2447509765625,-33.24491882324219,0.006512604653835297,0.006512604653835297,0.004304754547774792,99.34873962402344,99.34873962402344,99.56952667236328,0.00047349362284876406,0.047349363565444946,1.1518340110778809
357,0,Vocal,18.069753646850586,-18.069747924804688,0.05229762941598892,0.052297573536634445,0.054713670164346695,94.77023315429688,94.7702407836914,94.52863311767578,0.015356901101768017,1.5356900691986084,25.477313995361328,-25.477336883544922,0.025825243443250656,0.02582523226737976,0.04566157981753349,97.41747283935547,97.41747283935547,95.43384552001953,0.0028251702897250652,0.2825170159339905,8.501437187194824
357,1,Bass,16.556047439575195,-16.5560359954834,0.11356514692306519,0.11356504261493683,0.11280661076307297,88.64348602294922,88.64349365234375,88.7193374633789,0.021622344851493835,2.1622345447540283,16.61121368408203,-16.6112117767334,0.1176835298538208,0.11768300086259842,0.11673080921173096,88.23164367675781,88.23169708251953,88.32691955566406,0.021355198696255684,2.1355199813842773,0.21504676342010498
357,2,Drums,37.43055725097656,-37.4303092956543,0.0025077403988689184,0.0025077383033931255,0.0032749520614743233,99.74922180175781,99.74922180175781,99.67250061035156,0.0001806495274649933,0.0180649533867836,18.378198623657227,-18.37819480895996,0.2670608460903168,0.26705706119537354,0.24702586233615875,73.29391479492188,73.29429626464844,75.29741668701172,0.014319115318357944,1.431911587715149,-7.364878177642822
358,0,Vocal,21.432788848876953,-21.432758331298828,0.017503848299384117,0.01750384084880352,0.017622629180550575,98.2496109008789,98.2496109008789,98.23773193359375,0.007138588931411505,0.7138589024543762,33.9325065612793,-33.93231964111328,0.005448638927191496,0.005448632407933474,0.006351231597363949,99.45513916015625,99.45513916015625,99.36487579345703,0.00040414955583401024,0.0404149554669857,12.686318397521973
358,1,Bass,12.82535171508789,-12.825345039367676,0.21046869456768036,0.21046867966651917,0.20351655781269073,78.95313262939453,78.95313262939453,79.64834594726562,0.049588073045015335,4.958807468414307,4.331251621246338,-4.33125114440918,0.4683772325515747,0.4683772325515747,0.4692481756210327,53.16227722167969,53.16227722167969,53.0751838684082,0.26947110891342163,26.947111129760742,1.0586105585098267
358,2,Drums,23.890514373779297,-23.890525817871094,0.00029841772629879415,0.0002984151942655444,0.0014634483959525824,99.97015380859375,99.97015380859375,99.85365295410156,0.004066090099513531,0.4066089987754822,1.3547108173370361,-1.3547109365463257,0.728832483291626,0.7263044714927673,0.6934447288513184,27.11675262451172,27.369552612304688,30.655527114868164,0.42264285683631897,42.264286041259766,16.15943717956543
359,0,Vocal,17.219621658325195,-17.219650268554688,0.0017252032412216067,0.0017252027755603194,0.0020096045918762684,99.82748413085938,99.82748413085938,99.79903411865234,0.018615543842315674,1.8615543842315674,6.484537124633789,-6.484536647796631,0.7877384424209595,0.7867363691329956,0.8095194101333618,21.22615623474121,21.32636260986328,19.048059463500977,0.18345393240451813,18.345394134521484,45.0565071105957
359,1,Bass,29.962928771972656,-29.96291160583496,0.0014303126372396946,0.0014303027419373393,0.0026513359043747187,99.85696411132812,99.85697174072266,99.73486328125,0.001007606158964336,0.10076061636209488,31.189821243286133,-31.189918518066406,0.0022988724522292614,0.002298871288076043,0.004378912970423698,99.77011108398438,99.77011108398438,99.5621109008789,0.0007597794174216688,0.07597794383764267,1.2355514764785767
359,2,Drums,-3.5137887001037598,3.5137887001037598,0.11972693353891373,0.11972611397504807,0.1451033502817154,88.02730560302734,88.02738952636719,85.48966979980469,0.691913366317749,69.19133758544922,13.038081169128418,-13.038082122802734,0.42445939779281616,0.4220476746559143,0.4465441405773163,57.55406188964844,57.795230865478516,55.3455810546875,0.04732980206608772,4.732980251312256,48.128543853759766
360,0,Vocal,25.97046661376953,-25.97049331665039,0.006071136798709631,0.006071136798709631,0.008580809459090233,99.39288330078125,99.39288330078125,99.14192199707031,0.0025226243305951357,0.2522624433040619,25.68342399597168,-25.683462142944336,0.005954931490123272,0.005954931490123272,0.00842609629034996,99.40451049804688,99.40451049804688,99.15739440917969,0.0026945851277559996,0.26945850253105164,-0.10662052035331726
360,1,Bass,15.670402526855469,-15.67039680480957,0.05845832824707031,0.058458030223846436,0.06564418971538544,94.15416717529297,94.1541976928711,93.43557739257812,0.026384441182017326,2.638444185256958,0.20997384190559387,-0.20997393131256104,0.9640153050422668,0.9439188241958618,0.9478768706321716,3.5984694957733154,5.608117580413818,5.212312698364258,0.4879153072834015,48.79153060913086,49.93052673339844
360,2,Drums,24.29568862915039,-24.295631408691406,0.0005049601895734668,0.0005049601895734668,0.0015341900289058685,99.94950103759766,99.94950103759766,99.8465805053711,0.0037052875850349665,0.3705287575721741,23.772022247314453,-23.772045135498047,0.0057405028492212296,0.0057404362596571445,0.005672543775290251,99.42594909667969,99.42595672607422,99.43274688720703,0.004178123082965612,0.417812317609787,-0.04394150525331497
361,0,Vocal,33.548858642578125,-33.549007415771484,0.023348750546574593,0.023348744958639145,0.02741226740181446,97.66512298583984,97.66512298583984,97.25877380371094,0.0004414601135067642,0.044146012514829636,34.23427200317383,-34.23427200317383,0.014356604777276516,0.014356548897922039,0.019012926146388054,98.56433868408203,98.56434631347656,98.09870910644531,0.0003770821203943342,0.037708211690187454,0.9022375345230103
361,1,Bass,16.130050659179688,-16.130041122436523,0.03743944689631462,0.037439215928316116,0.028111876919865608,96.25605010986328,96.2560806274414,97.18881225585938,0.023797694593667984,2.3797695636749268,21.888439178466797,-21.888456344604492,0.1783660352230072,0.17791657149791718,0.18521933257579803,82.16339111328125,82.20834350585938,81.47806549072266,0.006432090885937214,0.6432090997695923,12.509231567382812
361,2,Drums,34.844520568847656,-34.84476089477539,0.00252726161852479,0.0025272562634199858,0.0007830534013919532,99.74727630615234,99.74727630615234,99.92169952392578,0.00032763733179308474,0.032763734459877014,32.504249572753906,-32.50423049926758,0.009491984732449055,0.00949183665215969,0.005050758831202984,99.0508041381836,99.05081176757812,99.49491882324219,0.0005615226691588759,0.05615226551890373,-1.732967495918274
362,0,Vocal,26.36141014099121,-26.361379623413086,0.0075136590749025345,0.0075136576779186726,0.015241147950291634,99.2486343383789,99.2486343383789,98.47588348388672,0.0023060219828039408,0.2306022047996521,12.930419921875,-12.930421829223633,0.4871467351913452,0.48631805181503296,0.5580592751502991,51.28532791137695,51.368194580078125,44.19407272338867,0.048460159450769424,4.846015930175781,14.323704719543457
362,1,Bass,25.986955642700195,-25.986957550048828,0.001389598473906517,0.0013895940501242876,0.002256441628560424,99.86103820800781,99.86103820800781,99.77435302734375,0.0025131397414952517,0.2513139843940735,8.72935676574707,-8.72935676574707,0.253174751996994,0.2531737685203552,0.23633059859275818,74.68252563476562,74.68262481689453,76.36693572998047,0.1181560829281807,11.815608024597168,-0.9833680987358093
362,2,Drums,33.27824401855469,-33.278011322021484,0.015689682215452194,0.015689676627516747,0.01940765045583248,98.4310302734375,98.4310302734375,98.05923461914062,0.0004699030832853168,0.04699030891060829,14.21426773071289,-14.214268684387207,0.5254651308059692,0.5254634022712708,0.5327491164207458,47.453487396240234,47.45365905761719,46.72509002685547,0.036510713398456573,3.651071310043335,-18.18717384338379
363,0,Vocal,16.81624984741211,-16.816232681274414,0.010844288393855095,0.010844227857887745,0.015963571146130562,98.91557312011719,98.91557312011719,98.40364074707031,0.020390501245856285,2.0390501022338867,24.954681396484375,-24.954805374145508,0.013777391985058784,0.013777109794318676,0.019141020253300667,98.62226104736328,98.62228393554688,98.08589935302734,0.0031852407846599817,0.3185240924358368,8.5860013961792
363,1,Bass,16.33171844482422,-16.331737518310547,0.02261495217680931,0.022614769637584686,0.023576177656650543,97.7385025024414,97.738525390625,97.64237976074219,0.02274240367114544,2.274240255355835,22.820606231689453,-22.820571899414062,0.20199275016784668,0.20172615349292755,0.2116589993238449,79.80072784423828,79.82738494873047,78.83409881591797,0.0051961117424070835,0.5196111798286438,12.120270729064941
363,2,Drums,34.04018783569336,-34.03977584838867,0.000505521718878299,0.0005055212532170117,0.00032345473300665617,99.94944763183594,99.94944763183594,99.9676513671875,0.00039429788012057543,0.039429787546396255,35.1379280090332,-35.1375732421875,0.005033646710216999,0.005033536814153194,0.00495339697226882,99.49663543701172,99.49664306640625,99.5046615600586,0.0003062523901462555,0.03062523901462555,1.4755363464355469
364,0,Vocal,18.787744522094727,-18.787729263305664,0.02022356539964676,0.020223531872034073,0.025441590696573257,97.97764587402344,97.97764587402344,97.45584106445312,0.013047322630882263,1.304732322692871,14.457759857177734,-14.457758903503418,0.31566181778907776,0.3156249523162842,0.3301202952861786,68.43382263183594,68.43750762939453,66.98796844482422,0.03458891808986664,3.4588918685913086,7.151330947875977
364,1,Bass,16.720754623413086,-16.720748901367188,0.06478934735059738,0.0647893100976944,0.08557967096567154,93.52106475830078,93.52107238769531,91.44203186035156,0.020834438502788544,2.0834438800811768,21.946788787841797,-21.946800231933594,0.04970927536487579,0.049704410135746,0.054117098450660706,95.0290756225586,95.02955627441406,94.58829498291016,0.006346846465021372,0.6346846222877502,6.876110076904297
364,2,Drums,37.20710372924805,-37.207088470458984,0.00018383115821052343,0.00018383070710115135,0.0006858272827230394,99.98162078857422,99.98162078857422,99.9314193725586,0.00019021173648070544,0.01902117393910885,23.536392211914062,-23.536418914794922,0.11522872000932693,0.11522804200649261,0.12344811856746674,88.47712707519531,88.4771957397461,87.65518951416016,0.0044100284576416016,0.44100284576416016,-5.499995231628418
365,0,Vocal,18.066604614257812,-18.06660270690918,0.022514862939715385,0.022514861077070236,0.040072470903396606,97.7485122680664,97.7485122680664,95.99275207519531,0.01536788884550333,1.5367889404296875,6.898623466491699,-6.898622989654541,0.6696575284004211,0.6682114601135254,0.689887523651123,33.03424835205078,33.178855895996094,31.011247634887695,0.1695997416973114,16.95997428894043,25.47453498840332
365,1,Bass,21.74757194519043,-21.747560501098633,0.005323096178472042,0.005323092453181744,0.006897583603858948,99.46768951416016,99.46768951416016,99.31024169921875,0.006642816588282585,0.6642816662788391,3.622114419937134,-3.622114658355713,0.3427392244338989,0.3425615131855011,0.3980673551559448,65.72607421875,65.74385070800781,60.19326400756836,0.3027951717376709,30.279518127441406,-3.3018264770507812
365,2,Drums,29.114395141601562,-29.11435317993164,0.0015127771766856313,0.0015127771766856313,0.0023179256822913885,99.84872436523438,99.84872436523438,99.7682113647461,0.001224688021466136,0.12246879935264587,14.484050750732422,-14.484044075012207,0.20651012659072876,0.20647308230400085,0.19515672326087952,79.34898376464844,79.35269165039062,80.48432922363281,0.034387312829494476,3.4387311935424805,-9.7428560256958
366,0,Vocal,24.292604446411133,-24.292573928833008,0.0002967474574688822,0.00029674742836505175,0.0035236573312431574,99.97032165527344,99.97032165527344,99.64763641357422,0.0037078855093568563,0.3707885444164276,29.613676071166992,-29.614070892333984,0.007650479674339294,0.007650443352758884,0.010868876241147518,99.23494720458984,99.23495483398438,98.91311645507812,0.001091812620870769,0.10918126255273819,5.895601272583008
366,1,Bass,22.888484954833984,-22.888490676879883,0.0008305878727696836,0.0008305868832394481,0.0007721192669123411,99.91693878173828,99.91693878173828,99.92279052734375,0.0051159183494746685,0.5115918517112732,28.448848724365234,-28.449127197265625,0.010331281460821629,0.010330498218536377,0.004832541104406118,98.96687316894531,98.96694946289062,99.5167465209961,0.001427216804586351,0.14272168278694153,6.165320873260498
366,2,Drums,-7.049983978271484,7.049983024597168,0.10510818660259247,0.10510814934968948,0.11528263986110687,89.48918151855469,89.48918914794922,88.47173309326172,0.8352522850036621,83.52523040771484,-21.664203643798828,21.664203643798828,0.6031408905982971,0.6027815341949463,0.6083911061286926,39.685909271240234,39.72184753417969,39.160888671875,0.9932293891906738,99.32293701171875,23.942655563354492
367,0,Vocal,28.79224395751953,-28.792320251464844,0.006527346093207598,0.006527344696223736,0.009563034400343895,99.3472671508789,99.3472671508789,99.04369354248047,0.001318848691880703,0.1318848729133606,28.325645446777344,-28.325727462768555,0.01075491402298212,0.010754912160336971,0.01375017873942852,98.92450714111328,98.92451477050781,98.6249771118164,0.001468268921598792,0.14682689309120178,-0.2653713822364807
367,1,Bass,18.322952270507812,-18.32294273376465,0.017677847295999527,0.017677847295999527,0.018702233210206032,98.23221588134766,98.23221588134766,98.12977600097656,0.014499819837510586,1.449981927871704,-3.006986379623413,3.006986379623413,0.8130083084106445,0.8088164925575256,0.8153496980667114,18.699169158935547,19.118350982666016,18.465030670166016,0.6664971113204956,66.64971160888672,46.09422302246094
367,2,Drums,39.8587646484375,-39.85798645019531,0.001541997422464192,0.0015419943956658244,0.001982780871912837,99.8458023071289,99.8458023071289,99.80171966552734,0.00010328516509616747,0.010328516364097595,6.453523635864258,-6.4535231590271,0.6501944661140442,0.650178849697113,0.6845256686210632,34.980552673339844,34.98211669921875,31.547433853149414,0.18452608585357666,18.452608108520508,-11.684735298156738
368,0,Vocal,12.57917308807373,-12.579181671142578,0.09501723945140839,0.09501692652702332,0.0957665666937828,90.49827575683594,90.49830627441406,90.42334747314453,0.05232873186469078,5.23287296295166,32.34394454956055,-32.343467712402344,0.03238052874803543,0.032379236072301865,0.033768247812986374,96.76194763183594,96.76207733154297,96.62317657470703,0.0005825884873047471,0.05825885012745857,19.936214447021484
368,1,Bass,12.286252975463867,-12.28625202178955,0.20195727050304413,0.2019565999507904,0.1980402171611786,79.80426788330078,79.80433654785156,80.19597625732422,0.05577632784843445,5.577632904052734,-5.318332672119141,5.318332672119141,0.6485291719436646,0.6472783088684082,0.6626132726669312,35.1470832824707,35.27217102050781,33.73867416381836,0.7728705406188965,77.28705596923828,23.260400772094727
368,2,Drums,45.248695373535156,-45.251792907714844,0.0009561461629346013,0.0009561461629346013,0.0010727423941716552,99.90438842773438,99.90438842773438,99.8927230834961,2.9836040994268842e-05,0.0029836040921509266,16.826030731201172,-16.826026916503906,0.28621628880500793,0.28571054339408875,0.27550461888313293,71.37837219238281,71.42893981933594,72.44953918457031,0.020345540717244148,2.0345540046691895,-20.86897087097168
369,0,Vocal,17.248062133789062,-17.248062133789062,0.07448163628578186,0.07448156923055649,0.07555816322565079,92.55184173583984,92.55184173583984,92.44418334960938,0.018496347591280937,1.8496347665786743,41.47321701049805,-41.47966003417969,0.0005372458253987134,0.0005372451851144433,0.0009057843708433211,99.94628143310547,99.94628143310547,99.90941619873047,7.116466440493241e-05,0.007116466294974089,24.372562408447266
369,1,Bass,3.1096222400665283,-3.109621524810791,0.33219659328460693,0.332195907831192,0.3316597640514374,66.78034210205078,66.78041076660156,66.83402252197266,0.32827070355415344,32.82707214355469,-7.163443565368652,7.163443565368652,0.8354719877243042,0.8346709609031677,0.8802667856216431,16.452800750732422,16.53290367126465,11.973321914672852,0.8388158679008484,83.88158416748047,50.187801361083984
369,2,Drums,38.79288864135742,-38.79076385498047,0.0012368493480607867,0.0012368493480607867,0.001282346434891224,99.87631225585938,99.87631225585938,99.87176513671875,0.00013205394498072565,0.013205394148826599,34.254234313964844,-34.253990173339844,0.002246279502287507,0.0022462790366262197,0.0,99.77537536621094,99.77537536621094,100.0,0.0003753628407139331,0.03753628581762314,-4.0607194900512695
370,0,Vocal,11.525083541870117,-11.52508544921875,0.20618773996829987,0.2061874121427536,0.205756276845932,79.3812255859375,79.38125610351562,79.42436981201172,0.0657583624124527,6.575836181640625,30.158063888549805,-30.158126831054688,0.003397745545953512,0.003397695254534483,0.002547486685216427,99.66022491455078,99.66023254394531,99.74524688720703,0.000963329104706645,0.09633290767669678,18.752361297607422
370,1,Bass,3.82460355758667,-3.824603319168091,0.2742900848388672,0.2742897570133209,0.27638348937034607,72.57099151611328,72.57102966308594,72.36164855957031,0.2930436134338379,29.30436134338379,7.614322185516357,-7.614322185516357,0.7262195944786072,0.7262043356895447,0.7403270602226257,27.378040313720703,27.379566192626953,25.967294692993164,0.14763617515563965,14.763617515563965,35.64717483520508
370,2,Drums,36.67359924316406,-36.673797607421875,0.0005148764466866851,0.0005148640484549105,0.0010906524257734418,99.94851684570312,99.94851684570312,99.89093780517578,0.00021507056953851134,0.021507056429982185,36.096107482910156,-36.09523010253906,0.0014551673084497452,0.0014551449567079544,0.0013457786990329623,99.85448455810547,99.85448455810547,99.86542510986328,0.0002456548099871725,0.024565480649471283,-0.32933372259140015
371,0,Vocal,11.892367362976074,-11.89236831665039,0.23452700674533844,0.23452700674533844,0.23636691272258759,76.54730224609375,76.54730224609375,76.3633041381836,0.06074977293610573,6.074977397918701,34.241146087646484,-34.240970611572266,0.0024926834739744663,0.002492680447176099,0.010828844271600246,99.750732421875,99.750732421875,98.9171142578125,0.0003764741122722626,0.03764741122722626,22.521963119506836
371,1,Bass,6.420207977294922,-6.420207500457764,0.12161096930503845,0.12160748243331909,0.10754815489053726,87.83889770507812,87.83924865722656,89.24518585205078,0.18568317592144012,18.568317413330078,27.528818130493164,-27.528827667236328,0.041244987398386,0.041242364794015884,0.05540512129664421,95.87550354003906,95.87576293945312,94.45948791503906,0.0017634102841839194,0.17634102702140808,21.311853408813477
371,2,Drums,36.54547882080078,-36.544403076171875,0.0003864130121655762,0.0003864079772029072,0.002183516975492239,99.96135711669922,99.96135711669922,99.78164672851562,0.00022149413416627795,0.02214941382408142,23.35506820678711,-23.355056762695312,0.08568413555622101,0.08567463606595993,0.0914822667837143,91.43158721923828,91.43253326416016,90.85176849365234,0.004597234074026346,0.45972341299057007,-9.97380542755127
372,0,Vocal,12.013315200805664,-12.013321876525879,0.24774101376533508,0.2477407157421112,0.24592995643615723,75.22589874267578,75.22592163085938,75.4070053100586,0.05917995423078537,5.917995452880859,33.12286376953125,-33.12297058105469,0.0030494157690554857,0.0030494011007249355,0.004862945061177015,99.69505310058594,99.69506072998047,99.51370239257812,0.0004869988770224154,0.048699889332056046,21.259546279907227
372,1,Bass,7.179333686828613,-7.1793341636657715,0.2373601347208023,0.23735842108726501,0.23080384731292725,76.26398468017578,76.26415252685547,76.91961669921875,0.160690039396286,16.06900405883789,21.57984733581543,-21.57984733581543,0.07676852494478226,0.07676809281110764,0.06730729341506958,92.32315063476562,92.32318878173828,93.26927185058594,0.006902544759213924,0.6902544498443604,16.510839462280273
372,2,Drums,40.474334716796875,-40.47486114501953,0.0006596844177693129,0.0006596833118237555,0.0006080975872464478,99.93402862548828,99.93402862548828,99.93919372558594,8.965955930761993e-05,0.008965956047177315,31.958314895629883,-31.95796775817871,0.01471380889415741,0.014713806100189686,0.017872588708996773,98.52861785888672,98.52861785888672,98.2127456665039,0.0006366616580635309,0.06366616487503052,-7.324313163757324
373,0,Vocal,16.137535095214844,-16.137527465820312,0.07193267345428467,0.07193266600370407,0.07235667109489441,92.80673217773438,92.80673217773438,92.76432800292969,0.0237576961517334,2.37576961517334,23.4998722076416,-23.49987030029297,0.004639665130525827,0.004639662802219391,0.00599129730835557,99.5360336303711,99.5360336303711,99.40087127685547,0.004447085317224264,0.44470852613449097,7.495029926300049
373,1,Bass,7.61948823928833,-7.61948823928833,0.2695285677909851,0.26952847838401794,0.2675311267375946,73.0471420288086,73.04714965820312,73.24688720703125,0.14748656749725342,14.7486572265625,-0.20044180750846863,0.20044302940368652,0.727994441986084,0.7230584621429443,0.7515019178390503,27.2005558013916,27.69415283203125,24.849807739257812,0.5115363597869873,51.15363693237305,23.78913688659668
373,2,Drums,26.492877960205078,-26.492877960205078,0.0001755233242874965,0.00017552329518366605,0.0005804504617117345,99.9824447631836,99.9824447631836,99.94195556640625,0.002237392822280526,0.22373928129673004,21.9241886138916,-21.92420768737793,0.05060504749417305,0.05060405284166336,0.04857740178704262,94.93949127197266,94.9395980834961,95.14225769042969,0.006379708647727966,0.6379708647727966,-0.9477643370628357
374,0,Vocal,13.7403564453125,-13.74035358428955,0.13356907665729523,0.13356906175613403,0.13261842727661133,86.64309692382812,86.64309692382812,86.7381591796875,0.04054967686533928,4.054967880249023,28.343868255615234,-28.343902587890625,0.0021009487099945545,0.0021009487099945545,0.0024290340952575207,99.78990173339844,99.78990173339844,99.75709533691406,0.001462090527638793,0.14620904624462128,14.728654861450195
374,1,Bass,9.517899513244629,-9.517899513244629,0.24806393682956696,0.24806387722492218,0.25191810727119446,75.19361114501953,75.19361114501953,74.80818939208984,0.1005093976855278,10.050939559936523,-8.741752624511719,8.741752624511719,0.798357367515564,0.7982443571090698,0.8022845983505249,20.164262771606445,20.17556381225586,19.77153968811035,0.8821409940719604,88.21409606933594,42.89717102050781
374,2,Drums,30.08498191833496,-30.085033416748047,0.00018091226229444146,0.00018091224774252623,0.0005706780357286334,99.9819107055664,99.9819107055664,99.94293212890625,0.0009796592639759183,0.09796592593193054,24.18511199951172,-24.185134887695312,0.05278834328055382,0.05278816446661949,0.05813445895910263,94.7211685180664,94.72118377685547,94.18655395507812,0.0038004282396286726,0.38004282116889954,-3.9984078407287598
375,0,Vocal,15.751766204833984,-15.75177001953125,0.09891247749328613,0.09891042113304138,0.10117097198963165,90.10874938964844,90.10895538330078,89.88290405273438,0.025907378643751144,2.590737819671631,35.056678771972656,-35.056392669677734,0.0020653163082897663,0.0020652892999351025,0.003534229239448905,99.79347229003906,99.79347229003906,99.64657592773438,0.0003120489127468318,0.031204890459775925,19.413331985473633
375,1,Bass,7.6047258377075195,-7.604725360870361,0.15143969655036926,0.15143781900405884,0.1387374997138977,84.85603332519531,84.85621643066406,86.12625122070312,0.14791445434093475,14.7914457321167,-8.551199913024902,8.551199913024902,0.7762662768363953,0.7761107683181763,0.7884726524353027,22.37337303161621,22.38892364501953,21.152734756469727,0.8775022029876709,87.7502212524414,40.62061309814453
375,2,Drums,26.682348251342773,-26.68228530883789,0.00024126812058966607,0.00024126753851305693,0.0019869909156113863,99.97587585449219,99.97587585449219,99.80130004882812,0.002142051700502634,0.21420517563819885,17.49017906188965,-17.490171432495117,0.23158739507198334,0.23158594965934753,0.21652522683143616,76.84126281738281,76.84140014648438,78.34748077392578,0.017510948702692986,1.7510948181152344,-3.0465683937072754
376,0,Vocal,6.079724311828613,-6.079724311828613,0.020076900720596313,0.020076576620340347,0.020792217925190926,97.9923095703125,97.99234008789062,97.9207763671875,0.19783072173595428,19.783071517944336,31.251285552978516,-31.251344680786133,0.02410503476858139,0.02410493791103363,0.02797500602900982,97.5895004272461,97.58950805664062,97.20249938964844,0.0007491185097023845,0.07491184771060944,25.394624710083008
376,1,Bass,16.11537742614746,-16.11537742614746,0.016276918351650238,0.016276907175779343,0.059379372745752335,98.37230682373047,98.37230682373047,94.06205749511719,0.023876341059803963,2.387634038925171,26.859437942504883,-26.85946273803711,0.03410235792398453,0.03410233557224274,0.028966378420591354,96.58975982666016,96.58976745605469,97.10336303710938,0.0020566892344504595,0.20566892623901367,10.544300079345703
376,2,Drums,18.768287658691406,-18.768281936645508,0.007139722816646099,0.007139713503420353,0.012235384434461594,99.28602600097656,99.28602600097656,98.77645874023438,0.01310514286160469,1.3105143308639526,19.702573776245117,-19.70257568359375,0.010152343660593033,0.010152274742722511,0.014064481481909752,98.9847640991211,98.98477172851562,98.59355163574219,0.010595393367111683,1.0595393180847168,1.3303545713424683
377,0,Vocal,5.20789098739624,-5.20789098739624,0.00765917357057333,0.0076589686796069145,0.0086583336815238,99.23407745361328,99.23410034179688,99.13416290283203,0.2316245138645172,23.162450790405273,12.140616416931152,-12.140616416931152,0.8026324510574341,0.8007365465164185,0.8049588203430176,19.73675537109375,19.926345825195312,19.504117965698242,0.057568907737731934,5.756890773773193,56.40102005004883
377,1,Bass,19.8714656829834,-19.871471405029297,0.012527387589216232,0.012527113780379295,0.01939283311367035,98.74726104736328,98.7472915649414,98.06071472167969,0.010195383802056313,1.019538402557373,20.136873245239258,-20.13688087463379,0.012278353795409203,0.01227827649563551,0.01889042928814888,98.77216339111328,98.77217102050781,98.11095428466797,0.009596763178706169,0.9596763253211975,0.29775533080101013
377,2,Drums,15.020572662353516,-15.020565032958984,0.005064402706921101,0.005064358934760094,0.008279062807559967,99.49356079101562,99.49356079101562,99.17208862304688,0.030513007193803787,3.0513007640838623,28.997880935668945,-28.997745513916016,0.010785160586237907,0.010784205980598927,0.011994007974863052,98.9214859008789,98.92157745361328,98.80059814453125,0.0012579846661537886,0.12579846382141113,14.24221134185791
378,0,Vocal,34.28330612182617,-34.2833137512207,0.004860875196754932,0.004860874265432358,0.005536901764571667,99.513916015625,99.513916015625,99.4463119506836,0.000372818554751575,0.03728185594081879,34.657352447509766,-34.65636444091797,0.004714826587587595,0.004714782349765301,0.005621796939522028,99.52851867675781,99.52851867675781,99.43782043457031,0.00034208293072879314,0.03420829400420189,0.44239214062690735
378,1,Bass,1.649947166442871,-1.6499476432800293,0.7390375733375549,0.7388471961021423,0.7369310259819031,26.096242904663086,26.115280151367188,26.30689811706543,0.4061475098133087,40.614749908447266,7.2464470863342285,-7.246447563171387,0.9495633840560913,0.9483275413513184,0.9756516218185425,5.043661594390869,5.167245864868164,2.434837818145752,0.1586167812347412,15.861678123474121,48.35939407348633
378,2,Drums,33.5138053894043,-33.51386642456055,0.007100341375917196,0.007100339978933334,0.007606534752994776,99.28996276855469,99.28996276855469,99.23934936523438,0.0004450893902685493,0.04450893774628639,27.219207763671875,-27.219219207763672,0.014270015060901642,0.014269659295678139,0.01413602102547884,98.572998046875,98.57303619384766,98.58639526367188,0.001893433858640492,0.1893433928489685,-5.732697486877441
379,0,Vocal,14.133919715881348,-14.133906364440918,0.021654313430190086,0.02165427803993225,0.024057187139987946,97.8345718383789,97.8345718383789,97.59427642822266,0.03716716542840004,3.7167165279388428,-2.1156845092773438,2.1156845092773438,0.9085947275161743,0.9081834554672241,0.9164944887161255,9.140527725219727,9.18165397644043,8.35055160522461,0.6194358468055725,61.94358444213867,13.398272514343262
379,1,Bass,20.64950180053711,-20.64948844909668,0.06667522341012955,0.06666819751262665,0.06829575449228287,93.33247375488281,93.33317565917969,93.17042541503906,0.008537371642887592,0.8537371754646301,23.494556427001953,-23.49454689025879,0.08103693276643753,0.08103515207767487,0.08974180370569229,91.89630889892578,91.896484375,91.02581787109375,0.004452575463801622,0.4452575445175171,3.042132616043091
379,2,Drums,31.682832717895508,-31.68292999267578,0.014705450274050236,0.014705435372889042,0.014330246485769749,98.52944946289062,98.52945709228516,98.56697082519531,0.0006783186690881848,0.0678318664431572,30.73320770263672,-30.733129501342773,0.018953105434775352,0.018952613696455956,0.019234880805015564,98.10469055175781,98.104736328125,98.07650756835938,0.0008439540979452431,0.0843954086303711,-0.6068540215492249
380,0,Vocal,17.35955047607422,-17.359542846679688,0.04705264791846275,0.04705255478620529,0.04983950033783913,95.29473876953125,95.29474639892578,95.01605224609375,0.0180360134691,1.8036013841629028,40.2850341796875,-40.29009246826172,0.0009199549094773829,0.0009199531632475555,0.0018950053490698338,99.90800476074219,99.90800476074219,99.81050109863281,9.361845877720043e-05,0.009361845441162586,22.979949951171875
380,1,Bass,22.784648895263672,-22.7846622467041,0.023068921640515327,0.023068590089678764,0.02465115860104561,97.69310760498047,97.6931381225586,97.53488159179688,0.00523909367620945,0.5239093899726868,25.680538177490234,-25.680561065673828,0.02216739021241665,0.02216709963977337,0.0,97.78326416015625,97.78329467773438,100.0,0.0026963213458657265,0.26963213086128235,2.8323559761047363
380,2,Drums,16.437925338745117,-16.43792724609375,0.00113982695620507,0.001139820204116404,0.006666839122772217,99.88601684570312,99.88601684570312,99.33331298828125,0.022205231711268425,2.2205231189727783,24.613914489746094,-24.613855361938477,0.00903855636715889,0.00903834868222475,0.011786997318267822,99.09614562988281,99.0961685180664,98.82129669189453,0.003444373607635498,0.3444373607635498,8.666374206542969
381,0,Vocal,12.146493911743164,-12.146501541137695,0.006206806283444166,0.006206806283444166,0.006367454770952463,99.37931823730469,99.37931823730469,99.3632583618164,0.05749547481536865,5.749547481536865,9.213577270507812,-9.213578224182129,0.8787603974342346,0.8614740967750549,0.8609824180603027,12.123960494995117,13.852590560913086,13.901758193969727,0.1070241704583168,10.702417373657227,50.624454498291016
381,1,Bass,16.009239196777344,-16.00923728942871,0.02022307924926281,0.020223068073391914,0.01831529662013054,97.97769165039062,97.97769165039062,98.16847229003906,0.024452554062008858,2.4452555179595947,17.353927612304688,-17.353927612304688,0.017304977402091026,0.017304809764027596,0.01612919010221958,98.26950073242188,98.26951599121094,98.38707733154297,0.01805899478495121,1.8058995008468628,1.4316740036010742
381,2,Drums,17.34650421142578,-17.346494674682617,0.004636676050722599,0.0046366555616259575,0.0042997729033231735,99.53633117675781,99.53633880615234,99.57002258300781,0.018089311197400093,1.8089311122894287,19.84846305847168,-19.848453521728516,0.05100615322589874,0.051005374640226364,0.044986311346292496,94.89938354492188,94.89945983886719,95.5013656616211,0.010248982347548008,1.0248982906341553,4.582404613494873
382,0,Vocal,17.735170364379883,-17.735164642333984,0.06519529223442078,0.06519529223442078,0.06720156967639923,93.48046875,93.48046875,93.27984619140625,0.01656639575958252,1.656639575958252,19.11644744873047,-19.1164493560791,0.22471372783184052,0.22469356656074524,0.23625674843788147,77.52862548828125,77.53064727783203,76.37432861328125,0.012107795104384422,1.2107795476913452,19.58321189880371
382,1,Bass,28.28190040588379,-28.281803131103516,0.09132746607065201,0.09132746607065201,0.09822440892457962,90.86724853515625,90.86724853515625,90.17755889892578,0.0014830828877165914,0.14830829203128815,28.485877990722656,-28.486175537109375,0.08876271545886993,0.08876270800828934,0.0958503931760788,91.12373352050781,91.12373352050781,90.41496276855469,0.001415100647136569,0.14151006937026978,0.29721444845199585
382,2,Drums,24.068466186523438,-24.068435668945312,0.013179519213736057,0.013179507106542587,0.012638642452657223,98.68204498291016,98.68205261230469,98.73613739013672,0.003903561271727085,0.3903561234474182,21.622573852539062,-21.622547149658203,0.043724916875362396,0.04372458904981613,0.0451522134244442,95.62751007080078,95.6275405883789,95.48477935791016,0.0068354299291968346,0.6835429668426514,-0.9548037648200989
383,0,Vocal,5.119078636169434,-5.119078636169434,0.03465297445654869,0.03465283662080765,0.03457916900515556,96.53470611572266,96.53471374511719,96.54208374023438,0.2352839857339859,23.528398513793945,13.4984130859375,-13.498416900634766,0.340575635433197,0.3405739367008209,0.3845972418785095,65.94243621826172,65.94261169433594,61.54027557373047,0.042773328721523285,4.277332782745361,23.080026626586914
383,1,Bass,15.407547950744629,-15.407544136047363,0.00742509076371789,0.0074249026365578175,0.00015247751434799284,99.25749206542969,99.25750732421875,99.98475646972656,0.027984583750367165,2.7984583377838135,16.947214126586914,-16.94721031188965,0.013473142869770527,0.013472775928676128,0.004734584130346775,98.6526870727539,98.65271759033203,99.52654266357422,0.019796783104538918,1.9796782732009888,1.5659937858581543
383,2,Drums,17.24995994567871,-17.24996566772461,0.011411743238568306,0.011411553248763084,0.01722905971109867,98.85882568359375,98.85884857177734,98.27709197998047,0.01848839595913887,1.8488396406173706,25.131624221801758,-25.131549835205078,0.08571667969226837,0.0857166275382042,0.0834907591342926,91.42833709716797,91.42833709716797,91.65092468261719,0.0030585085041821003,0.3058508634567261,10.272212982177734
384,0,Vocal,11.865654945373535,-11.865649223327637,0.4346899390220642,0.43468955159187317,0.43957147002220154,56.531005859375,56.53104782104492,56.042850494384766,0.061101701110601425,6.110169887542725,2.7120625972747803,-2.712061643600464,0.8915161490440369,0.8801044225692749,0.8795096278190613,10.848384857177734,11.989557266235352,12.049036979675293,0.3487642705440521,34.876426696777344,47.25541687011719
384,1,Bass,8.146394729614258,-8.146393775939941,0.4483886957168579,0.4483886957168579,0.4560011625289917,55.161128997802734,55.161128997802734,54.39988327026367,0.1328747570514679,13.2874755859375,16.69644546508789,-16.696426391601562,0.1897885948419571,0.18978649377822876,0.22190694510936737,81.0211410522461,81.02134704589844,77.8093032836914,0.020948931574821472,2.094893217086792,25.610729217529297
384,2,Drums,43.625701904296875,-43.623077392578125,0.0007572841714136302,0.0007572838803753257,0.0007819297607056797,99.92427062988281,99.92427062988281,99.92180633544922,4.337236168794334e-05,0.004337236285209656,18.307003021240234,-18.306997299194336,0.24297578632831573,0.24297574162483215,0.2535921037197113,75.70242309570312,75.70243072509766,74.64078521728516,0.01455235667526722,1.4552357196807861,-15.478438377380371
385,0,Vocal,13.684931755065918,-13.684932708740234,0.4892932176589966,0.4892929792404175,0.4905034601688385,51.0706787109375,51.070701599121094,50.94965744018555,0.04104909673333168,4.104909896850586,4.210362911224365,-4.210362434387207,0.7703006267547607,0.7608814239501953,0.7687612771987915,22.96993637084961,23.91185760498047,23.123872756958008,0.27498579025268555,27.498579025268555,40.67417907714844
385,1,Bass,9.969627380371094,-9.969626426696777,0.7146633267402649,0.7146631479263306,0.7125875949859619,28.533666610717773,28.5336856842041,28.741241455078125,0.09148874878883362,9.14887523651123,22.88385581970215,-22.883834838867188,0.04481753334403038,0.04481625556945801,0.04099925979971886,95.51824951171875,95.51837158203125,95.90007781982422,0.005121359135955572,0.512135922908783,13.01171875
385,2,Drums,33.46577453613281,-33.46574401855469,0.00163937546312809,0.00163937546312809,0.0011732525890693069,99.8360595703125,99.8360595703125,99.88267517089844,0.0004500717332120985,0.04500717297196388,33.877750396728516,-33.877620697021484,0.0053138029761612415,0.0053137377835810184,0.004964376799762249,99.46862030029297,99.4686279296875,99.5035629272461,0.00040936190634965897,0.0409361906349659,0.5892331004142761
386,0,Vocal,17.896608352661133,-17.896602630615234,0.20655158162117004,0.20655158162117004,0.2108944058418274,79.3448486328125,79.3448486328125,78.91056060791016,0.015971597284078598,1.597159743309021,19.87703514099121,-19.877016067504883,0.050057001411914825,0.05005582422018051,0.04687194153666496,94.99430084228516,94.99442291259766,95.31280517578125,0.010182435624301434,1.0182435512542725,2.73913836479187
386,1,Bass,14.142717361450195,-14.142728805541992,0.4287661910057068,0.4287658631801605,0.41746240854263306,57.123382568359375,57.123409271240234,58.25375747680664,0.03709467127919197,3.7094671726226807,28.272645950317383,-28.27264976501465,0.06093516945838928,0.06093508005142212,0.062151867896318436,93.90648651123047,93.906494140625,93.7848129272461,0.0014862398384138942,0.148623988032341,14.793783187866211
386,2,Drums,31.583538055419922,-31.583463668823242,0.0016362606547772884,0.0016362606547772884,0.0,99.83637237548828,99.83637237548828,100.0,0.0006940113962627947,0.06940113753080368,33.659358978271484,-33.65940856933594,0.005977220833301544,0.005977203603833914,0.0028300187550485134,99.40227508544922,99.40227508544922,99.71699523925781,0.00043037673458456993,0.04303767532110214,2.623647928237915
387,0,Vocal,5.877786636352539,-5.8777875900268555,0.7022912502288818,0.7022265195846558,0.7139847874641418,29.7708740234375,29.777347564697266,28.601520538330078,0.20531338453292847,20.53133773803711,1.6223156452178955,-1.6223156452178955,0.9234214425086975,0.9120047092437744,0.9149203896522522,7.657855987548828,8.799529075622559,8.50796127319336,0.40768298506736755,40.7682991027832,53.74516296386719
387,1,Bass,18.409210205078125,-18.40918731689453,0.6634457111358643,0.6634207963943481,0.6643109321594238,33.65542984008789,33.657920837402344,33.56890869140625,0.014218677766621113,1.4218677282333374,30.727378845214844,-30.727256774902344,0.04787958040833473,0.0478774756193161,0.05335001274943352,95.21204376220703,95.21224975585938,94.66499328613281,0.0008450915920548141,0.08450915664434433,12.953526496887207
387,2,Drums,40.14091873168945,-40.14179611206055,0.0006012412486597896,0.0006012400845065713,0.00035149886389262974,99.93988037109375,99.93988037109375,99.96485137939453,9.677230264060199e-05,0.009677230380475521,24.600135803222656,-24.600160598754883,0.1954750418663025,0.1954750418663025,0.19413675367832184,80.45249938964844,80.45249938964844,80.5863265991211,0.0034552873112261295,0.3455287218093872,-11.692206382751465
388,0,Vocal,9.244686126708984,-9.244686126708984,0.2173658162355423,0.2173658013343811,0.21404141187667847,78.26342010498047,78.26342010498047,78.59585571289062,0.10634154826402664,10.6341552734375,-4.14324951171875,4.143249988555908,0.9633420705795288,0.9628697037696838,0.9669541120529175,3.665792942047119,3.713029623031616,3.304588794708252,0.7219226360321045,72.1922607421875,26.514875411987305
388,1,Bass,11.984051704406738,-11.984048843383789,0.5343588590621948,0.53435879945755,0.5364924669265747,46.56411361694336,46.56412124633789,46.35075378417969,0.05955633148550987,5.955633163452148,20.723297119140625,-20.72330665588379,0.1691485494375229,0.16912521421909332,0.17779640853405,83.08514404296875,83.08747863769531,82.2203598022461,0.008394753560423851,0.8394753336906433,12.812323570251465
388,2,Drums,35.336883544921875,-35.33717727661133,0.004360711667686701,0.004360710736364126,0.003752659074962139,99.56392669677734,99.56392669677734,99.6247329711914,0.00029255234403535724,0.029255233705043793,31.784446716308594,-31.784168243408203,0.016629548743367195,0.01662951335310936,0.013795808888971806,98.33704376220703,98.33705139160156,98.62042236328125,0.0006626540562137961,0.06626540422439575,-3.0822882652282715
389,0,Vocal,12.261253356933594,-12.261253356933594,0.22820428013801575,0.22820396721363068,0.2174062430858612,77.17957305908203,77.17960357666016,78.25936889648438,0.05608024448156357,5.608024597167969,21.429283142089844,-21.42926025390625,0.05644170939922333,0.0564383938908577,0.05958269536495209,94.35582733154297,94.35616302490234,94.04173278808594,0.007144277915358543,0.7144277691841125,9.323627471923828
389,1,Bass,6.402070045471191,-6.402070045471191,0.6945262551307678,0.6945261359214783,0.6781823635101318,30.547374725341797,30.547386169433594,32.1817626953125,0.18631552159786224,18.63155174255371,19.842546463012695,-19.842546463012695,0.04305769130587578,0.043057385832071304,0.0325143076479435,95.69422912597656,95.69425964355469,96.74856567382812,0.010262803174555302,1.0262802839279175,15.408623695373535
389,2,Drums,38.17093276977539,-38.17021560668945,0.00031102122738957405,0.00031102122738957405,0.0006546750664710999,99.9688949584961,99.9688949584961,99.93453216552734,0.00015236847684718668,0.015236848033964634,37.31460189819336,-37.31348419189453,0.004760541021823883,0.004760485142469406,0.005584222264587879,99.52394104003906,99.5239486694336,99.44157409667969,0.00018555343558546156,0.01855534315109253,-0.3387972116470337
390,0,Vocal,18.481542587280273,-18.48154640197754,0.20043446123600006,0.20043432712554932,0.20137493312358856,79.95655822753906,79.9565658569336,79.86250305175781,0.013987088575959206,1.3987088203430176,31.265140533447266,-31.26528549194336,0.013137929141521454,0.01313769817352295,0.013372005894780159,98.68620300292969,98.68623352050781,98.66279602050781,0.0007467330433428288,0.07467330247163773,12.842293739318848
390,1,Bass,3.0926897525787354,-3.0926897525787354,0.6876208782196045,0.6876206398010254,0.6776537895202637,31.237911224365234,31.23793601989746,32.234619140625,0.32913094758987427,32.91309356689453,18.290302276611328,-18.290307998657227,0.07270384579896927,0.07270249724388123,0.026605241000652313,92.7296142578125,92.72974395751953,97.3394775390625,0.014607638120651245,1.4607638120651245,17.144922256469727
390,2,Drums,36.251708984375,-36.251617431640625,0.0003417744592297822,0.00034177443012595177,0.0004927795380353928,99.9658203125,99.9658203125,99.95072174072266,0.00023700634483247995,0.023700634017586708,26.430131912231445,-26.430084228515625,0.024193381890654564,0.024193381890654564,0.019832972437143326,97.58065795898438,97.58065795898438,98.0167007446289,0.0022698920220136642,0.22698920965194702,-8.497194290161133
391,0,Vocal,21.72511100769043,-21.725080490112305,0.07117403298616409,0.0711740255355835,0.07209286093711853,92.88259887695312,92.88259887695312,92.79071044921875,0.006677014287561178,0.6677014231681824,23.880746841430664,-23.880693435668945,0.029103605076670647,0.02910260297358036,0.030126648023724556,97.08964538574219,97.08973693847656,96.98733520507812,0.004075231030583382,0.40752309560775757,2.284348487854004
391,1,Bass,22.02417755126953,-22.024185180664062,0.5063090920448303,0.5062797665596008,0.5033356547355652,49.36909103393555,49.37202453613281,49.66643524169922,0.0062354207038879395,0.623542070388794,24.147602081298828,-24.14761734008789,0.050438303500413895,0.050421442836523056,0.04946087673306465,94.95616912841797,94.95785522460938,95.05390930175781,0.0038332708645612,0.38332709670066833,3.5399632453918457
391,2,Drums,36.520999908447266,-36.52092742919922,0.007707538083195686,0.007707478478550911,0.009216350503265858,99.229248046875,99.22925567626953,99.07836151123047,0.00022275454830378294,0.02227545529603958,19.700302124023438,-19.700305938720703,0.08706746995449066,0.087058886885643,0.08181100338697433,91.29325103759766,91.29411315917969,91.81890106201172,0.010600846260786057,1.060084581375122,-12.417352676391602
392,0,Vocal,34.469207763671875,-34.46888732910156,0.036802392452955246,0.03680219501256943,0.03825129568576813,96.31975555419922,96.31978607177734,96.17487335205078,0.0003572273126337677,0.03572273254394531,36.235347747802734,-36.23447799682617,0.013021301478147507,0.01302074920386076,0.013720044866204262,98.69786834716797,98.69792175292969,98.62799835205078,0.00023787007376085967,0.023787006735801697,2.020984649658203
392,1,Bass,11.911835670471191,-11.911839485168457,0.2511683404445648,0.25116389989852905,0.2361426204442978,74.88316345214844,74.88361358642578,76.38573455810547,0.06049448251724243,6.049448013305664,19.79469108581543,-19.79469108581543,0.1728784739971161,0.1728781908750534,0.1886671781539917,82.71215057373047,82.7121810913086,81.13328552246094,0.0103753712028265,1.0375370979309082,16.55614471435547
392,2,Drums,45.619503021240234,-45.61123275756836,0.0004515640903264284,0.0004515640903264284,0.0009912133682519197,99.95484161376953,99.95484161376953,99.90087890625,2.7446303647593595e-05,0.0027446304447948933,30.28995704650879,-30.290054321289062,0.021088359877467155,0.02108827605843544,0.018821457400918007,97.89116668701172,97.89116668701172,98.11785125732422,0.0009345488506369293,0.09345488250255585,-14.45700740814209
393,0,Vocal,26.718830108642578,-26.718772888183594,0.010586561635136604,0.01058655884116888,0.010689428076148033,98.94134521484375,98.94134521484375,98.9310531616211,0.0021242189686745405,0.21242189407348633,26.93282699584961,-26.93284034729004,0.029905196279287338,0.02990393526852131,0.032513201236724854,97.00948333740234,97.00960540771484,96.7486801147461,0.0020222547464072704,0.2022254765033722,1.1294690370559692
393,1,Bass,10.837244987487793,-10.83724594116211,0.2164137214422226,0.2164137214422226,0.2066190093755722,78.35862731933594,78.35862731933594,79.33809661865234,0.07618352770805359,7.618352890014648,-6.923938751220703,6.923938751220703,0.7716755270957947,0.7580694556236267,0.8521716594696045,22.832447052001953,24.19305419921875,14.78283405303955,0.8312196135520935,83.12196350097656,47.63088607788086
393,2,Drums,41.22597122192383,-41.22686767578125,0.004238588735461235,0.004238588735461235,0.004426592029631138,99.57614135742188,99.57614135742188,99.55734252929688,7.540427031926811e-05,0.007540427148342133,33.254608154296875,-33.25431823730469,0.005102367606014013,0.005102077964693308,0.005105107557028532,99.48976135253906,99.48979187011719,99.48949432373047,0.00047244911547750235,0.04724491015076637,-7.523350238800049
394,0,Vocal,28.39290428161621,-28.392698287963867,0.015616149641573429,0.015616149641573429,0.014966992661356926,98.43838500976562,98.43838500976562,98.50330352783203,0.0014457331271842122,0.14457331597805023,31.921043395996094,-31.92112159729004,0.005744014400988817,0.0057439301162958145,0.005928801838308573,99.42559814453125,99.42560577392578,99.40711975097656,0.0006420995341613889,0.0642099529504776,3.573115348815918
394,1,Bass,11.452618598937988,-11.452617645263672,0.32537057995796204,0.3253704011440277,0.330700159072876,67.46294403076172,67.46295928955078,66.92998504638672,0.0667908564209938,6.679085731506348,4.488908290863037,-4.488907814025879,0.836330771446228,0.8360860347747803,0.8447169065475464,16.36692237854004,16.391395568847656,15.528308868408203,0.26238495111465454,26.238494873046875,26.81640625
394,2,Drums,41.83299255371094,-41.831512451171875,0.0010782127501443028,0.00107821193523705,0.001703913789242506,99.89218139648438,99.89218139648438,99.82960510253906,6.55749681754969e-05,0.006557496730238199,34.93878936767578,-34.93849563598633,0.005932131316512823,0.005932115949690342,0.006611720658838749,99.40678405761719,99.40679168701172,99.33882904052734,0.0003206389374099672,0.03206389397382736,-6.504770278930664
395,0,Vocal,15.864097595214844,-15.864091873168945,0.018812967464327812,0.018812956288456917,0.02097129262983799,98.11870574951172,98.11870574951172,97.90287017822266,0.025262601673603058,2.5262601375579834,16.902572631835938,-16.902570724487305,0.015862271189689636,0.01586206816136837,0.017828701063990593,98.41377258300781,98.4137954711914,98.21713256835938,0.019997218623757362,1.999721884727478,1.1711009740829468
395,1,Bass,15.067805290222168,-15.067808151245117,0.16970783472061157,0.16970516741275787,0.1776106208562851,83.02921295166016,83.02948760986328,82.23893737792969,0.030192874372005463,3.019287347793579,-7.597731590270996,7.597731590270996,0.9770523905754089,0.9710333943367004,0.9820626974105835,2.2947609424591064,2.896660566329956,1.7937302589416504,0.8518824577331543,85.18824768066406,45.279972076416016
395,2,Drums,28.731157302856445,-28.730979919433594,0.0012599293841049075,0.0012599275214597583,0.0018254085443913937,99.87400817871094,99.87400817871094,99.81745910644531,0.0013375465059652925,0.1337546557188034,27.85783576965332,-27.857833862304688,0.005693158600479364,0.005692990031093359,0.006194516085088253,99.4306869506836,99.43069458007812,99.38054656982422,0.0016349867219105363,0.1634986698627472,-0.2595709264278412
396,0,Vocal,29.920188903808594,-29.920162200927734,0.05964719131588936,0.05964719131588936,0.062076929956674576,94.0352783203125,94.0352783203125,93.79230499267578,0.001017485628835857,0.10174856334924698,33.649742126464844,-33.649295806884766,0.007542305625975132,0.00754227489233017,0.009679047390818596,99.24576568603516,99.24577331542969,99.03209686279297,0.0004313420213293284,0.04313420131802559,3.9770493507385254
396,1,Bass,9.962220191955566,-9.962217330932617,0.2530973553657532,0.25309717655181885,0.263221800327301,74.69026184082031,74.6902847290039,73.67781829833984,0.09163057804107666,9.163057327270508,-9.416600227355957,9.416600227355957,0.6583809852600098,0.653304398059845,0.6932433247566223,34.161903381347656,34.669559478759766,30.67566680908203,0.8973621129989624,89.73621368408203,34.786521911621094
396,2,Drums,42.089149475097656,-42.08944320678711,0.0009810772025957704,0.0009810758056119084,0.00046686752466484904,99.90189361572266,99.90189361572266,99.95330810546875,6.181793287396431e-05,0.006181793287396431,29.856231689453125,-29.856246948242188,0.003735401201993227,0.0037353148218244314,0.003465932095423341,99.62645721435547,99.62647247314453,99.65340423583984,0.0010325951734557748,0.10325951874256134,-11.859176635742188
397,0,Vocal,26.85024070739746,-26.850208282470703,0.01203281432390213,0.012032812461256981,0.012271608226001263,98.79672241210938,98.79672241210938,98.77284240722656,0.002060985192656517,0.2060985267162323,26.77364158630371,-26.773571014404297,0.011952853761613369,0.011952816508710384,0.0121273472905159,98.8047103881836,98.80471801757812,98.78726959228516,0.002097605960443616,0.20976059138774872,0.01776241883635521
397,1,Bass,10.089316368103027,-10.08932113647461,0.059197138994932175,0.05919663608074188,0.06012514978647232,94.08028411865234,94.08033752441406,93.98748016357422,0.08922361582517624,8.922361373901367,-1.2090321779251099,1.209032416343689,0.9346996545791626,0.9346645474433899,0.9319911003112793,6.53003454208374,6.53354549407959,6.80088996887207,0.5691514611244202,56.91514587402344,45.57468795776367
397,2,Drums,39.51206970214844,-39.51201629638672,0.002077599987387657,0.0020775969605892897,0.0017261499306187034,99.79224395751953,99.79224395751953,99.82738494873047,0.0001118941800086759,0.011189417913556099,32.809486389160156,-32.808998107910156,0.005125249736011028,0.005125151015818119,0.0,99.48748016357422,99.48748016357422,100.0,0.0005234176642261446,0.0523417666554451,-6.400763988494873
398,0,Vocal,29.885440826416016,-29.885427474975586,0.01387479156255722,0.013874778524041176,0.01397422980517149,98.6125259399414,98.6125259399414,98.60257720947266,0.001025644363835454,0.10256443917751312,38.53591537475586,-38.53889846801758,0.0023520435206592083,0.002352025592699647,0.0029496243223547935,99.7647933959961,99.76480102539062,99.70503997802734,0.0001399904431309551,0.013999043963849545,8.769469261169434
398,1,Bass,21.28902816772461,-21.288984298706055,0.10865515470504761,0.10865514725446701,0.11250536143779755,89.13448333740234,89.13448333740234,88.74946594238281,0.007377034053206444,0.7377033829689026,-1.2085031270980835,1.208503007888794,0.947488009929657,0.9470260143280029,0.9435208439826965,5.251198768615723,5.297398567199707,5.647915840148926,0.5691215395927429,56.91215515136719,41.581565856933594
398,2,Drums,34.17289352416992,-34.17277908325195,0.003801771905273199,0.003801767947152257,0.004622441716492176,99.61982727050781,99.61982727050781,99.53775024414062,0.00038247491465881467,0.0382474921643734,32.53480529785156,-32.53438186645508,0.008064637891948223,0.008064626716077328,0.009490919299423695,99.19353485107422,99.19353485107422,99.05091094970703,0.0005575615214183927,0.05575615167617798,-1.047631859779358
399,0,Vocal,3.8111748695373535,-3.811175584793091,0.6559125185012817,0.6559016108512878,0.6927736401557922,34.408748626708984,34.40983963012695,30.72263526916504,0.29368460178375244,29.368459701538086,13.57688045501709,-13.576881408691406,0.37343281507492065,0.3731651306152344,0.5312372446060181,62.65671920776367,62.68348693847656,46.87627410888672,0.04203967750072479,4.203967571258545,24.695751190185547
399,1,Bass,7.275727272033691,-7.275725364685059,0.09287223219871521,0.09287180751562119,0.08719232678413391,90.71277618408203,90.71282196044922,91.28076934814453,0.15771910548210144,15.771910667419434,0.48253488540649414,-0.4825359582901001,0.6654356718063354,0.6647886037826538,0.703148365020752,33.4564323425293,33.521141052246094,29.685163497924805,0.4722515642642975,47.225154876708984,26.910812377929688
399,2,Drums,45.25736999511719,-45.255271911621094,4.290913784643635e-05,4.2909134208457544e-05,0.0004092194722034037,99.99571228027344,99.99571228027344,99.95907592773438,2.9792381610604934e-05,0.0029792380519211292,35.40378189086914,-35.40341567993164,0.003995481412857771,0.003995311446487904,0.004745094105601311,99.60044860839844,99.60047149658203,99.5254898071289,0.0002880781830754131,0.02880781888961792,-9.376360893249512
