idx,ch,stem,lag_in,lag_out,sisdr_in,sisnr_in,sir_in,sar_in,sisdr,sisnr,sir,sar,sisdr_impr,sisnr_impr,sir_impr,sar_impr
0,0,Vocal,0,0,13.261753300816096,13.261753300816094,63.39613164730687,13.261797030320164,12.333850306380452,12.333850306380452,53.953907046606,12.334166488324726,-0.9279029944356445,-0.9279029944356427,-9.442224600700875,-0.9276305419954376
0,1,Bass,0,-2,8.126555421976814,8.126555421976814,36.7388801842256,8.133457505954956,-25.801552554093533,-25.801552554093533,-1.691686538047201,-21.909476097284323,-33.92810797607035,-33.92810797607035,-38.4305667222728,-30.042933603239277
0,2,Drums,0,0,28.286960060385606,28.286960060385606,38.459886612684855,28.72635720711331,-1.2579439402252985,-1.2579439402252985,45.006321129983235,-1.2577042517932666,-29.544904000610906,-29.544904000610906,6.54643451729838,-29.984061458906577
1,0,Vocal,0,-144,12.87754294003274,12.87754294003274,43.18341610396962,12.881800805737564,-8.313545926425466,-8.313545926425466,32.25279402342144,-8.312011382940849,-21.191088866458205,-21.191088866458205,-10.930622080548183,-21.193812188678415
1,1,Bass,0,0,13.21299935223551,13.21299935223551,26.4269309292363,13.435181978131949,14.152279130883025,14.152279130883025,32.608944513984866,14.217067092608794,0.9392797786475153,0.9392797786475153,6.182013584748567,0.7818851144768448
1,2,Drums,0,0,19.234766235125555,19.234766235125555,24.35663392025431,20.846323553397426,4.717117949460801,4.717117949460801,42.41783960261645,4.718104249290824,-14.517648285664755,-14.517648285664755,18.061205682362143,-16.1282193041066
2,0,Vocal,0,2291,19.64276781744895,19.64276781744895,31.64007258078872,19.928971081524324,-16.69425859861339,-16.694258598613388,17.948548653308517,-16.67030170206824,-36.33702641606234,-36.337026416062336,-13.691523927480201,-36.59927278359257
2,1,Bass,0,258,15.291090879278586,15.291090879278586,28.26277557167891,15.522370509871177,-7.53200082091663,-7.53200082091663,24.125161243994413,-7.513892249946046,-22.823091700195217,-22.823091700195217,-4.137614327684499,-23.036262759817223
2,2,Drums,0,0,23.51765902881782,23.517659028817818,34.896946683408295,23.847281646416135,-0.9643815915975571,-0.9643815915975571,26.458227198438486,-0.9467075414303444,-24.48204062041538,-24.482040620415376,-8.438719484969809,-24.79398918784648
3,0,Vocal,0,0,17.758491709269244,17.758491709269244,38.13015967032774,17.799210583498702,28.206812742126086,28.206812742126086,47.201833375830546,28.261974372454493,10.448321032856843,10.448321032856843,9.071673705502803,10.46276378895579
3,1,Bass,0,-12,7.306945701100042,7.306945701100042,19.963334843398496,7.592738191653776,-11.360477788797303,-11.360477788797303,10.637227778385432,-10.975974402576549,-18.667423489897345,-18.667423489897345,-9.326107065013064,-18.568712594230327
3,2,Drums,0,0,25.10068231862878,25.10068231862878,29.840477068393593,26.881891844072637,-4.550336538473769,-4.550336538473769,31.650762164568647,-4.5463263383231505,-29.65101885710255,-29.65101885710255,1.810285096175054,-31.42821818239579
4,0,Vocal,0,0,13.072441639937027,13.072441639937027,56.49061616161681,13.072648853841704,15.11703145424236,15.11703145424236,61.274907731963985,15.117139502918583,2.0445898143053327,2.0445898143053327,4.784291570347172,2.044490649076879
4,1,Bass,1,1238,12.798842937714493,12.798842937714493,39.082344398892474,12.809610912790523,-11.065350612664027,-11.065350612664027,15.814313363541485,-10.945473420222774,-23.86419355037852,-23.86419355037852,-23.268031035350987,-23.755084333013297
4,2,Drums,0,0,24.759570538231483,24.759570538231483,34.437085406846315,25.256063917601516,-8.306825127208223,-8.306825127208224,23.67099838373308,-8.285462886758935,-33.06639566543971,-33.06639566543971,-10.766087023113233,-33.54152680436045
5,0,Vocal,0,0,16.32929818240615,16.32929818240615,49.726975090778396,16.3313307135966,24.92331884048111,24.92331884048111,48.72801004385461,24.941497190632,8.59402065807496,8.59402065807496,-0.9989650469237858,8.6101664770354
5,1,Bass,0,-225,11.244907435898499,11.244907435898497,28.39539938880192,11.335705839771332,-11.049881634454753,-11.049881634454753,15.53600723621415,-10.92341495279798,-22.294789070353254,-22.29478907035325,-12.85939215258777,-22.259120792569313
5,2,Drums,0,0,23.891365298720565,23.891365298720565,33.625271811238065,24.381421979298175,-0.7409062626562413,-0.7409062626562396,24.271755965153577,-0.7109804919186284,-24.632271561376808,-24.632271561376804,-9.353515846084488,-25.092402471216804
6,0,Vocal,0,0,15.582910890880818,15.582910890880818,28.087425261339448,15.84073910305868,6.612505593968673,6.612505593968673,79.21296666302352,6.612505656628604,-8.970405296912144,-8.970405296912144,51.125541401684075,-9.228233446430078
6,1,Bass,1,-288,14.805744437259914,14.805744437259916,32.19454375285856,14.888327939453038,-10.84338446814147,-10.84338446814147,16.601649925018013,-10.743767726232619,-25.649128905401383,-25.649128905401387,-15.592893827840545,-25.632095665685657
6,2,Drums,0,0,24.431850026870208,24.431850026870208,33.0907339816386,25.06974410268817,5.441348045757609,5.441348045757608,39.42928737217761,5.443577347096501,-18.9905019811126,-18.9905019811126,6.338553390539012,-19.62616675559167
7,0,Vocal,0,13895,10.3415148830392,10.3415148830392,39.59609144425306,10.347150558983609,-44.83188035621222,-44.83188035621222,12.904488929207051,-44.75299627208816,-55.17339523925142,-55.17339523925142,-26.69160251504601,-55.10014683107177
7,1,Bass,0,-717,13.22825825933598,13.228258259335984,31.260742475013856,13.300366797217062,-9.417095611040278,-9.417095611040278,20.071855274623708,-9.371148504301615,-22.64535387037626,-22.645353870376262,-11.188887200390148,-22.671515301518678
7,2,Drums,0,0,21.960980489452474,21.960980489452474,33.05317465907915,22.314710764089355,-2.68586973844674,-2.6858697384467387,37.82675241890384,-2.6847675642951407,-24.646850227899215,-24.646850227899215,4.77357775982469,-24.999478328384495
8,0,Vocal,0,0,21.91168617240352,21.91168617240352,35.45508655395792,22.10935875497161,21.504904844015314,21.504904844015318,37.74418336476371,21.610120421478047,-0.406781328388206,-0.40678132838820247,2.2890968108057876,-0.4992383334935617
8,1,Bass,0,0,18.112788862752208,18.112788862752204,29.116908449674476,18.477196956330232,15.234662078756699,15.234662078756699,31.473775064623805,15.342246750647652,-2.8781267839955085,-2.878126783995505,2.356866614949329,-3.13495020568258
8,2,Drums,0,0,21.232373084590556,21.232373084590552,34.83279557899677,21.42761750570906,10.026853494175715,10.026853494175716,34.33488305795916,10.044589317079506,-11.205519590414841,-11.205519590414836,-0.4979125210376125,-11.383028188629552
9,0,Vocal,0,0,24.063547226540997,24.063547226540997,50.94402755749926,24.07249460976045,25.011353029560134,25.011353029560134,50.17700308131885,25.024629707971133,0.9478058030191363,0.9478058030191363,-0.7670244761804099,0.9521350982106824
9,1,Bass,0,2,14.948607888968779,14.948607888968779,28.56781563463819,15.147606250465127,-28.733762664723514,-28.733762664723514,4.468468111088964,-27.9267172562554,-43.682370553692294,-43.682370553692294,-24.099347523549227,-43.07432350672053
9,2,Drums,0,0,21.4943486318248,21.4943486318248,30.404059522753396,22.095813624366052,12.063543114038582,12.063543114038582,40.08163867999435,12.070828926443477,-9.430805517786217,-9.430805517786217,9.677579157240952,-10.024984697922575
10,0,Vocal,0,0,20.648951578413634,20.648951578413634,39.175143067974815,20.710883531935345,20.63171823493615,20.63171823493615,39.19354564309446,20.69314256821366,-0.017233343477482066,-0.017233343477482066,0.018402575119644382,-0.017740963721685432
10,1,Bass,0,-10,13.698026863448284,13.698026863448288,28.61079305680684,13.846435129805304,-15.479703117732459,-15.479703117732457,21.255010932937964,-15.47938471880887,-29.177729981180743,-29.177729981180747,-7.355782123868877,-29.325819848614174
10,2,Drums,0,0,22.221267632410353,22.221267632410353,32.621421431177296,22.638946953723643,18.11369291459445,18.11369291459445,35.063985979168095,18.20359258026209,-4.107574717815904,-4.107574717815904,2.4425645479907985,-4.4353543734615535
11,0,Vocal,0,0,24.415331043509873,24.415331043509873,51.78938013622745,24.423314675433247,11.16800969749325,11.168009697493249,58.04708652396383,11.168105439428103,-13.247321346016623,-13.247321346016625,6.257706387736377,-13.255209236005143
11,1,Bass,0,14,14.709249303626335,14.709249303626335,26.714875424267955,15.00116152732678,-25.52847471157435,-25.52847471157435,6.587665349820002,-25.482690438797242,-40.23772401520068,-40.23772401520068,-20.12721007444795,-40.48385196612402
11,2,Drums,0,0,18.334923235695868,18.334923235695868,26.458938242552875,19.07116407120084,11.817768458470702,11.817768458470702,25.459370590998706,12.022054920603285,-6.517154777225166,-6.517154777225166,-0.9995676515541696,-7.049109150597555
12,0,Vocal,0,0,22.510199134828763,22.510199134828763,39.572965649676405,22.596936327331637,23.003860072959302,23.003860072959302,41.15757552228808,23.07114043078245,0.4936609381305388,0.4936609381305388,1.5846098726116722,0.47420410345081265
12,1,Bass,0,0,17.82658436581989,17.82658436581989,30.483509160482797,18.072650863644192,15.794231648596035,15.794231648596035,30.667718912674353,15.941702011753748,-2.032352717223855,-2.032352717223855,0.18420975219155622,-2.1309488518904445
12,2,Drums,0,0,20.682476907950868,20.682476907950868,29.991077355292965,21.228484324413262,2.1412718074123047,2.1412718074123047,26.391954165938344,2.1675783707617544,-18.541205100538562,-18.541205100538562,-3.5991231893546214,-19.060905953651506
13,0,Vocal,0,0,24.31914684223402,24.31914684223402,40.39124727911411,24.428182310985207,24.717470669844484,24.717470669844484,41.322316602016606,24.813747647720575,0.39832382761046503,0.39832382761046503,0.9310693229024949,0.3855653367353682
13,1,Bass,0,0,15.725826811418369,15.725826811418369,26.2815349853514,16.136038436552212,3.7093130624329618,3.7093130624329613,29.732256137360913,3.7247945206204847,-12.016513748985407,-12.016513748985407,3.450721152009514,-12.411243915931728
13,2,Drums,0,0,19.24612332306711,19.24612332306711,29.88571749755621,19.642570650069814,5.048235398817761,5.048235398817759,28.409699779066496,5.074568544987014,-14.197887924249349,-14.19788792424935,-1.4760177184897145,-14.568002105082801
14,0,Vocal,0,0,13.47083449441961,13.47083449441961,45.41052954626289,13.473737146671866,15.343045473561395,15.343045473561395,64.19765410451927,15.343100961779054,1.8722109791417854,1.8722109791417854,18.78712455825638,1.8693638151071887
14,1,Bass,0,0,13.532726431994353,13.532726431994355,31.6489328514346,13.60323211041303,14.843216653007884,14.843216653007884,39.5639041755901,14.8583669080252,1.3104902210135307,1.310490221013529,7.914971324155502,1.25513479761217
14,2,Drums,0,0,25.33383926955025,25.33383926955025,36.58686017679309,25.673076591162843,17.671595607729163,17.671595607729163,34.66125448085406,17.760819482683896,-7.662243661821087,-7.662243661821087,-1.9256056959390264,-7.912257108478947
15,0,Vocal,0,0,22.935695156920026,22.935695156920026,44.548871629284335,22.96590387698254,22.995213772883623,22.995213772883616,44.50337055914418,23.026162366371533,0.0595186159635972,0.059518615963590094,-0.04550107014015481,0.06025848938899259
15,1,Bass,0,0,16.05029898479654,16.050298984796544,25.23541249711045,16.621617180975413,13.47096923339623,13.47096923339623,33.451887852921935,13.516771142340257,-2.5793297514003104,-2.579329751400314,8.216475355811486,-3.1048460386351557
15,2,Drums,0,0,18.069702978996553,18.069702978996556,25.99024636018364,18.84515420607768,16.32572577306876,16.32572577306876,26.230222807166697,16.804375645605663,-1.7439772059277914,-1.743977205927795,0.2399764469830572,-2.040778560472017
16,0,Vocal,0,0,12.654305160970502,12.654305160970502,30.975449930455326,12.722172622383642,1.0751997390013224,1.075199739001321,32.138398507929026,1.0812542199728186,-11.57910542196918,-11.579105421969182,1.1629485774736992,-11.640918402410824
16,1,Bass,0,0,5.60528187622204,5.605281876222039,20.23245480877931,5.798539629535018,5.775593520777961,5.775593520777961,20.730255188668664,5.953189927628034,0.17031164455592052,0.1703116445559223,0.4978003798893553,0.15465029809301623
16,2,Drums,0,0,26.48682767984868,26.48682767984868,46.83177836667291,26.5272145362402,17.78742013726969,17.78742013726969,45.84081039001249,17.7943371273171,-8.699407542578989,-8.699407542578989,-0.9909679766604143,-8.732877408923102
17,0,Vocal,0,0,17.71307169158988,17.71307169158988,36.5704379991685,17.770898488854012,17.449795988025514,17.449795988025514,36.02556056340738,17.511587130660864,-0.2632757035643678,-0.2632757035643678,-0.5448774357611157,-0.2593113581931483
17,1,Bass,0,0,5.131813058105412,5.131813058105412,18.106343598979294,5.4231197199853245,5.034597977290899,5.034597977290898,19.671240420898403,5.233139876247147,-0.09721508081451358,-0.09721508081451447,1.5648968219191097,-0.18997984373817722
17,2,Drums,0,0,20.400455877328916,20.400455877328916,25.590348534618826,21.978222478322863,14.300591434846396,14.300591434846396,24.255671546759206,14.779456555844163,-6.09986444248252,-6.09986444248252,-1.3346769878596199,-7.1987659224786995
18,0,Vocal,0,0,5.549837329568384,5.549837329568385,27.872309306783283,5.582435495073988,16.386866322120014,16.386866322120014,62.63500318147422,16.386966547933252,10.83702899255163,10.837028992551629,34.76269387469094,10.804531052859264
18,1,Bass,0,0,4.78323384307144,4.78323384307144,19.06466009630285,5.001916743258377,4.731478958171539,4.7314789581715395,19.115481817007,4.945615410980362,-0.051754884899901654,-0.051754884899900766,0.05082172070415325,-0.05630133227801526
18,2,Drums,0,0,28.54105503803914,28.54105503803914,42.642972503083584,28.71354171308813,20.117952033599863,20.117952033599863,43.22629013119361,20.139439619620013,-8.423103004439277,-8.423103004439277,0.5833176281100236,-8.574102093468117
19,0,Vocal,0,0,6.2062274599116325,6.2062274599116325,29.972095307685507,6.228881399008946,11.336431380224774,11.336431380224774,33.23563589650787,11.36662762050976,5.130203920313141,5.130203920313141,3.263540588822366,5.137746221500814
19,1,Bass,0,0,5.287992592979962,5.287992592979961,19.084853641726657,5.5263433547333545,5.290359459514139,5.290359459514137,19.154572483819052,5.524958248617933,0.00236686653417717,0.002366866534176282,0.06971884209239576,-0.0013851061154213085
19,2,Drums,0,0,29.290706170775323,29.290706170775323,45.48563058404534,29.39639671236,20.469881744445107,20.469881744445107,47.33394895195224,20.478910935624718,-8.820824426330216,-8.820824426330216,1.8483183679068986,-8.917485776735283
20,0,Vocal,0,0,13.644338407266929,13.644338407266929,35.02487424888074,13.677422153747006,13.906713756587333,13.906713756587333,35.409224511029706,13.938800285618246,0.2623753493204042,0.2623753493204042,0.3843502621489634,0.2613781318712398
20,1,Bass,0,0,3.0167355179879207,3.0167355179879207,17.891381993277427,3.2304518567481457,13.703315169954795,13.703315169954795,29.73237901651097,13.817668343665622,10.686579651966873,10.686579651966873,11.840997023233541,10.587216486917477
20,2,Drums,0,0,25.976351875028506,25.976351875028506,38.72526508620747,26.213899095417567,15.066682588624378,15.066682588624378,64.4983895186935,15.066733427662864,-10.909669286404128,-10.909669286404128,25.77312443248603,-11.147165667754702
21,0,Vocal,0,0,11.547463603495341,11.547463603495343,29.801623012087187,11.617415258722701,9.407828144267867,9.407828144267869,32.75444995021007,9.430273640698248,-2.139635459227474,-2.139635459227474,2.952826938122886,-2.1871416180244534
21,1,Bass,0,0,6.760135049088506,6.7601350490885075,20.77693578773929,6.972035667141288,6.258391480309355,6.258391480309355,20.831362781984648,6.448339806665064,-0.5017435687791503,-0.501743568779152,0.05442699424535746,-0.5236958604762236
21,2,Drums,0,0,26.633969641582524,26.633969641582528,43.695295601862796,26.720441125529156,8.791795200543328,8.791795200543328,26.3152849579067,8.879428849388109,-17.842174441039198,-17.842174441039198,-17.380010643956094,-17.841012276141047
22,0,Vocal,0,0,2.0029448997048624,2.002944899704863,18.70787802074193,2.154782467162547,-4.440266090200705,-4.440266090200705,38.27968554554448,-4.43969829262134,-6.443210989905568,-6.443210989905568,19.57180752480255,-6.594480759783887
22,1,Bass,0,0,5.1932989912124805,5.1932989912124805,19.644949420285794,5.398856741722927,5.1138875173302925,5.113887517330293,19.575532990002184,5.319824890621202,-0.07941147388218806,-0.07941147388218717,-0.06941643028361,-0.07903185110172473
22,2,Drums,0,0,28.73049975989749,28.73049975989749,77.90796716453751,28.73054677955727,20.43883779760106,20.438837797601053,48.56907258785305,20.44558212210903,-8.29166196229643,-8.291661962296438,-29.33889457668446,-8.284964657448239
23,0,Vocal,0,0,15.019821013577845,15.019821013577845,40.23015248178278,15.033336515273902,16.62324429286223,16.62324429286223,45.168961720374234,16.629450343862928,1.6034232792843834,1.6034232792843834,4.938809238591453,1.5961138285890257
23,1,Bass,0,0,5.577450534548047,5.577450534548047,19.341733456443105,5.814182188868989,12.201275163304512,12.201275163304512,26.550319671564946,12.37342307205701,6.623824628756465,6.623824628756465,7.208586215121841,6.559240883188021
23,2,Drums,0,0,22.546294211433118,22.546294211433118,29.867298067633115,23.440846054456145,9.987947013498044,9.987947013498044,26.346259430442437,10.099638845677394,-12.558347197935074,-12.558347197935074,-3.521038637190678,-13.341207208778751
24,0,Vocal,0,0,17.18370933183587,17.18370933183587,40.946628432838345,17.202356345534195,18.225340249649452,18.22534024964945,40.15425884683588,18.253702938025196,1.0416309178135812,1.0416309178135776,-0.7923695860024651,1.0513465924910008
24,1,Bass,0,0,12.506157474848198,12.506157474848198,26.689156033473765,12.6844637995559,12.349988175237767,12.349988175237767,27.239491335058577,12.50139129067431,-0.1561692996104309,-0.1561692996104309,0.5503353015848127,-0.18307250888159032
24,2,Drums,0,0,23.0794370070128,23.0794370070128,48.42611929490877,23.09219673850508,9.763290997365853,9.763290997365855,39.35809286645885,9.768564569321734,-13.316146009646946,-13.316146009646944,-9.068026428449926,-13.323632169183346
25,0,Vocal,0,0,18.627747519972246,18.627747519972246,41.33240425532085,18.651427299370535,18.94884865542921,18.94884865542921,42.0391431102326,18.970490598053217,0.3211011354569635,0.3211011354569635,0.7067388549117481,0.319063298682682
25,1,Bass,0,0,12.582057431581191,12.582057431581188,28.639356376096377,12.697011050169994,17.457077410220997,17.457077410220997,39.14176249437758,17.487172364113647,4.875019978639806,4.875019978639809,10.502406118281204,4.790161313943653
25,2,Drums,0,0,23.31606946176802,23.31606946176802,38.9029735606023,23.438291863393385,9.931122243736775,9.931122243736775,42.29916517876706,9.933896206731276,-13.384947218031245,-13.384947218031245,3.396191618164764,-13.504395656662108
26,0,Vocal,0,0,8.120208619029867,8.120208619029869,37.57133897842272,8.12589887837195,26.63287828811345,26.63287828811345,47.861049656207896,26.66579263588675,18.512669669083582,18.51266966908358,10.289710677785173,18.539893757514797
26,1,Bass,0,0,9.247461124260482,9.247461124260482,24.343932293200833,9.399844813837676,24.8056021125426,24.8056021125426,45.83075952791103,24.840147864906207,15.558140988282119,15.558140988282119,21.486827234710194,15.44030305106853
26,2,Drums,0,-1,17.32329984198264,17.32329984198264,35.51562636346526,17.390872676012272,0.5464571054949232,0.5464571054949232,31.227355803180853,0.5534438811592862,-16.776842736487716,-16.776842736487716,-4.288270560284406,-16.837428794852986
27,0,Vocal,0,0,21.165352283351414,21.165352283351414,46.12211455694858,21.17935107546703,-4.302398509628091,-4.302398509628091,26.450410512698753,-4.288922552743179,-25.467750792979505,-25.467750792979505,-19.67170404424983,-25.468273628210206
27,1,Bass,0,0,12.698090154223996,12.698090154223996,29.594837720678647,12.792512164933429,7.758938711519539,7.75893871151954,45.60604750003459,7.759771125917654,-4.939151442704457,-4.939151442704456,16.011209779355944,-5.032741039015775
27,2,Drums,0,0,23.114602138143287,23.114602138143287,52.204314181349424,23.119986171726936,7.651887537062702,7.651887537062701,49.17375333811674,7.652245867521868,-15.462714601080584,-15.462714601080584,-3.030560843232685,-15.467740304205067
28,0,Vocal,0,0,13.18456961949446,13.18456961949446,42.48372276141943,13.18992110374037,4.164022126379495,4.164022126379496,32.205903967461055,4.173457009062439,-9.020547493114965,-9.020547493114965,-10.277818793958374,-9.01646409467793
28,1,Bass,0,0,9.067053083878017,9.067053083878017,23.506767430876362,9.2455063750325,23.37418998424156,23.37418998424156,33.09185970978241,23.86642766400721,14.307136900363544,14.307136900363544,9.58509227890605,14.620921288974712
28,2,Drums,0,0,16.499325478344737,16.499325478344737,32.52319512847174,16.611623792673203,4.9937937888346005,4.9937937888346005,48.176371664948576,4.994068500379122,-11.505531689510136,-11.505531689510136,15.653176536476835,-11.617555292294082
29,0,Vocal,0,0,16.62806645827505,16.628066458275047,41.4253744147787,16.64279248832493,12.681747815301138,12.681747815301138,41.09734712778347,12.688344408451876,-3.946318642973912,-3.9463186429739086,-0.32802728699522987,-3.9544480798730532
29,1,Bass,0,0,9.564051614599283,9.564051614599283,24.918518487043855,9.706475786678523,15.105298978788937,15.105298978788937,42.900944113258525,15.112742067747625,5.541247364189655,5.541247364189655,17.98242562621467,5.406266281069103
29,2,Drums,0,0,20.742007859145602,20.742007859145602,33.02050801635434,21.009091850492418,-1.2618860395435347,-1.2618860395435352,45.64757168335533,-1.2616793573678788,-22.003893898689135,-22.003893898689135,12.62706366700099,-22.270771207860296
30,0,Vocal,0,-115,-0.20663127967321665,-0.20663127967321562,25.800258431393157,-0.1843187784528756,-7.009035872500478,-7.009035872500478,18.523940945961854,-7.00221328286454,-6.802404592827261,-6.802404592827262,-7.276317485431303,-6.817894504411664
30,1,Bass,0,0,9.316936143445918,9.316936143445918,24.83366136349632,9.454857198121967,23.847049181717534,23.847049181717534,42.01488701737127,23.914052587931906,14.530113038271615,14.530113038271615,17.181225653874954,14.459195389809938
30,2,Drums,0,0,17.512897011170324,17.512897011170324,37.385425416120476,17.558644518156438,4.272169303460775,4.272169303460775,36.64217586470406,4.275627227662479,-13.24072770770955,-13.24072770770955,-0.7432495514164188,-13.283017290493959
31,0,Vocal,0,0,11.354314294102942,11.354314294102942,34.82533468395462,11.375316696655934,9.149281784623822,9.149281784623822,51.88190726175317,9.149541235789675,-2.2050325094791194,-2.2050325094791194,17.056572577798548,-2.2257754608662594
31,1,Bass,0,0,6.34040844508864,6.340408445088642,23.697935096339684,6.439451525771723,2.16865809003875,2.16865809003875,38.33193115841925,2.1703463174800133,-4.171750355049889,-4.171750355049893,14.633996062079568,-4.26910520829171
31,2,Drums,0,0,29.009193321123007,29.009193321123007,46.70326398644054,29.083773818626263,18.027897411752985,18.027897411752985,67.00845885822848,18.027952996111015,-10.981295909370022,-10.981295909370022,20.30519487178794,-11.055820822515248
32,0,Vocal,0,-15046,6.534825767510604,6.534825767510604,51.599113602915864,6.534990494822396,-57.59089714639251,-57.59089714639251,6.2100003380119855,-57.54044396437911,-64.1257229139031,-64.1257229139031,-45.38911326490388,-64.0754344592015
32,1,Bass,0,0,10.321717492419179,10.321717492419179,29.398009961894243,10.380760596406981,9.604455798969733,9.604455798969733,26.668324092628097,9.700037324734087,-0.717261693449446,-0.717261693449446,-2.729685869266145,-0.6807232716728944
32,2,Drums,0,0,31.66708457651395,31.66708457651395,47.83060460604219,31.773501006311996,8.031507227884665,8.031507227884665,40.49401282956212,8.034358854175121,-23.635577348629283,-23.635577348629283,-7.336591776480077,-23.739142152136875
33,0,Vocal,0,1398,4.537027034212653,4.537027034212653,50.81868130258989,4.5371649216663155,-53.15825713754691,-53.15825713754691,-3.833802698960162,-49.2960202658577,-57.69528417175957,-57.69528417175957,-54.65248400155005,-53.833185187524016
33,1,Bass,0,0,8.925657991735806,8.925657991735807,27.263277874248008,8.997960256803974,4.501284010502042,4.501284010502043,24.629306595331578,4.558589534943992,-4.424373981233764,-4.424373981233765,-2.6339712789164302,-4.439370721859983
33,2,Drums,0,0,33.58986860713563,33.58986860713563,56.02522379428721,33.61473512513127,23.851980189044937,23.851980189044937,46.519499976563445,23.87563843844612,-9.73788841809069,-9.73788841809069,-9.505723817723762,-9.739096686685148
34,0,Vocal,0,0,5.758992628779697,5.758992628779696,30.26534035343156,5.778489855631595,8.646732661568024,8.646732661568024,34.87483570335889,8.658508056398516,2.8877400327883267,2.8877400327883276,4.609495349927329,2.88001820076692
34,1,Bass,0,0,6.43182270432402,6.431822704324022,25.64931501790309,6.495950623610779,-0.03827329208122318,-0.03827329208122318,21.318830664154778,0.02555526115893734,-6.470095996405243,-6.470095996405245,-4.330484353748311,-6.470395362451842
34,2,Drums,0,0,33.81193808349292,33.81193808349292,46.20584066987,34.069793852509534,8.223213677494455,8.223213677494455,41.759688688848975,8.22542734030003,-25.588724405998462,-25.588724405998462,-4.446151981021025,-25.844366512209504
35,0,Vocal,0,0,-4.69130920687712,-4.69130920687712,41.07122811089589,-4.690856237898026,10.388615897666293,10.388615897666293,44.596778711457496,10.390395681713347,15.079925104543413,15.079925104543413,3.5255506005616084,15.081251919611372
35,1,Bass,0,-550,8.02033997665852,8.02033997665852,27.299450982522984,8.079996560780602,-28.436419838802,-28.436419838802,1.5691344236357285,-26.154845300847214,-36.456759815460515,-36.456759815460515,-25.730316558887257,-34.234841861627814
35,2,Drums,0,0,37.94040968693248,37.94040968693248,50.954838948564365,38.162974933658,22.2935708568594,22.2935708568594,60.064191684621704,22.294300356201497,-15.646838830073083,-15.646838830073083,9.109352736057339,-15.868674577456503
36,0,Vocal,0,0,12.694257838655325,12.694257838655327,36.95436884891392,12.711448181668514,20.396402247055136,20.396402247055136,48.96664247578787,20.402495885234973,7.7021444083998105,7.702144408399809,12.012273626873949,7.6910477035664595
36,1,Bass,0,0,4.072079429490174,4.072079429490174,21.36201827923498,4.185525132585662,11.639552866207625,11.639552866207625,27.49776688102081,11.76147099943481,7.567473436717451,7.567473436717451,6.135748601785828,7.575945866849148
36,2,Drums,0,0,34.1639305156647,34.1639305156647,62.781841619940806,34.16990191591899,0.5608297181877228,0.5608297181877235,38.10978592033124,0.5622644515715114,-33.603100797476976,-33.603100797476976,-24.672055699609565,-33.607637464347484
37,0,Vocal,0,0,-3.8646148381438787,-3.864614838143879,27.168647795055506,-3.852863832856712,17.87343554235452,17.87343554235452,44.93951488398534,17.882068741276093,21.7380503804984,21.7380503804984,17.770867088929833,21.734932574132806
37,1,Bass,0,10648,7.171983618925846,7.171983618925846,25.849346395749745,7.242556768722173,-38.17023646032182,-38.17023646032181,-4.158565305417849,-32.84992260996851,-45.34222007924766,-45.34222007924765,-30.007911701167593,-40.09247937869068
37,2,Drums,0,0,37.32046055422921,37.32046055422921,49.68195083818259,37.58024586802398,24.18504385481066,24.18504385481066,55.11782141281719,24.188561515527013,-13.135416699418546,-13.135416699418546,5.435870574634606,-13.391684352496966
38,0,Vocal,0,0,5.3639260072788915,5.3639260072788915,49.1638318919426,5.364159031716751,19.249345544814982,19.24934554481498,40.08773019117933,19.285710980229524,13.885419537536091,13.885419537536087,-9.076101700763267,13.921551948512773
38,1,Bass,0,-10,7.096172836955369,7.096172836955368,26.530870883912975,7.155566567173297,-24.110486912384168,-24.110486912384168,-1.5760321276576994,-20.24189715821384,-31.206659749339536,-31.206659749339536,-28.106903011570676,-27.397463725387134
38,2,Drums,0,0,35.227976928252296,35.227976928252296,48.43280985049489,35.44079072298302,16.290771917444616,16.290771917444616,50.01219422311537,16.292658906111846,-18.93720501080768,-18.93720501080768,1.5793843726204813,-19.14813181687117
39,0,Vocal,0,-3,3.2983783968210165,3.298378396821018,34.98800971052659,3.302698940031095,-6.246521598331487,-6.246521598331487,25.74551158538793,-6.246364608827783,-9.544899995152504,-9.544899995152505,-9.24249812513866,-9.549063548858879
39,1,Bass,0,0,7.664098252053563,7.664098252053563,27.50219588624763,7.71712501280402,2.5440966848501727,2.544096684850174,22.03897541568292,2.6202315529019957,-5.12000156720339,-5.1200015672033885,-5.4632204705647105,-5.096893459902025
39,2,Drums,0,0,37.484376949833454,37.484376949833454,59.81238394393906,37.50984849747149,20.21545259350301,20.21545259350301,56.22813962800342,20.216550425450105,-17.268924356330444,-17.268924356330444,-3.584244315935642,-17.293298072021383
40,0,Vocal,0,0,15.197039721004762,15.197039721004762,52.35697532629107,15.197899306138885,23.23543188552165,23.23543188552165,50.0606212574634,23.244499346903368,8.038392164516887,8.038392164516887,-2.296354068827668,8.046600040764483
40,1,Bass,0,0,20.913175628220703,20.913175628220703,35.301545748254036,21.07551096887662,21.131243881742932,21.131243881742925,36.32907168726816,21.265497626514623,0.21806825352222958,0.21806825352222248,1.0275259390141258,0.18998665763800204
40,2,Drums,0,0,19.339819437941618,19.339819437941618,38.417777763198714,19.394480004261844,20.19989573403157,20.19989573403157,39.25110576560077,20.25478260532345,0.8600762960899537,0.8600762960899537,0.8333280024020553,0.8603026010616048
41,0,Vocal,0,0,24.7581065119231,24.7581065119231,45.112289510457416,24.7984506358926,24.478711889942616,24.478711889942616,47.6790260537425,24.499617735878687,-0.27939462198048304,-0.27939462198048304,2.5667365432850815,-0.29883290001391316
41,1,Bass,0,0,12.175689610440122,12.175689610440122,25.576619994902245,12.390844758968992,3.510649171320852,3.510649171320852,28.050075936393796,3.532744736106706,-8.66504043911927,-8.66504043911927,2.473455941491551,-8.858100022862287
41,2,Drums,0,1,24.814588790004883,24.814588790004883,32.14885414088945,25.704301060519835,16.029388983543328,16.029388983543328,38.29189256394605,16.055904034580873,-8.785199806461556,-8.785199806461556,6.143038423056602,-9.648397025938962
42,0,Vocal,0,0,22.738301924942967,22.738301924942963,32.643643942574656,23.208883375100754,31.287723808660175,31.287723808660175,43.228773747512214,31.57496572888875,8.549421883717208,8.549421883717212,10.585129804937559,8.366082353787995
42,1,Bass,0,0,17.98247295182642,17.98247295182642,27.08126361386909,18.561275552077138,18.25732376911934,18.257323769119335,28.982509923724752,18.646802712250082,0.2748508172929185,0.27485081729291494,1.9012463098556616,0.08552716017294415
42,2,Drums,0,0,21.841679926280158,21.841679926280158,27.34503740036695,23.286135249523042,13.206123396598343,13.206123396598343,28.49271930863978,13.34277068831976,-8.635556529681814,-8.635556529681814,1.1476819082728298,-9.943364561203282
43,0,Vocal,0,0,15.437785878059437,15.437785878059433,50.39890396419381,15.439210680184996,-1.5202957638472256,-1.5202957638472256,35.36782159952714,-1.5181451147385048,-16.958081641906663,-16.95808164190666,-15.031082364666673,-16.9573557949235
43,1,Bass,0,0,20.093910714366775,20.093910714366775,34.44064159941065,20.258108263180596,20.404732919195684,20.404732919195684,35.91415394362507,20.529730596887575,0.3108222048289093,0.3108222048289093,1.47351234421442,0.2716223337069792
43,2,Drums,0,0,20.344347003719033,20.344347003719033,35.77853809379286,20.471576405752486,6.105222852079213,6.105222852079212,29.161417729812445,6.132027300719241,-14.239124151639821,-14.239124151639821,-6.6171203639804155,-14.339549105033246
44,0,Vocal,0,0,18.737170612880764,18.737170612880764,60.47118926189481,18.737464444304116,24.050466352681564,24.050466352681568,62.86609139374306,24.051034260138124,5.3132957398008,5.313295739800804,2.394902131848255,5.313569815834008
44,1,Bass,0,0,16.133636991729013,16.133636991729013,31.83791149265149,16.2548555820039,16.70230699925072,16.70230699925072,33.87005375270387,16.788268106030195,0.5686700075217068,0.5686700075217068,2.032142260052378,0.5334125240262964
44,2,Drums,0,0,25.860712954953208,25.8607129549532,62.86884362230542,25.861578370957016,22.277481623174104,22.277481623174104,87.79503776876318,22.277481948882986,-3.5832313317791034,-3.5832313317790963,24.92619414645776,-3.5840964220740297
45,0,Vocal,0,0,23.167772300876663,23.167772300876663,47.29911752815223,23.18465614192036,21.299843404832966,21.299843404832966,79.1358382855661,21.299847796383368,-1.867928896043697,-1.867928896043697,31.836720757413865,-1.8848083455369924
45,1,Bass,0,111,17.17866607705582,17.17866607705582,32.740912334392206,17.303341677374483,-8.362151811828069,-8.362151811828069,17.268792223806596,-8.271371527406263,-25.540817888883886,-25.540817888883886,-15.47212011058561,-25.574713204780746
45,2,Drums,0,0,25.423123589607957,25.423123589607957,41.91121545802004,25.5220036622066,7.4287747359712135,7.428774735971211,36.9669984499042,7.434480450038942,-17.994348853636744,-17.994348853636748,-4.944217008115835,-18.08752321216766
46,0,Vocal,0,0,17.077747613367556,17.077747613367556,46.30393881074394,17.083041346579087,17.432285238970223,17.432285238970223,44.9195098027632,17.440176602239887,0.3545376256026671,0.3545376256026671,-1.384429007980735,0.3571352556608005
46,1,Bass,0,0,16.22385222487349,16.22385222487349,25.436317644763363,16.790845261436612,17.937267283490947,17.937267283490947,27.617705551641567,18.439354617113192,1.713415058617457,1.713415058617457,2.1813879068782036,1.6485093556765804
46,2,Drums,0,0,25.29215930342993,25.29215930342993,40.84851413363293,25.41505071811131,0.029142851264216504,0.029142851264216504,32.52181886857732,0.0340191154408037,-25.263016452165715,-25.263016452165715,-8.326695265055612,-25.381031602670507
47,0,Vocal,0,0,15.286797763771968,15.286797763771968,48.63941693232193,15.288863590149855,20.445119965679265,20.445119965679265,47.28048570349703,20.454207580094874,5.158322201907296,5.158322201907296,-1.3589312288249005,5.165343989945018
47,1,Bass,0,0,13.472247614523328,13.472247614523328,23.380073873250012,13.960082358451809,14.721329728571755,14.721329728571755,28.76624084043908,14.901674699835905,1.2490821140484272,1.2490821140484272,5.3861669671890695,0.9415923413840961
47,2,Drums,0,0,28.32187179492971,28.32187179492971,44.1297195309371,28.43758642239493,5.817780367571457,5.817780367571458,30.00882064551314,5.838689402276017,-22.504091427358254,-22.50409142735825,-14.120898885423962,-22.598897020118912
48,0,Vocal,0,0,7.226667152168215,7.226667152168215,38.294119818639146,7.230707925571243,6.05048844804146,6.05048844804146,33.74239419316063,6.0597177405346025,-1.1761787041267553,-1.1761787041267553,-4.551725625478518,-1.1709901850366409
48,1,Bass,0,0,6.238407483688334,6.238407483688334,22.892043693954307,6.355540302995248,7.435979970950602,7.435979970950602,28.573302799747058,7.475560292909976,1.197572487262268,1.197572487262268,5.681259105792751,1.120019989914728
48,2,Drums,0,0,29.54549214394147,29.54549214394147,41.587001720806064,29.82605833591999,20.16723529756087,20.16723529756087,39.49649469365231,20.21870332441862,-9.378256846380598,-9.378256846380598,-2.0905070271537554,-9.607355011501369
49,0,Vocal,0,0,15.284259828667874,15.284259828667876,31.27403872823762,15.398243320754188,20.594412224630677,20.594412224630677,36.555180609880075,20.706867339447463,5.3101523959628025,5.310152395962801,5.281141881642455,5.3086240186932745
49,1,Bass,0,0,13.778313412283648,13.778313412283644,33.674643037745724,13.824884126854391,13.405647619921472,13.405647619921472,32.67492180567706,13.459686338243564,-0.37266579236217545,-0.3726657923621719,-0.9997212320686657,-0.36519778861082663
49,2,Drums,0,0,24.397857830837367,24.39785783083737,35.2493048005511,24.771656093428874,19.032648994088152,19.032648994088152,52.715569882270145,19.034531607406585,-5.365208836749215,-5.365208836749218,17.466265081719044,-5.737124486022289
50,0,Vocal,0,0,9.101830877207066,9.101830877207068,45.05301929038475,9.103069515616147,23.136060702795938,23.136060702795938,70.54168353654984,23.136130637782113,14.034229825588872,14.03422982558887,25.488664246165087,14.033061122165966
50,1,Bass,0,0,6.861407826405007,6.861407826405007,23.86516003129207,6.966658975189319,10.998093155378987,10.998093155378989,26.034344353258323,11.147278151323155,4.13668532897398,4.136685328973981,2.1691843219662523,4.180619176133836
50,2,Drums,0,0,27.080026637231672,27.080026637231672,38.20897374677894,27.42917744613395,20.07061248261681,20.07061248261681,36.04680651084878,20.182789741725934,-7.009414154614863,-7.009414154614863,-2.1621672359301556,-7.246387704408015
51,0,Vocal,0,0,9.450090375526221,9.450090375526221,42.98503460526237,9.45223329585777,-4.9716645495705745,-4.9716645495705745,23.913380895479854,-4.948446166708676,-14.421754925096796,-14.421754925096796,-19.071653709782517,-14.400679462566446
51,1,Bass,0,-69,7.389442384332306,7.389442384332306,25.577000336123085,7.467877840081143,-13.96978810831645,-13.96978810831645,14.039471735824012,-13.803981622832746,-21.359230492648756,-21.359230492648756,-11.537528600299073,-21.271859462913888
51,2,Drums,0,0,27.958830786602633,27.958830786602633,45.026054080919735,28.045137622884596,18.873735580702636,18.87373558070264,43.39358942170894,18.889300440216765,-9.085095205899997,-9.085095205899993,-1.6324646592107968,-9.155837182667831
52,0,Vocal,0,-1,8.188209024371547,8.188209024371547,42.12168212313313,8.190231025343918,-34.53462340989436,-34.53462340989436,-1.0870785584423155,-33.1461877986375,-42.722832434265904,-42.722832434265904,-43.20876068157544,-41.33641882398142
52,1,Bass,0,-863,7.345380608511629,7.345380608511629,24.039431411229245,7.456467639834354,-38.798800226163486,-38.798800226163486,-8.772743609875555,-29.613433964181013,-46.14418083467511,-46.14418083467511,-32.8121750211048,-37.06990160401537
52,2,Drums,0,0,30.41832927600351,30.41832927600351,44.229785139398736,30.6029193681597,19.495462831483977,19.495462831483977,38.13037272580547,19.55601082357881,-10.922866444519535,-10.922866444519535,-6.099412413593264,-11.04690854458089
53,0,Vocal,0,0,11.576582428982379,11.576582428982379,47.9386605796521,11.577655612797496,16.76711631933352,16.76711631933352,59.39670269417492,16.76735714828866,5.190533890351142,5.190533890351142,11.458042114522819,5.189701535491164
53,1,Bass,0,-1,9.04268384089523,9.04268384089523,25.572418556291453,9.152357501023165,8.232861603773731,8.232861603773731,26.732834329294537,8.303850375858165,-0.809822237121498,-0.809822237121498,1.1604157730030842,-0.8485071251649998
53,2,Drums,0,0,28.584042671745152,28.584042671745152,40.59460934618659,28.86675635252352,6.225920251473548,6.225920251473548,51.34556797891706,6.226085647070965,-22.358122420271606,-22.358122420271606,10.750958632730473,-22.640670705452557
54,0,Vocal,0,0,11.635393513252472,11.635393513252472,35.2790984051882,11.65548924182567,6.905770792828374,6.905770792828374,43.52042364256266,6.906910672147496,-4.729622720424098,-4.729622720424098,8.241325237374461,-4.748578569678174
54,1,Bass,0,-3343,8.650972404575985,8.650972404575985,25.469649047455466,8.754581398012032,-35.990958493507726,-35.990958493507726,1.097814992826961,-34.46226323872931,-44.641930898083714,-44.641930898083714,-24.371834054628504,-43.21684463674134
54,2,Drums,0,0,30.07949906593764,30.07949906593764,67.69926391592035,30.08024801081168,21.024958508778447,21.024958508778447,61.863533298819455,21.02531892688869,-9.054540557159193,-9.054540557159193,-5.8357306171009,-9.054929083922989
55,0,Vocal,0,6567,7.104013301408536,7.104013301408536,51.66322725966779,7.104194150129651,-52.65567352550121,-52.65567352550121,-13.37033571358096,-39.275657751321354,-59.75968682690974,-59.75968682690974,-65.03356297324875,-46.379851901451005
55,1,Bass,0,10457,10.042743864233037,10.042743864233037,28.251766324069656,10.115331460814435,-18.526138123028666,-18.526138123028666,18.115494134322134,-18.460982199890964,-28.568881987261705,-28.568881987261705,-10.136272189747523,-28.5763136607054
55,2,Drums,0,0,32.205730324351734,32.205730324351734,55.77691073459418,32.22486460435824,20.034230460460712,20.034230460460712,54.42316929378723,20.035827060242305,-12.171499863891022,-12.171499863891022,-1.3537414408069495,-12.189037544115934
56,0,Vocal,0,0,21.403489133991016,21.403489133991016,47.92149681611305,21.413249408849776,12.881973883469504,12.881973883469504,42.62313855898007,12.886822840487795,-8.521515250521512,-8.521515250521512,-5.298358257132982,-8.52642656836198
56,1,Bass,0,-2,21.64153957001843,21.64153957001843,29.8878528966332,22.350527992969162,-9.499584771171266,-9.499584771171266,26.28416604561366,-9.498420102824445,-31.141124341189695,-31.141124341189695,-3.603686851019539,-31.84894809579361
56,2,Drums,0,0,23.727167700497006,23.727167700497006,40.406622602731055,23.821868283120395,-1.1933904959513615,-1.1933904959513608,39.69590268138599,-1.192570865697389,-24.92055819644837,-24.92055819644837,-0.710719921345067,-25.014439148817782
57,0,Vocal,0,0,18.829593791115144,18.829593791115144,27.265759871474557,19.50967544780704,24.10416504177402,24.10416504177402,33.66336060051642,24.615454716465695,5.274571250658877,5.274571250658877,6.397600729041862,5.1057792686586545
57,1,Bass,0,53,24.26306823010885,24.263068230108846,33.73302946990493,24.785572961091205,-7.847035469971616,-7.847035469971616,10.45744873440259,-7.408115352608232,-32.110103700080465,-32.110103700080465,-23.275580735502338,-32.19368831369944
57,2,Drums,0,0,24.310995844192288,24.310995844192288,33.616115142022274,24.855003047845,4.892583406510987,4.892583406510987,32.157833421474656,4.903384511800998,-19.4184124376813,-19.4184124376813,-1.4582817205476175,-19.951618536044002
58,0,Vocal,0,0,16.171616448896163,16.171616448896163,54.57191781488981,16.172257327211106,-4.797974277057392,-4.797974277057392,37.28460436097008,-4.796895650441587,-20.969590725953555,-20.969590725953555,-17.28731345391973,-20.969152977652694
58,1,Bass,0,1,22.50378629934343,22.50378629934343,32.94447912011178,22.917247822554558,11.738419997119788,11.738419997119788,39.324272244998085,11.746505529351772,-10.765366302223644,-10.765366302223644,6.379793124886305,-11.170742293202785
58,2,Drums,0,0,24.88964074779986,24.88964074779986,52.99807126106347,24.89637879689417,8.393602585666695,8.393602585666695,52.388464058394,8.393800639039103,-16.496038162133164,-16.496038162133164,-0.6096072026694728,-16.502578157855066
59,0,Vocal,0,0,18.670153147157308,18.670153147157308,27.29351953451014,19.319632225527506,27.1534290718184,27.1534290718184,38.87544393400995,27.456395589491663,8.483275924661093,8.483275924661093,11.581924399499812,8.136763363964157
59,1,Bass,0,-1,25.285069944317556,25.285069944317556,34.498582613769656,25.84105654116632,19.117974824241337,19.117974824241337,42.56250027165994,19.13790818187384,-6.167095120076219,-6.167095120076219,8.063917657890286,-6.703148359292481
59,2,Drums,0,0,20.760663894102738,20.760663894102738,29.346556370985326,21.413091559636808,6.768220876494448,6.768220876494448,29.796046949549147,6.794451352493846,-13.99244301760829,-13.99244301760829,0.4494905785638217,-14.618640207142962
60,0,Vocal,0,0,21.503218059556243,21.50321805955624,46.76645408167033,21.516251982354156,27.40660250311416,27.40660250311416,40.40789400670719,27.630225285312243,5.903384443557918,5.903384443557922,-6.358560074963144,6.113973302958087
60,1,Bass,0,0,21.11667935536975,21.11667935536975,28.459837766754674,22.007918300830344,10.076444023989533,10.07644402398953,40.130683561518026,10.08115635169614,-11.040235331380218,-11.04023533138022,11.670845794763352,-11.926761949134203
60,2,Drums,0,0,24.2883925640814,24.2883925640814,43.56979118799344,24.340130259481217,2.2963186320895983,2.2963186320895983,40.9003811085801,2.297270501880639,-21.9920739319918,-21.9920739319918,-2.669410079413339,-22.042859757600578
61,0,Vocal,0,0,17.84204165989416,17.84204165989416,62.10733614478805,17.842205034099855,22.608970191971775,22.608970191971775,45.50486703674985,22.631438247145503,4.766928532077614,4.766928532077614,-16.6024691080382,4.789233213045648
61,1,Bass,0,0,24.713930807862702,24.713930807862702,34.0612894756361,25.25216837319015,-1.5276332510668866,-1.5276332510668866,62.03278967072559,-1.5276290965883275,-26.24156405892959,-26.24156405892959,27.97150019508949,-26.779797469778476
61,2,Drums,0,0,21.830730386591036,21.830730386591036,48.09527431931039,21.841072136469762,4.857093782734529,4.857093782734529,34.520350235762514,4.863322713239834,-16.973636603856505,-16.973636603856505,-13.574924083547877,-16.97774942322993
62,0,Vocal,0,0,25.357872101800044,25.357872101800044,47.045634181892346,25.387497114256345,26.236546141947564,26.236546141947564,46.28849058498224,26.27976749355374,0.8786740401475193,0.8786740401475193,-0.7571435969101046,0.8922703792973969
62,1,Bass,0,5,13.318755240980966,13.318755240980966,24.28034146381745,13.697708871631631,-9.69422533994057,-9.69422533994057,20.154128693257697,-9.67118063684021,-23.012980580921536,-23.012980580921536,-4.1262127705597536,-23.36888950847184
62,2,Drums,0,0,31.71552192605472,31.71552192605472,47.27147298947807,31.838146834290256,18.029025534153536,18.029025534153536,45.90439308717908,18.03622617391522,-13.686496391901184,-13.686496391901184,-1.3670799022989897,-13.801920660375036
63,0,Vocal,0,0,15.407677819902512,15.407677819902512,36.57667995462156,15.441936197682246,23.146702864543755,23.146702864543755,52.22308908507709,23.15207558695252,7.739025044641243,7.739025044641243,15.646409130455531,7.7101393892702745
63,1,Bass,0,-16,23.197863706652797,23.197863706652797,35.773995191591794,23.445873584901907,-14.419246605869754,-14.419246605869754,14.92831406283203,-14.30019982824243,-37.61711031252255,-37.61711031252255,-20.845681128759765,-37.74607341314434
63,2,Drums,0,0,28.326363096830164,28.326363096830164,40.31992543534815,28.610239786940227,3.2332087920887553,3.233208792088755,37.05870999242725,3.235863758464508,-25.093154304741407,-25.09315430474141,-3.261215442920907,-25.37437602847572
64,0,Vocal,0,0,14.315741829333561,14.315741829333561,49.24309743880691,14.317188762906936,15.103977371461681,15.103977371461681,61.24869643630353,15.104084286818715,0.7882355421281204,0.7882355421281204,12.00559899749662,0.7868955239117792
64,1,Bass,0,1893,12.284812542848037,12.284812542848037,22.689602169648868,12.722970190873951,-15.031078714716074,-15.031078714716074,22.008239492038747,-15.019009458208224,-27.31589125756411,-27.31589125756411,-0.6813626776101209,-27.741979649082175
64,2,Drums,0,0,34.28755962055882,34.28755962055882,49.942582823841526,34.40734415935574,24.342249811922425,24.342249811922425,51.235567044365,24.351171971738115,-9.945309808636392,-9.945309808636392,1.292984220523472,-10.056172187617623
65,0,Vocal,0,0,16.01851930916164,16.01851930916164,42.034053386868486,16.029673071641746,17.548191392129024,17.548191392129024,41.45229093621286,17.56621133472673,1.5296720829673838,1.5296720829673838,-0.5817624506556243,1.536538263084985
65,1,Bass,0,0,15.698990296468134,15.698990296468134,27.878458831560312,15.977286675112094,13.160293417615414,13.160293417615412,32.53089799314526,13.213212173144314,-2.53869687885272,-2.538696878852722,4.652439161584947,-2.76407450196778
65,2,Drums,0,0,30.686856907482607,30.686856907482607,43.05853750776771,30.94619335039626,17.828706115823746,17.828706115823746,53.881182819834265,17.829801665125643,-12.858150791658861,-12.858150791658861,10.822645312066555,-13.116391685270617
66,0,Vocal,0,0,16.35363780702085,16.35363780702085,59.71186316574631,16.353841591059737,20.043189137596112,20.043189137596112,52.81617951143318,20.045502830310763,3.689551330575263,3.689551330575263,-6.895683654313132,3.691661239251026
66,1,Bass,0,0,10.453967467178998,10.453967467178998,20.20873704603085,10.980860327420856,8.884135079311289,8.884135079311289,21.692724938869095,9.147091189987561,-1.5698323878677094,-1.5698323878677094,1.4839878928382433,-1.8337691374332952
66,2,Drums,0,0,33.25438432794026,33.25438432794026,44.11058741100198,33.626629395039785,26.301295527866774,26.301295527866774,52.8319969146035,26.3109825777973,-6.953088800073484,-6.953088800073484,8.721409503601521,-7.3156468172424844
67,0,Vocal,0,19,-4.146883347923885,-4.146883347923884,23.98067170483461,-4.122866914738531,-20.225350999148894,-20.225350999148894,1.888278473706799,-19.918038182027985,-16.078467651225008,-16.07846765122501,-22.09239323112781,-15.795171267289454
67,1,Bass,0,0,14.1147804737774,14.1147804737774,24.52384980805703,14.544491176800456,14.321627426948318,14.321627426948318,24.654125964451843,14.758628197956876,0.20684695317091872,0.20684695317091872,0.13027615639481382,0.21413702115641975
67,2,Drums,0,0,37.42227256103934,37.42227256103934,48.55445937092217,37.770549817882,29.876520405028625,29.876520405028625,45.973437316581226,29.984643167325174,-7.5457521560107175,-7.5457521560107175,-2.5810220543409415,-7.785906650556825
68,0,Vocal,0,0,10.093558328733954,10.093558328733954,34.88670280372959,10.109394104036687,-3.8439526092531526,-3.8439526092531526,34.284408121326784,-3.843952213650912,-13.937510937987106,-13.937510937987106,-0.6022946824028068,-13.953346317687599
68,1,Bass,0,0,13.228931544971198,13.228931544971198,23.60151105495663,13.665924544545112,8.690568938823686,8.690568938823686,39.38931678491401,8.694767772363125,-4.538362606147512,-4.538362606147512,15.787805729957377,-4.9711567721819865
68,2,Drums,0,0,34.35850232753717,34.35850232753717,45.199264060635954,34.732093348616864,23.295675211561296,23.295675211561296,43.16860159469723,23.340835129228793,-11.062827115975871,-11.062827115975871,-2.0306624659387253,-11.391258219388071
69,0,Vocal,0,-892,17.303873799004243,17.303873799004243,42.450810420398746,17.317416369252754,-21.014753746321624,-21.014753746321624,26.70842943571889,-21.014753238529572,-38.31862754532587,-38.31862754532587,-15.742380984679855,-38.332169607782326
69,1,Bass,0,-125,16.80471692045035,16.804716920450346,26.746511841144198,17.277983693342634,-6.654542847176209,-6.654542847176209,33.83141147939317,-6.654371959071525,-23.45925976762656,-23.459259767626556,7.08489963824897,-23.93235565241416
69,2,Drums,0,0,28.51696036925445,28.51696036925445,37.4668429323828,29.109354636337585,19.772073343389764,19.772073343389764,37.47602518839874,19.84716861636657,-8.744887025864685,-8.744887025864685,0.009182256015940027,-9.262186019971015
70,0,Vocal,0,0,12.083105998547971,12.083105998547971,38.95579283000549,12.092589694829353,21.113220469790612,21.113220469790612,59.6296807605627,21.113829421817854,9.03011447124264,9.03011447124264,20.673887930557207,9.021239726988501
70,1,Bass,0,0,16.230375023852357,16.23037502385236,28.221882952448205,16.520530318400585,16.434086217393276,16.43408621739328,28.20202987571184,16.73978153266328,0.2037111935409186,0.2037111935409186,-0.019853076736364272,0.21925121426269456
70,2,Drums,0,0,26.79454523763353,26.79454523763353,37.47868731345541,27.183127202113745,20.91384714964927,20.91384714964927,47.25586343166149,20.92402297149622,-5.880698087984257,-5.880698087984257,9.777176118206079,-6.259104230617524
71,0,Vocal,0,88,8.687571660248546,8.687571660248546,39.977184003657975,8.691236059844003,-10.584360193091618,-10.584360193091618,22.10881456505152,-10.584359962065344,-19.271931853340163,-19.271931853340163,-17.868369438606454,-19.275596021909347
71,1,Bass,0,0,18.849214572134922,18.849214572134922,25.35889530898978,19.95971854279228,18.887273980093923,18.887273980093923,24.89771661786712,20.154089828509647,0.038059407959000424,0.038059407959000424,-0.46117869112266163,0.1943712857173665
71,2,Drums,0,0,27.019828836084848,27.01982883608485,35.83305055748426,27.632887753392975,-9.46938452346222,-9.46938452346222,45.68075711142661,-9.469258278743194,-36.489213359547065,-36.48921335954707,9.847706553942345,-37.10214603213617
72,0,Vocal,0,0,25.91168943281894,25.91168943281894,46.41998864713638,25.950592167191306,8.450439005139772,8.450439005139772,52.9809486966063,8.450613834406065,-17.46125042767917,-17.46125042767917,6.560960049469919,-17.49997833278524
72,1,Bass,0,-2445,4.937194001617119,4.9371940016171205,15.470777978224607,5.460845461072925,-33.2792837389772,-33.2792837389772,-6.315332959090963,-26.183039196812608,-38.216477740594314,-38.21647774059432,-21.78611093731557,-31.643884657885533
72,2,Drums,0,0,25.890416928339025,25.890416928339025,33.94799453286136,26.63080949871132,13.308853886767197,13.308853886767197,30.188947609916433,13.403015020695364,-12.581563041571828,-12.581563041571828,-3.7590469229449255,-13.227794478015955
73,0,Vocal,0,0,20.20172553815915,20.201725538159145,42.46530962248564,20.2278359398004,32.74080157141182,32.74080157141182,54.64330545822421,32.768910897637745,12.539076033252673,12.539076033252677,12.177995835738571,12.541074957837345
73,1,Bass,0,0,8.894536212383654,8.894536212383654,26.061863463831276,8.989466108132797,9.376678889165005,9.376678889165005,32.57940242186452,9.39989932897155,0.4821426767813506,0.4821426767813506,6.517538958033246,0.4104332208387529
73,2,Drums,0,0,25.811092808411097,25.811092808411097,32.551474859946886,26.847236501885604,14.106628769041997,14.106628769041997,50.92137460378019,14.107568203076529,-11.7044640393691,-11.7044640393691,18.3698997438333,-12.739668298809075
74,0,Vocal,0,0,29.58820339231002,29.588203392310028,50.6454942317341,29.62240698402516,29.70759801215353,29.70759801215353,51.647604833839026,29.73548638216462,0.11939461984350785,0.11939461984350075,1.0021106021049278,0.11307939813945822
74,1,Bass,0,1893,11.261097426451343,11.261097426451343,21.986405201260695,11.672478594661051,-14.158143894064146,-14.158143894064148,18.267383453010538,-14.158000093199014,-25.41924132051549,-25.41924132051549,-3.7190217482501566,-25.830478687860065
74,2,Drums,0,-51,16.91580027608164,16.91580027608164,28.40780033854645,17.24155128107205,-4.42982646841049,-4.42982646841049,25.746514162422965,-4.414118110989565,-21.34562674449213,-21.34562674449213,-2.661286176123486,-21.655669392061615
75,0,Vocal,2324,2,-50.011483560916176,-50.011483560916176,-16.502292853909662,-33.416272813008405,-4.2672218564734425,-4.2672218564734425,0.09745544902783344,-4.266932294517828,45.744261704442735,45.744261704442735,16.599748302937495,29.149340518490575
75,1,Bass,0,1034,8.896661776029376,8.896661776029376,24.449307094164503,9.034865059778882,-41.60466648079207,-41.60466648079207,-7.43738313718686,-33.458935755097905,-50.501328256821445,-50.501328256821445,-31.886690231351363,-42.493800814876785
75,2,Drums,0,0,35.93268423886087,35.93268423886087,51.77465883389857,36.04732577340725,8.063036358969878,8.063036358969878,24.67358178611274,8.173649146969616,-27.869647879890994,-27.869647879890994,-27.10107704778583,-27.873676626437636
76,0,Vocal,0,0,25.173287304227102,25.173287304227102,49.909366650551725,25.187948451752703,10.420769714061988,10.420769714061988,46.25000367453127,10.422007414553638,-14.752517590165114,-14.752517590165114,-3.6593629760204536,-14.765941037199065
76,1,Bass,0,0,6.203538702269935,6.203538702269935,22.878291170788167,6.320276480015675,5.060649409448688,5.060649409448686,24.16851253847987,5.130912289975088,-1.1428892928212466,-1.1428892928212484,1.2902213676917036,-1.1893641900405871
76,2,Drums,0,0,29.833496822912583,29.833496822912583,49.569638209367966,29.87993834764406,0.6497711311728994,0.6497711311729011,35.668210207212596,0.65231615532294,-29.183725691739685,-29.18372569173968,-13.90142800215537,-29.22762219232112
77,0,Vocal,0,0,21.80860056507486,21.80860056507486,65.25535435003306,21.808797186542492,10.87884470737118,10.87884470737118,64.20007512884521,10.878866443026416,-10.929755857703679,-10.929755857703679,-1.0552792211878455,-10.929930743516076
77,1,Bass,0,0,8.935156983041395,8.935156983041393,24.136817780779275,9.085002138389516,-2.1897031096893995,-2.1897031096893995,26.652215083000872,-2.174652898500299,-11.124860092730795,-11.124860092730792,2.515397302221597,-11.259655036889814
77,2,Drums,0,0,24.28990428192209,24.28990428192209,29.90363236578029,25.6882883194821,2.8397714078488354,2.839771407848835,31.28946637059031,2.849207932041134,-21.450132874073255,-21.450132874073255,1.3858340048100217,-22.839080387440966
78,0,Vocal,0,0,26.41837165822043,26.41837165822043,50.589232941044536,26.43506142408823,26.953759769253544,26.953759769253544,51.92459562726157,26.96763287658254,0.5353881110331145,0.5353881110331145,1.3353626862170316,0.532571452494313
78,1,Bass,0,484,2.458346089607656,2.458346089607656,15.025629973921212,2.8401523795443087,-32.83669302247987,-32.83669302247987,-11.419030369745824,-21.14588386077187,-35.29503911208753,-35.29503911208753,-26.44466034366704,-23.98603624031618
78,2,Drums,0,0,24.234865385185937,24.234865385185937,32.24526286087715,24.984901139833,2.0409716242577023,2.0409716242577023,22.142869641740926,2.1100371444444335,-22.193893760928233,-22.193893760928233,-10.102393219136221,-22.874863995388566
79,0,Vocal,0,0,24.45003688608537,24.45003688608537,44.08032476239717,24.49775276819063,23.215617604865987,23.215617604865987,46.70546347459173,23.235197354470444,-1.2344192812193846,-1.2344192812193846,2.6251387121945626,-1.262555413720186
79,1,Bass,0,5,7.450225889454252,7.450225889454252,17.31756944131493,8.002598397284261,-14.730932296400308,-14.730932296400308,11.493933400607048,-14.473005257025749,-22.18115818585456,-22.18115818585456,-5.823636040707882,-22.47560365431001
79,2,Drums,0,0,22.766690742353486,22.766690742353486,30.040670587720413,23.671835342694227,12.941848659288471,12.941848659288471,33.67954671768008,12.980509919004902,-9.824842083065015,-9.824842083065015,3.6388761299596695,-10.691325423689324
80,0,Vocal,0,0,8.490226292488783,8.490226292488783,24.41524114563148,8.61834344204794,0.09812492066598623,0.09812492066598527,45.07539379924555,0.09839778004869403,-8.392101371822797,-8.392101371822799,20.660152653614073,-8.519945661999246
80,1,Bass,0,200,-4.5142000151332935,-4.5142000151332935,7.540334321575602,-3.530047529261619,3.0972366187294926,3.0972366187294926,32.317363340141014,3.1049820808006774,7.611436633862786,7.611436633862786,24.77702901856541,6.635029610062297
80,2,Drums,0,0,25.518734775632616,25.518734775632616,30.69399748689008,27.09459483962086,2.2615797142611473,2.2615797142611487,58.58132657061216,2.261595716487887,-23.25715506137147,-23.257155061371467,27.887329083722083,-24.832999123132975
81,0,Vocal,0,-416,3.6339685996819733,3.6339685996819733,22.63155017382605,3.7126498915051185,-8.632590804607876,-8.632590804607876,30.340844930420463,-8.631991291357243,-12.266559404289849,-12.266559404289849,7.709294756594414,-12.344641182862361
81,1,Bass,0,0,-0.20817728222236656,-0.20817728222236656,13.263100144753553,0.1918114826222407,9.14902257236148,9.14902257236148,25.531233226475468,9.262224199055328,9.357199854583847,9.357199854583847,12.268133081721915,9.070412716433088
81,2,Drums,0,0,30.97949517399684,30.97949517399684,43.37839727926034,31.237146943252235,-1.0102874438492622,-1.0102874438492628,29.49627061025922,-1.0015467388486612,-31.9897826178461,-31.9897826178461,-13.88212666900112,-32.238693682100894
82,0,Vocal,0,0,8.976976209526843,8.976976209526844,23.724167456191992,9.143423670297588,10.947300673269497,10.947300673269497,25.61626266252528,11.110002639644634,1.9703244637426547,1.970324463742653,1.8920952063332876,1.9665789693470455
82,1,Bass,0,0,-3.3039969279460593,-3.3039969279460593,7.471079113073207,-2.209389321870407,2.7433511415794456,2.7433511415794456,14.023090541388939,3.2481430875387804,6.047348069525505,6.047348069525505,6.552011428315732,5.457532409409188
82,2,Drums,0,1,23.780327092135984,23.780327092135984,32.37328398721455,24.42908900553948,3.2323599241903707,3.2323599241903707,29.742528627595597,3.246676314157411,-20.547967167945615,-20.547967167945615,-2.630755359618952,-21.18241269138207
83,0,Vocal,0,-506,9.46279217022067,9.46279217022067,26.356915275185994,9.562540582855867,-9.589997129472552,-9.589997129472552,36.589972830707836,-9.589989874458176,-19.052789299693224,-19.052789299693224,10.233057555521842,-19.152530457314043
83,1,Bass,0,0,-1.9777910848418667,-1.9777910848418667,10.296377347341423,-1.3247958043517525,7.881374241053001,7.881374241053001,25.45362106616283,7.970355547093407,9.859165325894867,9.859165325894867,15.157243718821409,9.29515135144516
83,2,Drums,0,0,23.257043630803395,23.257043630803395,29.49459358258562,24.44133261145066,4.735517572302947,4.735517572302947,33.35204122196542,4.743500485668786,-18.52152605850045,-18.52152605850045,3.857447639379803,-19.697832125781876
84,0,Vocal,0,0,7.682264086396823,7.682264086396824,22.53936305255159,7.850699651411841,23.518494426792426,23.518494426792426,42.362223016821915,23.575793244322792,15.836230340395602,15.836230340395602,19.822859964270325,15.725093592910952
84,1,Bass,0,0,-3.8052869935022215,-3.8052869935022215,7.870323117638098,-2.842605856680183,2.5939516493549926,2.5939516493549926,15.742273812421601,2.92381494732817,6.399238642857214,6.399238642857214,7.871950694783503,5.766420804008353
84,2,Drums,0,0,27.1305813864485,27.1305813864485,35.97847330757257,27.7383794151865,-3.4157338357815266,-3.415733835781527,40.55512534974171,-3.4151782791224465,-30.546315222230028,-30.546315222230028,4.576652042169137,-31.153557694308947
85,0,Vocal,0,0,8.389335008210978,8.389335008210978,24.146409633753066,8.522944882871592,12.98116258845458,12.98116258845458,30.65479288278588,13.059739841794837,4.591827580243603,4.591827580243603,6.508383249032814,4.536794958923245
85,1,Bass,0,0,0.4318231844741483,0.4318231844741483,11.643063221959915,1.0612608385940112,5.375059204932548,5.375059204932548,16.391187012562675,5.831681642237219,4.943236020458399,4.943236020458399,4.74812379060276,4.770420803643208
85,2,Drums,0,0,23.106003182431373,23.106003182431373,31.301441565647252,23.82277806605885,-2.2017153738697752,-2.201715373869776,25.659368354379282,-2.1828203055430544,-25.307718556301147,-25.307718556301147,-5.64207321126797,-26.005598371601902
86,0,Vocal,0,0,7.358408000612171,7.358408000612171,22.323008739781578,7.52448689597755,34.82770551413028,34.82770551413027,70.12280262601989,34.82893325158581,27.469297513518107,27.4692975135181,47.79979388623831,27.30444635560826
86,1,Bass,-504,0,-2.8933640000614167,-2.8933640000614167,22.87393588177393,-2.859489560023831,7.519759153997566,7.519759153997566,21.081717489709952,7.749064857582519,10.413123154058983,10.413123154058983,-1.7922183920639796,10.60855441760635
86,2,Drums,0,0,24.476075007085218,24.476075007085218,32.84047474038422,25.162398155655712,7.6528862496819094,7.652886249681909,41.22115248911851,7.655124088833954,-16.823188757403308,-16.823188757403308,8.380677748734293,-17.507274066821758
87,0,Vocal,0,0,8.31726459485568,8.317264594855677,22.76974156664226,8.498807314969453,27.74600503771163,27.746005037711633,43.27038794869539,27.869654105853744,19.42874044285595,19.428740442855954,20.500646382053127,19.370846790884293
87,1,Bass,0,0,-2.834727882133505,-2.834727882133504,8.47409372871831,-1.9238917587629003,8.561602072588958,8.561602072588958,20.31013433313476,8.902368873830088,11.396329954722463,11.39632995472246,11.836040604416448,10.826260632592989
87,2,Drums,0,1,23.03531627014799,23.03531627014799,30.346501227299193,23.93163752637235,-1.9157048370810266,-1.9157048370810272,26.505715593328418,-1.8997552253468588,-24.951021107229018,-24.951021107229018,-3.840785633970775,-25.831392751719207
88,0,Vocal,0,0,15.91514017301316,15.915140173013162,43.65835528488483,15.922634602769538,24.578668209011447,24.578668209011447,46.698969191369315,24.60548842045415,8.663528035998286,8.663528035998285,3.040613906484488,8.682853817684613
88,1,Bass,0,5912,9.404567438602559,9.404567438602559,26.48251551527504,9.500274920125376,-39.12720429572937,-39.12720429572937,1.2780970545667871,-37.621329676714126,-48.531771734331926,-48.531771734331926,-25.204418460708254,-47.121604596839504
88,2,Drums,0,0,28.108322962747287,28.108322962747287,34.45741511034599,29.255064867325732,15.640932551651892,15.640932551651892,32.70016457377534,15.729595741848872,-12.467390411095396,-12.467390411095396,-1.7572505365706519,-13.52546912547686
89,0,Vocal,0,0,22.216399299739926,22.216399299739926,61.867254372143336,22.216871772288425,27.919995428031413,27.919995428031413,74.57397318388287,27.920085513437307,5.703596128291487,5.703596128291487,12.706718811739535,5.703213741148883
89,1,Bass,0,7813,8.18181462939907,8.181814629399069,22.30274145651446,8.378786175000853,-40.98645599307254,-40.98645599307254,0.6627562585112405,-40.986209814233206,-49.16827062247161,-49.16827062247161,-21.63998519800322,-49.36499598923406
89,2,Drums,0,0,25.94790354434184,25.94790354434184,33.99303897732756,26.690588921239645,-4.69770317178029,-4.69770317178029,59.06241839440781,-4.6976962681938845,-30.64560671612213,-30.64560671612213,25.06937941708025,-31.388285189433528
90,0,Vocal,0,0,16.07498731387386,16.074987313873855,42.02725615583126,16.08630226953809,15.90746334687414,15.907463346874142,41.6181455441979,15.919437785990013,-0.1675239669997186,-0.16752396699971328,-0.40911061163335916,-0.16686448354807837
90,1,Bass,0,3233,7.8802307629499335,7.8802307629499335,22.85866373541132,8.04291927932331,-33.114602669962075,-33.114602669962075,5.405007588963089,-32.355069760318365,-40.99483343291201,-40.99483343291201,-17.453656146448232,-40.39798903964167
90,2,Drums,0,0,27.9785026357591,27.978502635759096,32.88825962395002,29.673996821338747,-2.326868665192668,-2.326868665192667,21.14797397596537,-2.2740985408628513,-30.30537130095177,-30.305371300951762,-11.74028564798465,-31.9480953622016
91,0,Vocal,0,0,22.097714178263995,22.097714178263995,53.66963768053517,22.100756914650503,4.772894173329181,4.772894173329181,40.217274109466445,4.774547162520696,-17.324820004934814,-17.324820004934814,-13.452363571068723,-17.326209752129806
91,1,Bass,0,-14602,8.457860411232245,8.457860411232245,22.006480020616905,8.681333982904357,-35.41937212186655,-35.41937212186655,1.833732221719747,-33.98948770806035,-43.8772325330988,-43.8772325330988,-20.17274779889716,-42.67082169096471
91,2,Drums,0,0,25.222317862372,25.222317862372,32.64800726827354,26.09129080524569,11.842314758961463,11.842314758961463,32.87731539900937,11.87890897036886,-13.380003103410539,-13.380003103410539,0.22930813073583067,-14.212381834876831
92,0,Vocal,0,0,25.961476547600945,25.961476547600945,47.85219872782831,25.989736104432097,25.829647244968378,25.82964724496838,47.81448828812593,25.857301158165804,-0.13182930263256765,-0.1318293026325641,-0.03771043970237997,-0.1324349462662937
92,1,Bass,0,11,4.8283937518173845,4.828393751817385,16.792624954561354,5.203813231605423,-15.407178209024883,-15.407178209024883,5.867453427145613,-15.212279545443117,-20.235571960842268,-20.235571960842268,-10.925171527415742,-20.41609277704854
92,2,Drums,0,-12,25.246083616113406,25.246083616113406,32.32053210535127,26.196795738882305,-6.670145436371065,-6.670145436371065,27.342579553951122,-6.660429765543049,-31.91622905248447,-31.91622905248447,-4.977952551400147,-32.85722550442535
93,0,Vocal,0,0,14.721668414333102,14.721668414333102,42.48778388309339,14.729182531104122,16.293575128240303,16.293575128240303,50.866544193838486,16.295125017877638,1.5719067139072003,1.5719067139072003,8.378760310745093,1.5659424867735154
93,1,Bass,0,1612,7.44503958407864,7.44503958407864,22.849912328940214,7.594461740117221,-35.38348108180525,-35.38348108180525,8.16640896451067,-35.26258314600654,-42.82852066588389,-42.82852066588389,-14.683503364429544,-42.85704488612376
93,2,Drums,0,0,30.179604746483882,30.179604746483882,35.227770310970286,31.809694376435253,-3.525281344096554,-3.5252813440965536,22.846483012612264,-3.492764749117694,-33.70488609058044,-33.70488609058044,-12.381287298358021,-35.30245912555295
94,0,Vocal,0,0,20.563179421073713,20.563179421073713,65.74610234740064,20.563311033579428,20.273072105846804,20.273072105846804,80.2389511156558,20.273075357123908,-0.29010731522690847,-0.29010731522690847,14.492848768255158,-0.29023567645552006
94,1,Bass,0,9159,8.35227955034772,8.35227955034772,22.85662816213258,8.531451845400522,-38.62132044832435,-38.62132044832435,-5.028403914958219,-32.79575233901259,-46.97359999867207,-46.97359999867207,-27.8850320770908,-41.327204184413105
94,2,Drums,0,0,24.64717569305129,24.64717569305129,29.075663538316725,26.595525732895588,2.9735126720235856,2.9735126720235843,42.66911022826857,2.974213386958336,-21.673663021027707,-21.673663021027707,13.593446689951847,-23.621312345937252
95,0,Vocal,0,0,11.512005099556637,11.512005099556637,44.336989332400556,11.514430524692433,-32.57440529419853,-32.57440529419853,-1.4453407694082618,-29.40132262052678,-44.086410393755166,-44.086410393755166,-45.78233010180882,-40.91575314521921
95,1,Bass,0,-3571,9.012808795272173,9.012808795272173,27.588913025008207,9.08107075584655,-29.734950399351558,-29.734950399351558,11.128763366838811,-29.640465258964696,-38.74775919462373,-38.74775919462373,-16.460149658169396,-38.72153601481125
95,2,Drums,0,0,29.710808262062194,29.710808262062194,37.97242987358435,30.413343194229792,-4.569337796303995,-4.569337796303996,52.23764054912674,-4.569303338037936,-34.28014605836619,-34.28014605836619,14.265210675542384,-34.98264653226773
96,0,Vocal,0,0,17.16763951030942,17.16763951030942,39.86335270965597,17.191495993125564,20.580516263235836,20.580516263235836,43.07542666124966,20.605248582387333,3.4128767529264152,3.4128767529264152,3.2120739515936876,3.413752589261769
96,1,Bass,0,0,16.861232619180477,16.861232619180477,23.78860303261697,17.864169821426263,0.21812126963255227,0.21812126963255227,20.82103771612211,0.29188646027101306,-16.643111349547926,-16.643111349547926,-2.967565316494859,-17.57228336115525
96,2,Drums,0,0,27.08409925386263,27.08409925386263,31.453339361780923,29.06397483210516,28.25397579705633,28.253975797056334,35.27785638746187,29.215858942003933,1.169876543193702,1.1698765431937055,3.8245170256809438,0.15188410989877354
97,0,Vocal,0,0,17.26769557124503,17.26769557124503,35.92289759885245,17.328404321569913,17.933031352952366,17.933031352952366,37.56544360326015,17.981315578152778,0.6653357817073342,0.6653357817073342,1.6425460044076985,0.6529112565828648
97,1,Bass,-1,0,19.015224595181486,19.015224595181486,30.42604009399323,19.344912614243036,18.843971955943402,18.843971955943402,29.419626919872076,19.24701294012056,-0.17125263923808376,-0.17125263923808376,-1.0064131741211533,-0.09789967412247691
97,2,Drums,0,0,24.73969147831493,24.739691478314928,31.008512206357896,25.912834212377366,9.676988376089001,9.676988376089003,34.12816782304148,9.694278230341281,-15.06270310222593,-15.062703102225925,3.119655616683584,-16.218555982036087
98,0,Vocal,0,0,27.99973158461638,27.99973158461638,38.849044220852846,28.37298981495531,29.297943085701966,29.297943085701966,41.66983786622584,29.557344918157664,1.2982115010855857,1.2982115010855857,2.8207936453729943,1.1843551032023534
98,1,Bass,0,-17378,8.298712080785467,8.298712080785467,14.488160297795877,9.645073137094979,-37.01578183711431,-37.01578183711431,-0.3893061865601498,-33.82820798660582,-45.31449391789978,-45.31449391789978,-14.877466484356027,-43.4732811237008
98,2,Drums,0,0,21.85959341840343,21.859593418403428,28.597285360546422,22.900042131701305,24.173562025490227,24.173562025490227,47.72203869275504,24.19286023814915,2.313968607086796,2.3139686070867995,19.12475333220862,1.2928181064478466
99,0,Vocal,0,0,17.20308906297664,17.20308906297664,35.805357780230004,17.264564241918087,17.89459567514006,17.89459567514006,37.110306804218126,17.947778747442676,0.691506612163419,0.691506612163419,1.3049490239881223,0.6832145055245888
99,1,Bass,-1,-1,19.087633507127183,19.087633507127183,30.38298844047845,19.426484382619876,18.891745310465154,18.891745310465154,30.639173749043998,19.196088802023084,-0.19588819666202895,-0.19588819666202895,0.25618530856554855,-0.23039558059679166
99,2,Drums,0,0,24.559427775715406,24.559427775715406,31.080633020555428,25.657380944865082,20.837781915492556,20.837781915492556,32.10915138064949,21.177257936799265,-3.72164586022285,-3.72164586022285,1.0285183600940648,-4.480123008065817
100,0,Vocal,0,0,7.256531391431339,7.256531391431339,16.020158401086253,7.983258789278937,15.040996475565922,15.040996475565922,42.699477548202864,15.048671229292538,7.784465084134584,7.784465084134584,26.679319147116612,7.065412440013601
100,1,Bass,0,5,9.334363949670758,9.334363949670758,17.44308238944807,10.141144448904809,-9.228602117155727,-9.228602117155727,19.05895868625201,-9.176635577817187,-18.562966066826483,-18.562966066826483,1.6158762968039397,-19.317780026721998
100,2,Drums,0,0,33.65496193843744,33.65496193843744,77.88186959270197,33.65512001946647,33.06034542640969,33.06034542640969,68.0340325167125,33.06172263459053,-0.5946165120277485,-0.5946165120277485,-9.847837075989474,-0.5933973848759422
101,0,Vocal,0,0,16.052617023916337,16.052617023916337,28.437474136913448,16.317150235311374,19.487169451284817,19.487169451284817,35.880412212362685,19.589094846578313,3.43455242736848,3.43455242736848,7.442938075449238,3.271944611266939
101,1,Bass,0,-4,14.214881443915692,14.214881443915692,22.641821055342128,14.91194224199569,-15.210835535742689,-15.210835535742685,15.987191125712377,-15.130239122892322,-29.425716979658382,-29.425716979658375,-6.654629929629751,-30.042181364888012
101,2,Drums,0,0,30.692215746769776,30.692215746769772,41.046352523955285,31.112505391693027,27.484186418262702,27.484186418262702,43.67107536896823,27.590144127048667,-3.208029328507074,-3.2080293285070702,2.624722845012947,-3.52236126464436
102,0,Vocal,0,0,16.147944187056908,16.147944187056908,23.186618438066514,17.12568570084445,10.527153344061626,10.527153344061626,24.31256061869113,10.728773847378704,-5.620790842995282,-5.620790842995282,1.125942180624616,-6.396911853465745
102,1,Bass,1,1,9.821076928938142,9.821076928938142,15.504283850267306,11.309606027272705,7.261879480289027,7.261879480289027,20.282590348899955,7.524600013865017,-2.5591974486491154,-2.5591974486491154,4.778306498632649,-3.7850060134076884
102,2,Drums,0,0,32.628181850481155,32.62818185048116,49.334767376271564,32.721941814453125,29.85751956486557,29.85751956486557,51.26226902091596,29.889091465362306,-2.770662285615586,-2.770662285615593,1.9275016446443942,-2.832850349090819
103,0,Vocal,0,0,25.965975854008413,25.965975854008413,38.64124608687463,26.207701385306695,27.73550111002241,27.73550111002241,42.744900285701696,27.874976540834126,1.7695252560139956,1.7695252560139956,4.103654198827066,1.667275155527431
103,1,Bass,1,-5,9.777943922098869,9.777943922098869,16.078669526640223,11.043663413657434,-5.76292651464135,-5.76292651464135,16.084685844835818,-5.631194269562437,-15.540870436740219,-15.540870436740219,0.006016318195595005,-16.67485768321987
103,2,Drums,0,0,20.441302258069143,20.44130225806915,28.509674757819333,21.18406432482186,18.399086957864267,18.399086957864267,41.98391428365007,18.418427389415783,-2.0422153002048766,-2.0422153002048837,13.47423952583074,-2.7656369354060786
104,0,Vocal,0,0,-12.810454377974171,-12.810454377974171,18.06750116737761,-12.739660423269068,1.7165172592251665,1.7165172592251665,41.2926383155477,1.7172618975812937,14.526971637199338,14.526971637199338,23.225137148170088,14.456922320850362
104,1,Bass,0,0,0.953539515054012,0.953539515054012,18.01468578124141,1.1078953526554676,4.1768940483851456,4.1768940483851456,21.801148557428395,4.281193108659061,3.2233545333311335,3.2233545333311335,3.7864627761869833,3.1732977560035938
104,2,Drums,0,0,40.520798600654224,40.520798600654224,67.97159458698127,40.528604536011116,24.94456674218317,24.94456674218317,66.0330837227117,24.944905487010228,-15.576231858471054,-15.576231858471054,-1.938510864269574,-15.583699049000888
105,0,Vocal,0,480,7.131631911741781,7.131631911741781,34.249138893910775,7.141706195914363,-22.85079540876236,-22.850795408762355,42.008316673481815,-22.850636360021618,-29.98242732050414,-29.982427320504137,7.75917777957104,-29.99234255593598
105,1,Bass,0,0,4.810120703607263,4.810120703607261,21.612619199742518,4.931621433408863,6.5153045184111225,6.5153045184111225,22.67451367533585,6.64515886274488,1.7051838148038598,1.7051838148038616,1.0618944755933306,1.713537429336017
105,2,Drums,0,0,26.758622320758164,26.758622320758164,42.016283980663914,26.890286855502875,15.852275471157391,15.852275471157391,39.52058222150472,15.871462319099729,-10.906346849600773,-10.906346849600773,-2.4957017591591963,-11.018824536403146
106,0,Vocal,0,358,1.6296648900932145,1.6296648900932154,29.288261715564715,1.6422304644718413,-19.177457297158583,-19.177457297158583,14.483857754224816,-19.02481348651103,-20.807122187251796,-20.8071221872518,-14.804403961339899,-20.66704395098287
106,1,Bass,0,0,0.8963415721014106,0.89634157210141,17.451509801555186,1.070820562738692,-0.9865090901425722,-0.9865090901425722,31.993464287699368,-0.9815791127216003,-1.8828506622439827,-1.8828506622439822,14.541954486144181,-2.0523996754602924
106,2,Drums,0,0,35.22737852821874,35.22737852821874,49.45276037202129,35.39475794721519,24.932130607489658,24.932130607489658,47.58530284185278,24.955845976895084,-10.295247920729086,-10.295247920729086,-1.8674575301685081,-10.438911970320106
107,0,Vocal,0,221,12.308139061078371,12.308139061078371,63.842586968008135,12.308170932918301,-25.575092471551393,-25.575092471551393,11.900637290159393,-25.30383585236949,-37.883231532629765,-37.883231532629765,-51.94194967784874,-37.61200678528779
107,1,Bass,0,6934,4.982478235301199,4.9824782353012,21.185843799264088,5.120772374322053,-28.087019049422945,-28.087019049422945,11.078114426355201,-27.763068031896406,-33.06949728472414,-33.06949728472414,-10.107729372908887,-32.88384040621846
107,2,Drums,0,0,28.146307352151236,28.146307352151236,36.942821189914035,28.761644170671534,8.683585563871084,8.683585563871084,40.376770660205885,8.68692551708984,-19.462721788280152,-19.462721788280152,3.43394947029185,-20.074718653581694
108,0,Vocal,0,0,8.186265945368433,8.186265945368433,45.29250259155667,8.187239760441173,24.004789618659114,24.004789618659114,53.72045907412114,24.009438800962982,15.81852367329068,15.81852367329068,8.427956482564468,15.82219904052181
108,1,Bass,0,1,0.42929715064716767,0.42929715064716767,18.004022521090267,0.5741091455700404,1.6453669456446642,1.6453669456446642,27.43380840767017,1.6646693909029031,1.2160697949974966,1.2160697949974966,9.429785886579904,1.0905602453328627
108,2,Drums,0,0,30.270382240344112,30.270382240344112,54.70108609275171,30.286080029818102,18.193724257414118,18.19372425741412,60.374858287374266,18.193990899471075,-12.076657982929994,-12.07665798292999,5.673772194622558,-12.092089130347027
109,0,Vocal,0,0,0.9509482068540362,0.9509482068540362,27.311629090238178,0.9690570718786217,20.873386250537862,20.873386250537862,67.96704996059466,20.873460812294798,19.922438043683826,19.922438043683826,40.65542087035649,19.904403740416175
109,1,Bass,0,0,1.93933872798487,1.93933872798487,17.865637309245436,2.122157460468275,1.9932065824188216,1.9932065824188236,18.182314122745815,2.1644293629344213,0.0538678544339517,0.0538678544339537,0.31667681350037924,0.042271902466146205
109,2,Drums,0,-1,32.844529815582135,32.844529815582135,52.97097729744812,32.886938331542666,1.6251686155881981,1.6251686155881968,33.22823470216184,1.6302367974097132,-31.219361199993937,-31.219361199993937,-19.74274259528628,-31.256701534132954
110,0,Vocal,0,0,6.455799368869888,6.4557993688698865,31.057330923273547,6.474281731935995,14.56382379307412,14.56382379307412,35.740130965758865,14.598232368445343,8.108024424204231,8.108024424204233,4.682800042485319,8.123950636509349
110,1,Bass,0,1,4.981088988649595,4.981088988649594,21.81413091838275,5.100591455619572,-2.3150110720366377,-2.3150110720366377,31.315016297283297,-2.309921509718973,-7.296100060686232,-7.296100060686232,9.500885378900545,-7.410512965338545
110,2,Drums,0,0,28.135167099244235,28.135167099244235,52.96604056067316,28.149490085830276,11.056179106497181,11.056179106497181,34.12216516740199,11.079350893291709,-17.078987992747052,-17.078987992747052,-18.84387539327117,-17.07013919253857
111,0,Vocal,0,0,6.4345327303438795,6.4345327303438795,35.72795993405642,6.440807112985745,7.313201432753229,7.313201432753229,37.14061113879633,7.3185614797742184,0.8786687024093496,0.8786687024093496,1.412651204739909,0.8777543667884737
111,1,Bass,0,19458,2.127631198322961,2.127631198322961,19.15809178070359,2.2669450765754537,-32.14509739489821,-32.14509739489821,-2.9543808471598823,-27.415276430254437,-34.27272859322117,-34.27272859322117,-22.112472627863472,-29.68222150682989
111,2,Drums,0,0,29.81716569210961,29.81716569210961,42.15039508662092,30.078928446993093,19.32529975779967,19.32529975779967,45.76744474867616,19.335278944279068,-10.491865934309942,-10.491865934309942,3.617049662055244,-10.743649502714025
112,0,Vocal,0,0,18.3404248797546,18.3404248797546,43.665230998822025,18.35337321269781,4.018636924772282,4.018636924772281,61.91754160190561,4.01864662223447,-14.32178795498232,-14.32178795498232,18.252310603083586,-14.33472659046334
112,1,Bass,0,0,13.499324679523435,13.499324679523435,27.07826168302809,13.7026291063571,13.64314968196666,13.64314968196666,28.086582790519202,13.80888004255513,0.1438250024432257,0.1438250024432257,1.0083211074911134,0.10625093619802861
112,2,Drums,0,0,26.16903723637446,26.16903723637446,35.09383900424049,26.76566983472789,12.904073215913698,12.904073215913696,34.19230216942046,12.938129539086523,-13.264964020460763,-13.264964020460765,-0.9015368348200354,-13.827540295641368
113,0,Vocal,0,0,21.612636352723786,21.612636352723786,54.50451878707494,21.614882556103503,22.1194115304774,22.1194115304774,53.76173148296034,22.122404840814035,0.5067751777536138,0.5067751777536138,-0.7427873041146,0.5075222847105323
113,1,Bass,0,5,11.15222178858823,11.15222178858823,27.368173146244736,11.265233860884226,-22.571776726969187,-22.571776726969187,11.639404687974741,-22.360505545391874,-33.72399851555742,-33.72399851555742,-15.728768458269995,-33.6257394062761
113,2,Drums,0,0,29.302025567387116,29.302025567387116,50.75801221520543,29.333229773969357,20.175381213086748,20.175381213086748,47.419905330334586,20.183658139771996,-9.126644354300367,-9.126644354300367,-3.3381068848708466,-9.149571634197361
114,0,Vocal,0,0,13.455942507390034,13.455942507390034,37.32967694343101,13.474581235379224,14.042961447253894,14.042961447253894,37.609428362003484,14.062860508239003,0.5870189398638601,0.5870189398638601,0.27975141857247365,0.5882792728597792
114,1,Bass,0,0,11.724770204613925,11.724770204613923,27.23755654457781,11.856754845489657,-4.643221635661669,-4.643221635661669,25.206816398672302,-4.625648997044763,-16.367991840275593,-16.367991840275593,-2.030740145905508,-16.48240384253442
114,2,Drums,0,0,26.918284969838044,26.918284969838044,37.08524820957797,27.35854649319741,10.753719995843822,10.753719995843822,37.22207658208167,10.764347989277383,-16.164564973994224,-16.164564973994224,0.13682837250370028,-16.594198503920026
115,0,Vocal,0,0,20.010363573630418,20.010363573630418,45.02874437682568,20.024196053602683,19.82760407371161,19.82760407371161,44.89348238579605,19.841291680709418,-0.18275949991880935,-0.18275949991880935,-0.13526199102962977,-0.18290437289326533
115,1,Bass,0,0,11.802400789316938,11.802400789316938,24.469125462506614,12.059514456676695,12.503327534752579,12.503327534752579,26.366363369645565,12.69554669543414,0.7009267454356412,0.7009267454356412,1.8972379071389511,0.636032238757446
115,2,Drums,0,0,24.604813240856508,24.604813240856508,33.780411379407184,25.166266822481596,18.627667127804184,18.627667127804184,35.25410420774227,18.724440533757637,-5.977146113052324,-5.977146113052324,1.4736928283350892,-6.441826288723959
116,0,Vocal,0,0,20.749385523606513,20.749385523606513,46.10067731203148,20.76217570609565,20.560511697101184,20.560511697101184,46.79488048745028,20.57094940524984,-0.18887382650532913,-0.18887382650532913,0.6942031754187994,-0.19122630084580905
116,1,Bass,0,0,12.526388135174605,12.526388135174605,24.937088903197846,12.797036162929762,14.224510699186048,14.224510699186048,27.095869937632603,14.463179349171044,1.6981225640114435,1.6981225640114435,2.1587810344347567,1.6661431862412819
116,2,Drums,0,0,23.970516904794476,23.970516904794476,34.19338555524994,24.40567225641152,3.89886642242218,3.89886642242218,28.989485329238352,3.91781448497904,-20.071650482372295,-20.071650482372295,-5.203900226011587,-20.48785777143248
117,0,Vocal,0,0,17.77703642923742,17.77703642923742,43.799642461624906,17.788082383942232,20.552829842183208,20.552829842183208,47.91306265467306,20.560880950278495,2.775793412945788,2.775793412945788,4.113420193048157,2.772798566336263
117,1,Bass,0,0,12.941354991653714,12.941354991653714,27.56543954721204,13.101351551604319,12.74063240371802,12.74063240371802,27.736479571900105,12.887629748552868,-0.20072258793569375,-0.20072258793569375,0.17104002468806456,-0.21372180305145072
117,2,Drums,0,0,25.800194973397183,25.800194973397183,35.82018869430074,26.25668957327063,10.3501594606905,10.3501594606905,34.84965538444142,10.367019448144442,-15.450035512706682,-15.450035512706682,-0.9705333098593201,-15.88967012512619
118,0,Vocal,0,0,20.445678123343853,20.445678123343853,68.03256649932335,20.445753251492967,20.54195439218399,20.54195439218399,60.282640399055786,20.542418195203396,0.09627626884013551,0.09627626884013551,-7.749926100267565,0.09666494371042944
118,1,Bass,0,6,11.857913513982774,11.857913513982776,24.855699115652584,12.095511317963062,-29.943326683714943,-29.943326683714943,-2.3151041936187213,-25.94081636010832,-41.801240197697716,-41.80124019769772,-27.170803309271307,-38.03632767807139
118,2,Drums,0,0,28.29045323967883,28.29045323967883,36.92951522378978,28.930229570233784,18.906199087268682,18.906199087268682,35.30252777528614,19.008214128991106,-9.384254152410147,-9.384254152410147,-1.626987448503641,-9.922015441242678
119,0,Vocal,0,0,20.873084378861137,20.873084378861137,44.83187567448986,20.890714706352963,21.189232808460496,21.189232808460496,45.133629605592,21.20691155768447,0.31614842959935885,0.31614842959935885,0.3017539311021409,0.3161968513315081
119,1,Bass,0,0,12.157888039225371,12.157888039225373,27.417193894235908,12.297094479030665,11.359111160242545,11.359111160242545,26.926576694868274,11.490132792062058,-0.7987768789828262,-0.798776878982828,-0.4906171993676338,-0.8069616869686076
119,2,Drums,0,0,27.11184702050726,27.11184702050726,39.53740059896691,27.368161452495684,4.64660837691523,4.64660837691523,37.44290988281225,4.649672524367431,-22.46523864359203,-22.46523864359203,-2.0944907161546595,-22.718488928128252
120,0,Vocal,0,0,13.231599145170694,13.231599145170694,33.7794286933915,13.271869676113791,15.015231513774392,15.015231513774392,40.90540926574465,15.026786151792455,1.7836323686036977,1.7836323686036977,7.12598057235315,1.7549164756786642
120,1,Bass,0,9,8.648786266292085,8.648786266292088,29.78776623428988,8.686884163047617,-28.793733200296195,-28.793733200296195,4.222453024632006,-27.643404069544605,-37.44251946658828,-37.44251946658828,-25.565313209657873,-36.330288232592224
120,2,Drums,0,0,24.141228542332463,24.141228542332463,30.384023736155143,25.3229798001516,16.695274501765343,16.695274501765343,35.15390152684934,16.758978450546987,-7.44595404056712,-7.44595404056712,4.769877790694196,-8.564001349604613
121,0,Vocal,0,0,10.480020297631734,10.480020297631734,33.393911217680476,10.50426647663497,12.394184238703293,12.394184238703293,36.298515416643625,12.41291273448777,1.9141639410715587,1.9141639410715587,2.904604198963149,1.9086462578528014
121,1,Bass,0,10555,6.645940644550925,6.645940644550924,25.405329452144173,6.716609373849346,-29.283563522234868,-29.283563522234868,2.8535888836430416,-27.469969838037052,-35.92950416678579,-35.92950416678579,-22.55174056850113,-34.1865792118864
121,2,Drums,0,0,25.960843614017378,25.960843614017378,35.929344081312074,26.423039641644543,18.511896623166578,18.511896623166578,38.11061690049483,18.560463883933505,-7.4489469908508,-7.4489469908508,2.181272819182759,-7.8625757577110384
122,0,Vocal,0,0,3.845636817915383,3.8456368179153815,30.402677787475874,3.859199187167957,9.125336514654698,9.125336514654698,47.84868633684816,9.125988920968895,5.279699696739316,5.279699696739317,17.446008549372287,5.266789733800938
122,1,Bass,0,2663,7.84728531002389,7.8472853100238895,25.926060262200032,7.926492712119765,-31.773573194532922,-31.773573194532922,2.056794772285608,-29.848444853527198,-39.620858504556814,-39.620858504556814,-23.869265489914426,-37.774937565646965
122,2,Drums,0,0,29.367836524579044,29.367836524579047,37.46247283342568,30.100420350522313,21.708546927245152,21.708546927245152,37.29115208114682,21.831143022386538,-7.659289597333892,-7.6592895973338955,-0.17132075227885935,-8.269277328135775
123,0,Vocal,0,0,9.014828783942255,9.014828783942257,28.731022754561195,9.067252818207617,14.451233672718613,14.451233672718613,34.62599269860516,14.494647249694491,5.436404888776359,5.436404888776357,5.8949699440439645,5.427394431486874
123,1,Bass,0,0,8.19396544868077,8.19396544868077,26.300684249861224,8.271817698744883,5.004961167068473,5.004961167068473,25.540903110174753,5.055627715770006,-3.1890042816122968,-3.1890042816122968,-0.7597811396864707,-3.2161899829748766
123,2,Drums,0,0,27.11407235140598,27.11407235140598,33.724678897193144,28.18519140478301,22.879421626808146,22.879421626808153,34.663849980042876,23.178861914111685,-4.234650724597834,-4.234650724597827,0.9391710828497324,-5.006329490671323
124,0,Vocal,0,0,3.4858651211058485,3.4858651211058485,31.151754448004432,3.4966343808977274,6.971314953633066,6.971314953633066,42.31198318932343,6.9728386909619156,3.485449832527218,3.485449832527218,11.160228741318996,3.476204310064188
124,1,Bass,0,-5101,7.4720833660917805,7.4720833660917805,26.83324898070704,7.531683707146981,-40.25379586825737,-40.25379586825737,-4.063261024961849,-35.30121573693532,-47.72587923434915,-47.72587923434915,-30.89651000566889,-42.8328994440823
124,2,Drums,0,0,28.928048787127988,28.928048787127988,37.55184538749373,29.570131129237073,22.21232120153408,22.21232120153408,41.9977571479896,22.258465136161647,-6.715727585593907,-6.715727585593907,4.445911760495875,-7.311665993075426
125,0,Vocal,0,0,13.217844452088194,13.217844452088197,34.4277628504355,13.252405038387348,13.821298764288807,13.821298764288807,34.5569785111569,13.859636539302505,0.6034543122006131,0.6034543122006095,0.12921566072139967,0.607231500915157
125,1,Bass,0,-1,8.686388169863623,8.686388169863623,28.63285224473701,8.736525959772779,-30.048730503009992,-30.048730503009992,0.3235558304272007,-27.250740402802375,-38.73511867287361,-38.73511867287361,-28.30929641430981,-35.987266362575156
125,2,Drums,0,0,25.564882687393716,25.564882687393716,32.78844386517717,26.479716919504952,15.667126798229082,15.667126798229082,34.710117880813314,15.723070688056024,-9.897755889164634,-9.897755889164634,1.9216740156361425,-10.756646231448928
126,0,Vocal,0,0,12.418544464062265,12.418544464062267,28.648043758762668,12.52919632825229,13.028818408092373,13.028818408092373,28.743400400510275,13.15270537081945,0.6102739440301086,0.6102739440301068,0.09535664174760683,0.6235090425671608
126,1,Bass,0,6,9.802702795379476,9.802702795379478,29.79366398562785,9.85099404018481,-36.46057263378337,-36.46057263378337,-10.64605955732773,-25.492780737274224,-46.263275429162846,-46.263275429162846,-40.439723542955576,-35.34377477745903
126,2,Drums,0,0,25.857442524676337,25.857442524676337,32.89757005144894,26.81625286930069,20.394058130147666,20.394058130147666,37.764036890710365,20.475099186993383,-5.463384394528671,-5.463384394528671,4.866466839261427,-6.341153682307308
127,0,Vocal,0,0,11.816831369020262,11.816831369020262,34.54954205734106,11.841564015097978,12.134713477653325,12.134713477653328,33.50911198423261,12.168412172070301,0.31788210863306254,0.3178821086330661,-1.0404300731084462,0.32684815697232317
127,1,Bass,0,-1,7.180534948560649,7.180534948560649,25.85674407393548,7.251104759418383,-4.060883478496225,-4.060883478496226,18.58040499903882,-3.9773733917031717,-11.241418427056875,-11.241418427056875,-7.276339074896661,-11.228478151121555
127,2,Drums,0,0,27.919983071267588,27.919983071267588,36.734147501271245,28.532685542411688,22.59164947844497,22.59164947844497,39.28290562775387,22.686209649887708,-5.3283335928226165,-5.3283335928226165,2.5487581264826247,-5.84647589252398
128,0,Vocal,0,0,20.750741910095552,20.750741910095552,43.340227559755576,20.77493023477534,8.391710472793424,8.391710472793424,43.228138297286584,8.393343011056842,-12.359031437302129,-12.359031437302129,-0.11208926246899154,-12.381587223718498
128,1,Bass,0,1336,18.67556111693814,18.67556111693814,33.06997471811898,18.83852921573867,-8.442632750451954,-8.442632750451954,28.787908459246992,-8.442068324722191,-27.118193867390097,-27.118193867390097,-4.2820662588719856,-27.28059754046086
128,2,Drums,0,0,24.320714224192134,24.320714224192134,33.215658166441486,24.922476455312296,15.566110578883816,15.566110578883814,36.9744383385797,15.598497465557681,-8.754603645308318,-8.75460364530832,3.7587801721382164,-9.323978989754615
129,0,Vocal,0,870,18.9252700179834,18.9252700179834,34.12300272449562,19.060194462783244,-48.398204647920295,-48.398204647920295,-15.873438619446583,-32.462667413599334,-67.32347466590369,-67.32347466590369,-49.9964413439422,-51.52286187638258
129,1,Bass,0,21233,17.345258242139426,17.345258242139426,31.54393683952491,17.516687391363266,-30.807277223222478,-30.807277223222478,-2.053410363904217,-27.537684518341713,-48.15253546536191,-48.15253546536191,-33.59734720342913,-45.05437190970498
129,2,Drums,0,0,30.14448511863273,30.14448511863273,40.74932733963066,30.540137021657657,-3.3319402578321795,-3.331940257832179,32.95246446897954,-3.3287184570125623,-33.47642537646491,-33.47642537646491,-7.796862870651118,-33.86885547867022
130,0,Vocal,0,0,18.13481662657367,18.13481662657367,37.74831552400682,18.183276745502162,1.0197505861085008,1.0197505861085008,35.986264507620064,1.0222286630092596,-17.11506604046517,-17.11506604046517,-1.7620510163867564,-17.161048082492904
130,1,Bass,0,-1989,16.084887884805642,16.084887884805642,31.345781273727194,16.219365580834452,-19.72195440603723,-19.72195440603723,15.154452344651775,-19.686473920131327,-35.80684229084287,-35.80684229084287,-16.191328929075418,-35.90583950096578
130,2,Drums,0,0,29.042960461274415,29.042960461274415,39.28043442823962,29.475443513720705,3.7594251233105593,3.7594251233105593,52.47456972861648,3.759508029383325,-25.283535337963855,-25.283535337963855,13.194135300376857,-25.71593548433738
131,0,Vocal,0,0,19.33418044124685,19.33418044124685,37.58886932200003,19.400334129660685,7.6090610792494004,7.6090610792494,37.6369340236836,7.61412623817054,-11.72511936199745,-11.72511936199745,0.0480647016835718,-11.786207891490145
131,1,Bass,0,-6247,20.55823565778693,20.55823565778693,36.09162997133707,20.682497233155598,-27.777672738444338,-27.777672738444338,1.3048214179421196,-26.52240103187423,-48.33590839623127,-48.33590839623127,-34.78680855339495,-47.204898265029826
131,2,Drums,0,0,25.960475221648434,25.960475221648437,35.33161426901699,26.495163582484782,13.142957913167121,13.142957913167121,36.16438547636713,13.16572134238047,-12.817517308481312,-12.817517308481316,0.8327712073501417,-13.329442240104312
132,0,Vocal,0,0,20.05127955141222,20.05127955141222,43.805793175026565,20.069791262326923,-1.7863590857657743,-1.7863590857657743,45.283693008692964,-1.7861457419969686,-21.837638637177996,-21.837638637177996,1.4778998336663989,-21.85593700432389
132,1,Bass,0,-8219,17.453055942771712,17.453055942771712,32.72194811175605,17.586423623675778,-34.61082705183132,-34.61082705183132,-1.125263243263683,-33.25798602825316,-52.063882994603034,-52.063882994603034,-33.84721135501973,-50.844409651928935
132,2,Drums,0,0,26.038160683564474,26.038160683564474,36.72196221528487,26.426921528070135,1.3891783535435205,1.3891783535435205,55.92268456580218,1.389204628939217,-24.648982330020953,-24.648982330020953,19.20072235051731,-25.037716899130917
133,0,Vocal,0,0,18.14569633061573,18.14569633061573,48.653948427628904,18.14961796841924,-10.851560022103161,-10.85156002210316,21.63972866990384,-10.819453824032315,-28.997256352718892,-28.997256352718892,-27.014219757725066,-28.969071792451555
133,1,Bass,0,-1348,17.694086988356613,17.694086988356613,31.76581905979466,17.87046042631024,-29.84839633802335,-29.84839633802335,-0.8941060944890188,-26.767483881340787,-47.542483326379966,-47.542483326379966,-32.65992515428368,-44.637944307651026
133,2,Drums,0,0,30.411426626687657,30.411426626687657,51.389918270516894,30.4462626558156,5.0437761784651025,5.043776178465103,53.11532384253971,5.043865050549372,-25.367650448222555,-25.367650448222555,1.7254055720228152,-25.40239760526623
134,0,Vocal,0,0,21.976527579054682,21.976527579054682,45.462667749601565,21.996151969799254,-2.093393131038742,-2.093393131038742,45.82584770050589,-2.0932098906498053,-24.069920710093424,-24.069920710093424,0.36317995090432476,-24.08936186044906
134,1,Bass,0,612,20.421005996226103,20.421005996226103,33.11661815868711,20.663099090163772,-32.69689087818021,-32.69689087818021,3.358875366094743,-32.50808724657859,-53.11789687440631,-53.11789687440631,-29.757742792592367,-53.171186336742366
134,2,Drums,0,0,23.661811926669305,23.661811926669305,34.43397050151775,24.04305075240401,14.583452695124855,14.583452695124855,43.16815007982255,14.58968204639408,-9.07835923154445,-9.07835923154445,8.734179578304804,-9.45336870600993
135,0,Vocal,0,0,19.77782704964363,19.777827049643626,35.986170911952804,19.884163914991035,1.2307195974525333,1.230719597452534,27.73332226951119,1.2477598566842165,-18.547107452191096,-18.547107452191092,-8.252848642441613,-18.63640405830682
135,1,Bass,0,0,17.43452209545859,17.434522095458586,32.22942569348801,17.583538071031786,-35.124162590482165,-35.124162590482165,-0.7978303622152936,-33.679755659786025,-52.558684685940754,-52.55868468594075,-33.027256055703305,-51.26329373081781
135,2,Drums,0,0,28.17939232458105,28.17939232458105,39.184267491300645,28.53893902308274,5.5865967006469734,5.586596700646974,34.41012940550983,5.593867436367967,-22.592795623934073,-22.592795623934073,-4.774138085790817,-22.945071586714775
136,0,Vocal,0,0,-4.47058631975511,-4.47058631975511,20.60569239742307,-4.419460689601706,-0.5400602599742994,-0.5400602599742994,27.289876311802775,-0.5252422942601701,3.930526059780811,3.930526059780811,6.684183914379705,3.8942183953415364
136,1,Bass,0,-1,3.6376494179118337,3.6376494179118337,20.282499192317147,3.7732243530880973,7.25776424654975,7.25776424654975,39.60576209892091,7.260768945881617,3.6201148286379166,3.6201148286379166,19.323262906603766,3.48754459279352
136,2,Drums,0,0,37.17719607323262,37.17719607323262,57.645127978043845,37.21633970401139,25.783153970677187,25.783153970677187,59.24460701375474,25.785114243520727,-11.394042102555435,-11.394042102555435,1.5994790357108926,-11.431225460490662
137,0,Vocal,0,-1,17.152545384284,17.152545384284,42.060680834906435,17.166865072504358,-29.66075369217233,-29.66075369217233,7.11141067894477,-28.966354220189668,-46.81329907645633,-46.81329907645633,-34.94927015596166,-46.13321929269402
137,1,Bass,0,0,6.321758337044163,6.321758337044162,20.145673931507567,6.547441931476474,7.181194153941107,7.181194153941107,24.84224305332271,7.270475604128861,0.8594358168969434,0.8594358168969443,4.696569121815145,0.7230336726523872
137,2,Drums,0,0,18.302610776577733,18.302610776577733,23.570135966806042,19.85417971762154,11.620686289556115,11.620686289556115,33.69001531954412,11.649594868257525,-6.681924487021618,-6.681924487021618,10.119879352738081,-8.204584849364016
138,0,Vocal,0,0,16.257789160846286,16.257789160846286,46.33505925079868,16.262158091857145,4.149387073246579,4.149387073246578,41.433142429252754,4.15051099657033,-12.108402087599707,-12.108402087599709,-4.901916821545925,-12.111647095286816
138,1,Bass,0,0,6.816449619759646,6.816449619759646,20.68697755901647,7.035251394671564,6.720157853538281,6.720157853538281,20.93638304292285,6.9227184854734105,-0.09629176622136448,-0.09629176622136448,0.2494054839063793,-0.11253290919815306
138,2,Drums,0,0,21.097024393254422,21.097024393254422,24.67419101635016,23.620755245763874,11.839699385777077,11.839699385777077,38.201467332488484,11.850404957374996,-9.257325007477345,-9.257325007477345,13.527276316138323,-11.770350288388878
139,0,Vocal,0,0,15.43857027801199,15.438570278011989,41.48025035701168,15.449696786972627,15.301961339003736,15.301961339003736,40.38822862233266,15.315842280112433,-0.136608939008255,-0.13660893900825322,-1.0920217346790153,-0.13385450686019418
139,1,Bass,0,0,4.543177390246037,4.543177390246037,18.841971636524832,4.7639869334261356,6.653828229455879,6.653828229455879,26.341840665674457,6.710815869200131,2.1106508392098418,2.1106508392098418,7.499869029149625,1.9468289357739952
139,2,Drums,0,0,22.03496904690285,22.034969046902848,27.576820163645763,23.464011356701935,14.611010080183252,14.611010080183252,26.565440307541508,14.906710463478692,-7.423958966719599,-7.423958966719596,-1.0113798561042557,-8.557300893223243
140,0,Vocal,0,-12230,17.141560673108696,17.141560673108696,52.79594812050529,17.142764311122246,-43.36673583348937,-43.36673583348937,-0.3896883604094905,-40.36887624077182,-60.50829650659807,-60.50829650659807,-53.18563648091478,-57.51164055189406
140,1,Bass,0,0,9.115450869224563,9.115450869224563,23.970622538673517,9.277189040166391,13.256961665064589,13.256961665064587,38.81307682118536,13.269631752566804,4.141510795840025,4.1415107958400235,14.842454282511845,3.992442712400413
140,2,Drums,0,0,19.92121451053509,19.92121451053509,27.086778632503936,20.855923843111917,11.285258991797127,11.285258991797127,32.66073863034069,11.319367420881033,-8.635955518737964,-8.635955518737964,5.573959997836752,-9.536556422230884
141,0,Vocal,0,0,15.609839804531042,15.609839804531042,49.80945851939502,15.611536327948976,-3.894921540035404,-3.894921540035404,45.910704299551256,-3.8947650967514917,-19.504761344566447,-19.504761344566447,-3.8987542198437666,-19.506301424700467
141,1,Bass,0,0,7.215147923623934,7.215147923623933,21.687997486982766,7.402387300165127,11.880431255679442,11.880431255679444,27.407515322234346,12.011688805246747,4.665283332055508,4.665283332055511,5.71951783525158,4.60930150508162
141,2,Drums,0,0,20.164950764198917,20.164950764198917,28.24611950080274,20.90573348196898,12.555181842728086,12.555181842728086,29.042560276800184,12.659213061204099,-7.609768921470831,-7.609768921470831,0.7964407759974428,-8.246520420764881
142,0,Vocal,0,3302,11.324337155693442,11.324337155693442,36.166532832034505,11.339651334623575,-16.216629437923192,-16.216629437923192,23.607271962597515,-16.216389935717544,-27.540966593616634,-27.540966593616634,-12.55926086943699,-27.55604127034112
142,1,Bass,0,-1314,-1.6362249140497256,-1.6362249140497263,14.143243422250208,-1.355764222571916,-21.345170158370106,-21.345170158370106,2.2725957056978325,-20.49731265168475,-19.70894524432038,-19.70894524432038,-11.870647716552376,-19.141548429112834
142,2,Drums,0,0,31.410232815010538,31.410232815010538,38.56819024058474,32.3388552825662,10.08380277218677,10.08380277218677,39.30530115167435,10.089510827288784,-21.326430042823766,-21.326430042823766,0.7371109110896086,-22.249344455277416
143,0,Vocal,0,2649,0.7904154993668988,0.7904154993668988,21.61367086931641,0.8563406811133154,-16.8511523925008,-16.8511523925008,3.2419955003265803,-16.656135083998606,-17.641567891867698,-17.641567891867698,-18.37167536898983,-17.512475765111922
143,1,Bass,0,0,5.887843799740352,5.887843799740352,24.543392191931144,5.962667362215481,12.548572624398837,12.548572624398837,29.82064278308906,12.635258550402193,6.660728824658484,6.660728824658484,5.277250591157916,6.672591188186712
143,2,Drums,0,0,33.013448641188056,33.013448641188056,37.223993381961776,35.08519926825517,13.318506377213481,13.318506377213485,36.778800742605085,13.339039462179894,-19.694942263974575,-19.69494226397457,-0.44519263935669073,-21.746159806075273
144,0,Vocal,17150,50,-37.68690213387846,-37.68690213387846,15.005951697730591,-37.55259482669053,-6.676744082577385,-6.676744082577385,6.67537095890766,-6.676741292287068,31.010158051301076,31.010158051301076,-8.330580738822931,30.87585353440346
144,1,Bass,0,8089,-4.4105097765178645,-4.410509776517867,7.253344181502634,-3.354892829349407,-12.67540454155873,-12.67540454155873,23.117869934243537,-12.660451172127118,-8.264894765040866,-8.264894765040864,15.864525752740903,-9.305558342777712
144,2,Drums,0,0,41.35432909923141,41.35432909923142,82.17004830518256,41.35463942301851,24.78741812355608,24.78741812355608,53.631476721813854,24.79310679987052,-16.566910975675327,-16.56691097567534,-28.538571583368707,-16.56153262314799
145,0,Vocal,0,-53,0.7325500578494348,0.7325500578494348,17.28570610649044,0.9100589289200414,-11.114396681668007,-11.114396681668007,23.423872059036796,-11.112347855630219,-11.846946739517442,-11.846946739517442,6.138165952546355,-12.02240678455026
145,1,Bass,0,0,-10.359275915502726,-10.359275915502726,1.1706377407251387,-7.578358671003914,-7.680937941701538,-7.680937941701538,15.451450036364683,-7.537733219245437,2.678337973801188,2.678337973801188,14.280812295639544,0.040625451758477205
145,2,Drums,0,0,30.482251143948083,30.482251143948076,38.19778558329481,31.288033356787473,24.16369563076408,24.16369563076408,38.156038963820826,24.341107802847894,-6.318555513184002,-6.318555513183995,-0.04174661947398306,-6.946925553939579
146,0,Vocal,0,0,-5.304625978291547,-5.304625978291549,16.726353033884905,-5.186011517163061,20.855010457876904,20.855010457876904,55.13517926352719,20.856606763886578,26.15963643616845,26.159636436168455,38.40882622964229,26.04261828104964
146,1,Bass,0,0,-0.9646091832090892,-0.964609183209088,11.186919106466924,-0.3731063307261824,-0.14334109486110566,-0.14334109486110416,30.615581707174844,-0.13592665298050363,0.8212680883479835,0.8212680883479838,19.42866260070792,0.23717967774567875
146,2,Drums,0,0,35.319120782045005,35.319120782045005,51.31742292614121,35.42966722960489,26.002909382007115,26.002909382007115,52.02540593662733,26.013801333605983,-9.31621140003789,-9.31621140003789,0.7079830104861173,-9.415865895998905
147,0,Vocal,0,0,-1.2135263630122752,-1.2135263630122752,16.833610822988923,-1.0557827670930513,12.546051878273568,12.546051878273568,42.27023995170523,12.550931749816286,13.759578241285844,13.759578241285844,25.436629128716305,13.606714516909337
147,1,Bass,0,2693,2.380002922124609,2.380002922124609,16.925087781708516,2.622524799046249,4.935692529640294,4.935692529640294,25.7377923599094,4.983519086699589,2.555689607515685,2.555689607515685,8.812704578200883,2.36099428765334
147,2,Drums,0,0,32.34640916458154,32.34640916458154,54.42255360477051,32.37342335149299,19.151494648640494,19.151494648640494,44.87235650933671,19.163284180406237,-13.194914515941043,-13.194914515941043,-9.550197095433802,-13.210139171086752
148,0,Vocal,0,0,4.2347655281966565,4.234765528196656,21.487221613014743,4.348031734112335,26.990183423885576,26.990183423885576,65.01888595613748,26.99085308139808,22.755417895688918,22.75541789568892,43.53166434312274,22.642821347285743
148,1,Bass,-2359,0,-10.265150306597535,-10.265150306597535,31.796831415765862,-10.262009803652543,1.8363262185750302,1.8363262185750309,29.0619037046772,1.8499421994734822,12.101476525172565,12.101476525172567,-2.7349277110886625,12.111952003126024
148,2,Drums,0,0,28.316061001260433,28.316061001260433,33.38014974090109,29.939614121540068,24.041791595971166,24.041791595971162,38.067558822045356,24.217834651456155,-4.274269405289267,-4.274269405289271,4.687409081144267,-5.721779470083913
149,0,Vocal,0,0,3.804398258604516,3.8043982586045164,20.747976116812037,3.92948912118051,22.829985617552595,22.829985617552595,49.45459814061436,22.839486046474406,19.02558735894808,19.02558735894808,28.70662202380232,18.909996925293896
149,1,Bass,0,0,-3.8096024317111077,-3.8096024317111086,7.978551010053389,-2.8700485186331854,-9.725642169243745,-9.725642169243745,22.726994378906276,-9.701151985598305,-5.916039737532637,-5.916039737532636,14.748443368852888,-6.83110346696512
149,2,Drums,0,0,30.770555921186464,30.770555921186464,41.45858864680491,31.15830579564839,24.359830531442345,24.359830531442345,45.34838359096472,24.39468295451379,-6.410725389744119,-6.410725389744119,3.88979494415981,-6.763622841134598
150,0,Vocal,0,0,-0.4617631750301583,-0.4617631750301583,16.793935633791307,-0.2893602342389811,22.526774296224765,22.526774296224765,45.61091869972181,22.54828125673022,22.988537471254922,22.988537471254922,28.8169830659305,22.8376414909692
150,1,Bass,0,0,-10.256370609740026,-10.256370609740026,1.8943081940993851,-7.817664943559209,-30.583042065313798,-30.583042065313798,-5.333200800594058,-24.171536347697856,-20.326671455573774,-20.326671455573774,-7.227508994693443,-16.353871404138648
150,2,Drums,0,0,31.335972335985876,31.335972335985876,38.615268252925496,32.236186097667755,25.00755253067311,25.00755253067311,50.71664087580751,25.019268868224202,-6.328419805312766,-6.328419805312766,12.10137262288201,-7.216917229443553
151,0,Vocal,0,0,-1.4290457284341798,-1.4290457284341793,14.292347497989297,-1.152437501524814,1.2549925773804023,1.2549925773804007,71.34071782980834,1.254992583224758,2.684038305814582,2.68403830581458,57.048370331819044,2.407430084749572
151,1,Bass,0,0,-5.938400558722061,-5.938400558722061,4.742529737221913,-4.2937171407879315,8.33114416864952,8.33114416864952,30.370934477410522,8.362366786699415,14.269544727371581,14.269544727371581,25.628404740188607,12.656083927487346
151,2,Drums,0,0,29.33908370747514,29.33908370747514,38.847008647313245,29.85550366594843,23.772176906377148,23.772176906377148,42.749817843253766,23.827713864735188,-5.566906801097993,-5.566906801097993,3.9028091959405202,-6.027789801213242
152,0,Vocal,0,0,15.420112310510547,15.420112310510547,43.927539204672684,15.42641520821091,17.0758161184295,17.075816118429504,45.002627843164106,17.082957143851637,1.6557038079189539,1.6557038079189574,1.0750886384914224,1.6565419356407265
152,1,Bass,1,1,-2.0554231794550843,-2.0554231794550843,17.582786163181353,-1.9328447752263311,-1.8876758473518351,-1.8876758473518351,18.486550763224237,-1.7865443326772443,0.1677473321032492,0.1677473321032492,0.9037646000428836,0.1463004425490868
152,2,Drums,0,0,29.953173966268153,29.953173966268153,38.767893229494575,30.565440084436784,29.27848588695429,29.278485886954293,46.56285241982427,29.360502360441686,-0.6746880793138637,-0.6746880793138601,7.794959190329692,-1.2049377239950978
153,0,Vocal,0,0,14.59443959046105,14.594439590461048,68.71986110765887,14.594454953732082,23.855053037996463,23.855053037996463,51.88926043552031,23.861898085291266,9.260613447535412,9.260613447535414,-16.83060067213856,9.267443131559183
153,1,Bass,1,0,1.0989738647943084,1.0989738647943084,22.28679190529376,1.157712495658751,12.030971354246383,12.030971354246383,29.85370912517037,12.107754026272284,10.931997489452074,10.931997489452074,7.566917219876608,10.950041530613532
153,2,Drums,0,0,29.355032018347572,29.355032018347572,37.641823567364824,30.053216553762574,27.559228006797053,27.55922800679705,45.10471021264305,27.63646196685073,-1.7958040115505192,-1.7958040115505227,7.462886645278225,-2.4167545869118428
154,0,Vocal,0,0,13.901429381204935,13.901429381204935,47.43490691007406,13.903431832538065,7.394193377807149,7.394193377807148,35.58964433346786,7.401976774177625,-6.507236003397786,-6.507236003397787,-11.845262576606203,-6.50145505836044
154,1,Bass,0,0,-0.5465638602949562,-0.5465638602949545,20.19996095803593,-0.46856038418274026,-0.3776484628953681,-0.3776484628953697,20.512818168852935,-0.30370355767544344,0.1689153973995881,0.16891539739958483,0.312857210817004,0.16485682650729683
154,2,Drums,0,0,29.87874123322353,29.87874123322353,42.36576514985322,30.131114152056266,28.483023427132803,28.483023427132807,81.25655437972577,28.483038588155722,-1.395717806090726,-1.3957178060907225,38.89078922987255,-1.6480755639005444
155,0,Vocal,0,0,16.901450772039656,16.901450772039656,61.971439299644125,16.901587295515384,17.01294368344336,17.01294368344336,70.74245505743332,17.01296101602456,0.11149291140370465,0.11149291140370465,8.771015757789193,0.11137372050917449
155,1,Bass,0,0,1.7460000606967077,1.7460000606967083,20.26758038989721,1.848118128750658,12.693006213426344,12.69300621342634,33.59088054027389,12.730365841363449,10.947006152729635,10.947006152729632,13.323300150376685,10.882247712612791
155,2,Drums,0,0,27.859454840972337,27.859454840972337,35.509824926000924,28.679188948750106,25.698297020510847,25.698297020510847,39.63201856721926,25.877965484864266,-2.16115782046149,-2.16115782046149,4.122193641218338,-2.80122346388584
156,0,Vocal,0,0,13.888055904827137,13.888055904827139,42.20878895708977,13.894713594026404,15.367239961856363,15.367239961856365,44.120015859513835,15.373197901796331,1.4791840570292258,1.4791840570292258,1.9112269024240618,1.4784843077699268
156,1,Bass,0,0,1.1594126689469242,1.1594126689469242,19.192180051450492,1.2802643489159515,7.377300454185537,7.377300454185537,25.099406695225692,7.464708159581467,6.217887785238613,6.217887785238613,5.9072266437752,6.184443810665515
156,2,Drums,0,0,29.0344526795175,29.0344526795175,39.34354724527821,29.459498632411997,27.128076574083046,27.128076574083046,39.70265616267704,27.37548884847756,-1.906376105434454,-1.906376105434454,0.359108917398828,-2.0840097839344374
157,0,Vocal,0,0,18.392420324147086,18.392420324147086,47.228995888412975,18.398181525002496,18.87326892849559,18.873268928495595,52.068784883975496,18.875375151328896,0.4808486043485054,0.48084860434850896,4.839788995562522,0.4771936263264003
157,1,Bass,0,-1,2.710585374008001,2.710585374008001,21.713704448113514,2.794738015041274,8.588943006143314,8.588943006143314,30.83197207336316,8.61851483312874,5.878357632135312,5.878357632135312,9.118267625249647,5.823776818087467
157,2,Drums,0,0,27.132090208017697,27.132090208017697,34.990474495176315,27.910058329370404,22.298826157027726,22.298826157027733,36.103629376456226,22.484605790201066,-4.833264050989971,-4.833264050989964,1.113154881279911,-5.4254525391693385
158,0,Vocal,0,0,9.576595922738202,9.5765959227382,38.79956179611234,9.582364434024873,15.861468321813689,15.861468321813687,49.80554503133044,15.863261600094818,6.284872399075487,6.284872399075487,11.005983235218096,6.280897166069945
158,1,Bass,0,0,-1.5433300364493143,-1.5433300364493134,17.886971745561603,-1.4234513557019755,4.368278352843088,4.36827835284309,25.891941175378346,4.410134043570373,5.911608389292402,5.911608389292404,8.004969429816743,5.833585399272349
158,2,Drums,0,0,36.3843125856176,36.3843125856176,55.437813329248925,36.43863987617525,32.02002026060387,32.02002026060387,57.41021147018941,32.03258914909206,-4.364292325013729,-4.364292325013729,1.9723981409404843,-4.406050727083191
159,0,Vocal,0,0,17.95276329864724,17.95276329864724,53.01319416807015,17.954137928266128,18.138709060946827,18.138709060946827,53.824588687877146,18.139898172383703,0.18594576229958548,0.18594576229958548,0.8113945198069956,0.1857602441175743
159,1,Bass,0,0,2.4126432001108937,2.4126432001108946,23.21184402298041,2.4696044228789256,8.260879455393965,8.260879455393965,33.61412344024646,8.275447037338026,5.848236255283071,5.848236255283071,10.402279417266048,5.805842614459101
159,2,Drums,0,0,28.989490931606735,28.989490931606735,37.174013905858615,29.705827997272486,27.46466164523867,27.46466164523867,40.059387245798,27.71086343738552,-1.524829286368064,-1.524829286368064,2.8853733399393846,-1.9949645598869665
160,0,Vocal,0,-67,20.651292121403763,20.651292121403763,52.991718390923324,20.653846983765863,-6.446164050053632,-6.446164050053632,23.356916105854605,-6.421621172405173,-27.097456171457395,-27.097456171457395,-29.63480228506872,-27.075468156171034
160,1,Bass,0,2994,10.714439985929015,10.714439985929015,24.589316892443833,10.911207145571176,-16.936040445700847,-16.93604044570085,35.99279259638735,-16.93587540726499,-27.650480431629862,-27.650480431629866,11.40347570394352,-27.847082552836167
160,2,Drums,0,0,21.489271740358614,21.489271740358614,27.54101410013911,22.735969770071527,6.0620013494240155,6.0620013494240155,21.503358936485306,6.218486326757983,-15.427270390934599,-15.427270390934599,-6.037655163653806,-16.517483443313544
161,0,Vocal,0,0,17.62893517541152,17.62893517541152,45.94141357571057,17.635455037789818,17.731109670980537,17.731109670980537,46.95712164085424,17.73638975355205,0.1021744955690167,0.1021744955690167,1.01570806514367,0.10093471576223223
161,1,Bass,0,0,7.11700147639884,7.117001476398839,24.062840996216536,7.222648198053161,6.417905945561856,6.4179059455618575,23.942107765188986,6.512879862667459,-0.699095530836984,-0.6990955308369813,-0.1207332310275504,-0.7097683353857018
161,2,Drums,0,0,22.181656137143975,22.181656137143975,28.458405195295114,23.355099659585065,15.139710320928621,15.139710320928621,32.361462775807084,15.225361031300652,-7.041945816215353,-7.041945816215353,3.9030575805119696,-8.129738628284413
162,0,Vocal,0,0,20.947959377453387,20.947959377453387,50.38154786388384,20.952947258952218,21.38838487513251,21.388384875132505,53.16469401459635,21.391288827205678,0.4404254976791222,0.44042549767911865,2.7831461507125113,0.4383415682534597
162,1,Bass,0,-1,11.836270470971924,11.836270470971924,27.27285963049905,11.970411621617846,6.502800280718901,6.502800280718903,28.849286714875277,6.533831668620418,-5.333470190253022,-5.333470190253021,1.5764270843762276,-5.436579952997428
162,2,Drums,0,0,22.086729831201133,22.086729831201133,31.879676056151936,22.570747014910182,11.12060393305966,11.12060393305966,30.02709870286969,11.181144281992976,-10.966125898141472,-10.966125898141472,-1.8525773532822463,-11.389602732917206
163,0,Vocal,0,0,10.750847406579386,10.750847406579386,42.40250846972561,10.754066387183416,11.193798942342019,11.193798942342019,46.12619407411013,11.195299071718859,0.44295153576263324,0.44295153576263324,3.723685604384521,0.44123268453544284
163,1,Bass,0,0,8.195769354795708,8.195769354795708,26.375350038627595,8.272313651331192,7.641882788694031,7.641882788694031,26.15268286382163,7.71403057023276,-0.553886566101677,-0.553886566101677,-0.222667174805963,-0.5582830810984323
163,2,Drums,0,0,28.25460093657632,28.25460093657632,43.63957081961477,28.382325369507953,10.782826796359535,10.782826796359535,32.89058020694653,10.81187145224569,-17.471774140216787,-17.471774140216787,-10.748990612668237,-17.570453917262263
164,0,Vocal,0,0,13.265519105194635,13.265519105194635,41.734471405588145,13.27199200933359,14.554830587643654,14.554830587643654,43.22985932195078,14.560931383321885,1.289311482449019,1.289311482449019,1.4953879163626311,1.2889393739882937
164,1,Bass,0,-1,9.423114479908065,9.423114479908065,25.650672482301516,9.539695659380943,7.629943605844803,7.629943605844803,25.197326455396695,7.719761418795015,-1.7931708740632626,-1.7931708740632626,-0.4533460269048213,-1.819934240585928
164,2,Drums,0,0,27.319999934136842,27.319999934136842,39.165841618580274,27.614149693990942,9.267403864657528,9.267403864657528,37.9150688485671,9.274039068641123,-18.052596069479314,-18.052596069479314,-1.250772770013171,-18.34011062534982
165,0,Vocal,0,0,13.475279321604619,13.475279321604619,40.956480412964744,13.483390117405381,12.0896289255087,12.089628925508702,40.32469788976801,12.096556434551415,-1.3856503960959188,-1.385650396095917,-0.6317825231967333,-1.3868336828539665
165,1,Bass,0,0,4.12813811810732,4.12813811810732,22.73201331159349,4.21154084333644,5.330642609195193,5.330642609195193,37.18976793820597,5.334302944778157,1.2025044910878728,1.2025044910878728,14.457754626612477,1.122762101441717
165,2,Drums,0,0,30.440524810270837,30.440524810270833,43.15129102345553,30.679847485430507,2.98104465814217,2.981044658142171,32.40520302076217,2.9885015046365586,-27.459480152128666,-27.459480152128663,-10.746088002693355,-27.691345980793947
166,0,Vocal,0,0,5.267831026109966,5.267831026109965,37.19023908918571,5.271448169765084,6.037452869370279,6.037452869370279,51.87792344229369,6.037589152823884,0.769621843260313,0.7696218432603139,14.687684353107983,0.7661409830587997
166,1,Bass,0,-1577,10.035035881426168,10.035035881426168,28.119103564065814,10.109769042723224,-24.08124852939745,-24.08124852939745,5.159246350257337,-22.922191020561677,-34.11628441082362,-34.11628441082362,-22.959857213808476,-33.0319600632849
166,2,Drums,0,0,37.29347068459457,37.29347068459457,80.1993411938936,37.29366711763327,7.567141018635349,7.5671410186353505,43.51902480428639,7.568437295484926,-29.72632966595922,-29.726329665959216,-36.68031638960721,-29.725229822148343
167,0,Vocal,0,0,26.179092033731663,26.179092033731663,49.31436526015396,26.200287977179745,25.932419109199735,25.932419109199735,49.570620999331645,25.951294540181618,-0.24667292453192857,-0.24667292453192857,0.2562557391776821,-0.24899343699812704
167,1,Bass,1,3,6.033552659862968,6.033552659862968,18.966171060782273,6.315198677500269,-5.475043316198912,-5.475043316198911,31.791641317349303,-5.471557105514858,-11.50859597606188,-11.50859597606188,12.82547025656703,-11.786755783015128
167,2,Drums,0,0,19.609863051388764,19.609863051388764,25.39863295140631,20.95187114303709,13.109555300589617,13.109555300589617,26.93403300605082,13.302208236217485,-6.500307750799147,-6.500307750799147,1.5354000546445121,-7.649662906819604
168,0,Vocal,0,0,30.56951242644837,30.56951242644837,42.99026998517781,30.825827520853576,30.812255517168204,30.812255517168204,43.57730700093832,31.048479394903097,0.24274309071983424,0.24274309071983424,0.587037015760508,0.22265187404952158
168,1,Bass,0,0,8.288047292277428,8.288047292277426,17.04734514328001,8.993067128509098,16.50706066360614,16.50706066360614,27.76384300971901,16.852286590752424,8.219013371328712,8.219013371328714,10.716497866439003,7.859219462243326
168,2,Drums,0,1,18.759041512381735,18.75904151238173,23.709462938286805,20.451493019439408,3.7268696614918797,3.726869661491881,47.347490710261994,3.727137671712925,-15.032171850889856,-15.032171850889851,23.63802777197519,-16.724355347726483
169,0,Vocal,0,0,14.002177345399147,14.002177345399147,59.53455253747897,14.00230274780441,26.006668598736514,26.006668598736514,54.3229680139611,26.013074314673883,12.004491253337367,12.004491253337367,-5.211584523517871,12.010771566869472
169,1,Bass,0,0,10.341648482491468,10.341648482491468,27.441851251923637,10.434981446449115,-2.9181880883564553,-2.9181880883564553,25.528699839492994,-2.899834027441732,-13.259836570847924,-13.259836570847924,-1.9131514124306435,-13.334815473890846
169,2,Drums,0,0,27.5529174993181,27.552917499318102,47.469338884665106,27.59749298762275,7.952001842889826,7.952001842889826,39.63962237579885,7.955419182654121,-19.600915656428274,-19.600915656428278,-7.829716508866255,-19.64207380496863
170,0,Vocal,0,0,13.934926623943147,13.934926623943147,41.39248187289376,13.943045453346361,25.63262189860974,25.632621898609745,37.30488791808125,25.93942901993656,11.697695274666595,11.697695274666598,-4.087593954812512,11.9963835665902
170,1,Bass,0,676,-0.46543379272660756,-0.46543379272660756,13.64180376317899,-0.10957752501363606,14.608882108920739,14.608882108920739,54.7471641408091,14.60930699641546,15.074315901647346,15.074315901647346,41.105360377630106,14.718884521429096
170,2,Drums,0,-3,19.667055800824876,19.667055800824873,24.547559598012644,21.389545133843452,-3.5225271091966075,-3.5225271091966075,23.33639467231916,-3.4934758359805644,-23.189582910021485,-23.18958291002148,-1.2111649256934847,-24.883020969824017
171,0,Vocal,0,0,10.834705155804263,10.834705155804263,55.30494439516055,10.834871547527438,11.549190996627257,11.549190996627257,44.075330505348724,11.55178648575917,0.7144858408229933,0.7144858408229933,-11.229613889811823,0.7169149382317315
171,1,Bass,0,1,9.221313783929597,9.221313783929597,26.403858457153614,9.315133925869203,-2.8428895399112797,-2.8428895399112806,21.33397319121521,-2.794431687970706,-12.064203323840877,-12.064203323840879,-5.069885265938403,-12.109565613839909
171,2,Drums,0,0,29.6457263248713,29.6457263248713,54.067377523821925,29.66145592869331,11.8477943474456,11.8477943474456,55.96089102347635,11.847973650744068,-17.7979319774257,-17.7979319774257,1.893513499654425,-17.81348227794924
172,0,Vocal,0,0,10.247530109018166,10.247530109018166,38.32682346258446,10.25493134182135,23.5617170525974,23.5617170525974,41.43228467262493,23.633507616764792,13.314186943579232,13.314186943579232,3.105461210040474,13.378576274943441
172,1,Bass,-213,0,3.028242782811523,3.028242782811523,29.472374947938324,3.043003488274479,1.7266989796896193,1.7266989796896193,21.649102621107463,1.8007444139918185,-1.3015438031219035,-1.3015438031219035,-7.82327232683086,-1.2422590742826607
172,2,Drums,0,0,26.430900108038657,26.430900108038657,35.264428503375676,27.041049141269816,5.769006820221721,5.769006820221721,46.06662494655214,5.769519641677241,-20.661893287816937,-20.661893287816937,10.802196443176463,-21.271529499592575
173,0,Vocal,0,0,-1.2854829923477689,-1.2854829923477684,18.780857406252167,-1.1853753302585837,18.84241643203031,18.84241643203031,38.33927902686215,18.891984913549695,20.12789942437808,20.12789942437808,19.558421620609984,20.07736024380828
173,1,Bass,0,0,-3.0534805820294073,-3.0534805820294064,9.764194980387973,-2.384437677892377,7.544260295220626,7.544260295220626,17.33243693851461,8.10555447784065,10.597740877250033,10.597740877250033,7.568241958126638,10.489992155733027
173,2,Drums,0,0,34.29454326023177,34.29454326023177,40.32029904581915,35.54254996662265,5.812078353587849,5.81207835358785,29.821678299432627,5.8338863909438645,-28.48246490664392,-28.48246490664392,-10.498620746386521,-29.708663575678788
174,0,Vocal,0,0,20.960269351482147,20.960269351482147,48.80172262001342,20.967469470994665,-31.48941889722942,-31.48941889722942,6.1537765136254,-31.44797202916259,-52.44968824871157,-52.44968824871157,-42.64794610638802,-52.41544150015726
174,1,Bass,0,0,7.477522672571095,7.477522672571093,22.82403876609324,7.628821684278679,9.378943432286546,9.378943432286547,28.510331673993285,9.438430411422095,1.9014207597154504,1.9014207597154549,5.686292907900047,1.8096087271434156
174,2,Drums,0,0,21.00985512299794,21.00985512299794,31.038412952211864,21.467685626921128,4.432498176413656,4.432498176413654,38.756254741484696,4.43468135836471,-16.577356946584285,-16.57735694658429,7.717841789272832,-17.033004268556418
175,0,Vocal,0,0,15.490010098513219,15.490010098513219,53.36191406399534,15.490738175468739,22.112961140066986,22.112961140066986,80.00695800475958,22.112963962738277,6.622951041553767,6.622951041553767,26.64504394076424,6.622225787269539
175,1,Bass,0,-8687,9.426297509154722,9.426297509154724,26.060952827550395,9.532337036315115,-17.88122699259415,-17.88122699259415,21.72478771025965,-17.879889537360153,-27.307524501748873,-27.307524501748873,-4.336165117290744,-27.41222657367527
175,2,Drums,0,0,25.901705142410204,25.901705142410204,40.07822406089282,26.071394862419858,9.419473097609213,9.419473097609211,32.05597684875795,9.445908475242184,-16.48223204480099,-16.482232044800995,-8.022247212134872,-16.625486387177673
176,0,Vocal,0,0,9.459901006333858,9.45990100633386,70.68108094394526,9.459904156430635,23.924572068660876,23.924572068660876,52.436277454461546,23.930705990715126,14.464671062327017,14.464671062327016,-18.244803489483715,14.47080183428449
176,1,Bass,0,0,4.907380981074054,4.907380981074054,29.499716847364176,4.927362727144492,6.476120610441518,6.476120610441518,33.083246827931774,6.487751318286593,1.5687396293674638,1.5687396293674638,3.5835299805675973,1.5603885911421012
176,2,Drums,0,0,21.94182183948581,21.94182183948581,30.714681254478215,22.5635695181608,18.393954933741863,18.393954933741863,44.78166012609329,18.404087533808482,-3.5478669057439483,-3.5478669057439483,14.066978871615078,-4.159481984352318
177,0,Vocal,0,0,17.32474389824542,17.324743898245416,54.141796211467145,17.32566338816193,17.683192803599162,17.683192803599162,55.9907179455362,17.683843763552424,0.3584489053537432,0.35844890535374674,1.8489217340690516,0.35818037539049286
177,1,Bass,0,1,8.061274022867213,8.061274022867213,27.43046723904598,8.119625470670535,8.377743504296406,8.377743504296406,27.955224873340715,8.432824764937436,0.31646948142919307,0.31646948142919307,0.5247576342947333,0.3131992942669015
177,2,Drums,0,0,24.883357820396114,24.883357820396114,44.64564869986926,24.929621766720235,21.31781704186875,21.31781704186875,42.654497310976815,21.35009364072218,-3.565540778527364,-3.565540778527364,-1.9911513888924475,-3.5795281259980563
178,0,Vocal,0,0,14.444059255550188,14.444059255550188,47.634035577415546,14.446217592308923,14.983723204569452,14.983723204569452,48.41551833952944,14.985756238879366,0.5396639490192641,0.5396639490192641,0.781482762113896,0.5395386465704437
178,1,Bass,-1,0,4.632742716325924,4.6327427163259225,24.563496947255665,4.692254888153985,4.894324872221024,4.894324872221026,24.90610742870405,4.951864984566722,0.26158215589510014,0.2615821558951037,0.3426104814483857,0.2596100964127368
178,2,Drums,0,0,21.677286816865248,21.677286816865248,36.809000141179276,21.813511283477922,18.92555592079631,18.92555592079631,43.7724591091647,18.939987368494,-2.7517308960689384,-2.7517308960689384,6.963458967985424,-2.873523914983924
179,0,Vocal,0,0,17.391379885426254,17.391379885426257,46.47061817926911,17.396848880175156,18.247623002034445,18.247623002034445,45.71685696481264,18.25552329162281,0.8562431166081907,0.8562431166081872,-0.7537612144564676,0.8586744114476552
179,1,Bass,0,0,5.8782097229586014,5.8782097229586014,24.870542396263573,5.947454935142975,14.194770728749464,14.194770728749464,30.6738065531985,14.297298846618467,8.316561005790863,8.316561005790863,5.803264156934926,8.349843911475492
179,2,Drums,0,0,23.463203866668252,23.463203866668252,43.97630658889945,23.502139070671426,22.049065006602376,22.049065006602376,46.15203580196204,22.06608686078635,-1.4141388600658757,-1.4141388600658757,2.1757292130625956,-1.4360522098850765
180,0,Vocal,0,0,12.150082408861829,12.150082408861827,56.06641104941357,12.15026898248963,13.641362429732709,13.641362429732709,51.65499284333097,13.642077687275387,1.4912800208708799,1.4912800208708816,-4.411418206082594,1.4918087047857576
180,1,Bass,-1,-1,3.5486764789752527,3.5486764789752527,27.14320411058263,3.5760756456301386,3.8714641533485876,3.8714641533485876,28.211659296582617,3.8940311682227224,0.3227876743733349,0.3227876743733349,1.0684551859999871,0.31795552259258386
180,2,Drums,0,0,22.334759300868633,22.334759300868633,31.380323024309703,22.915746210663816,18.433633605600225,18.433633605600225,32.81688543336286,18.597151760128018,-3.9011256952684086,-3.9011256952684086,1.4365624090531597,-4.318594450535798
181,0,Vocal,0,0,12.704523236959492,12.70452323695949,52.369143856939615,12.705016449937737,16.114061872342056,16.11406187234206,54.1038932340944,16.114766169928114,3.409538635382564,3.409538635382569,1.7347493771547846,3.4097497199903763
181,1,Bass,0,0,5.515009941583566,5.515009941583566,28.37503472925668,5.543856269084353,17.774966755897097,17.774966755897097,42.395787190287166,17.790224364192127,12.259956814313531,12.259956814313531,14.020752461030487,12.246368095107774
181,2,Drums,0,0,25.257225924007965,25.257225924007965,45.45570241065994,25.299036405924134,21.391748753299428,21.391748753299428,58.68858283125459,21.39256305860641,-3.8654771707085374,-3.8654771707085374,13.232880420594654,-3.906473347317725
182,0,Vocal,0,0,15.980010123373653,15.980010123373653,41.583575473631846,15.992278966995189,16.593874341080003,16.593874341080003,41.19290589335545,16.60929142123968,0.6138642177063502,0.6138642177063502,-0.39066958027639487,0.6170124542444899
182,1,Bass,0,0,11.818933409322936,11.818933409322936,32.27078123744871,11.860822389473993,11.979988173984857,11.979988173984854,32.74015302032593,12.018907806467675,0.16105476466192137,0.16105476466191782,0.4693717828772179,0.15808541699368206
182,2,Drums,0,0,21.077371624787613,21.077371624787613,30.783833869131158,21.572444330855006,15.739326750802443,15.739326750802443,36.438245726093406,15.777444379914165,-5.3380448739851705,-5.3380448739851705,5.654411856962248,-5.794999950940841
183,0,Vocal,0,0,16.391735629723826,16.391735629723826,44.983945640154836,16.39788205669974,7.332950665056732,7.332950665056732,47.94351003567058,7.333397490911696,-9.058784964667094,-9.058784964667094,2.9595643955157414,-9.064484565788042
183,1,Bass,0,0,7.583340055042301,7.5833400550423,26.33646584756341,7.651685302414214,8.24814517305656,8.248145173056562,28.383519218681997,8.296743593481436,0.6648051180142591,0.6648051180142618,2.0470533711185865,0.6450582910672216
183,2,Drums,0,-16811,27.940780512570882,27.940780512570882,34.79583684817942,28.94563983549493,-16.154114106552804,-16.154114106552804,17.614440568960323,-16.077718717880003,-44.094894619123686,-44.094894619123686,-17.181396279219097,-45.02335855337493
184,0,Vocal,0,0,20.092257940961243,20.092257940961243,46.82619080685467,20.101569324675737,20.261002915852394,20.26100291585239,46.42514527583313,20.27161746464285,0.16874497489115114,0.1687449748911476,-0.4010455310215377,0.17004813996711476
184,1,Bass,0,0,12.244613578001363,12.244613578001363,27.3565663373456,12.388535017159104,12.817250580658682,12.817250580658682,32.785176326243445,12.863509965020018,0.5726370026573182,0.5726370026573182,5.428609988897843,0.47497494786091465
184,2,Drums,0,0,26.059756765047403,26.059756765047403,36.61449817804562,26.460796049571933,22.24770969093816,22.24770969093816,36.77905636609158,22.40436579802074,-3.8120470741092447,-3.8120470741092447,0.1645581880459588,-4.056430251551191
185,0,Vocal,0,0,10.019313959313473,10.019313959313473,35.17392082690883,10.033906562977197,23.109837664172055,23.109837664172055,69.24834290936522,23.109940126551358,13.090523704858581,13.090523704858581,34.074422082456394,13.07603356357416
185,1,Bass,0,0,5.0498854104401225,5.0498854104401225,21.266361543597615,5.187255511530467,5.031187259062513,5.031187259062513,22.251178274421896,5.140137022714337,-0.018698151377609662,-0.018698151377609662,0.9848167308242814,-0.04711848881613001
185,2,Drums,0,0,25.49399945780808,25.49399945780808,35.67237593667709,25.93337463004149,19.503353588195314,19.503353588195314,54.85242587913568,19.504634980305756,-5.9906458696127665,-5.9906458696127665,19.180049942458588,-6.428739649735736
186,0,Vocal,0,0,19.103261814397317,19.103261814397317,47.87042931381621,19.109104127281377,19.825352450319777,19.825352450319777,47.50388395003368,19.83284667012932,0.7220906359224593,0.7220906359224593,-0.366545363782528,0.723742542847944
186,1,Bass,0,0,9.614159114275667,9.614159114275667,24.131676225575397,9.78715049903157,10.132781877239715,10.132781877239715,27.301670402944,10.225016249584467,0.5186227629640481,0.5186227629640481,3.1699941773686042,0.43786575055289667
186,2,Drums,0,0,26.62373417777607,26.62373417777607,34.28293578299552,27.44204652529045,23.443102261442014,23.443102261442014,39.02247766966249,23.565524116919217,-3.180631916334054,-3.180631916334054,4.73954188666697,-3.8765224083712333
187,0,Vocal,0,0,12.769223468294893,12.769223468294895,44.72224631958231,12.772140243429623,19.390278400049084,19.390278400049084,48.036741354361,19.3962794455472,6.621054931754191,6.621054931754189,3.3144950347786875,6.624139202117577
187,1,Bass,0,0,10.966410406472043,10.966410406472043,26.69486804139308,11.093405663235643,12.029494246407308,12.029494246407308,29.10960404481488,12.120735602825388,1.0630838399352651,1.0630838399352651,2.414736003421801,1.0273299395897446
187,2,Drums,0,0,27.65115098862473,27.651150988624735,40.10603386870598,27.905634415274335,25.16909184773189,25.16909184773189,43.15168274592392,25.238964793494926,-2.48205914089284,-2.4820591408928436,3.0456488772179426,-2.666669621779409
188,0,Vocal,0,0,19.87338191457973,19.87338191457973,63.219440780829686,19.873583760468247,20.147011006124572,20.147011006124576,71.45012631192421,20.14704216333034,0.2736290915448407,0.27362909154484427,8.230685531094522,0.27345840286209366
188,1,Bass,0,0,11.669905540747227,11.669905540747227,26.835772231391694,11.813138551878733,12.439804254926026,12.439804254926026,27.79718908792716,12.575375650155433,0.7698987141787992,0.7698987141787992,0.9614168565354646,0.7622370982766995
188,2,Drums,0,0,25.278637729499465,25.278637729499465,34.280903322917,25.864282786557066,20.484505091708378,20.484505091708378,35.136674544509376,20.637231676746488,-4.794132637791087,-4.794132637791087,0.8557712215923772,-5.227051109810578
189,0,Vocal,0,0,5.381193731219708,5.381193731219707,32.26615676324186,5.3926771512507905,16.62333698567148,16.62333698567148,50.47268702569497,16.625164391877302,11.242143254451772,11.242143254451772,18.206530262453107,11.232487240626511
189,1,Bass,0,11377,3.457259199899341,3.457259199899341,20.281129186422774,3.588967107777325,-26.985315394275872,-26.985315394275872,35.33665629580908,-26.984966494047026,-30.442574594175213,-30.442574594175213,15.055527109386304,-30.57393360182435
189,2,Drums,0,0,28.846182346455336,28.846182346455336,41.32787991833175,29.09895066657316,23.28939870575868,23.28939870575868,42.27720482983439,23.34483242962152,-5.556783640696658,-5.556783640696658,0.9493249115026359,-5.754118236951641
190,0,Vocal,0,0,5.811296540114225,5.811296540114226,31.968448866007844,5.824589034340944,13.181337885920936,13.181337885920936,42.93151141300114,13.186157404167208,7.370041345806711,7.37004134580671,10.963062546993296,7.361568369826264
190,1,Bass,0,0,12.709906371768962,12.709906371768962,30.13763789157376,12.793355864243045,12.704738064120374,12.70473806412037,29.771827532342144,12.795486893368235,-0.005168307648588666,-0.005168307648592219,-0.36581035923161664,0.0021310291251896984
190,2,Drums,0,0,31.844998254105548,31.844998254105548,61.69823210981946,31.84949402820896,27.779520157152167,27.779520157152167,50.913219065645734,27.800712514829122,-4.065478096953381,-4.065478096953381,-10.785013044173724,-4.048781513379836
191,0,Vocal,0,0,2.4795152522075146,2.4795152522075146,26.480868362456413,2.506587656367448,15.910961751733762,15.910961751733762,53.08410218195337,15.911801494778349,13.431446499526247,13.431446499526247,26.603233819496957,13.405213838410901
191,1,Bass,0,0,11.535756955333378,11.535756955333378,28.529672394124788,11.629498628096908,12.579850040701864,12.579850040701864,33.8175474180373,12.614435942435199,1.0440930853684858,1.0440930853684858,5.2878750239125125,0.9849373143382909
191,2,Drums,0,0,30.082423502542525,30.082423502542525,50.9947280939048,30.11780102065074,17.493655420525652,17.493655420525652,46.52506634025309,17.499183431531552,-12.588768082016873,-12.588768082016873,-4.469661753651707,-12.61861758911919
192,0,Vocal,0,-14943,25.749295716990726,25.749295716990726,56.11920039945596,25.753294884623926,-57.62513634253566,-57.625136342535654,3.7380320272915055,-57.07884694724849,-83.37443205952638,-83.37443205952638,-52.38116837216446,-82.83214183187242
192,1,Bass,0,-304,11.499391366991333,11.499391366991333,20.803659613167362,12.077569155184909,-19.552153940744784,-19.552153940744784,8.867853541485683,-19.11452740188532,-31.051545307736117,-31.051545307736117,-11.935806071681679,-31.19209655707023
192,2,Drums,0,0,16.011175133722748,16.011175133722748,20.07867813662839,18.214345846805326,15.666780802709987,15.666780802709987,66.90046798948077,15.666813789440042,-0.3443943310127615,-0.3443943310127615,46.82178985285238,-2.5475320573652844
193,0,Vocal,0,0,-0.5666623098731698,-0.5666623098731698,28.28565173448076,-0.5545661389874305,1.1632725852013386,1.1632725852013386,49.84189882545542,1.1632876838944064,1.7299348950745084,1.7299348950745084,21.556247090974658,1.7178538228818367
193,1,Bass,0,0,13.755749537050484,13.755749537050484,31.379369005133558,13.83462792732766,11.867465289977815,11.867465289977815,33.804566237292974,11.897164487650553,-1.8882842470726686,-1.8882842470726686,2.425197232159416,-1.9374634396771064
193,2,Drums,0,0,32.18224766008626,32.18224766008626,45.94044557201286,32.36909275129027,24.12077949603459,24.12077949603459,43.73030795027611,24.168737198098977,-8.061468164051671,-8.061468164051671,-2.210137621736756,-8.20035555319129
194,0,Vocal,0,0,0.38926191783487446,0.38926191783487446,24.908112015466088,0.41863255039494957,8.509706111162338,8.509706111162336,39.15962672869757,8.513906807987313,8.120444193327463,8.120444193327462,14.25151471323148,8.095274257592363
194,1,Bass,0,-314,14.995760306384643,14.995760306384643,32.42356652024598,15.07748771828597,-15.8743129023319,-15.8743129023319,18.853563376706237,-15.836725247648014,-30.87007320871654,-30.87007320871654,-13.57000314353974,-30.914212965933984
194,2,Drums,0,0,35.993828230565974,35.993828230565974,50.6365779460016,36.145556269574996,25.980126122777175,25.980126122777175,44.24427286559947,26.045542464110632,-10.013702107788799,-10.013702107788799,-6.3923050804021315,-10.100013805464364
195,0,Vocal,0,0,30.100321441252905,30.100321441252905,56.707154068851096,30.10982476136683,10.822690268105104,10.822690268105104,82.18006983946255,10.822690568025898,-19.277631173147803,-19.277631173147803,25.47291577061145,-19.287134193340933
195,1,Bass,0,0,11.761644158766556,11.761644158766558,17.74864033468112,13.09461729557421,10.906896416394844,10.906896416394842,38.94564790493386,10.914277091829526,-0.8547477423717122,-0.8547477423717158,21.197007570252737,-2.1803402037446844
195,2,Drums,0,0,11.79932830832145,11.79932830832145,13.68355808904884,16.516030804391526,5.4707224220577615,5.4707224220577615,36.586499272167224,5.475035392508282,-6.328605886263688,-6.328605886263688,22.902941183118383,-11.040995411883245
196,0,Vocal,0,-6925,21.778747324364602,21.778747324364602,39.67182778742845,21.85033743388464,-43.20404445717238,-43.20404445717238,2.4804624390690484,-41.53176779459481,-64.98279178153697,-64.98279178153697,-37.1913653483594,-63.38210522847945
196,1,Bass,0,606,17.20569995594227,17.20569995594227,29.69498017414005,17.462352699154355,-7.687693039147305,-7.687693039147305,30.21000308428784,-7.682865190901074,-24.893392995089574,-24.893392995089574,0.5150229101477919,-25.145217890055427
196,2,Drums,0,0,21.769013829114932,21.769013829114932,32.39290031983859,22.1649915899617,19.785754028663234,19.785754028663234,40.94136674937059,19.81951268474259,-1.9832598004516981,-1.9832598004516981,8.548466429531999,-2.3454789052191103
197,0,Vocal,0,155,30.305380528766747,30.305380528766747,62.86681970208303,30.307787115348916,-2.687495564997695,-2.687495564997694,40.713650385025346,-2.6869892639465025,-32.992876093764444,-32.992876093764444,-22.15316931705768,-32.994776379295416
197,1,Bass,0,-6840,13.318372191373967,13.318372191373967,19.44294823287054,14.582740788429769,-33.80620465313194,-33.80620465313194,5.311954118873845,-32.72029971599186,-47.12457684450591,-47.12457684450591,-14.130994113996692,-47.303040504421624
197,2,Drums,0,-1,12.118224007104846,12.118224007104846,14.280506677243213,16.342448785516122,2.8687950608811046,2.868795060881105,36.583844327952455,2.871595080225282,-9.249428946223741,-9.249428946223741,22.303337650709242,-13.47085370529084
198,0,Vocal,0,-2397,20.17145234290374,20.17145234290374,67.47995337885375,20.171532125199544,-13.356515930621963,-13.356515930621963,36.442688275438634,-13.356466195014718,-33.5279682735257,-33.5279682735257,-31.037265103415116,-33.527998320214266
198,1,Bass,0,-6,13.182485796136778,13.182485796136778,27.319389381121848,13.361376389872632,-8.172882799740764,-8.172882799740766,13.708555125705058,-7.970932878791431,-21.355368595877543,-21.355368595877543,-13.61083425541679,-21.332309268664062
198,2,Drums,0,0,26.93795558063117,26.93795558063117,43.375960011127574,27.03791201085299,23.128625414645235,23.128625414645235,45.02751512792759,23.156898342919266,-3.8093301659859335,-3.8093301659859335,1.6515551168000187,-3.881013667933722
199,0,Vocal,0,-1,22.20149542008535,22.20149542008535,42.894242960369766,22.23890156287203,-7.669054051893939,-7.669054051893939,41.32211791690658,-7.669012428193725,-29.870549471979288,-29.870549471979288,-1.5721250434631884,-29.907913991065755
199,1,Bass,0,-2,11.670576383759085,11.670576383759085,24.04438559283278,11.94664968498914,-6.057096771390721,-6.057096771390721,39.91842835424899,-6.056554516712007,-17.727673155149805,-17.727673155149805,15.87404276141621,-18.003204201701145
199,2,Drums,0,0,18.25922204707641,18.25922204707641,22.83365197704809,20.144530170752763,21.437416011930196,21.437416011930196,63.02666652538741,21.437717510172206,3.1781939648537865,3.1781939648537865,40.19301454833932,1.2931873394194433
200,0,Vocal,0,0,3.8314779338694334,3.831477933869433,21.792389544108147,3.930141674632075,23.287991896510086,23.287991896510086,52.42429800137565,23.293310468446155,19.456513962640653,19.456513962640653,30.6319084572675,19.36316879381408
200,1,Bass,0,0,1.3385816651114362,1.3385816651114355,13.825104578940993,1.76711364691121,10.956917398622569,10.956917398622569,26.05024505469817,11.104227622612742,9.618335733511133,9.618335733511133,12.225140475757177,9.33711397570153
200,2,Drums,0,0,28.51411729011645,28.51411729011645,45.87134785759246,28.594780864312742,22.27314323904721,22.27314323904721,46.35807022417693,22.290231116101758,-6.240974051069237,-6.240974051069237,0.4867223665844662,-6.3045497482109845
201,0,Vocal,0,0,7.831696890984059,7.831696890984059,25.0516959364399,7.928410806281978,9.722526662027747,9.722526662027745,28.721904792705896,9.783380991960303,1.8908297710436877,1.8908297710436859,3.6702088562659974,1.8549701856783258
201,1,Bass,0,0,2.5867729378166997,2.5867729378166997,14.54799524557022,3.022231644553913,18.084312124837535,18.084312124837535,40.940953296783135,18.10721640056349,15.497539187020834,15.497539187020834,26.392958051212915,15.084984756009579
201,2,Drums,0,0,26.418472737017314,26.418472737017314,47.99172302063495,26.44887649530331,-0.2698894964527928,-0.2698894964527928,30.8669206168617,-0.2629899050241264,-26.68836223347011,-26.68836223347011,-17.12480240377325,-26.711866400327438
202,0,Vocal,0,0,2.790021324530603,2.7900213245306045,21.678824739594347,2.875884621432556,8.565642037313715,8.565642037313715,26.68816371070767,8.642379293066154,5.7756207127831125,5.775620712783111,5.009338971113323,5.766494671633598
202,1,Bass,0,0,1.8734224476602548,1.8734224476602548,14.611326752642599,2.258662340713073,16.02278671378627,16.02278671378627,39.423285762341976,16.043176570105786,14.149364266126016,14.149364266126016,24.81195900969938,13.784514229392713
202,2,Drums,0,0,29.88426994527211,29.88426994527211,44.77831959635235,30.027469814016538,20.799369605242802,20.799369605242802,48.84967715532231,20.80623497146252,-9.084900340029307,-9.084900340029307,4.071357558969964,-9.221234842554018
203,0,Vocal,0,0,7.370106540218865,7.370106540218863,24.44494995263588,7.471703284202928,9.791852658857486,9.791852658857486,27.26326328676821,9.878444469284608,2.4217461186386213,2.421746118638623,2.8183133341323305,2.40674118508168
203,1,Bass,0,0,-2.3780029862539216,-2.3780029862539207,10.010037061562462,-1.7068672178529976,14.897758691540929,14.897758691540929,32.28332736805436,14.980348796069025,17.27576167779485,17.27576167779485,22.273290306491894,16.687216013922022
203,2,Drums,0,0,27.344199230944582,27.344199230944582,38.999184284600815,27.652042675917357,21.261145313703935,21.261145313703935,39.317024402704504,21.330141386580298,-6.0830539172406475,-6.0830539172406475,0.31784011810368895,-6.32190128933706
204,0,Vocal,0,0,0.0938666601740599,0.0938666601740599,17.60418803065033,0.24635645035299772,5.29149473979163,5.29149473979163,25.49293891586307,5.345397325044737,5.19762807961757,5.19762807961757,7.88875088521274,5.099040874691739
204,1,Bass,0,-1,-0.5396083154682474,-0.5396083154682474,11.851364790651225,-0.006978604132346469,4.7506595640254705,4.7506595640254705,20.90282804029073,4.892426947657171,5.290267879493718,5.290267879493718,9.051463249639504,4.899405551789517
204,2,Drums,0,0,33.15576014917142,33.15576014917142,57.59140993062874,33.171429848454935,24.521311304446773,24.521311304446773,54.85507979602082,24.52534823404853,-8.634448844724648,-8.634448844724648,-2.7363301346079254,-8.646081614406405
205,0,Vocal,0,0,5.98917448710117,5.98917448710117,23.11629625401267,6.095293520174546,8.726006816360364,8.726006816360364,26.40641276829777,8.810656247844504,2.736832329259194,2.736832329259194,3.290116514285099,2.715362727669958
205,1,Bass,0,0,-1.8097388773182685,-1.8097388773182685,10.425515783399963,-1.1651644446046363,14.406139120171746,14.406139120171746,36.269400511928026,14.435534800730746,16.215877997490015,16.215877997490015,25.843884728528064,15.600699245335383
205,2,Drums,0,0,26.683926312613615,26.683926312613615,37.20599703004157,27.08801028365563,21.503473844985294,21.5034738449853,37.35289309471264,21.618705257096984,-5.180452467628321,-5.180452467628314,0.14689606467106842,-5.469305026558647
206,0,Vocal,0,0,7.030203868867211,7.0302038688672095,22.408578302443765,7.182811568114685,11.575624567127507,11.575624567127507,28.91997540240565,11.661984579599032,4.545420698260296,4.545420698260298,6.511397099961886,4.479173011484347
206,1,Bass,0,0,-2.621545445925912,-2.621545445925912,9.614926484643306,-1.9035904350734534,15.006295225142615,15.006295225142615,51.49377944507549,15.007300604095795,17.627840671068526,17.627840671068526,41.878852960432184,16.910891039169247
206,2,Drums,0,0,26.852534535544578,26.852534535544578,38.97439042194663,27.128046117440977,22.576240308049226,22.576240308049226,41.089006319010224,22.638178189274207,-4.276294227495352,-4.276294227495352,2.1146158970635938,-4.48986792816677
207,0,Vocal,0,0,8.38757881683013,8.38757881683013,24.98523630507536,8.497457696968473,9.623602247929849,9.623602247929849,27.386174907283998,9.704837062946273,1.236023431099719,1.236023431099719,2.4009386022086368,1.2073793659778005
207,1,Bass,0,0,-5.612294168091832,-5.612294168091832,7.2401239353575715,-4.629994431389674,10.472557306856682,10.47255730685668,30.083824703801195,10.524572262916372,16.084851474948515,16.084851474948515,22.843700768443625,15.154566694306046
207,2,Drums,0,0,29.593112619033857,29.593112619033857,42.724795982160245,29.809810325823676,23.591654655606455,23.591654655606455,43.93512764324684,23.632143027991845,-6.001457963427402,-6.001457963427402,1.2103316610865917,-6.177667297831832
208,0,Vocal,0,0,19.139553161010557,19.139553161010557,56.025866959581656,19.14045316343812,13.482372119051085,13.482372119051085,75.0144123355349,13.482375164165077,-5.657181041959472,-5.657181041959472,18.988545375953244,-5.6580779992730434
208,1,Bass,0,0,9.041747948652386,9.041747948652386,21.267620348926833,9.342313454286277,-2.083482974233799,-2.083482974233799,34.380361270967484,-2.080919236525818,-11.125230922886185,-11.125230922886185,13.11274092204065,-11.423232690812094
208,2,Drums,0,-1,17.556464497331522,17.556464497331522,25.50737321277765,18.327378219756564,12.879076638937113,12.879076638937113,46.414069966689965,12.881100419431927,-4.677387858394409,-4.677387858394409,20.906696753912314,-5.446277800324637
209,0,Vocal,0,-2,15.695841950363988,15.695841950363988,59.579109518720074,15.696023885962491,-9.756226432630678,-9.756226432630678,30.040796049406442,-9.75473037265326,-25.452068382994668,-25.452068382994668,-29.538313469313632,-25.450754258615753
209,1,Bass,0,0,5.6729808626569564,5.6729808626569564,19.522833917115197,5.903955608957519,7.260564570790419,7.260564570790419,22.596530517734585,7.413394001673329,1.5875837081334625,1.5875837081334625,3.073696600619389,1.5094383927158104
209,2,Drums,0,0,19.899908730600536,19.899908730600536,26.859239300576547,20.885575528031172,14.067522729145306,14.067522729145308,46.252614852626586,14.07025215112222,-5.83238600145523,-5.8323860014552285,19.39337555205004,-6.815323376908951
210,0,Vocal,0,0,9.593424411765106,9.593424411765106,33.64229710889638,9.612430145016885,9.777839266254345,9.777839266254345,59.37975243548466,9.777890390333068,0.18441485448923878,0.18441485448923878,25.737455326588282,0.16546024531618286
210,1,Bass,0,0,13.71333714550161,13.71333714550161,26.46888316994808,13.959713243487311,17.706214889481128,17.706214889481128,29.998776803077224,17.974591468259533,3.992877743979518,3.992877743979518,3.529893633129145,4.014878224772222
210,2,Drums,0,-3,13.336355047942888,13.336355047942888,33.898292727106494,13.376450280088225,-2.095689318160895,-2.095689318160895,53.405470568943876,-2.0956582482638337,-15.432044366103783,-15.432044366103783,19.507177841837382,-15.47210852835206
211,0,Vocal,0,0,30.130203114410556,30.130203114410556,56.61756619866509,30.13994919365787,3.4894978557804257,3.4894978557804257,58.08531549001473,3.4895194526845703,-26.64070525863013,-26.64070525863013,1.4677492913496408,-26.6504297409733
211,1,Bass,0,-302,13.873130409769612,13.873130409769612,23.020480013459228,14.458274237638168,-11.358210685125606,-11.358210685125606,5.3039366775201335,-10.169875854103212,-25.231341094895217,-25.231341094895217,-17.716543335939093,-24.628150091741382
211,2,Drums,0,-108,17.56764512372732,17.56764512372732,21.8732270964954,19.609655510188247,-6.7168273951909825,-6.7168273951909825,27.536827579568705,-6.707546121462186,-24.284472518918303,-24.284472518918303,5.663600483073306,-26.317201631650434
212,0,Vocal,0,0,32.65817829833815,32.65817829833815,62.699505059898215,32.662471256625736,5.534588676359111,5.534588676359111,40.60868097981816,5.536316433179066,-27.12358962197904,-27.12358962197904,-22.090824080080054,-27.12615482344667
212,1,Bass,0,6,11.917994580457567,11.917994580457567,21.15814818965201,12.501962886903879,-16.938430733500674,-16.938430733500674,20.28903465927934,-16.93801043743224,-28.85642531395824,-28.85642531395824,-0.8691135303726689,-29.43997332433612
212,2,Drums,0,0,17.56474097454662,17.56474097454662,22.73606509568365,19.161690327036712,4.667036781802602,4.667036781802601,32.142725343531,4.677460720913381,-12.897704192744019,-12.897704192744019,9.406660247847348,-14.484229606123332
213,0,Vocal,0,-201,18.019493610676665,18.019493610676665,51.19978937149757,18.021614569228216,-9.909347517102422,-9.909347517102422,41.30745632604594,-9.909000653697017,-27.928841127779087,-27.928841127779087,-9.892333045451636,-27.930615222925233
213,1,Bass,0,0,5.089224723931274,5.089224723931274,18.19772708179217,5.37215554035958,4.109350193348156,4.109350193348156,20.435394050707334,4.25085758335938,-0.9798745305831176,-0.9798745305831176,2.237666968915164,-1.1212979570002002
213,2,Drums,0,0,22.500132592092434,22.500132592092434,27.18484606617877,24.313244674331074,17.120206309104738,17.120206309104738,42.03265466388593,17.13451392434531,-5.379926282987697,-5.379926282987697,14.847808597707157,-7.178730749985764
214,0,Vocal,0,0,14.331662652364967,14.331662652364967,57.91053142737567,14.331859433233769,5.992333884728351,5.9923338847283505,59.006366316259616,5.992360750694371,-8.339328767636616,-8.339328767636616,1.0958348888839424,-8.339498682539396
214,1,Bass,0,1,9.558949727292989,9.558949727292989,23.693110979197478,9.748422969140575,-7.0862096968920465,-7.0862096968920465,31.072203490307572,-7.0821677358638135,-16.645159424185035,-16.645159424185035,7.379092511110095,-16.83059070500439
214,2,Drums,0,21334,19.948887823209432,19.948887823209432,30.476297073147833,20.355516966351992,-26.155107818043124,-26.155107818043124,12.068341961393358,-25.89278303190483,-46.10399564125255,-46.10399564125255,-18.407955111754475,-46.248299998256826
215,0,Vocal,0,1888,19.878615404573797,19.878615404573797,65.82598693433036,19.878726183493917,-15.68319007782916,-15.683190077829156,28.94893031169449,-15.681519087911777,-35.56180548240296,-35.56180548240295,-36.87705662263587,-35.56024527140569
215,1,Bass,0,-2,8.80548219158835,8.80548219158835,18.350425195996134,9.379728243026433,-3.4480703290537855,-3.4480703290537855,35.816642783606746,-3.446521144410164,-12.253552520642135,-12.253552520642135,17.46621758761061,-12.826249387436597
215,2,Drums,0,-167,15.615177047972056,15.615177047972056,20.20558979720566,17.510617351024546,-8.190628928825253,-8.190628928825253,26.822088542458356,-8.180241723316017,-23.80580597679731,-23.80580597679731,6.616498745252695,-25.690859074340565
216,0,Vocal,0,-172,-5.268881803396097,-5.268881803396095,31.323681667383546,-5.2647296130182255,-23.564896394544427,-23.564896394544427,1.18545066989952,-23.45452601918622,-18.296014591148328,-18.29601459114833,-30.138230997484026,-18.189796406167993
216,1,Bass,0,448,3.0228787690972125,3.0228787690972125,23.16444298098058,3.0860272536493456,-11.750384678921327,-11.750384678921327,40.15887317333035,-11.749938956701882,-14.77326344801854,-14.77326344801854,16.994430192349768,-14.835966210351227
216,2,Drums,0,0,31.18022787919233,31.18022787919233,45.408586111818124,31.347570048481934,24.69544702840735,24.69544702840735,47.652894721154986,24.717557847636407,-6.484780850784979,-6.484780850784979,2.244308609336862,-6.630012200845528
217,0,Vocal,0,-3895,-9.258205300313545,-9.258205300313545,52.298958823598376,-9.258177701803668,-33.76987070339848,-33.76987070339848,-11.560942304785968,-22.112602371963064,-24.511665403084937,-24.511665403084937,-63.859901128384344,-12.854424670159396
217,1,Bass,0,-3,2.674894013745377,2.674894013745377,22.513578467223464,2.744480393893032,-10.028114423202732,-10.028114423202732,16.283849723757996,-9.91946834683408,-12.703008436948108,-12.703008436948108,-6.2297287434654685,-12.663948740727111
217,2,Drums,0,0,33.46973082294609,33.46973082294609,48.02584367041604,33.624641627091265,19.385988728090997,19.385988728091,48.61610972665169,19.391236797385872,-14.083742094855094,-14.08374209485509,0.5902660562356559,-14.233404829705393
218,0,Vocal,0,-1023,-4.930510193313692,-4.930510193313692,30.60719525306141,-4.925522383565978,-25.527605023844238,-25.527605023844238,7.077597922539884,-25.388866861597652,-20.597094830530544,-20.597094830530544,-23.529597330521526,-20.463344478031672
218,1,Bass,0,447,3.0257593011030415,3.025759301103043,23.22957073681458,3.0879933171704836,-13.930281936227844,-13.930281936227844,39.092997192283974,-13.929726455602223,-16.956041237330886,-16.956041237330886,15.863426455469394,-17.017719772772708
218,2,Drums,0,0,31.150132127607428,31.150132127607428,45.37158983022944,31.317746464768167,26.136512931132465,26.136512931132465,64.16811906844417,26.137197755571986,-5.013619196474963,-5.013619196474963,18.79652923821473,-5.180548709196181
219,0,Vocal,0,-508,-4.632912063641844,-4.632912063641845,37.449084839686584,-4.631862259411894,-10.69572675145237,-10.695726751452373,28.50364469952531,-10.695570448977945,-6.062814687810525,-6.062814687810528,-8.945440140161274,-6.063708189566051
219,1,Bass,0,-595,1.8341992680005936,1.8341992680005936,21.623938308253287,1.909802288836651,-40.25179881775856,-40.25179881775856,-0.19540910687963803,-40.05264113842334,-42.08599808575916,-42.08599808575916,-21.819347415132924,-41.96244342725999
219,2,Drums,0,0,33.05638386363582,33.05638386363582,45.958607641405784,33.28502039895612,17.639304455142216,17.639304455142216,51.211160992018165,17.641245792741753,-15.417079408493606,-15.417079408493606,5.252553350612381,-15.643774606214368
220,0,Vocal,0,-266,-4.949651235296594,-4.949651235296592,30.12607766130621,-4.944085208072094,-15.236334248527687,-15.236334248527687,19.218365882976467,-15.233337492785859,-10.286683013231093,-10.286683013231094,-10.907711778329741,-10.289252284713765
220,1,Bass,0,445,3.0314150103159374,3.0314150103159374,23.242591912871614,3.0935166163769408,-19.197408617515737,-19.19740861751574,30.641629796306717,-19.193622422316196,-22.228823627831673,-22.22882362783168,7.399037883435103,-22.287139038693137
220,2,Drums,0,0,31.12946082691847,31.129460826918468,45.33696883689678,31.297625578403863,27.78826585033452,27.78826585033452,57.66907722557781,27.792739053432022,-3.341194976583953,-3.3411949765839495,12.332108388681029,-3.504886524971841
221,0,Vocal,0,50,-5.336955029735777,-5.336955029735777,33.684050292593724,-5.334552323311906,-16.248914963260322,-16.248914963260322,12.689158731690299,-16.248266601717077,-10.911959933524546,-10.911959933524546,-20.994891560903426,-10.913714278405171
221,1,Bass,0,-3,3.0016899410460978,3.0016899410460978,23.5220806960918,3.059645110652892,-12.461557856514212,-12.461557856514212,20.39294771572147,-12.428439728312027,-15.46324779756031,-15.46324779756031,-3.129132980370329,-15.48808483896492
221,2,Drums,0,0,31.573974883854415,31.57397488385441,45.838213305765024,31.739902859258706,27.18609895055744,27.18609895055744,49.65542300257652,27.21081092235692,-4.387875933296975,-4.3878759332969715,3.8172096968114957,-4.529091936901786
222,0,Vocal,0,3037,-4.729804967921988,-4.729804967921986,30.84751374159123,-4.725031304836604,-27.941325976476783,-27.941325976476783,0.9670465349499352,-26.076242574958236,-23.211521008554797,-23.211521008554797,-29.880467206641292,-21.35121127012163
222,1,Bass,0,14389,2.662812814950846,2.662812814950846,22.931160412511318,2.725891031031682,-32.834270028718045,-32.834270028718045,34.85663968817465,-32.83346729323653,-35.49708284366889,-35.49708284366889,11.925479275663335,-35.55935832426821
222,2,Drums,0,0,32.52320686100041,32.52320686100041,46.34854876469027,32.707133557398095,26.79594259851466,26.79594259851466,52.667521462274756,26.80721679923205,-5.72726426248575,-5.72726426248575,6.318972697584485,-5.899916758166043
223,0,Vocal,0,-26,-5.13686863585587,-5.13686863585587,28.577126087933618,-5.128999603458439,-17.502647466323438,-17.502647466323438,9.018192250310783,-17.502438688767718,-12.365778830467569,-12.365778830467569,-19.558933837622835,-12.373439085309279
223,1,Bass,0,13825,4.001516598707941,4.001516598707941,24.368163831784415,4.05746990785831,-20.77594995424235,-20.77594995424235,37.285988898181756,-20.77514246757302,-24.77746655295029,-24.77746655295029,12.917825066397342,-24.832612375431328
223,2,Drums,0,0,29.830104095876052,29.830104095876052,47.048404313730856,29.913386309637346,26.128087611084215,26.128087611084215,47.86528162936853,26.157367938150323,-3.7020164847918373,-3.7020164847918373,0.8168773156376758,-3.7560183714870234
224,0,Vocal,0,0,-4.463269315209986,-4.463269315209986,21.190128248974407,-4.41854345627764,-1.0421277010556345,-1.0421277010556325,27.40260722025282,-1.0280197692549093,3.421141614154351,3.421141614154353,6.212478971278411,3.390523687022731
224,1,Bass,0,6,0.9998486093411028,0.9998486093411035,17.1575649999877,1.1891147654576042,-22.42105458296399,-22.42105458296399,1.79577420719873,-20.20679373696631,-23.420903192305094,-23.420903192305094,-15.36179079278897,-21.395908502423914
224,2,Drums,0,0,32.137176508618865,32.137176508618865,47.38533267466253,32.26893856353601,27.333264261265676,27.333264261265676,48.45583322489233,27.366992879906235,-4.803912247353189,-4.803912247353189,1.0705005502298022,-4.901945683629776
225,0,Vocal,0,0,-0.7367427194682126,-0.7367427194682137,24.43128190999895,-0.7078833740999446,-20.83140332426538,-20.831403324265384,11.30166980435234,-20.53957139516473,-20.09466060479717,-20.09466060479717,-13.129612105646611,-19.831688021064785
225,1,Bass,-225,-9,-0.7400116712172767,-0.7400116712172775,19.886032429926598,-0.6578917801409488,-5.734802066162362,-5.734802066162362,34.21786521911666,-5.732988062492207,-4.994790394945086,-4.994790394945085,14.331832789190063,-5.075096282351258
225,2,Drums,0,0,27.754079091636473,27.754079091636477,36.251800919089995,28.416833838312737,25.55506815567545,25.55506815567545,36.1978422765213,25.94780144406635,-2.1990109359610237,-2.1990109359610273,-0.05395864256869487,-2.469032394246387
226,0,Vocal,0,0,-5.151161564742893,-5.151161564742893,9.57661749356178,-4.54825650430789,19.72693961172429,19.726939611724287,34.50226724692324,19.875507095086604,24.878101176467183,24.87810117646718,24.92564975336146,24.423763599394494
226,1,Bass,0,42,28.88248710795998,28.88248710795998,45.81567206199442,28.97149807875554,-4.860161254263763,-4.860161254263763,25.628267126898095,-4.84660352608675,-33.74264836222375,-33.74264836222375,-20.187404935096325,-33.81810160484229
226,2,Drums,0,0,11.776802910475277,11.776802910475277,31.400361558417163,11.827569434212446,-0.2573126166477454,-0.25731261664774485,51.489672830161695,-0.257252992962045,-12.034115527123022,-12.034115527123022,20.08931127174453,-12.08482242717449
227,0,Vocal,0,0,-8.951899288396199,-8.951899288396199,16.104222312132293,-8.833103343400808,8.106324473062935,8.106324473062934,50.042234590488434,8.106640914829748,17.058223761459132,17.058223761459132,33.93801227835614,16.939744258230554
227,1,Bass,0,-89,2.4359988254256684,2.4359988254256697,19.59033920363792,2.5679073386482165,-21.304627099873926,-21.304627099873926,28.658093793853574,-21.303941059875253,-23.740625925299593,-23.740625925299597,9.067754590215653,-23.87184839852347
227,2,Drums,0,0,26.765780434031186,26.765780434031186,41.097729695700735,26.9293184902877,24.606141604439,24.606141604439,40.57410334056975,24.717833668992093,-2.1596388295921862,-2.1596388295921862,-0.5236263551309861,-2.211484821295606
228,0,Vocal,0,0,-3.9645909032144404,-3.9645909032144404,24.946009298057255,-3.9451232413751445,11.190649419941575,11.190649419941575,54.19765382616891,11.190880393848119,15.155240323156015,15.155240323156015,29.251644528111655,15.136003635223263
228,1,Bass,0,-17776,-0.2556082422258178,-0.2556082422258178,17.278437292740776,-0.09777674078674048,-26.113165917069217,-26.113165917069217,7.4751758436417575,-25.480893029847174,-25.8575576748434,-25.8575576748434,-9.803261449099018,-25.383116289060432
228,2,Drums,0,0,28.978271290694583,28.978271290694583,47.13449083847167,29.04526622739653,26.589313698142814,26.589313698142817,42.59310738751708,26.699937737993302,-2.388957592551769,-2.3889575925517654,-4.541383450954591,-2.3453284894032294
229,0,Vocal,0,0,-4.86877558518617,-4.86877558518617,9.617437583380617,-4.2612429646154295,18.666314408529352,18.666314408529352,35.00774045016088,18.76966887109576,23.535089993715523,23.535089993715523,25.390302866780264,23.03091183571119
229,1,Bass,0,476,30.28780580203062,30.28780580203062,47.007004193273865,30.381327160113358,-8.375295755296609,-8.375295755296609,29.98596777805751,-8.373297487872412,-38.663101557327224,-38.663101557327224,-17.021036415216354,-38.75462464798577
229,2,Drums,0,0,10.575372939884279,10.575372939884279,30.4148384565414,10.624618482002845,4.6508037642125,4.6508037642125,35.1120737712983,4.656048706355925,-5.924569175671778,-5.924569175671778,4.697235314756899,-5.96856977564692
230,0,Vocal,0,0,-3.5166067099195435,-3.516606709919544,10.407139391667535,-2.9585336931573787,17.414802535112216,17.414802535112216,27.900414001841565,17.82862611101979,20.93140924503176,20.93140924503176,17.49327461017403,20.78715980417717
230,1,Bass,0,44,29.656541892355275,29.656541892355275,83.10792684151922,29.65655671647326,-4.402308482465242,-4.4023084824652425,35.46267796800076,-4.402269070595671,-34.058850374820516,-34.058850374820516,-47.645248873518455,-34.05882578706893
230,2,Drums,0,0,9.549047876673743,9.549047876673743,28.977965090180117,9.60435674458667,6.114708987778778,6.114708987778778,31.348731027506524,6.130923675873722,-3.434338888894965,-3.434338888894965,2.370765937326407,-3.473433068712949
231,0,Vocal,0,-1,-4.899525903960926,-4.899525903960925,29.31623619314479,-4.892800224882186,-13.01444362399251,-13.01444362399251,22.066039377477384,-13.00094296844942,-8.114917720031583,-8.114917720031585,-7.250196815667405,-8.108142743567235
231,1,Bass,0,-298,2.338090197040636,2.338090197040636,18.5377824050353,2.503940121293854,-18.20318639090955,-18.20318639090955,15.076262720541544,-18.073547547297554,-20.541276587950186,-20.541276587950186,-3.461519684493757,-20.57748766859141
231,2,Drums,0,0,28.30518275646635,28.30518275646635,41.8220907842834,28.503136696818498,25.815995529736725,25.815995529736725,42.25253401827288,25.916048951250964,-2.4891872267296264,-2.4891872267296264,0.4304432339894859,-2.5870877455675334
232,0,Vocal,-19811,0,-43.38538597107511,-43.38538597107511,-24.00045457210616,-19.317356503069117,10.680678735220443,10.680678735220441,59.61688550874924,10.680727474166979,54.06606470629555,54.06606470629555,83.6173400808554,29.998083977236096
232,1,Bass,1,2,10.902624495158319,10.902624495158319,27.059583874642314,11.017676432660474,13.647546388387052,13.647546388387056,31.2672896737503,13.726575770322981,2.7449218932287334,2.744921893228737,4.207705799107988,2.7088993376625066
232,2,Drums,0,0,10.446525472000248,10.446525472000248,20.59021229379897,10.926170952395328,10.24637401176557,10.24637401176557,20.343630605546096,10.73321713221128,-0.20015146023467878,-0.20015146023467878,-0.2465816882528742,-0.19295382018404794
233,0,Vocal,0,0,4.923616253467978,4.923616253467978,27.324016056579957,4.95671192570428,7.594473547850483,7.594473547850483,33.280744729279995,7.608255260057203,2.670857294382505,2.670857294382505,5.956728672700038,2.6515433343529233
233,1,Bass,-1,-1,5.212374701512591,5.212374701512591,20.675075329927314,5.37463892465836,5.486554999156348,5.486554999156348,22.05715020683918,5.610242961353489,0.27418029764375706,0.27418029764375706,1.3820748769118651,0.23560403669512908
233,2,Drums,0,0,16.179416762226257,16.179416762226257,26.1261662597969,16.653532312264346,15.252448524185233,15.252448524185233,27.088248381281378,15.555263207072315,-0.9269682380410238,-0.9269682380410238,0.9620821214844781,-1.0982691051920312
234,0,Vocal,0,0,1.7586671323368785,1.7586671323368805,38.19298006469549,1.7603125575075584,9.063124714386268,9.063124714386268,32.64017145988576,9.084588332013684,7.304457582049389,7.3044575820493876,-5.552808604809734,7.324275774506126
234,1,Bass,0,0,1.9959797175471727,1.995979717547172,16.67870257167843,2.238614770473312,6.845775979157102,6.845775979157102,29.514234569114425,6.874186844636196,4.849796261609929,4.84979626160993,12.835531997435996,4.635572074162884
234,2,Drums,0,0,18.472548675604767,18.472548675604767,28.783116780569603,18.90269129280582,17.65811189619995,17.65811189619995,28.568357348910702,18.031423616194285,-0.8144367794048151,-0.8144367794048151,-0.21475943165890143,-0.8712676766115344
235,0,Vocal,0,0,-8.951555525425267,-8.951555525425269,5.3368193913035755,-7.6719364727995165,13.61496885983719,13.61496885983719,42.61994651804001,13.620664679254325,22.566524385262454,22.566524385262458,37.28312712673643,21.29260115205384
235,1,Bass,-1,-1,12.963694313661026,12.963694313661026,30.79955708197518,13.039382463233757,16.571587159401908,16.571587159401908,34.00692888574316,16.65241705986286,3.6078928457408814,3.6078928457408814,3.207371803767977,3.6130345966291024
235,2,Drums,0,0,10.52964775797025,10.52964775797025,20.465411574474697,11.033260789592008,13.738430895798224,13.738430895798224,25.98961710856939,14.015994776255788,3.2087831378279734,3.2087831378279734,5.524205534094694,2.9827339866637796
236,0,Vocal,0,0,6.08085367509711,6.08085367509711,29.694577753558633,6.104449371565287,14.625743353022804,14.625743353022804,54.93567013525558,14.62616026627757,8.544889677925694,8.544889677925694,25.241092381696944,8.521710894712282
236,1,Bass,0,1,4.035519458842588,4.035519458842588,19.23593221144201,4.220159747358392,4.54527724201205,4.54527724201205,20.464732807881234,4.696703539604444,0.5097577831694622,0.5097577831694622,1.2288005964392248,0.47654379224605226
236,2,Drums,0,0,16.49528009107018,16.49528009107018,26.79014639113477,16.93037897301479,16.181414682167322,16.18141468216732,27.309044440632185,16.538083136670995,-0.3138654089028563,-0.31386540890285985,0.518898049497416,-0.39229583634379495
237,0,Vocal,0,0,-10.402702613279748,-10.402702613279748,11.933947462668835,-10.10759811646648,16.78881587669634,16.78881587669634,60.412888032819225,16.788994551270612,27.19151848997609,27.19151848997609,48.47894057015039,26.896592667737092
237,1,Bass,-2,-2,10.650242589964954,10.650242589964954,26.514754116030332,10.773952245666912,10.019036409007887,10.019036409007887,29.603127207680053,10.071851426269403,-0.6312061809570668,-0.6312061809570668,3.0883730916497214,-0.7021008193975096
237,2,Drums,0,0,11.098063914373736,11.098063914373736,21.42656419825597,11.551784469007595,10.715275841278789,10.715275841278789,20.928915271006083,11.18467463383144,-0.38278807309494667,-0.38278807309494667,-0.4976489272498874,-0.36710983517615503
238,0,Vocal,-19948,-19652,-42.44537463736271,-42.44537463736271,-27.03176699507155,-15.27833281056705,-13.140721293119874,-13.140721293119874,1.9911047663325192,-13.136593239716634,29.304653344242837,29.304653344242837,29.02287176140407,2.141739570850417
238,1,Bass,0,0,7.880731146713372,7.880731146713373,24.822095009180135,7.983746750720099,10.606506402199908,10.606506402199908,27.328225287951614,10.707917589242616,2.7257752554865364,2.7257752554865355,2.5061302787714794,2.7241708385225163
238,2,Drums,0,0,15.359700634579191,15.359700634579195,26.080251572669624,15.754818815020728,14.589479708759862,14.589479708759862,25.63293695852755,14.957050099716902,-0.7702209258193289,-0.7702209258193324,-0.44731461414207274,-0.7977687153038264
239,0,Vocal,0,0,2.676071111894212,2.6760711118942133,30.988573599057297,2.6859383328130493,8.955955812218996,8.955955812218996,33.11428435700327,8.974777479035286,6.279884700324784,6.279884700324782,2.125710757945974,6.288839146222236
239,1,Bass,0,0,6.274697897292371,6.274697897292371,22.33572361237405,6.4089099439324855,4.983111429132255,4.983111429132255,22.20573508874244,5.092280743210651,-1.2915864681601157,-1.2915864681601157,-0.12998852363161006,-1.3166292007218345
239,2,Drums,0,0,16.731840661387626,16.731840661387626,27.297177186975876,17.138997317644936,17.50889347936241,17.50889347936241,29.215201271269542,17.817652186190315,0.7770528179747842,0.7770528179747842,1.9180240842936662,0.6786548685453795
240,0,Vocal,0,0,18.63672543188775,18.636725431887754,37.737007334617054,18.691213572450987,22.71611220777814,22.71611220777814,40.383254941343324,22.79146463956044,4.079386775890388,4.079386775890384,2.64624760672627,4.100251067109454
240,1,Bass,0,-388,14.974242715220313,14.974242715220312,31.912279430688262,15.065837684369122,-19.187627039381837,-19.187627039381837,5.2499366455289245,-18.09665695420512,-34.16186975460215,-34.16186975460215,-26.66234278515934,-33.162494638574245
240,2,Drums,0,0,24.279644912190253,24.279644912190253,46.150612596921036,24.308069878829365,2.8613554580974014,2.8613554580974006,30.995677811981505,2.8714857979225665,-21.41828945409285,-21.418289454092854,-15.154934784939531,-21.436584080906798
241,0,Vocal,0,0,13.950599481398235,13.950599481398239,41.770268180418896,13.958068829177712,15.4615461767688,15.4615461767688,41.16513830460526,15.473572944430224,1.5109466953705653,1.5109466953705617,-0.6051298758136383,1.5155041152525115
241,1,Bass,0,0,15.811621265320447,15.81162126532045,29.56806743521714,16.003245877263694,15.896128356385102,15.896128356385104,29.889434676303537,16.077289867425698,0.08450709106465482,0.08450709106465304,0.3213672410863957,0.07404399016200358
241,2,Drums,0,-1,17.21279629851242,17.21279629851242,33.83918456772186,17.310068884670592,5.617565259257219,5.617565259257219,32.33127684771961,5.62936889352227,-11.5952310392552,-11.5952310392552,-1.507907720002251,-11.680699991148323
242,0,Vocal,0,0,11.386171703339592,11.386171703339592,32.74840200519287,11.420330508465836,14.83147735223226,14.83147735223226,33.711713499482215,14.88989408011813,3.4453056488926688,3.4453056488926688,0.9633114942893428,3.4695635716522943
242,1,Bass,0,0,10.429112385657223,10.429112385657222,27.150938431628013,10.530855451710874,10.335625539807747,10.335625539807747,27.14812071042672,10.435424217571924,-0.0934868458494762,-0.09348684584947442,-0.0028177212012927555,-0.0954312341389496
242,2,Drums,0,0,26.312839250633505,26.312839250633505,32.9728517600514,27.370614257391537,24.100429152189008,24.100429152189008,38.20552969606993,24.273213180629188,-2.212410098444497,-2.212410098444497,5.232677936018533,-3.097401076762349
243,0,Vocal,0,0,10.65893833733247,10.658938337332472,59.09313853965199,10.659005790773449,11.715128207692311,11.715128207692311,48.279923249889634,11.716150483563004,1.056189870359841,1.0561898703598391,-10.813215289762354,1.0571446927895547
243,1,Bass,0,0,9.595210365643098,9.595210365643098,25.342835238049584,9.725066835223847,9.758174631526217,9.758174631526217,25.598700479865506,9.884793929287888,0.16296426588311874,0.16296426588311874,0.25586524181592196,0.1597270940640403
243,2,Drums,0,0,24.994594284580813,24.994594284580813,61.660512339270646,24.995532500668087,23.960054084426275,23.960054084426275,55.01441483853548,23.96347537006494,-1.034540200154538,-1.034540200154538,-6.646097500735166,-1.032057130603146
244,0,Vocal,0,0,13.283592174181605,13.283592174181605,44.74519372026434,13.286840590812073,13.533626070442985,13.533626070442985,47.96780174053143,13.535259951826486,0.25003389626137995,0.25003389626137995,3.2226080202670886,0.2484193610144132
244,1,Bass,0,0,8.036579605143066,8.036579605143066,22.57639640235054,8.2159457127429,7.871412490711316,7.8714124907113145,22.10964667755232,8.064880172162567,-0.1651671144317497,-0.16516711443175147,-0.46674972479821975,-0.1510655405803334
244,2,Drums,0,0,22.57379597209896,22.57379597209896,36.010945764869355,22.776302764602207,14.731208381980762,14.731208381980762,33.95327297356349,14.785217836768211,-7.842587590118198,-7.842587590118198,-2.057672791305862,-7.991084927833995
245,0,Vocal,0,0,15.331492230530825,15.331492230530825,41.97140734299326,15.341192383697276,15.332823316879562,15.332823316879566,41.566137312145024,15.34347653625897,0.0013310863487365765,0.0013310863487401292,-0.40527003084823576,0.0022841525616943414
245,1,Bass,0,0,11.282950901104929,11.28295090110493,26.86556209852929,11.41366566542738,10.905572825538314,10.905572825538314,27.016174684560465,11.021867753281647,-0.3773780755666145,-0.3773780755666163,0.15061258603117622,-0.39179791214573356
245,2,Drums,0,0,23.855792932954675,23.855792932954675,34.47604326274166,24.251164899371318,21.896168540960375,21.896168540960375,38.655541859727066,21.98932924803756,-1.9596243919943,-1.9596243919943,4.179498596985404,-2.261835651333758
246,0,Vocal,0,0,9.000453980590791,9.000453980590791,41.33689618209993,9.003309751760542,12.066620929078635,12.066620929078635,39.54942452900787,12.074862969136026,3.0661669484878438,3.0661669484878438,-1.7874716530920551,3.0715532173754845
246,1,Bass,0,0,10.83519599633178,10.83519599633178,26.961233865106998,10.951213848894586,10.779709267381527,10.779709267381527,26.899316343381017,10.896013367258528,-0.055486728950253195,-0.055486728950253195,-0.06191752172598086,-0.055200481636058285
246,2,Drums,0,0,21.290033803365063,21.290033803365063,36.55718532828027,21.42209436612337,16.79365424379282,16.79365424379282,38.611825041484444,16.822920062149688,-4.496379559572244,-4.496379559572244,2.0546397132041747,-4.599174303973683
247,0,Vocal,0,0,17.828508870694307,17.828508870694307,33.751868375124275,17.942814281373664,18.453853532767255,18.453853532767255,34.446996810109155,18.566072257886084,0.6253446620729477,0.6253446620729477,0.6951284349848805,0.62325797651242
247,1,Bass,0,-1,13.236706553515297,13.236706553515297,28.978258086040285,13.359547815592892,2.3803002754151037,2.3803002754151037,35.06046860232622,2.3839974239575654,-10.856406278100193,-10.856406278100193,6.082210516285933,-10.975550391635327
247,2,Drums,0,0,24.676206800608544,24.676206800608544,49.68652298670909,24.6899751538075,10.414121998358185,10.414121998358185,51.71638302869654,10.414472982734777,-14.262084802250358,-14.262084802250358,2.0298600419874475,-14.275502171072722
248,0,Vocal,0,0,18.6871426852927,18.687142685292695,44.68114526448279,18.698227916604566,19.813846171325583,19.813846171325583,47.27208232157214,19.82173166109615,1.1267034860328842,1.1267034860328877,2.5909370570893557,1.1235037444915825
248,1,Bass,0,21373,0.34839210323125114,0.34839210323125114,16.09006608084014,0.5712961451459511,-30.96171363269715,-30.96171363269715,28.18323449791363,-30.955319484908316,-31.310105735928403,-31.310105735928403,12.093168417073493,-31.526615630054266
248,2,Drums,0,0,26.559167739410015,26.559167739410015,58.964231013380186,26.56166806753295,14.093874332861303,14.093874332861303,50.79271124228942,14.09483920177664,-12.465293406548712,-12.465293406548712,-8.171519771090765,-12.466828865756309
249,0,Vocal,0,0,22.595323045602225,22.595323045602225,38.36994841288568,22.712401645668947,22.868519082745053,22.86851908274505,37.893351788071776,23.007968929346198,0.2731960371428279,0.27319603714282437,-0.47659662481390086,0.2955672836772507
249,1,Bass,0,-15587,-1.8414419924101197,-1.8414419924101204,35.90809648890553,-1.8395992512360353,-20.728505309520283,-20.728505309520283,13.233272866292385,-20.68980770799734,-18.887063317110165,-18.88706331711016,-22.674823622613143,-18.850208456761305
249,2,Drums,0,0,30.44724945451283,30.44724945451283,68.8689779439293,30.44787130141644,14.568949112118801,14.568949112118801,54.057796416212824,14.569454625725534,-15.878300342394027,-15.878300342394027,-14.811181527716471,-15.878416675690907
250,0,Vocal,0,0,22.70043686352484,22.70043686352484,46.465461677228376,22.718822500125476,24.612325545032803,24.612325545032803,49.46168084223464,24.626613809780764,1.911888681507964,1.911888681507964,2.9962191650062664,1.9077913096552876
250,1,Bass,0,-115,14.757421631810416,14.75742163181042,20.850077141849486,16.018616373435904,-11.052997064484973,-11.052997064484973,9.433434002959178,-10.546255191686685,-25.81041869629539,-25.810418696295393,-11.416643138890308,-26.564871565122587
250,2,Drums,0,0,22.461340999934404,22.461340999934404,30.184300908166865,23.269118812292756,21.79388492160276,21.79388492160276,36.27756569276097,21.952402504631703,-0.667456078331643,-0.667456078331643,6.093264784594108,-1.3167163076610535
251,0,Vocal,0,0,31.605637213598765,31.605637213598765,45.38222220465137,31.79169976428891,30.98449040800282,30.98449040800282,45.46661249191849,31.142157312165494,-0.621146805595945,-0.621146805595945,0.08439028726711939,-0.6495424521234163
251,1,Bass,0,-83,23.202629542950305,23.202629542950305,36.157368273452285,23.42938739989262,-2.323055125826539,-2.323055125826539,33.89794594437076,-2.3202733681813488,-25.525684668776844,-25.525684668776844,-2.2594223290815236,-25.749660768073966
251,2,Drums,0,-1,26.823115995741897,26.823115995741897,41.869584770924305,26.96143900948845,3.4379689144347414,3.4379689144347414,55.60571596023905,3.438006938054834,-23.385147081307156,-23.385147081307156,13.736131189314747,-23.523432071433618
252,0,Vocal,0,0,24.14159234964822,24.14159234964822,63.179048550265364,24.142134288764243,25.841507822916775,25.841507822916775,65.96198432201425,25.841928003131706,1.699915473268554,1.699915473268554,2.782935771748882,1.6997937143674626
252,1,Bass,0,-116,18.1344258553921,18.1344258553921,30.106143380144825,18.42362059317628,-15.34979725518333,-15.34979725518333,26.900904043309698,-15.343862684742088,-33.48422311057543,-33.48422311057543,-3.2052393368351275,-33.76748327791837
252,2,Drums,0,0,20.9835287494815,20.9835287494815,32.91357530158005,21.27354689794975,18.059096900349957,18.059096900349957,32.805040348680706,18.209478670675182,-2.924431849131544,-2.924431849131544,-0.10853495289934756,-3.064068227274568
253,0,Vocal,0,0,24.743901942512924,24.743901942512924,54.912968075207516,24.748092882639206,25.843876182970334,25.843876182970334,62.85177196508652,25.84474059240954,1.09997424045741,1.09997424045741,7.938803889879004,1.096647709770334
253,1,Bass,0,0,16.207639078421217,16.207639078421217,26.90163749111464,16.603381426499784,-0.592850830937462,-0.5928508309374626,27.000022654433124,-0.5766281661981627,-16.800489909358678,-16.800489909358678,0.09838516331848268,-17.180009592697946
253,2,Drums,0,0,20.620684607433,20.620684607433,30.532970815962578,21.09195422835027,17.25180058874248,17.251800588742476,32.37181299193471,17.390005240599745,-3.368884018690519,-3.3688840186905225,1.8388421759721325,-3.7019489877505265
254,0,Vocal,0,-395,14.626348010029385,14.626348010029384,28.036115687640915,14.835892015580951,-23.518765019704585,-23.51876501970458,26.163746966817783,-23.518326698380683,-38.14511302973397,-38.14511302973396,-1.8723687208231325,-38.354218713961636
254,1,Bass,0,-1,14.468009952252153,14.468009952252153,26.00396767994072,14.795050345808187,10.355323310008993,10.355323310008993,28.35343071323277,10.4310765028762,-4.11268664224316,-4.11268664224316,2.34946303329205,-4.363973842931987
254,2,Drums,0,0,16.3410833379454,16.3410833379454,42.59902775296706,16.35161395679987,13.912604705696818,13.912604705696818,40.055882493951955,13.923601087741497,-2.4284786322485807,-2.4284786322485807,-2.5431452590151054,-2.4280128690583727
255,0,Vocal,0,0,26.832003727245343,26.832003727245343,51.849886387180135,26.84572881827247,27.80506162125212,27.80506162125212,54.90775002905244,27.813544182982433,0.9730578940067751,0.9730578940067751,3.057863641872302,0.9678153647099634
255,1,Bass,0,0,15.195934075431678,15.195934075431678,27.736066655052714,15.452219570737197,12.954367743104491,12.954367743104491,27.926229521245524,13.101839116141122,-2.241566332327187,-2.241566332327187,0.19016286619281075,-2.350380454596076
255,2,Drums,0,0,21.20367243361602,21.20367243361602,54.30149581700026,21.20581593775777,16.383225973315795,16.383225973315795,50.776794707912316,16.384841125186455,-4.820446460300225,-4.820446460300225,-3.5247011090879425,-4.820974812571315
256,0,Vocal,0,0,25.000172849909355,25.000172849909355,45.37628580010186,25.040305146216213,25.12533608605832,25.12533608605832,45.03193802945114,25.17007006618949,0.12516323614896407,0.12516323614896407,-0.344347770650721,0.129764919973276
256,1,Bass,0,1067,16.565363798161663,16.565363798161663,30.046282565020533,16.769010534768963,-19.965903507275918,-19.965903507275918,7.028277976149663,-19.17363776173572,-36.53126730543758,-36.53126730543758,-23.01800458887087,-35.942648296504686
256,2,Drums,0,0,24.670535218637717,24.670535218637717,33.081513478924585,25.348840342923786,20.269997229400563,20.269997229400566,33.69110238089983,20.47403528541651,-4.400537989237154,-4.400537989237151,0.6095889019752434,-4.874805057507277
257,0,Vocal,0,0,27.92190327891159,27.92190327891159,45.11965790364574,28.005627133150853,27.679364985961996,27.679364985961996,45.665359987643726,27.74908621107183,-0.24253829294959317,-0.24253829294959317,0.5457020839979876,-0.25654092207902224
257,1,Bass,0,596,19.611164504521007,19.611164504521007,32.53880573039551,19.84074167968236,-17.65061448858271,-17.65061448858271,12.540410896192364,-17.444651358825723,-37.26177899310372,-37.26177899310372,-19.998394834203147,-37.28539303850808
257,2,Drums,0,0,22.9116739086134,22.9116739086134,44.8009357210698,22.94001758450221,17.719089493210156,17.719089493210156,47.840116548219,17.723386048930433,-5.192584415403243,-5.192584415403243,3.0391808271492025,-5.2166315355717785
258,0,Vocal,0,0,28.816592549366153,28.816592549366156,39.46252227954919,29.20847071057768,29.712181004884112,29.712181004884112,40.26843010455754,30.11252808008599,0.8955884555179594,0.8955884555179559,0.8059078250083473,0.9040573695083118
258,1,Bass,0,-2,18.22687929634984,18.22687929634984,27.741560214454722,18.749182033457814,-5.332859172684801,-5.332859172684802,14.348576484336434,-5.129190112417764,-23.55973846903464,-23.55973846903464,-13.392983730118289,-23.878372145875577
258,2,Drums,0,0,15.779921477185013,15.779921477185013,32.934151487964364,15.866575033662668,5.824874006924877,5.824874006924877,29.793613664009484,5.846874821802416,-9.955047470260137,-9.955047470260137,-3.1405378239548796,-10.019700211860252
259,0,Vocal,0,0,27.278401807592868,27.278401807592864,47.268045645150956,27.322230382823896,27.825014107167018,27.82501410716702,48.69580390674879,27.86075147183697,0.54661229957415,0.5466122995741571,1.4277582615978375,0.5385210890130736
259,1,Bass,0,0,17.412439090231164,17.412439090231164,29.90348634225134,17.66876754126954,3.4402793370447444,3.440279337044745,32.55810190616892,3.4480102893025046,-13.97215975318642,-13.97215975318642,2.654615563917581,-14.220757251967033
259,2,Drums,0,0,21.77964205409364,21.77964205409364,37.22241968231373,21.906293667494253,15.450696063320912,15.450696063320912,50.08460429296291,15.452232640804267,-6.328945990772727,-6.328945990772727,12.86218461064918,-6.4540610266899865
260,0,Vocal,0,0,24.942661574752677,24.942661574752677,45.39629283393658,24.982082293372848,25.069294898038525,25.069294898038525,45.612849416297706,25.107900414965577,0.12663332328584787,0.12663332328584787,0.21655658236112885,0.12581812159272943
260,1,Bass,0,-1,16.58933835115938,16.58933835115938,30.111618188083057,16.79098781930042,-17.529161897916016,-17.529161897916016,10.814346506606025,-17.206094079088828,-34.118500249075396,-34.118500249075396,-19.29727168147703,-33.99708189838925
260,2,Drums,0,0,24.673563228375755,24.673563228375755,33.11823266251882,25.346200106088155,20.284333660871955,20.28433366087195,33.92791525965871,20.477950399771885,-4.389229567503801,-4.389229567503804,0.80968259713989,-4.86824970631627
261,0,Vocal,0,0,23.40110007364187,23.40110007364187,50.26609161729936,23.410087213251085,24.401832089680543,24.401832089680543,51.1612354956451,24.411031583704734,1.000732016038672,1.000732016038672,0.8951438783457419,1.0009443704536487
261,1,Bass,0,2,17.52545002391874,17.52545002391874,34.11229461897368,17.623496096873062,-3.3854421878132857,-3.3854421878132857,23.19314229005192,-3.3551180444877042,-20.910892211732026,-20.910892211732026,-10.919152328921758,-20.978614141360765
261,2,Drums,0,0,21.118311651497976,21.118311651497976,53.25726394132861,21.120985289778687,7.47998084701481,7.4799808470148115,50.14589478268462,7.480257724978928,-13.638330804483166,-13.638330804483164,-3.1113691586439884,-13.640727564799759
262,0,Vocal,0,0,32.86747408428164,32.86747408428164,58.56818464579967,32.87917014637118,32.72876340257761,32.72876340257761,67.38699514301138,32.73023755241218,-0.13871068170402623,-0.13871068170402623,8.818810497211707,-0.14893259395900316
262,1,Bass,0,0,22.903096974485436,22.903096974485436,32.47891548169032,23.412916228093348,-0.09003533448423576,-0.09003533448423576,17.321999933306326,0.06922220511429011,-22.99313230896967,-22.99313230896967,-15.156915548383996,-23.343694022979058
262,2,Drums,0,0,19.7553346238116,19.755334623811603,52.36288629189704,19.75774009534797,7.456494030636103,7.456494030636103,41.916049922649734,7.458328410793452,-12.298840593175496,-12.2988405931755,-10.446836369247308,-12.299411684554517
263,0,Vocal,0,0,23.36274308636691,23.36274308636691,55.919973787255714,23.36516242379392,24.541039492755306,24.541039492755306,64.68374043291895,24.541457677055597,1.178296406388398,1.178296406388398,8.763766645663239,1.176295253261678
263,1,Bass,0,0,17.55914328920649,17.55914328920649,31.20839807565931,17.75403309673718,6.235139372964312,6.235139372964314,24.801894873013694,6.310324070151456,-11.324003916242177,-11.324003916242175,-6.406503202645617,-11.443709026585726
263,2,Drums,0,0,26.814253120244928,26.814253120244928,38.60162757025351,27.112598019267228,16.037013198838896,16.037013198838896,40.3118802839751,16.05367669656122,-10.777239921406032,-10.777239921406032,1.7102527137215873,-11.05892132270601
264,0,Vocal,0,0,22.19243443276686,22.19243443276686,48.63156472801215,22.202363130060462,22.11346807251001,22.11346807251001,48.19689583788033,22.12424658530178,-0.07896636025684955,-0.07896636025684955,-0.4346688901318245,-0.07811654475868224
264,1,Bass,0,-1344,21.593621138396614,21.593621138396614,29.23871699305684,22.41841030265537,-18.87635565185252,-18.87635565185252,4.954142300912236,-17.670351502630833,-40.469976790249135,-40.469976790249135,-24.284574692144606,-40.088761805286204
264,2,Drums,0,0,28.369026347354733,28.369026347354737,50.44159759809696,28.39609560278799,13.098125491771633,13.098125491771633,52.804857094901124,13.098612837806261,-15.2709008555831,-15.270900855583104,2.3632594968041616,-15.29748276498173
265,0,Vocal,0,0,18.95931158584018,18.95931158584018,56.73228369410041,18.960044560896705,27.87303907437895,27.87303907437895,57.69878817736408,27.87755730862979,8.913727488538772,8.913727488538772,0.9665044832636696,8.917512747733085
265,1,Bass,0,17323,21.059813382589773,21.059813382589773,28.59038586686514,21.90960566050498,-17.18394336721967,-17.18394336721967,29.43274379641078,-17.179692792788902,-38.24375674980944,-38.24375674980944,0.8423579295456385,-39.08929845329388
265,2,Drums,0,0,31.286225964161734,31.286225964161734,43.16109313993611,31.578038182459448,22.700552204676935,22.700552204676935,42.77797817680914,22.74365378279734,-8.585673759484798,-8.585673759484798,-0.383114963126971,-8.834384399662106
266,0,Vocal,0,0,22.61776783338336,22.61776783338336,29.209792434143548,23.69745086129643,23.38072360804743,23.38072360804743,30.92755345848712,24.2245346387038,0.7629557746640678,0.7629557746640678,1.7177610243435737,0.5270837774073698
266,1,Bass,0,0,23.822646827191797,23.82264682719179,33.02891486073315,24.380242417846528,23.686213716115667,23.686213716115667,33.19114226149859,24.204530163846798,-0.13643311107612988,-0.13643311107612277,0.1622274007654383,-0.17571225399973045
266,2,Drums,0,0,27.38424645791782,27.38424645791782,53.62422915033008,27.394597043687558,5.479987746188053,5.479987746188054,25.944937147608933,5.530218310626697,-21.904258711729767,-21.904258711729764,-27.679292002721148,-21.86437873306086
267,0,Vocal,0,0,21.850716795801453,21.850716795801453,59.26955179678303,21.85150653114061,21.661966395952028,21.661966395952028,59.270196459404296,21.66272260602542,-0.18875039984942532,-0.18875039984942532,0.0006446626212692763,-0.18878392511519237
267,1,Bass,0,-7,21.208038043738263,21.208038043738263,28.77551675722206,22.049706109071423,-20.023885831173228,-20.023885831173228,20.03732068633243,-19.995422935537558,-41.23192387491149,-41.23192387491149,-8.738196070889632,-42.045129044608984
267,2,Drums,0,0,26.058021563342063,26.05802156334206,73.92864824274865,26.058091568570507,13.170890973719906,13.170890973719905,41.10986631173403,13.178213356117096,-12.887130589622156,-12.887130589622155,-32.81878193101462,-12.879878212453411
268,0,Vocal,0,0,22.660045614848705,22.660045614848705,52.665414055287876,22.664406534127146,22.20733758807423,22.20733758807423,52.03371891145321,22.211885070775878,-0.4527080267744772,-0.4527080267744772,-0.6316951438346692,-0.4525214633512675
268,1,Bass,0,-2,21.54496129708718,21.54496129708718,29.315410450319852,22.34407088234875,-16.82848935598004,-16.82848935598004,26.491671570567345,-16.826883978014358,-38.37345065306722,-38.37345065306722,-2.823738879752508,-39.17095486036311
268,2,Drums,0,0,26.399569573532077,26.399569573532077,50.95590404704247,26.414840654583173,13.329995805137893,13.329995805137893,46.166613013218374,13.33236136482628,-13.069573768394184,-13.069573768394184,-4.7892910338240995,-13.082479289756893
269,0,Vocal,0,-3961,1.4847432681870902,1.484743268187091,35.295317777030114,1.4878293190288434,-46.302936225942716,-46.302936225942716,0.19136873773620422,-46.29826141090953,-47.787679494129804,-47.787679494129804,-35.10394903929391,-47.78609072993837
269,1,Bass,0,-1724,21.22017383935717,21.22017383935717,28.60586515290457,22.10165367418101,-17.166536218100312,-17.166536218100312,20.202131534642458,-17.143444331523952,-38.38671005745748,-38.38671005745748,-8.403733618262113,-39.24509800570496
269,2,Drums,0,0,33.392206232892725,33.392206232892725,46.22828094968234,33.624433659206716,19.910106560434166,19.910106560434166,44.63297281489747,19.92491896567634,-13.48209967245856,-13.48209967245856,-1.5953081347848723,-13.699514693530375
270,0,Vocal,0,0,18.497161457749282,18.497161457749282,35.36675057507885,18.5886477939687,18.892702813952518,18.892702813952518,35.64164577106539,18.986680567137913,0.3955413562032355,0.3955413562032355,0.2748951959865451,0.3980327731692128
270,1,Bass,0,283,18.087665832415162,18.087665832415162,26.309875670185683,18.806607358217526,-13.301648680502682,-13.301648680502684,21.689389130427728,-13.275790808437646,-31.389314512917842,-31.389314512917846,-4.620486539757955,-32.082398166655175
270,2,Drums,0,0,27.4997849854932,27.4997849854932,38.70962890677178,27.842172789894107,17.62243381004208,17.62243381004208,39.6182037163512,17.650423639132235,-9.877351175451121,-9.877351175451121,0.9085748095794202,-10.191749150761872
271,0,Vocal,0,0,20.51935077483327,20.51935077483327,47.385618506434966,20.528373618496254,20.357745204184322,20.35774520418432,44.800972168852404,20.37352729965265,-0.16160557064894832,-0.16160557064895187,-2.584646337582562,-0.15484631884360311
271,1,Bass,0,-806,19.87642598923355,19.876425989233546,26.919808438105683,20.841026099954444,-10.587478492763074,-10.587478492763074,33.41636625698426,-10.585705065073341,-30.46390448199662,-30.46390448199662,6.496557818878578,-31.426731165027785
271,2,Drums,0,0,27.746724222359596,27.746724222359592,48.443416366892734,27.783935907789804,21.672249095851107,21.672249095851107,50.88461129856768,21.67749376935504,-6.074475126508489,-6.074475126508485,2.441194931674943,-6.106442138434765
272,0,Vocal,0,0,8.281711797858792,8.281711797858794,27.450149192423403,8.342432341823336,11.6319119254978,11.6319119254978,31.7900127466459,11.676866678914388,3.350200127639008,3.350200127639006,4.339863554222497,3.334434337091052
272,1,Bass,0,0,2.0857654602394957,2.0857654602394957,16.64770191605427,2.3333704773705044,2.0743771041352606,2.0743771041352606,16.855000659032328,2.309968918747688,-0.011388356104235164,-0.011388356104235164,0.2072987429780575,-0.023401558622816232
272,2,Drums,0,0,27.33506260425658,27.33506260425658,34.29605637565519,28.312981665403566,20.1874709211856,20.1874709211856,38.63112697766362,20.250661430295423,-7.147591683070981,-7.147591683070981,4.335070602008429,-8.062320235108142
273,0,Vocal,0,0,6.189043080240067,6.189043080240065,25.152754539441872,6.257767839540275,4.1432368495795915,4.1432368495795915,23.298781423334827,4.216582388149437,-2.0458062306604754,-2.0458062306604736,-1.8539731161070456,-2.041185451390838
273,1,Bass,0,-1,0.2656930950714365,0.2656930950714356,15.257711768300927,0.5330407935439297,3.6160742081717734,3.6160742081717725,32.50455646114039,3.624126087237223,3.3503811131003367,3.3503811131003367,17.24684469283946,3.0910852936932933
273,2,Drums,0,0,30.50238973196376,30.502389731963756,42.837321951617,30.76400691119305,23.783077628067296,23.783077628067296,40.97926766352268,23.867049378587804,-6.719312103896463,-6.71931210389646,-1.8580542880943227,-6.896957532605246
274,0,Vocal,0,0,6.775164442122166,6.775164442122166,25.024005118611843,6.854290092801275,13.151865890540908,13.151865890540908,31.843086577074118,13.213809020868311,6.376701448418742,6.376701448418742,6.819081458462275,6.359518928067036
274,1,Bass,0,-12868,-0.9006677948355146,-0.9006677948355146,13.958665444730725,-0.5853095397875001,-34.33195259068189,-34.33195259068189,5.783295110881287,-33.34073045232252,-33.43128479584637,-33.43128479584637,-8.175370333849438,-32.755420912535016
274,2,Drums,0,0,29.217260522248978,29.217260522248978,37.240900014387826,29.963043305886128,24.95966229324527,24.95966229324527,37.01680329648624,25.239750944296475,-4.257598229003708,-4.257598229003708,-0.22409671790158825,-4.723292361589653
275,0,Vocal,0,0,9.300948745496484,9.300948745496484,27.082541685860487,9.382433549787226,12.140306163820782,12.140306163820782,30.3765803325936,12.209966959850586,2.8393574183242976,2.8393574183242976,3.2940386467331138,2.82753341006336
275,1,Bass,0,-1,-1.3159135110003641,-1.3159135110003641,12.293158546683847,-0.8736225093357455,-1.7925368134378503,-1.7925368134378503,12.172891086308947,-1.3590136181391101,-0.4766233024374862,-0.4766233024374862,-0.12026746037489922,-0.48539110880336467
275,2,Drums,0,0,26.950966835428392,26.950966835428392,33.17974738384565,28.135207271813243,24.393322148039015,24.393322148039015,33.27724072473054,24.996691830562852,-2.5576446873893772,-2.5576446873893772,0.09749334088488837,-3.138515441250391
276,0,Vocal,0,0,9.067362419314316,9.067362419314316,26.647112407462533,9.15324510164597,7.76268258077562,7.7626825807756195,27.410277151922145,7.817917158335651,-1.3046798385386955,-1.3046798385386964,0.7631647444596119,-1.3353279433103191
276,1,Bass,-1,0,-3.7807311388274547,-3.780731138827455,9.84912519260968,-3.16038912650502,8.309785731296278,8.309785731296278,21.649422016992347,8.545492956816116,12.090516870123732,12.090516870123734,11.800296824382666,11.705882083321136
276,2,Drums,0,0,25.84240775164674,25.84240775164674,31.37541688437034,27.270459968664564,20.6248474020189,20.6248474020189,31.202217844496825,21.026054071555347,-5.217560349627838,-5.217560349627838,-0.17319903987351282,-6.244405897109218
277,0,Vocal,0,0,9.69620634490312,9.69620634490312,28.636186544355,9.757939451610131,10.246749614735544,10.246749614735544,29.039011636484304,10.309899957399097,0.5505432698324242,0.5505432698324242,0.40282509212930506,0.5519605057889656
277,1,Bass,0,0,0.7504291383031804,0.7504291383031804,14.614175114663091,1.0801629310900998,0.5933588244320199,0.5933588244320199,14.921764694800528,0.8943244007773017,-0.15707031387116044,-0.15707031387116044,0.30758958013743687,-0.18583853031279807
277,2,Drums,0,0,23.911288372180245,23.911288372180245,30.77011107177997,24.917368059522886,12.620886066387547,12.620886066387547,28.237087881421516,12.748233235294366,-11.290402305792698,-11.290402305792698,-2.5330231903584526,-12.16913482422852
278,0,Vocal,0,0,8.91087866729933,8.91087866729933,27.271916106735986,8.982817106320818,-2.2191001560886745,-2.2191001560886745,31.727686910040397,-2.214433121343598,-11.129978823388004,-11.129978823388004,4.455770803304411,-11.197250227664416
278,1,Bass,0,-2,-1.0046802107801394,-1.0046802107801394,13.858876934082677,-0.6855659515445066,1.1031590378715015,1.1031590378715006,22.82242066974362,1.1551039059798793,2.107839248651641,2.10783924865164,8.963543735660945,1.8406698575243858
278,2,Drums,0,0,28.16348628073687,28.16348628073687,35.55623306894403,29.0386152357711,21.512363607174958,21.512363607174958,36.723471500398205,21.646117101082062,-6.651122673561911,-6.651122673561911,1.167238431454173,-7.392498134689038
279,0,Vocal,0,0,10.440432528637926,10.440432528637926,29.962509468121368,10.493564918013814,4.613206309642091,4.613206309642092,28.573839514945746,4.636715321578528,-5.827226218995834,-5.8272262189958335,-1.3886699531756221,-5.856849596435286
279,1,Bass,0,0,-0.5905335152487055,-0.5905335152487049,15.120404333811715,-0.3407743677219249,7.101952172520973,7.101952172520972,30.580551955922527,7.1252885401084765,7.692485687769679,7.692485687769677,15.460147622110812,7.466062907830401
279,2,Drums,0,0,27.527903237152987,27.527903237152987,33.63027413045331,28.752252216807342,21.028625024762782,21.028625024762782,34.2516934105637,21.24210509956153,-6.499278212390205,-6.499278212390205,0.6214192801103948,-7.510147117245811
280,0,Vocal,0,0,14.626450617481655,14.626450617481655,40.48908979008359,14.638112275306518,27.189943943596674,27.189943943596674,63.52005203431557,27.190947659566863,12.563493326115019,12.563493326115019,23.03096224423198,12.552835384260344
280,1,Bass,0,0,11.895227422297207,11.895227422297207,26.556312654252288,12.05589431326266,12.212294538915282,12.212294538915282,29.32108478772884,12.302711643686914,0.31706711661807496,0.31706711661807496,2.7647721334765514,0.24681733042425336
280,2,Drums,0,0,19.329969065121112,19.329969065121112,32.32656639866985,19.55599570215913,4.153158079063248,4.153158079063248,28.156362456743334,4.177103889749888,-15.176810986057864,-15.176810986057864,-4.170203941926513,-15.378891812409243
281,0,Vocal,0,0,17.265533515225556,17.265533515225552,52.70605693933234,17.266794691906075,18.23863581210524,18.23863581210524,54.41901686237784,18.239694068430687,0.9731022968796843,0.9731022968796879,1.7129599230454957,0.9728993765246123
281,1,Bass,0,-119,11.054526016842534,11.054526016842537,29.04554898271634,11.129459550388706,-12.625209832027906,-12.625209832027906,24.095738067287694,-12.616008428981022,-23.67973584887044,-23.679735848870443,-4.949810915428646,-23.745467979369728
281,2,Drums,0,0,29.07035169143754,29.07035169143754,51.79717540673144,29.093612296202767,9.122224765867205,9.122224765867205,58.738510311217745,9.122277816613368,-19.948126925570335,-19.948126925570335,6.941334904486304,-19.9713344795894
282,0,Vocal,0,0,17.299494401874313,17.299494401874313,48.78310463581805,17.302638490146215,18.19780525621816,18.19780525621816,45.23088714514003,18.20654271284232,0.8983108543438476,0.8983108543438476,-3.552217490678018,0.9039042226961058
282,1,Bass,0,0,8.027084899426962,8.027084899426962,25.42956080620542,8.119217783115879,8.1582673833624,8.1582673833624,26.204932278727554,8.237295840052743,0.1311824839354383,0.1311824839354383,0.775371472522135,0.11807805693686468
282,2,Drums,0,0,19.74838437503579,19.74838437503579,25.390596989222423,21.144132973668306,11.861101611787772,11.861101611787772,26.13607507732883,12.03705922963412,-7.8872827632480185,-7.8872827632480185,0.745478088106406,-9.107073744034185
283,0,Vocal,0,0,27.51252157177109,27.51252157177109,47.643790572785875,27.554919319523815,19.737935959074594,19.737935959074594,56.501281715532386,19.73885737781395,-7.7745856126964945,-7.7745856126964945,8.857491142746511,-7.816061941709865
283,1,Bass,0,70,15.682831975321378,15.682831975321378,20.264793685052958,17.58221610531099,-6.2981511748797026,-6.298151174879703,20.69691911744469,-6.297571467683696,-21.98098315020108,-21.98098315020108,0.4321254323917323,-23.879787572994687
283,2,Drums,0,3,10.791077513888025,10.791077513888025,18.60832229874403,11.635198567696929,-17.413455465283953,-17.413455465283953,5.151213242617687,-16.986648719890194,-28.20453297917198,-28.20453297917198,-13.457109056126345,-28.621847287587123
284,0,Vocal,0,-2,21.35763705026019,21.35763705026019,44.9294977684243,21.37689766389205,-8.120525757120218,-8.120525757120218,31.041196654644608,-8.118023800814193,-29.478162807380407,-29.478162807380407,-13.88830111377969,-29.49492146470624
284,1,Bass,0,0,12.132479325550511,12.132479325550511,26.904659820499074,12.288526856844111,3.0270270231516845,3.0270270231516827,27.349869375639678,3.0510948393187913,-9.105452302398827,-9.105452302398827,0.4452095551406039,-9.23743201752532
284,2,Drums,0,0,18.778917916396058,18.778917916396058,23.664442358779503,20.502421045352914,13.892783412717638,13.892783412717638,26.72410158124503,14.134398518067803,-4.88613450367842,-4.88613450367842,3.059659222465527,-6.368022527285111
285,0,Vocal,0,0,16.402988694069684,16.402988694069684,38.14115887602045,16.432856599668593,18.23313140567697,18.23313140567697,39.70699921205548,18.264635919811308,1.8301427116072873,1.8301427116072873,1.5658403360350306,1.831779320142715
285,1,Bass,0,1,8.855848385652829,8.855848385652829,23.14295149729812,9.041786597395125,5.046705735233104,5.046705735233101,32.02593174055255,5.058143809669887,-3.8091426504197248,-3.8091426504197274,8.88298024325443,-3.9836427877252385
285,2,Drums,0,0,22.343020944625856,22.343020944625856,34.27511757205938,22.632300952564854,9.076420937865056,9.076420937865056,69.17963179093027,9.076425515194519,-13.2666000067608,-13.2666000067608,34.904514218870894,-13.555875437370336
286,0,Vocal,0,0,16.273045980404458,16.273045980404458,63.28678256561206,16.273132199540406,17.51625662462891,17.51625662462891,59.37576532929868,17.516541648754806,1.243210644224451,1.243210644224451,-3.911017236313377,1.2434094492144006
286,1,Bass,0,0,6.148627403924149,6.148627403924149,23.741152750711557,6.243207268090814,8.272260740534382,8.272260740534382,26.77471699472539,8.34312514157625,2.123633336610233,2.123633336610233,3.033564244013835,2.0999178734854356
286,2,Drums,0,0,25.232808303196386,25.232808303196386,32.168840671084205,26.218059026534604,14.30090179034474,14.300901790344739,32.06272541691578,14.376928177044217,-10.931906512851645,-10.931906512851647,-0.10611525416842227,-11.841130849490387
287,0,Vocal,0,0,16.673134362444685,16.673134362444685,47.417268261727784,16.676872543868072,20.10675905897767,20.10675905897767,47.099548468822775,20.115529558597252,3.433624696532984,3.433624696532984,-0.3177197929050095,3.4386570147291806
287,1,Bass,0,-1,5.472418548933389,5.472418548933389,24.496569336269687,5.54252700756615,7.812781343398491,7.812781343398494,25.210678058990723,7.905639648518248,2.3403627944651024,2.340362794465105,0.7141087227210363,2.3631126409520977
287,2,Drums,0,0,25.33996576653474,25.33996576653474,31.889588300721464,26.429231141263074,-0.13084134692186056,-0.1308413469218586,36.36809694708267,-0.12886679683925764,-25.4708071134566,-25.470807113456598,4.478508646361206,-26.558097938102332
288,0,Vocal,0,0,13.681059926538964,13.681059926538964,32.64994267868937,13.738838055595753,20.652589713050315,20.652589713050315,36.91848411939014,20.757314174940472,6.971529786511351,6.971529786511351,4.268541440700773,7.018476119344719
288,1,Bass,0,0,16.555707334795798,16.555707334795798,34.004003749919264,16.63630063414891,16.06415310563016,16.06415310563016,32.57842857267508,16.16455573785997,-0.4915542291656365,-0.4915542291656365,-1.425575177244184,-0.47174489628893923
288,2,Drums,0,0,21.092826651967624,21.092826651967624,41.22663877753258,21.135471011163965,20.12203112627041,20.12203112627041,42.22770174582614,20.14911701849482,-0.9707955256972127,-0.9707955256972127,1.0010629682935601,-0.9863539926691445
289,0,Vocal,0,0,17.296276058230745,17.296276058230745,37.77644626778909,17.336058473964982,18.523880467872104,18.523880467872104,38.34307125136667,18.570028490635742,1.2276044096413585,1.2276044096413585,0.566624983577583,1.2339700166707601
289,1,Bass,0,0,20.970717538779038,20.970717538779038,36.99442276769835,21.081459086992318,18.05228881800569,18.05228881800569,34.921578694682346,18.143918526555353,-2.918428720773349,-2.918428720773349,-2.0728440730160074,-2.9375405604369647
289,2,Drums,0,0,27.4545972226205,27.4545972226205,41.28179720108768,27.63866483024943,23.481052493238245,23.481052493238245,43.42390747600135,23.52547808136817,-3.9735447293822546,-3.9735447293822546,2.1421102749136693,-4.113186748881258
290,0,Vocal,0,0,18.47234313357763,18.47234313357763,37.89803110354058,18.522901908884613,24.01486419844176,24.01486419844176,43.867178173633675,24.060206392262366,5.542521064864129,5.542521064864129,5.9691470700930935,5.537304483377753
290,1,Bass,0,-1325,11.395530356809056,11.395530356809056,24.987433517079126,11.603490299405435,-9.360114916011497,-9.360114916011497,23.033752755497527,-9.34317606406563,-20.75564527282055,-20.75564527282055,-1.953680761581598,-20.946666363471067
290,2,Drums,0,0,23.024858329648218,23.024858329648218,48.38536597361713,23.037578835474257,21.32796239190277,21.32796239190277,44.26715487990239,21.350254067866146,-1.696895937745449,-1.696895937745449,-4.118211093714734,-1.6873247676081107
291,0,Vocal,0,0,19.675963209440777,19.675963209440777,39.711447528861996,19.719717863185075,22.438208380661404,22.438208380661404,52.46064335493564,22.44255466641528,2.762245171220627,2.762245171220627,12.749195826073645,2.722836803230205
291,1,Bass,0,-2224,15.299213586562338,15.299213586562338,32.08746999053278,15.393847399569056,-21.4061757647637,-21.4061757647637,9.42149579333311,-20.962834006034154,-36.70538935132603,-36.70538935132603,-22.665974197199674,-36.35668140560321
291,2,Drums,0,0,22.00527687717626,22.00527687717626,39.62245478940452,22.081582244922366,23.53749871601486,23.53749871601486,61.6022518905023,23.538179360701438,1.5322218388385984,1.5322218388385984,21.97979710109778,1.456597115779072
292,0,Vocal,0,10496,15.019571323680715,15.019571323680719,26.601068603988356,15.341795245478334,-25.617953369135105,-25.617953369135105,13.168801500980114,-25.586267985928263,-40.637524692815816,-40.63752469281582,-13.432267103008241,-40.9280632314066
292,1,Bass,0,2,13.395159163345724,13.395159163345724,29.322321238833275,13.512608679343858,-12.318361962181159,-12.318361962181159,27.013465708809306,-12.309421333551425,-25.71352112552688,-25.71352112552688,-2.308855530023969,-25.822030012895283
292,2,Drums,0,0,19.765547115292545,19.765547115292545,33.23687300929317,19.967411237896734,24.620154430522092,24.62015443052209,53.110658097721,24.626327356206374,4.854607315229547,4.8546073152295435,19.87378508842783,4.658916118309641
293,0,Vocal,0,0,16.807850752726225,16.807850752726225,27.33458253055695,17.21867154005044,16.628173529463034,16.628173529463034,27.09041382172999,17.045776514637655,-0.1796772232631909,-0.1796772232631909,-0.24416870882696173,-0.17289502541278523
293,1,Bass,0,0,15.70608017127684,15.70608017127684,31.361131167570896,15.828996984680137,15.931947214523333,15.931947214523333,32.26538594359495,16.036745344555833,0.22586704324649354,0.22586704324649354,0.9042547760240538,0.20774835987569595
293,2,Drums,0,0,20.96676681884658,20.96676681884658,46.99030585441061,20.97771698411645,24.599306363654843,24.599306363654843,44.03341860983108,24.649234773826933,3.632539544808264,3.632539544808264,-2.9568872445795265,3.6715177897104816
294,0,Vocal,0,0,13.834873117129384,13.834873117129384,22.480194997974493,14.497244079534703,14.98662217606875,14.986622176068746,22.765545627619392,15.801865131736957,1.151749058939366,1.1517490589393624,0.2853506296448991,1.304621052202254
294,1,Bass,0,0,17.783519030871247,17.783519030871247,36.62314650155296,17.84156879760506,16.757669974492615,16.757669974492615,40.47510996869481,16.77655029638625,-1.0258490563786324,-1.0258490563786324,3.85196346714185,-1.065018501218809
294,2,Drums,0,0,23.477616188920422,23.477616188920422,28.835311677370168,24.97821381648815,22.6147096706956,22.6147096706956,36.36842165180144,22.802661851990003,-0.8629065182248219,-0.8629065182248219,7.533109974431273,-2.1755519644981476
295,0,Vocal,0,0,16.177927950874814,16.177927950874814,40.49140031505807,16.194430507937593,16.382740432839785,16.382740432839785,40.21906131522137,16.401143421440267,0.20481248196497148,0.20481248196497148,-0.2723389998367054,0.20671291350267396
295,1,Bass,0,0,19.370812109326454,19.370812109326454,36.066548129709176,19.46583674200466,15.460260609223264,15.460260609223264,37.94680871890969,15.485524539075248,-3.9105515001031907,-3.9105515001031907,1.8802605892005175,-3.9803122029294133
295,2,Drums,0,0,26.872178728122247,26.872178728122247,44.50219455818061,26.947937786089554,23.02598834475284,23.02598834475284,49.277015175369236,23.03634766670861,-3.8461903833694073,-3.8461903833694073,4.774820617188624,-3.911590119380943
296,0,Vocal,0,0,2.9006109060593626,2.900610906059362,14.657491573553019,3.346650437195566,5.988126893899393,5.988126893899393,15.72921800757692,6.590028083973166,3.0875159878400305,3.087515987840031,1.0717264340239012,3.2433776467776005
296,1,Bass,0,0,13.1257691294294,13.1257691294294,29.244022679228742,13.238413215702751,14.37621015012741,14.37621015012741,30.82386093066447,14.47933851442055,1.250441020698009,1.250441020698009,1.5798382514357279,1.2409252987177997
296,2,Drums,0,0,25.279385079923273,25.279385079923273,26.633527548335934,31.00949079384735,23.848520518081177,23.848520518081177,26.735611367648318,26.99482490104068,-1.430864561842096,-1.430864561842096,0.10208381931238364,-4.0146658928066685
297,0,Vocal,0,0,2.802773617017637,2.802773617017637,17.067052705273387,3.0530854992593848,23.88078570730105,23.88078570730105,49.65658583653358,23.892326305883063,21.078012090283416,21.078012090283416,32.5895331312602,20.83924080662368
297,1,Bass,0,0,14.753735458688649,14.753735458688649,31.437138593564946,14.85107432889503,15.780978653660263,15.780978653660263,35.65163663292838,15.827134709411757,1.0272431949716143,1.0272431949716143,4.214498039363434,0.9760603805167261
297,2,Drums,0,0,12.268792913908396,12.268792913908397,26.468379793352824,12.446926598921046,11.131980778691874,11.131980778691874,26.450908607621454,11.271327167088057,-1.1368121352165215,-1.1368121352165232,-0.017471185731370298,-1.175599431832989
298,0,Vocal,0,0,4.8731017229987525,4.873101722998752,19.89793783479005,5.056083422637457,0.27608444361853635,0.27608444361853635,60.1933802150867,0.2760928096256638,-4.597017279380216,-4.597017279380215,40.29544238029665,-4.779990613011793
298,1,Bass,0,0,14.501180668047533,14.501180668047533,30.691459230089713,14.610571763484682,14.936761680263688,14.936761680263688,31.26487909211987,15.042354050605635,0.4355810122161543,0.4355810122161543,0.5734198620301569,0.4317822871209529
298,2,Drums,0,0,12.597336882461136,12.597336882461136,29.28964738311762,12.696474060478476,12.116240335953139,12.116240335953139,28.6383891451024,12.220003731594694,-0.48109654650799705,-0.48109654650799705,-0.6512582380152203,-0.4764703288837815
299,0,Vocal,0,0,4.748048793820759,4.74804879382076,18.70169781598896,4.984583123502052,24.819694089411016,24.819694089411016,57.56045214472736,24.822003983298572,20.07164529559026,20.071645295590255,38.8587543287384,19.83742085979652
299,1,Bass,0,0,13.797178617547921,13.797178617547921,30.63230134692812,13.891883246913011,17.253275939854188,17.253275939854188,35.12536597049642,17.326083032303945,3.4560973223062668,3.4560973223062668,4.493064623568298,3.434199785390934
299,2,Drums,0,0,13.08092506894257,13.08092506894257,26.866399828050653,13.27541068724077,11.583706501298678,11.583706501298678,26.77707075303175,11.726201417849376,-1.4972185676438912,-1.4972185676438912,-0.08932907501890242,-1.549209269391394
300,0,Vocal,0,-3942,13.831523235686527,13.831523235686529,22.96893050012942,14.418305094008122,-13.095220315891737,-13.095220315891737,25.523257544841307,-13.094997551819997,-26.926743551578262,-26.926743551578266,2.5543270447118864,-27.51330264582812
300,1,Bass,0,0,13.271104918234922,13.271104918234922,27.623647128138508,13.441019009692369,14.505190148492233,14.505190148492233,31.729476496321617,14.591186251571369,1.2340852302573104,1.2340852302573104,4.105829368183109,1.150167241879
300,2,Drums,0,0,16.024478187578644,16.024478187578644,24.765866087607495,16.661848115704903,17.194414986871237,17.194414986871237,27.21662836815756,17.657764273705347,1.1699367992925929,1.1699367992925929,2.450762280550066,0.9959161580004441
301,0,Vocal,0,-2459,15.918506873746496,15.918506873746496,30.24718442253972,16.085933341329785,-10.849072478361606,-10.849072478361606,25.75628808623698,-10.849053765546621,-26.7675793521081,-26.7675793521081,-4.49089633630274,-26.934987106876406
301,1,Bass,0,208,9.294743094434759,9.294743094434757,23.60847187737422,9.477522940011989,-4.667003910637699,-4.667003910637699,25.385704542242742,-4.650903031341133,-13.961747005072457,-13.961747005072457,1.7772326648685208,-14.12842597135312
301,2,Drums,0,0,20.00378179161423,20.003781791614227,36.404719040153836,20.105401410284536,22.139932528665973,22.139932528665973,47.06628005207706,22.154007933253656,2.136150737051743,2.1361507370517465,10.661561011923226,2.04860652296912
302,0,Vocal,0,0,4.459814300285576,4.459814300285576,21.903508278055106,4.566692740899174,-7.242605225371307,-7.242605225371309,47.231595547139314,-7.2425117422022565,-11.702419525656882,-11.702419525656886,25.328087269084207,-11.80920448310143
302,1,Bass,0,0,13.373919200280671,13.373919200280671,30.258399929737323,13.467922545766584,14.434534162745694,14.434534162745694,34.24045221090775,14.48182289670097,1.0606149624650225,1.0606149624650225,3.982052281170425,1.013900350934387
302,2,Drums,0,0,13.883185240394322,13.883185240394322,27.61475517310551,14.078627449890881,12.91207971170949,12.91207971170949,27.228835080013777,13.084076667842348,-0.9711055286848325,-0.9711055286848325,-0.3859200930917339,-0.9945507820485329
303,0,Vocal,0,0,7.663977729563214,7.663977729563214,18.021959889001277,8.151487888842464,23.58099757658009,23.58099757658009,67.40684779702119,23.58116156505996,15.917019847016874,15.917019847016874,49.384887908019905,15.429673676217497
303,1,Bass,0,-290,14.572116869773037,14.572116869773037,32.53043431325791,14.644598073189092,-7.568536173644561,-7.568536173644561,18.29029587461686,-7.493345321309761,-22.140653043417597,-22.140653043417597,-14.240138438641054,-22.137943394498855
303,2,Drums,0,0,23.81647786440854,23.81647786440854,25.474936789255416,28.812436279358458,6.024962336351361,6.024962336351361,32.32298748381429,6.037702785507256,-17.79151552805718,-17.79151552805718,6.8480506945588715,-22.7747334938512
304,0,Vocal,0,0,20.58223511220696,20.58223511220696,37.58966197916689,20.670368651567177,25.49684534215941,25.49684534215941,42.5337406224227,25.583865503230044,4.9146102299524514,4.9146102299524514,4.944078643255807,4.913496851662867
304,1,Bass,0,-27,12.642403386387786,12.642403386387786,22.68603330687085,13.118491868966656,-21.309410560560487,-21.309410560560487,11.140620718776187,-21.000311167071985,-33.95181394694827,-33.95181394694827,-11.545412588094663,-34.11880303603864
304,2,Drums,0,0,20.396873908803343,20.396873908803343,30.57773930075157,20.83860945844366,11.541482123326842,11.541482123326842,30.60259317558479,11.599508521885365,-8.8553917854765,-8.8553917854765,0.024853874833219436,-9.239100936558295
305,0,Vocal,0,0,25.71089452539109,25.71089452539109,51.5335150071634,25.722302198960865,25.073327467298757,25.073327467298757,51.475817355145495,25.08331184842744,-0.6375670580923334,-0.6375670580923334,-0.05769765201790733,-0.638990350533426
305,1,Bass,0,270,12.017708496042768,12.017708496042768,23.316927100477606,12.372462571799645,-8.824277906554693,-8.824277906554693,18.05449944227934,-8.747913771222521,-20.841986402597463,-20.841986402597463,-5.262427658198266,-21.120376343022166
305,2,Drums,0,0,21.580551330548673,21.580551330548673,33.43550478334477,21.875511324116438,18.540743936296813,18.540743936296813,32.67102813746294,18.714203959193682,-3.0398073942518593,-3.0398073942518593,-0.7644766458818282,-3.161307364922756
306,0,Vocal,0,-2219,10.009536581023742,10.009536581023742,27.96594758699939,10.086556137137912,-39.84358680229769,-39.84358680229769,5.381940328946687,-39.41722782879798,-49.85312338332143,-49.85312338332143,-22.584007258052704,-49.50378396593589
306,1,Bass,0,0,21.326305778132465,21.326305778132465,33.37855993664431,21.607850896675245,22.522029384061945,22.522029384061945,42.80113299347754,22.56317481334792,1.19572360592948,1.19572360592948,9.42257305683323,0.9553239166726755
306,2,Drums,0,0,12.21570890623055,12.21570890623055,21.95924940383354,12.730309777112833,19.208330972485207,19.208330972485207,34.20378810781246,19.34968267830139,6.992622066254658,6.992622066254658,12.244538703978918,6.619372901188559
307,0,Vocal,0,887,9.71503860265328,9.715038602653282,28.73240778097838,9.775650066484175,-6.7875085838082345,-6.787508583808236,30.63241431087691,-6.783630775614101,-16.502547186461513,-16.50254718646152,1.9000065298985298,-16.559280842098275
307,1,Bass,0,0,25.945880588888407,25.945880588888407,31.485769225092497,27.371185572116467,24.27831738601181,24.278317386011814,32.729664822725,24.95003896635871,-1.6675632028765968,-1.6675632028765932,1.243895597632502,-2.4211466057577553
307,2,Drums,0,451,9.7253292928876,9.7253292928876,15.472393258217508,11.191329255594372,-13.224037043510556,-13.224037043510556,14.57404385500605,-13.068035556938817,-22.949366336398157,-22.949366336398157,-0.8983494032114585,-24.25936481253319
308,0,Vocal,0,0,14.586824285611474,14.586824285611474,24.344258722454892,15.088149029479291,-0.9097074577373522,-0.9097074577373522,40.732221422186555,-0.909043262212813,-15.496531743348827,-15.496531743348827,16.387962699731663,-15.997192291692105
308,1,Bass,0,0,17.700882447242112,17.700882447242112,29.53718085409203,18.000007720023106,20.341405533339298,20.34140553333929,42.724521321778404,20.366797500632575,2.6405230860971862,2.640523086097179,13.187340467686376,2.3667897806094693
308,2,Drums,0,0,14.579068477990596,14.579068477990596,45.0829421621613,14.58307199386863,17.82564740656674,17.82564740656674,31.890979514875028,18.002199829902615,3.2465789285761453,3.2465789285761453,-13.191962647286275,3.4191278360339847
309,0,Vocal,0,-750,15.128459982590034,15.128459982590034,26.900780762660492,15.436134688487009,-10.14228915486062,-10.14228915486062,24.582129325568296,-10.127907670145536,-25.270749137450654,-25.270749137450654,-2.3186514370921962,-25.564042358632545
309,1,Bass,0,0,17.148602113467216,17.148602113467216,29.435771042744708,17.41791829979958,17.758319533425354,17.758319533425354,35.96436920107972,17.825561320773595,0.6097174199581374,0.6097174199581374,6.5285981583350114,0.40764302097401384
309,2,Drums,0,0,14.451470327547861,14.45147032754786,37.3724334725062,14.474488183861304,15.501256837146084,15.501256837146084,32.6417692871932,15.588335042932425,1.0497865095982224,1.0497865095982242,-4.730664185313003,1.1138468590711206
310,0,Vocal,0,-8416,22.818557957919165,22.818557957919165,49.04288060186283,22.82898263856751,-24.801476285727226,-24.801476285727226,43.17221756345055,-24.801468539255044,-47.62003424364639,-47.62003424364639,-5.870663038412275,-47.63045117782255
310,1,Bass,0,0,14.042298226058627,14.042298226058627,26.536455344471094,14.303633676404203,14.757763856102939,14.757763856102939,62.84864917490375,14.757832522888796,0.7154656300443119,0.7154656300443119,36.312193830432655,0.4541988464845925
310,2,Drums,0,0,20.503825873359126,20.503825873359126,42.45585064047509,20.531866905761774,18.364849746785545,18.364849746785545,37.61077702125629,18.417576087949865,-2.1389761265735814,-2.1389761265735814,-4.845073619218802,-2.1142908178119093
311,0,Vocal,0,1315,16.19383212853091,16.19383212853091,26.47377569200294,16.631157791505103,-15.118262309740075,-15.118262309740075,30.36870313781229,-15.117052230977082,-31.312094438270986,-31.312094438270986,3.8949274458093512,-31.748210022482183
311,1,Bass,0,0,16.841299390567727,16.841299390567727,24.733001532171684,17.625984933227922,17.766251425025345,17.766251425025345,26.75918213966977,18.360771456076236,0.9249520344576183,0.9249520344576183,2.0261806074980875,0.7347865228483137
311,2,Drums,0,0,13.227243668793246,13.22724366879325,28.609099260653963,13.360855362797963,17.465567249144925,17.465567249144925,27.325791903413528,17.946985405020847,4.238323580351679,4.2383235803516754,-1.2833073572404352,4.586130042222884
312,0,Vocal,0,-5415,19.623193552154653,19.62319355215465,38.16341815295137,19.685065427555028,-19.2828602962366,-19.2828602962366,34.058195941547616,-19.282845855233653,-38.90605384839125,-38.90605384839125,-4.105222211403756,-38.96791128278868
312,1,Bass,0,1,7.358892096886061,7.358892096886061,19.739839667007956,7.6633146510839625,5.440583135533434,5.440583135533434,37.2974500567417,5.444224907897418,-1.9183089613526265,-1.9183089613526265,17.557610389733746,-2.2190897431865446
312,2,Drums,0,4,23.021520217656686,23.021520217656686,25.609390685955397,26.511728529639353,-7.242292409912617,-7.242292409912615,42.56228339632415,-7.242041294135797,-30.2638126275693,-30.2638126275693,16.95289271036875,-33.75376982377515
313,0,Vocal,-1,0,-19.329397881892856,-19.329397881892856,2.8094767116842068,-17.473908913372014,5.994012041094164,5.994012041094163,45.91221588073432,5.99426973074496,25.323409922987018,25.323409922987018,43.10273916905012,23.468178644116975
313,1,Bass,0,-1,5.339782434690793,5.339782434690794,19.30193736923022,5.568495295483926,7.646939376549056,7.646939376549056,22.057310275952638,7.83412451687418,2.3071569418582625,2.3071569418582616,2.7553729067224175,2.2656292213902542
313,2,Drums,0,0,41.04665121501589,41.04665121501589,74.63987715352731,41.04852562473635,-10.630013471270217,-10.630013471270217,19.435228159980078,-10.57655671900732,-51.67666468628611,-51.67666468628611,-55.20464899354723,-51.62508234374367
314,0,Vocal,0,0,13.654162822415861,13.654162822415861,37.80960803635804,13.671595219016474,18.015907002991646,18.015907002991646,39.687963602085574,18.0460247018728,4.361744180575785,4.361744180575785,1.8783555657275315,4.374429482856325
314,1,Bass,0,0,6.44275387872736,6.442753878727359,22.488866295654244,6.576471525692179,6.479727478269485,6.479727478269486,23.79799060303331,6.579088518846607,0.03697359954212498,0.036973599542126756,1.309124307379065,0.0026169931544277603
314,2,Drums,0,0,30.068711786740216,30.068711786740216,42.08115416556502,30.351188690936826,23.82467590559564,23.82467590559564,43.40844382090408,23.872935993101034,-6.244035881144576,-6.244035881144576,1.3272896553390652,-6.478252697835792
315,0,Vocal,0,0,21.637073965910588,21.637073965910588,43.589981003318705,21.66505211857846,32.03099548404396,32.03099548404396,53.205098096599286,32.06426881825855,10.393921518133375,10.393921518133375,9.615117093280581,10.399216699680089
315,1,Bass,0,0,8.872270644806205,8.872270644806203,20.95033284929132,9.184865802698909,7.646329380572819,7.646329380572822,22.768861738914794,7.804835465209239,-1.225941264233386,-1.2259412642333816,1.8185288896234724,-1.3800303374896696
315,2,Drums,0,0,21.691895679941272,21.691895679941272,30.430649840461456,22.319131763217413,12.486697915724053,12.486697915724053,41.264422125824545,12.492780621412427,-9.20519776421722,-9.20519776421722,10.83377228536309,-9.826351141804986
316,0,Vocal,0,0,8.21930679462336,8.21930679462336,33.91233267206884,8.232794015062785,5.603905264013119,5.603905264013119,32.105907620721325,5.616307284756488,-2.6154015306102414,-2.6154015306102414,-1.8064250513475173,-2.6164867303062973
316,1,Bass,0,-2,6.737203857126161,6.737203857126161,23.01303130171086,6.862453595896093,-2.1704638387752815,-2.1704638387752815,33.56496008065058,-2.167400085138243,-8.907667695901443,-8.907667695901443,10.551928778939718,-9.029853681034336
316,2,Drums,0,0,31.22786985800871,31.22786985800871,43.35986241509189,31.502367395614943,22.623051576902775,22.62305157690278,47.19592232524513,22.638313277528226,-8.604818281105935,-8.604818281105931,3.8360599101532387,-8.864054118086717
317,0,Vocal,0,0,12.128495059183583,12.128495059183583,33.69312939735541,12.160747329683355,12.538179379588597,12.538179379588597,33.085418876622384,12.578770076113319,0.4096843204050131,0.4096843204050131,-0.6077105207330291,0.41802274642996373
317,1,Bass,0,0,6.496859655575196,6.496859655575196,22.551282935914138,6.630018247844084,10.890527424222437,10.890527424222437,23.78165286207664,11.137798023574678,4.393667768647242,4.393667768647242,1.2303699261625027,4.507779775730595
317,2,Drums,0,0,27.717155210401554,27.717155210401554,35.52918690705357,28.50410239944553,16.300721155111784,16.300721155111784,42.57988401616071,16.31120261368406,-11.41643405528977,-11.41643405528977,7.050697109107141,-12.192899785761469
318,0,Vocal,0,0,13.99042681388021,13.99042681388021,39.95131479543509,14.001887187350423,30.011736882156917,30.011736882156917,66.98961669115894,30.012591352634352,16.021310068276705,16.021310068276705,27.038301895723855,16.01070416528393
318,1,Bass,0,2,4.476794301868259,4.476794301868259,20.71560929228049,4.617970999372218,0.5552782338597633,0.5552782338597633,24.58765180457084,0.5875478140900432,-3.921516068008496,-3.921516068008496,3.8720425122903492,-4.030423185282175
318,2,Drums,0,0,29.032717103705732,29.032717103705732,39.0665624753574,29.48708409057837,21.805783138714602,21.805783138714602,42.46949507458862,21.843464199380747,-7.2269339649911295,-7.2269339649911295,3.402932599231221,-7.643619891197623
319,0,Vocal,0,0,19.134071087143838,19.134071087143838,33.64254290362418,19.292528975690665,19.87231710332496,19.87231710332496,33.95589863942624,20.04706232610745,0.7382460161811224,0.7382460161811224,0.31335573580205534,0.7545333504167857
319,1,Bass,0,2,10.534621515637346,10.534621515637347,19.815350159312878,11.125076775968612,1.9363320570210405,1.9363320570210405,23.175590470964288,1.9899567495601618,-8.598289458616305,-8.598289458616307,3.3602403116514097,-9.135120026408451
319,2,Drums,0,-1,28.213249977008804,28.213249977008804,61.358108364523915,28.215352158735136,-4.307529365903465,-4.3075293659034655,16.788435806373073,-4.183619619501709,-32.52077934291227,-32.52077934291227,-44.56967255815084,-32.39897177823684
320,0,Vocal,0,0,9.321739695919328,9.321739695919328,26.439881559955314,9.41674373273983,10.236553451473329,10.236553451473329,27.496558622189603,10.326669829600089,0.9148137555540004,0.9148137555540004,1.0566770622342894,0.9099260968602589
320,1,Bass,0,0,2.6805599651238787,2.6805599651238787,13.812634674883807,3.2056620685152253,3.751483646832305,3.7514836468323045,31.275411529184154,3.7624073698279172,1.0709236817084262,1.0709236817084258,17.462776854300348,0.556745301312692
320,2,Drums,0,0,21.530022424282436,21.530022424282436,27.334894408526832,22.861781708892202,21.735052658053824,21.735052658053824,29.052198203856065,22.6314063331727,0.20503023377138874,0.20503023377138874,1.717303795329233,-0.23037537571950395
321,0,Vocal,0,0,7.728014656889028,7.728014656889028,26.55407136981843,7.794891158877778,12.36348451040675,12.36348451040675,35.21433566659377,12.387376724606206,4.635469853517722,4.635469853517722,8.660264296775338,4.592485565728428
321,1,Bass,0,0,1.5739630637579598,1.5739630637579598,12.54436537575514,2.1712228923399994,0.10330830109250597,0.10330830109250504,22.648963101248217,0.15107709943130487,-1.4706547626654538,-1.4706547626654547,10.104597725493077,-2.0201457929086946
321,2,Drums,0,0,20.63026011832495,20.63026011832495,33.83860132404885,20.84464023284124,21.956058096554084,21.956058096554084,34.81817821128847,22.18819371638125,1.325797978229133,1.325797978229133,0.9795768872396167,1.3435534835400098
322,0,Vocal,0,0,7.922705638597414,7.922705638597414,26.4230807069403,7.994368392852208,15.23209556388872,15.23209556388872,33.218315122257295,15.303769065780328,7.309389925291306,7.309389925291306,6.795234415316994,7.30940067292812
322,1,Bass,0,7363,2.831240873863105,2.831240873863105,15.144398949696612,3.224842493380497,-41.39766632685338,-41.39766632685338,-0.8341532148352635,-39.662056112924525,-44.228907200716485,-44.228907200716485,-15.978552164531875,-42.886898606305024
322,2,Drums,0,0,21.205467988240688,21.205467988240688,30.327267038862857,21.77658088491516,18.925702762541135,18.925702762541135,31.76438250199119,19.160581572132116,-2.2797652256995526,-2.2797652256995526,1.4371154631283325,-2.6159993127830425
323,0,Vocal,0,0,9.49673370906172,9.49673370906172,25.99310108780502,9.6060607144653,15.844348081682735,15.844348081682735,32.72222151189713,15.936719198343571,6.347614372621015,6.347614372621015,6.7291204240921125,6.3306584838782705
323,1,Bass,0,0,0.3612919984726828,0.3612919984726828,11.39554415475418,1.0218399604373227,8.489476444707458,8.489476444707458,20.22945104237244,8.831608315654437,8.128184446234776,8.128184446234776,8.833906887618259,7.809768355217114
323,2,Drums,0,0,19.71015469262167,19.71015469262167,24.64962787894972,21.40418127978325,20.47164159429746,20.47164159429746,26.492339684810673,21.730724214076126,0.7614869016757879,0.7614869016757879,1.8427118058609544,0.3265429342928776
324,0,Vocal,0,0,7.594562862271221,7.594562862271222,25.599770856833004,7.675806924268205,13.702600926200049,13.702600926200049,32.705502137282,13.759913853042548,6.108038063928827,6.108038063928826,7.1057312804489925,6.084106928774343
324,1,Bass,0,0,4.210527427878108,4.210527427878108,15.261280969937403,4.693050119282372,4.071715503582576,4.071715503582576,15.342924103168645,4.5336236011988635,-0.13881192429553213,-0.13881192429553213,0.08164313323124262,-0.15942651808350838
324,2,Drums,0,0,20.1028849417167,20.1028849417167,29.806077265918773,20.599264538319716,20.465411446868508,20.465411446868508,33.57356917156038,20.684991757038418,0.3625265051518092,0.3625265051518092,3.767491905641606,0.08572721871870215
325,0,Vocal,0,0,9.6669401386648,9.6669401386648,26.73458944605788,9.762304607545225,11.989658648110659,11.989658648110659,29.15815566657505,12.079093108192563,2.322718509445858,2.322718509445858,2.42356622051717,2.3167885006473377
325,1,Bass,0,0,3.217292145656352,3.217292145656352,14.626690750100511,3.6902978858981648,5.7384588225735556,5.738458822573555,26.74517562299535,5.782219141896681,2.5211666769172036,2.5211666769172028,12.11848487289484,2.091921255998516
325,2,Drums,0,0,21.686352052627804,21.686352052627797,30.369942585800736,22.322220169846425,21.076542818488697,21.076542818488697,31.692823773407394,21.473682555901867,-0.6098092341391066,-0.6098092341390995,1.322881187606658,-0.8485376139445577
326,0,Vocal,0,0,8.820948444818779,8.82094844481878,25.607492913245622,8.924858670969943,12.236033942154245,12.236033942154245,30.05477404377048,12.31268431644416,3.4150854973354665,3.4150854973354647,4.447281130524857,3.3878256454742175
326,1,Bass,0,0,1.11929220934683,1.11929220934683,12.491884122751957,1.6860712638637585,0.8373402781575244,0.8373402781575244,12.550395134912765,1.375344769359494,-0.2819519311893056,-0.2819519311893056,0.05851101216080856,-0.3107264945042645
326,2,Drums,0,0,20.410938839035353,20.41093883903535,28.89169472421144,21.081065112676463,21.711467960465907,21.711467960465907,31.34081742995955,22.215436181991322,1.3005291214305537,1.3005291214305572,2.4491227057481098,1.1343710693148594
327,0,Vocal,0,0,6.625605411816407,6.625605411816405,24.74780572578243,6.707577952724132,20.88776453314847,20.88776453314847,40.344626517912765,20.937659751872694,14.262159121332063,14.262159121332065,15.596820792130334,14.23008179914856
327,1,Bass,0,0,4.139644386424562,4.139644386424562,14.987093117566626,4.648112727767239,-0.26793785088621047,-0.26793785088621047,21.79717495567159,-0.21224174383929897,-4.4075822373107725,-4.4075822373107725,6.8100818381049635,-4.860354471606538
327,2,Drums,0,0,21.878304026870023,21.878304026870023,34.25584603303177,22.138697009891356,21.712789644559592,21.712789644559592,34.24773231963891,21.963705687960676,-0.16551438231043036,-0.16551438231043036,-0.008113713392866373,-0.1749913219306798
328,0,Vocal,0,0,15.040928732037763,15.040928732037761,41.247089674089125,15.051669911593606,23.078724205697192,23.078724205697192,48.30483092518272,23.091842236643014,8.037795473659429,8.03779547365943,7.057741251093596,8.040172325049408
328,1,Bass,0,2988,10.300717518637557,10.300717518637558,46.733286936550726,10.301797160890338,-36.76798127866174,-36.76798127866174,-5.783122137332921,-30.26962641893302,-47.0686987972993,-47.068698797299305,-52.51640907388365,-40.57142357982336
328,2,Drums,0,0,30.551943249654364,30.55194324965436,45.036961083730205,30.70952360745137,20.15219185028176,20.15219185028176,47.70743818922757,20.159897369595512,-10.399751399372605,-10.399751399372601,2.670477105497362,-10.549626237855858
329,0,Vocal,0,0,14.764484491358466,14.764484491358466,49.499602385937536,14.765992726382702,14.577503930606849,14.577503930606849,46.66284212171643,14.580284834678976,-0.18698056075161773,-0.18698056075161773,-2.8367602642211054,-0.1857078917037267
329,1,Bass,0,5740,10.482534674689152,10.482534674689152,35.71476165705127,10.496737447130995,-22.5567955395817,-22.5567955395817,11.828675009638577,-22.38234859335476,-33.03933021427085,-33.03933021427085,-23.886086647412693,-32.87908604048575
329,2,Drums,0,0,27.70824615014036,27.70824615014036,43.63302660582235,27.820871808725208,22.157934038788007,22.157934038788003,45.78525264025173,22.1769280287724,-5.550312111352355,-5.550312111352358,2.1522260344293755,-5.6439437799528065
330,0,Vocal,0,0,14.622071271766012,14.622071271766012,76.89597482277532,14.622073405506107,17.45073880712207,17.45073880712207,66.53541440476987,17.45079236955673,2.8286675353560593,2.8286675353560593,-10.360560418005448,2.8287189640506227
330,1,Bass,0,-3,11.605930997567294,11.605930997567294,35.54984272595578,11.624690458801341,-27.212675256072608,-27.212675256072615,-0.8340342077957668,-23.84613882490609,-38.8186062536399,-38.818606253639906,-36.383876933751544,-35.47082928370743
330,2,Drums,0,0,28.2495169628167,28.2495169628167,40.058269370916825,28.546179524970512,18.384842061596764,18.384842061596764,38.57706011366827,18.427193776536416,-9.864674901219935,-9.864674901219935,-1.4812092572485582,-10.118985748434095
331,0,Vocal,0,0,-6.436196788254277,-6.436196788254276,21.556397400785304,-6.39905501828737,9.249620151904253,9.249620151904253,40.159872162511164,9.253541305168477,15.68581694015853,15.685816940158528,18.60347476172586,15.652596323455846
331,1,Bass,0,-2563,7.548428828550585,7.548428828550585,39.229892464557686,7.5518970171083915,-25.47675884601711,-25.47675884601711,13.075263529185847,-25.414103004503197,-33.0251876745677,-33.0251876745677,-26.15462893537184,-32.96600002161159
331,2,Drums,0,0,36.73377410448794,36.73377410448794,46.02935482500314,37.27726663673902,21.83773570546173,21.83773570546173,49.206169438230404,21.84575544366661,-14.896038399026214,-14.896038399026214,3.1768146132272648,-15.43151119307241
332,0,Vocal,0,0,15.12591936714339,15.12591936714339,42.79715316363168,15.133577492484317,15.61608263922624,15.616082639226242,40.9570219903062,15.629145525989461,0.49016327208285126,0.49016327208285304,-1.8401311733254744,0.495568033505144
332,1,Bass,0,11,8.545841911757684,8.545841911757684,31.08578024758689,8.573488979707095,-12.910286561247196,-12.910286561247196,10.352523027530232,-12.511457142593816,-21.45612847300488,-21.45612847300488,-20.733257220056657,-21.084946122300913
332,2,Drums,0,0,29.555811081747223,29.555811081747223,41.46268854784072,29.845510391111286,21.735736758503762,21.73573675850376,36.08847267022923,21.899212505189055,-7.82007432324346,-7.820074323243464,-5.3742158776114906,-7.946297885922231
333,0,Vocal,0,0,13.650090761329945,13.650090761329945,34.23533181149568,13.689848840107551,18.984801178543023,18.984801178543023,38.33763307604834,19.036139511537403,5.334710417213078,5.334710417213078,4.102301264552658,5.346290671429852
333,1,Bass,0,6,10.530312800807941,10.530312800807941,38.96201287290441,10.537100506797778,-6.779211251835421,-6.779211251835421,30.6241594851832,-6.7776745179190625,-17.30952405264336,-17.30952405264336,-8.33785338772121,-17.31477502471684
333,2,Drums,0,0,28.963251216740762,28.963251216740762,37.587858148935574,29.605199449544997,17.5768783419378,17.5768783419378,36.652772652697074,17.631879154824105,-11.386372874802962,-11.386372874802962,-0.9350854962385,-11.973320294720892
334,0,Vocal,0,0,14.556845224592003,14.556845224592006,49.90665769348185,14.558156447161243,16.785409845622738,16.785409845622738,58.26515515664874,16.785724533520916,2.228564621030735,2.2285646210307313,8.358497463166891,2.227568086359673
334,1,Bass,0,5,10.375596383564698,10.375596383564698,35.56865201117625,10.389957320143361,-20.145925769335943,-20.145925769335943,12.705682818683313,-19.96005342541564,-30.52152215290064,-30.52152215290064,-22.862969192492933,-30.350010745559004
334,2,Drums,0,0,27.555129353070225,27.555129353070225,38.99133394754748,27.87945781290191,24.001114275396315,24.001114275396315,39.01251587419429,24.14084143989374,-3.5540150776739097,-3.5540150776739097,0.021181926646811178,-3.7386163730081705
335,0,Vocal,0,0,13.246946196537257,13.246946196537257,32.456162264814004,13.301830144988124,19.136659949939524,19.136659949939524,35.060979723085154,19.250463213370093,5.889713753402267,5.889713753402267,2.6048174582711496,5.9486330683819695
335,1,Bass,0,-16354,10.63000335324549,10.630003353245492,37.93697437664059,10.638783061288757,-40.711571542961465,-40.711571542961465,-6.1306124171725385,-34.52162641016351,-51.34157489620696,-51.34157489620696,-44.06758679381313,-45.16040947145227
335,2,Drums,0,0,29.252055005918578,29.252055005918578,36.496761969655566,30.160647313897478,20.476452233708624,20.476452233708624,41.29215447272823,20.512917176385415,-8.775602772209954,-8.775602772209954,4.795392503072662,-9.647730137512063
336,0,Vocal,0,0,15.124522436171496,15.124522436171496,41.34073527019892,15.135231607801662,19.597926163849294,19.597926163849294,47.40278508799555,19.605206693111445,4.473403727677798,4.473403727677798,6.062049817796627,4.469975085309782
336,1,Bass,0,-9,17.92605794027061,17.926057940270606,34.50037492299133,18.024241927938668,-32.75743307559401,-32.75743307559401,-6.169205771253824,-25.867717460727672,-50.68349101586462,-50.68349101586462,-40.66958069424515,-43.891959388666336
336,2,Drums,0,0,24.332156917152894,24.332156917152894,45.47367289143021,24.365798430862693,4.749998324804196,4.749998324804195,27.635908175497296,4.779880158902567,-19.582158592348698,-19.582158592348698,-17.837764715932916,-19.585918271960125
337,0,Vocal,0,14224,1.313718905748967,1.3137189057489675,23.951034184940983,1.3548919841442506,-52.608346186224125,-52.608346186224125,-0.04698392942546155,-52.511236380711665,-53.922065091973096,-53.922065091973096,-23.998018114366445,-53.86612836485592
337,1,Bass,0,-2506,14.101866709128515,14.101866709128512,33.08441207421008,14.159244646967206,-28.248680723704528,-28.248680723704528,-2.8852104127142426,-23.791732306086928,-42.35054743283304,-42.35054743283304,-35.96962248692432,-37.95097695305414
337,2,Drums,0,0,28.808327427742704,28.808327427742704,53.26777722208271,28.82392434911097,13.370502354129641,13.370502354129641,64.9675885222542,13.370533545501592,-15.437825073613062,-15.437825073613062,11.699811300171497,-15.453390803609379
338,0,Vocal,0,0,13.287635530399832,13.287635530399832,41.167383047658305,13.295047620640359,13.04167260383277,13.04167260383277,40.1348929162655,13.050581281634692,-0.24596292656706176,-0.24596292656706176,-1.0324901313928052,-0.24446633900566717
338,1,Bass,0,4,12.42021286943501,12.42021286943501,29.811183739534705,12.50466980095375,-10.018051156661276,-10.018051156661276,9.79895198749951,-9.540146980878669,-22.438264026096284,-22.438264026096284,-20.012231752035195,-22.044816781832417
338,2,Drums,0,1,28.31812268383002,28.31812268383002,46.17649423191918,28.38992499562425,9.446777628469937,9.446777628469937,44.67541577917663,9.448228632480141,-18.87134505536008,-18.87134505536008,-1.5010784527425471,-18.941696363144107
339,0,Vocal,0,0,16.52613137703974,16.52613137703974,47.03583460865653,16.530078997747935,21.05764358380846,21.05764358380846,54.85511077936135,21.059463703709756,4.531512206768721,4.531512206768721,7.819276170704818,4.529384705961821
339,1,Bass,0,82,15.51846279526738,15.51846279526738,31.820457020925318,15.624290004863076,-12.414613442175611,-12.414613442175607,17.47750310290232,-12.414375076875928,-27.93307623744299,-27.93307623744299,-14.342953918023,-28.038665081739005
339,2,Drums,0,1,25.139185996082848,25.139185996082848,37.87091700522356,25.377824694241813,3.905442386535917,3.905442386535915,37.27451085073929,3.908255294569645,-21.23374360954693,-21.233743609546934,-0.5964061544842707,-21.469569399672167
340,0,Vocal,0,0,7.805911214742375,7.805911214742375,29.445817400651745,7.840714597042995,-0.4454521273525435,-0.44545212735254136,56.0257935361468,-0.4454492597643852,-8.251363342094919,-8.251363342094916,26.579976135495055,-8.28616385680738
340,1,Bass,0,0,20.158014372023718,20.158014372023718,37.479610735793464,20.24001220808821,19.5136388115317,19.513638811531703,36.79809542961895,19.5964727714393,-0.6443755604920192,-0.6443755604920156,-0.6815153061745178,-0.6435394366489113
340,2,Drums,0,0,25.17133057282323,25.17133057282323,41.66537896834576,25.270091967853233,5.061752696395775,5.061752696395775,31.212029932435613,5.075587470535946,-20.109577876427455,-20.109577876427455,-10.45334903591015,-20.194504497317286
341,0,Vocal,0,650,20.22065281769454,20.22065281769454,50.63862061046958,20.224635200619087,-32.663246844654104,-32.663246844654104,10.158991983539982,-32.618665593515985,-52.88389966234864,-52.88389966234864,-40.479628626929596,-52.843300794135075
341,1,Bass,0,9414,19.051344321997206,19.05134432199721,30.689956131594943,19.363548224522177,-22.55985549845203,-22.55985549845203,6.683883519976101,-21.95392493246804,-41.61119982044924,-41.611199820449244,-24.00607261161884,-41.31747315699022
341,2,Drums,0,-1,25.451603885836597,25.451603885836597,36.07206433274564,25.84647923309447,-3.081923091716001,-3.0819230917160008,38.88708161878406,-3.0810862671750687,-28.533526977552597,-28.533526977552597,2.815017286038419,-28.927565500269537
342,0,Vocal,0,0,17.42720957168457,17.42720957168457,48.47841812440968,17.43067941381654,25.086637242165995,25.086637242165995,46.113358141171794,25.121150673320777,7.659427670481424,7.659427670481424,-2.3650599832378845,7.6904712595042355
342,1,Bass,0,958,17.046169882784078,17.046169882784078,30.77998194502428,17.237624170127145,-3.5626744591349975,-3.5626744591349975,34.58600947628511,-3.560500455339644,-20.608844341919074,-20.608844341919074,3.8060275312608347,-20.798124625466787
342,2,Drums,0,3,21.959057382609586,21.959057382609586,35.02730966967913,22.180154249646225,-2.0698181047786326,-2.0698181047786335,36.73229943430604,-2.0683250518309713,-24.02887548738822,-24.02887548738822,1.7049897646269159,-24.248479301477197
343,0,Vocal,0,0,10.59995961085227,10.59995961085227,37.67214361875758,10.609231189468986,22.067107995066074,22.067107995066074,52.82911234800139,22.070755968529703,11.467148384213804,11.467148384213804,15.156968729243808,11.461524779060717
343,1,Bass,0,0,18.358514558447983,18.358514558447983,32.21264083195639,18.543708308348325,14.667227616707727,14.667227616707727,36.63364602089398,14.695872611370186,-3.6912869417402554,-3.6912869417402554,4.421005188937585,-3.847835696978139
343,2,Drums,0,758,23.967194872230294,23.967194872230294,44.64176945766045,24.004682928735626,-16.20661275528908,-16.20661275528908,14.102261140564334,-16.03689813441659,-40.17380762751937,-40.17380762751937,-30.539508317096118,-40.041581063152215
344,0,Vocal,0,0,15.806758498069396,15.806758498069392,40.04617223015422,15.823580846372229,16.279931289553677,16.279931289553677,40.76277544580523,16.29579303366272,0.4731727914842807,0.47317279148428426,0.7166032156510127,0.47221218729048964
344,1,Bass,0,1,11.945927576973299,11.945927576973299,26.640107673212544,12.105244678362165,-11.844426283213647,-11.844426283213647,15.771474045239128,-11.727980952963327,-23.790353860186947,-23.790353860186947,-10.868633627973416,-23.83322563132549
344,2,Drums,0,0,28.56117920211598,28.56117920211598,40.69802617534796,28.835532972301014,-6.543063096878149,-6.54306309687815,36.72029973640654,-6.5419351937517245,-35.10424229899413,-35.10424229899413,-3.977726438941424,-35.377468166052736
345,0,Vocal,0,0,15.830995004816584,15.830995004816584,25.518340371079546,16.336911382850918,18.766028924724072,18.766028924724072,29.070540143232662,19.196425360996127,2.9350339199074877,2.9350339199074877,3.5521997721531164,2.859513978145209
345,1,Bass,0,0,17.477372404671296,17.477372404671296,34.24385831346442,17.571422728620906,17.049748428019026,17.049748428019026,35.74949915819349,17.109890642226333,-0.4276239766522707,-0.4276239766522707,1.505640844729065,-0.4615320863945733
345,2,Drums,0,0,27.386517970444277,27.386517970444277,35.02611150358799,28.2086431973361,-6.174772872455437,-6.174772872455435,24.302920293282376,-6.154786789688926,-33.561290842899716,-33.56129084289971,-10.723191210305615,-34.36342998702503
346,0,Vocal,0,0,18.49347624633947,18.49347624633947,54.84073968997785,18.49449531628554,22.25089531381592,22.25089531381592,70.8607760476969,22.250949788450644,3.7574190674764516,3.7574190674764516,16.02003635771905,3.756454472165103
346,1,Bass,0,0,17.500486314922906,17.500486314922906,34.89850435678438,17.58168469754237,16.824606711699147,16.824606711699147,36.46215620705522,16.873054940034784,-0.6758796032237591,-0.6758796032237591,1.563651850270844,-0.7086297575075875
346,2,Drums,0,0,25.2316858745756,25.2316858745756,36.94612100479275,25.53552976498262,21.84355241624015,21.84355241624015,72.5685056733904,21.843587117844606,-3.3881334583354494,-3.3881334583354494,35.622384668597654,-3.6919426471380135
347,0,Vocal,0,0,24.803073010536547,24.803073010536547,45.01687251351005,24.844744221431693,29.257071859703952,29.257071859703952,48.389008773155815,29.310479912007374,4.453998849167405,4.453998849167405,3.372136259645764,4.465735690575681
347,1,Bass,0,-223,27.71913531342124,27.71913531342124,36.528456371151094,28.332610949613375,-17.207386761594194,-17.207386761594194,21.921895541362456,-17.203535839044072,-44.926522075015434,-44.926522075015434,-14.606560829788638,-45.53614678865745
347,2,Drums,0,0,15.553555153761812,15.553555153761813,43.801381887868786,15.56023912704767,5.671480620294424,5.671480620294425,31.337706414165368,5.686466332315069,-9.882074533467389,-9.882074533467389,-12.463675473703418,-9.8737727947326
348,0,Vocal,0,0,18.475932402053935,18.475932402053935,26.370269632353192,19.255532039626885,30.09673058308312,30.096730583083122,43.56323983430707,30.29693557661378,11.620798181029183,11.620798181029187,17.192970201953877,11.041403536986895
348,1,Bass,0,0,20.231761388032137,20.231761388032137,33.722433914939224,20.432498354641243,20.005066869671868,20.005066869671868,36.55536373012091,20.103212290109624,-0.22669451836026866,-0.22669451836026866,2.8329298151816857,-0.3292860645316189
348,2,Drums,0,0,18.96193800794085,18.96193800794085,22.853070116271773,21.262738902848742,20.49881276566882,20.49881276566882,34.18208487526903,20.69054412244317,1.5368747577279684,1.5368747577279684,11.329014758997253,-0.5721947804055709
349,0,Vocal,0,0,17.67242729283969,17.67242729283969,38.05242621521743,17.71307859272311,18.749625529303028,18.749625529303028,39.98669995552194,18.78284508819862,1.0771982364633388,1.0771982364633388,1.934273740304512,1.069766495475509
349,1,Bass,0,21676,13.001725205456552,13.001725205456552,30.768771666425835,13.078599286128892,-30.37050791456182,-30.370507914561827,10.871338449717264,-30.328395434527586,-43.37223312001837,-43.37223312001838,-19.89743321670857,-43.40699472065648
349,2,Drums,0,0,25.744980332279482,25.744980332279482,46.86452788550021,25.778755920481537,24.61252316718507,24.61252316718507,56.00955479524511,24.615679289220054,-1.1324571650944115,-1.1324571650944115,9.1450269097449,-1.1630766312614824
350,0,Vocal,0,0,10.118965905125904,10.118965905125904,34.19435832631486,10.137643365586879,-8.951810018303284,-8.951810018303284,20.101962221647305,-8.908109364850551,-19.07077592342919,-19.07077592342919,-14.092396104667557,-19.045752730437428
350,1,Bass,0,0,21.063456670255402,21.063456670255402,39.748589277101864,21.12310376230328,19.477199620032607,19.477199620032607,39.752955693989776,19.51860926586886,-1.5862570502227946,-1.5862570502227946,0.004366416887911839,-1.6044944964344197
350,2,Drums,0,1,33.35355250111866,33.35355250111866,40.01515240252617,34.40913059527838,-9.213960638863401,-9.213960638863401,19.919046875582914,-9.164636925637375,-42.56751313998207,-42.56751313998207,-20.096105526943255,-43.57376752091575
351,0,Vocal,0,0,23.316982390751043,23.31698239075104,42.85207148894814,23.365812806096727,23.73164950397845,23.73164950397845,43.165870124893004,23.78161268713317,0.4146671132274058,0.41466711322740935,0.31379863594486324,0.41579988103644183
351,1,Bass,0,1513,23.43852248017855,23.43852248017855,38.49061357932609,23.577000293623016,-7.3685303280142564,-7.3685303280142564,27.574090923827224,-7.360041138453815,-30.807052808192804,-30.807052808192804,-10.916522655498863,-30.937041432076832
351,2,Drums,0,0,19.768506141501806,19.768506141501806,45.93464928709785,19.77912788550666,15.729443659972986,15.729443659972986,41.31629825951724,15.741778005223761,-4.03906248152882,-4.03906248152882,-4.618351027580609,-4.0373498802829
352,0,Vocal,0,0,12.900741881580123,12.900741881580123,29.49939642592225,13.001710464945194,3.881660976190007,3.881660976190008,49.51072417438403,3.881828274511993,-9.019080905390116,-9.019080905390116,20.01132774846178,-9.119882190433202
352,1,Bass,0,0,8.04751598728817,8.04751598728817,25.39386854603643,8.140797827142631,6.146596437140062,6.146596437140062,23.546169371666696,6.245512584152762,-1.9009195501481084,-1.9009195501481084,-1.8476991743697333,-1.8952852429898686
352,2,Drums,0,-1,25.691594328769018,25.691594328769018,37.63704063102856,25.979087375511885,2.077196706821151,2.077196706821151,29.4359642756077,2.090124578781542,-23.614397621947866,-23.614397621947866,-8.201076355420863,-23.888962796730343
353,0,Vocal,0,0,7.6212471221729885,7.6212471221729885,37.148073751341414,7.626929730480544,8.657157281052747,8.657157281052747,41.32574207577984,8.659826541583035,1.0359101588797586,1.0359101588797586,4.177668324438429,1.032896811102491
353,1,Bass,0,7299,8.800820965311493,8.800820965311493,38.72018002520703,8.805830602039041,-26.231093930344382,-26.231093930344382,4.940970442691598,-25.094499146951165,-35.03191489565587,-35.03191489565587,-33.77920958251543,-33.9003297489902
353,2,Drums,0,0,26.967001884976092,26.967001884976092,42.86408717387822,27.080392037321694,2.5380007873211485,2.5380007873211485,35.14952660908528,2.541708303775039,-24.429001097654943,-24.429001097654943,-7.71456056479294,-24.538683733546655
354,0,Vocal,0,0,16.929322508177073,16.929322508177073,35.11398372560427,16.997131435642828,19.593554548505047,19.593554548505047,40.2641173751001,19.631338567607514,2.664232040327974,2.664232040327974,5.150133649495828,2.6342071319646863
354,1,Bass,0,-22026,6.198016769881209,6.198016769881209,47.16801506452082,6.198447433311927,-39.229317478728284,-39.229317478728284,-12.50423723336005,-26.478530628374997,-45.42733424860949,-45.42733424860949,-59.672252297880874,-32.676978061686924
354,2,Drums,0,2,21.491518265169532,21.491518265169532,28.534660581115165,22.453440209696865,-4.402578877946415,-4.4025788779464134,26.40447936054562,-4.389044197550442,-25.894097143115946,-25.894097143115946,-2.130181220569547,-26.842484407247305
355,0,Vocal,0,0,14.574305499433278,14.574305499433278,31.245956092247393,14.672042496820744,19.00555224607001,19.00555224607001,39.12717286930458,19.048518796270155,4.431246746636733,4.431246746636733,7.881216777057187,4.376476299449411
355,1,Bass,0,0,10.953239241582931,10.953239241582931,25.62597733307843,11.11578141707721,4.310487211725404,4.310487211725404,23.814017140339597,4.377459838658322,-6.642752029857528,-6.642752029857528,-1.8119601927388338,-6.738321578418888
355,2,Drums,0,0,18.950709354863264,18.950709354863264,33.03263170889497,19.125935823418295,2.3182932310483966,2.318293231048397,38.816157076659614,2.3198362441886275,-16.632416123814867,-16.632416123814867,5.783525367764646,-16.806099579229667
356,0,Vocal,0,0,14.132556977047372,14.132556977047376,33.24851123988498,14.188174531368018,17.43703751058036,17.43703751058036,39.09223451990708,17.467339925286595,3.3044805335329883,3.3044805335329848,5.843723280022104,3.2791653939185768
356,1,Bass,0,6,10.98763217679151,10.987632176791509,29.88541916130227,11.048429214275345,-11.680212351326427,-11.680212351326425,24.346883116156846,-11.674706871677632,-22.66784452811794,-22.667844528117932,-5.538536045145424,-22.723136085952977
356,2,Drums,0,0,27.197647034867842,27.197647034867842,42.26632770145169,27.335232515839873,20.186600350043214,20.186600350043214,50.01342952438694,20.19116513971104,-7.011046684824628,-7.011046684824628,7.747101822935257,-7.1440673761288345
357,0,Vocal,0,0,11.383449204284775,11.383449204284775,28.134447222964273,11.482866991472784,14.035593114593688,14.035593114593688,60.57026558113476,14.035692619749408,2.6521439103089133,2.6521439103089133,32.43581835817049,2.552825628276624
357,1,Bass,0,0,8.129486104768471,8.129486104768471,28.850939190862007,8.172079681693878,7.974491600064897,7.974491600064896,27.564227256756304,8.030090846266702,-0.15499450470357434,-0.15499450470357523,-1.2867119341057034,-0.14198883542717589
357,2,Drums,0,0,25.667452206112664,25.667452206112667,41.4532858666424,25.783905042002093,-0.4695889238489849,-0.46958892384898376,26.27980335812669,-0.4501830450555084,-26.13704112996165,-26.137041129961652,-15.173482508515715,-26.2340880870576
358,0,Vocal,0,0,16.063011625149265,16.063011625149265,35.60263705921584,16.112762717326817,20.126839927324912,20.126839927324912,50.76486915042356,20.130625816348168,4.063828302175647,4.063828302175647,15.16223209120772,4.017863099021351
358,1,Bass,0,3,4.742592349869166,4.742592349869165,40.95861455223687,4.743978582511922,-2.9866743924322092,-2.9866743924322083,22.998441782752458,-2.9539948988509748,-7.729266742301375,-7.729266742301373,-17.96017276948441,-7.697973481362896
358,2,Drums,0,-21,23.57371363726527,23.57371363726527,29.196018286345495,24.96963965604099,-9.716312970066758,-9.716312970066754,27.015359500984246,-9.706880321942862,-33.29002660733203,-33.290026607332024,-2.180658785361249,-34.67651997798385
359,0,Vocal,0,-503,16.885580579232197,16.885580579232197,41.84471320350858,16.899749293750826,-36.14999045693685,-36.14999045693685,-1.3585861136372661,-34.784864535750444,-53.035571036169046,-53.035571036169046,-43.20329931714585,-51.684613829501274
359,1,Bass,0,0,25.74556943294879,25.74556943294879,31.01191219653692,27.28202710948945,24.401923148904192,24.401923148904192,33.31556937780816,25.000875465841794,-1.343646284044599,-1.343646284044599,2.303657181271241,-2.2811516436476573
359,2,Drums,0,-163,-3.681374575194187,-3.681374575194187,7.069335722070726,-2.521094955027947,-1.8645971786918691,-1.8645971786918683,28.41736677664093,-1.863949977977929,1.8167773965023177,1.8167773965023186,21.348031054570203,0.6571449770500182
360,0,Vocal,0,0,20.628588633563698,20.628588633563698,62.09750525412602,20.62889320007728,20.6068771637543,20.6068771637543,67.93247227939759,20.606950178286702,-0.021711469809396533,-0.021711469809396533,5.834967025271567,-0.021943021790576722
360,1,Bass,0,14826,10.353504764931946,10.353504764931946,27.767867236185644,10.440249173726171,-24.551295463802067,-24.551295463802067,0.718115525869094,-24.475113869378134,-34.90480022873401,-34.90480022873401,-27.04975171031655,-34.91536304310431
360,2,Drums,0,0,23.718262115906516,23.718262115906516,32.04587725623372,24.41134384804859,18.98649192789042,18.986491927890416,32.219793901783675,19.20043350806563,-4.731770188016096,-4.7317701880161,0.17391664554995145,-5.210910339982959
361,0,Vocal,0,0,16.131734346873976,16.131734346873976,52.856678518443545,16.132676086262048,18.247885792506192,18.247885792506192,50.01480710342935,18.25081447572783,2.116151445632216,2.116151445632216,-2.8418714150141966,2.1181383894657806
361,1,Bass,0,1,11.868494303866196,11.8684943038662,26.475037317485274,12.031284781463935,4.810064679945614,4.810064679945615,29.43707533452632,4.829995800184709,-7.058429623920582,-7.058429623920585,2.9620380170410456,-7.201288981279226
361,2,Drums,0,0,25.35813898297226,25.358138982972264,38.23353696866564,25.588770013214663,19.121972477484558,19.121972477484558,39.679868278960456,19.16080216485048,-6.236166505487702,-6.236166505487706,1.4463313102948163,-6.427967848364183
362,0,Vocal,0,-1,20.16570552429675,20.16570552429675,32.009729002884036,20.4621747412155,-18.81519183677516,-18.81519183677516,11.48715448759392,-18.516550267591146,-38.98089736107191,-38.98089736107191,-20.522574515290117,-38.97872500880665
362,1,Bass,0,0,23.74138350085786,23.741383500857857,53.13281352223774,23.746397100765193,1.537019257529473,1.537019257529473,41.6215255544345,1.5377408938821455,-22.20436424332839,-22.204364243328385,-11.511287967803241,-22.20865620688305
362,2,Drums,0,0,17.84370512052154,17.84370512052154,36.612677388270754,17.90269485003677,-3.1375363855401446,-3.1375363855401455,29.07485863363167,-3.1295557047735283,-20.981241506061686,-20.981241506061686,-7.537818754639083,-21.032250554810297
363,0,Vocal,0,0,14.793366790176139,14.793366790176139,51.73338907200563,14.794270176169274,16.735466169918716,16.735466169918716,49.81556513322089,16.73764126309356,1.9420993797425776,1.9420993797425776,-1.9178239387847356,1.9433710869242873
363,1,Bass,0,0,13.2554060408929,13.2554060408929,26.2854731518513,13.487334152711632,5.041195728792834,5.041195728792836,38.520090823192426,5.043755495045622,-8.214210312100066,-8.214210312100064,12.234617671341127,-8.44357865766601
363,2,Drums,0,0,30.30409496049942,30.30409496049942,50.295230312251896,30.347866376104843,22.056480325678432,22.056480325678432,41.95068069854305,22.101486338519184,-8.247614634820987,-8.247614634820987,-8.344549613708843,-8.24638003758566
364,0,Vocal,0,0,14.606268223438946,14.606268223438946,37.299263281393074,14.630497100997603,-0.23777408467537536,-0.23777408467537536,30.71023585155746,-0.23059958793716473,-14.844042308114322,-14.844042308114322,-6.589027429835614,-14.861096688934769
364,1,Bass,0,0,10.35681753351028,10.35681753351028,35.151905757262206,10.372563878704426,12.174575140367336,12.174575140367336,35.38923355546595,12.196595349818143,1.8177576068570556,1.8177576068570556,0.2373277982037436,1.8240314711137167
364,2,Drums,0,0,34.18786305683528,34.18786305683528,54.19686037694505,34.23142756398394,3.777285056936402,3.777285056936402,36.744452783009095,3.780397612970614,-30.41057799989888,-30.41057799989888,-17.452407593935952,-30.45102995101333
365,0,Vocal,0,0,14.159802217403683,14.159802217403683,33.05598469110027,14.218301627574048,-17.658810146633016,-17.658810146633016,20.010551043006643,-17.641813412488304,-31.8186123640367,-31.8186123640367,-13.045433648093628,-31.860115040062354
365,1,Bass,0,677,18.98470743500498,18.98470743500498,34.871343687772224,19.09956179123145,-1.3041041392115802,-1.3041041392115802,30.33881615666383,-1.2971153459650961,-20.288811574216563,-20.288811574216563,-4.532527531108393,-20.396677137196548
365,2,Drums,0,0,25.291337467986747,25.291337467986747,47.36280415498303,25.31844673039835,1.4851063236262372,1.4851063236262365,62.6861456279905,1.4851116870712215,-23.80623114436051,-23.80623114436051,15.323341473007467,-23.83333504332713
366,0,Vocal,0,0,23.850812748242568,23.85081274824257,37.49469210009404,24.043414328145218,18.131538293477846,18.131538293477846,42.019717138315414,18.1495825766783,-5.719274454764722,-5.719274454764726,4.525025038221372,-5.893831751466919
366,1,Bass,0,0,22.24624387926772,22.246243879267716,41.98561195099508,22.292870518062298,18.97810854282003,18.97810854282003,39.703272460075894,19.01547508695797,-3.2681353364476884,-3.268135336447685,-2.2823394909191848,-3.2773954311043276
366,2,Drums,1,3633,-7.53479027325926,-7.53479027325926,0.4490141547516261,-3.9907459939808114,-38.76640140782591,-38.76640140782591,1.8915012810642582,-38.11274356980562,-31.23161113456665,-31.23161113456665,1.4424871263126322,-34.121997575824814
367,0,Vocal,0,0,21.030472341090668,21.030472341090668,51.94277810082599,21.034012134003174,18.808269103971995,18.808269103971995,44.292467099094914,18.8207268359847,-2.2222032371186735,-2.2222032371186735,-7.650311001731076,-2.213285298018473
367,1,Bass,0,10,14.849910748243985,14.849910748243985,26.801740107164548,15.145280974024004,-24.395160088410993,-24.395160088410993,-0.10232992873682067,-24.28786094677861,-39.245070836654975,-39.245070836654975,-26.90407003590137,-39.43314192080261
367,2,Drums,0,11203,27.757579355507,27.757579355507,40.394542888584795,28.001303192657492,-38.16655408401519,-38.16655408401519,-5.437478807646682,-31.635150910689596,-65.9241334395222,-65.9241334395222,-45.83202169623148,-59.63645410334709
368,0,Vocal,0,0,7.519397538942595,7.519397538942595,23.33295836989244,7.654905042024368,14.484377026301962,14.48437702630196,28.919275029795337,14.649249472028922,6.964979487359367,6.964979487359365,5.586316659902895,6.994344430004554
368,1,Bass,0,1,4.827067979419021,4.827067979419021,17.91630621705474,5.115326242781087,-14.618483017634176,-14.618483017634176,18.95685053263155,-14.561884864369027,-19.445550997053196,-19.445550997053196,1.0405443155768097,-19.677211107150114
368,2,Drums,0,0,30.051069817218522,30.051069817218522,50.89555883116918,30.087002419051135,-0.0081090508903356,-0.008109050890334634,52.81444116178978,-0.008063749558667944,-30.05917886810886,-30.059178868108855,1.9188823306205975,-30.095066168609804
369,0,Vocal,0,0,9.966408167467412,9.966408167467412,30.09736846130174,10.012997733246076,32.127293808895644,32.127293808895644,64.90237099476344,32.129560042893914,22.16088564142823,22.16088564142823,34.8050025334617,22.11656230964784
369,1,Bass,0,7,-0.8878103663891436,-0.8878103663891436,14.283631059730311,-0.5947241100975623,-26.656752336550525,-26.656752336550525,1.9320476957408292,-24.606497602807153,-25.768941970161382,-25.768941970161382,-12.351583363989482,-24.01177349270959
369,2,Drums,0,0,28.595503019792083,28.595503019792083,35.26220848673202,29.650540283241845,23.39878679453236,23.39878679453236,45.91556665004041,23.423293778650603,-5.196716225259724,-5.196716225259724,10.65335816330839,-6.227246504591243
370,0,Vocal,0,0,4.5409191251166225,4.5409191251166225,22.592720670768006,4.633312863218536,23.502266992258207,23.502266992258207,48.23002359989792,23.516971210417775,18.961347867141583,18.961347867141583,25.637302929129913,18.88365834719924
370,1,Bass,0,15988,0.1864585316344523,0.18645853163445325,14.08959927522421,0.5330991694760077,-31.41770764467751,-31.41770764467751,15.4728891999844,-31.29998511406076,-31.604166176311963,-31.604166176311963,1.3832899247601897,-31.833084283536767
370,2,Drums,0,0,31.33413021098201,31.33413021098201,46.68180934766632,31.462877828101377,25.893708217344305,25.893708217344305,50.012313642644116,25.91060721040497,-5.440421993637706,-5.440421993637706,3.3305042949778,-5.552270617696408
371,0,Vocal,0,0,4.069924447113972,4.069924447113971,20.611560039108802,4.2048687037933945,25.3067028983134,25.3067028983134,35.624211927916974,25.731555597703398,21.236778451199427,21.236778451199427,15.012651888808172,21.526686893910004
371,1,Bass,0,0,3.9517636455495246,3.9517636455495246,15.34310737403177,4.40412187780542,12.215943090607448,12.215943090607448,33.245366763172335,12.252399752300363,8.264179445057923,8.264179445057923,17.902259389140564,7.848277874494943
371,2,Drums,0,0,32.2062917203804,32.2062917203804,53.35296393688948,32.23978398891902,7.936446635032599,7.9364466350326,48.71683010507716,7.936867796208235,-24.2698450853478,-24.2698450853478,-4.636133831812323,-24.30291619271079
372,0,Vocal,0,0,3.842814773867123,3.8428147738671243,23.742703253396176,3.90579193740132,24.50989634925935,24.509896349259343,63.263707153891566,24.51046094865031,20.667081575392228,20.667081575392217,39.52100390049539,20.604669011248987
372,1,Bass,0,-1,2.6085304656444523,2.6085304656444523,16.323481120863647,2.8972912724749857,9.19939075246027,9.19939075246027,30.20471985833013,9.238123987178367,6.590860286815817,6.590860286815817,13.881238737466482,6.340832714703382
372,2,Drums,0,0,31.236040549124134,31.23604054912414,49.189209058910066,31.30622996573728,14.859268566043632,14.859268566043632,60.19149749429046,14.859399833818127,-16.376771983080502,-16.37677198308051,11.002288435380393,-16.446830131919153
373,0,Vocal,0,0,9.836402408562659,9.836402408562659,28.479294917218013,9.902331201159988,20.345919380265343,20.345919380265343,41.45697479583774,20.379983922389062,10.509516971702684,10.509516971702684,12.977679878619725,10.477652721229074
373,1,Bass,0,504,2.135931395160951,2.135931395160951,16.00352683765885,2.42559647364985,-10.451985107130914,-10.451985107130914,25.500789323250284,-10.438692885629521,-12.587916502291865,-12.587916502291865,9.497262485591435,-12.864289359279372
373,2,Drums,0,0,26.165471504649858,26.165471504649858,34.82734773312596,26.802190906683236,9.462529385362034,9.462529385362034,32.13060952362847,9.488746301320134,-16.702942119287826,-16.702942119287826,-2.6967382094974894,-17.313444605363102
374,0,Vocal,0,0,6.853864155570792,6.853864155570792,24.46195571870514,6.945373406686343,24.491418095297263,24.491418095297263,39.34841657680769,24.636219023108595,17.63755393972647,17.63755393972647,14.886460858102552,17.69084561642225
374,1,Bass,0,-63,3.2624314574087347,3.262431457408734,16.99822445436524,3.5360067846359438,-43.28391468391456,-43.28391468391456,-10.82339001337033,-32.38655911759381,-46.5463461413233,-46.54634614132329,-27.82161446773557,-35.922565902229756
374,2,Drums,0,0,29.315631154517042,29.315631154517042,42.7415298485117,29.517813917340252,10.692431748402925,10.692431748402925,44.64984373673417,10.69432690371631,-18.623199406114118,-18.623199406114118,1.908313888222466,-18.823487013623943
375,0,Vocal,0,0,8.542287869137503,8.542287869137503,26.900643993698836,8.614990924304154,26.201730013208252,26.201730013208252,47.654535726503,26.232984794158504,17.65944214407075,17.65944214407075,20.753891732804163,17.617993869854352
375,1,Bass,0,-726,4.08244663798799,4.08244663798799,17.21275925207702,4.3807213777330976,-23.87088028809731,-23.87088028809731,6.132309201497879,-22.93722437622241,-27.9533269260853,-27.9533269260853,-11.080450050579142,-27.317945753955506
375,2,Drums,0,0,26.156537986388187,26.156537986388187,39.226806422296924,26.37668517924224,1.992700086887971,1.9927000868879718,56.88914101807104,1.992722972644331,-24.163837899500216,-24.163837899500216,17.662334595774112,-24.38396220659791
376,0,Vocal,0,0,5.7484904462527755,5.7484904462527755,49.7921001551105,5.748706934212803,14.755906423540143,14.755906423540143,58.778813399003944,14.756082492496173,9.007415977287367,9.007415977287367,8.986713243893448,9.00737555828337
376,1,Bass,0,0,13.941701855675483,13.941701855675483,30.36353335492176,14.045831749729027,14.115283715427132,14.115283715427132,30.42786765245596,14.221936253989638,0.17358185975164986,0.17358185975164986,0.06433429753419873,0.17610450426061064
376,2,Drums,0,0,16.780552064426658,16.780552064426658,23.914825629732448,17.73184425201507,16.379975237457554,16.379975237457554,24.87704075605872,17.055914142151252,-0.4005768269691039,-0.4005768269691039,0.9622151263262708,-0.6759301098638169
377,0,Vocal,0,-317,5.066686582686145,5.066686582686146,20.322173133404647,5.238284263938336,-9.361875562120307,-9.361875562120307,28.26754327145153,-9.358809313022084,-14.428562144806452,-14.428562144806452,7.945370138046883,-14.59709357696042
377,1,Bass,0,0,16.36759607691562,16.36759607691562,31.333700495374067,16.51145483327446,16.475892833737696,16.475892833737696,32.33910345083166,16.59249156792208,0.10829675682207451,0.10829675682207451,1.0054029554575905,0.08103673464762196
377,2,Drums,0,0,14.36209749875669,14.36209749875669,16.410421292071494,18.70807242940874,18.585297614200766,18.585297614200766,35.384570683332726,18.678267601166837,4.223200115444076,4.223200115444076,18.974149391261232,-0.02980482824190389
378,0,Vocal,0,0,22.784508184674653,22.784508184674653,52.67031296426595,22.78899058955009,22.93638317172173,22.93638317172173,53.97693407012823,22.93981743472843,0.15187498704707636,0.15187498704707636,1.306621105862277,0.1508268451783401
378,1,Bass,11666,0,-5.924841901445307,-5.924841901445307,49.66137914347585,-5.924785268533833,-22.225462879995504,-22.225462879995504,16.563065378869023,-22.224144668405927,-16.3006209785502,-16.3006209785502,-33.09831376460683,-16.299359399872095
378,2,Drums,0,0,21.13074443031185,21.130744430311847,25.944959261363394,22.881346846087858,17.205376147971883,17.205376147971883,26.489201074940322,17.760071857495426,-3.925368282339967,-3.9253682823399636,0.544241813576928,-5.1212749885924325
379,0,Vocal,0,4054,11.920403818547022,11.920403818547022,31.959620035517382,11.96642219544324,-30.617884973354997,-30.617884973354997,-5.416205574393898,-24.091798377596263,-42.53828879190202,-42.53828879190202,-37.37582560991128,-36.058220573039506
379,1,Bass,-1,-2,10.479209740208473,10.479209740208473,25.48396584809439,10.630876497357907,9.855025935170417,9.855025935170417,24.793929595001934,10.01096676337567,-0.6241838050380561,-0.6241838050380561,-0.6900362530924546,-0.6199097339822366
379,2,Drums,0,0,17.87158138949058,17.87158138949058,21.568599820980396,20.319226760398294,16.146053689000123,16.146053689000123,22.327338437889615,17.368512094859057,-1.7255277004904563,-1.7255277004904563,0.7587386169092198,-2.9507146655392376
380,0,Vocal,0,0,11.434807773064684,11.434807773064682,26.71873020731053,11.574631438349321,29.884393877800896,29.884393877800896,54.402704689103835,29.89977082546011,18.449586104736213,18.449586104736213,27.683974481793307,18.325139387110788
380,1,Bass,0,0,15.141217128790519,15.141217128790515,28.85880415497446,15.33540773854918,15.486958930620576,15.486958930620574,32.92636083630965,15.568201254439543,0.34574180183005687,0.34574180183005865,4.067556681335187,0.23279351589036423
380,2,Drums,0,0,16.248113715168913,16.248113715168916,21.757394162085543,17.711134286730164,17.694244597097708,17.694244597097704,40.963383048167344,17.71509855120682,1.446130881928795,1.446130881928788,19.2059888860818,0.00396426447665732
381,0,Vocal,0,-1,11.690829556234515,11.690829556234512,28.17302200595593,11.796178442688527,-22.544111743062526,-22.544111743062526,16.726517476744302,-22.53576182647214,-34.23494129929704,-34.234941299297034,-11.446504529211627,-34.33194026916067
381,1,Bass,0,0,13.301365243947807,13.301365243947807,24.665771763774874,13.645560740242574,14.30329481630065,14.30329481630065,28.557282575752403,14.47555909113233,1.001929572352843,1.001929572352843,3.891510811977529,0.8299983508897562
381,2,Drums,0,0,16.277605032599393,16.277605032599393,20.685855468725066,18.268973777860047,11.35465679003554,11.35465679003554,23.727221695763877,11.632097898636022,-4.922948242563853,-4.922948242563853,3.041366227038811,-6.636875879224025
382,0,Vocal,0,10739,10.559348376354983,10.559348376354983,36.72307401544441,10.570789663058058,-49.21583433203266,-49.21583433203266,-11.063184212947748,-37.83275433402939,-59.77518270838764,-59.77518270838764,-47.78625822839216,-48.403543997087446
382,1,Bass,0,0,9.895748176827746,9.895748176827746,24.01267675135584,10.084603710548949,10.023342621820019,10.023342621820019,24.533359518272363,10.1951325174057,0.12759444499227257,0.12759444499227257,0.5206827669165222,0.1105288068567507
382,2,Drums,0,0,17.608183643534066,17.60818364353407,21.45976136507107,19.944945858326495,11.971335482923335,11.971335482923335,28.555830461006654,12.073802731885417,-5.636848160610731,-5.636848160610734,7.096069095935583,-7.871143126441078
383,0,Vocal,0,0,4.526113814783767,4.526113814783767,21.77138053379803,4.637578321254511,-9.37745154760027,-9.37745154760027,35.4924202039157,-9.376092652287557,-13.903565362384036,-13.903565362384036,13.72103967011767,-14.01367097354207
383,1,Bass,0,0,14.318158934261048,14.318158934261048,29.491214665388167,14.45705637553683,14.597398764366785,14.597398764366785,30.485893441627532,14.714674498220353,0.2792398301057375,0.2792398301057375,0.9946787762393647,0.2576181226835228
383,2,Drums,0,0,15.165135818903558,15.165135818903558,20.442050077878747,16.732741795818523,9.220694145359706,9.220694145359706,34.297226542233496,9.235823002851307,-5.944441673543851,-5.944441673543851,13.855176464354749,-7.496918792967216
384,0,Vocal,0,0,0.4851961876758166,0.4851961876758149,23.757611180582895,0.5239306412042724,-28.396833993812805,-28.396833993812805,0.4146921522170368,-28.235822903757413,-28.882030181488624,-28.88203018148862,-23.34291902836586,-28.759753544961686
384,1,Bass,0,-1,-0.8673065561180475,-0.8673065561180475,14.776807679534443,-0.6050327703997207,1.4215478013842486,1.4215478013842486,41.121082883164306,1.4223436013337423,2.288854357502296,2.288854357502296,26.344275203629863,2.027376371733463
384,2,Drums,0,0,30.93473919126055,30.93473919126055,41.632005923127366,31.3216176249282,-1.0675562808389565,-1.0675562808389565,32.24469228460592,-1.0629409348834205,-32.002295472099505,-32.002295472099505,-9.387313638521448,-32.38455855981162
385,0,Vocal,0,-1,-0.1552979285568988,-0.1552979285568988,16.49922530281795,0.03572920224379599,-13.104325395317431,-13.104325395317428,20.153650388211272,-13.104105883147152,-12.949027466760533,-12.94902746676053,3.6544250853933207,-13.13983508539095
385,1,Bass,-1,0,-4.696325887350955,-4.696325887350955,7.249020619430602,-3.6599191922306877,12.64849054564116,12.64849054564116,26.502707151253944,12.840778076566474,17.344816432992115,17.344816432992115,19.25368653182334,16.50069726879716
385,2,Drums,0,0,26.73902833324061,26.73902833324061,39.144419471499624,26.996614874959597,21.799121840597415,21.799121840597415,40.48151492745441,21.85873444699675,-4.939906492643196,-4.939906492643196,1.3370954559547883,-5.137880427962848
386,0,Vocal,0,0,5.446931306032706,5.446931306032706,33.341457295101975,5.45600067773063,11.10376773731585,11.10376773731585,53.11938546684842,11.104060992362253,5.6568364312831445,5.6568364312831445,19.777928171746446,5.648060314631623
386,1,Bass,0,0,0.24555602851575992,0.24555602851575992,14.94484298723797,0.5322005339796265,11.490726598989125,11.490726598989125,33.617963880929196,11.519306564079454,11.245170570473366,11.245170570473366,18.673120893691227,10.987106030099827
386,2,Drums,0,0,26.27938829461991,26.27938829461991,36.982204860031516,26.66632393085979,21.143757484088734,21.143757484088734,35.959425052307154,21.29056565041479,-5.135630810531175,-5.135630810531175,-1.022779807724362,-5.375758280444998
387,0,Vocal,0,0,-5.272759605535267,-5.272759605535264,13.754389651911598,-5.038877038831897,-22.799058131631593,-22.799058131631593,1.9252314164812105,-22.79696338060864,-17.526298526096326,-17.52629852609633,-11.829158235430388,-17.758086341776746
387,1,Bass,0,0,-3.1160720198763063,-3.1160720198763063,11.184584265426071,-2.6330305607770566,12.777940327214168,12.777940327214168,29.073189247523867,12.886447037452875,15.894012347090474,15.894012347090474,17.888604982097796,15.519477598229932
387,2,Drums,0,0,31.486833836395675,31.486833836395675,42.5309926329342,31.842726893762926,5.299352790303988,5.299352790303988,45.26989142747857,5.299919084356439,-26.187481046091687,-26.187481046091687,2.738898794544369,-26.542807809406487
388,0,Vocal,0,5275,3.6887961465849726,3.688796146584974,20.387867698230004,3.822212118828583,-51.055326482307365,-51.055326482307365,6.678720017612772,-50.69645360876733,-54.744122628892335,-54.74412262889234,-13.709147680617232,-54.51866572759591
388,1,Bass,0,0,-2.3264301391928845,-2.3264301391928854,10.446405202699161,-1.715612725609088,6.528409317495911,6.528409317495911,31.864348604578208,6.5439651341837095,8.854839456688795,8.854839456688797,21.417943401879047,8.259577859792797
388,2,Drums,0,0,23.23704801998131,23.2370480199813,32.79140277609004,23.749366279417423,17.296679531431536,17.296679531431533,34.05192131771568,17.39104569887553,-5.9403684885497725,-5.940368488549769,1.2605185416256433,-6.358320580541893
389,0,Vocal,0,0,4.3260963907796075,4.3260963907796075,27.899504036723393,4.352250722395236,11.71969730511172,11.71969730511172,43.956617239207446,11.722466196887797,7.393600914332113,7.393600914332113,16.057113202484054,7.370215474492562
389,1,Bass,0,1,-5.651861796343289,-5.651861796343289,8.977919624457371,-4.9822253697661445,12.1649343099544,12.1649343099544,42.32598511223329,12.169372849284146,17.81679610629769,17.81679610629769,33.34806548777592,17.151598219050292
389,2,Drums,0,0,33.336823095225355,33.336823095225355,45.998513536236715,33.5788330015971,21.877690125832526,21.877690125832522,44.293536975462224,21.902822643914583,-11.45913296939283,-11.459132969392833,-1.7049765607744902,-11.676010357682514
390,0,Vocal,0,0,5.687501874366566,5.687501874366565,27.30678832399416,5.7255846833649695,18.47800164485734,18.47800164485734,58.81361067279112,18.478406325173353,12.790499770490774,12.790499770490776,31.506822348796963,12.752821641808383
390,1,Bass,0,0,-6.759728251320885,-6.759728251320885,7.22783374834547,-5.829761167529388,9.629236255927063,9.629236255927063,45.355961372903046,9.630523215213312,16.388964507247948,16.388964507247948,38.12812762455758,15.4602843827427
390,2,Drums,0,0,32.342730491259715,32.342730491259715,46.72750858279279,32.50400747518222,13.876240935730744,13.876240935730745,38.478168071888106,13.891935367832271,-18.466489555528973,-18.46648955552897,-8.24934051090468,-18.61207210734995
391,0,Vocal,0,0,10.767825577337387,10.767825577337389,28.598296809727152,10.845985590897282,14.64304192804889,14.643041928048891,33.46589056259567,14.70232308360555,3.8752163507115025,3.8752163507115025,4.867593752868515,3.8563374927082688
391,1,Bass,0,0,-0.46537523014839255,-0.46537523014839255,11.706343513859203,0.09006647813825455,12.071402274888904,12.0714022748889,28.32993932343507,12.181796592614267,12.536777505037296,12.536777505037293,16.623595809575868,12.091730114476013
391,2,Drums,0,0,20.9522433172377,20.9522433172377,29.62939876726718,21.58985887205034,8.278904849881997,8.278904849881997,37.35639940818512,8.285076653375592,-12.673338467355702,-12.673338467355702,7.7270006409179395,-13.304782218674747
392,0,Vocal,0,0,14.131422518908334,14.131422518908334,33.14987179997737,14.18831059994794,18.71081330850141,18.71081330850141,37.61981890034633,18.767755628459668,4.579390789593077,4.579390789593077,4.469947100368962,4.579445028511728
392,1,Bass,0,0,3.726000770020911,3.7260007700209123,17.18436799478993,4.008682805831554,5.059056664973429,5.059056664973428,35.095684088945085,5.064707176088763,1.3330558949525182,1.333055894952516,17.911316094155154,1.0560243702572096
392,2,Drums,0,0,33.18455709428261,33.18455709428261,45.02959860211937,33.478369689062866,14.993877465133675,14.993877465133675,42.39012104034883,15.002044689935182,-18.190679629148935,-18.190679629148935,-2.6394775617705406,-18.476324999127684
393,0,Vocal,0,0,18.83098024809999,18.83098024809999,46.43160643486584,18.838630966703427,11.532255839987574,11.532255839987574,58.512812748030605,11.532348824262916,-7.298724408112417,-7.298724408112417,12.081206313164763,-7.30628214244051
393,1,Bass,0,-2035,3.5723098452376236,3.5723098452376236,17.67940254475855,3.817836780540958,-24.407406445226435,-24.407406445226435,5.5712508615363445,-24.015251066880534,-27.979716290464058,-27.979716290464058,-12.108151683222204,-27.833087847421492
393,2,Drums,0,0,23.60067398543555,23.60067398543555,27.86521837069038,25.64605529610827,21.444088489284216,21.44408848928422,36.038856073744086,21.598615635073042,-2.156585496151333,-2.1565854961513296,8.173637703053707,-4.047439661035227
394,0,Vocal,0,0,17.61323705889756,17.61323705889756,44.91091170513161,17.62147529302362,21.82398087231025,21.82398087231025,48.41712863943698,21.833568154757724,4.210743813412691,4.210743813412691,3.506216934305371,4.212092861734103
394,1,Bass,0,2024,2.2896756650300927,2.2896756650300936,19.810374492696592,2.4123587186037163,-10.278559918553857,-10.278559918553857,11.379025306157708,-9.94378625942489,-12.568235583583949,-12.56823558358395,-8.431349186538885,-12.356144978028606
394,2,Drums,0,0,29.36308390743249,29.36308390743249,41.60798135058371,29.630422006423697,21.204119601764916,21.204119601764916,42.744816066538355,21.234916203320612,-8.158964305667574,-8.158964305667574,1.1368347159546488,-8.395505803103084
395,0,Vocal,0,0,13.410022212404801,13.410022212404801,36.69465941275111,13.431384616123829,14.33141231812372,14.33141231812372,37.62172081585914,14.352569172985586,0.9213901057189187,0.9213901057189187,0.9270614031080342,0.9211845568617569
395,1,Bass,0,20713,5.98154416665953,5.98154416665953,21.766847095340896,6.1265196528365395,-40.90826876959352,-40.90826876959352,-0.43127388467467803,-40.124832290170744,-46.88981293625305,-46.88981293625305,-22.198120980015574,-46.251351943007286
395,2,Drums,0,0,25.766686159201775,25.766686159201775,33.64684129665034,26.540909531148735,19.73909815395945,19.73909815395945,31.997374027753082,20.00803285391524,-6.027588005242325,-6.027588005242325,-1.6494672688972543,-6.532876677233496
396,0,Vocal,0,0,11.90009234255216,11.90009234255216,35.76675577345156,11.919107763030867,20.703701647266083,20.703701647266083,45.1184600775171,20.719572166340775,8.803609304713923,8.803609304713923,9.351704304065542,8.800464403309908
396,1,Bass,0,-10920,3.125200619399907,3.125200619399907,17.929616038278226,3.3406908505445814,-16.037492263949325,-16.037492263949325,6.783899011480302,-15.20266632173927,-19.16269288334923,-19.16269288334923,-11.145717026797925,-18.54335717228385
396,2,Drums,0,0,29.767346219855483,29.767346219855483,37.255775872502134,30.6210385719282,21.50796754014025,21.50796754014025,36.501485778576075,21.6487049700924,-8.259378679715233,-8.259378679715233,-0.7542900939260591,-8.9723336018358
397,0,Vocal,0,0,18.47744421439957,18.47744421439957,41.485835545306685,18.499529980322183,18.476901954419695,18.4769019544197,42.284796958435535,18.49526630278731,-0.0005422599798734495,-0.0005422599798698968,0.7989614131288505,-0.004263677534872556
397,1,Bass,0,2,7.686960031693473,7.686960031693473,22.527842955511453,7.85600838867661,-22.782620944964975,-22.782620944964975,12.928984878117513,-22.627168472997635,-30.46958097665845,-30.46958097665845,-9.59885807739394,-30.483176861674245
397,2,Drums,0,0,26.46984473926603,26.46984473926603,37.36092950370952,26.839612901155174,21.722651547047217,21.722651547047217,40.478700606688875,21.78126198686844,-4.747193192218813,-4.747193192218813,3.1177711029793542,-5.058350914286734
398,0,Vocal,0,0,18.22894714328221,18.22894714328221,41.13645020138253,18.251572740332588,25.972788603342842,25.972788603342842,48.23978927806262,25.998694796763967,7.743841460060633,7.743841460060633,7.103339076680086,7.74712205643138
398,1,Bass,0,10792,8.827342321842501,8.827342321842501,22.5989082367343,9.037316180481598,-32.05768368199657,-32.05768368199657,-2.6847014825298814,-27.999658941631907,-40.88502600383907,-40.88502600383907,-25.28360971926418,-37.0369751221135
398,2,Drums,0,0,23.693255961267823,23.693255961267823,30.618813720181052,24.68230415289301,19.255137132712534,19.255137132712534,29.54340754331207,19.686653215566476,-4.4381188285552895,-4.4381188285552895,-1.0754061768689809,-4.995650937326534
399,0,Vocal,0,0,-4.742799870165211,-4.742799870165211,19.24149515349739,-4.67400615112984,-5.8473380794859935,-5.8473380794859935,27.807052731291346,-5.838643593560048,-1.1045382093207827,-1.1045382093207827,8.565557577793957,-1.164637442430208
399,1,Bass,0,-70,5.112552345292698,5.112552345292698,19.066620079245308,5.344409681071815,-9.599213247594097,-9.599213247594097,27.407972001418823,-9.590632812299704,-14.711765592886795,-14.711765592886795,8.341351922173516,-14.935042493371519
399,2,Drums,0,0,41.484218060527226,41.484218060527226,61.19237825628032,41.53087444188998,22.131341850480407,22.131341850480407,47.629020678925855,22.143680158049463,-19.35287621004682,-19.35287621004682,-13.563357577354466,-19.387194283840515
