idx,ch,stem,SIRB_in,LTR_in,U_in,U0_in,U_legacy_in,EXP_in,EXP0_in,EXP_legacy_in,RBR_in,RBRpct_in,SIRB_out,LTR_out,U_out,U0_out,U_legacy_out,EXP_out,EXP0_out,EXP_legacy_out,RBR_out,RBRpct_out,BR
0,0,Vocal,15.40846061706543,-15.40845012664795,0.01893727108836174,0.01893727108836174,0.018357492983341217,98.10626983642578,98.10626983642578,98.16424560546875,0.027978848665952682,2.797884941101074,20.992786407470703,-20.99278450012207,0.06505885720252991,0.06505880504846573,0.06297963857650757,93.4941177368164,93.4941177368164,93.70203399658203,0.007893676869571209,0.78936767578125,6.064647674560547
0,1,Bass,17.542253494262695,-17.5422306060791,0.11572378128767014,0.11572357267141342,0.09533397108316422,88.42761993408203,88.42764282226562,90.46659851074219,0.017305904999375343,1.7305904626846313,13.567453384399414,-13.567452430725098,0.3752962052822113,0.3752959370613098,0.3086472153663635,62.470375061035156,62.47040557861328,69.1352767944336,0.04212722182273865,4.212722301483154,0.2881489396095276
0,2,Drums,30.38214111328125,-30.38196563720703,0.0005490720504894853,0.0005490718758665025,0.000775906431954354,99.9450912475586,99.9450912475586,99.92240905761719,0.0009149511461146176,0.09149511158466339,15.730265617370605,-15.73025894165039,0.39769524335861206,0.3976894021034241,0.37692251801490784,60.23047637939453,60.23106002807617,62.3077507019043,0.02603268250823021,2.6032681465148926,-8.736584663391113
1,0,Vocal,13.787598609924316,-13.787601470947266,0.00834906566888094,0.008349057286977768,0.009176293388009071,99.16509246826172,99.16509246826172,99.08236694335938,0.04012849181890488,4.0128493309021,32.5324821472168,-32.53229522705078,0.010708565823733807,0.01070855651050806,0.010041988454759121,98.92914581298828,98.92914581298828,98.99579620361328,0.0005578150157816708,0.05578150227665901,18.83540153503418
1,1,Bass,23.651260375976562,-23.65129280090332,0.041065286844968796,0.04106521233916283,0.04403257742524147,95.89347076416016,95.89347839355469,95.59674072265625,0.004295379389077425,0.42953795194625854,14.036991119384766,-14.036991119384766,0.09429039806127548,0.09429027885198593,0.10193998366594315,90.57096099853516,90.57097625732422,89.80599975585938,0.03797413408756256,3.7974133491516113,-8.644908905029297
1,2,Drums,19.36960220336914,-19.369611740112305,0.00030699692433699965,0.000306996691506356,0.0,99.96929931640625,99.96929931640625,100.0,0.011430018581449986,1.143001914024353,17.09807014465332,-17.09807586669922,0.18653418123722076,0.18653365969657898,0.185021311044693,81.3465805053711,81.34663391113281,81.49787139892578,0.01913384534418583,1.9133845567703247,0.21484386920928955
2,0,Vocal,23.819313049316406,-23.819255828857422,0.006959633436053991,0.006959631107747555,0.007630669511854649,99.30403900146484,99.30403900146484,99.2369384765625,0.004133034497499466,0.4133034348487854,20.636493682861328,-20.63645362854004,0.03098008781671524,0.030979836359620094,0.038294099271297455,96.90199279785156,96.90201568603516,96.17059326171875,0.008562824688851833,0.8562824726104736,-2.8599693775177
2,1,Bass,27.99541664123535,-27.995269775390625,0.026601046323776245,0.026601046323776245,0.029324756935238838,97.33988952636719,97.33988952636719,97.06752014160156,0.0015840521082282066,0.15840521454811096,19.534833908081055,-19.534826278686523,0.054437149316072464,0.05443669855594635,0.07936745136976242,94.55628204345703,94.55633544921875,92.0632553100586,0.011008025147020817,1.1008025407791138,-8.377501487731934
2,2,Drums,28.291349411010742,-28.291301727294922,0.002835423918440938,0.0028354236856102943,0.009404907934367657,99.7164535522461,99.7164535522461,99.05950927734375,0.0014798534102737904,0.1479853391647339,5.465277671813965,-5.46527624130249,0.4139752984046936,0.41397130489349365,0.42980334162712097,58.60247039794922,58.60287094116211,57.01966094970703,0.2212449014186859,22.12449073791504,-17.604991912841797
3,0,Vocal,23.9071044921875,-23.907058715820312,0.012432693503797054,0.012432693503797054,0.01294680219143629,98.75672912597656,98.75672912597656,98.705322265625,0.004050680436193943,0.405068039894104,16.120878219604492,-16.120861053466797,0.16697630286216736,0.1669759899377823,0.16871170699596405,83.3023681640625,83.30239868164062,83.12882995605469,0.02384684793651104,2.3846848011016846,-6.141656398773193
3,1,Bass,11.305437088012695,-11.305435180664062,0.09235173463821411,0.09235111624002457,0.08245567977428436,90.76482391357422,90.76488494873047,91.75443267822266,0.06893453001976013,6.893453121185303,10.42306137084961,-10.423060417175293,0.23981918394565582,0.23981845378875732,0.23805491626262665,76.01808166503906,76.01815795898438,76.19450378417969,0.08317279070615768,8.317278861999512,1.6224544048309326
3,2,Drums,28.416275024414062,-28.416236877441406,0.0016226853476837277,0.0016226846491917968,0.0021353766787797213,99.83773040771484,99.83773040771484,99.78646087646484,0.0014379489002749324,0.14379489421844482,6.141281604766846,-6.141281604766846,0.617734432220459,0.617713451385498,0.6269000172615051,38.22655487060547,38.22865295410156,37.30999755859375,0.19559097290039062,19.559097290039062,-14.730232238769531
4,0,Vocal,14.500333786010742,-14.500349998474121,0.012607475742697716,0.012607474811375141,0.01408373098820448,98.7392578125,98.7392578125,98.59162902832031,0.03426297754049301,3.426297664642334,21.597858428955078,-21.597854614257812,0.0914578065276146,0.0914577841758728,0.09722206741571426,90.8542251586914,90.8542251586914,90.27779388427734,0.006874140817672014,0.6874141097068787,8.352545738220215
4,1,Bass,20.6476993560791,-20.647686004638672,0.04038598760962486,0.040385935455560684,0.04502248018980026,95.9614028930664,95.9614028930664,95.49774932861328,0.00854093860834837,0.8540938496589661,19.70877456665039,-19.708768844604492,0.22001641988754272,0.22000963985919952,0.23724837601184845,77.99835968017578,77.99903869628906,76.27516174316406,0.010580441914498806,1.058044195175171,1.8597372770309448
4,2,Drums,26.556533813476562,-26.55651092529297,0.0011213463731110096,0.0011213425314053893,0.001658980967476964,99.88786315917969,99.88786315917969,99.83409881591797,0.0022049255203455687,0.22049255669116974,16.889158248901367,-16.889150619506836,0.3943524658679962,0.3943493068218231,0.3935006260871887,60.56475830078125,60.565067291259766,60.64993667602539,0.020057864487171173,2.005786418914795,-4.414229869842529
5,0,Vocal,18.169479370117188,-18.169471740722656,0.007768948096781969,0.007768937386572361,0.008286220952868462,99.22310638427734,99.22310638427734,99.17137908935547,0.01501353271305561,1.5013532638549805,14.067708969116211,-14.06771183013916,0.31370487809181213,0.31370291113853455,0.3164643943309784,68.6295166015625,68.62970733642578,68.35356140136719,0.03771660476922989,3.771660566329956,-0.9313819408416748
5,1,Bass,16.444988250732422,-16.444990158081055,0.05101758614182472,0.0510166734457016,0.04402351751923561,94.89823913574219,94.89833068847656,95.59764862060547,0.022169969975948334,2.216996908187866,13.32088851928711,-13.320880889892578,0.37561190128326416,0.37561026215553284,0.3634597957134247,62.43880844116211,62.4389762878418,63.65401840209961,0.04447866603732109,4.447866439819336,2.9997782707214355
5,2,Drums,24.14353370666504,-24.143503189086914,0.00020531940390355885,0.00020531934569589794,0.0,99.9794692993164,99.9794692993164,100.0,0.0038369265384972095,0.3836926519870758,4.899286270141602,-4.89928674697876,0.40784701704978943,0.40784335136413574,0.40898481011390686,59.215293884277344,59.21566390991211,59.10152053833008,0.24451150000095367,24.45115089416504,-16.19917869567871
6,0,Vocal,32.63869857788086,-32.63884735107422,0.026302242651581764,0.02630222775042057,0.027606017887592316,97.36978149414062,97.36978149414062,97.23939514160156,0.0005443788249976933,0.05443788319826126,38.7694206237793,-38.76902770996094,0.014815191738307476,0.014815186150372028,0.016720425337553024,98.51847839355469,98.51847839355469,98.32795715332031,0.00013273596414364874,0.01327359676361084,6.234317779541016
6,1,Bass,36.90732192993164,-36.906124114990234,0.031603407114744186,0.03160334378480911,0.03177524730563164,96.83966064453125,96.83966827392578,96.82247924804688,0.0002038259553955868,0.02038259617984295,22.426721572875977,-22.426729202270508,0.10336459428071976,0.10336458683013916,0.11984666436910629,89.66354370117188,89.66354370117188,88.01533508300781,0.005686610471457243,0.5686610341072083,-12.20246410369873
6,2,Drums,36.5677490234375,-36.5678825378418,0.003244074061512947,0.003244074061512947,0.006485266145318747,99.67559051513672,99.67559051513672,99.35147094726562,0.0002203321928391233,0.022033220157027245,22.47542953491211,-22.475414276123047,0.11197824031114578,0.11197783052921295,0.12152068316936493,88.80217742919922,88.80221557617188,87.84793090820312,0.005623499862849712,0.5623499751091003,-12.630877494812012
7,0,Vocal,11.561554908752441,-11.561555862426758,0.01946139708161354,0.019461382180452347,0.020433833822607994,98.05386352539062,98.05386352539062,97.95661926269531,0.06524430960416794,6.524430751800537,15.431333541870117,-15.431347846984863,0.20037014782428741,0.20037002861499786,0.202858105301857,79.9629898071289,79.96299743652344,79.71418762207031,0.02783587947487831,2.78358793258667,4.9719438552856445
7,1,Bass,23.40564727783203,-23.405643463134766,0.0406758189201355,0.04067578911781311,0.04311855882406235,95.93241882324219,95.93242645263672,95.68814849853516,0.004544205032289028,0.4544205069541931,9.752485275268555,-9.752485275268555,0.6021997928619385,0.6021995544433594,0.6312468647956848,39.78002166748047,39.78004455566406,36.87531280517578,0.09573029726743698,9.573029518127441,-6.761133670806885
7,2,Drums,23.43781280517578,-23.43780517578125,0.0018084854818880558,0.0018084847833961248,0.002511820523068309,99.81915283203125,99.81915283203125,99.74881744384766,0.004510863218456507,0.4510863125324249,12.529659271240234,-12.529655456542969,0.3780694305896759,0.37806910276412964,0.3917732238769531,62.19306182861328,62.19308853149414,60.82267761230469,0.052897050976753235,5.289705276489258,-6.992373943328857
8,0,Vocal,36.936641693115234,-36.93655014038086,0.006114451680332422,0.006114443298429251,0.007815094664692879,99.38855743408203,99.38855743408203,99.21849060058594,0.00020245419000275433,0.020245419815182686,24.20835304260254,-24.208242416381836,0.017283251509070396,0.0172832403331995,0.021862097084522247,98.27167510986328,98.27167510986328,97.81378936767578,0.0037802821025252342,0.3780282139778137,-12.546012878417969
8,1,Bass,26.506813049316406,-26.5067081451416,0.012438664212822914,0.012438561767339706,0.010909619741141796,98.75613403320312,98.75614929199219,98.9090347290039,0.002230218378826976,0.22302183508872986,20.21634864807129,-20.216392517089844,0.25880730152130127,0.25879967212677,0.24839018285274506,74.11927032470703,74.12003326416016,75.16098022460938,0.009424353018403053,0.9424353241920471,-4.55920934677124
8,2,Drums,28.575824737548828,-28.57569122314453,0.005999431479722261,0.005999431479722261,0.007247107103466988,99.40005493164062,99.40005493164062,99.2752914428711,0.0013861814513802528,0.13861814141273499,19.052438735961914,-19.052431106567383,0.26334360241889954,0.26334354281425476,0.2571493685245514,73.66564178466797,73.66564178466797,74.28506469726562,0.012285396456718445,1.2285397052764893,-5.789370059967041
9,0,Vocal,32.40348434448242,-32.403160095214844,0.003346029669046402,0.003346025012433529,0.00567866675555706,99.66539764404297,99.66539764404297,99.43213653564453,0.0005746507085859776,0.057465068995952606,22.428783416748047,-22.428775787353516,0.06654611974954605,0.06654611974954605,0.08239831775426865,93.34538269042969,93.34538269042969,91.76016998291016,0.005683895666152239,0.5683895945549011,-9.735299110412598
9,1,Bass,19.771806716918945,-19.77180290222168,0.020724264904856682,0.020724212750792503,0.02010256052017212,97.92757415771484,97.92757415771484,97.98974609375,0.01042958628386259,1.0429586172103882,12.256351470947266,-12.256353378295898,0.5264747142791748,0.5264655351638794,0.48800909519195557,47.3525276184082,47.35344696044922,51.19908905029297,0.056139979511499405,5.613997936248779,0.06704070419073105
9,2,Drums,29.433286666870117,-29.433380126953125,0.005763663910329342,0.005763663910329342,0.004556993022561073,99.42363739013672,99.42363739013672,99.54429626464844,0.0011380690848454833,0.11380691081285477,20.700313568115234,-20.700281143188477,0.07626651227474213,0.0762663185596466,0.06228293105959892,92.37334442138672,92.37336730957031,93.7717056274414,0.008438973687589169,0.8438973426818848,-7.87006139755249
10,0,Vocal,28.469602584838867,-28.469654083251953,0.006905226968228817,0.006905226036906242,0.0075909290462732315,99.30947875976562,99.30947875976562,99.24090576171875,0.0014204515609890223,0.14204515516757965,16.923080444335938,-16.923076629638672,0.20766150951385498,0.2076614946126938,0.20187953114509583,79.23384857177734,79.23384857177734,79.81204986572266,0.01990494318306446,1.9904943704605103,-9.030494689941406
10,1,Bass,21.182334899902344,-21.182292938232422,0.03283246234059334,0.032832201570272446,0.025303786620497704,96.71675872802734,96.71678161621094,97.46961975097656,0.007559142075479031,0.7559142112731934,20.40755844116211,-20.40753936767578,0.13367868959903717,0.1336778849363327,0.14083099365234375,86.63213348388672,86.63220977783203,85.91690063476562,0.009022119455039501,0.9022119641304016,1.267625331878662
10,2,Drums,37.19215774536133,-37.1921501159668,0.005626913625746965,0.0056269061751663685,0.006506835576146841,99.43730926513672,99.43730926513672,99.34931182861328,0.0001908659323817119,0.019086593762040138,22.156917572021484,-22.15690803527832,0.14327478408813477,0.14327476918697357,0.14315640926361084,85.67252349853516,85.67252349853516,85.68435668945312,0.006048873066902161,0.6048873066902161,-13.08985424041748
11,0,Vocal,30.942298889160156,-30.941852569580078,0.002868416951969266,0.0028684139251708984,0.0009312405018135905,99.7131576538086,99.7131576538086,99.90687561035156,0.0008043009438551962,0.08043009787797928,8.968170166015625,-8.968167304992676,0.5707952380180359,0.5707949995994568,0.5676963925361633,42.920475006103516,42.920501708984375,43.23036193847656,0.11254575848579407,11.254575729370117,-15.120460510253906
11,1,Bass,17.86391830444336,-17.863916397094727,0.01575956866145134,0.01575954258441925,0.018219852820038795,98.42404174804688,98.4240493774414,98.17801666259766,0.016090258955955505,1.6090259552001953,20.335390090942383,-20.335371017456055,0.030621564015746117,0.030621549114584923,0.029702426865696907,96.9378433227539,96.93785095214844,97.02975463867188,0.009171943180263042,0.9171943068504333,2.817166328430176
11,2,Drums,19.551319122314453,-19.55131721496582,0.00374678079970181,0.003746776608750224,0.004143575206398964,99.62532043457031,99.62532806396484,99.58563995361328,0.010966802015900612,1.0966801643371582,21.553077697753906,-21.553096771240234,0.10482437908649445,0.10482434183359146,0.09676133841276169,89.51756286621094,89.51756286621094,90.32386779785156,0.006944866385310888,0.6944866180419922,3.3800806999206543
12,0,Vocal,28.9724063873291,-28.972442626953125,0.003986196126788855,0.003986195661127567,0.0054922704584896564,99.60137939453125,99.60137939453125,99.45077514648438,0.0012653270969167352,0.12653270363807678,20.165122985839844,-20.165096282958984,0.18677102029323578,0.18677085638046265,0.19422996044158936,81.3228988647461,81.32291412353516,80.5770034790039,0.009535184130072594,0.9535183906555176,-6.642976760864258
12,1,Bass,23.291942596435547,-23.291959762573242,0.01138252206146717,0.01138242892920971,0.014704645611345768,98.86174774169922,98.86176300048828,98.52953338623047,0.004664148669689894,0.4664148688316345,11.208148956298828,-11.208148002624512,0.4493914246559143,0.4493744671344757,0.43935638666152954,55.060855865478516,55.062557220458984,56.064361572265625,0.07038623839616776,7.038623809814453,-7.054802417755127
12,2,Drums,29.499134063720703,-29.49908447265625,0.007262359373271465,0.007262350060045719,0.009471061639487743,99.27376556396484,99.27376556396484,99.05289459228516,0.0011209971271455288,0.11209971457719803,16.591032028198242,-16.591032028198242,0.09643208980560303,0.09643195569515228,0.09091418981552124,90.3567886352539,90.35680389404297,90.90858459472656,0.02145259454846382,2.145259380340576,-11.515728950500488
13,0,Vocal,31.933162689208984,-31.933204650878906,0.0030253534205257893,0.0030253534205257893,0.0042733242735266685,99.69746398925781,99.69746398925781,99.57266998291016,0.0006403750157915056,0.0640375018119812,15.810142517089844,-15.810145378112793,0.22326306998729706,0.22326292097568512,0.20667101442813873,77.67369079589844,77.6737060546875,79.33290100097656,0.025570349767804146,2.557034969329834,-13.718633651733398
13,1,Bass,18.668006896972656,-18.668001174926758,0.012713625095784664,0.012713620439171791,0.014318197034299374,98.7286376953125,98.7286376953125,98.56818389892578,0.013407162390649319,1.3407162427902222,16.357637405395508,-16.35763931274414,0.18725083768367767,0.18724705278873444,0.19799844920635223,81.27491760253906,81.27529907226562,80.20015716552734,0.022610189393162727,2.261018991470337,-0.8077252507209778
13,2,Drums,27.01504135131836,-27.01500701904297,0.009598213247954845,0.009598197415471077,0.014012344181537628,99.0401840209961,99.0401840209961,98.59877014160156,0.001984447706490755,0.19844476878643036,12.45645523071289,-12.456454277038574,0.31911584734916687,0.3191106915473938,0.29226166009902954,68.08840942382812,68.08892822265625,70.77383422851562,0.053747911006212234,5.374791145324707,-12.52222728729248
14,0,Vocal,21.42848014831543,-21.42847442626953,0.03577616065740585,0.035776037722826004,0.03882807493209839,96.4223861694336,96.42240142822266,96.11719512939453,0.007145609240978956,0.7145609259605408,7.398259162902832,-7.398259162902832,0.6230823993682861,0.623081624507904,0.5588141083717346,37.6917610168457,37.691837310791016,44.118587493896484,0.15400715172290802,15.400714874267578,-7.807802200317383
14,1,Bass,17.85829734802246,-17.858299255371094,0.02679397165775299,0.02679396979510784,0.03176841139793396,97.32060241699219,97.32060241699219,96.82315826416016,0.016110843047499657,1.6110843420028687,11.110788345336914,-11.110786437988281,0.07855971157550812,0.0785590261220932,0.09366149455308914,92.14402770996094,92.14409637451172,90.63385009765625,0.07186727225780487,7.186727046966553,-5.474236488342285
14,2,Drums,28.603778839111328,-28.603744506835938,0.0015152114210650325,0.0015152113046497107,0.0009742595138959587,99.84848022460938,99.84848022460938,99.90257263183594,0.0013772784732282162,0.13772784173488617,12.222190856933594,-12.222193717956543,0.08581653237342834,0.08581629395484924,0.0630703866481781,91.41835021972656,91.41837310791016,93.69295501708984,0.056558266282081604,5.655826568603516,-14.839188575744629
15,0,Vocal,29.098129272460938,-29.097902297973633,0.0037535661831498146,0.003753559896722436,0.004236136097460985,99.62464904785156,99.62464904785156,99.57638549804688,0.0012293268227949739,0.12293267995119095,16.514488220214844,-16.514484405517578,0.20372185111045837,0.20372089743614197,0.193044975399971,79.62781524658203,79.6279067993164,80.69550323486328,0.021825678646564484,2.182567834854126,-10.955168724060059
15,1,Bass,18.49449348449707,-18.494489669799805,0.010039243847131729,0.010039242915809155,0.012334181927144527,98.9960708618164,98.9960708618164,98.76658630371094,0.013946089893579483,1.394608974456787,12.428131103515625,-12.428131103515625,0.1433902084827423,0.14338922500610352,0.12132276594638824,85.66098022460938,85.66107940673828,87.86772155761719,0.05408056080341339,5.408056259155273,-5.105974197387695
15,2,Drums,27.426071166992188,-27.42608642578125,0.013254689052700996,0.013254649937152863,0.011229157447814941,98.67453002929688,98.6745376586914,98.87708282470703,0.0018055362161248922,0.1805536150932312,17.436100006103516,-17.436100006103516,0.3226926922798157,0.3226926028728485,0.3122463524341583,67.73072814941406,67.7307357788086,68.7753677368164,0.01772645302116871,1.772645354270935,-8.239310264587402
16,0,Vocal,27.039554595947266,-27.039573669433594,0.04918884485960007,0.04918883740901947,0.05119746923446655,95.08111572265625,95.08111572265625,94.88025665283203,0.0019732823129743338,0.19732822477817535,24.344696044921875,-24.344680786132812,0.03329069912433624,0.03329047933220863,0.036137741059064865,96.67092895507812,96.67095184326172,96.38622283935547,0.0036638251040130854,0.36638250946998596,-2.67974591255188
16,1,Bass,14.09517765045166,-14.095176696777344,0.1796456277370453,0.1796448677778244,0.17928871512413025,82.03543090820312,82.03551483154297,82.07112884521484,0.0374876968562603,3.748769760131836,9.565999984741211,-9.566000938415527,0.5507225394248962,0.5505352020263672,0.5635855793952942,44.9277458190918,44.94647979736328,43.641441345214844,0.0995125100016594,9.951251029968262,5.843132495880127
16,2,Drums,34.359683990478516,-34.35970687866211,0.0018541254103183746,0.001854125177487731,0.0019287283066660166,99.81459045410156,99.81459045410156,99.80712890625,0.0003663221432361752,0.03663221374154091,21.384803771972656,-21.38481330871582,0.2793305516242981,0.2793255150318146,0.27115732431411743,72.06694793701172,72.06745147705078,72.88426971435547,0.007217267528176308,0.7217267751693726,-10.397313117980957
17,0,Vocal,26.0869140625,-26.086824417114258,0.014207110740244389,0.014207109808921814,0.01428552158176899,98.57928466796875,98.57928466796875,98.57144927978516,0.0024560976307839155,0.24560976028442383,19.162609100341797,-19.162614822387695,0.11096102744340897,0.11096100509166718,0.1143207997083664,88.90390014648438,88.90390014648438,88.56791687011719,0.011981312185525894,1.1981312036514282,-6.149508476257324
17,1,Bass,12.96646499633789,-12.966463088989258,0.19511882960796356,0.19511879980564117,0.19703969359397888,80.48811340332031,80.48812103271484,80.29602813720703,0.04807889088988304,4.807888984680176,7.423089027404785,-7.423089981079102,0.3640732169151306,0.3640732169151306,0.41404402256011963,63.59267807006836,63.59267807006836,58.59559631347656,0.15326368808746338,15.32636833190918,-0.13804025948047638
17,2,Drums,28.404035568237305,-28.403980255126953,0.007572952192276716,0.007572952192276716,0.008301674388349056,99.24270629882812,99.24270629882812,99.16983032226562,0.001442022155970335,0.14420221745967865,22.372802734375,-22.372806549072266,0.20830072462558746,0.2082996517419815,0.2098875641822815,79.16992950439453,79.17003631591797,79.01124572753906,0.005757234059274197,0.57572340965271,-4.229672431945801
18,0,Vocal,12.604843139648438,-12.604841232299805,0.17493398487567902,0.17493394017219543,0.17546586692333221,82.50659942626953,82.50660705566406,82.45341491699219,0.052036430686712265,5.203642845153809,24.063806533813477,-24.063756942749023,0.08458999544382095,0.08458936214447021,0.08525944501161575,91.54100036621094,91.54106140136719,91.47406005859375,0.00390772707760334,0.3907727003097534,11.887723922729492
18,1,Bass,16.03937530517578,-16.039377212524414,0.22258369624614716,0.2225830852985382,0.21302150189876556,77.74163055419922,77.74169158935547,78.69784545898438,0.024287624284625053,2.428762435913086,23.381507873535156,-23.381528854370117,0.16236987709999084,0.16236789524555206,0.16377946734428406,83.76301574707031,83.76321411132812,83.6220474243164,0.004569390323013067,0.45693904161453247,8.82651138305664
18,2,Drums,31.306970596313477,-31.307504653930664,0.0006763609126210213,0.0006763609126210213,0.003602476790547371,99.93236541748047,99.93236541748047,99.6397476196289,0.0007395317079499364,0.07395317405462265,20.84640121459961,-20.846397399902344,0.19429314136505127,0.19429264962673187,0.18678602576255798,80.57068634033203,80.57073211669922,81.32139587402344,0.008162052370607853,0.8162052631378174,-8.630471229553223
19,0,Vocal,8.042818069458008,-8.042818069458008,0.055182985961437225,0.05518297851085663,0.057505421340465546,94.48169708251953,94.48169708251953,94.24945831298828,0.1356467604637146,13.564676284790039,21.6307430267334,-21.630718231201172,0.046728089451789856,0.046726588159799576,0.04586063697934151,95.32719421386719,95.32733917236328,95.41393280029297,0.00682264706119895,0.6822646856307983,13.955936431884766
19,1,Bass,11.909040451049805,-11.909040451049805,0.1656167209148407,0.16561609506607056,0.1700034737586975,83.43832397460938,83.43839263916016,82.99964904785156,0.06053106114268303,6.053106307983398,13.560992240905762,-13.560995101928711,0.25177252292633057,0.25177210569381714,0.26223427057266235,74.82274627685547,74.82279205322266,73.77657318115234,0.04218725115060806,4.218725204467773,4.5302042961120605
19,2,Drums,32.6501350402832,-32.64997100830078,0.0006339139072224498,0.0006339139072224498,0.00044952548341825604,99.93660736083984,99.93660736083984,99.95504760742188,0.000542959722224623,0.05429597198963165,15.241859436035156,-15.241861343383789,0.3042013943195343,0.3041924238204956,0.25285083055496216,69.57986450195312,69.58075714111328,74.71492004394531,0.02904122695326805,2.9041225910186768,-14.763422012329102
20,0,Vocal,26.969017028808594,-26.969036102294922,0.03938823565840721,0.03938821330666542,0.03972650319337845,96.06117248535156,96.06117248535156,96.02735137939453,0.002005533082410693,0.2005533128976822,21.2490177154541,-21.249004364013672,0.1867903769016266,0.18679021298885345,0.19916832447052002,81.32096862792969,81.32097625732422,80.08316802978516,0.007444821763783693,0.744482159614563,-3.383026123046875
20,1,Bass,11.359312057495117,-11.359306335449219,0.27344638109207153,0.2734455466270447,0.2709585428237915,72.65536499023438,72.65544891357422,72.90414428710938,0.06814257055521011,6.8142571449279785,20.000293731689453,-20.000307083129883,0.22936062514781952,0.22934989631175995,0.23521292209625244,77.06393432617188,77.06501007080078,76.47870635986328,0.009900340810418129,0.9900341033935547,11.059635162353516
20,2,Drums,35.7168083190918,-35.71826171875,0.0021925056353211403,0.0021925035398453474,0.00024431871133856475,99.78074645996094,99.78074645996094,99.97557067871094,0.0002679989265743643,0.026799893006682396,23.021808624267578,-23.021831512451172,0.0685422345995903,0.0685415267944336,0.05556415766477585,93.1457748413086,93.14584350585938,94.4435806274414,0.004962037783116102,0.49620378017425537,-12.164374351501465
21,0,Vocal,37.24127197265625,-37.24186706542969,0.06517963111400604,0.06517963111400604,0.06643541902303696,93.4820327758789,93.4820327758789,93.35646057128906,0.0001886775717139244,0.01886775717139244,35.64875793457031,-35.64691162109375,0.026758495718240738,0.02675740048289299,0.029858436435461044,97.32415008544922,97.32425689697266,97.01416015625,0.00027232043794356287,0.02723204344511032,-1.5341161489486694
21,1,Bass,14.830392837524414,-14.830392837524414,0.1393028050661087,0.1393027901649475,0.13817119598388672,86.06971740722656,86.06971740722656,86.18287658691406,0.03183533996343613,3.1835339069366455,11.293158531188965,-11.29316520690918,0.2413865178823471,0.24138613045215607,0.25108563899993896,75.86134338378906,75.86138916015625,74.89143371582031,0.06911612302064896,6.911612510681152,-0.6637782454490662
21,2,Drums,37.27985763549805,-37.280059814453125,0.0019411443499848247,0.0019411417888477445,0.00452772993594408,99.8058853149414,99.8058853149414,99.54722595214844,0.00018706732953432947,0.018706733360886574,18.30655288696289,-18.30655288696289,0.09725058078765869,0.09724611043930054,0.14498205482959747,90.27494049072266,90.275390625,85.50179290771484,0.01455384399741888,1.455384373664856,-18.272706985473633
22,0,Vocal,4.081974983215332,-4.081976890563965,0.16477639973163605,0.1647758036851883,0.14834080636501312,83.5223617553711,83.52242279052734,85.1659164428711,0.28091859817504883,28.091859817504883,28.757593154907227,-28.757556915283203,0.024023093283176422,0.024023091420531273,0.024985026568174362,97.59768676757812,97.59768676757812,97.50149536132812,0.0013294233940541744,0.132942333817482,24.676481246948242
22,1,Bass,15.580831527709961,-15.580826759338379,0.15039777755737305,0.15039777755737305,0.15479612350463867,84.96022033691406,84.96022033691406,84.5203857421875,0.026919430121779442,2.6919429302215576,1.333572268486023,-1.333571434020996,0.43682989478111267,0.4368222653865814,0.47603172063827515,56.31700897216797,56.317771911621094,52.396827697753906,0.4238309860229492,42.38309860229492,-6.040200710296631
22,2,Drums,29.077728271484375,-29.077665328979492,0.00012830850027967244,0.00012830850027967244,0.0042328299023211,99.98716735839844,99.98716735839844,99.57672119140625,0.0012351033510640264,0.12351033836603165,18.869972229003906,-18.869966506958008,0.10081755369901657,0.10081742703914642,0.11673252284526825,89.91824340820312,89.91825866699219,88.32674407958984,0.012805761769413948,1.280576229095459,-9.261831283569336
23,0,Vocal,34.67403793334961,-34.674156188964844,0.030060844495892525,0.030060842633247375,0.030610255897045135,96.9939193725586,96.9939193725586,96.93897247314453,0.00034075291478075087,0.0340752899646759,25.527957916259766,-25.527990341186523,0.1716741919517517,0.17167408764362335,0.17487846314907074,82.83258056640625,82.83259582519531,82.51215362548828,0.002792512532323599,0.27925124764442444,-7.910628795623779
23,1,Bass,13.312776565551758,-13.312776565551758,0.17549848556518555,0.17549848556518555,0.18284311890602112,82.45014953613281,82.45014953613281,81.71569061279297,0.044558096677064896,4.455809593200684,13.161892890930176,-13.161890029907227,0.36559757590293884,0.3655939996242523,0.3723446726799011,63.44023895263672,63.44059753417969,62.765533447265625,0.04606081172823906,4.606081008911133,4.558535575866699
23,2,Drums,33.83869934082031,-33.83855056762695,0.005027567036449909,0.005027563311159611,0.0063011120073497295,99.49723815917969,99.49723815917969,99.36988830566406,0.00041300439625047147,0.04130043834447861,21.532184600830078,-21.532201766967773,0.12869197130203247,0.12869197130203247,0.13014531135559082,87.13080596923828,87.13080596923828,86.98546600341797,0.006978179793804884,0.6978179812431335,-10.269408226013184
24,0,Vocal,23.146236419677734,-23.14622688293457,0.014645148068666458,0.01464514434337616,0.013813532888889313,98.53548431396484,98.53548431396484,98.61864471435547,0.004822535905987024,0.4822535812854767,3.643690586090088,-3.643690586090088,0.11957720667123795,0.11957713961601257,0.05183541029691696,88.04227447509766,88.04228210449219,94.81645965576172,0.3017473816871643,30.17473793029785,-18.989973068237305
24,1,Bass,21.997316360473633,-21.997299194335938,0.039965443313121796,0.039965443313121796,0.03360925614833832,96.00345611572266,96.00345611572266,96.63907623291016,0.0062738219276070595,0.627382218837738,8.814298629760742,-8.814297676086426,0.12146889418363571,0.12146875262260437,0.10782448947429657,87.85311126708984,87.85311889648438,89.2175521850586,0.11613335460424423,11.613335609436035,-12.104002952575684
24,2,Drums,32.279075622558594,-32.27892303466797,0.004199344664812088,0.004199344664812088,0.004080381244421005,99.58007049560547,99.58007049560547,99.59196472167969,0.0005913659115321934,0.05913659185171127,7.133698463439941,-7.1336989402771,0.3184051215648651,0.3184008300304413,0.3587920665740967,68.15948486328125,68.159912109375,64.12079620361328,0.1621122807264328,16.211227416992188,-24.086090087890625
25,0,Vocal,26.346023559570312,-26.346071243286133,0.01122044026851654,0.01122043002396822,0.011307120323181152,98.8779525756836,98.8779525756836,98.8692855834961,0.0023141822312027216,0.23141822218894958,18.494304656982422,-18.494293212890625,0.16731508076190948,0.1673150509595871,0.15513509511947632,83.26849365234375,83.26849365234375,84.48648834228516,0.01394664216786623,1.3946641683578491,-5.824077606201172
25,1,Bass,14.332145690917969,-14.332149505615234,0.01808862015604973,0.01808862015604973,0.02099335566163063,98.1911392211914,98.1911392211914,97.90066528320312,0.03556782379746437,3.5567824840545654,9.98923397064209,-9.989230155944824,0.27710264921188354,0.27709662914276123,0.3026737570762634,72.28973388671875,72.29033660888672,69.73262786865234,0.09111420810222626,9.111420631408691,-2.7653205394744873
25,2,Drums,34.042816162109375,-34.04302215576172,0.004219451919198036,0.00421944772824645,0.0030871029011905193,99.57805633544922,99.57805633544922,99.69129180908203,0.00039404796552844346,0.03940479829907417,25.327651977539062,-25.32762336730957,0.017096614465117455,0.01709660142660141,0.012067853473126888,98.29033660888672,98.29034423828125,98.793212890625,0.0029239647556096315,0.2923964858055115,-8.548321723937988
26,0,Vocal,10.811592102050781,-10.811592102050781,0.06108975037932396,0.061089735478162766,0.05964843928813934,93.89102172851562,93.89102172851562,94.03515625,0.07660030573606491,7.660030364990234,30.304954528808594,-30.30489158630371,0.009157877415418625,0.009157872758805752,0.009350238367915154,99.08421325683594,99.08421325683594,99.06497955322266,0.0009313421905972064,0.09313421696424484,19.592050552368164
26,1,Bass,16.77435302734375,-16.774349212646484,0.08764537423849106,0.08764515817165375,0.0969775915145874,91.23546600341797,91.23548126220703,90.30223846435547,0.020584119483828545,2.0584118366241455,9.617277145385742,-9.617274284362793,0.2521930932998657,0.25219306349754333,0.2414933294057846,74.78069305419922,74.78069305419922,75.85066223144531,0.09845952689647675,9.845952987670898,-1.8490242958068848
26,2,Drums,26.015239715576172,-26.015201568603516,0.015659432858228683,0.015659423545002937,0.014430713839828968,98.43405151367188,98.43405151367188,98.55693054199219,0.0024968336801975965,0.24968336522579193,24.47920799255371,-24.47919464111328,0.024929063394665718,0.024929052218794823,0.021563619375228882,97.50709533691406,97.50709533691406,97.84363555908203,0.0035525159910321236,0.35525161027908325,-1.3756872415542603
27,0,Vocal,37.71940612792969,-37.72187805175781,0.007423373870551586,0.007423363160341978,0.006873965263366699,99.25765991210938,99.2576675415039,99.31260681152344,0.0001690084027359262,0.016900841146707535,9.6270170211792,-9.627017974853516,0.38853415846824646,0.38853174448013306,0.3569006621837616,61.14657974243164,61.14682388305664,64.30992889404297,0.09826056659221649,9.826056480407715,-20.50375747680664
27,1,Bass,23.02841567993164,-23.02842140197754,0.046280764043331146,0.04628074914216995,0.04784263297915459,95.3719253540039,95.3719253540039,95.21573638916016,0.004954495932906866,0.49544960260391235,16.916688919067383,-16.91668701171875,0.13170422613620758,0.1317039579153061,0.12737350165843964,86.82958221435547,86.82960510253906,87.26264953613281,0.019933681935071945,1.993368148803711,-3.7744829654693604
27,2,Drums,27.811927795410156,-27.811756134033203,0.0032201569993048906,0.0032201569993048906,0.002129737287759781,99.67798614501953,99.67798614501953,99.78702545166016,0.0016523170052096248,0.16523170471191406,19.934917449951172,-19.934907913208008,0.02745036780834198,0.02745029889047146,0.018315671011805534,97.25495910644531,97.25496673583984,98.1684341430664,0.010048989206552505,1.0048989057540894,-7.742325305938721
28,0,Vocal,14.163037300109863,-14.163040161132812,0.008095115423202515,0.008095110766589642,0.009632040746510029,99.19048309326172,99.19049072265625,99.03679656982422,0.03692791238427162,3.692791223526001,18.13811492919922,-18.138107299804688,0.21743865311145782,0.21743863821029663,0.22719624638557434,78.25613403320312,78.25613403320312,77.28038024902344,0.015120700933039188,1.5120700597763062,6.7279372215271
28,1,Bass,16.25495147705078,-16.254953384399414,0.08911986649036407,0.0891197994351387,0.09938030689954758,91.0880126953125,91.08802032470703,90.06196594238281,0.02313859388232231,2.313859462738037,3.8138654232025146,-3.81386661529541,0.6255128979682922,0.6254498958587646,0.6608691811561584,37.44871139526367,37.45500946044922,33.913082122802734,0.2935560643672943,29.355606079101562,-1.206071138381958
28,2,Drums,16.860015869140625,-16.860004425048828,0.0016556420596316457,0.0016556420596316457,0.0011448623845353723,99.83443450927734,99.83443450927734,99.88551330566406,0.020190183073282242,2.0190184116363525,17.171531677246094,-17.171520233154297,0.020995141938328743,0.02099505253136158,0.016543375328183174,97.90048217773438,97.9004898071289,98.34565734863281,0.018818998709321022,1.8818998336791992,0.49159106612205505
29,0,Vocal,23.621044158935547,-23.621013641357422,0.01704534702003002,0.017045341432094574,0.017300670966506004,98.29547119140625,98.29547119140625,98.26993560791016,0.004325294867157936,0.432529479265213,15.140323638916016,-15.140325546264648,0.16200928390026093,0.16200919449329376,0.17925336956977844,83.799072265625,83.79907989501953,82.07466888427734,0.029707830399274826,2.970782995223999,-6.088381767272949
29,1,Bass,16.292417526245117,-16.292417526245117,0.07677417993545532,0.07677404582500458,0.0687742754817009,92.32257843017578,92.32259368896484,93.12257385253906,0.022944439202547073,2.2944438457489014,21.428735733032227,-21.428752899169922,0.24338936805725098,0.2433878481388092,0.260101854801178,75.66106414794922,75.66121673583984,73.98981475830078,0.007145162206143141,0.7145162224769592,9.763177871704102
29,2,Drums,25.38467025756836,-25.38466453552246,0.005444993730634451,0.005444993264973164,0.00602309126406908,99.45549774169922,99.45549774169922,99.39768981933594,0.0028858790174126625,0.28858789801597595,33.80186080932617,-33.802059173583984,0.01207987405359745,0.012079872190952301,0.014262779615819454,98.79200744628906,98.79200744628906,98.57372283935547,0.0004165258724242449,0.04165258631110191,8.559805870056152
30,0,Vocal,1.991961121559143,-1.991960883140564,0.20496930181980133,0.20496921241283417,0.19601403176784515,79.5030746459961,79.5030746459961,80.39859771728516,0.38730236887931824,38.7302360534668,10.021239280700684,-10.021240234375,0.1429266482591629,0.14292284846305847,0.17736390233039856,85.70733642578125,85.70771026611328,82.26361083984375,0.0905056968331337,9.050569534301758,9.033644676208496
30,1,Bass,24.24576759338379,-24.245759963989258,0.10123669356107712,0.10123655200004578,0.10151989758014679,89.87632751464844,89.8763427734375,89.84801483154297,0.003747941693291068,0.3747941553592682,16.14791488647461,-16.147916793823242,0.2667328119277954,0.2667059004306793,0.2898876368999481,73.32672119140625,73.32941436767578,71.01123046875,0.023702312260866165,2.3702311515808105,-3.7685132026672363
30,2,Drums,22.55531120300293,-22.5552921295166,0.011876136064529419,0.011876135133206844,0.013203120790421963,98.81239318847656,98.81239318847656,98.6796875,0.005521593149751425,0.552159309387207,21.21781349182129,-21.217864990234375,0.020359249785542488,0.02035924792289734,0.029474811628460884,97.96407318115234,97.96407318115234,97.05252075195312,0.007498048711568117,0.7498048543930054,-1.2220863103866577
31,0,Vocal,19.335643768310547,-19.335630416870117,0.05785487964749336,0.05785487964749336,0.056559327989816666,94.21450805664062,94.21450805664062,94.34407043457031,0.011518748477101326,1.1518748998641968,21.66240882873535,-21.662368774414062,0.028452973812818527,0.028452938422560692,0.0282164104282856,97.15470123291016,97.15470886230469,97.17835998535156,0.006773410364985466,0.6773410439491272,2.5256848335266113
31,1,Bass,16.348918914794922,-16.348920822143555,0.16781529784202576,0.1678103506565094,0.1686820685863495,83.21846771240234,83.2189712524414,83.13179016113281,0.02265460416674614,2.26546049118042,15.999008178710938,-15.999007225036621,0.371289998292923,0.37128978967666626,0.3733968436717987,62.871002197265625,62.87102127075195,62.66031265258789,0.024508876726031303,2.450887680053711,5.52651309967041
31,2,Drums,29.68329620361328,-29.683229446411133,0.0001832076522987336,0.00018320485833100975,0.0,99.98167419433594,99.98167419433594,100.0,0.0010745367035269737,0.10745367407798767,15.139694213867188,-15.13969898223877,0.1232120543718338,0.12321112304925919,0.14921487867832184,87.67879486083984,87.67888641357422,85.0785140991211,0.029711952432990074,2.9711952209472656,-12.50454044342041
32,0,Vocal,22.875635147094727,-22.875595092773438,0.16264121234416962,0.16264121234416962,0.17546387016773224,83.73587799072266,83.73587799072266,82.45361328125,0.00513103324919939,0.5131033062934875,23.102924346923828,-23.102876663208008,0.09611734747886658,0.09611685574054718,0.0900290459394455,90.38825988769531,90.38831329345703,90.9970932006836,0.0048706852830946445,0.4870685338973999,0.9862528443336487
32,1,Bass,13.271981239318848,-13.271982192993164,0.04142100363969803,0.04142099991440773,0.0453970804810524,95.85790252685547,95.85790252685547,95.46028900146484,0.044959697872400284,4.495969772338867,11.571135520935059,-11.571136474609375,0.4838738441467285,0.48386481404304504,0.4830106496810913,51.61261749267578,51.613521575927734,51.698936462402344,0.06510992348194122,6.510992527008057,5.25710916519165
32,2,Drums,33.718727111816406,-33.7184944152832,0.0002514219668228179,0.0002514219668228179,0.0005097941029816866,99.97486114501953,99.97486114501953,99.94902038574219,0.0004246103635523468,0.04246103763580322,26.589487075805664,-26.589462280273438,0.02784087136387825,0.027840806171298027,0.02589123323559761,97.21591186523438,97.2159194946289,97.41087341308594,0.0021882611326873302,0.21882611513137817,-6.772274494171143
33,0,Vocal,22.032752990722656,-22.032758712768555,0.25370022654533386,0.2536996901035309,0.25668394565582275,74.62997436523438,74.63003540039062,74.33160400390625,0.006223159842193127,0.6223160028457642,26.715412139892578,-26.71524429321289,0.040237393230199814,0.04023738577961922,0.04289599880576134,95.97626495361328,95.97626495361328,95.71040344238281,0.002125863917171955,0.2125863879919052,4.715628623962402
33,1,Bass,23.338695526123047,-23.33867645263672,0.10462410748004913,0.10462407022714615,0.10371322184801102,89.53759002685547,89.53759002685547,89.62867736816406,0.0046145073138177395,0.4614507257938385,15.474166870117188,-15.474170684814453,0.3026753067970276,0.3026749789714813,0.33774057030677795,69.73246765136719,69.73249816894531,66.22594451904297,0.02757028304040432,2.757028341293335,-4.00314998626709
33,2,Drums,39.3197021484375,-39.320289611816406,0.0003148901159875095,0.0003148899704683572,0.0005399278597906232,99.96851348876953,99.96851348876953,99.94600677490234,0.00011691685358528048,0.011691685765981674,15.137504577636719,-15.137506484985352,0.38170796632766724,0.3816990554332733,0.34975820779800415,61.82920455932617,61.83009338378906,65.02417755126953,0.029726527631282806,2.9726526737213135,-20.420940399169922
34,0,Vocal,20.490203857421875,-20.490249633789062,0.20265553891658783,0.20265553891658783,0.20570801198482513,79.73444366455078,79.73444366455078,79.42919921875,0.008853496052324772,0.8853496313095093,25.962038040161133,-25.96207046508789,0.08389747887849808,0.08389747142791748,0.0916023999452591,91.6102523803711,91.6102523803711,90.83975982666016,0.0025274937506765127,0.25274938344955444,6.707921028137207
34,1,Bass,22.299388885498047,-22.29937744140625,0.1735994517803192,0.17359939217567444,0.16964814066886902,82.64005279541016,82.64006042480469,83.03518676757812,0.005854800809174776,0.5854800939559937,21.898738861083984,-21.898731231689453,0.12766331434249878,0.1276632696390152,0.13282161951065063,87.2336654663086,87.23367309570312,86.71783447265625,0.006417001597583294,0.6417001485824585,2.7672295570373535
34,2,Drums,40.262969970703125,-40.263065338134766,0.0003217386547476053,0.0003217386547476053,0.0,99.96782684326172,99.96782684326172,100.0,9.412428335053846e-05,0.009412428364157677,28.702377319335938,-28.70233726501465,0.020808730274438858,0.020808730274438858,0.02231377176940441,97.91912078857422,97.91912078857422,97.76862335205078,0.0013463817304000258,0.13463817536830902,-11.259139060974121
35,0,Vocal,8.791177749633789,-8.791177749633789,0.7063690423965454,0.7063689827919006,0.7166560888290405,29.363096237182617,29.363101959228516,28.33439064025879,0.11668096482753754,11.668096542358398,0.06518416851758957,-0.06518379598855972,0.8006935715675354,0.8001828789710999,0.8686849474906921,19.93064308166504,19.981712341308594,13.131505012512207,0.496247798204422,49.624778747558594,-4.821139335632324
35,1,Bass,22.177288055419922,-22.1773624420166,0.1283193677663803,0.12831932306289673,0.13318435847759247,87.16806030273438,87.1680679321289,86.68156433105469,0.006020679138600826,0.6020678877830505,7.44990348815918,-7.4499030113220215,0.3790229856967926,0.37901997566223145,0.4540264904499054,62.09770584106445,62.09800338745117,54.597354888916016,0.15246419608592987,15.246419906616211,-7.395322799682617
35,2,Drums,40.3715934753418,-40.3707275390625,7.19460440450348e-05,7.194603676907718e-05,0.0,99.99280548095703,99.99280548095703,100.0,9.184541704598814e-05,0.00918454211205244,24.38666534423828,-24.386613845825195,0.05869445949792862,0.058694351464509964,0.056800760328769684,94.13055419921875,94.13056182861328,94.3199234008789,0.0036287580151110888,0.3628757894039154,-15.785344123840332
36,0,Vocal,22.364986419677734,-22.3649959564209,0.045148808509111404,0.04514880105853081,0.04636244475841522,95.48512268066406,95.48512268066406,95.36375427246094,0.005767513997852802,0.5767514109611511,15.235730171203613,-15.235729217529297,0.1656525433063507,0.16565047204494476,0.1375293880701065,83.43474578857422,83.43495178222656,86.24706268310547,0.029081100597977638,2.9081101417541504,-3.130687713623047
36,1,Bass,15.823980331420898,-15.823997497558594,0.23737500607967377,0.23736606538295746,0.2331913411617279,76.26249694824219,76.26338958740234,76.68086242675781,0.02549098990857601,2.5490989685058594,1.9760860204696655,-1.9760851860046387,0.6711346507072449,0.6708566546440125,0.6951769590377808,32.88653564453125,32.91433334350586,30.482303619384766,0.38817012310028076,38.817012786865234,3.0646324157714844
36,2,Drums,34.95497512817383,-34.95504379272461,6.417840631911531e-05,6.41783990431577e-05,0.0,99.99358367919922,99.99358367919922,100.0,0.00031945487717166543,0.03194548934698105,15.568288803100586,-15.568285942077637,0.1339045912027359,0.1339031457901001,0.16223189234733582,86.60954284667969,86.60968780517578,83.77680969238281,0.026995182037353516,2.6995182037353516,-18.31852149963379
37,0,Vocal,9.489327430725098,-9.489327430725098,0.6779465079307556,0.6779458522796631,0.6814665198326111,32.20534896850586,32.205413818359375,31.853347778320312,0.10110572725534439,10.110572814941406,13.197027206420898,-13.197030067443848,0.5372596979141235,0.5372570753097534,0.5430721044540405,46.27402877807617,46.2742919921875,45.69279098510742,0.0457066185772419,4.570662021636963,3.718109607696533
37,1,Bass,21.01844596862793,-21.018457412719727,0.15392886102199554,0.15392884612083435,0.15520398318767548,84.60710906982422,84.60710906982422,84.47959899902344,0.00784752331674099,0.7847523093223572,10.069740295410156,-10.069738388061523,0.2978593707084656,0.29785633087158203,0.31915804743766785,70.21406555175781,70.21437072753906,68.08419036865234,0.08959067612886429,8.959067344665527,-5.977569580078125
37,2,Drums,40.127567291259766,-40.12841796875,8.96507190191187e-05,8.965071174316108e-05,0.0,99.99103546142578,99.99103546142578,100.0,9.706916171126068e-05,0.00970691628754139,27.833637237548828,-27.833478927612305,0.071173757314682,0.07117346674203873,0.07040969282388687,92.88262176513672,92.88265228271484,92.95903015136719,0.0016441039042547345,0.16441039741039276,-11.789799690246582
38,0,Vocal,20.43826675415039,-20.438249588012695,0.21612533926963806,0.21611857414245605,0.2230142056941986,78.38746643066406,78.38814544677734,77.69857788085938,0.008959144353866577,0.8959144353866577,28.046123504638672,-28.046171188354492,0.13935942947864532,0.1393556296825409,0.14441247284412384,86.06405639648438,86.06443786621094,85.55875396728516,0.0015656736213713884,0.15656736493110657,7.731954097747803
38,1,Bass,21.119909286499023,-21.119903564453125,0.15444804728031158,0.1544462889432907,0.15487945079803467,84.5551986694336,84.55536651611328,84.51205444335938,0.0076677207835018635,0.7667720913887024,9.808664321899414,-9.80866527557373,0.49770379066467285,0.49767035245895386,0.5446868538856506,50.22962188720703,50.23296356201172,45.531314849853516,0.09461641311645508,9.461641311645508,-0.26930761337280273
38,2,Drums,40.5295524597168,-40.52946090698242,0.00021183412172831595,0.00021183319040574133,0.0,99.97881317138672,99.97881317138672,100.0,8.848994184518233e-05,0.00884899403899908,25.655099868774414,-25.655118942260742,0.037029918283224106,0.03702947869896889,0.03834565728902817,96.29700469970703,96.29705047607422,96.16543579101562,0.0027121149469166994,0.27121150493621826,-14.552167892456055
39,0,Vocal,20.676620483398438,-20.67661476135254,0.31343603134155273,0.31343573331832886,0.3153376281261444,68.6563949584961,68.65642547607422,68.46623229980469,0.008484702557325363,0.8484702706336975,20.928993225097656,-20.928977966308594,0.07188361138105392,0.0718834176659584,0.08029398322105408,92.81163787841797,92.81165313720703,91.97059631347656,0.008009591139853,0.8009591102600098,0.20777463912963867
39,1,Bass,19.55707359313965,-19.557083129882812,0.13507145643234253,0.1350710242986679,0.14030015468597412,86.49285125732422,86.4928970336914,85.96998596191406,0.010952486656606197,1.0952486991882324,5.021385192871094,-5.021385192871094,0.34882619976997375,0.34880930185317993,0.3967592120170593,65.11738586425781,65.11907196044922,60.32407760620117,0.2393554300069809,23.935543060302734,-8.618249893188477
39,2,Drums,40.3687744140625,-40.36915588378906,8.853735198499635e-05,8.853735198499635e-05,0.0,99.99114990234375,99.99114990234375,100.0,9.184123337035999e-05,0.009184123016893864,10.343935012817383,-10.343934059143066,0.1419573873281479,0.1419573277235031,0.1701742559671402,85.80426025390625,85.80426788330078,82.98257446289062,0.08457272499799728,8.45727252960205,-29.18307113647461
40,0,Vocal,16.357133865356445,-16.35715103149414,0.007081001065671444,0.00708099827170372,0.007689695339649916,99.29190063476562,99.29190063476562,99.23102569580078,0.02261272259056568,2.2612721920013428,29.934986114501953,-29.934852600097656,0.008721926249563694,0.008721894584596157,0.012264790944755077,99.1278076171875,99.1278076171875,98.77352142333984,0.0010140753583982587,0.10140753537416458,13.602134704589844
40,1,Bass,29.490127563476562,-29.489788055419922,0.00681817252188921,0.0068181720562279224,0.007097035180777311,99.31818389892578,99.31818389892578,99.29029846191406,0.0011233582627028227,0.11233582347631454,25.93144416809082,-25.93138885498047,0.2564687728881836,0.2564679682254791,0.26395291090011597,74.35311889648438,74.35320281982422,73.60470581054688,0.0025453902781009674,0.25453901290893555,-1.106818437576294
40,2,Drums,21.837135314941406,-21.837120056152344,0.0050150565803050995,0.005015056114643812,0.005020994693040848,99.49848937988281,99.49848937988281,99.4979019165039,0.006508041638880968,0.6508041620254517,26.348827362060547,-26.348846435546875,0.041061438620090485,0.04106141999363899,0.04101162031292915,95.89385223388672,95.89385986328125,95.89883422851562,0.0023126783780753613,0.23126783967018127,4.646463871002197
41,0,Vocal,32.830318450927734,-32.83004379272461,0.002873857505619526,0.002873857505619526,0.0036614565178751945,99.71261596679688,99.71261596679688,99.63385772705078,0.0005208952934481204,0.05208953097462654,26.581077575683594,-26.581104278564453,0.2747400104999542,0.274739533662796,0.27816230058670044,72.5260009765625,72.52604675292969,72.18376922607422,0.002192464889958501,0.2192464917898178,-3.7675743103027344
41,1,Bass,32.660640716552734,-32.660377502441406,0.054009824991226196,0.05400969833135605,0.05763165280222893,94.5990219116211,94.59902954101562,94.23683166503906,0.0005416308413259685,0.05416308343410492,3.4958646297454834,-3.4958646297454834,0.16978813707828522,0.1697799414396286,0.16146498918533325,83.02118682861328,83.02200317382812,83.85350036621094,0.30896711349487305,30.896711349487305,-27.79131317138672
41,2,Drums,33.741355895996094,-33.741485595703125,0.0028381752781569958,0.0028381752781569958,0.003426528535783291,99.71617889404297,99.71617889404297,99.6573486328125,0.0004223623836878687,0.04223623871803284,13.36549186706543,-13.36549186706543,0.33192282915115356,0.33192259073257446,0.3098071217536926,66.8077163696289,66.8077392578125,69.019287109375,0.044044189155101776,4.4044189453125,-19.43454360961914
42,0,Vocal,24.24237060546875,-24.242359161376953,0.0014419000362977386,0.0014418999198824167,0.0028653531335294247,99.8558120727539,99.8558120727539,99.71346282958984,0.0037508662790060043,0.37508663535118103,17.028133392333984,-17.028127670288086,0.18975268304347992,0.18975265324115753,0.16660167276859283,81.02472686767578,81.02473449707031,83.33983612060547,0.01943851262331009,1.9438512325286865,-5.02890682220459
42,1,Bass,21.69570541381836,-21.695653915405273,0.00901472382247448,0.009014704264700413,0.03852051496505737,99.09852600097656,99.09852600097656,96.14794921875,0.006722067948430777,0.6722068190574646,7.97316312789917,-7.973162651062012,0.5433374047279358,0.5433361530303955,0.5476992130279541,45.666259765625,45.666385650634766,45.230079650878906,0.13753826916217804,13.753827095031738,0.47050023078918457
42,2,Drums,22.0479736328125,-22.047948837280273,0.0003144433721899986,0.0003144432557746768,0.009428908117115498,99.96855926513672,99.96855926513672,99.0571060180664,0.0062015727162361145,0.6201572418212891,19.773513793945312,-19.77350425720215,0.05250057950615883,0.05250057205557823,0.05446450412273407,94.74993896484375,94.74994659423828,94.55355072021484,0.010425536893308163,1.0425536632537842,-1.693718671798706
43,0,Vocal,19.36136245727539,-19.36136245727539,0.01695321686565876,0.01695321314036846,0.016061048954725266,98.30467987060547,98.30467987060547,98.39389038085938,0.011451438069343567,1.145143747329712,34.39445877075195,-34.39572525024414,0.004540181253105402,0.004540181253105402,0.004739020019769669,99.54598236083984,99.54598236083984,99.52609252929688,0.00036338268546387553,0.03633826971054077,15.094030380249023
43,1,Bass,38.6104850769043,-38.61100769042969,0.009353992529213428,0.009353912435472012,0.008469329215586185,99.0645980834961,99.06460571289062,99.15306854248047,0.00013768997450824827,0.0137689970433712,19.857994079589844,-19.857967376708984,0.07557601481676102,0.07557579129934311,0.1098259687423706,92.44239807128906,92.44242095947266,89.01740264892578,0.010226716287434101,1.0226715803146362,-17.23276138305664
43,2,Drums,29.242822647094727,-29.242919921875,0.00794319249689579,0.007943189702928066,0.007835270836949348,99.20568084716797,99.20568084716797,99.21647644042969,0.0011890589958056808,0.11890590190887451,24.720094680786133,-24.720054626464844,0.056826334446668625,0.056826330721378326,0.06949020177125931,94.31736755371094,94.31736755371094,93.05097961425781,0.0033614598214626312,0.3361459970474243,-3.6125171184539795
44,0,Vocal,24.13318634033203,-24.133298873901367,0.009427261538803577,0.009427260607481003,0.010453715920448303,99.0572738647461,99.0572738647461,98.95462799072266,0.0038459652569144964,0.3845965266227722,27.220027923583984,-27.219877243041992,0.019719500094652176,0.019719500094652176,0.020075583830475807,98.0280532836914,98.0280532836914,97.99244689941406,0.0018931246595457196,0.18931247293949127,3.164855718612671
44,1,Bass,19.557098388671875,-19.557100296020508,0.012723404914140701,0.012723404914140701,0.03370065614581108,98.7276611328125,98.7276611328125,96.62993621826172,0.010952329263091087,1.0952329635620117,23.654470443725586,-23.65445899963379,0.2984521985054016,0.29845017194747925,0.30246785283088684,70.15477752685547,70.15498352050781,69.75321960449219,0.00429220637306571,0.42922064661979675,6.222163677215576
44,2,Drums,29.045318603515625,-29.045337677001953,0.0013280273415148258,0.0013280273415148258,0.0006505216588266194,99.86719512939453,99.86719512939453,99.93494415283203,0.0012443067971616983,0.12443067878484726,19.23202896118164,-19.232036590576172,0.07575903087854385,0.07575903087854385,0.061812400817871094,92.4240951538086,92.4240951538086,93.81875610351562,0.011793523095548153,1.1793522834777832,-9.453350067138672
45,0,Vocal,29.050321578979492,-29.050079345703125,0.0035785180516541004,0.0035785173531621695,0.00433012330904603,99.64214324951172,99.64214324951172,99.5669937133789,0.0012428994523361325,0.12428994476795197,13.554545402526855,-13.554548263549805,0.33018916845321655,0.3301880359649658,0.33429861068725586,66.98108673095703,66.98119354248047,66.57013702392578,0.04224730283021927,4.224730491638184,-12.885992050170898
45,1,Bass,23.825542449951172,-23.82544708251953,0.014152033254504204,0.014151915907859802,0.0218080785125494,98.58479309082031,98.58480834960938,97.8191909790039,0.004127169959247112,0.41271698474884033,26.821640014648438,-26.821670532226562,0.07417374849319458,0.07417282462120056,0.09049839526414871,92.58262634277344,92.58271789550781,90.95016479492188,0.0020746267400681973,0.20746266841888428,4.345643997192383
45,2,Drums,31.57719612121582,-31.577289581298828,0.0021629524417221546,0.0021629524417221546,0.001262687030248344,99.78370666503906,99.78370666503906,99.87373352050781,0.0006949796224944293,0.0694979652762413,23.830646514892578,-23.83064079284668,0.027704797685146332,0.027704795822501183,0.01703902892768383,97.22952270507812,97.22952270507812,98.29609680175781,0.004122319631278515,0.4122319519519806,-7.109635353088379
46,0,Vocal,20.593616485595703,-20.593624114990234,0.010961311869323254,0.010961275547742844,0.01030742283910513,98.90386962890625,98.90386962890625,98.96925354003906,0.008647080510854721,0.8647080659866333,26.043182373046875,-26.043075561523438,0.03549918159842491,0.03549913689494133,0.03217224404215813,96.45008087158203,96.45008087158203,96.78277587890625,0.002480877563357353,0.24808776378631592,6.027393817901611
46,1,Bass,18.695432662963867,-18.695438385009766,0.009639198891818523,0.009639189578592777,0.009552068077027798,99.03607940673828,99.03607940673828,99.04479217529297,0.013323865830898285,1.3323866128921509,27.584911346435547,-27.58479881286621,0.058480154722929,0.05847901478409767,0.06875216960906982,94.15198516845703,94.152099609375,93.12478637695312,0.001740786712616682,0.17407867312431335,9.681052207946777
46,2,Drums,28.198623657226562,-28.198545455932617,0.0014241916360333562,0.0014241915196180344,0.0003327822487335652,99.85758209228516,99.85758209228516,99.96672058105469,0.0015117524890229106,0.15117524564266205,19.985713958740234,-19.98569107055664,0.14199945330619812,0.14199776947498322,0.1336790919303894,85.800048828125,85.80022430419922,86.63208770751953,0.00993330031633377,0.9933300018310547,-6.606417655944824
47,0,Vocal,19.0064697265625,-19.0064754486084,0.016244595870375633,0.016244595870375633,0.02068684995174408,98.37554168701172,98.37554168701172,97.93131256103516,0.012414442375302315,1.2414442300796509,31.071758270263672,-31.071544647216797,0.016140755265951157,0.01614070124924183,0.017520887777209282,98.38592529296875,98.38593292236328,98.24790954589844,0.0007807151996530592,0.07807151973247528,12.054815292358398
47,1,Bass,21.944488525390625,-21.94446563720703,0.03654247894883156,0.03654247522354126,0.03361443802714348,96.34574890136719,96.34574890136719,96.63855743408203,0.006350192241370678,0.6350192427635193,28.36412811279297,-28.364402770996094,0.053416743874549866,0.05341630056500435,0.05582385137677193,94.6583251953125,94.65837097167969,94.41761016845703,0.0014552955981343985,0.14552955329418182,6.833233833312988
47,2,Drums,30.907329559326172,-30.907180786132812,0.0006496772984974086,0.0006496767164207995,0.0,99.93502807617188,99.93502807617188,100.0,0.0008107853354886174,0.08107853680849075,20.426359176635742,-20.42633056640625,0.3796049952507019,0.3795894980430603,0.3755092918872833,62.03950119018555,62.04104995727539,62.449073791503906,0.008983519859611988,0.8983519673347473,-3.5899219512939453
48,0,Vocal,13.727160453796387,-13.72715950012207,0.11626940220594406,0.11626850813627243,0.1162138432264328,88.37306213378906,88.3731460571289,88.37861633300781,0.0406680591404438,4.066805839538574,13.383440971374512,-13.383440017700195,0.20452027022838593,0.20451205968856812,0.18664218485355377,79.5479736328125,79.54879760742188,81.33578491210938,0.04387054964900017,4.387054920196533,1.8118218183517456
48,1,Bass,16.847379684448242,-16.84737777709961,0.16629619896411896,0.16629581153392792,0.171399787068367,83.3703842163086,83.37041473388672,82.86002349853516,0.02024783194065094,2.024783134460449,20.441184997558594,-20.441190719604492,0.11980260908603668,0.11980137228965759,0.10897210240364075,88.01973724365234,88.01985931396484,89.10279083251953,0.008953209966421127,0.8953210115432739,5.55088996887207
48,2,Drums,31.897708892822266,-31.89759063720703,0.0004644798464141786,0.0004644797299988568,0.001296232920140028,99.95355224609375,99.95355224609375,99.87037658691406,0.000645615509711206,0.06456155329942703,15.564800262451172,-15.564793586730957,0.3399730324745178,0.33997127413749695,0.30170854926109314,66.00269317626953,66.00286865234375,69.82913970947266,0.027016300708055496,2.701630115509033,-11.998064041137695
49,0,Vocal,20.99530029296875,-20.99529266357422,0.02124355360865593,0.02124355360865593,0.026654453948140144,97.87564086914062,97.87564086914062,97.33454895019531,0.007889151573181152,0.7889151573181152,36.68082809448242,-36.68046188354492,0.005147132091224194,0.005147132091224194,0.009154103696346283,99.48528289794922,99.48528289794922,99.0845947265625,0.00021466727775987238,0.021466728299856186,15.748151779174805
49,1,Bass,34.81145095825195,-34.811614990234375,0.03806832432746887,0.03806832432746887,0.031759750097990036,96.19316864013672,96.19316864013672,96.82402801513672,0.0003301687247585505,0.0330168716609478,20.747493743896484,-20.747461318969727,0.13670533895492554,0.13670524954795837,0.14463214576244354,86.3294677734375,86.32947540283203,85.53678131103516,0.008348563686013222,0.834856390953064,-8.899325370788574
49,2,Drums,30.217370986938477,-30.216997146606445,0.0026967423036694527,0.002696742070838809,0.0013317844131961465,99.7303237915039,99.7303237915039,99.8668212890625,0.0009503067121841013,0.09503067284822464,20.50293731689453,-20.502927780151367,0.055770523846149445,0.055770523846149445,0.050950728356838226,94.4229507446289,94.4229507446289,94.9049301147461,0.00882790144532919,0.8827901482582092,-8.750861167907715
50,0,Vocal,17.203157424926758,-17.203155517578125,0.09037580341100693,0.09037569910287857,0.09365583956241608,90.9624252319336,90.9624252319336,90.63441467285156,0.018684975802898407,1.868497610092163,27.040998458862305,-27.04096031188965,0.08013744652271271,0.080137237906456,0.08133582770824432,91.98625946044922,91.98627471923828,91.86641693115234,0.0019726480823010206,0.19726480543613434,9.853326797485352
50,1,Bass,9.891077995300293,-9.891079902648926,0.07566508650779724,0.07566508650779724,0.06460913270711899,92.43348693847656,92.43348693847656,93.5390853881836,0.09300320595502853,9.300320625305176,19.57002067565918,-19.570003509521484,0.20273110270500183,0.2027309238910675,0.1664379984140396,79.72688293457031,79.72691345214844,83.356201171875,0.010920179076492786,1.0920178890228271,11.2608642578125
50,2,Drums,32.661598205566406,-32.66156768798828,0.0014166252221912146,0.0014166251057758927,0.0008315307786688209,99.85833740234375,99.85833740234375,99.9168472290039,0.0005414920742623508,0.05414920672774315,6.391111373901367,-6.391110897064209,0.5623984336853027,0.56238853931427,0.574619472026825,43.760154724121094,43.761146545410156,42.53805160522461,0.18669840693473816,18.66983985900879,-21.81402587890625
51,0,Vocal,16.980606079101562,-16.980606079101562,0.08375702798366547,0.08375656604766846,0.08307544142007828,91.62429809570312,91.62434387207031,91.69245147705078,0.019648175686597824,1.9648175239562988,12.112956047058105,-12.112961769104004,0.387405663728714,0.3874056041240692,0.3968079388141632,61.259437561035156,61.259437561035156,60.319210052490234,0.057915374636650085,5.791537284851074,-0.3945390582084656
51,1,Bass,23.09033966064453,-23.090335845947266,0.1358334869146347,0.13583241403102875,0.1313653588294983,86.4166488647461,86.41675567626953,86.86346435546875,0.004884738940745592,0.48847389221191406,20.262981414794922,-20.262981414794922,0.13451416790485382,0.1345130056142807,0.13510219752788544,86.548583984375,86.54869842529297,86.48977661132812,0.00932469591498375,0.9324696063995361,-1.5684784650802612
51,2,Drums,32.06624221801758,-32.066162109375,0.0009802273707464337,0.0009802266722545028,0.0020621626172214746,99.9019775390625,99.9019775390625,99.79378509521484,0.0006210355786606669,0.06210355833172798,11.042037963867188,-11.04203987121582,0.3646865487098694,0.36468416452407837,0.3386427164077759,63.53134536743164,63.53158187866211,66.13572692871094,0.07293041795492172,7.293041706085205,-17.455156326293945
52,0,Vocal,19.851221084594727,-19.851200103759766,0.12324542552232742,0.12324488908052444,0.12102968990802765,87.67546081542969,87.6755142211914,87.89703369140625,0.010242513380944729,1.0242513418197632,8.962898254394531,-8.962897300720215,0.26694202423095703,0.26692235469818115,0.2945210039615631,73.30580139160156,73.3077621459961,70.54790496826172,0.11266707628965378,11.266707420349121,-8.5188627243042
52,1,Bass,12.996245384216309,-12.996244430541992,0.10948080569505692,0.10948065668344498,0.11502833664417267,89.05191802978516,89.05193328857422,88.4971694946289,0.047766055911779404,4.776605606079102,11.464277267456055,-11.464276313781738,0.31372734904289246,0.31372520327568054,0.3101348876953125,68.62725830078125,68.62747955322266,68.98651123046875,0.0666237398982048,6.662374019622803,2.0834619998931885
52,2,Drums,35.52500534057617,-35.525386810302734,0.000610177346970886,0.0006101771723479033,0.0015136166475713253,99.93898010253906,99.93898010253906,99.84864044189453,0.0002801315567921847,0.028013154864311218,18.049171447753906,-18.049175262451172,0.2505718171596527,0.2505705952644348,0.2292787730693817,74.94281768798828,74.94293975830078,77.0721206665039,0.015428714454174042,1.5428714752197266,-13.35831069946289
53,0,Vocal,19.83648681640625,-19.83649444580078,0.053748372942209244,0.05374835431575775,0.05362425372004509,94.62516021728516,94.62516021728516,94.6375732421875,0.01027699001133442,1.0276989936828613,20.62331199645996,-20.62335968017578,0.08904825896024704,0.0890481024980545,0.101004458963871,91.09517669677734,91.0951919555664,89.89955139160156,0.008588556200265884,0.8588556051254272,1.5304381847381592
53,1,Bass,17.084091186523438,-17.084091186523438,0.09027238190174103,0.09027165919542313,0.09937163442373276,90.97276306152344,90.97283172607422,90.06283569335938,0.019194362685084343,1.9194362163543701,21.848560333251953,-21.84853744506836,0.1984250545501709,0.19842194020748138,0.1854194849729538,80.1574935913086,80.15780639648438,81.45805358886719,0.006491098087280989,0.6491097807884216,7.043756008148193
53,2,Drums,34.03165817260742,-34.031455993652344,0.000978113734163344,0.0009781125700101256,0.0025072009302675724,99.90219116210938,99.90219116210938,99.74928283691406,0.00039506895700469613,0.03950689733028412,10.621524810791016,-10.6215238571167,0.4645204246044159,0.4645082950592041,0.40143540501594543,53.54795455932617,53.549171447753906,59.85646057128906,0.07975383847951889,7.975383758544922,-19.18929672241211
54,0,Vocal,22.47241973876953,-22.472400665283203,0.0584324412047863,0.05843241512775421,0.05848369002342224,94.15675354003906,94.1567611694336,94.15162658691406,0.005627465434372425,0.562746524810791,25.164430618286133,-25.164396286010742,0.07051365822553635,0.07051362842321396,0.07731527090072632,92.9486312866211,92.94863891601562,92.26847076416016,0.0030355374328792095,0.3035537302494049,3.391922950744629
54,1,Bass,9.776016235351562,-9.77601432800293,0.031123589724302292,0.031123589724302292,0.03038955293595791,96.88764190673828,96.88764190673828,96.96104431152344,0.09526228904724121,9.526228904724121,26.91771697998047,-26.917652130126953,0.056861113756895065,0.05686110630631447,0.06638133525848389,94.31388854980469,94.31388854980469,93.36186981201172,0.0020292887929826975,0.20292888581752777,19.726266860961914
54,2,Drums,44.21929931640625,-44.222015380859375,0.0009313129121437669,0.0009313122136518359,0.0008145763422362506,99.90686798095703,99.90686798095703,99.91854095458984,3.784750515478663e-05,0.0037847505882382393,14.947698593139648,-14.947701454162598,0.35535022616386414,0.35534512996673584,0.35761865973472595,64.46497344970703,64.46548461914062,64.23812866210938,0.03101329319179058,3.1013293266296387,-24.940292358398438
55,0,Vocal,19.462383270263672,-19.4623966217041,0.15233725309371948,0.15233691036701202,0.15454797446727753,84.76627349853516,84.76631164550781,84.54520416259766,0.011191150173544884,1.1191149950027466,24.20038604736328,-24.200389862060547,0.08429662138223648,0.08429598063230515,0.08754109591245651,91.5703353881836,91.57040405273438,91.24588775634766,0.0037871678359806538,0.3787167966365814,4.8395256996154785
55,1,Bass,32.98519515991211,-32.98509216308594,0.08650879561901093,0.08650859445333481,0.082595594227314,91.34912109375,91.3491439819336,91.74044036865234,0.0005026503349654377,0.050265032798051834,20.582881927490234,-20.582881927490234,0.08866148442029953,0.08866047114133835,0.07609322667121887,91.13385009765625,91.13394927978516,92.39067840576172,0.008668234571814537,0.8668234348297119,-11.297282218933105
55,2,Drums,44.39374542236328,-44.38959503173828,0.0005662739858962595,0.000566273694857955,0.0,99.94336700439453,99.94337463378906,100.0,3.6365872801980004e-05,0.0036365871783345938,20.732513427734375,-20.73250961303711,0.1478952169418335,0.1478906124830246,0.13072407245635986,85.21047973632812,85.2109375,86.9275894165039,0.008377168327569962,0.837716817855835,-21.795490264892578
56,0,Vocal,31.244718551635742,-31.244644165039062,0.006439576856791973,0.0064395698718726635,0.008084971457719803,99.35604095458984,99.35604095458984,99.1915054321289,0.0007502568769268692,0.07502568513154984,21.13654327392578,-21.13654899597168,0.14681485295295715,0.14681480824947357,0.15009714663028717,85.31851959228516,85.31851959228516,84.99028778076172,0.007638612762093544,0.7638612985610962,-8.929421424865723
56,1,Bass,29.01625633239746,-29.016077041625977,0.005424611736088991,0.005424611270427704,0.0038606792222708464,99.45753479003906,99.45753479003906,99.61393737792969,0.001252672984264791,0.12526729702949524,12.141594886779785,-12.141590118408203,0.2703554332256317,0.27035030722618103,0.2624078094959259,72.9644546508789,72.9649658203125,73.75922393798828,0.05755672603845596,5.755672454833984,-12.055209159851074
56,2,Drums,29.73058319091797,-29.730480194091797,0.003126402385532856,0.003126402385532856,0.003476308658719063,99.68736267089844,99.68736267089844,99.6523666381836,0.0010629263706505299,0.10629263520240784,20.136276245117188,-20.13627052307129,0.027696536853909492,0.027696534991264343,0.01596130058169365,97.2303466796875,97.2303466796875,98.40386962890625,0.009598053060472012,0.9598053097724915,-9.235045433044434
57,0,Vocal,24.82598876953125,-24.826162338256836,0.009333992376923561,0.009333983063697815,0.011211439967155457,99.06660461425781,99.06660461425781,98.87885284423828,0.0032806808594614267,0.3280680775642395,19.056365966796875,-19.05634307861328,0.09781467169523239,0.09781461954116821,0.09948926419019699,90.2185287475586,90.21853637695312,90.05107116699219,0.012274428270757198,1.2274428606033325,-4.678337574005127
57,1,Bass,31.238853454589844,-31.238767623901367,0.0029474785551428795,0.002947478322312236,0.004345770459622145,99.70525360107422,99.70525360107422,99.56542205810547,0.0007512471056543291,0.07512471079826355,14.704679489135742,-14.704666137695312,0.483684241771698,0.48368245363235474,0.47410690784454346,51.63157653808594,51.63175582885742,52.58930969238281,0.032739780843257904,3.2739779949188232,-5.933523178100586
57,2,Drums,27.78377342224121,-27.783737182617188,0.0020273029804229736,0.0020273029804229736,0.0035184966400265694,99.79727172851562,99.79727172851562,99.64814758300781,0.001663037110120058,0.16630370914936066,14.144383430480957,-14.14438247680664,0.20955483615398407,0.20955374836921692,0.17756569385528564,79.04451751708984,79.04463195800781,82.2434310913086,0.0370810367166996,3.708103656768799,-12.637449264526367
58,0,Vocal,17.717599868774414,-17.717607498168945,0.006774162407964468,0.006774161942303181,0.00840526819229126,99.32257843017578,99.32257843017578,99.15946960449219,0.016632385551929474,1.663238525390625,37.63146209716797,-37.63140869140625,0.0060027288272976875,0.006002721376717091,0.007636950351297855,99.39972686767578,99.39972686767578,99.2363052368164,0.00017252487305086106,0.017252488061785698,19.98172378540039
58,1,Bass,27.665645599365234,-27.665477752685547,0.0037823377642780542,0.003782334504649043,0.0035000378265976906,99.62176513671875,99.62176513671875,99.64999389648438,0.0017088353633880615,0.17088353633880615,-3.375971555709839,3.375971555709839,0.43939778208732605,0.43932244181632996,0.49190181493759155,56.060218811035156,56.067752838134766,50.809818267822266,0.6851078867912292,68.51078796386719,-19.44355010986328
58,2,Drums,28.013296127319336,-28.013212203979492,0.0016507674008607864,0.0016507664695382118,0.0026614440139383078,99.83492279052734,99.83492279052734,99.73385620117188,0.0015776115469634533,0.15776115655899048,18.947908401489258,-18.94790267944336,0.1011740192770958,0.10117395222187042,0.11913510411977768,89.88259887695312,89.88260650634766,88.08649444580078,0.012580852024257183,1.2580852508544922,-7.973263740539551
59,0,Vocal,20.146608352661133,-20.146615982055664,0.0033666256349533796,0.003366625402122736,0.003223222913220525,99.66333770751953,99.66333770751953,99.67767333984375,0.00957543682307005,0.957543671131134,10.209413528442383,-10.209413528442383,0.19116975367069244,0.19116969406604767,0.22989051043987274,80.88302612304688,80.8830337524414,77.01094818115234,0.08700187504291534,8.700187683105469,-7.714622974395752
59,1,Bass,29.64727210998535,-29.647274017333984,0.001825952553190291,0.001825952436774969,0.000764473807066679,99.8174057006836,99.8174057006836,99.92355346679688,0.0010834387503564358,0.10834387689828873,17.46554183959961,-17.465547561645508,0.26775112748146057,0.267749160528183,0.28898385167121887,73.22489166259766,73.22508239746094,71.10161590576172,0.017608825117349625,1.7608824968338013,-6.760889053344727
59,2,Drums,23.776691436767578,-23.77672004699707,0.003998073283582926,0.003998073283582926,0.0006823946605436504,99.60018920898438,99.60018920898438,99.93175506591797,0.004173607565462589,0.41736075282096863,28.032732009887695,-28.03278923034668,0.03917086869478226,0.039170850068330765,0.038032010197639465,96.08291625976562,96.08291625976562,96.1968002319336,0.0015705310506746173,0.15705309808254242,4.763942718505859
60,0,Vocal,36.38257598876953,-36.382144927978516,0.006786010228097439,0.006786007434129715,0.0074394578114151955,99.32140350341797,99.32140350341797,99.25605773925781,0.00022999408247414976,0.022999407723546028,19.740989685058594,-19.740997314453125,0.1929035633802414,0.19290338456630707,0.1897050142288208,80.70964050292969,80.70966339111328,81.02949523925781,0.010503057390451431,1.050305724143982,-13.657498359680176
60,1,Bass,34.48955154418945,-34.48923873901367,0.007323767524212599,0.007323756814002991,0.007953259162604809,99.26762390136719,99.26762390136719,99.20467376708984,0.0003555399307515472,0.03555399179458618,22.59627914428711,-22.596221923828125,0.06041514500975609,0.060414958745241165,0.06272204220294952,93.95848846435547,93.95850372314453,93.72779846191406,0.00547002861276269,0.5470028519630432,-11.075867652893066
60,2,Drums,37.34540939331055,-37.34447479248047,0.0034983607474714518,0.003498359117656946,0.0035583563148975372,99.65016174316406,99.65016174316406,99.6441650390625,0.0001842369674704969,0.018423696979880333,27.522058486938477,-27.522064208984375,0.03346172720193863,0.03346172347664833,0.02760802023112774,96.65382385253906,96.65382385253906,97.23919677734375,0.0017661431338638067,0.17661431431770325,-9.360189437866211
61,0,Vocal,19.539997100830078,-19.539997100830078,0.005217725411057472,0.005217723548412323,0.006604448426514864,99.47822570800781,99.47822570800781,99.33955383300781,0.010995087213814259,1.0995087623596191,21.978548049926758,-21.978527069091797,0.09087511897087097,0.09087499976158142,0.09817515313625336,90.91248321533203,90.9124984741211,90.18247985839844,0.0063008591532707214,0.6300859451293945,3.032822847366333
61,1,Bass,29.62865447998047,-29.62868881225586,0.0022259936667978764,0.0022259934339672327,0.002594851655885577,99.77739715576172,99.77739715576172,99.74051666259766,0.0010880474001169205,0.10880474001169205,17.340255737304688,-17.340261459350586,0.5794437527656555,0.5794373154640198,0.5772154927253723,42.055625915527344,42.05626678466797,42.27845001220703,0.018114902079105377,1.8114901781082153,-6.637164115905762
61,2,Drums,30.508853912353516,-30.508928298950195,0.005570149049162865,0.005570137407630682,0.006223461590707302,99.44298553466797,99.44298553466797,99.37765502929688,0.0008886618306860328,0.08886618167161942,20.815650939941406,-20.815656661987305,0.08333654701709747,0.08333627879619598,0.11247514933347702,91.66634368896484,91.66637420654297,88.75248718261719,0.008219623938202858,0.8219624161720276,-8.635383605957031
62,0,Vocal,31.566028594970703,-31.565956115722656,0.0021677103359252214,0.0021677103359252214,0.0028411925304681063,99.78323364257812,99.78323364257812,99.71588134765625,0.0006967766094021499,0.06967765837907791,13.400386810302734,-13.400386810302734,0.18934868276119232,0.18934860825538635,0.1600145548582077,81.06513214111328,81.06513977050781,83.99854278564453,0.04370718449354172,4.370718479156494,-16.272371292114258
62,1,Bass,15.534276962280273,-15.534292221069336,0.018046075478196144,0.018046028912067413,0.039456915110349655,98.19538879394531,98.19539642333984,96.05430603027344,0.0272015780210495,2.7201578617095947,19.73797607421875,-19.73798370361328,0.12829135358333588,0.12829135358333588,0.12985920906066895,87.17086029052734,87.17086029052734,87.01407623291016,0.010510293766856194,1.0510293245315552,5.602367877960205
62,2,Drums,38.82240676879883,-38.820533752441406,0.0005392470047809184,0.0005392445018514991,0.0020172782242298126,99.94607543945312,99.94607543945312,99.79827117919922,0.000131157721625641,0.013115772046148777,11.096129417419434,-11.096128463745117,0.3795018494129181,0.3795000910758972,0.34228411316871643,62.04981994628906,62.049991607666016,65.77159118652344,0.07209277153015137,7.209277153015137,-21.969318389892578
63,0,Vocal,24.88544464111328,-24.885461807250977,0.024738719686865807,0.024738719686865807,0.032906122505664825,97.52613067626953,97.52613067626953,96.70938873291016,0.003236260963603854,0.3236261010169983,28.54099464416504,-28.541078567504883,0.014676986262202263,0.014676980674266815,0.02382364682853222,98.53230285644531,98.53230285644531,97.61763763427734,0.001397308544255793,0.13973085582256317,3.6716079711914062
63,1,Bass,27.09724235534668,-27.09721565246582,0.0027193655259907246,0.0027193620335310698,0.005921091418713331,99.72806549072266,99.72806549072266,99.40789031982422,0.0019472582498565316,0.19472582638263702,11.277311325073242,-11.277307510375977,0.5087813138961792,0.5087052583694458,0.4642627537250519,49.12186813354492,49.12947463989258,53.573726654052734,0.06935135275125504,6.935135364532471,-7.881577014923096
63,2,Drums,30.35954475402832,-30.359466552734375,0.0005654755514115095,0.0005654754932038486,0.006433924660086632,99.94345092773438,99.94345092773438,99.35661315917969,0.000919716723728925,0.09197167307138443,19.403892517089844,-19.403884887695312,0.17269055545330048,0.17269042134284973,0.16945669054985046,82.73094177246094,82.73095703125,83.05432891845703,0.011341148987412453,1.1341148614883423,-9.15977954864502
64,0,Vocal,23.586198806762695,-23.586200714111328,0.03169719874858856,0.03169715777039528,0.034292466938495636,96.83027648925781,96.83028411865234,96.57075500488281,0.0043600029312074184,0.4360002875328064,20.07878303527832,-20.07877540588379,0.12255808711051941,0.12255805730819702,0.11858069151639938,87.74418640136719,87.74419403076172,88.14192962646484,0.009724750183522701,0.972474992275238,-2.8611578941345215
64,1,Bass,28.63323974609375,-28.63323211669922,0.050164759159088135,0.05016433820128441,0.04872683063149452,94.9835205078125,94.98356628417969,95.12731170654297,0.0013679759576916695,0.13679759204387665,5.6906418800354,-5.690641403198242,0.35435834527015686,0.35434502363204956,0.3885296881198883,64.56417083740234,64.56549835205078,61.14703369140625,0.21243351697921753,21.243350982666016,-18.348623275756836
64,2,Drums,48.629859924316406,-48.627159118652344,0.0003550272958818823,0.0003550272958818823,0.000144440884469077,99.9645004272461,99.9645004272461,99.98555755615234,1.3711985957343131e-05,0.0013711985666304827,38.958778381347656,-38.95948791503906,0.003991270903497934,0.003991270903497934,0.00398953165858984,99.60087585449219,99.60087585449219,99.6010513305664,0.00012704820255748928,0.01270482037216425,-9.644119262695312
65,0,Vocal,22.122652053833008,-22.122722625732422,0.018215537071228027,0.018215535208582878,0.02070280909538269,98.1784439086914,98.1784439086914,97.92971801757812,0.006096460856497288,0.6096460819244385,25.739070892333984,-25.739089965820312,0.03277944400906563,0.03277943283319473,0.0338638573884964,96.72205352783203,96.72205352783203,96.61361694335938,0.002660342026501894,0.26603421568870544,3.866070032119751
65,1,Bass,19.774415969848633,-19.774429321289062,0.01566368155181408,0.015663614496588707,0.01693667471408844,98.43363189697266,98.43363952636719,98.30633544921875,0.01042336504906416,1.0423364639282227,17.34188461303711,-17.34186363220215,0.24976101517677307,0.24975794553756714,0.28522154688835144,75.0239028930664,75.02420806884766,71.47784423828125,0.018108228221535683,1.81082284450531,1.5521116256713867
65,2,Drums,40.33229064941406,-40.330204010009766,0.000756583409383893,0.0007565745618194342,0.0008685178472660482,99.92434692382812,99.92434692382812,99.91314697265625,9.263808897230774e-05,0.009263808839023113,32.245914459228516,-32.24610137939453,0.008408051915466785,0.008407983928918839,0.007469960488379002,99.15919494628906,99.1592025756836,99.25300598144531,0.0005958833498880267,0.05958833545446396,-7.955721855163574
66,0,Vocal,24.165260314941406,-24.165245056152344,0.018594155088067055,0.018594153225421906,0.016825992614030838,98.14058685302734,98.14058685302734,98.3174057006836,0.003817817661911249,0.38178175687789917,17.475698471069336,-17.475692749023438,0.1686120182275772,0.16861113905906677,0.15686489641666412,83.13880157470703,83.13888549804688,84.31351470947266,0.017568420618772507,1.756842017173767,-5.196074962615967
66,1,Bass,27.39188003540039,-27.39189338684082,0.07582233101129532,0.07582151144742966,0.08303248137235641,92.41776275634766,92.4178466796875,91.6967544555664,0.0018198174657300115,0.18198174238204956,7.588796138763428,-7.5887956619262695,0.7056189775466919,0.7056025862693787,0.7089434862136841,29.43810272216797,29.439741134643555,29.10565185546875,0.14837734401226044,14.83773422241211,-9.305887222290039
66,2,Drums,46.996665954589844,-46.999244689941406,0.0004355860874056816,0.0004355859418865293,0.0,99.9564437866211,99.9564437866211,100.0,1.9992043235106394e-05,0.0019992042798548937,41.924766540527344,-41.92581558227539,0.00206173793412745,0.0020617374684661627,0.0018453170778229833,99.79383087158203,99.79383087158203,99.81546783447266,6.42248778603971e-05,0.006422488018870354,-5.036518096923828
67,0,Vocal,3.953964948654175,-3.9539642333984375,0.5983262658119202,0.5983223915100098,0.6106157898902893,40.16737365722656,40.167762756347656,38.938419342041016,0.2869110405445099,28.691104888916016,9.712821960449219,-9.712821960449219,0.319968581199646,0.3198434114456177,0.3961035907268524,68.00314331054688,68.01565551757812,60.3896369934082,0.09652383625507355,9.652383804321289,5.746981143951416
67,1,Bass,30.329505920410156,-30.329601287841797,0.03586230427026749,0.03586230427026749,0.04011257365345955,96.41376495361328,96.41376495361328,95.9887466430664,0.0009260952938348055,0.09260953217744827,-8.858877182006836,8.858877182006836,0.6002156138420105,0.600206732749939,0.6572749614715576,39.97843933105469,39.97932815551758,34.27250289916992,0.8849161267280579,88.49161529541016,-17.048002243041992
67,2,Drums,40.09304428100586,-40.09309387207031,8.447958680335432e-05,8.447957952739671e-05,0.0,99.9915542602539,99.9915542602539,100.0,9.787351154955104e-05,0.00978735089302063,36.06878662109375,-36.06908416748047,0.003867464605718851,0.00386746390722692,0.0022328775376081467,99.6132583618164,99.6132583618164,99.77671813964844,0.0002471535699442029,0.024715356528759003,-3.9669899940490723
68,0,Vocal,19.652996063232422,-19.65300750732422,0.07859304547309875,0.07859282195568085,0.08275455981492996,92.14070129394531,92.14071655273438,91.72454833984375,0.010715705342590809,1.0715705156326294,29.71257781982422,-29.712608337402344,0.03609074652194977,0.036090508103370667,0.039172131568193436,96.39093017578125,96.39095306396484,96.0827865600586,0.0010673212818801403,0.10673213005065918,10.063202857971191
68,1,Bass,15.979593276977539,-15.979589462280273,0.01885855570435524,0.01885855570435524,0.016432229429483414,98.11414337158203,98.11414337158203,98.35678100585938,0.024615934118628502,2.4615933895111084,9.760915756225586,-9.76091480255127,0.41977882385253906,0.41977810859680176,0.4837992787361145,58.022117614746094,58.02219009399414,51.62007141113281,0.0955623909831047,9.556239128112793,1.7660419940948486
68,2,Drums,39.31748962402344,-39.317047119140625,0.0002495329244993627,0.0002495328662917018,0.0,99.97505187988281,99.97505187988281,100.0,0.00011703154450515285,0.01170315407216549,37.278472900390625,-37.27907943725586,0.003227605950087309,0.003227605950087309,0.0030882919672876596,99.67723846435547,99.67723846435547,99.69116973876953,0.00018708578136283904,0.018708577379584312,-2.0033867359161377
69,0,Vocal,24.279661178588867,-24.27963638305664,0.015088590793311596,0.015088588930666447,0.014468640089035034,98.49113464355469,98.49113464355469,98.55313110351562,0.0037188977003097534,0.37188977003097534,14.729291915893555,-14.729290962219238,0.17915254831314087,0.17915211617946625,0.1897842288017273,82.08474731445312,82.08478546142578,81.02157592773438,0.032560791820287704,3.2560791969299316,-8.41437816619873
69,1,Bass,20.313766479492188,-20.313751220703125,0.011066941544413567,0.011066917330026627,0.020164132118225098,98.893310546875,98.893310546875,97.98358917236328,0.009217278100550175,0.9217278361320496,3.213736057281494,-3.2137365341186523,0.635506808757782,0.6355004906654358,0.6281586289405823,36.449317932128906,36.449951171875,37.18413543701172,0.3230063021183014,32.300628662109375,-2.527022361755371
69,2,Drums,35.41097640991211,-35.410888671875,0.0011145946336910129,0.0011145356111228466,0.0,99.88854217529297,99.88854217529297,100.0,0.0002875673526432365,0.02875673584640026,32.862762451171875,-32.8626708984375,0.006607924122363329,0.006607573479413986,0.005114758852869272,99.33920288085938,99.33924102783203,99.488525390625,0.0005170632502995431,0.05170632526278496,-2.442112922668457
70,0,Vocal,13.57922077178955,-13.579221725463867,0.017341002821922302,0.01734098605811596,0.021530121564865112,98.26589965820312,98.26590728759766,97.84698486328125,0.04201798513531685,4.201798439025879,14.089147567749023,-14.089149475097656,0.3322819769382477,0.3322819769382477,0.3222585618495941,66.77180480957031,66.77180480957031,67.77413940429688,0.03753780946135521,3.7537808418273926,3.680541515350342
70,1,Bass,19.972835540771484,-19.97283363342285,0.01338281761854887,0.013382800854742527,0.013594652526080608,98.6617202758789,98.6617202758789,98.64053344726562,0.009962517768144608,0.9962517619132996,14.09752368927002,-14.09752368927002,0.3193722367286682,0.31937193870544434,0.32486197352409363,68.06277465820312,68.06280517578125,67.51380157470703,0.037468187510967255,3.746818780899048,-0.1875057965517044
70,2,Drums,29.963701248168945,-29.963674545288086,0.001063451636582613,0.001063451636582613,0.0006311670294962823,99.8936538696289,99.8936538696289,99.93688201904297,0.001007360639050603,0.10073606669902802,32.15727996826172,-32.15716552734375,0.02974175661802292,0.02974175661802292,0.026570092886686325,97.02582550048828,97.02582550048828,97.3429946899414,0.0006081932224333286,0.060819320380687714,2.420654535293579
71,0,Vocal,8.903924942016602,-8.903923988342285,0.011931182816624641,0.01193116046488285,0.0070519051514565945,98.806884765625,98.806884765625,99.29481506347656,0.11403173953294754,11.40317440032959,4.288293838500977,-4.288293838500977,0.6482158899307251,0.6482135653495789,0.6793211102485657,35.178409576416016,35.17864227294922,32.06789016723633,0.27142271399497986,27.142271041870117,6.982689380645752
71,1,Bass,20.46141815185547,-20.461410522460938,0.0038500677328556776,0.00385006470605731,0.010057040490210056,99.61499786376953,99.61499786376953,98.99429321289062,0.008911925368010998,0.8911925554275513,7.442326068878174,-7.442326545715332,0.6130114793777466,0.6129838824272156,0.6391188502311707,38.6988525390625,38.70161056518555,36.08811569213867,0.15268971025943756,15.26897144317627,-3.898350238800049
71,2,Drums,28.34972381591797,-28.349666595458984,0.0005021128454245627,0.0005021104007028043,0.0,99.94979095458984,99.94979095458984,100.0,0.0014601818984374404,0.14601819217205048,22.724611282348633,-22.724592208862305,0.050892800092697144,0.050892509520053864,0.046590548008680344,94.91072082519531,94.9107437133789,95.3409423828125,0.0053116315975785255,0.5311631560325623,-4.582652568817139
72,0,Vocal,29.91611671447754,-29.916067123413086,0.0014876212226226926,0.0014876212226226926,0.00208164076320827,99.85124206542969,99.85124206542969,99.79183959960938,0.001018524169921875,0.1018524169921875,23.990995407104492,-23.990964889526367,0.12677668035030365,0.12677651643753052,0.12324970215559006,87.32232666015625,87.32234954833984,87.6750259399414,0.003973514772951603,0.39735147356987,-4.033154487609863
72,1,Bass,10.379507064819336,-10.37950611114502,0.17055155336856842,0.17055144906044006,0.18471764028072357,82.9448471069336,82.94485473632812,81.52823638916016,0.0839407667517662,8.394076347351074,6.802575588226318,-6.802575588226318,0.602523148059845,0.6025209426879883,0.569721519947052,39.747684478759766,39.74790573120117,43.02784729003906,0.17273728549480438,17.27372932434082,6.831303119659424
72,2,Drums,26.13450813293457,-26.134536743164062,0.00013896386371925473,0.00013896386371925473,0.0018659697379916906,99.9861068725586,99.9861068725586,99.81340026855469,0.002429360756650567,0.24293607473373413,16.665752410888672,-16.66575050354004,0.11149775981903076,0.11149763315916061,0.09519139677286148,88.85022735595703,88.85023498535156,90.4808578491211,0.021094361320137978,2.10943603515625,-8.544918060302734
73,0,Vocal,24.844072341918945,-24.844032287597656,0.006204345729202032,0.006204345729202032,0.006193489767611027,99.37956237792969,99.37956237792969,99.38064575195312,0.003267185529693961,0.3267185389995575,21.422937393188477,-21.42292022705078,0.12284274399280548,0.12284274399280548,0.1276097595691681,87.71572875976562,87.71572875976562,87.23902893066406,0.007154636085033417,0.7154636383056641,-1.0397151708602905
73,1,Bass,12.603134155273438,-12.603134155273438,0.06867267936468124,0.06867243349552155,0.09198037534952164,93.13273620605469,93.13275909423828,90.80196380615234,0.052055831998586655,5.205583095550537,8.760875701904297,-8.760876655578613,0.21845605969429016,0.21845510601997375,0.28816115856170654,78.1543960571289,78.15449523925781,71.18388366699219,0.11740196496248245,11.740196228027344,-0.5099063515663147
73,2,Drums,32.65108871459961,-32.65079116821289,0.002060343511402607,0.0020603432785719633,0.0036679089535027742,99.7939682006836,99.7939682006836,99.63320922851562,0.0005428182194009423,0.054281823337078094,39.75231170654297,-39.750125885009766,0.0027018310502171516,0.002701830817386508,0.002752849832177162,99.72982025146484,99.72982025146484,99.72471618652344,0.00010587484575808048,0.010587484575808048,7.140127658843994
74,0,Vocal,38.00259780883789,-38.0013427734375,0.0008956593228504062,0.0008956589153967798,0.0014739568578079343,99.91043090820312,99.91043090820312,99.85260009765625,0.00015841599088162184,0.01584159955382347,12.194453239440918,-12.194462776184082,0.42703977227211,0.42703643441200256,0.42471998929977417,57.296024322509766,57.29636001586914,57.52799987792969,0.05689995735883713,5.689995765686035,-18.04916763305664
74,1,Bass,13.242268562316895,-13.242264747619629,0.03313556686043739,0.0331355556845665,0.017819426953792572,96.68643951416016,96.68644714355469,98.21806335449219,0.0452544130384922,4.5254411697387695,-4.242382526397705,4.242382049560547,0.622462809085846,0.622287392616272,0.5547253489494324,37.753719329833984,37.77125930786133,44.5274658203125,0.7264816761016846,72.6481704711914,-1.2738959789276123
74,2,Drums,22.579891204833984,-22.579856872558594,0.014976844191551208,0.014976739883422852,0.019293811172246933,98.50231170654297,98.50232696533203,98.07061767578125,0.005490622948855162,0.5490623116493225,23.554765701293945,-23.554780960083008,0.006847831420600414,0.006847794633358717,0.012255077250301838,99.31521606445312,99.31522369384766,98.77449035644531,0.004391474649310112,0.4391474723815918,0.9761385321617126
75,0,Vocal,-31.80809211730957,31.80809211730957,0.4689086079597473,0.4689072370529175,0.5290645956993103,53.10913848876953,53.109275817871094,47.09354019165039,0.9993409514427185,99.93409729003906,-3.4234557151794434,3.423454999923706,0.8463268280029297,0.8458969593048096,0.8721732497215271,15.367317199707031,15.410304069519043,12.782674789428711,0.687461793422699,68.74617767333984,7.437299728393555
75,1,Bass,13.99551773071289,-13.995519638061523,0.06499168276786804,0.06499158591032028,0.09597666561603546,93.5008316040039,93.50083923339844,90.40233612060547,0.03832454979419708,3.8324549198150635,15.885456085205078,-15.885449409484863,0.5640839338302612,0.5638213157653809,0.5545790791511536,43.59160614013672,43.61786651611328,44.542091369628906,0.025141792371869087,2.514179229736328,6.389350891113281
75,2,Drums,40.4512939453125,-40.45127868652344,0.00016890079132281244,0.00016890074766706675,0.0,99.98310852050781,99.98310852050781,100.0,9.013066301122308e-05,0.009013066068291664,16.460142135620117,-16.46013832092285,0.3762497901916504,0.3762224614620209,0.3629414439201355,62.375022888183594,62.377750396728516,63.70585632324219,0.022094447165727615,2.209444761276245,-21.94037437438965
76,0,Vocal,37.2316780090332,-37.231407165527344,0.002864917740225792,0.002864911686629057,0.0019344647880643606,99.71350860595703,99.71350860595703,99.80655670166016,0.00018913969688583165,0.01891396939754486,25.43716049194336,-25.437143325805664,0.08320263028144836,0.08320233970880508,0.08105573058128357,91.67974090576172,91.67976379394531,91.89442443847656,0.0028513078577816486,0.2851307988166809,-11.530380249023438
76,1,Bass,9.069572448730469,-9.069572448730469,0.11551596969366074,0.1155158132314682,0.11742343753576279,88.44840240478516,88.44841766357422,88.25765991210938,0.11023467779159546,11.023468017578125,9.213996887207031,-9.213994979858398,0.6311002969741821,0.6309494376182556,0.5510250329971313,36.88996887207031,36.90505599975586,44.89749526977539,0.10701494663953781,10.701494216918945,10.549145698547363
76,2,Drums,40.24102020263672,-40.240562438964844,0.0009425831376574934,0.0009425830794498324,0.0015826415037736297,99.9057388305664,99.9057388305664,99.84173583984375,9.460551518714055e-05,0.009460551664233208,22.04067039489746,-22.040679931640625,0.1047305017709732,0.10472945123910904,0.11266080290079117,89.5269546508789,89.52705383300781,88.73391723632812,0.006211943458765745,0.6211943626403809,-16.906396865844727
77,0,Vocal,28.301172256469727,-28.30113983154297,0.004925337620079517,0.004925337620079517,0.005406823940575123,99.5074691772461,99.5074691772461,99.45932006835938,0.0014765355736017227,0.14765354990959167,26.692411422729492,-26.692407608032227,0.0693444013595581,0.06934439390897751,0.06877806782722473,93.06555938720703,93.06555938720703,93.1221923828125,0.00213715061545372,0.213715061545372,-0.7449256777763367
77,1,Bass,15.423516273498535,-15.423538208007812,0.08750782161951065,0.08750694990158081,0.117072694003582,91.24921417236328,91.24930572509766,88.29273223876953,0.027884645387530327,2.7884645462036133,18.573591232299805,-18.57358169555664,0.18807657063007355,0.18807457387447357,0.17156760394573212,81.19234466552734,81.19254302978516,82.8432388305664,0.013697800226509571,1.3697800636291504,5.249370574951172
77,2,Drums,32.97541809082031,-32.97560119628906,0.0031930385157465935,0.003193026641383767,0.0026070084422826767,99.68069458007812,99.68069458007812,99.73930358886719,0.000503800343722105,0.05038003623485565,16.33818817138672,-16.338184356689453,0.27756181359291077,0.2775614857673645,0.2662443518638611,72.24382019042969,72.24385070800781,73.37556457519531,0.02270936407148838,2.2709364891052246,-13.470157623291016
78,0,Vocal,43.93472671508789,-43.9344367980957,0.0022399488370865583,0.0022399486042559147,0.002785184420645237,99.77600860595703,99.77600860595703,99.72148132324219,4.0423845348414034e-05,0.004042384680360556,22.257343292236328,-22.257320404052734,0.0685732290148735,0.06857318431138992,0.07901067286729813,93.1426773071289,93.14268493652344,92.09893035888672,0.005911399144679308,0.5911399126052856,-20.609981536865234
78,1,Bass,5.521500587463379,-5.521500587463379,0.18150439858436584,0.18150439858436584,0.16726994514465332,81.84956359863281,81.84956359863281,83.27300262451172,0.21902240812778473,21.902240753173828,9.461248397827148,-9.461249351501465,0.4861237406730652,0.48610082268714905,0.49463796615600586,51.38762664794922,51.38991928100586,50.53620147705078,0.10169491171836853,10.169490814208984,11.506040573120117
78,2,Drums,36.970027923583984,-36.96879959106445,0.0035131461918354034,0.0035131461918354034,0.0037153861485421658,99.648681640625,99.648681640625,99.62846374511719,0.00020088259771000594,0.020088259130716324,13.625296592712402,-13.625289916992188,0.30492138862609863,0.3049211800098419,0.28244075179100037,69.50785827636719,69.50788879394531,71.75592041015625,0.0415930300951004,4.159303188323975,-19.769426345825195
79,0,Vocal,39.65079116821289,-39.651206970214844,0.0034672964829951525,0.003467296017333865,0.003919603768736124,99.65326690673828,99.65326690673828,99.60803985595703,0.00010833364649442956,0.01083336491137743,18.796478271484375,-18.796478271484375,0.17103919386863708,0.1710391491651535,0.1824439913034439,82.89608001708984,82.89608001708984,81.75559997558594,0.013021465390920639,1.302146553993225,-18.652658462524414
79,1,Bass,16.2681884765625,-16.268203735351562,0.12967434525489807,0.1296733021736145,0.12804807722568512,87.0325698852539,87.03266906738281,87.1951904296875,0.023069776594638824,2.3069777488708496,10.876540184020996,-10.87653923034668,0.349762886762619,0.34972307085990906,0.30921584367752075,65.02371215820312,65.0276870727539,69.07841491699219,0.07554922997951508,7.554923057556152,-0.18488095700740814
79,2,Drums,32.25113296508789,-32.250946044921875,0.004549466073513031,0.0045494623482227325,0.0034526949748396873,99.54505920410156,99.54505920410156,99.65473175048828,0.0005951421917416155,0.05951422080397606,24.092899322509766,-24.09292221069336,0.03755474090576172,0.037554629147052765,0.035324595868587494,96.24452209472656,96.24453735351562,96.46754455566406,0.0038816642481833696,0.3881664276123047,-7.712895393371582
80,0,Vocal,33.106937408447266,-33.10624694824219,0.1234922707080841,0.12349209934473038,0.12445908784866333,87.65077209472656,87.65078735351562,87.55409240722656,0.0004887692048214376,0.048876918852329254,24.39089012145996,-24.39081382751465,0.023989301174879074,0.02398882620036602,0.026664497330784798,97.60106658935547,97.60111236572266,97.33354949951172,0.003625243902206421,0.3625243902206421,-8.641085624694824
80,1,Bass,12.99709415435791,-12.99709415435791,0.7061082124710083,0.7060778141021729,0.7168424129486084,29.389179229736328,29.39221954345703,28.315757751464844,0.04775717481970787,4.775717258453369,1.047457218170166,-1.0474567413330078,0.6058451533317566,0.6058026552200317,0.6424271464347839,39.41548538208008,39.419734954833984,35.757286071777344,0.43999409675598145,43.99940872192383,-2.00517201423645
80,2,Drums,36.17374801635742,-36.17348861694336,0.002519790083169937,0.0025197777431458235,0.0020543080754578114,99.7480239868164,99.7480239868164,99.79456329345703,0.0002412682370049879,0.024126823991537094,7.799875736236572,-7.7998762130737305,0.36311906576156616,0.3631036877632141,0.3593021333217621,63.68809509277344,63.689632415771484,64.06978607177734,0.14234018325805664,14.234018325805664,-22.537254333496094
81,0,Vocal,6.666705131530762,-6.666707515716553,0.13647279143333435,0.1364727020263672,0.14885152876377106,86.35271453857422,86.35272979736328,85.1148452758789,0.17725370824337006,17.725370407104492,21.349681854248047,-21.349700927734375,0.13415706157684326,0.1341511607170105,0.13830645382404327,86.58429718017578,86.58488464355469,86.16935729980469,0.007275444455444813,0.7275444269180298,14.307007789611816
81,1,Bass,5.023679733276367,-5.023679256439209,0.3500632643699646,0.3500629961490631,0.3599798381328583,64.9936752319336,64.99370574951172,64.00201416015625,0.239259272813797,23.925928115844727,21.952373504638672,-21.952383041381836,0.1075870469212532,0.1075858548283577,0.10177123546600342,89.24129486083984,89.24141693115234,89.8228759765625,0.006338719744235277,0.6338719725608826,18.31271743774414
81,2,Drums,34.55855941772461,-34.55839538574219,0.00044743006583303213,0.0004474287561606616,0.00044514561886899173,99.95525360107422,99.95525360107422,99.95549011230469,0.00034993732697330415,0.0349937342107296,17.253084182739258,-17.253074645996094,0.3675614595413208,0.367560476064682,0.3549760580062866,63.24385452270508,63.24394989013672,64.50239562988281,0.018475374206900597,1.8475373983383179,-12.599125862121582
82,0,Vocal,20.398849487304688,-20.398849487304688,0.09483757615089417,0.09483618289232254,0.09721300005912781,90.51624298095703,90.5163803100586,90.27869415283203,0.009040022268891335,0.9040022492408752,25.402606964111328,-25.402585983276367,0.06712491065263748,0.06712424010038376,0.057632144540548325,93.28750610351562,93.2875747680664,94.23678588867188,0.002874077530577779,0.2874077558517456,5.762609481811523
82,1,Bass,8.536177635192871,-8.536177635192871,0.5890673398971558,0.5890457034111023,0.6062563061714172,41.093265533447266,41.095428466796875,39.37437057495117,0.1228700801730156,12.287008285522461,15.797785758972168,-15.7977876663208,0.1582615226507187,0.15826132893562317,0.17397712171077728,84.17384338378906,84.17387390136719,82.60228729248047,0.025641335174441338,2.564133405685425,9.072281837463379
82,2,Drums,31.84823989868164,-31.8480281829834,0.0035334054846316576,0.003533405251801014,0.00404853280633688,99.64665985107422,99.64665985107422,99.59514617919922,0.0006529675447382033,0.06529675424098969,27.838687896728516,-27.838626861572266,0.05580562353134155,0.055804476141929626,0.05741330608725548,94.41944122314453,94.41954803466797,94.25867462158203,0.00164219515863806,0.16421951353549957,-2.9236655235290527
83,0,Vocal,12.718106269836426,-12.718109130859375,0.053674738854169846,0.05367445573210716,0.051962487399578094,94.63252258300781,94.63255310058594,94.80374908447266,0.05076485872268677,5.076485633850098,24.122657775878906,-24.122787475585938,0.0902349203824997,0.09023404121398926,0.0918794721364975,90.97650909423828,90.97659301757812,90.81204986572266,0.0038552461192011833,0.38552460074424744,12.910693168640137
83,1,Bass,5.365718841552734,-5.365719318389893,0.4723426103591919,0.4723280966281891,0.4791620373725891,52.76573944091797,52.76719284057617,52.083797454833984,0.22521987557411194,22.521987915039062,23.003284454345703,-23.003273010253906,0.09366821497678757,0.09366702288389206,0.09586424380540848,90.6331787109375,90.63330078125,90.41357421875,0.004983117803931236,0.4983117878437042,19.91612434387207
83,2,Drums,38.19820785522461,-38.1983528137207,0.0042119575664401054,0.0042119575664401054,0.004046608228236437,99.57880401611328,99.57880401611328,99.5953369140625,0.0001513874885858968,0.015138749033212662,7.649526596069336,-7.649526119232178,0.2807798385620117,0.2807757258415222,0.2849670648574829,71.92201232910156,71.92242431640625,71.5032958984375,0.1466190367937088,14.661903381347656,-27.909961700439453
84,0,Vocal,19.138904571533203,-19.138938903808594,0.13482284545898438,0.13482233881950378,0.1394563913345337,86.51771545410156,86.51776123046875,86.05435943603516,0.012046059593558311,1.2046059370040894,32.03382873535156,-32.033504486083984,0.010969982482492924,0.010969981551170349,0.007550532463937998,98.90299987792969,98.90299987792969,99.24494934082031,0.0006256662891246378,0.06256663054227829,13.027002334594727
84,1,Bass,10.72711181640625,-10.72711181640625,0.6692488789558411,0.6692488789558411,0.6740869283676147,33.075111389160156,33.075111389160156,32.59130859375,0.07798758149147034,7.798758029937744,4.60482120513916,-4.60482120513916,0.53020179271698,0.530193567276001,0.5049769282341003,46.979820251464844,46.98064422607422,49.5023078918457,0.2572522461414337,25.7252254486084,3.475964307785034
84,2,Drums,37.989540100097656,-37.98995590209961,0.0017628741916269064,0.0017628730274736881,0.0018566473154351115,99.82371520996094,99.82371520996094,99.81433868408203,0.00015884033928159624,0.01588403433561325,14.064750671386719,-14.0647611618042,0.08737249672412872,0.08737193048000336,0.08468716591596603,91.26274871826172,91.26280212402344,91.53128051757812,0.03774125128984451,3.774125099182129,-23.27041244506836
85,0,Vocal,18.939746856689453,-18.939741134643555,0.11604814231395721,0.11604787409305573,0.11610324680805206,88.39518737792969,88.39521789550781,88.38967895507812,0.0126042440533638,1.2604243755340576,13.257264137268066,-13.257255554199219,0.3396330177783966,0.3396323323249817,0.32993626594543457,66.03669738769531,66.0367660522461,67.0063705444336,0.0451054722070694,4.510547161102295,-3.922255277633667
85,1,Bass,15.10807991027832,-15.108076095581055,0.42107853293418884,0.42107853293418884,0.4081777036190033,57.89214324951172,57.89214324951172,59.182228088378906,0.029922528192400932,2.992252826690674,25.710094451904297,-25.710063934326172,0.10565772652626038,0.10565768927335739,0.1094057559967041,89.4342269897461,89.4342269897461,89.0594253540039,0.0026781149208545685,0.26781147718429565,12.143805503845215
85,2,Drums,36.70744323730469,-36.70707321166992,0.0046418700367212296,0.004641869571059942,0.004774725530296564,99.53581237792969,99.53581237792969,99.52252197265625,0.00021343443950172514,0.021343443542718887,29.407630920410156,-29.40755844116211,0.06323989480733871,0.06323987990617752,0.059178534895181656,93.67601013183594,93.67601013183594,94.08214569091797,0.0011448590084910393,0.11448590457439423,-6.238387584686279
86,0,Vocal,18.265159606933594,-18.265155792236328,0.14186258614063263,0.14186255633831024,0.1430230736732483,85.8137435913086,85.8137435913086,85.69769287109375,0.014691205695271492,1.4691206216812134,21.26235008239746,-21.26236343383789,0.1591765582561493,0.15916754305362701,0.16457204520702362,84.08234405517578,84.08324432373047,83.54279327392578,0.007422138471156359,0.7422138452529907,4.886153221130371
86,1,Bass,9.257170677185059,-9.257169723510742,0.5461258292198181,0.5461257696151733,0.556594729423523,45.38741683959961,45.38742446899414,44.34052658081055,0.1060687005519867,10.6068696975708,-3.324398994445801,3.324398994445801,0.8177170157432556,0.8176676630973816,0.8354149460792542,18.22829818725586,18.233234405517578,16.458505630493164,0.6825404167175293,68.25404357910156,3.4447038173675537
86,2,Drums,36.87820053100586,-36.878170013427734,0.003317256225273013,0.0033171994145959616,0.003281292039901018,99.66827392578125,99.66828155517578,99.67186737060547,0.00020516820950433612,0.02051682025194168,20.898408889770508,-20.898422241210938,0.1474151611328125,0.14741502702236176,0.1451229751110077,85.25848388671875,85.25849914550781,85.48770141601562,0.00806569866836071,0.8065698742866516,-14.415667533874512
87,0,Vocal,20.66629409790039,-20.66628646850586,0.12062446773052216,0.12062443792819977,0.12318532168865204,87.93755340576172,87.93756103515625,87.68146514892578,0.008504735305905342,0.8504735231399536,21.11933135986328,-21.119342803955078,0.08539945632219315,0.08539701998233795,0.09468667209148407,91.46005249023438,91.46029663085938,90.53133392333984,0.007668737787753344,0.7668737769126892,0.7342996001243591
87,1,Bass,12.766155242919922,-12.766157150268555,0.6377431154251099,0.6377405524253845,0.6367667317390442,36.22568893432617,36.22594451904297,36.323326110839844,0.0502343624830246,5.023436069488525,10.473440170288086,-10.473438262939453,0.24673593044281006,0.2467350959777832,0.27142107486724854,75.32640838623047,75.32649230957031,72.85789489746094,0.08229250460863113,8.22925090789795,-1.1666423082351685
87,2,Drums,28.700260162353516,-28.700580596923828,0.003602041630074382,0.003602040698751807,0.0036241766065359116,99.63980102539062,99.63980102539062,99.63758087158203,0.0013470171252265573,0.1347017139196396,15.344328880310059,-15.344327926635742,0.21069271862506866,0.21068431437015533,0.2053738385438919,78.93073272705078,78.93157196044922,79.46261596679688,0.0283832885324955,2.8383288383483887,-11.708365440368652
88,0,Vocal,26.489978790283203,-26.489974975585938,0.02311948500573635,0.02311769686639309,0.024224700406193733,97.68804931640625,97.68822479248047,97.57752990722656,0.002238851971924305,0.2238851934671402,27.028003692626953,-27.027969360351562,0.014873028732836246,0.014872717671096325,0.01763014867901802,98.5126953125,98.51272583007812,98.23698425292969,0.0019785198383033276,0.1978519856929779,0.5452266931533813
88,1,Bass,15.930863380432129,-15.930862426757812,0.08046300709247589,0.0804528146982193,0.08047118037939072,91.95369720458984,91.95471954345703,91.952880859375,0.02488679625093937,2.4886796474456787,16.12122344970703,-16.121217727661133,0.3335895240306854,0.3335726857185364,0.34649914503097534,66.64104461669922,66.64273071289062,65.35008239746094,0.023844953626394272,2.384495258331299,5.718444347381592
88,2,Drums,33.831180572509766,-33.83100509643555,0.0011254166020080447,0.0011254107812419534,0.0012367586605250835,99.88745880126953,99.88745880126953,99.87632751464844,0.0004137161304242909,0.04137161374092102,16.80978775024414,-16.809782028198242,0.30100253224372864,0.3010014593601227,0.32886970043182373,69.89974975585938,69.89985656738281,67.11302947998047,0.020420270040631294,2.042026996612549,-13.719402313232422
89,0,Vocal,27.45633888244629,-27.456329345703125,0.004153972491621971,0.004153919406235218,0.004830448422580957,99.58460235595703,99.58460998535156,99.51696014404297,0.0017930318135768175,0.17930318415164948,30.389511108398438,-30.389476776123047,0.019814226776361465,0.019814178347587585,0.021843524649739265,98.0185775756836,98.0185775756836,97.81564331054688,0.0009133678977377713,0.09133678674697876,3.043473243713379
89,1,Bass,26.11627960205078,-26.116317749023438,0.12908972799777985,0.12908095121383667,0.1305086761713028,87.09102630615234,87.09190368652344,86.94913482666016,0.0024395580403506756,0.2439558058977127,13.742445945739746,-13.742443084716797,0.3932299017906189,0.3930104970932007,0.3755674958229065,60.67700958251953,60.698951721191406,62.4432487487793,0.040530975908041,4.053097724914551,-10.036905288696289
89,2,Drums,26.729713439941406,-26.729642868041992,0.0004268209158908576,0.00042682074126787484,0.0011201556771993637,99.95731353759766,99.95731353759766,99.88798522949219,0.0021189097315073013,0.21189096570014954,16.718751907348633,-16.718746185302734,0.17694507539272308,0.1769392341375351,0.16930018365383148,82.30548858642578,82.30607604980469,83.06997680664062,0.02084380015730858,2.0843799114227295,-8.25747299194336
90,0,Vocal,34.3139762878418,-34.31367492675781,0.023733332753181458,0.023730270564556122,0.024784067645668983,97.62667083740234,97.62696838378906,97.52159118652344,0.0003702116955537349,0.03702117130160332,28.298187255859375,-28.29816436767578,0.033853672444820404,0.0338505320250988,0.032817576080560684,96.61463165283203,96.61494445800781,96.7182388305664,0.001477571902796626,0.14775718748569489,-5.692891597747803
90,1,Bass,18.741268157958984,-18.74127197265625,0.12749318778514862,0.127462700009346,0.1337757557630539,87.25067901611328,87.25373077392578,86.62242126464844,0.01318584755063057,1.3185847997665405,22.99874496459961,-22.998767852783203,0.12356168031692505,0.12355415523052216,0.1254904717206955,87.64382934570312,87.64458465576172,87.4509506225586,0.004988277796655893,0.4988277852535248,4.985498905181885
90,2,Drums,44.15143585205078,-44.15235137939453,0.0015426609897986054,0.0015426313038915396,0.001691190991550684,99.84573364257812,99.84573364257812,99.83088684082031,3.8438414776464924e-05,0.003843841375783086,10.282148361206055,-10.282148361206055,0.17017678916454315,0.17017509043216705,0.16466684639453888,82.9823226928711,82.98249053955078,83.53331756591797,0.08568075299263,8.568075180053711,-31.75044059753418
91,0,Vocal,29.91103172302246,-29.910709381103516,0.004803616087883711,0.0048035308718681335,0.005203417036682367,99.51963806152344,99.51964569091797,99.47966003417969,0.0010196801740676165,0.10196802020072937,23.38424301147461,-23.38435173034668,0.1290694922208786,0.12906865775585175,0.13225795328617096,87.09304809570312,87.09313201904297,86.77420806884766,0.004566514864563942,0.4566514790058136,-5.0180535316467285
91,1,Bass,13.447728157043457,-13.447731018066406,0.0794479101896286,0.07943988591432571,0.06975435465574265,92.05520629882812,92.05601501464844,93.02456665039062,0.04325377196073532,4.325376987457275,21.268081665039062,-21.268062591552734,0.09778086841106415,0.09777679294347763,0.08776658028364182,90.22190856933594,90.22232055664062,91.22334289550781,0.0074124522507190704,0.7412452101707458,9.09913158416748
91,2,Drums,28.904726028442383,-28.904733657836914,0.0016933073056861758,0.0016933068400248885,0.000641826365608722,99.8306655883789,99.8306655883789,99.93582153320312,0.0012852135114371777,0.12852135300636292,18.669946670532227,-18.669933319091797,0.14102333784103394,0.1410231739282608,0.12616528570652008,85.89766693115234,85.8976821899414,87.38347625732422,0.013401276431977749,1.3401275873184204,-8.442809104919434
92,0,Vocal,42.65655517578125,-42.655635833740234,0.0024462647270411253,0.0024462647270411253,0.0027923844754695892,99.75537109375,99.75537109375,99.72076416015625,5.42660454811994e-05,0.005426604766398668,30.261768341064453,-30.261381149291992,0.04219569265842438,0.04219568520784378,0.04423109441995621,95.78043365478516,95.78043365478516,95.57688903808594,0.0009406345780007541,0.09406346082687378,-12.021747589111328
92,1,Bass,8.738259315490723,-8.73825740814209,0.144558385014534,0.14455823600292206,0.14993269741535187,85.5441665649414,85.54417419433594,85.00672912597656,0.11794266849756241,11.794266700744629,9.707674026489258,-9.707674980163574,0.6689749956130981,0.668969988822937,0.6654237508773804,33.102500915527344,33.10300064086914,33.45762634277344,0.09662721306085587,9.662721633911133,12.869070053100586
92,2,Drums,43.393394470214844,-43.39347457885742,0.002901239786297083,0.0029012244194746017,0.0031076245941221714,99.70987701416016,99.70987701416016,99.68923950195312,4.577650179271586e-05,0.004577650222927332,21.89650535583496,-21.896474838256836,0.11326095461845398,0.11326078325510025,0.11284991353750229,88.67390441894531,88.67391967773438,88.71501159667969,0.0064202770590782166,0.642027735710144,-20.24656867980957
93,0,Vocal,25.928794860839844,-25.928762435913086,0.02924705669283867,0.029243532568216324,0.028791554272174835,97.0752944946289,97.07564544677734,97.12084197998047,0.0025469523388892412,0.25469523668289185,32.25200271606445,-32.2519416809082,0.018700245767831802,0.018696961924433708,0.019507789984345436,98.12997436523438,98.13030242919922,98.04922485351562,0.0005950771737843752,0.059507716447114944,6.355594158172607
93,1,Bass,16.22195053100586,-16.221942901611328,0.12937819957733154,0.1293591409921646,0.12586082518100739,87.06217956542969,87.0640869140625,87.4139175415039,0.023311011493206024,2.331101179122925,20.698366165161133,-20.6983642578125,0.2061564177274704,0.20615488290786743,0.20687206089496613,79.38435363769531,79.38451385498047,79.31279754638672,0.00844277162104845,0.8442771434783936,6.260622978210449
93,2,Drums,41.583641052246094,-41.58195114135742,0.0008889096206985414,0.0008889055461622775,0.0011729206889867783,99.9111099243164,99.9111099243164,99.8827133178711,6.944032065803185e-05,0.006944031920284033,19.98103141784668,-19.98103904724121,0.22694550454616547,0.22694510221481323,0.23323000967502594,77.30545043945312,77.30548858642578,76.677001953125,0.009943888522684574,0.9943888783454895,-19.687881469726562
94,0,Vocal,32.94723129272461,-32.946903228759766,0.007854337804019451,0.007854118943214417,0.006963036488741636,99.21456909179688,99.21459197998047,99.30369567871094,0.0005070167244412005,0.050701674073934555,30.05782699584961,-30.057872772216797,0.061673834919929504,0.061673831194639206,0.058880433440208435,93.8326187133789,93.8326187133789,94.11195373535156,0.00098579959012568,0.09857995808124542,-2.435640335083008
94,1,Bass,13.43560791015625,-13.435609817504883,0.08677239716053009,0.08676404505968094,0.09129823744297028,91.32276153564453,91.32359313964844,90.87017822265625,0.04336938261985779,4.336938381195068,17.120622634887695,-17.120616912841797,0.20034140348434448,0.20032474398612976,0.19115324318408966,79.96585845947266,79.96752166748047,80.88467407226562,0.01903665065765381,1.9036650657653809,5.925198078155518
94,2,Drums,30.081546783447266,-30.081493377685547,0.0024106097407639027,0.002410593908280134,0.00230118609033525,99.75894165039062,99.75894165039062,99.76988220214844,0.0009804266737774014,0.09804266691207886,16.55439567565918,-16.554391860961914,0.3866921067237854,0.38667622208595276,0.38856637477874756,61.330787658691406,61.33238220214844,61.14336395263672,0.021630331873893738,2.1630332469940186,-11.137072563171387
95,0,Vocal,20.84899139404297,-20.849002838134766,0.057260286062955856,0.057249147444963455,0.06210070848464966,94.27397155761719,94.27508544921875,93.78993225097656,0.008157220669090748,0.8157220482826233,21.752595901489258,-21.75255584716797,0.048591792583465576,0.048582371324300766,0.053297705948352814,95.14082336425781,95.14176177978516,94.67022705078125,0.00663514481857419,0.6635144948959351,0.9032735228538513
95,1,Bass,14.935956001281738,-14.935968399047852,0.08066987991333008,0.08066366612911224,0.08110146969556808,91.93301391601562,91.93363189697266,91.88985443115234,0.031094634905457497,3.1094634532928467,30.728912353515625,-30.728652954101562,0.08193034678697586,0.08193032443523407,0.08628413081169128,91.80696868896484,91.80696868896484,91.37158203125,0.0008447987493127584,0.08447987586259842,16.59292221069336
95,2,Drums,30.07230567932129,-30.072357177734375,7.420917972922325e-05,7.420888869091868e-05,0.0,99.9925765991211,99.9925765991211,100.0,0.0009825394954532385,0.09825395047664642,10.210493087768555,-10.210491180419922,0.12054821848869324,0.12054798752069473,0.12974980473518372,87.94517517089844,87.94519805908203,87.0250244140625,0.08698216825723648,8.698216438293457,-19.134645462036133
96,0,Vocal,18.402013778686523,-18.402013778686523,0.0035310126841068268,0.0035310103558003902,0.004444937687367201,99.64689636230469,99.64689636230469,99.55550384521484,0.014241928234696388,1.4241927862167358,19.734045028686523,-19.734024047851562,0.07315535098314285,0.07315525412559509,0.06553785502910614,92.68446350097656,92.6844711303711,93.44621276855469,0.010519689880311489,1.0519689321517944,2.1875407695770264
96,1,Bass,18.619640350341797,-18.61964988708496,0.008942577987909317,0.008942567743360996,0.06859520822763443,99.10574340820312,99.10574340820312,93.1404800415039,0.013555335812270641,1.3555335998535156,4.407983779907227,-4.407985210418701,0.2556513845920563,0.2556512653827667,0.4165230989456177,74.43486785888672,74.43487548828125,58.34769058227539,0.2660072147846222,26.60072135925293,-6.7184977531433105
96,2,Drums,28.218734741210938,-28.21866226196289,0.0005783052765764296,0.000578305043745786,0.021247869357466698,99.94216918945312,99.94216918945312,97.87521362304688,0.0015047701308503747,0.15047700703144073,28.82538604736328,-28.825393676757812,0.0066602835431694984,0.006660282611846924,0.010347736068069935,99.33396911621094,99.33396911621094,98.96522521972656,0.0013088631676509976,0.13088631629943848,0.5831961631774902
97,0,Vocal,18.445314407348633,-18.44530487060547,0.005299640353769064,0.005299640353769064,0.006249230820685625,99.47003936767578,99.47003936767578,99.37507629394531,0.014102673158049583,1.4102673530578613,30.105398178100586,-30.10528564453125,0.024361513555049896,0.024361498653888702,0.02239839918911457,97.56385040283203,97.56385040283203,97.76016235351562,0.0009750491590239108,0.09750491380691528,12.245695114135742
97,1,Bass,21.401020050048828,-21.401033401489258,0.005956032779067755,0.005956023465842009,0.06520792841911316,99.4043960571289,99.40440368652344,93.47920227050781,0.007190566044300795,0.7190566062927246,8.830537796020508,-8.830537796020508,0.25474807620048523,0.25474676489830017,0.4046380817890167,74.52519226074219,74.52532196044922,59.53619384765625,0.11575006693601608,11.575006484985352,-7.30474853515625
97,2,Drums,26.948631286621094,-26.948633193969727,0.0015724912518635392,0.0015724912518635392,0.030823931097984314,99.8427505493164,99.8427505493164,96.9176025390625,0.00201491080224514,0.2014910876750946,35.637359619140625,-35.637184143066406,0.0018468121998012066,0.0018468120833858848,0.0,99.81532287597656,99.81532287597656,100.0,0.0002729979169089347,0.02729979157447815,8.595197677612305
98,0,Vocal,33.25625228881836,-33.256324768066406,0.001114754704758525,0.001114754704758525,0.0013054229784756899,99.8885269165039,99.8885269165039,99.86946105957031,0.00047223136061802506,0.04722313582897186,28.516942977905273,-28.51690101623535,0.06787994503974915,0.06787994503974915,0.07178675383329391,93.21200561523438,93.21200561523438,92.82132720947266,0.0014050507452338934,0.14050507545471191,-3.5865325927734375
98,1,Bass,10.847824096679688,-10.847822189331055,0.059914641082286835,0.05991463363170624,0.07557335495948792,94.00853729248047,94.00853729248047,92.44266510009766,0.07601233571767807,7.60123348236084,3.438265085220337,-3.438265085220337,0.22088922560214996,0.2208879441022873,0.2174960821866989,77.91107940673828,77.91120147705078,78.2503890991211,0.31180596351623535,31.18059539794922,-3.8220508098602295
98,2,Drums,34.281227111816406,-34.28136444091797,0.005847504828125238,0.005847496446222067,0.005885787773877382,99.41524505615234,99.41524505615234,99.41142272949219,0.00037299899850040674,0.037299901247024536,36.8984375,-36.8983039855957,0.004445772618055344,0.004445753991603851,0.002160371281206608,99.555419921875,99.55542755126953,99.78396606445312,0.00020420011423993856,0.02042001113295555,2.666510820388794
99,0,Vocal,18.42558479309082,-18.425582885742188,0.005487388465553522,0.005487388465553522,0.006154720671474934,99.45126342773438,99.45126342773438,99.38452911376953,0.014165961183607578,1.4165961742401123,31.864532470703125,-31.864091873168945,0.02458522655069828,0.024585220962762833,0.0219560693949461,97.54147338867188,97.54147338867188,97.80438995361328,0.0006505612982437015,0.06505613029003143,13.959980010986328
99,1,Bass,21.509790420532227,-21.5097713470459,0.0057766856625676155,0.005776681005954742,0.06360514461994171,99.42233276367188,99.42233276367188,93.63948822021484,0.007014001719653606,0.7014001607894897,9.440378189086914,-9.440378189086914,0.23886482417583466,0.23886460065841675,0.37956762313842773,76.11351776123047,76.11354064941406,62.043235778808594,0.10213471204042435,10.213471412658691,-7.2257184982299805
99,2,Drums,26.40665054321289,-26.40658950805664,0.0014784714439883828,0.0014784712111577392,0.03109072893857956,99.8521499633789,99.8521499633789,96.89093017578125,0.0022821668535470963,0.22821667790412903,32.23029327392578,-32.2303466796875,0.003004802390933037,0.003004801459610462,0.0,99.69952392578125,99.69952392578125,100.0,0.0005980130517855287,0.05980130657553673,5.744046211242676
100,0,Vocal,11.532645225524902,-11.532651901245117,0.0989711806178093,0.0989711806178093,0.10281763225793839,90.1028823852539,90.1028823852539,89.71823120117188,0.06565143167972565,6.56514310836792,28.017242431640625,-28.017301559448242,0.07267452031373978,0.07267452031373978,0.07446916401386261,92.73255157470703,92.73255157470703,92.55308532714844,0.0015761435497552156,0.1576143503189087,16.951902389526367
100,1,Bass,17.345090866088867,-17.345088958740234,0.08681458979845047,0.08681457489728928,0.08840171247720718,91.31854248046875,91.31854248046875,91.15982818603516,0.018095096573233604,1.8095096349716187,7.960023403167725,-7.960023403167725,0.5506571531295776,0.5506539940834045,0.5639681816101074,44.93428421020508,44.934600830078125,43.603179931640625,0.1378975659608841,13.789756774902344,0.8725655674934387
100,2,Drums,43.130088806152344,-43.13064193725586,0.0003862472658511251,0.00038624723674729466,0.0009975708089768887,99.96138000488281,99.96138000488281,99.9002456665039,4.865447408519685e-05,0.004865447524935007,36.36347961425781,-36.3632926940918,0.009793384931981564,0.009793377481400967,0.0122840516269207,99.02066040039062,99.02066040039062,98.77159881591797,0.00023098803649190813,0.02309880405664444,-6.671977996826172
101,0,Vocal,20.01587677001953,-20.015886306762695,0.015097066760063171,0.015097049064934254,0.011063500307500362,98.49029541015625,98.49029541015625,98.89364624023438,0.00986520666629076,0.9865206480026245,25.751087188720703,-25.751121520996094,0.027668191120028496,0.027668120339512825,0.02487305738031864,97.23318481445312,97.23318481445312,97.5126953125,0.002652987837791443,0.2652987837791443,6.113918781280518
101,1,Bass,18.75495719909668,-18.754995346069336,0.021997643634676933,0.021997641772031784,0.0,97.80023956298828,97.80023956298828,100.0,0.013144868426024914,1.3144868612289429,14.531085968017578,-14.531067848205566,0.34708842635154724,0.347088098526001,0.34057313203811646,65.29115295410156,65.29119110107422,65.94268798828125,0.0340295284986496,3.4029529094696045,2.1644890308380127
101,2,Drums,35.032676696777344,-35.03168487548828,0.0005340943462215364,0.0005340825882740319,0.001130688819102943,99.94658660888672,99.94659423828125,99.88693237304688,0.0003137867897748947,0.03137867897748947,30.27639389038086,-30.276281356811523,0.0051473514176905155,0.005147264804691076,0.005324297584593296,99.48526763916016,99.48527526855469,99.46756744384766,0.000937511445954442,0.09375114738941193,-4.658486366271973
102,0,Vocal,32.965660095214844,-32.96525192260742,0.02271454967558384,0.0227145217359066,0.023546259850263596,97.72854614257812,97.72855377197266,97.64537048339844,0.0005049509345553815,0.05049509182572365,33.29591751098633,-33.29570388793945,0.00830320455133915,0.008303195238113403,0.015185166150331497,99.169677734375,99.16968536376953,98.48148345947266,0.000467952893814072,0.04679528996348381,0.4511101245880127
102,1,Bass,11.897887229919434,-11.897886276245117,0.042187586426734924,0.04218628257513046,0.0951140746474266,95.78124237060547,95.7813720703125,90.48859405517578,0.060677364468574524,6.067736625671387,12.874418258666992,-12.874421119689941,0.3299558460712433,0.3299548625946045,0.36005136370658875,67.0044174194336,67.0045166015625,63.9948616027832,0.04905823618173599,4.905823707580566,5.635087013244629
102,2,Drums,35.118526458740234,-35.1183967590332,0.0002607839705888182,0.000260775035712868,0.005520721897482872,99.97392272949219,99.97392272949219,99.44792938232422,0.0003076285938732326,0.03076285868883133,29.355873107910156,-29.35580825805664,0.004554070997983217,0.004553896375000477,0.013650864362716675,99.54459381103516,99.54460906982422,98.6349105834961,0.001158532570116222,0.11585325747728348,-5.559655666351318
103,0,Vocal,32.45152282714844,-32.4515380859375,0.0019569694995880127,0.0019569694995880127,0.0024170817341655493,99.80430603027344,99.80430603027344,99.75829315185547,0.0005683063063770533,0.05683062970638275,27.496002197265625,-27.496030807495117,0.0745401605963707,0.0745401531457901,0.08082164078950882,92.54598999023438,92.54598999023438,91.91783905029297,0.00177674216683954,0.17767421901226044,-4.190490245819092
103,1,Bass,13.4942626953125,-13.494260787963867,0.05261402577161789,0.052613962441682816,0.043389786034822464,94.73859405517578,94.73860168457031,95.66101837158203,0.042812589555978775,4.281259059906006,15.733543395996094,-15.733548164367676,0.30788129568099976,0.3078812062740326,0.30857720971107483,69.21186828613281,69.21187591552734,69.14228057861328,0.02601349540054798,2.6013495922088623,6.692102432250977
103,2,Drums,31.789140701293945,-31.789161682128906,0.007804331835359335,0.007804331369698048,0.009969990700483322,99.21956634521484,99.21956634521484,99.00299835205078,0.0006618811166845262,0.06618811190128326,35.849212646484375,-35.84966278076172,0.002078295685350895,0.002078295685350895,0.0026639611460268497,99.79216766357422,99.79216766357422,99.73360443115234,0.0002599798026494682,0.025997979566454887,4.073481559753418
104,0,Vocal,-10.409599304199219,10.409599304199219,0.9411312937736511,0.9411296844482422,0.9511793851852417,5.886870384216309,5.887031555175781,4.88206148147583,0.9165905117988586,91.65904998779297,5.410793304443359,-5.410792827606201,0.6897592544555664,0.6897590756416321,0.7135633230209351,31.02407455444336,31.024091720581055,28.643667221069336,0.22341395914554596,22.34139633178711,5.6495466232299805
104,1,Bass,15.750740051269531,-15.750743865966797,0.4209505319595337,0.4209425747394562,0.4274086654186249,57.904945373535156,57.90574645996094,57.259132385253906,0.025913367047905922,2.591336727142334,6.420427322387695,-6.420427322387695,0.6752032041549683,0.6749862432479858,0.6741534471511841,32.479679107666016,32.50137710571289,32.58465576171875,0.18567559123039246,18.56755828857422,-3.798896312713623
104,2,Drums,45.68610382080078,-45.674930572509766,6.025944821885787e-05,6.0257876612013206e-05,0.0,99.99397277832031,99.99397277832031,100.0,2.702458186831791e-05,0.002702458295971155,14.16784381866455,-14.167841911315918,0.3984575569629669,0.3984571099281311,0.40041157603263855,60.15424728393555,60.15428924560547,59.958839416503906,0.03688861057162285,3.688861131668091,-28.31352996826172
105,0,Vocal,11.514106750488281,-11.514104843139648,0.09370846301317215,0.09370846301317215,0.10384103655815125,90.62915802001953,90.62915802001953,89.61589050292969,0.06591382622718811,6.5913825035095215,17.491504669189453,-17.491535186767578,0.14058442413806915,0.1405838280916214,0.1373445838689804,85.94155883789062,85.94161987304688,86.26554107666016,0.017505647614598274,1.7505648136138916,6.816328525543213
105,1,Bass,18.07042121887207,-18.070423126220703,0.21612530946731567,0.21612514555454254,0.235958993434906,78.38746643066406,78.38748931884766,76.40409851074219,0.015354583971202374,1.5354584455490112,-1.7458378076553345,1.7458385229110718,0.5981532335281372,0.5981531739234924,0.6447553634643555,40.18467712402344,40.1846809387207,35.52446365356445,0.5991666913032532,59.91666793823242,-8.912230491638184
105,2,Drums,38.34428024291992,-38.34369659423828,0.0018335094209760427,0.0018335094209760427,0.0023718615993857384,99.816650390625,99.816650390625,99.7628173828125,0.0001464431406930089,0.014644313603639603,39.53295135498047,-39.53350830078125,0.009217684157192707,0.009217682294547558,0.009250440634787083,99.07823181152344,99.07823181152344,99.074951171875,0.00011134970554849133,0.011134970933198929,1.2791283130645752
106,0,Vocal,11.63980484008789,-11.639805793762207,0.37006235122680664,0.3700610399246216,0.36786916851997375,62.99376678466797,62.993896484375,63.21308517456055,0.06415404379367828,6.415404319763184,19.306682586669922,-19.306650161743164,0.22098024189472198,0.22096975147724152,0.21162550151348114,77.9019775390625,77.90302276611328,78.83744812011719,0.01159491017460823,1.1594910621643066,6.836450099945068
106,1,Bass,13.493023872375488,-13.493021965026855,0.40530601143836975,0.405304878950119,0.3958931863307953,59.46940231323242,59.46950912475586,60.41067886352539,0.042824212461709976,4.282421112060547,6.433629512786865,-6.433629989624023,0.3554878830909729,0.3554857671260834,0.3937256634235382,64.45121002197266,64.45142364501953,60.627437591552734,0.18521632254123688,18.52163314819336,-2.736879825592041
106,2,Drums,44.13798904418945,-44.139156341552734,0.00026006708503700793,0.000260067026829347,0.00047520920634269714,99.97399139404297,99.97399139404297,99.95247650146484,3.857306728605181e-05,0.00385730667039752,23.569175720214844,-23.569116592407227,0.11604221165180206,0.11604023724794388,0.1193581372499466,88.39578247070312,88.39598083496094,88.0641860961914,0.004377034958451986,0.4377034902572632,-18.695281982421875
107,0,Vocal,18.477882385253906,-18.47786521911621,0.042012229561805725,0.04201222583651543,0.042589183896780014,95.79878234863281,95.79878234863281,95.74108123779297,0.013998758979141712,1.3998758792877197,22.319135665893555,-22.31914520263672,0.046540264040231705,0.04654021933674812,0.04709891229867935,95.34597778320312,95.34597778320312,95.29010772705078,0.005828382913023233,0.5828382968902588,3.8828282356262207
107,1,Bass,20.25625991821289,-20.256263732910156,0.22868263721466064,0.22868220508098602,0.23271344602108002,77.1317367553711,77.13177490234375,76.72865295410156,0.00933899823576212,0.9338998198509216,4.5724968910217285,-4.572495937347412,0.5381580591201782,0.538084089756012,0.5984859466552734,46.1841926574707,46.19158935546875,40.151405334472656,0.2586769759654999,25.86769676208496,-3.8215491771698
107,2,Drums,29.18221664428711,-29.18218421936035,0.0003055775596294552,0.00030557738500647247,0.0,99.96944427490234,99.96944427490234,100.0,0.0012057399144396186,0.120573990046978,29.52254867553711,-29.522537231445312,0.02479889802634716,0.02479889802634716,0.024859271943569183,97.52011108398438,97.52011108398438,97.51407623291016,0.0011150005739182234,0.11150005459785461,0.5438066124916077
108,0,Vocal,18.545000076293945,-18.54499053955078,0.11805585771799088,0.11805535107851028,0.1198744922876358,88.19441223144531,88.19446563720703,88.0125503540039,0.01378700602799654,1.378700613975525,31.23885154724121,-31.238277435302734,0.02805372141301632,0.02805366739630699,0.03244737908244133,97.19463348388672,97.19463348388672,96.75525665283203,0.0007512900047004223,0.07512900233268738,12.804594993591309
108,1,Bass,9.609918594360352,-9.609918594360352,0.39858150482177734,0.3985607326030731,0.396977037191391,60.141849517822266,60.143924713134766,60.30229187011719,0.09860997647047043,9.860997200012207,-1.608454942703247,1.608454942703247,0.5097324252128601,0.5097322463989258,0.5845646858215332,49.026756286621094,49.02677536010742,41.54353332519531,0.5915460586547852,59.154605865478516,-0.16301006078720093
108,2,Drums,38.59733963012695,-38.59669876098633,0.0007883468642830849,0.000788346806075424,0.0011339995544403791,99.9211654663086,99.9211654663086,99.88660430908203,0.0001381394686177373,0.013813946396112442,21.624710083007812,-21.62468147277832,0.04105954244732857,0.041059378534555435,0.03773093223571777,95.89404296875,95.8940658569336,96.2269058227539,0.0068320631980896,0.68320631980896,-16.627887725830078
109,0,Vocal,13.046279907226562,-13.04627799987793,0.4145912230014801,0.4145897626876831,0.4186447858810425,58.5408821105957,58.54102325439453,58.135520935058594,0.04724476486444473,4.724476337432861,23.439311981201172,-23.43928337097168,0.13789960741996765,0.1378929615020752,0.1392102837562561,86.21003723144531,86.21070098876953,86.07897186279297,0.00450929906219244,0.4509299099445343,10.419053077697754
109,1,Bass,17.59436798095703,-17.59436798095703,0.3656121790409088,0.36561205983161926,0.36705851554870605,63.438785552978516,63.43879699707031,63.29414749145508,0.017102986574172974,1.7102986574172974,13.356217384338379,-13.356216430664062,0.32959339022636414,0.32958558201789856,0.28437480330467224,67.04065704345703,67.04144287109375,71.56251525878906,0.0441342331469059,4.413423538208008,0.024527786299586296
109,2,Drums,35.71101379394531,-35.71087646484375,0.00025517260655760765,0.0002551725774537772,0.0,99.97447967529297,99.97447967529297,100.0,0.00026841292856261134,0.026841292157769203,14.04196834564209,-14.041969299316406,0.290846586227417,0.290846586227417,0.27754512429237366,70.91534423828125,70.91534423828125,72.24549102783203,0.03793225437402725,3.7932255268096924,-17.349796295166016
110,0,Vocal,17.210561752319336,-17.210567474365234,0.16834543645381927,0.16834530234336853,0.16912059485912323,83.16545104980469,83.16546630859375,83.08793640136719,0.018653791397809982,1.8653790950775146,24.193119049072266,-24.193086624145508,0.04420967400074005,0.04420958086848259,0.04439776763319969,95.57903289794922,95.57904052734375,95.56022644042969,0.0037935080472379923,0.37935081124305725,7.2252607345581055
110,1,Bass,17.07259750366211,-17.072599411010742,0.223044753074646,0.2230430394411087,0.22103720903396606,77.69552612304688,77.69569396972656,77.89627838134766,0.019244298338890076,1.9244298934936523,0.7180714011192322,-0.718071699142456,0.7862785458564758,0.7862758040428162,0.7988505959510803,21.37214469909668,21.372419357299805,20.114940643310547,0.4587583839893341,45.87583923339844,2.0455658435821533
110,2,Drums,39.619842529296875,-39.6191520690918,0.0013966046972200274,0.0013966035330668092,0.0011215306585654616,99.86034393310547,99.86034393310547,99.88784790039062,0.00010918742191279307,0.010918742045760155,29.471940994262695,-29.471935272216797,0.005680071655660868,0.005680066999047995,0.0028093834407627583,99.43199157714844,99.43199157714844,99.71906280517578,0.001128045259974897,0.11280452460050583,-10.04146671295166
111,0,Vocal,15.971298217773438,-15.97128963470459,0.15962570905685425,0.1596238762140274,0.16421709954738617,84.03742980957031,84.03761291503906,83.57828521728516,0.024661874398589134,2.4661874771118164,19.708677291870117,-19.708669662475586,0.13031995296478271,0.1303197741508484,0.1310472935438156,86.96800231933594,86.96802520751953,86.89527130126953,0.010580637492239475,1.0580637454986572,5.009486675262451
111,1,Bass,18.72209358215332,-18.722097396850586,0.34289035201072693,0.3428877890110016,0.33907824754714966,65.7109603881836,65.71122741699219,66.09217834472656,0.013243439607322216,1.3243439197540283,15.347756385803223,-15.347742080688477,0.30961182713508606,0.309609591960907,0.3030039668083191,69.038818359375,69.0390396118164,69.69960021972656,0.02836151048541069,2.836151123046875,1.758118987083435
111,2,Drums,40.06141662597656,-40.065765380859375,0.0009305329876951873,0.0009305321727879345,0.0016933104488998652,99.90694427490234,99.90694427490234,99.8306655883789,9.853490337263793e-05,0.009853490628302097,17.325088500976562,-17.3250789642334,0.18602073192596436,0.18601948022842407,0.1791669875383377,81.3979263305664,81.3980484008789,82.08330535888672,0.0181770958006382,1.8177095651626587,-19.99689292907715
112,0,Vocal,22.306598663330078,-22.306560516357422,0.00843312218785286,0.00843312218785286,0.009093545377254486,99.15669250488281,99.15669250488281,99.09064483642578,0.005845129489898682,0.5845129489898682,22.218530654907227,-22.218547821044922,0.2880479693412781,0.28804725408554077,0.2909543812274933,71.19520568847656,71.19527435302734,70.9045639038086,0.005964175332337618,0.5964175462722778,2.5400774478912354
112,1,Bass,25.570369720458984,-25.570274353027344,0.038808055222034454,0.038807887583971024,0.039779406040906906,96.11919403076172,96.11921691894531,96.02205657958984,0.002765463897958398,0.2765463888645172,22.37796401977539,-22.37798500061035,0.2535823583602905,0.2535821199417114,0.26016318798065186,74.64176177978516,74.64178466796875,73.98368072509766,0.00575043261051178,0.575043261051178,-0.721217930316925
112,2,Drums,32.192771911621094,-32.19257736206055,0.0017877116333693266,0.0017877115169540048,0.00046602103975601494,99.82122802734375,99.82122802734375,99.9533920288086,0.0006032249075360596,0.060322489589452744,20.90926170349121,-20.909244537353516,0.04518863558769226,0.0451885387301445,0.03937650844454765,95.48113250732422,95.48114776611328,96.06234741210938,0.008045747876167297,0.8045747876167297,-10.939298629760742
113,0,Vocal,33.875221252441406,-33.87531280517578,0.006321496330201626,0.006321496330201626,0.00597715936601162,99.36785125732422,99.36785125732422,99.40228271484375,0.00040951886330731213,0.04095188528299332,28.465042114257812,-28.465106964111328,0.08142457157373428,0.08142456412315369,0.09155718237161636,91.8575439453125,91.8575439453125,90.84427642822266,0.0014219157164916396,0.1421915739774704,-4.64522123336792
113,1,Bass,16.56486701965332,-16.564868927001953,0.05210795998573303,0.0521075502038002,0.05317665636539459,94.7892074584961,94.78924560546875,94.68233489990234,0.02157936431467533,2.1579363346099854,15.54953384399414,-15.549518585205078,0.3676290810108185,0.3676137924194336,0.388278067111969,63.23709487915039,63.23862075805664,61.17219161987305,0.027108851820230484,2.7108852863311768,6.1343488693237305
113,2,Drums,33.85063171386719,-33.85037612915039,0.0007494100136682391,0.0007494087913073599,0.0,99.92505645751953,99.92505645751953,100.0,0.00041185913141816854,0.04118591174483299,20.740123748779297,-20.740137100219727,0.03530845791101456,0.0353083536028862,0.017059270292520523,96.46915435791016,96.46916198730469,98.29407501220703,0.008362588472664356,0.8362588286399841,-12.628342628479004
114,0,Vocal,14.935705184936523,-14.935708045959473,0.012343078851699829,0.012343071401119232,0.013094178400933743,98.76569366455078,98.76569366455078,98.69058227539062,0.031096376478672028,3.10963773727417,9.690983772277832,-9.690983772277832,0.36848267912864685,0.3684804141521454,0.395293265581131,63.151729583740234,63.151954650878906,60.47067642211914,0.09696323424577713,9.69632339477539,0.4011019766330719
114,1,Bass,18.18946075439453,-18.189453125,0.04006455838680267,0.04006410390138626,0.053369779139757156,95.99354553222656,95.99359130859375,94.66302490234375,0.01494565885514021,1.4945658445358276,13.264692306518555,-13.264693260192871,0.46957728266716003,0.469571053981781,0.49119696021080017,53.042266845703125,53.04289627075195,50.88030242919922,0.04503183811903,4.503183841705322,4.558079719543457
114,2,Drums,29.57421875,-29.574155807495117,0.0009095965651795268,0.0009095965651795268,0.0010596737265586853,99.90904235839844,99.90904235839844,99.89403533935547,0.001101798377931118,0.1101798415184021,23.9058837890625,-23.905864715576172,0.05516735836863518,0.05516727268695831,0.05921269208192825,94.48326110839844,94.4832763671875,94.0787353515625,0.004051792435348034,0.4051792323589325,-5.128554344177246
115,0,Vocal,24.64767837524414,-24.64764404296875,0.006021270994096994,0.006021270994096994,0.006350334733724594,99.39787292480469,99.39787292480469,99.3649673461914,0.0034178136847913265,0.3417813777923584,12.083882331848145,-12.083879470825195,0.2688714861869812,0.2688712477684021,0.2740001082420349,73.11285400390625,73.11287689208984,72.59999084472656,0.05828182399272919,5.828182220458984,-9.840288162231445
115,1,Bass,17.371829986572266,-17.371829986572266,0.03499534726142883,0.03499516472220421,0.033436425030231476,96.5004653930664,96.50048828125,96.65635681152344,0.017986025661230087,1.79860258102417,7.907314300537109,-7.907313346862793,0.40666332840919495,0.40666264295578003,0.46762579679489136,59.33367156982422,59.333736419677734,53.23741912841797,0.13934671878814697,13.934671401977539,-2.522538900375366
115,2,Drums,28.417177200317383,-28.417057037353516,0.0019997272174805403,0.0019997272174805403,0.0009639281197451055,99.8000259399414,99.8000259399414,99.90361022949219,0.0014376855688169599,0.1437685638666153,25.786251068115234,-25.786239624023438,0.03331620246171951,0.03331616893410683,0.03283006325364113,96.66838073730469,96.66838073730469,96.71699523925781,0.0026316463481634855,0.2631646394729614,-2.3638646602630615
116,0,Vocal,25.78339385986328,-25.783414840698242,0.0056263054721057415,0.005626297555863857,0.006358128506690264,99.43737030029297,99.43737030029297,99.36418151855469,0.002633391646668315,0.26333916187286377,12.448577880859375,-12.448586463928223,0.1304396092891693,0.13043956458568573,0.15914039313793182,86.95603942871094,86.95603942871094,84.0859603881836,0.05384015291929245,5.384015083312988,-11.576214790344238
116,1,Bass,20.360097885131836,-20.360097885131836,0.03696385771036148,0.03696385771036148,0.035873204469680786,96.3036117553711,96.3036117553711,96.41268157958984,0.00912033673375845,0.9120336771011353,8.625597953796387,-8.625597953796387,0.5143234729766846,0.514265775680542,0.5233612656593323,48.56765365600586,48.573421478271484,47.66387176513672,0.12066829204559326,12.066829681396484,-6.909672260284424
116,2,Drums,26.941041946411133,-26.941070556640625,0.0019341778242960572,0.0019341770093888044,0.0007397665176540613,99.80657958984375,99.80657958984375,99.926025390625,0.0020184668246656656,0.20184668898582458,25.070837020874023,-25.07086753845215,0.022480923682451248,0.022480910643935204,0.019828399643301964,97.75190734863281,97.75190734863281,98.01715850830078,0.003101445036008954,0.3101445138454437,-1.5503177642822266
117,0,Vocal,26.769437789916992,-26.769432067871094,0.014379302971065044,0.014379293657839298,0.015045308507978916,98.56206512451172,98.56206512451172,98.49546813964844,0.002099637407809496,0.20996373891830444,10.3344144821167,-10.334413528442383,0.28651896119117737,0.28651437163352966,0.31992098689079285,71.34810638427734,71.34855651855469,68.00789642333984,0.08474261313676834,8.474261283874512,-13.644194602966309
117,1,Bass,19.643409729003906,-19.643409729003906,0.03780236467719078,0.03780236095190048,0.03711064159870148,96.21976470947266,96.21976470947266,96.2889404296875,0.010739165358245373,1.0739165544509888,9.88746452331543,-9.88746452331543,0.3169296681880951,0.31692805886268616,0.3279447853565216,68.3070297241211,68.30719757080078,67.20552062988281,0.09307343512773514,9.307343482971191,-7.473944187164307
117,2,Drums,33.875221252441406,-33.87495040893555,0.002191605744883418,0.0021916052792221308,0.0016913576982915401,99.78083801269531,99.78083801269531,99.83086395263672,0.00040956417797133327,0.040956418961286545,15.826315879821777,-15.826313018798828,0.12670370936393738,0.12670357525348663,0.10559559613466263,87.32962799072266,87.32964324951172,89.44044494628906,0.025477712973952293,2.5477712154388428,-17.430185317993164
118,0,Vocal,26.453857421875,-26.453834533691406,0.006569738034158945,0.006569738034158945,0.007088627200573683,99.34302520751953,99.34302520751953,99.2911376953125,0.002257509855553508,0.22575098276138306,17.75579261779785,-17.755783081054688,0.19324272871017456,0.19324247539043427,0.16848832368850708,80.67572784423828,80.67575073242188,83.15116882324219,0.01648920774459839,1.6489207744598389,-7.19288444519043
118,1,Bass,20.38189125061035,-20.381868362426758,0.05121186375617981,0.051211852580308914,0.047498419880867004,94.87881469726562,94.87881469726562,95.25016021728516,0.009075146168470383,0.9075146317481995,10.77962875366211,-10.779630661010742,0.42433303594589233,0.42433086037635803,0.4878695011138916,57.56669616699219,57.566917419433594,51.213050842285156,0.07712253928184509,7.712254047393799,-1.14018976688385
118,2,Drums,34.97936248779297,-34.97938537597656,0.001152487238869071,0.001152487238869071,0.0,99.88475036621094,99.88475036621094,100.0,0.0003176602185703814,0.031766023486852646,23.683395385742188,-23.68342399597168,0.060467783361673355,0.06046777963638306,0.05593259260058403,93.9532241821289,93.9532241821289,94.40673828125,0.004263863433152437,0.42638635635375977,-10.94112491607666
119,0,Vocal,23.438907623291016,-23.438894271850586,0.0036140030715614557,0.0036140030715614557,0.0012851362116634846,99.63859558105469,99.63859558105469,99.8714828491211,0.004509721416980028,0.45097213983535767,21.415254592895508,-21.41533851623535,0.12879960238933563,0.12879957258701324,0.1261625736951828,87.12004089355469,87.12004089355469,87.38374328613281,0.007167148869484663,0.7167148590087891,-1.1639914512634277
119,1,Bass,22.101810455322266,-22.10181427001953,0.04622378200292587,0.0462237223982811,0.05557556077837944,95.37762451171875,95.37763214111328,94.44244384765625,0.006125634536147118,0.61256343126297,15.237866401672363,-15.23786735534668,0.28650912642478943,0.2865075170993805,0.31468477845191956,71.34908294677734,71.34925079345703,68.53152465820312,0.029067158699035645,2.9067158699035645,-2.6791012287139893
119,2,Drums,27.478378295898438,-27.478431701660156,0.00012065006740158424,0.00012064993643434718,0.001548534957692027,99.9879379272461,99.9879379272461,99.84514617919922,0.0017839521169662476,0.17839521169662476,23.876667022705078,-23.876636505126953,0.05285390093922615,0.05285385996103287,0.04539588466286659,94.71461486816406,94.71461486816406,95.46041107177734,0.004079070873558521,0.407907098531723,-2.736156940460205
120,0,Vocal,27.221946716308594,-27.222179412841797,0.0435214638710022,0.0435214601457119,0.04473280534148216,95.6478500366211,95.6478500366211,95.52671813964844,0.0018922026501968503,0.18922026455402374,29.827966690063477,-29.828060150146484,0.027459505945444107,0.027459334582090378,0.028796877712011337,97.2540512084961,97.25406646728516,97.12031555175781,0.0010393179254606366,0.10393179208040237,2.660492420196533
120,1,Bass,23.236534118652344,-23.23651123046875,0.11424125730991364,0.11424097418785095,0.11342979222536087,88.57587432861328,88.57589721679688,88.65702056884766,0.004723833408206701,0.4723833501338959,14.949817657470703,-14.949834823608398,0.5076724290847778,0.5076721906661987,0.501949667930603,49.232757568359375,49.23278045654297,49.80503463745117,0.030998600646853447,3.0998599529266357,-0.5436320900917053
120,2,Drums,37.062522888183594,-37.0618782043457,0.003575645387172699,0.003575641429051757,0.0038491906598210335,99.64244079589844,99.64244079589844,99.61508178710938,0.0001966842683032155,0.019668426364660263,27.812084197998047,-27.812345504760742,0.06684403866529465,0.06684380024671555,0.06813950836658478,93.31559753417969,93.31562042236328,93.18605041503906,0.0016521834768354893,0.16521835327148438,-7.8968119621276855
121,0,Vocal,15.427518844604492,-15.427522659301758,0.05624552071094513,0.05624552071094513,0.058645471930503845,94.37545013427734,94.37545013427734,94.13545227050781,0.027859782800078392,2.785978317260742,27.49614906311035,-27.496456146240234,0.027976935729384422,0.027976933866739273,0.027674075216054916,97.20230865478516,97.20230865478516,97.23258972167969,0.0017766255186870694,0.17766255140304565,12.131612777709961
121,1,Bass,22.268634796142578,-22.268579483032227,0.1655181348323822,0.16551779210567474,0.1791704297065735,83.44818115234375,83.4482192993164,82.08295440673828,0.005896193441003561,0.5896193385124207,-0.5708041787147522,0.5708042979240417,0.5053862929344177,0.505384087562561,0.480695515871048,49.46137237548828,49.46158981323242,51.930450439453125,0.5328109264373779,53.28109359741211,-13.619876861572266
121,2,Drums,35.1821174621582,-35.18227005004883,0.0022282099816948175,0.002228209748864174,0.001223260536789894,99.77718353271484,99.77718353271484,99.87767028808594,0.0003031352534890175,0.03031352534890175,15.140188217163086,-15.140188217163086,0.3983583450317383,0.39835795760154724,0.35639140009880066,60.16416549682617,60.16419982910156,64.36085510253906,0.029708681628108025,2.9708681106567383,-17.139801025390625
122,0,Vocal,14.83540153503418,-14.83540153503418,0.2698873281478882,0.26988285779953003,0.2760494649410248,73.01126861572266,73.01171112060547,72.39505004882812,0.031799837946891785,3.1799838542938232,21.439769744873047,-21.43976593017578,0.19753897190093994,0.197532519698143,0.20418745279312134,80.24610137939453,80.24674987792969,79.58125305175781,0.007127196062356234,0.7127196192741394,6.445540428161621
122,1,Bass,20.717641830444336,-20.717628479003906,0.12669965624809265,0.12669862806797028,0.12664665281772614,87.33003234863281,87.33013916015625,87.33533477783203,0.008405652828514576,0.8405652642250061,-2.967461109161377,2.967461347579956,0.548661470413208,0.548515796661377,0.5512378811836243,45.133853912353516,45.14842224121094,44.87621307373047,0.6644710898399353,66.44710540771484,-13.536688804626465
122,2,Drums,38.79877853393555,-38.79890823364258,0.0009877821430563927,0.0009877588599920273,0.0007680390845052898,99.9012222290039,99.9012222290039,99.9231948852539,0.00013183917326387018,0.013183916918933392,23.223064422607422,-23.22300910949707,0.1049482598900795,0.10494762659072876,0.09404363483190536,89.50517272949219,89.50523376464844,90.59564208984375,0.004738404415547848,0.4738404452800751,-14.49860668182373
123,0,Vocal,13.736685752868652,-13.736696243286133,0.07394252717494965,0.07394226640462875,0.0747138038277626,92.60574340820312,92.60577392578125,92.52861785888672,0.04058251157402992,4.05825138092041,21.232200622558594,-21.23218536376953,0.041353803128004074,0.041353680193424225,0.04452315717935562,95.86461639404297,95.86463165283203,95.54768371582031,0.007473529316484928,0.7473529577255249,7.5211029052734375
123,1,Bass,22.22897720336914,-22.22905921936035,0.12262841314077377,0.12262833118438721,0.11897653341293335,87.7371597290039,87.73716735839844,88.10234832763672,0.005949873011559248,0.5949872732162476,8.590686798095703,-8.59068489074707,0.6284517645835876,0.6284505128860474,0.6387639045715332,37.154823303222656,37.15494918823242,36.12361145019531,0.12152381241321564,12.15238094329834,-1.4029089212417603
123,2,Drums,35.6850471496582,-35.684669494628906,0.0016314289532601833,0.00163142045494169,0.002072812058031559,99.83685302734375,99.83685302734375,99.79271697998047,0.000270011747488752,0.02700117416679859,21.590356826782227,-21.59034538269043,0.19295379519462585,0.19294916093349457,0.20087593793869019,80.70462036132812,80.70508575439453,79.91240692138672,0.006885969545692205,0.6885969638824463,-11.548527717590332
124,0,Vocal,11.19067668914795,-11.190679550170898,0.24709546566009521,0.2470952868461609,0.2740958034992218,75.29045104980469,75.29047393798828,72.59042358398438,0.07064992189407349,7.0649919509887695,20.80987548828125,-20.809864044189453,0.1316269338130951,0.1316261738538742,0.1421831250190735,86.8373031616211,86.8373794555664,85.78168487548828,0.008230457082390785,0.8230457305908203,9.851646423339844
124,1,Bass,27.157190322875977,-27.157169342041016,0.14422984421253204,0.14422976970672607,0.149894580245018,85.57701873779297,85.5770263671875,85.01054382324219,0.0019206616561859846,0.19206616282463074,4.455218315124512,-4.4552202224731445,0.5550539493560791,0.5550225973129272,0.586219072341919,44.494606018066406,44.49774169921875,41.37809371948242,0.26388904452323914,26.388904571533203,-13.315147399902344
124,2,Drums,40.124900817871094,-40.123233795166016,0.0011519964318722486,0.0011519892141222954,0.0010688875336199999,99.88480377197266,99.88480377197266,99.89311218261719,9.71611007116735e-05,0.009716110303997993,18.641101837158203,-18.641088485717773,0.15896423161029816,0.158964142203331,0.177851140499115,84.10357666015625,84.10358428955078,82.21488952636719,0.013489378616213799,1.3489378690719604,-19.262693405151367
125,0,Vocal,30.21328353881836,-30.2132625579834,0.04457372426986694,0.04457370564341545,0.04516763612627983,95.5426254272461,95.5426254272461,95.48323822021484,0.0009511776734143496,0.09511777013540268,26.212207794189453,-26.212387084960938,0.03871716558933258,0.03871703892946243,0.038976337760686874,96.12828826904297,96.1282958984375,96.10237121582031,0.0023863392416387796,0.238633930683136,-3.676884889602661
125,1,Bass,28.824989318847656,-28.824827194213867,0.11702549457550049,0.11702518165111542,0.1103006899356842,88.29744720458984,88.29747772216797,88.96993255615234,0.0013089971616864204,0.13089971244335175,0.3671170771121979,-0.36711740493774414,0.509194552898407,0.5091528296470642,0.5731433629989624,49.080543518066406,49.084716796875,42.685665130615234,0.4788796007633209,47.88795852661133,-18.863309860229492
125,2,Drums,37.14091110229492,-37.14155578613281,0.002554786391556263,0.0025547861587256193,0.002617925638332963,99.74452209472656,99.74452209472656,99.73820495605469,0.00019309157505631447,0.019309157505631447,27.144245147705078,-27.144149780273438,0.07443523406982422,0.07443520426750183,0.0779816284775734,92.55647277832031,92.55647277832031,92.20183563232422,0.0019263785798102617,0.1926378607749939,-9.208333015441895
126,0,Vocal,19.531816482543945,-19.531858444213867,0.043665457516908646,0.043665457516908646,0.04434558376669884,95.63345336914062,95.63345336914062,95.56544494628906,0.011015537194907665,1.1015536785125732,15.548738479614258,-15.548736572265625,0.22582867741584778,0.22582848370075226,0.23479822278022766,77.4171371459961,77.41715240478516,76.52017974853516,0.027113711461424828,2.7113711833953857,-2.8857271671295166
126,1,Bass,36.64839172363281,-36.64838790893555,0.09334864467382431,0.09334864467382431,0.09283638745546341,90.6651382446289,90.6651382446289,90.71636199951172,0.0002162958844564855,0.021629588678479195,8.367746353149414,-8.367745399475098,0.7941778302192688,0.7941362857818604,0.8053733110427856,20.582216262817383,20.58637237548828,19.462669372558594,0.12711133062839508,12.711133003234863,-11.843921661376953
126,2,Drums,42.96814727783203,-42.9698371887207,0.0025040360633283854,0.002504035597667098,0.002462122356519103,99.74959564208984,99.74959564208984,99.7537841796875,5.0467140681575984e-05,0.005046714097261429,19.432031631469727,-19.432029724121094,0.12448432296514511,0.12448418140411377,0.11698414385318756,87.55156707763672,87.55158233642578,88.30158996582031,0.01126872282475233,1.1268723011016846,-22.576231002807617
127,0,Vocal,17.500408172607422,-17.50041389465332,0.0457945354282856,0.04579450935125351,0.04423858970403671,95.42054748535156,95.42054748535156,95.57614135742188,0.017470447346568108,1.7470446825027466,13.815220832824707,-13.815217971801758,0.36467358469963074,0.3646724820137024,0.3522273600101471,63.53263854980469,63.532752990722656,64.77726745605469,0.039884261786937714,3.9884262084960938,2.151165008544922
127,1,Bass,27.49892234802246,-27.498960494995117,0.15803056955337524,0.15803056955337524,0.15725243091583252,84.19694519042969,84.19694519042969,84.2747573852539,0.0017755385488271713,0.17755386233329773,5.9072585105896,-5.9072585105896,0.7273191809654236,0.7273030281066895,0.7580260038375854,27.268081665039062,27.269697189331055,24.197399139404297,0.2042084038257599,20.420841217041016,-12.133122444152832
127,2,Drums,35.34751892089844,-35.34786605834961,0.0013009780086576939,0.0013009777758270502,0.001050009741447866,99.86990356445312,99.86990356445312,99.89500427246094,0.0002918254758697003,0.029182547703385353,24.146177291870117,-24.146183013916016,0.07177810370922089,0.07177764177322388,0.06651834398508072,92.82218933105469,92.82223510742188,93.34815979003906,0.003834574017673731,0.38345739245414734,-10.422945022583008
128,0,Vocal,26.83842658996582,-26.838462829589844,0.006238851230591536,0.006238851230591536,0.007311902940273285,99.37611389160156,99.37611389160156,99.26881408691406,0.002066585700958967,0.20665857195854187,14.68432903289795,-14.684326171875,0.4507976174354553,0.4507973790168762,0.4465038478374481,54.92023849487305,54.92026138305664,55.349613189697266,0.0328885018825531,3.2888503074645996,-9.68938159942627
128,1,Bass,32.59467697143555,-32.594642639160156,0.012453458271920681,0.012453421950340271,0.011220778338611126,98.75465393066406,98.75465393066406,98.87792205810547,0.0005499168764799833,0.05499168857932091,6.935990333557129,-6.935990333557129,0.6114235520362854,0.6114184260368347,0.6459102630615234,38.857643127441406,38.858158111572266,35.408973693847656,0.1683914214372635,16.839141845703125,-9.850020408630371
128,2,Drums,32.193634033203125,-32.19355010986328,0.003029718529433012,0.0030297127086669207,0.0018986056093126535,99.69702911376953,99.69702911376953,99.81014251708984,0.0006030559889040887,0.06030559912323952,29.457948684692383,-29.45785140991211,0.019510792568325996,0.019510749727487564,0.02010856196284294,98.04891967773438,98.0489273071289,97.98914337158203,0.0011316989548504353,0.11316989362239838,-2.6116573810577393
129,0,Vocal,23.8760929107666,-23.876123428344727,0.008364235982298851,0.008364235982298851,0.010494749061763287,99.16357421875,99.16357421875,98.95052337646484,0.0040795872919261456,0.4079587161540985,17.54096031188965,-17.540943145751953,0.13633784651756287,0.13633769750595093,0.13840647041797638,86.3662109375,86.3662338256836,86.15935516357422,0.017310934141278267,1.731093406677246,-5.296105861663818
129,1,Bass,24.037019729614258,-24.03704833984375,0.014080839231610298,0.014080831781029701,0.014429294504225254,98.5919189453125,98.5919189453125,98.55707550048828,0.00393178453668952,0.39317846298217773,19.17974281311035,-19.17972183227539,0.44079676270484924,0.44076141715049744,0.44965484738349915,55.920326232910156,55.92385482788086,55.03451919555664,0.011934698559343815,1.1934698820114136,-3.2468369007110596
129,2,Drums,38.34782028198242,-38.346744537353516,0.0008061870466917753,0.0008061867556534708,0.0007192653138190508,99.91938018798828,99.91938018798828,99.9280776977539,0.00014627008931711316,0.014627008698880672,13.33708667755127,-13.337082862854004,0.5836449861526489,0.5836191177368164,0.5634965300559998,41.635501861572266,41.63808822631836,43.65034866333008,0.044320426881313324,4.432042598724365,-17.403648376464844
130,0,Vocal,22.871021270751953,-22.871105194091797,0.009816089645028114,0.00981608871370554,0.010377880185842514,99.01838684082031,99.01838684082031,98.96221160888672,0.005136346910148859,0.5136346817016602,12.70633602142334,-12.706337928771973,0.40385276079177856,0.40385177731513977,0.40907585620880127,59.614723205566406,59.61482620239258,59.09241485595703,0.05089564621448517,5.089564800262451,-4.783778190612793
130,1,Bass,27.468358993530273,-27.468421936035156,0.021811556071043015,0.02181127294898033,0.025387682020664215,97.81884765625,97.81887817382812,97.46122741699219,0.0017880538944154978,0.1788053959608078,19.606792449951172,-19.606765747070312,0.21227066218852997,0.2122596949338913,0.2048417180776596,78.77293395996094,78.77403259277344,79.51582336425781,0.010829122737050056,1.0829123258590698,-6.0821428298950195
130,2,Drums,40.53540802001953,-40.53566360473633,0.00114002067130059,0.0011400203220546246,0.0006697628414258361,99.88600158691406,99.88600158691406,99.93302154541016,8.838614303385839e-05,0.008838614448904991,12.525779724121094,-12.525781631469727,0.4939817786216736,0.4939272999763489,0.5012242197990417,50.60182189941406,50.607269287109375,49.87757873535156,0.052941832691431046,5.294183254241943,-23.045106887817383
131,0,Vocal,26.673152923583984,-26.673362731933594,0.008989144116640091,0.008989144116640091,0.010462949983775616,99.10108184814453,99.10108184814453,98.95370483398438,0.0021465911995619535,0.21465912461280823,15.410746574401855,-15.410746574401855,0.17220686376094818,0.17220661044120789,0.18280668556690216,82.77931213378906,82.77933502197266,81.71932983398438,0.02796454168856144,2.7964541912078857,-10.38884162902832
131,1,Bass,25.588897705078125,-25.58884048461914,0.005732648074626923,0.005732640624046326,0.007247739937156439,99.4267349243164,99.4267349243164,99.27522277832031,0.0027536696288734674,0.27536696195602417,8.805655479431152,-8.805655479431152,0.6605045795440674,0.6604856252670288,0.6841720342636108,33.94954299926758,33.951438903808594,31.582796096801758,0.11633780598640442,11.633780479431152,0.4865739643573761
131,2,Drums,34.57933044433594,-34.57957077026367,0.0021469665225595236,0.00214695674367249,0.0037647425197064877,99.7853012084961,99.7853012084961,99.62352752685547,0.00034824892645701766,0.03482489287853241,12.99670124053955,-12.99670124053955,0.24283690750598907,0.2428341656923294,0.256222128868103,75.71630859375,75.71658325195312,74.3777847290039,0.04776126891374588,4.776126861572266,-19.896940231323242
132,0,Vocal,24.197025299072266,-24.197002410888672,0.006039863917976618,0.006039862986654043,0.006826239172369242,99.39601135253906,99.39601135253906,99.31737518310547,0.003790129441767931,0.37901294231414795,15.913902282714844,-15.913897514343262,0.23552575707435608,0.2355256825685501,0.23349617421627045,76.44742584228516,76.44743347167969,76.65038299560547,0.024981778115034103,2.4981777667999268,-6.9075608253479
132,1,Bass,33.880916595458984,-33.88080978393555,0.01688147895038128,0.01688130758702755,0.015711968764662743,98.31185150146484,98.31187438964844,98.42880249023438,0.00040901917964220047,0.04090191796422005,12.745922088623047,-12.745918273925781,0.41559919714927673,0.4155968725681305,0.418094664812088,58.44007873535156,58.44031524658203,58.19053649902344,0.05045711249113083,5.045711040496826,-17.306909561157227
132,2,Drums,26.550771713256836,-26.550792694091797,0.0002533209335524589,0.00025332067161798477,0.0015637219185009599,99.97467041015625,99.97467041015625,99.8436279296875,0.002207821235060692,0.22078213095664978,13.072639465332031,-13.072639465332031,0.3351837694644928,0.33517470955848694,0.318752646446228,66.48162841796875,66.48252868652344,68.1247329711914,0.04697224870324135,4.697225093841553,-10.241456031799316
133,0,Vocal,24.15465545654297,-24.154634475708008,0.011667991988360882,0.011667989194393158,0.010812610387802124,98.83320617675781,98.83320617675781,98.91873931884766,0.003827082458883524,0.38270825147628784,21.91566276550293,-21.915664672851562,0.02965705469250679,0.02965705469250679,0.03152448311448097,97.03429412841797,97.03429412841797,96.84754943847656,0.006392163224518299,0.6392163038253784,-2.019605875015259
133,1,Bass,33.21803283691406,-33.21825408935547,0.016191115602850914,0.01619100756943226,0.016934063285589218,98.38088989257812,98.38089752197266,98.30659484863281,0.0004763782781083137,0.047637827694416046,25.603818893432617,-25.60382652282715,0.09368100017309189,0.09368015825748444,0.09098938852548599,90.63190460205078,90.63198852539062,90.90106201171875,0.002744262805208564,0.27442628145217896,-6.116880416870117
133,2,Drums,41.11077117919922,-41.11055374145508,0.0008216489804908633,0.0008216481073759496,0.0010858230525627732,99.91783142089844,99.91783142089844,99.89141845703125,7.745704351691529e-05,0.007745704147964716,14.08602523803711,-14.086026191711426,0.4161238372325897,0.41611841320991516,0.396767258644104,58.387611389160156,58.388160705566406,60.323272705078125,0.037563808262348175,3.756380796432495,-20.623083114624023
134,0,Vocal,29.087181091308594,-29.087121963500977,0.005194884724915028,0.005194884724915028,0.005705976393073797,99.48050689697266,99.48050689697266,99.42940521240234,0.0012324019335210323,0.12324019521474838,34.41660690307617,-34.417903900146484,0.004009108059108257,0.00400910759344697,0.0052837468683719635,99.59909057617188,99.59909057617188,99.47162628173828,0.00036150365485809743,0.03615036606788635,5.343481540679932
134,1,Bass,26.593875885009766,-26.593856811523438,0.006714473012834787,0.0067144716158509254,0.014194237068295479,99.32855224609375,99.32855224609375,98.58057403564453,0.0021860606502741575,0.21860606968402863,11.700247764587402,-11.700246810913086,0.366372674703598,0.3663707375526428,0.39058956503868103,63.362728118896484,63.3629264831543,60.9410400390625,0.0633235052227974,6.332350730895996,-12.65483570098877
134,2,Drums,32.68365478515625,-32.683250427246094,0.0037098724860697985,0.0037098724860697985,0.002077530138194561,99.62901306152344,99.62901306152344,99.79225158691406,0.0005387757555581629,0.0538775771856308,10.03321647644043,-10.033215522766113,0.31559497117996216,0.315593421459198,0.22132988274097443,68.44050598144531,68.44065856933594,77.86701202392578,0.0902789756655693,9.027897834777832,-20.56668472290039
135,0,Vocal,25.797115325927734,-25.79707145690918,0.007681997027248144,0.0076819960959255695,0.008989231660962105,99.23179626464844,99.23179626464844,99.10108184814453,0.0026251233648508787,0.26251232624053955,10.696025848388672,-10.696025848388672,0.32360467314720154,0.32360464334487915,0.3144281506538391,67.6395263671875,67.63953399658203,68.55718231201172,0.07850384712219238,7.850384712219238,-11.607924461364746
135,1,Bass,24.261878967285156,-24.261890411376953,0.013810775242745876,0.013810764998197556,0.011412163265049458,98.61892700195312,98.61892700195312,98.8587875366211,0.003734125290066004,0.37341251969337463,24.749164581298828,-24.749126434326172,0.051176588982343674,0.05117647349834442,0.060605403035879135,94.88233947753906,94.88235473632812,93.93946075439453,0.0033391322940587997,0.33391323685646057,1.0261896848678589
135,2,Drums,39.48439407348633,-39.48469543457031,0.0013920560013502836,0.001392050296999514,0.0017491716425865889,99.86079406738281,99.86079406738281,99.82508087158203,0.00011260215978836641,0.011260216124355793,11.906778335571289,-11.906777381896973,0.43938031792640686,0.4393801987171173,0.4186440408229828,56.06196975708008,56.061981201171875,58.13559341430664,0.06056074798107147,6.056074619293213,-23.95825958251953
136,0,Vocal,-1.8536330461502075,1.8536330461502075,0.368041068315506,0.3680380880832672,0.3402803838253021,63.19589614868164,63.19619369506836,65.97196197509766,0.6051127910614014,60.51128005981445,16.068889617919922,-16.06890869140625,0.2426142692565918,0.2425774335861206,0.25226661562919617,75.73857116699219,75.74225616455078,74.7733383178711,0.024127008393406868,2.412700891494751,18.396957397460938
136,1,Bass,14.464004516601562,-14.463996887207031,0.2176765352487564,0.2176762968301773,0.18345756828784943,78.23234558105469,78.23236846923828,81.65424346923828,0.034540895372629166,3.454089641571045,18.4290714263916,-18.42911148071289,0.24802373349666595,0.24800783395767212,0.24985770881175995,75.19762420654297,75.19921875,75.01422882080078,0.014154661446809769,1.4154661893844604,8.502337455749512
136,2,Drums,39.30644226074219,-39.30691146850586,7.958479545777664e-05,7.958464266266674e-05,0.0,99.9920425415039,99.9920425415039,100.0,0.00011728573008440435,0.01172857265919447,6.597829341888428,-6.597829818725586,0.3400287926197052,0.3400287926197052,0.3531166911125183,65.99712371826172,65.99712371826172,64.6883316040039,0.17957842350006104,17.957841873168945,-26.188703536987305
137,0,Vocal,27.26630401611328,-27.266338348388672,0.016931751742959023,0.016931749880313873,0.017206216230988503,98.30682373046875,98.30682373046875,98.27938079833984,0.0018731005256995559,0.18731005489826202,7.68736457824707,-7.68736457824707,0.4927329421043396,0.49273285269737244,0.5445722937583923,50.726707458496094,50.72671127319336,45.54277038574219,0.1455322504043579,14.553224563598633,-13.362662315368652
137,1,Bass,15.500144958496094,-15.50014877319336,0.15754334628582,0.15754324197769165,0.16899481415748596,84.24566650390625,84.24567413330078,83.10052490234375,0.027410436421632767,2.7410435676574707,15.508085250854492,-15.50808048248291,0.18012180924415588,0.18012017011642456,0.18563063442707062,81.98782348632812,81.98798370361328,81.43693542480469,0.027361677959561348,2.7361679077148438,2.6753287315368652
137,2,Drums,18.51456642150879,-18.51456069946289,0.0006449773791246116,0.0006449624779634178,0.0018398186657577753,99.93550109863281,99.93550109863281,99.8160171508789,0.013882642611861229,1.3882642984390259,21.72593116760254,-21.72589874267578,0.08583005517721176,0.08582957834005356,0.0842714011669159,91.41699981689453,91.41704559326172,91.57286071777344,0.00667574442923069,0.6675744652748108,4.356334209442139
138,0,Vocal,22.84164047241211,-22.84166145324707,0.017778147011995316,0.017778147011995316,0.01838523894548416,98.22218322753906,98.22218322753906,98.1614761352539,0.005171116907149553,0.5171117186546326,21.365697860717773,-21.365671157836914,0.12304113805294037,0.12304112315177917,0.12724527716636658,87.69588470458984,87.69588470458984,87.27546691894531,0.007248875219374895,0.7248875498771667,0.1835666298866272
138,1,Bass,21.30475616455078,-21.304758071899414,0.15918265283107758,0.15918239951133728,0.15832586586475372,84.08173370361328,84.08175659179688,84.16741180419922,0.007350606843829155,0.7350606918334961,16.062252044677734,-16.062246322631836,0.37913310527801514,0.37913089990615845,0.39335715770721436,62.08668899536133,62.086910247802734,60.664283752441406,0.02416309155523777,2.416309118270874,1.8766053915023804
138,2,Drums,21.625892639160156,-21.62588119506836,0.0008455734350718558,0.0008455701754428446,0.004126350861042738,99.91544342041016,99.91544342041016,99.58736419677734,0.006830231752246618,0.6830231547355652,24.22998809814453,-24.22995376586914,0.030466169118881226,0.030466007068753242,0.02477659471333027,96.95337677001953,96.95339965820312,97.5223388671875,0.0037615385372191668,0.3761538565158844,3.0328140258789062
139,0,Vocal,17.908632278442383,-17.90865707397461,0.011808945797383785,0.01180894486606121,0.011380618438124657,98.81910705566406,98.81910705566406,98.8619384765625,0.015928005799651146,1.5928006172180176,18.96172523498535,-18.961761474609375,0.1140669658780098,0.11406692117452621,0.11574143171310425,88.59330749511719,88.59330749511719,88.42585754394531,0.012541397474706173,1.25413978099823,1.7293344736099243
139,1,Bass,18.254709243774414,-18.25470542907715,0.2453513741493225,0.24535132944583893,0.24889551103115082,75.46485900878906,75.4648666381836,75.1104507446289,0.014726054854691029,1.4726054668426514,5.200528621673584,-5.200529098510742,0.6994761824607849,0.6993053555488586,0.6927021145820618,30.05238151550293,30.0694637298584,30.729787826538086,0.2319263517856598,23.19263458251953,1.734932541847229
139,2,Drums,23.757179260253906,-23.757200241088867,0.0019857226870954037,0.001985682174563408,0.0024393945932388306,99.80142974853516,99.80142974853516,99.75606536865234,0.004192364402115345,0.4192364513874054,25.064228057861328,-25.064151763916016,0.04162782430648804,0.04162740707397461,0.03935517743229866,95.83721923828125,95.8372573852539,96.06448364257812,0.0031061898916959763,0.3106189966201782,1.9566841125488281
140,0,Vocal,32.78334045410156,-32.78315734863281,0.01829562336206436,0.018295621499419212,0.018812967464327812,98.1704330444336,98.1704330444336,98.11870574951172,0.0005265655345283449,0.05265655368566513,21.526321411132812,-21.526325225830078,0.17580077052116394,0.17580077052116394,0.18597197532653809,82.419921875,82.419921875,81.40280151367188,0.006987538188695908,0.698753833770752,-9.09344482421875
140,1,Bass,25.689208984375,-25.689353942871094,0.09591615945100784,0.09591615200042725,0.09340889751911163,90.40838623046875,90.40838623046875,90.65911102294922,0.002690928755328059,0.2690928876399994,2.4695887565612793,-2.4695887565612793,0.6990826725959778,0.6989105939865112,0.6697043776512146,30.091732025146484,30.10894012451172,33.029563903808594,0.36154982447624207,36.15498352050781,-7.304193496704102
140,2,Drums,30.0389404296875,-30.038822174072266,0.008992352522909641,0.008992352522909641,0.008117017336189747,99.10076141357422,99.10076141357422,99.18830108642578,0.000990133616141975,0.09901335835456848,23.994462966918945,-23.994461059570312,0.05000606179237366,0.05000576749444008,0.04551171138882637,94.99939727783203,94.99942016601562,95.4488296508789,0.003970366902649403,0.39703670144081116,-5.740217685699463
141,0,Vocal,22.605281829833984,-22.605295181274414,0.02131836488842964,0.02131836488842964,0.021914834156632423,97.8681640625,97.8681640625,97.80851745605469,0.005458778701722622,0.5458778738975525,19.549123764038086,-19.54912567138672,0.12544699013233185,0.12544682621955872,0.1459023803472519,87.4552993774414,87.455322265625,85.40975952148438,0.010972256772220135,1.0972256660461426,-1.4585126638412476
141,1,Bass,20.715343475341797,-20.715330123901367,0.14243414998054504,0.14243243634700775,0.1415402889251709,85.756591796875,85.75675201416016,85.8459701538086,0.008410082198679447,0.8410082459449768,10.155824661254883,-10.155824661254883,0.5970237255096436,0.59701007604599,0.6137391924858093,40.29762649536133,40.29899215698242,38.62607955932617,0.08798697590827942,8.798697471618652,2.9909539222717285
141,2,Drums,26.57717514038086,-26.57710838317871,0.007326686754822731,0.007326677907258272,0.007760143838822842,99.267333984375,99.267333984375,99.22398376464844,0.002194479340687394,0.21944794058799744,26.018150329589844,-26.018184661865234,0.04745453968644142,0.047454413026571274,0.04850776493549347,95.25454711914062,95.25455474853516,95.14922332763672,0.0024951971136033535,0.2495197057723999,-0.002324532950296998
142,0,Vocal,29.755765914916992,-29.75556182861328,0.06772700697183609,0.06772694736719131,0.06911203265190125,93.227294921875,93.22730255126953,93.08879089355469,0.0010567419230937958,0.10567419230937958,16.825679779052734,-16.8256778717041,0.17773965001106262,0.17773912847042084,0.1858660876750946,82.22603607177734,82.22608947753906,81.41339111328125,0.02034720778465271,2.0347208976745605,-12.004965782165527
142,1,Bass,15.762899398803711,-15.762921333312988,0.5804051756858826,0.5804044604301453,0.5783156156539917,41.9594841003418,41.95955276489258,42.16843795776367,0.02584272064268589,2.5842721462249756,7.731806755065918,-7.731807231903076,0.44764789938926697,0.44762852787971497,0.4292447865009308,55.235206604003906,55.237152099609375,57.075523376464844,0.1442643702030182,14.426437377929688,-5.9899702072143555
142,2,Drums,32.4315185546875,-32.43149948120117,0.0001695357059361413,0.0001695356477284804,0.001141335698775947,99.98304748535156,99.98304748535156,99.88587188720703,0.0005710067925974727,0.057100679725408554,8.844911575317383,-8.844910621643066,0.32583147287368774,0.3258284330368042,0.30601248145103455,67.41685485839844,67.41716003417969,69.39875030517578,0.11541180312633514,11.541180610656738,-20.685277938842773
143,0,Vocal,6.295794486999512,-6.295793533325195,0.33897560834884644,0.3389754593372345,0.3307676613330841,66.1024398803711,66.10245513916016,66.92323303222656,0.19005389511585236,19.005390167236328,11.080885887145996,-11.080883979797363,0.259823203086853,0.2598145008087158,0.2794911861419678,74.0176773071289,74.01854705810547,72.0508804321289,0.07232792675495148,7.232792854309082,4.895267963409424
143,1,Bass,15.703959465026855,-15.703962326049805,0.1703156679868698,0.17031565308570862,0.18306569755077362,82.96842956542969,82.96843719482422,81.69342803955078,0.026186609640717506,2.6186609268188477,16.39059066772461,-16.390586853027344,0.16796866059303284,0.16796864569187164,0.14679117500782013,83.20314025878906,83.20314025878906,85.32088470458984,0.022443147376179695,2.244314670562744,2.84664249420166
143,2,Drums,33.30311584472656,-33.30290985107422,5.235482603893615e-05,5.235465141595341e-05,0.00022815915872342885,99.99476623535156,99.99476623535156,99.97718048095703,0.00046721415128558874,0.04672141373157501,6.1280035972595215,-6.128003120422363,0.3596299886703491,0.35962551832199097,0.39546501636505127,64.03700256347656,64.03744506835938,60.45349884033203,0.19607244431972504,19.60724449157715,-22.03169059753418
144,0,Vocal,6.12917947769165,-6.129179000854492,0.905412495136261,0.9054123163223267,0.913316547870636,9.45875072479248,9.458768844604492,8.66834545135498,0.19602981209754944,19.602981567382812,11.064811706542969,-11.064810752868652,0.7059603333473206,0.7058677077293396,0.759419322013855,29.403966903686523,29.41322898864746,24.058067321777344,0.0725766196846962,7.257661819458008,8.991276741027832
144,1,Bass,5.990286350250244,-5.990286827087402,0.6507421731948853,0.6507421135902405,0.6718864440917969,34.92578125,34.92578887939453,32.81135559082031,0.20111915469169617,20.111915588378906,8.807836532592773,-8.807832717895508,0.14328385889530182,0.1432833969593048,0.1438361257314682,85.67161560058594,85.67166137695312,85.61638641357422,0.11628616601228714,11.628616333007812,3.6859288215637207
144,2,Drums,47.83803939819336,-47.839637756347656,5.8041820011567324e-05,5.8041820011567324e-05,0.0005153448437340558,99.99419403076172,99.99419403076172,99.9484634399414,1.6458649042760953e-05,0.0016458649188280106,17.040590286254883,-17.040578842163086,0.14333388209342957,0.14333316683769226,0.1535283774137497,85.66661071777344,85.66667938232422,84.64716339111328,0.019383860751986504,1.938386082649231,-29.605064392089844
145,0,Vocal,21.648542404174805,-21.648540496826172,0.4469558000564575,0.4469544291496277,0.4536384344100952,55.304420471191406,55.30455780029297,54.63615798950195,0.006794968619942665,0.6794968843460083,27.24889373779297,-27.24890899658203,0.020600397139787674,0.020600344985723495,0.022175410762429237,97.9399642944336,97.93997192382812,97.78245544433594,0.0018805837025865912,0.18805837631225586,5.627522945404053
145,1,Bass,20.130504608154297,-20.130502700805664,0.8978019952774048,0.8977488279342651,0.8993682861328125,10.21980094909668,10.225116729736328,10.06317138671875,0.00961074884980917,0.9610748887062073,5.135698318481445,-5.1356987953186035,0.9426961541175842,0.9424821734428406,0.9402115941047668,5.730384826660156,5.751782417297363,5.9788408279418945,0.2345961034297943,23.459609985351562,4.024258613586426
145,2,Drums,47.195621490478516,-47.20234680175781,0.0008678059675730765,0.0008678024169057608,0.0008055465295910835,99.91322326660156,99.91322326660156,99.91944122314453,1.90757436939748e-05,0.0019075743621215224,29.350509643554688,-29.350360870361328,0.058344766497612,0.05834396928548813,0.05569985881447792,94.16551971435547,94.16560363769531,94.43000793457031,0.0011599842691794038,0.11599842458963394,-17.258460998535156
146,0,Vocal,8.539413452148438,-8.53941535949707,0.7393460273742676,0.739345908164978,0.7422966361045837,26.065397262573242,26.06540870666504,25.770336151123047,0.12278980016708374,12.278980255126953,20.500333786010742,-20.500333786010742,0.21194083988666534,0.21193717420101166,0.21953265368938446,78.80591583251953,78.80628204345703,78.0467300415039,0.008833134546875954,0.8833134770393372,11.991826057434082
146,1,Bass,16.997894287109375,-16.997892379760742,0.5457046627998352,0.5457021594047546,0.5463774800300598,45.429534912109375,45.42978286743164,45.36225128173828,0.01957162655889988,1.957162618637085,12.70128345489502,-12.701277732849121,0.28162118792533875,0.28160348534584045,0.3080321252346039,71.83787536621094,71.83965301513672,69.19678497314453,0.05095184966921806,5.095184803009033,-1.9135322570800781
146,2,Drums,47.06197738647461,-47.065277099609375,0.0002712562563829124,0.0002712561981752515,0.00038314153789542615,99.9728775024414,99.9728775024414,99.96168518066406,1.9669250832521357e-05,0.0019669251050800085,19.440031051635742,-19.440038681030273,0.12227346003055573,0.12227340042591095,0.11661933362483978,87.77265930175781,87.77265930175781,88.33806610107422,0.011248224414885044,1.1248224973678589,-26.60210418701172
147,0,Vocal,10.140299797058105,-10.140299797058105,0.5066233277320862,0.5066231489181519,0.5270012617111206,49.33766555786133,49.337684631347656,47.29987335205078,0.08827433735132217,8.827433586120605,14.186439514160156,-14.186441421508789,0.3025308847427368,0.3025299906730652,0.31558287143707275,69.74691009521484,69.74700164794922,68.44171142578125,0.036736760288476944,3.673676013946533,7.247580528259277
147,1,Bass,19.850122451782227,-19.850112915039062,0.3403029143810272,0.3403027355670929,0.3414245545864105,65.9697036743164,65.9697265625,65.8575439453125,0.010245157405734062,1.0245157480239868,12.33151912689209,-12.331514358520508,0.5633180141448975,0.5632944703102112,0.5703702569007874,43.66819763183594,43.67055130004883,42.962974548339844,0.055229898542165756,5.522989749908447,3.7102138996124268
147,2,Drums,36.417625427246094,-36.41725158691406,0.00035191839560866356,0.00035191833740100265,0.0014759544283151627,99.96481323242188,99.96481323242188,99.85240936279297,0.0002281228662468493,0.022812286391854286,30.064136505126953,-30.064109802246094,0.016535086557269096,0.016535060480237007,0.016059720888733864,98.34648895263672,98.34649658203125,98.39402770996094,0.0009843978332355618,0.0984397828578949,-6.285007953643799
148,0,Vocal,16.8016414642334,-16.8016414642334,0.2589375078678131,0.2589375078678131,0.2579047977924347,74.10625457763672,74.10625457763672,74.20952606201172,0.020457837730646133,2.045783758163452,5.625858783721924,-5.625858306884766,0.2190789133310318,0.2190789133310318,0.3014453947544098,78.09210968017578,78.09210968017578,69.85546112060547,0.2149399071931839,21.493989944458008,-9.541707038879395
148,1,Bass,13.90498161315918,-13.9049711227417,0.8680154085159302,0.8680154085159302,0.8650678396224976,13.19845962524414,13.19845962524414,13.493215560913086,0.03910031169652939,3.9100310802459717,9.892208099365234,-9.89221477508545,0.5044481158256531,0.5044431686401367,0.5234861373901367,49.5551872253418,49.55568313598633,47.65138626098633,0.09298122674226761,9.29812240600586,1.7684056758880615
148,2,Drums,30.849878311157227,-30.85000228881836,0.0006217678892426193,0.0006217678892426193,0.0011557723628357053,99.93782043457031,99.93782043457031,99.8844223022461,0.000821571855340153,0.0821571871638298,23.837966918945312,-23.837984085083008,0.04004228115081787,0.040042273700237274,0.03187670186161995,95.99577331542969,95.99577331542969,96.81233215332031,0.004115397110581398,0.4115397036075592,-6.548710823059082
149,0,Vocal,22.845918655395508,-22.846038818359375,0.2899233102798462,0.2899232506752014,0.2910056412220001,71.0076675415039,71.00767517089844,70.8994369506836,0.005165974143892527,0.5165973901748657,17.525436401367188,-17.52542495727539,0.21354374289512634,0.213541641831398,0.20334401726722717,78.64562225341797,78.64583587646484,79.66560363769531,0.01737186126410961,1.737186074256897,-4.459629058837891
149,1,Bass,14.09060287475586,-14.090603828430176,0.6730567812919617,0.6730567812919617,0.6790619492530823,32.69432067871094,32.69432067871094,32.09380340576172,0.03752569481730461,3.7525694370269775,15.158931732177734,-15.158920288085938,0.12323065847158432,0.12322371453046799,0.12414707243442535,87.67693328857422,87.67762756347656,87.58529663085938,0.02958454005420208,2.958453893661499,1.9177651405334473
149,2,Drums,44.12458419799805,-44.12120819091797,0.0007936800247989595,0.0007936800247989595,0.001085182884708047,99.9206314086914,99.9206314086914,99.89148712158203,3.868862404488027e-05,0.003868862520903349,21.25666046142578,-21.256656646728516,0.14536766707897186,0.14536729454994202,0.1362062245607376,85.4632339477539,85.46327209472656,86.37937927246094,0.0074318149127066135,0.7431814670562744,-21.606807708740234
150,0,Vocal,13.105720520019531,-13.105730056762695,0.49964189529418945,0.4996283948421478,0.503544270992279,50.03581237792969,50.03715896606445,49.645572662353516,0.046632442623376846,4.663244247436523,23.019027709960938,-23.018997192382812,0.13944552838802338,0.1394435167312622,0.14317934215068817,86.0554428100586,86.05564880371094,85.68206787109375,0.004965207539498806,0.4965207576751709,10.684225082397461
150,1,Bass,13.299169540405273,-13.299168586730957,0.8813355565071106,0.8813179731369019,0.8939524292945862,11.86644458770752,11.868202209472656,10.604757308959961,0.04469169303774834,4.4691691398620605,14.998695373535156,-14.998697280883789,0.4876305162906647,0.48755374550819397,0.5005494952201843,51.2369499206543,51.24462890625,49.94504928588867,0.030662357807159424,3.0662357807159424,3.402215003967285
150,2,Drums,35.91039276123047,-35.90974044799805,0.0004742847813758999,0.00047428449033759534,0.0008490696782246232,99.95257568359375,99.95257568359375,99.91509246826172,0.0002563832968007773,0.02563832886517048,15.986043930053711,-15.986045837402344,0.1328938603401184,0.13288910686969757,0.08522699028253555,86.71061706542969,86.71109008789062,91.477294921875,0.024580320343375206,2.4580321311950684,-18.71307373046875
151,0,Vocal,12.90941333770752,-12.909416198730469,0.5600532293319702,0.5600515604019165,0.5619946122169495,43.99467849731445,43.994842529296875,43.800537109375,0.04868369176983833,4.868369102478027,20.027257919311523,-20.027271270751953,0.06333361566066742,0.0633334219455719,0.06679578870534897,93.66663360595703,93.66666412353516,93.32042694091797,0.009839634411036968,0.9839634299278259,7.167128086090088
151,1,Bass,22.70803451538086,-22.708023071289062,0.7826616764068604,0.7826600074768066,0.7839357852935791,21.73383331298828,21.733999252319336,21.606422424316406,0.005331790540367365,0.5331790447235107,30.086833953857422,-30.086938858032227,0.10305678099393845,0.10305669903755188,0.11003339290618896,89.69432067871094,89.6943359375,88.99665832519531,0.000979220261797309,0.09792202711105347,8.18521785736084
151,2,Drums,29.796913146972656,-29.796993255615234,9.266523557016626e-05,9.266511915484443e-05,6.122020568000153e-05,99.99073028564453,99.99073028564453,99.99388122558594,0.0010467933025211096,0.10467933118343353,22.281326293945312,-22.28133201599121,0.08213365823030472,0.08213337510824203,0.0767994225025177,91.78663635253906,91.78666687011719,92.32006072998047,0.0058790547773242,0.5879054665565491,-6.593404769897461
152,0,Vocal,31.381511688232422,-31.381546020507812,0.025742415338754654,0.025742221623659134,0.02648770622909069,97.4257583618164,97.42577362060547,97.35122680664062,0.0007270363857969642,0.07270363718271255,9.886348724365234,-9.886346817016602,0.49833935499191284,0.4983333647251129,0.5062607526779175,50.16606521606445,50.16666793823242,49.373924255371094,0.09309512376785278,9.3095121383667,-18.30577850341797
152,1,Bass,5.944086074829102,-5.944085597991943,0.5142129063606262,0.5142112970352173,0.5411413311958313,48.57870864868164,48.5788688659668,45.885868072509766,0.20283380150794983,20.28338050842285,9.192882537841797,-9.192880630493164,0.43705296516418457,0.4369579255580902,0.4290337860584259,56.29470443725586,56.304203033447266,57.09662628173828,0.1074805036187172,10.748050689697266,13.319645881652832
152,2,Drums,36.79198455810547,-36.79073715209961,0.0008180330623872578,0.0008180285803973675,0.0008595973486080766,99.91819763183594,99.91819763183594,99.9140396118164,0.00020929383754264563,0.020929383113980293,30.46678352355957,-30.466571807861328,0.022953400388360023,0.022953398525714874,0.02300960198044777,97.70465850830078,97.70465850830078,97.69904327392578,0.0008973018266260624,0.08973018079996109,-6.243769645690918
153,0,Vocal,30.960372924804688,-30.960351943969727,0.03274311497807503,0.03274311125278473,0.0348978191614151,96.72569274902344,96.72569274902344,96.51022338867188,0.0008009313605725765,0.0800931379199028,18.16667938232422,-18.166671752929688,0.23268385231494904,0.23268325626850128,0.23086616396903992,76.73161315917969,76.73167419433594,76.91338348388672,0.015023072250187397,1.5023071765899658,-8.122223854064941
153,1,Bass,9.293782234191895,-9.293781280517578,0.37064704298973083,0.3706435263156891,0.3965783715248108,62.9352912902832,62.93564987182617,60.3421630859375,0.10527199506759644,10.527199745178223,18.51677894592285,-18.516769409179688,0.2779422700405121,0.27793654799461365,0.2873673141002655,72.20577239990234,72.20634460449219,71.26326751708984,0.013875674456357956,1.387567400932312,15.15252685546875
153,2,Drums,35.41548156738281,-35.415428161621094,0.0008716314914636314,0.0008716312004253268,0.00042636547004804015,99.91283416748047,99.91283416748047,99.95736694335938,0.00028729450423270464,0.028729449957609177,34.50341033935547,-34.503135681152344,0.01496731024235487,0.014967245981097221,0.01456038374453783,98.50326538085938,98.5032730102539,98.54396057128906,0.0003544008359313011,0.03544008359313011,-0.7267176508903503
154,0,Vocal,21.10445785522461,-21.10443878173828,0.030871104449033737,0.030870897695422173,0.0338958278298378,96.91288757324219,96.91291046142578,96.61041259765625,0.007694842293858528,0.7694842219352722,11.078529357910156,-11.078530311584473,0.4869970381259918,0.48699498176574707,0.5164388418197632,51.30030059814453,51.30050277709961,48.356117248535156,0.07236431539058685,7.23643159866333,0.0215024184435606
154,1,Bass,6.383837699890137,-6.38383674621582,0.41973814368247986,0.4197380840778351,0.45919278264045715,58.02618408203125,58.02619552612305,54.080726623535156,0.18695281445980072,18.695281982421875,20.23524284362793,-20.235252380371094,0.4178640842437744,0.41786274313926697,0.4103091359138489,58.213592529296875,58.213722229003906,58.969085693359375,0.009383849799633026,0.938385009765625,21.419567108154297
154,2,Drums,32.980045318603516,-32.97988510131836,0.000507502758409828,0.0005075026419945061,0.0006077311118133366,99.94924926757812,99.94924926757812,99.93922424316406,0.0005032248445786536,0.050322484225034714,35.14300537109375,-35.14201354980469,0.0015966027276590466,0.0015966027276590466,0.0012713224859908223,99.84033966064453,99.84033966064453,99.87287139892578,0.00030590847018174827,0.03059084713459015,2.1937835216522217
155,0,Vocal,31.116119384765625,-31.116273880004883,0.018867602571845055,0.01886758580803871,0.019846217706799507,98.11323547363281,98.11323547363281,98.015380859375,0.0007727486081421375,0.0772748589515686,10.861515045166016,-10.861515998840332,0.38099342584609985,0.38099342584609985,0.4034363925457001,61.900657653808594,61.900657653808594,59.65635681152344,0.07579118013381958,7.579117774963379,-18.140365600585938
155,1,Bass,9.201305389404297,-9.201306343078613,0.32511788606643677,0.32511618733406067,0.3311766982078552,67.48821258544922,67.48838806152344,66.88233184814453,0.10729456692934036,10.729456901550293,11.361037254333496,-11.361038208007812,0.3688594102859497,0.368859201669693,0.4417201578617096,63.11405944824219,63.11408233642578,55.82798767089844,0.06811729073524475,6.8117289543151855,8.081751823425293
155,2,Drums,38.213623046875,-38.21369934082031,0.0014544123550876975,0.0014544000150635839,0.0019491072744131088,99.85456085205078,99.85456085205078,99.80508422851562,0.00015084448386915028,0.015084448270499706,34.71296691894531,-34.713287353515625,0.004340865183621645,0.004340860992670059,0.004667349625378847,99.56591033935547,99.56591033935547,99.53326416015625,0.00033770769368857145,0.03377076983451843,-3.470402479171753
156,0,Vocal,25.639053344726562,-25.639049530029297,0.035842832177877426,0.03584269806742668,0.03786430507898331,96.41571807861328,96.41572570800781,96.21356964111328,0.0027221336495131254,0.2722133696079254,12.715534210205078,-12.715536117553711,0.4608168303966522,0.46081483364105225,0.46447789669036865,53.918312072753906,53.91851806640625,53.55221176147461,0.050793375819921494,5.0793375968933105,-6.196467876434326
156,1,Bass,7.910635471343994,-7.910635471343994,0.33513593673706055,0.3351343870162964,0.3332410156726837,66.48640441894531,66.48656463623047,66.6759033203125,0.13925503194332123,13.92550277709961,13.346195220947266,-13.34620475769043,0.44160714745521545,0.44157421588897705,0.46108579635620117,55.83928680419922,55.84257888793945,53.89141845703125,0.04423162713646889,4.423162937164307,12.867173194885254
156,2,Drums,37.8880500793457,-37.888797760009766,0.0010876383166760206,0.0010876316810026765,0.001475329976528883,99.8912353515625,99.89124298095703,99.85246276855469,0.0001625996665097773,0.016259966418147087,33.8361930847168,-33.83612823486328,0.0032156584784388542,0.0032156247179955244,0.003496133256703615,99.67843627929688,99.67843627929688,99.650390625,0.0004132343456149101,0.04132343456149101,-4.030594348907471
157,0,Vocal,24.62221908569336,-24.62224006652832,0.010893819853663445,0.01089381705969572,0.011286217719316483,98.91061401367188,98.91061401367188,98.87138366699219,0.0034378059208393097,0.3437805771827698,7.864523887634277,-7.864520072937012,0.4806569218635559,0.48065435886383057,0.4737851023674011,51.93430709838867,51.93456268310547,52.621490478515625,0.14053261280059814,14.053260803222656,-8.005454063415527
157,1,Bass,8.59437084197998,-8.59437084197998,0.24149887263774872,0.241498664021492,0.2495652735233307,75.85011291503906,75.85013580322266,75.04347229003906,0.12143326550722122,12.143326759338379,12.384737014770508,-12.384735107421875,0.2131900042295456,0.21318092942237854,0.20330189168453217,78.68099975585938,78.6819076538086,79.66980743408203,0.054593950510025024,5.459394931793213,4.85454797744751
157,2,Drums,30.411977767944336,-30.412105560302734,0.0010244805598631501,0.0010244803270325065,0.001623892574571073,99.89755249023438,99.89755249023438,99.83761596679688,0.0009086561040021479,0.0908656120300293,24.6438045501709,-24.643768310546875,0.019406767562031746,0.019406743347644806,0.015398593619465828,98.05931854248047,98.059326171875,98.46013641357422,0.0034208467695862055,0.342084676027298,-5.516360759735107
158,0,Vocal,12.826889991760254,-12.82689094543457,0.052008841186761856,0.05200836807489395,0.05385633185505867,94.79911041259766,94.79916381835938,94.61437225341797,0.04957133159041405,4.9571332931518555,10.662925720214844,-10.662923812866211,0.2776187062263489,0.27761581540107727,0.3099404573440552,72.23812866210938,72.23841857910156,69.00595092773438,0.07905697077512741,7.905696868896484,0.6631985306739807
158,1,Bass,6.682424068450928,-6.682425022125244,0.4912283420562744,0.49122384190559387,0.4828540086746216,50.877166748046875,50.87761688232422,51.714599609375,0.17672647535800934,17.67264747619629,-4.914355278015137,4.914355278015137,0.522656261920929,0.5226548314094543,0.559521496295929,47.734375,47.73451614379883,44.0478515625,0.7561289072036743,75.6128921508789,-2.694526433944702
158,2,Drums,42.28620910644531,-42.283660888671875,0.00018038904818240553,0.00018038837879430503,0.0011904349084943533,99.98196411132812,99.98196411132812,99.8809585571289,5.907728336751461e-05,0.005907728336751461,21.093421936035156,-21.093435287475586,0.03028193488717079,0.03028186969459057,0.024137360975146294,96.9718017578125,96.97181701660156,97.58626556396484,0.007714260835200548,0.7714260816574097,-20.74991226196289
159,0,Vocal,31.454456329345703,-31.454627990722656,0.0150867635384202,0.015086760744452477,0.015794852748513222,98.49132537841797,98.49132537841797,98.4205093383789,0.0007148980512283742,0.07148980349302292,17.057373046875,-17.0573787689209,0.22480328381061554,0.22480010986328125,0.2199777066707611,77.5196762084961,77.51998901367188,78.00222778320312,0.01931055262684822,1.9310553073883057,-13.125753402709961
159,1,Bass,10.818864822387695,-10.818864822387695,0.3133416473865509,0.313340425491333,0.3079499900341034,68.66584014892578,68.66595458984375,69.20500183105469,0.07648195326328278,7.648195266723633,14.198751449584961,-14.198755264282227,0.22751487791538239,0.22751401364803314,0.22039102017879486,77.2485122680664,77.24859619140625,77.96089935302734,0.036636605858802795,3.6636605262756348,4.701744079589844
159,2,Drums,39.09536361694336,-39.0952262878418,0.00113693717867136,0.0011369294952601194,0.0016222370322793722,99.88630676269531,99.88630676269531,99.83777618408203,0.0001231500500580296,0.01231500506401062,28.43343734741211,-28.43344497680664,0.024564513936638832,0.024564510211348534,0.02245851419866085,97.54354858398438,97.54354858398438,97.754150390625,0.0014322743518278003,0.14322742819786072,-10.230525016784668
160,0,Vocal,30.263973236083984,-30.264041900634766,0.007527031935751438,0.007527031935751438,0.008177771233022213,99.2472915649414,99.2472915649414,99.18222045898438,0.000940121419262141,0.09401214122772217,20.306684494018555,-20.30669403076172,0.3364223837852478,0.3364222049713135,0.35096535086631775,66.3577651977539,66.35778045654297,64.9034652709961,0.009232153184711933,0.9232153296470642,-5.957679748535156
160,1,Bass,20.48077392578125,-20.48078155517578,0.06703377515077591,0.06703373044729233,0.07808483392000198,93.29662322998047,93.296630859375,92.19152069091797,0.008872661739587784,0.8872661590576172,21.701251983642578,-21.701313018798828,0.20076921582221985,0.20076899230480194,0.22560158371925354,79.92308044433594,79.923095703125,77.4398422241211,0.006713454611599445,0.6713454723358154,4.3201751708984375
160,2,Drums,24.035303115844727,-24.03530502319336,0.0030056152027100325,0.003005614969879389,0.004895369987934828,99.6994400024414,99.6994400024414,99.51045989990234,0.003933338914066553,0.39333388209342957,16.113834381103516,-16.11383056640625,0.16372035443782806,0.1637197881937027,0.12139710038900375,83.62796020507812,83.62802124023438,87.86029052734375,0.023884626105427742,2.388462543487549,-6.514750957489014
161,0,Vocal,20.53595542907715,-20.53595542907715,0.007868967950344086,0.007868966087698936,0.008844615891575813,99.21310424804688,99.21310424804688,99.11553955078125,0.008761586621403694,0.8761586546897888,16.899641036987305,-16.89964485168457,0.2990988790988922,0.29909855127334595,0.3053409457206726,70.09011840820312,70.09014129638672,69.46590423583984,0.020010454580187798,2.0010454654693604,-0.7196745872497559
161,1,Bass,17.728439331054688,-17.728466033935547,0.14280618727207184,0.14280617237091064,0.15707477927207947,85.7193832397461,85.7193832397461,84.29251861572266,0.016591593623161316,1.6591594219207764,22.775667190551758,-22.77566909790039,0.09816066175699234,0.09816044569015503,0.11379280686378479,90.18392944335938,90.18395233154297,88.62071990966797,0.005249871872365475,0.5249871611595154,6.6092023849487305
161,2,Drums,24.944419860839844,-24.944442749023438,0.002791348844766617,0.0027913483791053295,0.003277904586866498,99.72086334228516,99.72086334228516,99.67221069335938,0.003192794742062688,0.3192794620990753,20.016380310058594,-20.016380310058594,0.11725008487701416,0.11724943667650223,0.11630097031593323,88.27499389648438,88.27505493164062,88.36990356445312,0.00986414309591055,0.9864143133163452,-3.2548935413360596
162,0,Vocal,25.736339569091797,-25.73630142211914,0.005425718612968922,0.005425712559372187,0.00660141883417964,99.45742797851562,99.45742797851562,99.33985900878906,0.0026620100252330303,0.266200989484787,12.62732982635498,-12.627328872680664,0.39490073919296265,0.39489954710006714,0.42910036444664,60.509925842285156,60.51004409790039,57.089962005615234,0.051781605929136276,5.178160667419434,-9.425137519836426
162,1,Bass,31.037385940551758,-31.037498474121094,0.05868542939424515,0.058685265481472015,0.05902308225631714,94.13145446777344,94.13147735595703,94.09769439697266,0.0007868960965424776,0.07868961244821548,24.40985107421875,-24.409854888916016,0.13146619498729706,0.13146615028381348,0.14703886210918427,86.85337829589844,86.85338592529297,85.29611206054688,0.00360946380533278,0.360946387052536,-4.817418575286865
162,2,Drums,36.43468475341797,-36.433860778808594,0.005813672672957182,0.005813672672957182,0.006957005709409714,99.41863250732422,99.41863250732422,99.3042984008789,0.0002272199053550139,0.022721990942955017,28.61961555480957,-28.6196346282959,0.02105317823588848,0.02105317823588848,0.022449569776654243,97.89468383789062,97.89468383789062,97.75504302978516,0.0013722853036597371,0.13722853362560272,-7.304182529449463
163,0,Vocal,19.62582778930664,-19.62582015991211,0.06975360214710236,0.06975355744361877,0.07477100193500519,93.02464294433594,93.02465057373047,92.52290344238281,0.010782287456095219,1.0782287120819092,25.05670928955078,-25.056753158569336,0.030451396480202675,0.030451396480202675,0.03891346603631973,96.9548568725586,96.9548568725586,96.10865020751953,0.0031115952879190445,0.31115952134132385,5.616344928741455
163,1,Bass,17.815664291381836,-17.815673828125,0.11150366812944412,0.1115032359957695,0.128368079662323,88.8496322631836,88.84967803955078,87.16319274902344,0.016267091035842896,1.6267091035842896,16.384246826171875,-16.38423728942871,0.22277171909809113,0.22276952862739563,0.2656155526638031,77.72283172607422,77.72305297851562,73.43843841552734,0.022475210949778557,2.247521162033081,2.2968533039093018
163,2,Drums,34.64299011230469,-34.643314361572266,0.0011047523003071547,0.0011047523003071547,0.0013532463926821947,99.8895263671875,99.8895263671875,99.86466979980469,0.0003431870136409998,0.034318700432777405,25.328094482421875,-25.328052520751953,0.049471694976091385,0.049471694976091385,0.04201164469122887,95.0528335571289,95.0528335571289,95.79883575439453,0.0029236162081360817,0.29236161708831787,-8.54188346862793
164,0,Vocal,28.859384536743164,-28.859718322753906,0.043974507600069046,0.043974507600069046,0.046026088297367096,95.60254669189453,95.60254669189453,95.39739227294922,0.0012986304936930537,0.12986305356025696,16.85520362854004,-16.85519790649414,0.08578718453645706,0.08578716963529587,0.08392992615699768,91.42127990722656,91.42127990722656,91.60700988769531,0.020212147384881973,2.021214723587036,-11.582145690917969
164,1,Bass,23.904281616210938,-23.904287338256836,0.09158068150281906,0.09158063679933548,0.09244251996278763,90.84193420410156,90.84193420410156,90.75575256347656,0.004053316544741392,0.40533164143562317,20.865917205810547,-20.86590576171875,0.10946125537157059,0.10946113616228104,0.14067237079143524,89.05387878417969,89.05388641357422,85.9327621459961,0.008125809021294117,0.8125808835029602,-0.9008386731147766
164,2,Drums,47.155094146728516,-47.1513671875,0.0018331955652683973,0.0018331955652683973,0.001983423251658678,99.81668090820312,99.81668090820312,99.8016586303711,1.926012191688642e-05,0.0019260122207924724,25.388179779052734,-25.388181686401367,0.07542576640844345,0.07542576640844345,0.07445257157087326,92.45742797851562,92.45742797851562,92.55474090576172,0.002883546520024538,0.28835466504096985,-20.458635330200195
165,0,Vocal,18.10774803161621,-18.10778045654297,0.029537826776504517,0.029537826776504517,0.029041573405265808,97.04621887207031,97.04621887207031,97.09584045410156,0.015225095674395561,1.5225095748901367,15.158174514770508,-15.158164978027344,0.272117018699646,0.27211564779281616,0.2670646607875824,72.78829956054688,72.78843688964844,73.29353332519531,0.02958957478404045,2.9589574337005615,-1.4139533042907715
165,1,Bass,25.526939392089844,-25.52691650390625,0.23025494813919067,0.23025454580783844,0.23230986297130585,76.97450256347656,76.97454833984375,76.76901245117188,0.0027931693475693464,0.2793169319629669,10.113405227661133,-10.113402366638184,0.1836625188589096,0.18366137146949768,0.20244216918945312,81.63374328613281,81.63386535644531,79.75578308105469,0.08877399563789368,8.877399444580078,-14.953845024108887
165,2,Drums,44.516502380371094,-44.51786804199219,0.0008504058932885528,0.0008504058350808918,0.0012038005515933037,99.91496276855469,99.91496276855469,99.87962341308594,3.534614370437339e-05,0.0035346143413335085,15.225162506103516,-15.225160598754883,0.40921106934547424,0.4092070162296295,0.4021632671356201,59.078895568847656,59.07929992675781,59.78367233276367,0.029149863868951797,2.9149863719940186,-25.66471290588379
166,0,Vocal,13.650617599487305,-13.650615692138672,0.19883662462234497,0.19883662462234497,0.20125812292099,80.11634063720703,80.11634063720703,79.87419128417969,0.041361257433891296,4.136125564575195,20.878942489624023,-20.878929138183594,0.11899271607398987,0.1189921498298645,0.1277204006910324,88.1007308959961,88.10078430175781,87.22795867919922,0.008101637475192547,0.8101637363433838,7.338355541229248
166,1,Bass,19.023414611816406,-19.02338409423828,0.07488348335027695,0.07488338649272919,0.055312179028987885,92.51165771484375,92.51165771484375,94.46878051757812,0.012366748414933681,1.2366747856140137,4.78887939453125,-4.788882255554199,0.3377187252044678,0.33770716190338135,0.40796858072280884,66.2281265258789,66.22928619384766,59.20314025878906,0.24923798441886902,24.923797607421875,-11.579427719116211
166,2,Drums,40.754642486572266,-40.753639221191406,0.00010072271106764674,0.00010072270379168913,0.0,99.98992919921875,99.98992919921875,100.0,8.403715764870867e-05,0.008403715677559376,16.916675567626953,-16.916675567626953,0.1555437445640564,0.15554045140743256,0.15857169032096863,84.44562530517578,84.44595336914062,84.14282989501953,0.019933737814426422,1.9933737516403198,-21.487625122070312
167,0,Vocal,49.302486419677734,-49.312625885009766,0.0023976729717105627,0.0023976729717105627,0.00292257871478796,99.7602310180664,99.7602310180664,99.7077407836914,1.1712531886587385e-05,0.0011712531559169292,30.090274810791016,-30.089797973632812,0.1195952296257019,0.11959521472454071,0.12038541585206985,88.04047393798828,88.04047393798828,87.96145629882812,0.0009785149013623595,0.09785149246454239,-17.780399322509766
167,1,Bass,12.58315658569336,-12.583155632019043,0.13076722621917725,0.13076266646385193,0.13750886917114258,86.92327880859375,86.9237289428711,86.24911499023438,0.052283283323049545,5.228328227996826,15.69678783416748,-15.69677734375,0.40799570083618164,0.4079945683479309,0.4598495066165924,59.20043182373047,59.20054244995117,54.015052795410156,0.02622879669070244,2.62287974357605,9.873058319091797
167,2,Drums,32.78580093383789,-32.78603744506836,0.010213789530098438,0.010213787667453289,0.01039695180952549,98.97862243652344,98.97862243652344,98.9603042602539,0.0005262207705527544,0.052622076123952866,23.695852279663086,-23.695852279663086,0.05457167699933052,0.054571401327848434,0.0683988556265831,94.54283142089844,94.54286193847656,93.16011810302734,0.004251705016940832,0.42517051100730896,-8.227330207824707
168,0,Vocal,32.841270446777344,-32.84142303466797,0.00032103052944876254,0.00032103052944876254,0.001347472076304257,99.9678955078125,99.9678955078125,99.86524963378906,0.0005196034326218069,0.05196034163236618,1.80806303024292,-1.808063268661499,0.5916543006896973,0.5916505455970764,0.6140260100364685,40.834571838378906,40.83494567871094,38.5974006652832,0.3973972201347351,39.739723205566406,-21.101472854614258
168,1,Bass,9.434164047241211,-9.434167861938477,0.028923174366354942,0.02892313525080681,0.033173900097608566,97.10768127441406,97.10768127441406,96.68260955810547,0.10226596146821976,10.226595878601074,9.83240795135498,-9.832405090332031,0.39735832810401917,0.3973487317562103,0.39849066734313965,60.2641716003418,60.2651252746582,60.15093231201172,0.09414906799793243,9.41490650177002,1.8656046390533447
168,2,Drums,22.492544174194336,-22.49262237548828,0.0066808611154556274,0.0066808611154556274,0.006590959150344133,99.33191680908203,99.33191680908203,99.34090423583984,0.005601465702056885,0.5601465702056885,25.70476531982422,-25.704757690429688,0.027365878224372864,0.027365878224372864,0.027330590412020683,97.26341247558594,97.26341247558594,97.2669448852539,0.00268142600543797,0.26814261078834534,3.3511526584625244
169,0,Vocal,27.268381118774414,-27.268142700195312,0.035260915756225586,0.0352608785033226,0.03711141273379326,96.47390747070312,96.47391510009766,96.28885650634766,0.0018722101813182235,0.18722102046012878,29.195781707763672,-29.195768356323242,0.02814774587750435,0.028147686272859573,0.03022380918264389,97.18522644042969,97.18522644042969,96.97762298583984,0.0012020061258226633,0.12020061165094376,2.1115686893463135
169,1,Bass,15.354872703552246,-15.354869842529297,0.055560920387506485,0.05556056648492813,0.05995912849903107,94.44390869140625,94.44393920898438,94.00408935546875,0.028316399082541466,2.8316400051116943,8.66101360321045,-8.661014556884766,0.4429459869861603,0.44292956590652466,0.4615434408187866,55.705406188964844,55.7070426940918,53.84565734863281,0.11980560421943665,11.980560302734375,-0.4955475628376007
169,2,Drums,36.54547882080078,-36.54544448852539,0.0015309659065678716,0.0015309657901525497,0.0030588977970182896,99.84690856933594,99.84690856933594,99.69410705566406,0.00022149745200295,0.022149745374917984,22.136171340942383,-22.13617706298828,0.07211235910654068,0.07211226224899292,0.06847439706325531,92.78876495361328,92.78877258300781,93.15255737304688,0.006077658850699663,0.6077659130096436,-13.382953643798828
170,0,Vocal,35.62882995605469,-35.630767822265625,0.03869028016924858,0.038690198212862015,0.04219977930188179,96.13097381591797,96.1309814453125,95.78002166748047,0.00027348430012352765,0.027348430827260017,11.639857292175293,-11.639856338500977,0.4399389624595642,0.4399266242980957,0.45436379313468933,56.006103515625,56.00733947753906,54.56361770629883,0.06415331363677979,6.4153313636779785,-17.477256774902344
170,1,Bass,18.846792221069336,-18.84679412841797,0.49567848443984985,0.4956779479980469,0.5072423219680786,50.432151794433594,50.43220520019531,49.2757682800293,0.012873469851911068,1.2873469591140747,14.210347175598145,-14.21034049987793,0.1658715158700943,0.16586261987686157,0.16769245266914368,83.41284942626953,83.41373443603516,83.23075866699219,0.036542464047670364,3.6542463302612305,-4.773102283477783
170,2,Drums,29.863264083862305,-29.863197326660156,0.008793905377388,0.008793887682259083,0.007746909745037556,99.12061309814453,99.12061309814453,99.22530364990234,0.001030933577567339,0.10309335589408875,12.950462341308594,-12.950459480285645,0.15330316126346588,0.1533031463623047,0.1840151995420456,84.66968536376953,84.66968536376953,81.59848022460938,0.0482478030025959,4.824780464172363,-15.57947826385498
171,0,Vocal,21.632919311523438,-21.6329288482666,0.06985390931367874,0.06985390931367874,0.07331230491399765,93.01461029052734,93.01461029052734,92.66876983642578,0.006819271948188543,0.6819272041320801,25.38260269165039,-25.38249969482422,0.04748858883976936,0.047487322241067886,0.04778088256716728,95.25114440917969,95.25126647949219,95.22191619873047,0.0028872580733150244,0.2887257933616638,3.7821097373962402
171,1,Bass,13.216068267822266,-13.216066360473633,0.06009591370820999,0.06009577214717865,0.06495402008295059,93.99040985107422,93.99041748046875,93.50459289550781,0.04551578313112259,4.551578521728516,20.980541229248047,-20.98055076599121,0.08809906989336014,0.08809904009103775,0.100059375166893,91.19009399414062,91.19009399414062,89.99406433105469,0.007915766909718513,0.7915766835212708,8.41049861907959
171,2,Drums,39.59854507446289,-39.598548889160156,0.0009669907158240676,0.0009669905994087458,0.0013842015760019422,99.90330505371094,99.90330505371094,99.86157989501953,0.0001096678533940576,0.010966785252094269,19.630369186401367,-19.630380630493164,0.24755384027957916,0.24755291640758514,0.25632593035697937,75.24461364746094,75.24470520019531,74.36740112304688,0.010771087370812893,1.0771087408065796,-16.853605270385742
172,0,Vocal,11.579503059387207,-11.57950496673584,0.017930159345269203,0.017930157482624054,0.025235764682292938,98.20698547363281,98.20698547363281,97.47642517089844,0.06499272584915161,6.499272346496582,30.426544189453125,-30.426652908325195,0.05373051017522812,0.05373028665781021,0.06113410368561745,94.626953125,94.62696838378906,93.88658905029297,0.0009055890259332955,0.09055890142917633,19.077110290527344
172,1,Bass,6.56995964050293,-6.569958209991455,0.12451668083667755,0.12451666593551636,0.11497583985328674,87.54833221435547,87.54833221435547,88.5024185180664,0.18052585422992706,18.05258560180664,12.847763061523438,-12.84776496887207,0.3083631694316864,0.3082268536090851,0.1517634391784668,69.16368103027344,69.17731475830078,84.82365417480469,0.04934540018439293,4.934539794921875,5.456991672515869
172,2,Drums,39.843753814697266,-39.844051361083984,0.002106749452650547,0.0021067485213279724,0.0038808330427855253,99.7893295288086,99.7893295288086,99.6119155883789,0.00010362843750044703,0.010362843982875347,9.81230640411377,-9.812305450439453,0.15619438886642456,0.15619376301765442,0.15683668851852417,84.38056182861328,84.38063049316406,84.31632995605469,0.09454453736543655,9.454453468322754,-28.26383399963379
173,0,Vocal,1.5637098550796509,-1.5637093782424927,0.1934014856815338,0.19340147078037262,0.28769755363464355,80.65985107421875,80.65985107421875,71.2302474975586,0.41094568371772766,41.09457015991211,25.035816192626953,-25.03577995300293,0.0455053448677063,0.04550511762499809,0.0808049738407135,95.449462890625,95.4494857788086,91.91950225830078,0.003126512048766017,0.31265121698379517,23.628023147583008
173,1,Bass,0.35896214842796326,-0.35896164178848267,0.21261274814605713,0.21261239051818848,0.30989891290664673,78.73872375488281,78.73876190185547,69.0101089477539,0.4793482720851898,47.9348258972168,27.423486709594727,-27.423511505126953,0.2629222869873047,0.2629031538963318,0.26677149534225464,73.70777130126953,73.70968627929688,73.3228530883789,0.001806605258025229,0.18066053092479706,30.43941879272461
173,2,Drums,37.94898223876953,-37.94966125488281,0.00025868730153888464,0.0002586872724350542,0.0007051322027109563,99.97412872314453,99.97412872314453,99.92948913574219,0.00016034930013120174,0.01603493094444275,22.265233993530273,-22.265216827392578,0.20104365050792694,0.20104362070560455,0.1997700035572052,79.8956298828125,79.89563751220703,80.02300262451172,0.0059007685631513596,0.5900768637657166,-13.802712440490723
174,0,Vocal,41.14097213745117,-41.13862609863281,0.007892902009189129,0.00789289828389883,0.00855895783752203,99.21070861816406,99.21070861816406,99.14410400390625,7.690092024859041e-05,0.007690092083066702,21.007654190063477,-21.007648468017578,0.20831941068172455,0.20831911265850067,0.21772001683712006,79.16806030273438,79.1680908203125,78.22799682617188,0.007866964675486088,0.7866964936256409,-17.147014617919922
174,1,Bass,16.344234466552734,-16.34423065185547,0.12404504418373108,0.12404504418373108,0.12310469150543213,87.59549713134766,87.59549713134766,87.68952941894531,0.022678570821881294,2.267857074737549,22.989835739135742,-22.989809036254883,0.3525359630584717,0.35253387689590454,0.34904026985168457,64.74640655517578,64.74661254882812,65.0959701538086,0.004998496733605862,0.49984967708587646,9.952356338500977
174,2,Drums,36.63166427612305,-36.63217544555664,0.007568694185465574,0.007568692322820425,0.00900164432823658,99.24312591552734,99.24312591552734,99.0998306274414,0.00021714167087338865,0.021714167669415474,33.94341278076172,-33.94282150268555,0.009303209371864796,0.009303207509219646,0.00981135293841362,99.0696792602539,99.0696792602539,99.01886749267578,0.0004031948046758771,0.04031948000192642,-2.5886623859405518
175,0,Vocal,30.005311965942383,-30.005159378051758,0.026469511911273003,0.02646949701011181,0.02740495838224888,97.3530502319336,97.3530502319336,97.25950622558594,0.0009978306479752064,0.09978306293487549,23.57440757751465,-23.57438087463379,0.0445234589278698,0.0445234552025795,0.0460173562169075,95.54765319824219,95.54765319824219,95.39826202392578,0.004371811635792255,0.43718117475509644,-6.041147232055664
175,1,Bass,18.20640754699707,-18.20640754699707,0.08712689578533173,0.08712689578533173,0.09041623026132584,91.28730773925781,91.28730773925781,90.9583740234375,0.014888272620737553,1.4888272285461426,3.0944161415100098,-3.0944161415100098,0.44267162680625916,0.4426686465740204,0.39121589064598083,55.73283386230469,55.733131408691406,60.8784065246582,0.3290432393550873,32.90432357788086,-9.559765815734863
175,2,Drums,37.420536041259766,-37.42000198364258,0.0023614605888724327,0.002361460356041789,0.0020722101908177137,99.76385498046875,99.76385498046875,99.79277801513672,0.00018112215911969543,0.018112216144800186,25.396381378173828,-25.396339416503906,0.04929609224200249,0.04929608851671219,0.04686994105577469,95.07038879394531,95.07038879394531,95.31300354003906,0.0028781762812286615,0.2878176271915436,-11.222012519836426
176,0,Vocal,13.160219192504883,-13.1602144241333,0.05747232586145401,0.05747232213616371,0.060322534292936325,94.25276184082031,94.25276184082031,93.9677505493164,0.04607773572206497,4.607773780822754,21.904712677001953,-21.904701232910156,0.11914621293544769,0.11914569139480591,0.12057925760746002,88.08538055419922,88.08543395996094,87.94207763671875,0.006408197805285454,0.640819787979126,9.977901458740234
176,1,Bass,20.754850387573242,-20.754854202270508,0.2332482933998108,0.23324693739414215,0.23516730964183807,76.6751708984375,76.67530822753906,76.48326873779297,0.008334508165717125,0.8334507942199707,25.85263442993164,-25.852834701538086,0.2012956440448761,0.20126861333847046,0.19905807077884674,79.87043762207031,79.87313842773438,80.09419250488281,0.0025918290484696627,0.2591829001903534,5.693041801452637
176,2,Drums,27.178035736083984,-27.178075790405273,0.004442267119884491,0.004442265722900629,0.0033405597787350416,99.55577087402344,99.55577087402344,99.66594696044922,0.0019114509923383594,0.19114509224891663,18.366477966308594,-18.366472244262695,0.35761645436286926,0.3576144576072693,0.35202550888061523,64.23835754394531,64.23855590820312,64.79744720458984,0.014357267878949642,1.4357267618179321,-6.056571960449219
177,0,Vocal,25.429973602294922,-25.42994499206543,0.01531294360756874,0.015312937088310719,0.015002710744738579,98.46870422363281,98.46871185302734,98.49972534179688,0.0028560208156704903,0.2856020927429199,20.984302520751953,-20.984268188476562,0.12156184017658234,0.12156177312135696,0.12606599926948547,87.84381866455078,87.84382629394531,87.39340209960938,0.007908998988568783,0.7908998727798462,-3.390695095062256
177,1,Bass,17.475908279418945,-17.47590446472168,0.11869990080595016,0.11869784444570541,0.12129297107458115,88.13001251220703,88.13021850585938,87.8707046508789,0.017567599192261696,1.7567598819732666,15.503643035888672,-15.503639221191406,0.28020554780960083,0.280198872089386,0.29239213466644287,71.97944641113281,71.98011016845703,70.76078796386719,0.02738894335925579,2.73889422416687,-1.3043116331100464
177,2,Drums,29.86980438232422,-29.869873046875,0.0021735280752182007,0.00217352039180696,0.0029656393453478813,99.78264617919922,99.78264617919922,99.70343780517578,0.0010293548693880439,0.10293548554182053,19.362049102783203,-19.362037658691406,0.06311143189668655,0.06311135739088058,0.04129650816321373,93.68885803222656,93.6888656616211,95.87035369873047,0.011449700221419334,1.1449700593948364,-9.537144660949707
178,0,Vocal,18.850419998168945,-18.850419998168945,0.020944591611623764,0.020944522693753242,0.02252916805446148,97.9055404663086,97.90554809570312,97.74707794189453,0.01286280807107687,1.2862807512283325,13.302068710327148,-13.302068710327148,0.4032941460609436,0.40329402685165405,0.4149726927280426,59.67058563232422,59.670597076416016,58.50273513793945,0.04466315731406212,4.466315746307373,-2.693756341934204
178,1,Bass,7.1995697021484375,-7.199569225311279,0.11521149426698685,0.11521143466234207,0.1352892816066742,88.47885131835938,88.4788589477539,86.4710693359375,0.16006264090538025,16.006263732910156,10.19498348236084,-10.194978713989258,0.6737323999404907,0.6737204194068909,0.6765499711036682,32.62675857543945,32.62795639038086,32.345001220703125,0.08726616948843002,8.726616859436035,14.045303344726562
178,2,Drums,24.538251876831055,-24.538240432739258,0.003259369870647788,0.003259366611018777,0.004951149690896273,99.67406463623047,99.67406463623047,99.5048828125,0.003504726104438305,0.3504725992679596,22.951801300048828,-22.951786041259766,0.1409553438425064,0.14095033705234528,0.1425219625234604,85.90446472167969,85.90496826171875,85.747802734375,0.005042295437306166,0.5042295455932617,-0.8598629832267761
179,0,Vocal,22.845666885375977,-22.845638275146484,0.012760084122419357,0.012760062702000141,0.01337385457009077,98.72399139404297,98.7239990234375,98.66261291503906,0.005166369955986738,0.5166369676589966,11.852907180786133,-11.852913856506348,0.21513542532920837,0.21513447165489197,0.23468060791492462,78.48645782470703,78.4865493774414,76.53194427490234,0.061270229518413544,6.127022743225098,-9.369726181030273
179,1,Bass,9.132790565490723,-9.13278865814209,0.10495010763406754,0.10495009273290634,0.13220971822738647,89.50498962402344,89.50498962402344,86.7790298461914,0.10881504416465759,10.88150405883789,19.65817642211914,-19.65821647644043,0.46306338906288147,0.46301907300949097,0.46903565526008606,53.69366455078125,53.69809341430664,53.096435546875,0.010703064501285553,1.070306420326233,11.901561737060547
179,2,Drums,26.30706787109375,-26.307031631469727,0.0021456170361489058,0.0021456002723425627,0.0023154285736382008,99.78543853759766,99.78543853759766,99.76846313476562,0.0023349756374955177,0.23349756002426147,22.12128448486328,-22.121265411376953,0.06698357313871384,0.06698327511548996,0.060774385929107666,93.30164337158203,93.30167388916016,93.92256164550781,0.006098383571952581,0.6098383665084839,-3.500847578048706
180,0,Vocal,15.946645736694336,-15.94664478302002,0.031051360070705414,0.03105129860341549,0.033828556537628174,96.89486694335938,96.8948745727539,96.61714172363281,0.0247988048940897,2.4798805713653564,19.382564544677734,-19.38257598876953,0.42361390590667725,0.42361050844192505,0.42399081587791443,57.63861083984375,57.63895034790039,57.600914001464844,0.011396333575248718,1.1396334171295166,6.717197895050049
180,1,Bass,10.917948722839355,-10.917947769165039,0.24455636739730835,0.2445540428161621,0.24608060717582703,75.54436492919922,75.54459381103516,75.39193725585938,0.07488593459129333,7.488593578338623,17.16895294189453,-17.168947219848633,0.2845563292503357,0.2845556139945984,0.29893144965171814,71.54436492919922,71.54444122314453,70.10684967041016,0.018829969689249992,1.882996916770935,6.146289348602295
180,2,Drums,24.566362380981445,-24.566335678100586,0.0022895033471286297,0.0022895028814673424,0.003006639890372753,99.77104949951172,99.77104949951172,99.69933319091797,0.0034821873996406794,0.34821873903274536,18.59444808959961,-18.59445571899414,0.2922256886959076,0.29222410917282104,0.27970391511917114,70.77742767333984,70.777587890625,72.02960968017578,0.013633091934025288,1.3633091449737549,-4.018086910247803
181,0,Vocal,19.218923568725586,-19.218921661376953,0.03965684771537781,0.03965684399008751,0.04152362793684006,96.03430938720703,96.03431701660156,95.8476333618164,0.011828780174255371,1.182878017425537,17.17415428161621,-17.174150466918945,0.1818307489156723,0.18183065950870514,0.18468405306339264,81.81692504882812,81.81693267822266,81.5315933227539,0.018807869404554367,1.8807868957519531,0.8089048266410828
181,1,Bass,14.534758567810059,-14.534770011901855,0.190073162317276,0.19007021188735962,0.19777162373065948,80.99268341064453,80.99298095703125,80.22283935546875,0.0340016670525074,3.4001667499542236,9.148294448852539,-9.148293495178223,0.31168150901794434,0.3116813898086548,0.368355929851532,68.83184814453125,68.83186340332031,63.164405822753906,0.10846931487321854,10.846931457519531,-4.787703990936279
181,2,Drums,29.986652374267578,-29.986726760864258,0.001948827994056046,0.001948827994056046,0.001497735152952373,99.80511474609375,99.80511474609375,99.85022735595703,0.0010020856279879808,0.10020856559276581,21.82725715637207,-21.827239990234375,0.05379123613238335,0.053790975362062454,0.051091764122247696,94.62088012695312,94.62090301513672,94.89082336425781,0.006522809620946646,0.6522809863090515,-7.854056358337402
182,0,Vocal,19.01797103881836,-19.017963409423828,0.011744355782866478,0.01174432784318924,0.012495825998485088,98.8255615234375,98.82556915283203,98.75041961669922,0.0123820211738348,1.2382020950317383,16.90818977355957,-16.90818977355957,0.13073009252548218,0.13072971999645233,0.1308988779783249,86.92699432373047,86.9270248413086,86.91011047363281,0.0199719350785017,1.997193455696106,1.1568303108215332
182,1,Bass,15.044912338256836,-15.044912338256836,0.03597130998969078,0.03597130998969078,0.013731923885643482,96.40287017822266,96.40287017822266,98.6268081665039,0.030347688123583794,3.03476881980896,21.38361167907715,-21.383602142333984,0.13383153080940247,0.13383141160011292,0.14995741844177246,86.61685180664062,86.61685943603516,85.00425720214844,0.00721927871927619,0.7219278812408447,8.185688972473145
182,2,Drums,32.769588470458984,-32.76939392089844,0.0070670414716005325,0.007067041005939245,0.006311951670795679,99.29329681396484,99.29329681396484,99.36880493164062,0.0005282460479065776,0.052824605256319046,26.76326560974121,-26.763307571411133,0.033433496952056885,0.03343348577618599,0.031802497804164886,96.65664672851562,96.65664672851562,96.81975555419922,0.0021025906316936016,0.2102590650320053,-5.66031551361084
183,0,Vocal,29.908493041992188,-29.908449172973633,0.02126159518957138,0.02126159518957138,0.02242986112833023,97.87384033203125,97.87384033203125,97.75701141357422,0.0010202775010839105,0.10202775150537491,3.1550514698028564,-3.155050754547119,0.3066253960132599,0.3066249191761017,0.4795326888561249,69.33746337890625,69.33750915527344,52.046730041503906,0.32596826553344727,32.596824645996094,-21.219358444213867
183,1,Bass,17.723365783691406,-17.723392486572266,0.13766208291053772,0.1376596987247467,0.14681124687194824,86.23379516601562,86.2340316772461,85.31887817382812,0.01661067083477974,1.6610671281814575,25.489919662475586,-25.489913940429688,0.014079151675105095,0.014079006388783455,0.029474958777427673,98.59208679199219,98.59209442138672,97.05250549316406,0.0028170044533908367,0.2817004323005676,7.903074264526367
183,2,Drums,35.65922927856445,-35.659385681152344,0.0012974451528862119,0.0012974445708096027,0.0029322172049432993,99.87025451660156,99.87025451660156,99.70677947998047,0.0002716361777856946,0.027163617312908173,16.47878646850586,-16.478782653808594,0.18933184444904327,0.18933182954788208,0.18151776492595673,81.06681823730469,81.06681823730469,81.84822082519531,0.022001853212714195,2.2001852989196777,-16.503578186035156
184,0,Vocal,36.27251434326172,-36.27218246459961,0.009440998546779156,0.009440994821488857,0.010132218711078167,99.05590057373047,99.05590057373047,98.98677825927734,0.00023584661539644003,0.02358466200530529,22.11795425415039,-22.11794090270996,0.09925533086061478,0.09925533086061478,0.10817602276802063,90.07447052001953,90.07447052001953,89.18240356445312,0.0061030215583741665,0.6103021502494812,-13.373497009277344
184,1,Bass,32.8482551574707,-32.84785461425781,0.05351410433650017,0.05351400002837181,0.05325078219175339,94.64859008789062,94.64859771728516,94.67491912841797,0.0005187847418710589,0.05187847465276718,1.8034026622772217,-1.8034024238586426,0.6127386689186096,0.6127386689186096,0.6300138831138611,38.726131439208984,38.726131439208984,36.99861145019531,0.397654265165329,39.76542663574219,-20.628036499023438
184,2,Drums,40.696510314941406,-40.69654083251953,0.002363662701100111,0.00236366200260818,0.0025162927340716124,99.76363372802734,99.76363372802734,99.74837493896484,8.515782974427566e-05,0.008515782654285431,35.770263671875,-35.76972579956055,0.010983267799019814,0.010983265936374664,0.01106587890535593,98.90167236328125,98.90167236328125,98.8934097290039,0.0002647695073392242,0.02647695131599903,-4.793517112731934
185,0,Vocal,17.092073440551758,-17.092077255249023,0.07353903353214264,0.07353897392749786,0.07223272323608398,92.6460952758789,92.64610290527344,92.77672576904297,0.019159842282533646,1.9159842729568481,34.360389709472656,-34.36057662963867,0.010312759317457676,0.010312759317457676,0.010980289429426193,98.9687271118164,98.9687271118164,98.90196990966797,0.00036628017551265657,0.03662801906466484,17.320558547973633
185,1,Bass,18.147581100463867,-18.14757537841797,0.221062570810318,0.22106073796749115,0.21956391632556915,77.89374542236328,77.8939208984375,78.04360961914062,0.015088269487023354,1.5088269710540771,23.664657592773438,-23.6648006439209,0.13100795447826385,0.13100750744342804,0.13261300325393677,86.89920043945312,86.89925384521484,86.73870086669922,0.004282202571630478,0.428220272064209,7.319714069366455
185,2,Drums,33.28376007080078,-33.283973693847656,0.0023315672297030687,0.0023315618745982647,0.0025631426833570004,99.766845703125,99.766845703125,99.74369049072266,0.00046926888171583414,0.046926889568567276,20.0328426361084,-20.032835006713867,0.17524339258670807,0.17524337768554688,0.16364647448062897,82.47566223144531,82.47566223144531,83.6353530883789,0.00982713419944048,0.9827134013175964,-10.754316329956055
186,0,Vocal,28.320350646972656,-28.320281982421875,0.010623235255479813,0.010623232461512089,0.011330134235322475,98.93767547607422,98.93767547607422,98.86698913574219,0.001470021903514862,0.1470021903514862,12.741974830627441,-12.741973876953125,0.37758418917655945,0.3775840401649475,0.3851381838321686,62.2415771484375,62.24159622192383,61.486183166503906,0.05050070583820343,5.050070762634277,-13.063117980957031
186,1,Bass,14.833736419677734,-14.833732604980469,0.06699527055025101,0.06699518859386444,0.06934976577758789,93.30047607421875,93.30047607421875,93.06502532958984,0.031811684370040894,3.181168556213379,9.00320816040039,-9.003209114074707,0.5978670716285706,0.597859799861908,0.6297661066055298,40.21329116821289,40.214019775390625,37.02338790893555,0.11174244433641434,11.17424488067627,6.388028621673584
186,2,Drums,38.430015563964844,-38.429908752441406,0.002011189702898264,0.002011189702898264,0.0021887316834181547,99.79888153076172,99.79888153076172,99.7811279296875,0.00014351574645843357,0.014351574704051018,30.106990814208984,-30.10712432861328,0.008817560970783234,0.008817560970783234,0.009451257064938545,99.11824798583984,99.11824798583984,99.05487060546875,0.0009746949071995914,0.09746949374675751,-8.244429588317871
187,0,Vocal,17.148460388183594,-17.148479461669922,0.030918113887310028,0.030917929485440254,0.03266876935958862,96.90818786621094,96.908203125,96.73312377929688,0.01891728863120079,1.8917288780212402,33.78386688232422,-33.783451080322266,0.009631086140871048,0.009631086140871048,0.01047599595040083,99.0368881225586,99.0368881225586,98.95240020751953,0.0004182439297437668,0.04182439297437668,16.64405059814453
187,1,Bass,17.10546875,-17.105472564697266,0.05476948991417885,0.05476875230669975,0.04824027419090271,94.5230484008789,94.52312469482422,95.17597198486328,0.019101904705166817,1.910190463066101,10.73946762084961,-10.739468574523926,0.470276802778244,0.47027409076690674,0.5073550939559937,52.97231674194336,52.972591400146484,49.26449203491211,0.07778329402208328,7.778329372406006,1.6930493116378784
187,2,Drums,33.08368682861328,-33.0837287902832,0.0012066933559253812,0.0012066932395100594,0.0023673695977777243,99.87933349609375,99.87933349609375,99.76325988769531,0.0004914032178930938,0.0491403229534626,32.57728576660156,-32.57714080810547,0.017459550872445107,0.01745954342186451,0.020990081131458282,98.25404357910156,98.25404357910156,97.90099334716797,0.0005521313869394362,0.055213138461112976,-0.26358190178871155
188,0,Vocal,26.346134185791016,-26.346115112304688,0.0076731471344828606,0.007673146668821573,0.008297660388052464,99.2326889038086,99.2326889038086,99.17023468017578,0.0023140558041632175,0.2314055860042572,21.27536964416504,-21.275365829467773,0.18449939787387848,0.1844986528158188,0.18275007605552673,81.55006408691406,81.55013275146484,81.72499084472656,0.007400119677186012,0.740011990070343,-4.431593418121338
188,1,Bass,21.966245651245117,-21.96624755859375,0.056112486869096756,0.056112486869096756,0.058877330273389816,94.38875579833984,94.38875579833984,94.11226654052734,0.006318648345768452,0.6318648457527161,10.40894889831543,-10.40894603729248,0.5612173676490784,0.5611740350723267,0.600435733795166,43.87826156616211,43.88259506225586,39.95642852783203,0.08342095464468002,8.342095375061035,-0.09163481742143631
188,2,Drums,26.256467819213867,-26.25664520263672,0.0005867229774594307,0.0005867229774594307,0.0009640196221880615,99.94132232666016,99.94132232666016,99.90359497070312,0.0023621979635208845,0.23621979355812073,28.84026336669922,-28.840099334716797,0.01635841280221939,0.01635841280221939,0.013537737540900707,98.3641586303711,98.3641586303711,98.64622497558594,0.0013043986400589347,0.1304398626089096,2.7258856296539307
189,0,Vocal,9.62686538696289,-9.626862525939941,0.1303357034921646,0.1303357034921646,0.1369761973619461,86.9664306640625,86.9664306640625,86.30238342285156,0.0982636883854866,9.826369285583496,13.407886505126953,-13.40788745880127,0.4036281108856201,0.4035925269126892,0.40289878845214844,59.63718795776367,59.6407470703125,59.710121154785156,0.04363502934575081,4.3635029792785645,4.94908332824707
189,1,Bass,13.853644371032715,-13.853644371032715,0.2732294201850891,0.2732293903827667,0.27880600094795227,72.67705535888672,72.67706298828125,72.11940002441406,0.03954688459634781,3.954688549041748,21.77981948852539,-21.779878616333008,0.10932565480470657,0.10932507365942001,0.11021288484334946,89.06743621826172,89.06749725341797,88.97871398925781,0.00659389141947031,0.6593891382217407,8.708962440490723
189,2,Drums,44.74197006225586,-44.74103927612305,0.0012440524296835065,0.0012440524296835065,0.0013218041276559234,99.87559509277344,99.87559509277344,99.8678207397461,3.356402521603741e-05,0.0033564025070518255,13.917669296264648,-13.917669296264648,0.49498283863067627,0.4949813783168793,0.4622671902179718,50.50171661376953,50.50185775756836,53.773284912109375,0.03899066895246506,3.899066925048828,-26.77672004699707
190,0,Vocal,18.001070022583008,-18.001075744628906,0.19465391337871552,0.19465361535549164,0.19838474690914154,80.53460693359375,80.53463745117188,80.1615219116211,0.015597888268530369,1.5597888231277466,27.503742218017578,-27.503721237182617,0.0888996347784996,0.08889903128147125,0.09541350603103638,91.11003875732422,91.11009979248047,90.45864868164062,0.001773579278960824,0.17735792696475983,9.631531715393066
190,1,Bass,16.876127243041992,-16.876123428344727,0.028959238901734352,0.028959151357412338,0.025910301133990288,97.10408020019531,97.10408782958984,97.40896606445312,0.020116932690143585,2.011693239212036,12.781816482543945,-12.781810760498047,0.5815143585205078,0.581498384475708,0.6026734709739685,41.84856414794922,41.850162506103516,39.7326545715332,0.0500626377761364,5.006263732910156,5.390020370483398
190,2,Drums,35.38136672973633,-35.38180160522461,0.0003621256910264492,0.0003621235955506563,0.0,99.96379089355469,99.96379089355469,100.0,0.0002895423094742,0.02895423024892807,28.14256477355957,-28.142568588256836,0.026041727513074875,0.026041435077786446,0.0239716786891222,97.39582824707031,97.39585876464844,97.60282897949219,0.00153139338362962,0.15313933789730072,-6.918635368347168
191,0,Vocal,7.956575393676758,-7.956575393676758,0.2536388337612152,0.25363850593566895,0.2650017738342285,74.63611602783203,74.63614654541016,73.49982452392578,0.1379920095205307,13.799201011657715,12.94144058227539,-12.941436767578125,0.15620681643486023,0.15619729459285736,0.16775132715702057,84.37931823730469,84.3802719116211,83.22486877441406,0.04834333807229996,4.834333896636963,4.923336982727051
191,1,Bass,18.383594512939453,-18.383594512939453,0.05101034417748451,0.05101001635193825,0.05749083310365677,94.89896392822266,94.89900207519531,94.25091552734375,0.014301602728664875,1.4301602840423584,13.929047584533691,-13.929044723510742,0.3425128161907196,0.3425084352493286,0.37626615166664124,65.74871826171875,65.74915313720703,62.37338638305664,0.038892634212970734,3.889263391494751,3.239907741546631
191,2,Drums,34.890602111816406,-34.89060974121094,0.0006501824827864766,0.000650182191748172,0.000730828964151442,99.93498229980469,99.93498229980469,99.92691802978516,0.00032422688673250377,0.032422687858343124,17.38534927368164,-17.385345458984375,0.09560052305459976,0.09559986740350723,0.09457924962043762,90.43994903564453,90.44001007080078,90.54207611083984,0.017931101843714714,1.7931101322174072,-16.812110900878906
192,0,Vocal,34.04676055908203,-34.04670715332031,0.0022552860900759697,0.002255285158753395,0.0024946334306150675,99.77447509765625,99.77447509765625,99.75053405761719,0.00039370154263451695,0.03937015309929848,17.631214141845703,-17.631208419799805,0.44799870252609253,0.4479976296424866,0.4584328234195709,55.200130462646484,55.20023727416992,54.15671920776367,0.016960959881544113,1.6960959434509277,-12.031843185424805
192,1,Bass,13.06969165802002,-13.06968879699707,0.020075589418411255,0.02007557451725006,0.021386096253991127,97.99244689941406,97.99244689941406,97.86138916015625,0.04700273647904396,4.700273513793945,8.482848167419434,-8.482848167419434,0.6050147414207458,0.6050028204917908,0.6094428896903992,39.49852752685547,39.499717712402344,39.05570983886719,0.12419962882995605,12.419962882995605,9.130599021911621
192,2,Drums,30.267831802368164,-30.267940521240234,0.02338862046599388,0.023388603702187538,0.02425934374332428,97.66114044189453,97.66114044189453,97.57406616210938,0.0009393147774972022,0.09393148124217987,32.58808898925781,-32.58808517456055,0.013674885965883732,0.01367487944662571,0.017349667847156525,98.63250732421875,98.63251495361328,98.2650375366211,0.0005507244495674968,0.055072445422410965,2.450695514678955
193,0,Vocal,3.3867905139923096,-3.3867907524108887,0.3295617699623108,0.3295617699623108,0.3467239737510681,67.0438232421875,67.0438232421875,65.32760620117188,0.31435492634773254,31.43549346923828,26.877635955810547,-26.87759017944336,0.12132351100444794,0.12132053822278976,0.15206263959407806,87.86764526367188,87.8679428100586,84.79373168945312,0.0020480824168771505,0.20480823516845703,23.498315811157227
193,1,Bass,16.609912872314453,-16.609912872314453,0.019251463934779167,0.019251462072134018,0.011171345598995686,98.0748519897461,98.0748519897461,98.88286590576172,0.021361440420150757,2.1361441612243652,25.171964645385742,-25.171905517578125,0.046210143715143204,0.04621012881398201,0.04105155169963837,95.37898254394531,95.37899017333984,95.89484405517578,0.0030303476378321648,0.3030347526073456,9.208922386169434
193,2,Drums,33.325904846191406,-33.325927734375,0.00017764786025509238,0.00017764786025509238,0.0,99.98223876953125,99.98223876953125,100.0,0.0004647551104426384,0.04647551104426384,17.33534049987793,-17.33533477783203,0.15446121990680695,0.15445803105831146,0.11503129452466965,84.55387878417969,84.55419921875,88.49687194824219,0.018135014921426773,1.8135014772415161,-13.97844409942627
194,0,Vocal,5.119241714477539,-5.119240760803223,0.3200446367263794,0.3200388252735138,0.3302598297595978,67.99553680419922,67.99612426757812,66.9740219116211,0.23527728021144867,23.527727127075195,19.04048728942871,-19.04046630859375,0.18333156406879425,0.18333134055137634,0.19886833429336548,81.6668472290039,81.66686248779297,80.11316680908203,0.012318816967308521,1.2318817377090454,15.78187084197998
194,1,Bass,18.229766845703125,-18.22974395751953,0.015355754643678665,0.015355730429291725,0.008713873103260994,98.46442413330078,98.46443176269531,99.12860870361328,0.014809614047408104,1.4809614419937134,14.209972381591797,-14.209968566894531,0.20721884071826935,0.20721736550331116,0.20206378400325775,79.27811431884766,79.27826690673828,79.79361724853516,0.036545563489198685,3.6545562744140625,-0.8414090275764465
194,2,Drums,37.37078094482422,-37.371315002441406,0.00011310028639854863,0.00011310028639854863,0.0,99.98868560791016,99.98868560791016,100.0,0.00018315827765036374,0.01831582747399807,16.79155158996582,-16.791549682617188,0.15177316963672638,0.15177124738693237,0.13388189673423767,84.82268524169922,84.8228759765625,86.61180877685547,0.020504426211118698,2.050442695617676,-18.588171005249023
195,0,Vocal,41.43701934814453,-41.4362907409668,0.0009087100625038147,0.0009087100625038147,0.0010049444390460849,99.90912628173828,99.90912628173828,99.89950561523438,7.178815576480702e-05,0.007178815547376871,13.621959686279297,-13.621957778930664,0.23604221642017365,0.23604217171669006,0.24803292751312256,76.39578247070312,76.39578247070312,75.19670867919922,0.04162364453077316,4.162364482879639,-24.470413208007812
195,1,Bass,16.011812210083008,-16.011816024780273,0.03859039768576622,0.038590334355831146,0.038037966936826706,96.14096069335938,96.1409683227539,96.19620513916016,0.02443845011293888,2.44384503364563,9.425877571105957,-9.42587661743164,0.7545804977416992,0.7545645236968994,0.7543046474456787,24.541950225830078,24.543548583984375,24.569534301757812,0.10244132578372955,10.244132995605469,9.527826309204102
195,2,Drums,11.892367362976074,-11.892366409301758,0.0011082513956353068,0.0011082513956353068,0.0,99.88917541503906,99.88917541503906,100.0,0.06074976921081543,6.074976921081543,25.765493392944336,-25.765533447265625,0.01720285415649414,0.017202837392687798,0.013917651027441025,98.27971649169922,98.27971649169922,98.60823822021484,0.0026442434173077345,0.2644243538379669,13.984230995178223
196,0,Vocal,28.949932098388672,-28.949932098388672,0.005365234799683094,0.005365233868360519,0.005728963762521744,99.4634780883789,99.4634780883789,99.4271011352539,0.0012718563666567206,0.1271856427192688,19.201108932495117,-19.201108932495117,0.12471036612987518,0.12471036612987518,0.14039967954158783,87.52896118164062,87.52896118164062,85.96002960205078,0.011876852251589298,1.187685251235962,-8.73816204071045
196,1,Bass,27.972400665283203,-27.97247886657715,0.01705613173544407,0.017056090757250786,0.017593353986740112,98.29438781738281,98.29438781738281,98.24066162109375,0.0015924988547340035,0.15924988687038422,-8.53497314453125,8.534974098205566,0.37577423453330994,0.37577295303344727,0.2968033254146576,62.42257308959961,62.422706604003906,70.31966400146484,0.8771000504493713,87.71000671386719,-24.431350708007812
196,2,Drums,31.47006607055664,-31.470722198486328,0.0058064707554876804,0.005806468427181244,0.005930817686021328,99.41935729980469,99.41935729980469,99.40691375732422,0.0007122756214812398,0.07122756540775299,29.81949806213379,-29.819419860839844,0.021988699212670326,0.02198869176208973,0.023486314341425896,97.80113220214844,97.80113220214844,97.6513671875,0.0010413875570520759,0.10413875430822372,-1.2852356433868408
197,0,Vocal,38.397666931152344,-38.39789581298828,0.0007890966953709722,0.0007890966953709722,0.0009342099656350911,99.92108917236328,99.92108917236328,99.90657806396484,0.00014463344996329397,0.01446334458887577,40.2712287902832,-40.27571105957031,0.005299226846545935,0.005299226846545935,0.005710524506866932,99.47007751464844,99.47007751464844,99.42894744873047,9.386661986354738e-05,0.009386662393808365,1.957729458808899
197,1,Bass,14.354277610778809,-14.354278564453125,0.00942317396402359,0.009423171170055866,0.01221033651381731,99.05767822265625,99.05767822265625,98.77896881103516,0.03539340943098068,3.5393409729003906,3.9701507091522217,-3.9701504707336426,0.19280430674552917,0.19280005991458893,0.2750931978225708,80.71956634521484,80.7199935913086,72.49067687988281,0.28614914417266846,28.614913940429688,-8.174086570739746
197,2,Drums,18.7820987701416,-18.78209686279297,0.04418144375085831,0.04418144375085831,0.043135207146406174,95.58185577392578,95.58185577392578,95.68647766113281,0.0130640659481287,1.3064066171646118,29.460010528564453,-29.459869384765625,0.009238009341061115,0.00923800840973854,0.007267587352544069,99.07620239257812,99.07620239257812,99.27323913574219,0.0011311256093904376,0.11311256140470505,10.74797248840332
198,0,Vocal,21.48858070373535,-21.48858070373535,0.0020864903926849365,0.002086490159854293,0.0031064776703715324,99.79135131835938,99.79135131835938,99.6893539428711,0.007048035506159067,0.7048035264015198,26.34658432006836,-26.346426010131836,0.0391678512096405,0.0391678512096405,0.04049649089574814,96.08321380615234,96.08321380615234,95.95035552978516,0.0023138467222452164,0.23138466477394104,6.06540060043335
198,1,Bass,14.60485553741455,-14.604849815368652,0.011944888159632683,0.011944861151278019,0.01914186403155327,98.80551147460938,98.80551147460938,98.0858154296875,0.03347555175423622,3.347555160522461,0.5875533223152161,-0.5875535011291504,0.4659081697463989,0.46589770913124084,0.5102254152297974,53.409183502197266,53.41023254394531,48.97745895385742,0.4662292003631592,46.622920989990234,-5.0518951416015625
198,2,Drums,28.244651794433594,-28.244606018066406,0.0005048046004958451,0.0005048044840805233,0.0,99.94952392578125,99.94952392578125,100.0,0.001495822099968791,0.14958220720291138,25.3089542388916,-25.308971405029297,0.04080193489789963,0.04080192744731903,0.04906491935253143,95.91980743408203,95.91980743408203,95.093505859375,0.0029365012887865305,0.2936501204967499,-2.1617772579193115
199,0,Vocal,36.158748626708984,-36.15837860107422,0.005751841235905886,0.005751841235905886,0.006207794416695833,99.42481231689453,99.42481231689453,99.37921905517578,0.0002421183598926291,0.024211835116147995,15.367073059082031,-15.36706829071045,0.048772018402814865,0.04877199977636337,0.12575200200080872,95.12279510498047,95.122802734375,87.4248046875,0.028239186853170395,2.823918581008911,-20.776220321655273
199,1,Bass,17.761943817138672,-17.76192855834961,0.04399494454264641,0.04399494454264641,0.04691755771636963,95.60050201416016,95.60050201416016,95.30824279785156,0.016466310247778893,1.6466310024261475,2.823211193084717,-2.823211193084717,0.44217416644096375,0.4421733617782593,0.5104343891143799,55.7825813293457,55.78266525268555,48.95656204223633,0.34297412633895874,34.29741287231445,-7.383737087249756
199,2,Drums,29.38235092163086,-29.382369995117188,0.013231612741947174,0.013231612741947174,0.013643966056406498,98.67683410644531,98.67683410644531,98.63560485839844,0.001151515170931816,0.11515151709318161,29.469642639160156,-29.469589233398438,0.01770940236747265,0.01770940236747265,0.01478026807308197,98.22906494140625,98.22906494140625,98.52197265625,0.0011286258231848478,0.11286257952451706,0.22274044156074524
200,0,Vocal,12.132097244262695,-12.132096290588379,0.2498905509710312,0.2498905211687088,0.2525179982185364,75.01094055175781,75.01094818115234,74.74819946289062,0.05767545849084854,5.767545700073242,17.398643493652344,-17.398643493652344,0.10463908314704895,0.1046387180685997,0.10572782158851624,89.53609466552734,89.5361328125,89.4272232055664,0.01787729375064373,1.7877293825149536,5.271579265594482
200,1,Bass,5.790953636169434,-5.790951728820801,0.26790851354599,0.26790815591812134,0.26218169927597046,73.20915222167969,73.20918273925781,73.78182983398438,0.20859485864639282,20.859485626220703,13.215145111083984,-13.215142250061035,0.3015936613082886,0.30159106850624084,0.3110179901123047,69.84063720703125,69.84089660644531,68.89820098876953,0.045524999499320984,4.552499771118164,10.402896881103516
200,2,Drums,45.83234405517578,-45.827293395996094,0.0013719293056055903,0.0013719291891902685,0.001140905893407762,99.86280822753906,99.86280822753906,99.88591003417969,2.612334537843708e-05,0.002612334443256259,31.043975830078125,-31.043888092041016,0.0376722551882267,0.0376722514629364,0.03897685185074806,96.23277282714844,96.23277282714844,96.1023178100586,0.000785705866292119,0.07857058942317963,-14.345189094543457
201,0,Vocal,17.92909049987793,-17.929092407226562,0.12836357951164246,0.12836353480815887,0.12625518441200256,87.16363525390625,87.16364288330078,87.37448120117188,0.015854449942708015,1.5854450464248657,30.02092170715332,-30.020933151245117,0.02110729180276394,0.021107103675603867,0.02212335914373398,97.88926696777344,97.88928985595703,97.78766632080078,0.0009942254982888699,0.09942255169153214,12.3556489944458
201,1,Bass,9.941375732421875,-9.941376686096191,0.28159987926483154,0.28159984946250916,0.2885616719722748,71.84001159667969,71.84001159667969,71.14382934570312,0.09203090518712997,9.20309066772461,10.839460372924805,-10.839457511901855,0.47156330943107605,0.47156307101249695,0.4265907406806946,52.843666076660156,52.84368896484375,57.34092712402344,0.07614770531654358,7.614770412445068,7.034797668457031
201,2,Drums,35.71101379394531,-35.70982360839844,0.002000757260248065,0.002000757260248065,0.0005844552651979029,99.7999267578125,99.7999267578125,99.9415512084961,0.0002684246574062854,0.02684246562421322,27.13832664489746,-27.13833999633789,0.02510068565607071,0.025100674480199814,0.025552133098244667,97.48992919921875,97.48993682861328,97.44478607177734,0.0019289882620796561,0.19289882481098175,-8.250639915466309
202,0,Vocal,7.882591247558594,-7.8825907707214355,0.23817719519138336,0.23817694187164307,0.2395850419998169,76.18228149414062,76.18230438232422,76.04149627685547,0.1400308907032013,14.00308895111084,28.79047393798828,-28.790359497070312,0.02695559710264206,0.026955565437674522,0.0246238075196743,97.304443359375,97.304443359375,97.5376205444336,0.0013194093480706215,0.13194093108177185,20.997425079345703
202,1,Bass,9.415855407714844,-9.415855407714844,0.3248525559902191,0.32485222816467285,0.3171427845954895,67.51473999023438,67.51477813720703,68.28572082519531,0.10265368223190308,10.265368461608887,14.063758850097656,-14.063749313354492,0.4457867741584778,0.4457866847515106,0.4736539423465729,55.421321868896484,55.421329498291016,52.63460922241211,0.03774962201714516,3.7749621868133545,12.179853439331055
202,2,Drums,40.02741241455078,-40.02659606933594,0.000911719398573041,0.000911719398573041,0.0009739494998939335,99.90882873535156,99.90882873535156,99.90260314941406,9.936061542248353e-05,0.009936061687767506,31.21375274658203,-31.21359634399414,0.021892348304390907,0.021892333403229713,0.02294803410768509,97.81076049804688,97.8107681274414,97.7052001953125,0.0007556172204203904,0.07556172460317612,-8.594392776489258
203,0,Vocal,20.853633880615234,-20.853683471679688,0.14712795615196228,0.1471276432275772,0.1480879932641983,85.28720092773438,85.28723907470703,85.19120025634766,0.008148535154759884,0.8148534893989563,15.66679573059082,-15.66681957244873,0.09022936224937439,0.09022898226976395,0.10183597356081009,90.97705841064453,90.97710418701172,89.81640625,0.026405690237879753,2.640568971633911,-4.328260898590088
203,1,Bass,1.9887508153915405,-1.9887502193450928,0.3926191031932831,0.39261800050735474,0.38789719343185425,60.73808670043945,60.73820114135742,61.21028137207031,0.3874777555465698,38.74777603149414,18.605857849121094,-18.605863571166992,0.14092452824115753,0.14092442393302917,0.14359457790851593,85.90754699707031,85.90755462646484,85.64054107666016,0.013597776181995869,1.359777569770813,19.74871063232422
203,2,Drums,36.3601188659668,-36.360618591308594,0.0015895325923338532,0.0015895325923338532,0.0002784685930237174,99.84104919433594,99.84104919433594,99.97215270996094,0.00023112125927582383,0.02311212569475174,26.3359432220459,-26.335927963256836,0.020150993019342422,0.020150993019342422,0.01748456433415413,97.98490142822266,97.98490142822266,98.25154876708984,0.002319537103176117,0.2319537103176117,-9.714543342590332
204,0,Vocal,7.395017147064209,-7.395017623901367,0.4046434462070465,0.4046420753002167,0.400288850069046,59.53565979003906,59.535789489746094,59.97111892700195,0.15410439670085907,15.410439491271973,17.331329345703125,-17.33131980895996,0.17919234931468964,0.17919234931468964,0.1607268899679184,82.08076477050781,82.08076477050781,83.92730712890625,0.01815149560570717,1.8151495456695557,11.608274459838867
204,1,Bass,7.6135945320129395,-7.6135945320129395,0.423669695854187,0.4236685335636139,0.4168022871017456,57.63302993774414,57.633148193359375,58.31977081298828,0.14765729010105133,14.765728950500488,22.106403350830078,-22.10638427734375,0.06449860334396362,0.06449754536151886,0.07293123751878738,93.55014038085938,93.55024719238281,92.70687866210938,0.0061191897839307785,0.6119189858436584,15.161016464233398
204,2,Drums,41.2639045715332,-41.26502227783203,0.0004017179016955197,0.00040171784348785877,0.0,99.95982360839844,99.95982360839844,100.0,7.47471276554279e-05,0.007474712561815977,21.88645362854004,-21.886463165283203,0.10053843259811401,0.10053838044404984,0.10586246103048325,89.94615936279297,89.94615936279297,89.41375732421875,0.006435058079659939,0.6435058116912842,-17.65054702758789
205,0,Vocal,14.246535301208496,-14.246532440185547,0.1700446754693985,0.17004461586475372,0.17239072918891907,82.99553680419922,82.99553680419922,82.76093292236328,0.03625022992491722,3.6250228881835938,10.030719757080078,-10.030718803405762,0.2954002022743225,0.29536280035972595,0.3272395730018616,70.45997619628906,70.46371459960938,67.27603912353516,0.09032618254423141,9.032618522644043,-3.2293906211853027
205,1,Bass,2.7283382415771484,-2.7283380031585693,0.35737964510917664,0.3573794364929199,0.3647350072860718,64.26203155517578,64.26205444335938,63.5265007019043,0.34791359305381775,34.791358947753906,12.019320487976074,-12.019329071044922,0.5793940424919128,0.5793933868408203,0.5825752019882202,42.06059646606445,42.06066131591797,41.74248123168945,0.059103015810251236,5.910301685333252,21.000782012939453
205,2,Drums,35.328041076660156,-35.327720642089844,0.0018254558090120554,0.0018254558090120554,0.0015333276242017746,99.81745147705078,99.81745147705078,99.84666442871094,0.00029314126004464924,0.029314126819372177,13.101140022277832,-13.101139068603516,0.09227380156517029,0.09226725995540619,0.08241933584213257,90.77261352539062,90.77326965332031,91.75806427001953,0.04667936637997627,4.6679368019104,-21.728403091430664
206,0,Vocal,12.019208908081055,-12.019208908081055,0.10255636274814606,0.10255526751279831,0.11140750348567963,89.7443618774414,89.74447631835938,88.85924530029297,0.059104450047016144,5.910445213317871,25.22862434387207,-25.22862434387207,0.055346954613924026,0.055346954613924026,0.05308952555060387,94.46530151367188,94.46530151367188,94.69104766845703,0.0029911110177636147,0.29911109805107117,13.7274751663208
206,1,Bass,2.4612667560577393,-2.4612679481506348,0.4317162334918976,0.4317077100276947,0.4523543119430542,56.8283805847168,56.829227447509766,54.76456832885742,0.361992210149765,36.199222564697266,8.57448959350586,-8.574487686157227,0.41287368535995483,0.4128735065460205,0.41412338614463806,58.71263122558594,58.712650299072266,58.5876579284668,0.12192253023386002,12.192253112792969,11.072169303894043
206,2,Drums,34.66416931152344,-34.66408157348633,0.0016735659446567297,0.0016735653625801206,0.0005586041952483356,99.8326416015625,99.8326416015625,99.94413757324219,0.0003415356623008847,0.034153565764427185,28.480567932128906,-28.48048973083496,0.021053941920399666,0.021053936332464218,0.016158858314156532,97.89459991455078,97.89460754394531,98.38410949707031,0.001416900777257979,0.14169007539749146,-5.974693298339844
207,0,Vocal,20.013385772705078,-20.013381958007812,0.11744862049818039,0.1174486055970192,0.11823474615812302,88.25513458251953,88.25513458251953,88.17652130126953,0.009870834648609161,0.9870834350585938,25.954959869384766,-25.95517349243164,0.09927447885274887,0.09927438199520111,0.10259272158145905,90.07255554199219,90.07256317138672,89.74073028564453,0.002531580626964569,0.2531580626964569,6.996091842651367
207,1,Bass,0.09830084443092346,-0.0983002632856369,0.5363940000534058,0.5363937020301819,0.5130624175071716,46.360599517822266,46.36063003540039,48.69375991821289,0.49434158205986023,49.43415832519531,4.520995616912842,-4.52099609375,0.8261315226554871,0.8259631395339966,0.8174799084663391,17.38684844970703,17.4036865234375,18.25200843811035,0.2609575390815735,26.095754623413086,20.50986671447754
207,2,Drums,37.246761322021484,-37.2462158203125,0.0008837398490868509,0.0008837398490868509,0.002135117072612047,99.91162109375,99.91162109375,99.78649139404297,0.00018847963656298816,0.018847962841391563,21.694461822509766,-21.694448471069336,0.055871982127428055,0.05587179213762283,0.0614311620593071,94.41280364990234,94.4128189086914,93.85688018798828,0.006723971571773291,0.6723971366882324,-15.24803352355957
208,0,Vocal,22.08470916748047,-22.084806442260742,0.005879235919564962,0.005879235919564962,0.006205317564308643,99.41207885742188,99.41207885742188,99.37947082519531,0.006149606313556433,0.6149606108665466,22.7872314453125,-22.78730583190918,0.18439538776874542,0.18439532816410065,0.1809266209602356,81.56046295166016,81.56047058105469,81.90734100341797,0.0052359639666974545,0.5235964059829712,3.033604860305786
208,1,Bass,14.742071151733398,-14.742074966430664,0.0804964080452919,0.0804964080452919,0.10744991153478622,91.95035552978516,91.95035552978516,89.25501251220703,0.03246816247701645,3.2468161582946777,21.43885612487793,-21.438915252685547,0.09999639540910721,0.09999638795852661,0.12756384909152985,90.00035858154297,90.00035858154297,87.24361419677734,0.007128628436475992,0.7128628492355347,8.518856048583984
208,2,Drums,21.774486541748047,-21.77446746826172,0.010457136668264866,0.010457135736942291,0.010413418523967266,98.95428466796875,98.95428466796875,98.95865631103516,0.006601965520530939,0.6601965427398682,15.129854202270508,-15.129858016967773,0.11517971009016037,0.1151796206831932,0.11552782356739044,88.48202514648438,88.48204040527344,88.44721984863281,0.02977735735476017,2.977735757827759,-5.64170503616333
209,0,Vocal,17.282487869262695,-17.282482147216797,0.008167361840605736,0.008167360909283161,0.007925376296043396,99.18325805664062,99.18325805664062,99.20745849609375,0.018353018909692764,1.8353018760681152,11.542951583862305,-11.542949676513672,0.5193853974342346,0.5193811058998108,0.5201472640037537,48.061458587646484,48.0618896484375,47.98527526855469,0.06550604850053787,6.550604820251465,-1.5684762001037598
209,1,Bass,7.28066349029541,-7.280663967132568,0.06693276017904282,0.06693214923143387,0.049617886543273926,93.30672454833984,93.3067855834961,95.0382080078125,0.15756814181804657,15.756814002990723,16.481891632080078,-16.48189353942871,0.16280201077461243,0.16280096769332886,0.16874825954437256,83.71980285644531,83.71990203857422,83.12517547607422,0.02198648825287819,2.1986489295959473,11.54532241821289
209,2,Drums,21.08251190185547,-21.082489013671875,0.0023618212435394526,0.0023618191480636597,0.001369424513541162,99.7638168334961,99.7638168334961,99.8630599975586,0.007733547128736973,0.773354709148407,25.342504501342773,-25.342514038085938,0.05541177839040756,0.05541166663169861,0.05426928773522377,94.45882415771484,94.45883178710938,94.57306671142578,0.0029139784164726734,0.2913978397846222,4.910937786102295
210,0,Vocal,10.625558853149414,-10.625558853149414,0.021454069763422012,0.021454067900776863,0.023964272812008858,97.8545913696289,97.8545913696289,97.60356903076172,0.07968571782112122,7.968571662902832,29.234331130981445,-29.234359741210938,0.025468161329627037,0.025468045845627785,0.015053104609251022,97.45318603515625,97.45319366455078,98.49468994140625,0.001191381481476128,0.11913815140724182,18.70937156677246
210,1,Bass,20.093700408935547,-20.093765258789062,0.030967509374022484,0.030966462567448616,0.023871272802352905,96.90324401855469,96.90335083007812,97.61286926269531,0.009691659361124039,0.9691659212112427,-1.0021557807922363,1.0021560192108154,0.35856330394744873,0.35847216844558716,0.3400745093822479,64.14366912841797,64.15278625488281,65.99254608154297,0.5574341416358948,55.74341583251953,-6.039799690246582
210,2,Drums,13.739729881286621,-13.739729881286621,0.003881995100528002,0.003881993470713496,0.0035334837157279253,99.61180114746094,99.61180114746094,99.64665222167969,0.04055526852607727,4.0555267333984375,12.788952827453613,-12.788951873779297,0.01966536045074463,0.019664796069264412,0.02094593644142151,98.03346252441406,98.03351593017578,97.90541076660156,0.04998451843857765,4.9984517097473145,-0.864143967628479
211,0,Vocal,32.22769546508789,-32.22785949707031,0.0006153939757496119,0.0006153933354653418,0.0011027524014934897,99.93846130371094,99.93846130371094,99.88972473144531,0.0005983691080473363,0.05983690917491913,6.823270797729492,-6.823270797729492,0.3552868962287903,0.3552861511707306,0.3240348994731903,64.4713134765625,64.47138977050781,67.59650421142578,0.17205733060836792,17.205732345581055,-21.718006134033203
211,1,Bass,14.936307907104492,-14.936305046081543,0.020022669807076454,0.020022355020046234,0.00904750358313322,97.99773406982422,97.99776458740234,99.09524536132812,0.03109223209321499,3.1092231273651123,-4.213562965393066,4.213562965393066,0.418103963136673,0.4180576205253601,0.4269237220287323,58.189605712890625,58.194236755371094,57.30762481689453,0.725161075592041,72.51610565185547,0.20906223356723785
211,2,Drums,17.924198150634766,-17.924192428588867,0.0015985309146344662,0.001597592025063932,0.010315665043890476,99.84014892578125,99.84024047851562,98.96843719482422,0.015872038900852203,1.587203860282898,19.611774444580078,-19.61176109313965,0.021318554878234863,0.02130746841430664,0.03755113482475281,97.8681411743164,97.86925506591797,96.24488067626953,0.010816801339387894,1.081680178642273,2.3668534755706787
212,0,Vocal,38.12360763549805,-38.12212371826172,0.0003868632484227419,0.0003868632484227419,0.0004330678202677518,99.96131896972656,99.96131896972656,99.9566879272461,0.00015403192082885653,0.01540319249033928,12.787191390991211,-12.787184715270996,0.3025824725627899,0.3025824725627899,0.3088124990463257,69.74175262451172,69.74175262451172,69.1187515258789,0.050003781914711,5.000378131866455,-21.608375549316406
212,1,Bass,12.275343894958496,-12.275351524353027,0.012662122026085854,0.012661764398217201,0.0,98.7337875366211,98.73382568359375,100.0,0.05590871348977089,5.590871334075928,4.545159816741943,-4.545160293579102,0.5376477837562561,0.5376062989234924,0.5173660516738892,46.23522186279297,46.2393684387207,48.26339340209961,0.25988587737083435,25.988588333129883,2.0056064128875732
212,2,Drums,28.214771270751953,-28.214738845825195,0.015512119978666306,0.015511936508119106,0.015388647094368935,98.44879150390625,98.44880676269531,98.46113586425781,0.0015061513986438513,0.1506151407957077,20.91815948486328,-20.918167114257812,0.028033187612891197,0.02803308703005314,0.009308237582445145,97.1966781616211,97.19669342041016,99.06917572021484,0.00802944041788578,0.8029440641403198,-6.8121771812438965
213,0,Vocal,20.488550186157227,-20.488536834716797,0.006156641058623791,0.006156640592962503,0.007140563800930977,99.38433837890625,99.38433837890625,99.28594207763672,0.008856859058141708,0.885685920715332,24.12461280822754,-24.124610900878906,0.07900915294885635,0.07900914549827576,0.07602448016405106,92.09908294677734,92.09908294677734,92.39755249023438,0.0038535776548087597,0.3853577673435211,6.308167457580566
213,1,Bass,12.548943519592285,-12.548941612243652,0.1931248903274536,0.1931237429380417,0.1983395218849182,80.68750762939453,80.6876220703125,80.16604614257812,0.05267500877380371,5.267500877380371,14.948068618774414,-14.948067665100098,0.1863032579421997,0.18630185723304749,0.21231700479984283,81.36967468261719,81.36981964111328,78.76830291748047,0.031010741367936134,3.10107421875,3.6899068355560303
213,2,Drums,23.34275245666504,-23.3427791595459,0.0009225109242834151,0.0009225109242834151,0.0003571213164832443,99.90775299072266,99.90775299072266,99.96428680419922,0.004610168281942606,0.46101683378219604,7.5662431716918945,-7.566242694854736,0.24531401693820953,0.24531224370002747,0.2577266991138458,75.46859741210938,75.46878051757812,74.22733306884766,0.1490347683429718,14.90347671508789,-14.872145652770996
214,0,Vocal,17.17919158935547,-17.179182052612305,0.0174658615142107,0.0174658615142107,0.01875288225710392,98.25341033935547,98.25341033935547,98.12471008300781,0.018786437809467316,1.8786437511444092,18.986709594726562,-18.986705780029297,0.24695953726768494,0.24695944786071777,0.24536344408988953,75.30404663085938,75.3040542602539,75.46365356445312,0.012470314279198647,1.2470314502716064,3.258643388748169
214,1,Bass,17.407955169677734,-17.407936096191406,0.08088570088148117,0.08088568598031998,0.09365873783826828,91.91143035888672,91.91143035888672,90.63412475585938,0.017839670181274414,1.7839670181274414,2.0126078128814697,-2.0126075744628906,0.5229386687278748,0.5229281187057495,0.6106812953948975,47.70613479614258,47.70718765258789,38.93186950683594,0.3861747980117798,38.61748123168945,-2.1788856983184814
214,2,Drums,20.8048038482666,-20.80481719970703,0.0017885583220049739,0.0017885583220049739,0.0,99.8211441040039,99.8211441040039,100.0,0.008239971473813057,0.8239971399307251,8.830896377563477,-8.830897331237793,0.14530637860298157,0.14530372619628906,0.18667501211166382,85.46936798095703,85.4696273803711,81.3324966430664,0.11574164032936096,11.574164390563965,-11.45191478729248
215,0,Vocal,23.513633728027344,-23.513648986816406,0.005741499364376068,0.005741499364376068,0.006195524707436562,99.42584991455078,99.42584991455078,99.38044738769531,0.004433095455169678,0.4433095455169678,19.501079559326172,-19.501087188720703,0.2974478602409363,0.2974478304386139,0.2877172827720642,70.25521087646484,70.25521850585938,71.228271484375,0.011092967353761196,1.1092966794967651,0.5148258805274963
215,1,Bass,15.28996467590332,-15.289968490600586,0.08714385330677032,0.08714381605386734,0.07519274950027466,91.28561401367188,91.28561401367188,92.48072814941406,0.028730522841215134,2.8730523586273193,17.559593200683594,-17.559574127197266,0.19775301218032837,0.19775177538394928,0.19995678961277008,80.22470092773438,80.22482299804688,80.00432586669922,0.017238076776266098,1.723807692527771,5.477865695953369
215,2,Drums,15.767208099365234,-15.76720142364502,0.0009256096673198044,0.0009256096091121435,0.003489134833216667,99.90744018554688,99.90744018554688,99.65108489990234,0.025817839428782463,2.5817840099334717,23.1467227935791,-23.14670181274414,0.022672584280371666,0.02267257496714592,0.02296600304543972,97.73274230957031,97.73274230957031,97.70339965820312,0.00482202647253871,0.4822026491165161,7.569566249847412
216,0,Vocal,8.865804672241211,-8.865803718566895,0.739643931388855,0.7396437525749207,0.741019606590271,26.035606384277344,26.035625457763672,25.898038864135742,0.11492151767015457,11.492152214050293,16.16558837890625,-16.165586471557617,0.6455819010734558,0.6455146670341492,0.6504774689674377,35.441810607910156,35.44853210449219,34.95225143432617,0.023608358576893806,2.3608357906341553,7.443164825439453
216,1,Bass,27.466472625732422,-27.466447830200195,0.33041420578956604,0.33041420578956604,0.3265856206417084,66.95858001708984,66.95858001708984,67.34143829345703,0.0017888875445351005,0.17888875305652618,15.650863647460938,-15.650863647460938,0.2010612040758133,0.20104718208312988,0.2513134777545929,79.89388275146484,79.89527893066406,74.86865234375,0.026500269770622253,2.65002703666687,-10.315954208374023
216,2,Drums,57.475982666015625,-57.33432388305664,0.0007591373287141323,0.0007591365720145404,0.0006274983752518892,99.92408752441406,99.92408752441406,99.93724822998047,1.807320472835272e-06,0.00018073205137625337,30.603168487548828,-30.603063583374023,0.02272450365126133,0.02272450365126133,0.028068426996469498,97.72754669189453,97.72754669189453,97.19316101074219,0.0008695751312188804,0.08695751428604126,-26.413358688354492
217,0,Vocal,7.2486419677734375,-7.248640537261963,0.8701496720314026,0.8701475262641907,0.87300705909729,12.98503303527832,12.985247611999512,12.699294090270996,0.15854938328266144,15.854938507080078,5.004118919372559,-5.004117965698242,0.560681939125061,0.5606773495674133,0.5695542693138123,43.93180465698242,43.93226623535156,43.04457473754883,0.24008001387119293,24.00800132751465,-1.9697235822677612
217,1,Bass,27.940282821655273,-27.940290451049805,0.34867388010025024,0.34867385029792786,0.34377142786979675,65.13261413574219,65.13261413574219,65.62285614013672,0.0016042569186538458,0.16042569279670715,17.618701934814453,-17.61870765686035,0.3068159818649292,0.3068157136440277,0.31452497839927673,69.31840515136719,69.31842803955078,68.54750061035156,0.017009001225233078,1.7009000778198242,-9.32569408416748
217,2,Drums,56.932403564453125,-56.90746307373047,0.0004474316374398768,0.0004474316374398768,0.0007453252328559756,99.95525360107422,99.95525360107422,99.92546844482422,2.06328991225746e-06,0.00020632898667827249,24.02593231201172,-24.025882720947266,0.03890320658683777,0.03890318050980568,0.029336420819163322,96.10968017578125,96.10968017578125,97.06636047363281,0.0039417920634150505,0.39417919516563416,-32.45772933959961
218,0,Vocal,10.245880126953125,-10.245878219604492,0.7348396182060242,0.7348393201828003,0.7356029152870178,26.51603889465332,26.516067504882812,26.439708709716797,0.08633723109960556,8.633723258972168,6.145412921905518,-6.145411014556885,0.6067793369293213,0.606778621673584,0.6162431240081787,39.32206726074219,39.32213592529297,38.37568664550781,0.1954413652420044,19.54413604736328,-4.0354180335998535
218,1,Bass,21.470163345336914,-21.470115661621094,0.3265707194805145,0.32657065987586975,0.3261280953884125,67.34292602539062,67.34293365478516,67.3871841430664,0.007077840156853199,0.7077839970588684,26.77574348449707,-26.77578353881836,0.29366281628608704,0.293643981218338,0.304036945104599,70.63372039794922,70.63560485839844,69.59630584716797,0.00209658220410347,0.20965822041034698,7.015195369720459
218,2,Drums,59.69447326660156,-59.58889389038086,0.0007650962797924876,0.0007650962215848267,0.000750906765460968,99.92349243164062,99.92349243164062,99.92491149902344,1.0649675914464751e-06,0.00010649675823515281,28.32282066345215,-28.322755813598633,0.02350095473229885,0.023500928655266762,0.030560046434402466,97.64990234375,97.64990997314453,96.94400024414062,0.0014692428521811962,0.14692428708076477,-30.95931625366211
219,0,Vocal,6.8526411056518555,-6.852640151977539,0.6909914612770081,0.6909912824630737,0.692817747592926,30.900854110717773,30.90087127685547,30.718225479125977,0.1710961014032364,17.109609603881836,5.674171447753906,-5.674170970916748,0.5326610207557678,0.5326610207557678,0.5373896360397339,46.7338981628418,46.7338981628418,46.26103591918945,0.21306875348091125,21.306875228881836,-1.180519938468933
219,1,Bass,32.976959228515625,-32.977962493896484,0.3950338363647461,0.39503005146980286,0.3973115086555481,60.49661636352539,60.49699783325195,60.26884841918945,0.0005035469075664878,0.05035468935966492,27.53146743774414,-27.531463623046875,0.27878430485725403,0.27878156304359436,0.28253719210624695,72.12157440185547,72.1218490600586,71.74627685546875,0.00176237931009382,0.17623792588710785,-4.942514419555664
219,2,Drums,51.52835464477539,-51.53651428222656,0.0004873713187407702,0.0004873712023254484,0.0010457084281370044,99.95126342773438,99.95126342773438,99.89543151855469,7.028136678854935e-06,0.0007028136751614511,22.365076065063477,-22.36508560180664,0.05569325014948845,0.055692680180072784,0.04164698347449303,94.43067169189453,94.43073272705078,95.8353042602539,0.005767399445176125,0.5767399668693542,-28.91732406616211
220,0,Vocal,9.791413307189941,-9.791414260864258,0.7308418154716492,0.7308417558670044,0.7345227003097534,26.91581916809082,26.91582489013672,26.5477294921875,0.0949571505188942,9.495715141296387,11.417325973510742,-11.417320251464844,0.6645271182060242,0.6644951105117798,0.6666194796562195,33.54728698730469,33.55048751831055,33.338050842285156,0.06729918718338013,6.729918479919434,1.6654329299926758
220,1,Bass,24.121173858642578,-24.121200561523438,0.3284539580345154,0.3284539580345154,0.3274160921573639,67.15460205078125,67.15460205078125,67.25839233398438,0.0038565672002732754,0.3856567144393921,22.562007904052734,-22.561979293823242,0.28106722235679626,0.281050443649292,0.2724704146385193,71.89327239990234,71.89495849609375,72.75296020507812,0.0055131553672254086,0.5513155460357666,-0.14604032039642334
220,2,Drums,43.47905731201172,-43.47710418701172,0.0007264919113367796,0.0007264856249094009,0.00172826973721385,99.9273452758789,99.92735290527344,99.8271713256836,4.491139770834707e-05,0.0044911396689713,24.409061431884766,-24.409034729003906,0.06681231409311295,0.06681068241596222,0.08656322211027145,93.31876373291016,93.31893157958984,91.34367370605469,0.003610122250393033,0.36101222038269043,-17.954206466674805
221,0,Vocal,5.435714244842529,-5.435715675354004,0.7076195478439331,0.7076165676116943,0.7108044028282166,29.23804473876953,29.23834228515625,28.919559478759766,0.22241996228694916,22.24199676513672,10.219747543334961,-10.219746589660645,0.512315034866333,0.512263834476471,0.5175678133964539,48.768497467041016,48.773616790771484,48.24321746826172,0.08681300282478333,8.681300163269043,4.79685640335083
221,1,Bass,33.40349578857422,-33.40362548828125,0.33224576711654663,0.33224570751190186,0.3323974907398224,66.77542114257812,66.77542877197266,66.76025390625,0.0004565454146359116,0.0456545427441597,20.897438049316406,-20.89743423461914,0.2070031762123108,0.20700271427631378,0.21077527105808258,79.2996826171875,79.29972839355469,78.92247772216797,0.008067501708865166,0.8067501783370972,-11.181381225585938
221,2,Drums,63.21630096435547,-63.36146926879883,0.0006946924258954823,0.0006946873036213219,0.0007046519895084202,99.93053436279297,99.93053436279297,99.92953491210938,4.543379077404097e-07,4.5433789637172595e-05,18.237916946411133,-18.237913131713867,0.039677269756793976,0.03967633098363876,0.009352894499897957,96.03227233886719,96.0323715209961,99.06470489501953,0.014782297424972057,1.4782297611236572,-44.930355072021484
222,0,Vocal,7.912164211273193,-7.912162780761719,0.7099747657775879,0.709973931312561,0.7089532613754272,29.00252342224121,29.002607345581055,29.104673385620117,0.13921286165714264,13.921286582946777,13.528833389282227,-13.52883243560791,0.44652122259140015,0.4465166926383972,0.4521600008010864,55.347877502441406,55.348331451416016,54.784000396728516,0.0424874946475029,4.248749256134033,5.675535202026367
222,1,Bass,35.73810958862305,-35.737892150878906,0.3507957458496094,0.3507938086986542,0.3532234728336334,64.92042541503906,64.92061614990234,64.67765808105469,0.00026674135006032884,0.02667413465678692,25.807607650756836,-25.807493209838867,0.18559309840202332,0.18558895587921143,0.1918211430311203,81.44068908691406,81.44110107421875,80.81788635253906,0.0026188381016254425,0.26188379526138306,-8.648459434509277
222,2,Drums,53.109039306640625,-53.07602310180664,0.0005541705759242177,0.0005541705759242177,0.0,99.94458770751953,99.94458770751953,100.0,4.912225449515972e-06,0.0004912225413136184,33.27438735961914,-33.27424621582031,0.010578115470707417,0.010578104294836521,0.010176260024309158,98.94219207763672,98.94219207763672,98.98237609863281,0.00047030928544700146,0.04703092947602272,-19.65860366821289
223,0,Vocal,6.899355888366699,-6.899355888366699,0.7295327186584473,0.7295318245887756,0.7203704118728638,27.046728134155273,27.046817779541016,27.96295928955078,0.16957597434520721,16.957597732543945,8.480326652526855,-8.480325698852539,0.38973066210746765,0.38964173197746277,0.39670035243034363,61.02693176269531,61.035823822021484,60.32996368408203,0.12426279485225677,12.426279067993164,1.6428329944610596
223,1,Bass,35.376895904541016,-35.376708984375,0.28375983238220215,0.28375983238220215,0.28563424944877625,71.62401580810547,71.62401580810547,71.43656921386719,0.00028985575772821903,0.02898557484149933,17.534210205078125,-17.534202575683594,0.2915301024913788,0.29152870178222656,0.31592902541160583,70.84698486328125,70.84712982177734,68.40709686279297,0.01733739674091339,1.7337396144866943,-14.795973777770996
223,2,Drums,56.5651741027832,-56.50511169433594,0.001036444678902626,0.0010364374611526728,0.0010417511221021414,99.89635467529297,99.89635467529297,99.89582061767578,2.2120702851680107e-06,0.00022120702487882227,28.968107223510742,-28.968151092529297,0.02029772475361824,0.020297611132264137,0.041142866015434265,97.97023010253906,97.9702377319336,95.88571166992188,0.0012665872927755117,0.12665872275829315,-27.149276733398438
224,0,Vocal,8.191415786743164,-8.191412925720215,0.6962334513664246,0.6962317824363708,0.6973939538002014,30.37665557861328,30.376821517944336,30.260604858398438,0.13168486952781677,13.168486595153809,15.616535186767578,-15.616533279418945,0.396014928817749,0.3960040509700775,0.40110310912132263,60.39850616455078,60.399593353271484,59.889686584472656,0.026704905554652214,2.6704905033111572,9.29584789276123
224,1,Bass,18.59685516357422,-18.59688949584961,0.3962158262729645,0.3961954116821289,0.4112588167190552,60.378421783447266,60.38045883178711,58.87411880493164,0.013625558465719223,1.3625558614730835,29.001178741455078,-29.000938415527344,0.092337965965271,0.09233792871236801,0.09811972826719284,90.76620483398438,90.7662124633789,90.18802642822266,0.0012570180697366595,0.12570179998874664,10.962381362915039
224,2,Drums,55.912506103515625,-55.906219482421875,0.0005687265656888485,0.0005687236553058028,0.0006385872839018703,99.94312286376953,99.94312286376953,99.93614196777344,2.5847591587080387e-06,0.0002584759204182774,20.79076385498047,-20.790752410888672,0.08572276681661606,0.08572270721197128,0.07986423373222351,91.42772674560547,91.427734375,92.0135726928711,0.008266464807093143,0.8266465067863464,-34.21500778198242
225,0,Vocal,4.7017412185668945,-4.701742172241211,0.3900165855884552,0.3900165259838104,0.3891054689884186,60.99834442138672,60.99834442138672,61.089454650878906,0.2530112862586975,25.301128387451172,-0.502569854259491,0.5025697946548462,0.24070030450820923,0.24068811535835266,0.2608344852924347,75.92996978759766,75.93119049072266,73.91655731201172,0.5288980007171631,52.889801025390625,-3.4329440593719482
225,1,Bass,23.507305145263672,-23.5073184967041,0.4978701174259186,0.4978700876235962,0.4973592460155487,50.212989807128906,50.212989807128906,50.26407241821289,0.004439570941030979,0.4439570903778076,17.602828979492188,-17.602821350097656,0.5725612044334412,0.5725572109222412,0.5943211913108826,42.74388122558594,42.74427795410156,40.5678825378418,0.01707024872303009,1.7070248126983643,0.8054656982421875
225,2,Drums,49.302486419677734,-49.29834747314453,0.0014693483244627714,0.0014693483244627714,0.0016402722103521228,99.85306549072266,99.85306549072266,99.83597564697266,1.177335980173666e-05,0.0011773359728977084,28.690650939941406,-28.690673828125,0.05605865642428398,0.0560578815639019,0.07013923674821854,94.39413452148438,94.39421081542969,92.98607635498047,0.00135006511118263,0.13500651717185974,-20.129398345947266
226,0,Vocal,-4.832143306732178,4.832143306732178,0.05400719866156578,0.05400719866156578,0.05914139375090599,94.59928131103516,94.59928131103516,94.08586120605469,0.7526213526725769,75.26213836669922,21.073007583618164,-21.073001861572266,0.03902244567871094,0.03902214393019676,0.053557638078927994,96.0977554321289,96.09778594970703,94.64423370361328,0.007750379387289286,0.775037944316864,25.95598793029785
226,1,Bass,41.124168395996094,-41.12312698364258,0.001169628114439547,0.0011696277651935816,0.0013206027215346694,99.88304138183594,99.88304138183594,99.8679428100586,7.72055791458115e-05,0.007720557972788811,2.573970317840576,-2.5739705562591553,0.4273264706134796,0.4272911846637726,0.36380109190940857,57.267356872558594,57.2708854675293,63.61988830566406,0.3560204803943634,35.602046966552734,-30.827951431274414
226,2,Drums,13.607938766479492,-13.607935905456543,0.02067405916750431,0.02067405916750431,0.021531274542212486,97.9325942993164,97.9325942993164,97.84687042236328,0.04175268113613129,4.175268173217773,11.588357925415039,-11.588356018066406,0.18350569903850555,0.18350552022457123,0.18436408042907715,81.64942932128906,81.64944458007812,81.56359100341797,0.06486896425485611,6.486896514892578,0.13086678087711334
227,0,Vocal,-3.8130834102630615,3.8130834102630615,0.6258097290992737,0.6258096694946289,0.6152613162994385,37.41902542114258,37.41903305053711,38.47386932373047,0.7064065337181091,70.64065551757812,10.428023338317871,-10.428022384643555,0.6901940703392029,0.6901904344558716,0.7213729023933411,30.980592727661133,30.98095703125,27.862709045410156,0.08308572322130203,8.308572769165039,14.519425392150879
227,1,Bass,25.670246124267578,-25.670242309570312,0.3037753999233246,0.303774356842041,0.29939305782318115,69.6224594116211,69.62256622314453,70.0606918334961,0.0027027535252273083,0.270275354385376,16.760658264160156,-16.760656356811523,0.3312130272388458,0.3312128186225891,0.3411915600299835,66.87870025634766,66.87871551513672,65.88084411621094,0.020647786557674408,2.0647785663604736,1.0722664594650269
227,2,Drums,40.38288879394531,-40.3822021484375,0.001680464018136263,0.001680464018136263,0.00210006907582283,99.83194732666016,99.83194732666016,99.78999328613281,9.15548880584538e-05,0.009155488573014736,15.596848487854004,-15.596846580505371,0.16169990599155426,0.161699578166008,0.14695090055465698,83.83000946044922,83.83003997802734,85.3049087524414,0.0268230177462101,2.6823017597198486,-24.32558250427246
228,0,Vocal,5.4775238037109375,-5.477524280548096,0.6311385035514832,0.6311153769493103,0.6223233938217163,36.88615036010742,36.88846206665039,37.767662048339844,0.22075936198234558,22.07593536376953,14.812788963317871,-14.812779426574707,0.3374374210834503,0.33739110827445984,0.3406074345111847,66.25626373291016,66.2608871459961,65.93926239013672,0.03196059167385101,3.196059226989746,10.353401184082031
228,1,Bass,17.883779525756836,-17.883756637573242,0.4883138835430145,0.48831385374069214,0.49040061235427856,51.168609619140625,51.16861343383789,50.959938049316406,0.016018057242035866,1.6018056869506836,5.955293655395508,-5.95529317855835,0.5386136174201965,0.5385927557945251,0.6099910736083984,46.13863754272461,46.140724182128906,39.000892639160156,0.20241686701774597,20.24168586730957,-3.693035364151001
228,2,Drums,29.63628387451172,-29.636322021484375,0.00016298142145387828,0.0001629813341423869,0.0,99.98370361328125,99.98370361328125,100.0,0.0010861638002097607,0.10861638188362122,29.36639976501465,-29.36640167236328,0.028891533613204956,0.028891488909721375,0.021947765722870827,97.11083984375,97.11084747314453,97.80522918701172,0.0011557169491425157,0.11557169258594513,0.15911616384983063
229,0,Vocal,-4.31602668762207,4.31602668762207,0.09361249953508377,0.09361188113689423,0.10126172751188278,90.63874816894531,90.63880920410156,89.87382507324219,0.7298381924629211,72.98381805419922,21.336551666259766,-21.336545944213867,0.07863441854715347,0.0786297395825386,0.08939716219902039,92.13655853271484,92.13702392578125,91.0602798461914,0.00729735940694809,0.7297359704971313,25.692989349365234
229,1,Bass,36.823020935058594,-36.82335662841797,0.0006811466882936656,0.0006811454077251256,0.001149220042861998,99.931884765625,99.931884765625,99.88507843017578,0.00020780172781087458,0.02078017219901085,11.039837837219238,-11.039836883544922,0.6067036390304565,0.6067026257514954,0.6331539154052734,39.32963562011719,39.32973861694336,36.684608459472656,0.07296468317508698,7.296468257904053,-18.329275131225586
229,2,Drums,10.69709587097168,-10.697096824645996,0.0024479536805301905,0.0024479522835463285,0.0038291497621685266,99.75520324707031,99.75520324707031,99.6170883178711,0.07848601043224335,7.8486008644104,8.839512825012207,-8.83951187133789,0.4046078026294708,0.4046076238155365,0.40159282088279724,59.539222717285156,59.53923416137695,59.84071350097656,0.11553874611854553,11.553874969482422,-0.04584024101495743
230,0,Vocal,-3.294405937194824,3.2944061756134033,0.04670343175530434,0.04670339077711105,0.042308855801820755,95.32965087890625,95.32965850830078,95.76911163330078,0.6810420751571655,68.10420989990234,-1.810093879699707,1.810093641281128,0.4186955690383911,0.4186951220035553,0.4546256959438324,58.13044357299805,58.130489349365234,54.53742599487305,0.6027147173881531,60.2714729309082,7.669179916381836
230,1,Bass,47.195621490478516,-47.19084167480469,0.0010684659937396646,0.001068465644493699,0.0013775484403595328,99.89315032958984,99.89315032958984,99.86225128173828,1.9084123778156936e-05,0.0019084124360233545,19.792144775390625,-19.792139053344727,0.09124381095170975,0.09124378859996796,0.08497066050767899,90.87561798095703,90.87561798095703,91.50293731689453,0.01038140244781971,1.0381402969360352,-24.51573371887207
230,2,Drums,13.707038879394531,-13.707036018371582,0.05961551144719124,0.05961551144719124,0.048712391406297684,94.0384521484375,94.0384521484375,95.1287612915039,0.040849171578884125,4.084917068481445,13.516517639160156,-13.516519546508789,0.10617594420909882,0.10617593675851822,0.09053607285022736,89.38240051269531,89.38240051269531,90.94639587402344,0.0426030196249485,4.2603020668029785,0.3107382357120514
231,0,Vocal,1.4921517372131348,-1.4921517372131348,0.5748242139816284,0.574799656867981,0.5791703462600708,42.517578125,42.52003479003906,42.08296585083008,0.4149399697780609,41.493995666503906,14.51785945892334,-14.517849922180176,0.5254485011100769,0.5253939628601074,0.5305424332618713,47.45515060424805,47.460601806640625,46.94575500488281,0.03412974253296852,3.4129743576049805,13.237632751464844
231,1,Bass,21.980077743530273,-21.980026245117188,0.3244549036026001,0.3244513273239136,0.3268483877182007,67.55451202392578,67.55487060546875,67.3151626586914,0.0062986984848976135,0.629869818687439,27.683284759521484,-27.683189392089844,0.10772489756345749,0.10772236436605453,0.11070273816585541,89.22750854492188,89.22776794433594,88.92972564697266,0.001701901899650693,0.17019018530845642,6.249547958374023
231,2,Drums,49.552024841308594,-49.548614501953125,0.001374850980937481,0.001374850980937481,0.0016637509688735008,99.86251831054688,99.86251831054688,99.83362579345703,1.1088802239100914e-05,0.001108880271203816,27.00342559814453,-27.003387451171875,0.05077705904841423,0.05077705532312393,0.053415555506944656,94.92229461669922,94.92229461669922,94.658447265625,0.001989729469642043,0.1989729404449463,-21.84409523010254
232,0,Vocal,-12.009895324707031,12.009895324707031,0.12728343904018402,0.12727932631969452,0.07086525857448578,87.27165222167969,87.27206420898438,92.9134750366211,0.9407761096954346,94.0776138305664,-12.470090866088867,12.470091819763184,0.6389405727386475,0.6389081478118896,0.6714731454849243,36.10594177246094,36.10918426513672,32.852684020996094,0.9464115500450134,94.64115142822266,5.1582932472229
232,1,Bass,17.6983642578125,-17.698362350463867,0.057216934859752655,0.057216666638851166,0.0,94.27830505371094,94.27833557128906,100.0,0.01670505292713642,1.6705052852630615,10.346328735351562,-10.34632682800293,0.5451884865760803,0.545072615146637,0.530489981174469,45.48115158081055,45.49273681640625,46.95100021362305,0.0845300704240799,8.453006744384766,0.7709355354309082
232,2,Drums,14.052748680114746,-14.05274772644043,0.03597567230463028,0.035975370556116104,0.02128237672150135,96.40242767333984,96.40245819091797,97.87176513671875,0.0378417931497097,3.784179210662842,21.754953384399414,-21.754940032958984,0.07101324200630188,0.07101284712553024,0.06903661787509918,92.898681640625,92.89871215820312,93.0963363647461,0.006631531286984682,0.6631531119346619,8.292576789855957
233,0,Vocal,11.528779983520508,-11.52878189086914,0.16379962861537933,0.16378527879714966,0.18117263913154602,83.62003326416016,83.62147521972656,81.88273620605469,0.06570602208375931,6.5706024169921875,19.906566619873047,-19.906570434570312,0.06296952068805695,0.06296630203723907,0.06632502377033234,93.70304870605469,93.703369140625,93.36750030517578,0.010114170610904694,1.011417031288147,8.999922752380371
233,1,Bass,15.025362968444824,-15.025358200073242,0.19458919763565063,0.19457988440990448,0.17470726370811462,80.54107666015625,80.54200744628906,82.5292739868164,0.030480409041047096,3.0480408668518066,17.898948669433594,-17.898954391479492,0.22332344949245453,0.22332322597503662,0.26807236671447754,77.66765594482422,77.66767883300781,73.19276428222656,0.015963049605488777,1.596305012702942,7.914974689483643
233,2,Drums,24.005931854248047,-24.005918502807617,0.018796293064951897,0.018795987591147423,0.02832256257534027,98.12037658691406,98.12040710449219,97.16773986816406,0.00395992211997509,0.3959922194480896,29.950857162475586,-29.950944900512695,0.01778465323150158,0.01778464950621128,0.014230250380933285,98.2215347290039,98.2215347290039,98.57697296142578,0.0010103564709424973,0.10103564709424973,6.175289630889893
234,0,Vocal,5.554559230804443,-5.554558753967285,0.24373748898506165,0.24369966983795166,0.23772099614143372,75.62625122070312,75.63003540039062,76.2279052734375,0.21772311627864838,21.77231216430664,17.013341903686523,-17.013341903686523,0.14413760602474213,0.14413689076900482,0.14639301598072052,85.58623504638672,85.58631134033203,85.36070251464844,0.019503474235534668,1.9503474235534668,11.50610637664795
234,1,Bass,20.169952392578125,-20.16994285583496,0.37754184007644653,0.37751755118370056,0.36795997619628906,62.24581527709961,62.24824142456055,63.204002380371094,0.009524649940431118,0.9524649977684021,12.23153018951416,-12.231527328491211,0.28958383202552795,0.28951746225357056,0.27037084102630615,71.04161834716797,71.04825592041016,72.9629135131836,0.056443676352500916,5.644367694854736,-4.5647873878479
234,2,Drums,32.05083465576172,-32.05075454711914,0.013419002294540405,0.013418675400316715,0.012607227079570293,98.65809631347656,98.65813446044922,98.7392807006836,0.0006232234300114214,0.06232234463095665,26.719440460205078,-26.719383239746094,0.06462161242961884,0.06461923569440842,0.060341622680425644,93.53783416748047,93.53807830810547,93.9658432006836,0.002123893704265356,0.21238936483860016,-4.859554290771484
235,0,Vocal,-8.298685073852539,8.298685073852539,0.12329114973545074,0.12327205389738083,0.12539154291152954,87.67088317871094,87.67279052734375,87.46084594726562,0.8711138367652893,87.11138153076172,6.6871232986450195,-6.687121868133545,0.38857322931289673,0.3884912133216858,0.3900091052055359,61.142677307128906,61.15087890625,60.999088287353516,0.17656919360160828,17.656919479370117,17.1024227142334
235,1,Bass,16.645801544189453,-16.64579200744629,0.026939386501908302,0.02693929150700569,0.0,97.30606079101562,97.30607604980469,100.0,0.021189410239458084,2.118941068649292,8.976129531860352,-8.976126670837402,0.44043439626693726,0.44037726521492004,0.4547519087791443,55.95656204223633,55.962276458740234,54.524810791015625,0.11236285418272018,11.236285209655762,-3.9150712490081787
235,2,Drums,11.18391227722168,-11.183910369873047,0.010601473040878773,0.010601201094686985,0.01879272609949112,98.93985748291016,98.93988037109375,98.1207275390625,0.07075228542089462,7.075228691101074,15.899164199829102,-15.899157524108887,0.09321891516447067,0.09321589022874832,0.059789836406707764,90.67810821533203,90.67841339111328,94.0210189819336,0.025064531713724136,2.506453275680542,5.1294264793396
236,0,Vocal,15.861701965332031,-15.861698150634766,0.16621705889701843,0.1661781221628189,0.17158293724060059,83.37828826904297,83.38218688964844,82.84170532226562,0.025276195257902145,2.5276196002960205,27.77225112915039,-27.772214889526367,0.03655413165688515,0.036542635411024094,0.04075966402888298,96.3445816040039,96.34573364257812,95.92403411865234,0.0016675048973411322,0.1667504906654358,12.33698558807373
236,1,Bass,20.4791259765625,-20.479122161865234,0.26542389392852783,0.26537731289863586,0.2913993000984192,73.45761108398438,73.46227264404297,70.86006927490234,0.008875994943082333,0.8875994682312012,12.410664558410645,-12.410664558410645,0.5139263868331909,0.5138434171676636,0.5262728929519653,48.60736083984375,48.615657806396484,47.372711181640625,0.054286617785692215,5.428661823272705,-2.7940216064453125
236,2,Drums,23.456584930419922,-23.456554412841797,0.016480369493365288,0.016479743644595146,0.011896437034010887,98.35195922851562,98.3520278930664,98.81035614013672,0.0044914735481143,0.4491473436355591,24.814443588256836,-24.814430236816406,0.021562017500400543,0.02156161330640316,0.015355132520198822,97.84379577636719,97.84384155273438,98.46449279785156,0.0032894774340093136,0.3289477527141571,1.5169398784637451
237,0,Vocal,-9.117528915405273,9.117528915405273,0.11865600943565369,0.11865052580833435,0.11508356779813766,88.1343994140625,88.13494110107422,88.49164581298828,0.8908437490463257,89.0843734741211,9.941483497619629,-9.941483497619629,0.5649394989013672,0.5648162961006165,0.5715123414993286,43.50605010986328,43.51837158203125,42.8487663269043,0.09202882647514343,9.202882766723633,19.608976364135742
237,1,Bass,19.965126037597656,-19.965137481689453,0.06836023926734924,0.06835918128490448,0.08310440182685852,93.16397857666016,93.16407775878906,91.68955993652344,0.009980062954127789,0.998006284236908,11.18818473815918,-11.188180923461914,0.6115059852600098,0.6114339828491211,0.6152511835098267,38.849403381347656,38.85660171508789,38.47488021850586,0.07068760693073273,7.068760871887207,-0.21883808076381683
237,2,Drums,14.467530250549316,-14.467521667480469,0.031451888382434845,0.03145135939121246,0.049590788781642914,96.85481262207031,96.85486602783203,95.04092407226562,0.03451384976506233,3.451385021209717,13.426961898803711,-13.426956176757812,0.0778173953294754,0.07781669497489929,0.0935504361987114,92.21826171875,92.21833038330078,90.64495849609375,0.04345209524035454,4.34520959854126,-0.44674891233444214
238,0,Vocal,-25.880706787109375,25.880706787109375,0.36111125349998474,0.36092522740364075,0.3779688775539398,63.88887023925781,63.90747833251953,62.20310974121094,0.9974247813224792,99.74247741699219,7.43198823928833,-7.431987762451172,0.841570258140564,0.8204125761985779,0.8693777918815613,15.842973709106445,17.958742141723633,13.062220573425293,0.1529979556798935,15.299795150756836,31.488006591796875
238,1,Bass,32.21127700805664,-32.211307525634766,0.13751867413520813,0.13751250505447388,0.147981196641922,86.24813842773438,86.24874877929688,85.2018814086914,0.0006006421754136682,0.06006421893835068,22.592756271362305,-22.592687606811523,0.25532206892967224,0.2553218901157379,0.2777827978134155,74.46778869628906,74.46781158447266,72.22171783447266,0.005474464036524296,0.5474464297294617,-7.013614654541016
238,2,Drums,23.210294723510742,-23.210304260253906,0.02329150028526783,0.023290827870368958,0.021273553371429443,97.67084503173828,97.6709213256836,97.87264251708984,0.004752269946038723,0.4752269983291626,27.94820785522461,-27.948266983032227,0.04127060994505882,0.0412704236805439,0.04230500012636185,95.87294006347656,95.87295532226562,95.76950073242188,0.0016013222048059106,0.16013221442699432,5.622861862182617
239,0,Vocal,4.948657989501953,-4.948657512664795,0.14182375371456146,0.1418043076992035,0.14536139369010925,85.817626953125,85.81956481933594,85.46385955810547,0.2424175888299942,24.241758346557617,20.65534782409668,-20.655311584472656,0.11863549053668976,0.11862438917160034,0.12182124704122543,88.1364517211914,88.13755798339844,87.81787872314453,0.008526082150638103,0.8526082038879395,16.120840072631836
239,1,Bass,21.08490753173828,-21.084915161132812,0.18243196606636047,0.18241804838180542,0.19159087538719177,81.75680541992188,81.75819396972656,80.84091186523438,0.007729274686425924,0.772927463054657,-0.5900246500968933,0.5900243520736694,0.49465838074684143,0.4944298565387726,0.5343111753463745,50.53416442871094,50.5570182800293,46.56888198852539,0.5339124202728271,53.39124298095703,-15.453170776367188
239,2,Drums,26.71297264099121,-26.712949752807617,0.01865694485604763,0.01865658164024353,0.017199663445353508,98.1343002319336,98.13433837890625,98.28003692626953,0.002127105137333274,0.21271051466464996,25.259897232055664,-25.259891510009766,0.05134435370564461,0.051344163715839386,0.04738388583064079,94.86557006835938,94.86558532714844,95.26161193847656,0.002969779074192047,0.2969779074192047,-1.255361795425415
240,0,Vocal,22.888484954833984,-22.888500213623047,0.008519003167748451,0.008519002236425877,0.008205365389585495,99.14810180664062,99.14810180664062,99.1794662475586,0.005115911830216646,0.5115911960601807,21.629901885986328,-21.629886627197266,0.07152159512042999,0.0715213492512703,0.058716028928756714,92.84783935546875,92.84786224365234,94.1283950805664,0.006823972798883915,0.6823973059654236,-0.3844984769821167
240,1,Bass,21.705638885498047,-21.705636978149414,0.023655902594327927,0.023655887693166733,0.017200009897351265,97.63441467285156,97.63441467285156,98.27999877929688,0.006706802174448967,0.6706802248954773,-7.211256980895996,7.211256980895996,0.6978104114532471,0.6977357268333435,0.6996748447418213,30.21895980834961,30.22642707824707,30.032516479492188,0.8402988314628601,84.0298843383789,-13.359979629516602
240,2,Drums,26.9285945892334,-26.928646087646484,0.0017047690926119685,0.0017047689761966467,0.0,99.82952117919922,99.82952117919922,100.0,0.0020242079626768827,0.20242080092430115,14.842940330505371,-14.842938423156738,0.44336074590682983,0.44336071610450745,0.4254899024963379,55.66392517089844,55.66393280029297,57.451011657714844,0.03174644336104393,3.1746442317962646,-9.986869812011719
241,0,Vocal,15.27426815032959,-15.274256706237793,0.006006178911775351,0.006006097421050072,0.0064425538294017315,99.39938354492188,99.3993911743164,99.35574340820312,0.02883155457675457,2.883155345916748,22.509490966796875,-22.50948715209961,0.10118658095598221,0.10118649899959564,0.10204866528511047,89.88134002685547,89.88134765625,89.79513549804688,0.005579875782132149,0.5579875707626343,7.874534606933594
241,1,Bass,19.027910232543945,-19.027889251708984,0.013206669129431248,0.013206669129431248,0.03156043589115143,98.67933654785156,98.67933654785156,96.84395599365234,0.01235412061214447,1.2354121208190918,6.262844085693359,-6.262845039367676,0.4489145576953888,0.4488784670829773,0.4666130244731903,55.10854721069336,55.112152099609375,53.33869552612305,0.19122453033924103,19.122453689575195,-5.077686786651611
241,2,Drums,18.318950653076172,-18.318960189819336,0.004253377206623554,0.00425337627530098,0.0076747434213757515,99.57466125488281,99.57466125488281,99.2325210571289,0.014512945897877216,1.4512945413589478,14.482320785522461,-14.482321739196777,0.19129255414009094,0.1912921518087387,0.18839024007320404,80.8707504272461,80.87078094482422,81.16097259521484,0.03440051153302193,3.4400510787963867,-1.604968547821045
242,0,Vocal,16.81505584716797,-16.81505012512207,0.050297994166612625,0.050297994166612625,0.04539015144109726,94.97019958496094,94.97019958496094,95.46098327636719,0.020395958796143532,2.03959584236145,20.397838592529297,-20.3978271484375,0.05915704742074013,0.05915691331028938,0.061352960765361786,94.08428955078125,94.08431243896484,93.86470031738281,0.009042220190167427,0.9042220115661621,4.06671142578125
242,1,Bass,18.034183502197266,-18.034164428710938,0.0667257159948349,0.06672543287277222,0.04571576789021492,93.32742309570312,93.32745361328125,95.42842864990234,0.015481268987059593,1.5481269359588623,10.587963104248047,-10.587963104248047,0.4556480050086975,0.45554813742637634,0.43466877937316895,54.43519973754883,54.44518280029297,56.53312301635742,0.08032283186912537,8.032282829284668,-3.6107189655303955
242,2,Drums,27.217561721801758,-27.217561721801758,0.0003977058222517371,0.0003977058222517371,0.0,99.96023559570312,99.96023559570312,100.0,0.0018941505113616586,0.18941505253314972,18.038856506347656,-18.038835525512695,0.2850155532360077,0.2850112318992615,0.28984853625297546,71.49844360351562,71.4988784790039,71.01514434814453,0.015464871190488338,1.5464870929718018,-6.436740398406982
243,0,Vocal,18.11351776123047,-18.113513946533203,0.06523619592189789,0.06523606926202774,0.06513786315917969,93.47637939453125,93.47639465332031,93.48621368408203,0.01520528644323349,1.5205286741256714,18.33603286743164,-18.33603286743164,0.14109571278095245,0.14109382033348083,0.1311814934015274,85.89042663574219,85.89061737060547,86.88185119628906,0.014456852339208126,1.4456852674484253,1.0825973749160767
243,1,Bass,21.70793342590332,-21.707904815673828,0.08927253633737564,0.08927245438098907,0.08673670142889023,91.07274627685547,91.07275390625,91.32633209228516,0.006703285500407219,0.6703285574913025,14.561258316040039,-14.561260223388672,0.27291643619537354,0.2729153037071228,0.2728131115436554,72.70835876464844,72.7084732055664,72.71868896484375,0.033801838755607605,3.3801839351654053,-5.292707443237305
243,2,Drums,34.5070686340332,-34.506980895996094,0.0027640052139759064,0.0027640049811452627,0.004912162199616432,99.72360229492188,99.72360229492188,99.5087890625,0.0003541241749189794,0.035412415862083435,6.720879077911377,-6.720878601074219,0.6173726916313171,0.6173707246780396,0.576409101486206,38.26272964477539,38.2629280090332,42.35908889770508,0.1754419356584549,17.544193267822266,-22.785852432250977
244,0,Vocal,19.602832794189453,-19.60287094116211,0.033992208540439606,0.03399218991398811,0.035912349820137024,96.60077667236328,96.60078430175781,96.40876770019531,0.010838835500180721,1.08388352394104,26.490787506103516,-26.490795135498047,0.07363265007734299,0.07363259792327881,0.07642117887735367,92.63673400878906,92.6367416381836,92.35787963867188,0.0022384957410395145,0.2238495796918869,7.757236480712891
244,1,Bass,13.661905288696289,-13.66189956665039,0.09702741354703903,0.09702712297439575,0.09985388815402985,90.29725646972656,90.29728698730469,90.01461029052734,0.04125829041004181,4.125829219818115,12.399967193603516,-12.399965286254883,0.26268985867500305,0.26268842816352844,0.2862536907196045,73.73101806640625,73.73116302490234,71.3746337890625,0.05441327020525932,5.441327095031738,1.7032663822174072
244,2,Drums,32.23592758178711,-32.23571014404297,0.004885252099484205,0.004885251168161631,0.005506094545125961,99.511474609375,99.511474609375,99.44938659667969,0.0005972718936391175,0.05972718819975853,13.286913871765137,-13.286913871765137,0.31220877170562744,0.31220656633377075,0.2762606143951416,68.77912139892578,68.77934265136719,72.37393951416016,0.044812314212322235,4.481231212615967,-15.41493034362793
245,0,Vocal,18.55124855041504,-18.55124282836914,0.014394601806998253,0.014394600875675678,0.013697739690542221,98.56053924560547,98.56053924560547,98.6302261352539,0.013767505995929241,1.3767505884170532,24.59607696533203,-24.59600257873535,0.05132615193724632,0.051326144486665726,0.048549871891736984,94.86738586425781,94.86738586425781,95.14501190185547,0.0034585297107696533,0.34585297107696533,6.530060291290283
245,1,Bass,15.790186882019043,-15.790186882019043,0.04748352989554405,0.047483425587415695,0.04178527742624283,95.25164794921875,95.25165557861328,95.82147216796875,0.025685053318738937,2.56850528717041,26.04182243347168,-26.041793823242188,0.05212880298495293,0.052128564566373825,0.05452475696802139,94.78712463378906,94.78714752197266,94.54752349853516,0.0024816198274493217,0.24816198647022247,11.230117797851562
245,2,Drums,29.545616149902344,-29.545398712158203,0.0029573473148047924,0.0029573114588856697,0.004284201189875603,99.70426940917969,99.70426940917969,99.57157897949219,0.0011090913321822882,0.11090913414955139,17.884323120117188,-17.884328842163086,0.2643984258174896,0.2643924653530121,0.24940578639507294,73.5601577758789,73.56075286865234,75.05941772460938,0.01601606421172619,1.6016063690185547,-8.016846656799316
246,0,Vocal,11.889618873596191,-11.889616012573242,0.05476420372724533,0.054764021188020706,0.05618983879685402,94.5235824584961,94.52359771728516,94.38101959228516,0.0607859268784523,6.078592777252197,12.187372207641602,-12.187372207641602,0.19937142729759216,0.19937075674533844,0.18652375042438507,80.06285095214844,80.06292724609375,81.34762573242188,0.05698758363723755,5.698758125305176,1.8413752317428589
246,1,Bass,23.61443519592285,-23.614421844482422,0.07004215568304062,0.0700417086482048,0.07128635793924332,92.99578857421875,92.9958267211914,92.8713607788086,0.00433184253051877,0.43318426609039307,14.207002639770508,-14.20699691772461,0.199581116437912,0.19957853853702545,0.1869804859161377,80.04188537597656,80.04214477539062,81.30194854736328,0.036569591611623764,3.656959056854248,-8.469143867492676
246,2,Drums,22.093908309936523,-22.093887329101562,0.0012459602439776063,0.0012459543067961931,0.000751024519558996,99.87540435791016,99.87540435791016,99.92489624023438,0.006136739626526833,0.613673985004425,12.776789665222168,-12.776792526245117,0.24593903124332428,0.2459389865398407,0.18557755649089813,75.40609741210938,75.40609741210938,81.44224548339844,0.05011766403913498,5.01176643371582,-7.17583703994751
247,0,Vocal,29.57280921936035,-29.57281494140625,0.015163564123213291,0.015163556672632694,0.01614287495613098,98.483642578125,98.483642578125,98.38571166992188,0.0011021395912393928,0.11021395772695541,22.972383499145508,-22.97235870361328,0.05858610197901726,0.05858609080314636,0.06068561598658562,94.14138793945312,94.14138793945312,93.93143463134766,0.005018551368266344,0.5018551349639893,-5.41031551361084
247,1,Bass,22.683452606201172,-22.683393478393555,0.039711326360702515,0.03971131891012192,0.045643314719200134,96.02886199951172,96.02886962890625,95.4356689453125,0.005361924413591623,0.5361924171447754,6.351714134216309,-6.351713180541992,0.6204390525817871,0.6204110383987427,0.6230202913284302,37.956092834472656,37.95889663696289,37.69797134399414,0.18807975947856903,18.80797576904297,-5.040152072906494
247,2,Drums,32.20481491088867,-32.2047004699707,0.002771068597212434,0.002771068597212434,0.0034258407540619373,99.72289276123047,99.72289276123047,99.65741729736328,0.0006015459657646716,0.06015459820628166,23.524322509765625,-23.52429962158203,0.14140018820762634,0.1413997858762741,0.14567506313323975,85.85997772216797,85.86002349853516,85.4324951171875,0.004422270227223635,0.4422270357608795,-7.274165153503418
248,0,Vocal,24.3604679107666,-24.360456466674805,0.009630589745938778,0.009630589745938778,0.010157337412238121,99.03694152832031,99.03694152832031,98.98426818847656,0.0036505928728729486,0.3650592863559723,-0.5196945071220398,0.5196947455406189,0.2376297265291214,0.23762746155261993,0.29178106784820557,76.23703002929688,76.23725891113281,70.82189178466797,0.5298804044723511,52.988040924072266,-21.51153564453125
248,1,Bass,11.394731521606445,-11.394730567932129,0.44344767928123474,0.4434303045272827,0.44843754172325134,55.65522766113281,55.6569709777832,55.15624237060547,0.06762649118900299,6.762649059295654,10.89367389678955,-10.893670082092285,0.20565788447856903,0.20563390851020813,0.2114543318748474,79.43421173095703,79.43661499023438,78.85456848144531,0.07527414709329605,7.527414798736572,6.34604024887085
248,2,Drums,33.84309005737305,-33.842689514160156,0.0017849779687821865,0.0017849777359515429,0.002312410855665803,99.82150268554688,99.82150268554688,99.76876068115234,0.0004126022395212203,0.04126022383570671,14.54556655883789,-14.545563697814941,0.06554215401411057,0.06554178148508072,0.07289738953113556,93.44578552246094,93.44581604003906,92.71026611328125,0.03392008692026138,3.3920087814331055,-19.145097732543945
249,0,Vocal,54.538665771484375,-54.46302032470703,0.005475183948874474,0.005475183948874474,0.005674510262906551,99.45248413085938,99.45248413085938,99.43254852294922,3.5439222756394884e-06,0.0003543922211974859,9.038605690002441,-9.038604736328125,0.2931440472602844,0.2931438982486725,0.3601130545139313,70.68559265136719,70.68561553955078,63.98869705200195,0.1109360009431839,11.093600273132324,-40.545928955078125
249,1,Bass,1.86897611618042,-1.8689762353897095,0.34940817952156067,0.34940817952156067,0.3553209602832794,65.05918884277344,65.05918884277344,64.46791076660156,0.39404332637786865,39.40433120727539,5.335178375244141,-5.335177898406982,0.36921796202659607,0.36921238899230957,0.3818102180957794,63.07820129394531,63.07876205444336,61.8189811706543,0.22644928097724915,22.644927978515625,3.551161289215088
249,2,Drums,44.84342956542969,-44.84031295776367,0.0008631449309177697,0.0008631449309177697,0.0012316707288846374,99.91368865966797,99.91368865966797,99.8768310546875,3.2790783734526485e-05,0.003279078286141157,24.365453720092773,-24.365467071533203,0.009576460346579552,0.009576456621289253,0.0061725168488919735,99.0423583984375,99.0423583984375,99.38274383544922,0.0036464366130530834,0.3646436631679535,-20.390893936157227
250,0,Vocal,24.750720977783203,-24.75088882446289,0.002612739335745573,0.0026127391029149294,0.0025149520952254534,99.73873138427734,99.73873138427734,99.74850463867188,0.0033378377556800842,0.3337837755680084,22.27260971069336,-22.272602081298828,0.05555799975991249,0.055557992309331894,0.04550868645310402,94.44419860839844,94.44420623779297,95.44913482666016,0.005890776868909597,0.5890777111053467,-1.1376304626464844
250,1,Bass,17.856943130493164,-17.856948852539062,0.01214149035513401,0.01214149035513401,0.006075473967939615,98.78585052490234,98.78585052490234,99.39244842529297,0.016115698963403702,1.611569881439209,26.504602432250977,-26.504533767700195,0.0048730638809502125,0.0048730638809502125,0.0,99.5126953125,99.5126953125,100.0,0.0022313992958515882,0.2231399267911911,8.68251895904541
250,2,Drums,22.637054443359375,-22.637073516845703,0.00022518110927194357,0.00022518110927194357,0.0017101174453273416,99.97747802734375,99.97747802734375,99.82898712158203,0.005419192370027304,0.5419192314147949,8.87370777130127,-8.873706817626953,0.3186855614185333,0.3186832368373871,0.24880346655845642,68.1314468383789,68.13167572021484,75.1196517944336,0.11473657190799713,11.473657608032227,-7.324707508087158
251,0,Vocal,46.40378952026367,-46.4040412902832,0.0006758340168744326,0.0006758339004591107,0.0011495242360979319,99.93241119384766,99.93241119384766,99.88504791259766,2.2942012947169133e-05,0.0022942014038562775,11.306424140930176,-11.306421279907227,0.3271501064300537,0.327149897813797,0.35133954882621765,67.28498840332031,67.2850112915039,64.86604309082031,0.06891991198062897,6.891991138458252,-31.475549697875977
251,1,Bass,32.01194381713867,-32.01261520385742,0.004117427859455347,0.004117405042052269,0.0030774001497775316,99.5882568359375,99.5882568359375,99.6922607421875,0.0006287581636570394,0.06287581473588943,18.584640502929688,-18.58463478088379,0.07924284040927887,0.07924283295869827,0.1433098167181015,92.07571411132812,92.07571411132812,85.66901397705078,0.01366348471492529,1.3663485050201416,-12.235909461975098
251,2,Drums,40.81981658935547,-40.817848205566406,0.001981658861041069,0.00198165699839592,0.0020812717266380787,99.80183410644531,99.80183410644531,99.7918701171875,8.281924237962812e-05,0.008281923830509186,39.477500915527344,-39.47770690917969,0.009297607466578484,0.009297589771449566,0.012835993431508541,99.07023620605469,99.07023620605469,98.71640014648438,0.00011278418969595805,0.011278418824076653,-1.2624658346176147
252,0,Vocal,31.067115783691406,-31.06707000732422,0.003113481681793928,0.00311348051764071,0.0033522015437483788,99.68865203857422,99.68865203857422,99.66477966308594,0.0007815841818228364,0.0781584158539772,12.826356887817383,-12.826353073120117,0.20206135511398315,0.20206095278263092,0.21512562036514282,79.79386138916016,79.79390716552734,78.48743438720703,0.04957715794444084,4.95771598815918,-15.716743469238281
252,1,Bass,27.316997528076172,-27.317031860351562,0.013336539268493652,0.013336514122784138,0.013411875814199448,98.66634368896484,98.66634368896484,98.6588134765625,0.0018514132825657725,0.18514132499694824,11.87081527709961,-11.870814323425293,0.14078129827976227,0.14078053832054138,0.23415891826152802,85.921875,85.92194366455078,76.5841064453125,0.061033573001623154,6.103357315063477,-13.334946632385254
252,2,Drums,33.77830123901367,-33.778472900390625,0.0075844768434762955,0.007584475912153721,0.00939759612083435,99.2415542602539,99.2415542602539,99.06023406982422,0.00041878505726344883,0.041878506541252136,26.543846130371094,-26.543867111206055,0.006652910728007555,0.006652909331023693,0.006697383243590593,99.33470916748047,99.33470916748047,99.33026123046875,0.0022113684099167585,0.22113683819770813,-7.1200690269470215
253,0,Vocal,33.688941955566406,-33.68833541870117,0.002919521415606141,0.0029195211827754974,0.0036476976238191128,99.70805358886719,99.70805358886719,99.6352310180664,0.00042751632281579077,0.04275163263082504,21.038206100463867,-21.038206100463867,0.19558440148830414,0.19558440148830414,0.19240903854370117,80.44155883789062,80.44155883789062,80.75909423828125,0.0078122178092598915,0.7812218070030212,-11.253009796142578
253,1,Bass,28.23928451538086,-28.239212036132812,0.02174987643957138,0.02174987643957138,0.01962568610906601,97.82501220703125,97.82501220703125,98.03742980957031,0.0014976912643760443,0.149769127368927,22.99066925048828,-22.99066925048828,0.03161604702472687,0.031616032123565674,0.03569274768233299,96.83839416503906,96.83839416503906,96.43072509765625,0.004997588228434324,0.4997588098049164,-4.654641628265381
253,2,Drums,24.760303497314453,-24.7602481842041,0.005994237493723631,0.005994236562401056,0.002700640819966793,99.40057373046875,99.40057373046875,99.72993469238281,0.0033305927645415068,0.33305928111076355,26.013160705566406,-26.013174057006836,0.010984309948980808,0.010984309017658234,0.011215925216674805,98.90157318115234,98.90157318115234,98.87841033935547,0.002498043468222022,0.24980434775352478,1.571337103843689
254,0,Vocal,54.118045806884766,-54.055572509765625,0.03332488611340523,0.03332488611340523,0.033562492579221725,96.66751098632812,96.66751098632812,96.64375305175781,3.8607681744906586e-06,0.00038607680471614003,25.971492767333984,-25.97141456604004,0.08133131265640259,0.08133130520582199,0.09545787423849106,91.86686706542969,91.86686706542969,90.45421600341797,0.0025221065152436495,0.2522106468677521,-27.0270938873291
254,1,Bass,31.653526306152344,-31.65350914001465,0.03262528404593468,0.03262528404593468,0.03528735786676407,96.73747253417969,96.73747253417969,96.47126007080078,0.0006829222547821701,0.06829222291707993,9.397860527038574,-9.397860527038574,0.13280266523361206,0.13279791176319122,0.13716740906238556,86.71973419189453,86.72020721435547,86.28326416015625,0.10303597152233124,10.303597450256348,-21.4383487701416
254,2,Drums,17.254426956176758,-17.25442123413086,0.004273759201169014,0.004273758735507727,0.004220002796500921,99.57262420654297,99.57262420654297,99.5780029296875,0.018469801172614098,1.846980094909668,22.896831512451172,-22.89685821533203,0.026781119406223297,0.026780961081385612,0.01496198307722807,97.32188415527344,97.32190704345703,98.5038070678711,0.0051061660051345825,0.5106166005134583,5.995188236236572
255,0,Vocal,36.044761657714844,-36.04462814331055,0.001814452582038939,0.001814452582038939,0.00045584762119688094,99.81855773925781,99.81855773925781,99.95441436767578,0.0002485816949047148,0.02485816925764084,6.616512298583984,-6.616513729095459,0.38790032267570496,0.3878993093967438,0.22216881811618805,61.209964752197266,61.2100715637207,77.78311920166016,0.17894546687602997,17.894546508789062,-24.03383445739746
255,1,Bass,19.83831787109375,-19.83832359313965,0.017927663400769234,0.017927540466189384,0.013769487850368023,98.20723724365234,98.20724487304688,98.623046875,0.010272664949297905,1.027266502380371,16.26142692565918,-16.261423110961914,0.09354808181524277,0.09354612976312637,0.13496921956539154,90.64519500732422,90.6453857421875,86.5030746459961,0.023105012252926826,2.3105013370513916,-1.4492348432540894
255,2,Drums,23.48464012145996,-23.48465347290039,0.003185748355463147,0.003185748355463147,0.0,99.68142700195312,99.68142700195312,100.0,0.004462677054107189,0.446267694234848,25.80621910095215,-25.806123733520508,0.0022154832258820534,0.0022154832258820534,0.0,99.77845001220703,99.77845001220703,100.0,0.002619629492983222,0.2619629502296448,2.3639004230499268
256,0,Vocal,27.530437469482422,-27.5302677154541,0.0014955982333049178,0.0014955982333049178,0.003474950324743986,99.8504409790039,99.8504409790039,99.65250396728516,0.0017627808265388012,0.17627808451652527,18.19350814819336,-18.19354248046875,0.16298778355121613,0.16298776865005493,0.14539220929145813,83.70122528076172,83.70122528076172,85.46078491210938,0.014931853860616684,1.4931854009628296,-7.611701488494873
256,1,Bass,20.701862335205078,-20.701854705810547,0.012993085198104382,0.012993085198104382,0.017885373905301094,98.70069122314453,98.70069122314453,98.21146392822266,0.008436004631221294,0.8436004519462585,7.428700923919678,-7.4287004470825195,0.39875662326812744,0.39875298738479614,0.38978543877601624,60.12433624267578,60.12470245361328,61.02145767211914,0.15309609472751617,15.309609413146973,-10.463288307189941
256,2,Drums,24.84168815612793,-24.841678619384766,0.00011160485883010551,0.00011160482245031744,0.00045280143967829645,99.98884582519531,99.98884582519531,99.95471954345703,0.003268931992352009,0.3268932104110718,16.32250213623047,-16.322498321533203,0.25499412417411804,0.25498685240745544,0.24333253502845764,74.5005874633789,74.50131225585938,75.666748046875,0.02278965711593628,2.278965711593628,-7.033022880554199
257,0,Vocal,31.277996063232422,-31.277584075927734,0.000826339004561305,0.0008263385971076787,0.0015091300010681152,99.91736602783203,99.91736602783203,99.84909057617188,0.0007445428636856377,0.07445428520441055,11.643065452575684,-11.643065452575684,0.3373214900493622,0.3373195230960846,0.3410552442073822,66.2678451538086,66.26805114746094,65.89447021484375,0.06410899758338928,6.410899639129639,-16.54339027404785
257,1,Bass,27.655946731567383,-27.65618324279785,0.009129824116826057,0.009129801765084267,0.011907397769391537,99.08702087402344,99.08702087402344,98.80925750732422,0.001712554250843823,0.171255424618721,10.177301406860352,-10.177298545837402,0.4133818745613098,0.413380891084671,0.44860145449638367,58.66181182861328,58.66191482543945,55.13985061645508,0.0875910297036171,8.759102821350098,-7.81400728225708
257,2,Drums,30.893932342529297,-30.89397430419922,0.004175679292529821,0.004175662528723478,0.007474088110029697,99.58243560791016,99.58243560791016,99.25259399414062,0.0008132914081215858,0.08132913708686829,23.040142059326172,-23.040143966674805,0.0572909340262413,0.05729086697101593,0.05222262069582939,94.27091217041016,94.27091217041016,94.77774047851562,0.004941203165799379,0.494120329618454,-7.129263401031494
258,0,Vocal,30.481245040893555,-30.481246948242188,0.0003304955898784101,0.0003304948622826487,0.00036344712134450674,99.96694946289062,99.96694946289062,99.96365356445312,0.00089432013919577,0.0894320160150528,24.163833618164062,-24.163860321044922,0.07359711825847626,0.07359667122364044,0.07473599165678024,92.64028930664062,92.64033508300781,92.52639770507812,0.0038190213963389397,0.38190212845802307,-5.670740127563477
258,1,Bass,20.753753662109375,-20.75371742248535,0.005942783784121275,0.005942781921476126,0.0035783553030341864,99.40572357177734,99.40572357177734,99.64216613769531,0.008336616680026054,0.833661675453186,4.5393500328063965,-4.539350509643555,0.21218200027942657,0.2121742069721222,0.2713209390640259,78.78179931640625,78.78258514404297,72.86790466308594,0.2601432800292969,26.014328002929688,-15.237061500549316
258,2,Drums,20.10485076904297,-20.104848861694336,0.016000822186470032,0.016000717878341675,0.016999926418066025,98.39991760253906,98.3999252319336,98.30001068115234,0.009667140431702137,0.9667140245437622,15.376959800720215,-15.376958847045898,0.16449646651744843,0.16449186205863953,0.14789000153541565,83.55035400390625,83.55081176757812,85.21100616455078,0.02817680686712265,2.817680597305298,-2.2072274684906006
259,0,Vocal,33.99575424194336,-33.99724578857422,0.0014425922418013215,0.0014425922418013215,0.0015447406331077218,99.8557357788086,99.8557357788086,99.84552764892578,0.0003982738417107612,0.0398273840546608,22.360746383666992,-22.360727310180664,0.10075630992650986,0.10075602680444717,0.10202214866876602,89.92436981201172,89.92439270019531,89.79778289794922,0.005773161072283983,0.5773161053657532,-10.761429786682129
259,1,Bass,22.721721649169922,-22.721662521362305,0.011770178563892841,0.011770102195441723,0.012516281567513943,98.82298278808594,98.82299041748047,98.74837493896484,0.005315112881362438,0.5315113067626953,16.216201782226562,-16.21619987487793,0.4312759339809418,0.43126994371414185,0.42185062170028687,56.87240219116211,56.87300491333008,57.814937591552734,0.02334117330610752,2.3341174125671387,1.8961948156356812
259,2,Drums,28.612632751464844,-28.61260414123535,0.005228128284215927,0.005228122696280479,0.006884600501507521,99.47718811035156,99.47718811035156,99.31153869628906,0.0013744833413511515,0.13744834065437317,9.877264976501465,-9.877264022827148,0.26010459661483765,0.2601025402545929,0.2436656951904297,73.98954010009766,73.98974609375,75.63343048095703,0.09327184408903122,9.327184677124023,-17.357200622558594
260,0,Vocal,31.191524505615234,-31.191633224487305,0.0023969062604010105,0.0023969055619090796,0.003594405483454466,99.76031494140625,99.76031494140625,99.64056396484375,0.0007595086353830993,0.07595086097717285,17.322072982788086,-17.322099685668945,0.17014865577220917,0.1701485961675644,0.15770040452480316,82.9851303100586,82.98513793945312,84.2299575805664,0.01818942278623581,1.8189423084259033,-12.04185676574707
260,1,Bass,20.66629409790039,-20.666284561157227,0.012868599966168404,0.012868591584265232,0.01967262476682663,98.71314239501953,98.71314239501953,98.0327377319336,0.008504791185259819,0.8504791259765625,13.166236877441406,-13.16624641418457,0.2654041051864624,0.2654038965702057,0.25283604860305786,73.45958709716797,73.45960998535156,74.71639251708984,0.04601680114865303,4.601680278778076,-4.847497940063477
260,2,Drums,24.853782653808594,-24.853778839111328,0.00011935724614886567,0.00011935724614886567,0.0004846264491789043,99.98806762695312,99.98806762695312,99.9515380859375,0.0032599028199911118,0.3259902894496918,13.446150779724121,-13.446149826049805,0.2506554424762726,0.25065505504608154,0.23954229056835175,74.93445587158203,74.93449401855469,76.04576873779297,0.043268799781799316,4.326879978179932,-9.504302978515625
261,0,Vocal,24.208765029907227,-24.208744049072266,0.0007501431973651052,0.0007501427899114788,0.0015439579728990793,99.92498779296875,99.92498779296875,99.8456039428711,0.003779907478019595,0.3779907524585724,6.841881275177002,-6.84188175201416,0.4695729911327362,0.4695701003074646,0.4667067527770996,53.04269790649414,53.042991638183594,53.329322814941406,0.17144775390625,17.144775390625,-7.3678693771362305
261,1,Bass,21.789274215698242,-21.789339065551758,0.01055685430765152,0.010556853376328945,0.010718680918216705,98.9443130493164,98.9443130493164,98.92813110351562,0.0065796817652881145,0.6579681634902954,-4.837944984436035,4.837944984436035,0.5164100527763367,0.5163947939872742,0.582984209060669,48.35899353027344,48.36051940917969,41.70158004760742,0.7528699636459351,75.28699493408203,-1.5475019216537476
261,2,Drums,22.53963851928711,-22.53962516784668,0.0021171148400753736,0.0021171148400753736,0.004281495697796345,99.78829193115234,99.78829193115234,99.57184600830078,0.005541450809687376,0.554145097732544,19.860881805419922,-19.860857009887695,0.02385782077908516,0.023857807740569115,0.024875538423657417,97.61421966552734,97.61421966552734,97.512451171875,0.010220019146800041,1.02200186252594,-2.4477860927581787
262,0,Vocal,34.81930160522461,-34.81951141357422,0.00020168792980257422,0.00020168792980257422,0.0,99.97982788085938,99.97982788085938,100.0,0.00032958260271698236,0.0329582616686821,-1.299850344657898,1.2998499870300293,0.4271000325679779,0.42709842324256897,0.3904159963130951,57.28999328613281,57.2901611328125,60.958396911621094,0.5742717385292053,57.42717361450195,-31.46815299987793
262,1,Bass,23.810327529907227,-23.810272216796875,0.0008494138601236045,0.0008494115900248289,0.0053976913914084435,99.91505432128906,99.91505432128906,99.46023559570312,0.004141576588153839,0.4141576588153839,15.184673309326172,-15.184659004211426,0.10451916605234146,0.10451768338680267,0.1225375086069107,89.54808044433594,89.54823303222656,87.74625396728516,0.02941487729549408,2.9414877891540527,-8.568649291992188
262,2,Drums,26.048519134521484,-26.048503875732422,0.0078103248961269855,0.0078103248961269855,0.016762349754571915,99.21896362304688,99.21896362304688,98.32376098632812,0.002477854723110795,0.24778547883033752,14.593358039855957,-14.593358039855957,0.08736281841993332,0.08736272156238556,0.04662681743502617,91.26371765136719,91.26373291015625,95.33731842041016,0.03356129676103592,3.3561296463012695,-10.821820259094238
263,0,Vocal,30.707801818847656,-30.707523345947266,0.0037288975436240435,0.003728896379470825,0.0047779325395822525,99.62710571289062,99.62711334228516,99.52220916748047,0.0008488805033266544,0.0848880484700203,17.780057907104492,-17.780044555664062,0.16108068823814392,0.16108061373233795,0.15108361840248108,83.89192962646484,83.89193725585938,84.89163970947266,0.016398858278989792,1.6398857831954956,-11.456644058227539
263,1,Bass,21.192319869995117,-21.192325592041016,0.010824060998857021,0.010824060998857021,0.012066369876265526,98.91759490966797,98.91759490966797,98.79336547851562,0.007541895378381014,0.7541895508766174,20.377376556396484,-20.377376556396484,0.13563144207000732,0.13563144207000732,0.14336854219436646,86.43685913085938,86.43685913085938,85.66314697265625,0.009084452874958515,0.9084452986717224,0.5256370306015015
263,2,Drums,38.519309997558594,-38.51995849609375,0.0019002188928425312,0.0019002178451046348,0.0017451817402616143,99.80998229980469,99.80998229980469,99.82548522949219,0.00014062196714803576,0.01406219694763422,24.63614273071289,-24.636150360107422,0.07458363473415375,0.07458361238241196,0.0723932757973671,92.54163360595703,92.54164123535156,92.76067352294922,0.0034268756862729788,0.34268757700920105,-12.87072467803955
264,0,Vocal,24.381513595581055,-24.381505966186523,0.0022785940673202276,0.002278593135997653,0.0022252839989960194,99.77214050292969,99.77214050292969,99.77747344970703,0.0036330372095108032,0.3633037209510803,15.908942222595215,-15.908945083618164,0.16296041011810303,0.162960022687912,0.16026832163333893,83.7039566040039,83.70399475097656,83.9731674194336,0.025009574368596077,2.500957489013672,-6.4257493019104
264,1,Bass,24.184839248657227,-24.18480682373047,0.0030711833387613297,0.0030711640138179064,0.002916220808401704,99.69287872314453,99.69287872314453,99.70838165283203,0.003800675505772233,0.3800675570964813,5.966127395629883,-5.966128349304199,0.4797370433807373,0.4797344505786896,0.4527956545352936,52.02629470825195,52.02655792236328,54.720436096191406,0.20201440155506134,20.201440811157227,-11.747369766235352
264,2,Drums,31.38258171081543,-31.3825626373291,0.0007169907330535352,0.0007169906748458743,0.0,99.92829895019531,99.92829895019531,100.0,0.000726824626326561,0.0726824626326561,10.599943161010742,-10.599943161010742,0.29302820563316345,0.29302820563316345,0.28641125559806824,70.69717407226562,70.69717407226562,71.35887145996094,0.08011928200721741,8.01192855834961,-18.184720993041992
265,0,Vocal,28.931224822998047,-28.93128204345703,0.01100474689155817,0.01100474689155817,0.011322423815727234,98.89952850341797,98.89952850341797,98.86775970458984,0.0012774077476933599,0.1277407705783844,30.326148986816406,-30.326250076293945,0.008583825081586838,0.008583816699683666,0.011701270006597042,99.14161682128906,99.14161682128906,98.82987213134766,0.0009268090943805873,0.0926809087395668,1.4369953870773315
265,1,Bass,29.239990234375,-29.23990249633789,0.006558732595294714,0.006558683700859547,0.00995405949652195,99.34413146972656,99.34413146972656,99.00459289550781,0.0011898258235305548,0.11898258328437805,3.0841212272644043,-3.0841217041015625,0.5797529816627502,0.5797417759895325,0.6267628073692322,42.02470016479492,42.025821685791016,37.3237190246582,0.3295667767524719,32.9566764831543,-18.010377883911133
265,2,Drums,36.37919998168945,-36.3797492980957,0.0005041729309596121,0.0005041725817136467,0.0014584970194846392,99.94957733154297,99.94957733154297,99.8541488647461,0.0002301222993992269,0.023012230172753334,13.432682991027832,-13.4326753616333,0.315185010433197,0.31516286730766296,0.3155428171157837,68.48149871826172,68.48371124267578,68.44571685791016,0.043397389352321625,4.339738845825195,-20.021848678588867
266,0,Vocal,23.690595626831055,-23.69061279296875,0.0014146271860226989,0.0014146269531920552,0.0016608559526503086,99.85853576660156,99.85853576660156,99.83390808105469,0.004256842657923698,0.42568427324295044,30.000638961791992,-30.000524520874023,0.004036545753479004,0.004036537371575832,0.005439765751361847,99.59634399414062,99.59634399414062,99.45602416992188,0.000998889678157866,0.09988896548748016,6.3258795738220215
266,1,Bass,27.66594886779785,-27.665912628173828,0.002478277077898383,0.0024782572872936726,0.003381820162758231,99.75216674804688,99.7521743774414,99.66181182861328,0.0017087258165702224,0.17087258398532867,4.787535190582275,-4.787535190582275,0.5677991509437561,0.5677986145019531,0.5446293354034424,43.22008514404297,43.22013854980469,45.53706741333008,0.24929597973823547,24.929597854614258,-10.403959274291992
266,2,Drums,28.136980056762695,-28.13704490661621,0.000257840845733881,0.000257840845733881,0.0036365382838994265,99.97421264648438,99.97421264648438,99.63634490966797,0.0015333011979237199,0.15333011746406555,10.860008239746094,-10.860006332397461,0.23855575919151306,0.23855452239513397,0.23277725279331207,76.14442443847656,76.14454650878906,76.72227478027344,0.07581548392772675,7.58154821395874,-14.701730728149414
267,0,Vocal,27.746204376220703,-27.7462215423584,0.004914965480566025,0.00491495942696929,0.005569180473685265,99.50850677490234,99.50850677490234,99.44308471679688,0.0016774852992966771,0.16774852573871613,26.69034767150879,-26.690170288085938,0.05410057678818703,0.054100532084703445,0.05208214372396469,94.5899429321289,94.58995056152344,94.79178619384766,0.002138162963092327,0.213816300034523,-0.6020820736885071
267,1,Bass,24.06101417541504,-24.061031341552734,0.0036972351372241974,0.0036972344387322664,0.0027842188719660044,99.63027954101562,99.63027954101562,99.7215805053711,0.003910209983587265,0.3910210132598877,11.183514595031738,-11.183514595031738,0.3888234794139862,0.3888232409954071,0.38068172335624695,61.11764907836914,61.117671966552734,61.93182373046875,0.07075833529233932,7.075833320617676,-7.540175914764404
267,2,Drums,34.64374923706055,-34.64376449584961,0.002081786748021841,0.0020817862823605537,0.0017449172446504235,99.79181671142578,99.79181671142578,99.82550811767578,0.0003431687073316425,0.03431687131524086,10.502324104309082,-10.502323150634766,0.3618168532848358,0.36181390285491943,0.3508976697921753,63.81831359863281,63.81861114501953,64.91023254394531,0.08179166167974472,8.179165840148926,-21.5455265045166
268,0,Vocal,30.668609619140625,-30.668411254882812,0.004555923864245415,0.004555923398584127,0.004998365417122841,99.54440307617188,99.54440307617188,99.50016021728516,0.0008565878961235285,0.08565878868103027,29.733997344970703,-29.733905792236328,0.04021512717008591,0.04021512717008591,0.039096444845199585,95.97848510742188,95.97848510742188,96.0903549194336,0.0010620761895552278,0.10620761662721634,-0.6702947616577148
268,1,Bass,30.534879684448242,-30.534832000732422,0.00602069403976202,0.006020691245794296,0.00694760587066412,99.39793395996094,99.39793395996094,99.30524444580078,0.0008833874017000198,0.08833874017000198,9.75700569152832,-9.75700569152832,0.40530651807785034,0.40530067682266235,0.4378177523612976,59.4693489074707,59.469932556152344,56.218223571777344,0.09564023464918137,9.5640230178833,-15.640301704406738
268,2,Drums,40.05879211425781,-40.05899429321289,0.002135529415681958,0.0021355291828513145,0.0030201843474060297,99.78644561767578,99.78644561767578,99.69798278808594,9.861652506515384e-05,0.009861652739346027,21.328981399536133,-21.32897186279297,0.19008569419384003,0.1900855302810669,0.18678537011146545,80.9914321899414,80.99144744873047,81.32146453857422,0.007310005836188793,0.7310006022453308,-16.359716415405273
269,0,Vocal,6.198409080505371,-6.198408603668213,0.28024280071258545,0.2802419066429138,0.29344746470451355,71.97572326660156,71.9758071899414,70.6552505493164,0.19352968037128448,19.352968215942383,20.06471824645996,-20.06470489501953,0.09517452120780945,0.09517426788806915,0.10936510562896729,90.4825439453125,90.48257446289062,89.06349182128906,0.009755981154739857,0.9755980968475342,14.211299896240234
269,1,Bass,33.52662658691406,-33.52780532836914,0.006798921152949333,0.0067989155650138855,0.008092821575701237,99.32010650634766,99.32010650634766,99.19071960449219,0.000443699216702953,0.04436992108821869,13.988337516784668,-13.988333702087402,0.257670134305954,0.25766831636428833,0.25472691655158997,74.23298645019531,74.23316955566406,74.52731323242188,0.038385502994060516,3.838550329208374,-16.98838996887207
269,2,Drums,42.632755279541016,-42.63420104980469,0.0003854837850667536,0.0003854837850667536,0.0006529265083372593,99.96145629882812,99.96145629882812,99.93470764160156,5.4542910220334306e-05,0.005454291123896837,18.62293243408203,-18.622936248779297,0.21540872752666473,0.21540844440460205,0.22038257122039795,78.4591293334961,78.45915222167969,77.96174621582031,0.013545149937272072,1.3545149564743042,-21.902393341064453
270,0,Vocal,19.929481506347656,-19.92949104309082,0.003052696119993925,0.0030526937916874886,0.002742740325629711,99.69473266601562,99.69473266601562,99.72572326660156,0.010061460547149181,1.0061460733413696,24.947511672973633,-24.947429656982422,0.041234198957681656,0.04123416915535927,0.03750835359096527,95.87657928466797,95.87657928466797,96.24916076660156,0.003190556773915887,0.3190556764602661,5.48301887512207
270,1,Bass,21.0208740234375,-21.020824432373047,0.00758624542504549,0.00758624542504549,0.02245432697236538,99.24137878417969,99.24137878417969,97.75457000732422,0.007843244820833206,0.7843244671821594,14.110742568969727,-14.11074447631836,0.2633337676525116,0.26333335041999817,0.2748557925224304,73.66661834716797,73.66667175292969,72.51441955566406,0.03735858201980591,3.735858201980591,-3.39062762260437
270,2,Drums,31.899717330932617,-31.8996639251709,0.0010878911707550287,0.0010878911707550287,0.0028188726864755154,99.8912124633789,99.8912124633789,99.71810913085938,0.0006452664965763688,0.06452664732933044,12.189135551452637,-12.189132690429688,0.25741147994995117,0.2574094533920288,0.2539893686771393,74.25885009765625,74.2590560913086,74.60106658935547,0.05696577951312065,5.696578025817871,-17.97896385192871
271,0,Vocal,27.242279052734375,-27.24230194091797,0.007751961704343557,0.007751956582069397,0.00598484231159091,99.22480773925781,99.22480773925781,99.4015121459961,0.0018834428628906608,0.18834428489208221,23.194942474365234,-23.194927215576172,0.09586015343666077,0.09585975110530853,0.09578343480825424,90.41398620605469,90.41402435302734,90.42166137695312,0.0047690607607364655,0.47690606117248535,-3.0329113006591797
271,1,Bass,24.588645935058594,-24.588558197021484,0.006659449078142643,0.0066594406962394714,0.009022788144648075,99.33405303955078,99.33405303955078,99.09772491455078,0.003464427310973406,0.34644272923469543,19.47437858581543,-19.47441864013672,0.2296295166015625,0.229620099067688,0.2522744834423065,77.03704833984375,77.0379867553711,74.77255249023438,0.011160575784742832,1.1160576343536377,-2.9916045665740967
271,2,Drums,37.285396575927734,-37.28602600097656,0.0014826399274170399,0.0014826399274170399,0.0028994493186473846,99.85173034667969,99.85173034667969,99.71005249023438,0.00018682681547943503,0.018682681024074554,19.654876708984375,-19.65485954284668,0.1520928144454956,0.15209123492240906,0.13779588043689728,84.79071807861328,84.7908706665039,86.22041320800781,0.010711141861975193,1.071114182472229,-14.79996395111084
272,0,Vocal,25.748348236083984,-25.748327255249023,0.12681521475315094,0.12681519985198975,0.12740907073020935,87.3184814453125,87.3184814453125,87.25908660888672,0.002654691692441702,0.26546916365623474,15.874590873718262,-15.874588012695312,0.31155383586883545,0.3115537464618683,0.3188551664352417,68.84461975097656,68.8446273803711,68.11448669433594,0.025203151628375053,2.520315170288086,-8.495621681213379
272,1,Bass,10.247037887573242,-10.247039794921875,0.32300910353660583,0.32300910353660583,0.32279300689697266,67.69908905029297,67.69908905029297,67.720703125,0.08631614595651627,8.631614685058594,15.573820114135742,-15.573821067810059,0.5817776322364807,0.5817724466323853,0.5866120457649231,41.822235107421875,41.82275390625,41.33879470825195,0.026961741968989372,2.696174144744873,12.950772285461426
272,2,Drums,36.120418548583984,-36.12059020996094,0.001588301151059568,0.0015883005689829588,0.002484111348167062,99.84117126464844,99.84117126464844,99.75159454345703,0.0002442750846967101,0.0244275089353323,33.348812103271484,-33.34899139404297,0.0235408004373312,0.023540791124105453,0.023921776562929153,97.64591979980469,97.64591979980469,97.60781860351562,0.0004622715641744435,0.04622715711593628,-2.4128777980804443
273,0,Vocal,14.569548606872559,-14.569548606872559,0.16777679324150085,0.1677766740322113,0.16177894175052643,83.22232055664062,83.22232818603516,83.82210540771484,0.03373953327536583,3.373953342437744,19.207002639770508,-19.207006454467773,0.09873420745134354,0.09873326867818832,0.09709670394659042,90.12657928466797,90.12667846679688,90.29032897949219,0.01186088565737009,1.1860885620117188,5.700490951538086
273,1,Bass,9.957181930541992,-9.957181930541992,0.41219958662986755,0.4121994078159332,0.4108300507068634,58.78003692626953,58.78006362915039,58.91699981689453,0.09172716736793518,9.172717094421387,24.212064743041992,-24.21207046508789,0.20284640789031982,0.20284202694892883,0.19867879152297974,79.71536254882812,79.7157974243164,80.13211822509766,0.003777004312723875,0.37770041823387146,17.021968841552734
273,2,Drums,38.914188385009766,-38.91458511352539,0.0007562278769910336,0.000756227585952729,0.0011266283690929413,99.92437744140625,99.92437744140625,99.88733673095703,0.0001283762394450605,0.012837624177336693,11.354438781738281,-11.354436874389648,0.252446711063385,0.252446711063385,0.1329430490732193,74.75532531738281,74.75532531738281,86.70569610595703,0.06821383535861969,6.821383476257324,-23.97793197631836
274,0,Vocal,14.8704833984375,-14.870481491088867,0.1465350091457367,0.1465350091457367,0.14593471586704254,85.34649658203125,85.34649658203125,85.40653228759766,0.03155209496617317,3.155209541320801,11.735776901245117,-11.735774993896484,0.3368877172470093,0.33688727021217346,0.33424368500709534,66.31122589111328,66.311279296875,66.57563781738281,0.06283999979496002,6.283999919891357,-0.9468328952789307
274,1,Bass,5.111151218414307,-5.111150741577148,0.4101370871067047,0.4101370871067047,0.4072590172290802,58.98629379272461,58.98629379272461,59.27410125732422,0.23561261594295502,23.561262130737305,14.881994247436523,-14.881993293762207,0.5224300622940063,0.522385835647583,0.5304203033447266,47.75699234008789,47.761417388916016,46.957969665527344,0.031471237540245056,3.1471238136291504,16.0861759185791
274,2,Drums,42.743324279785156,-42.74337387084961,0.001115664024837315,0.001115664024837315,0.0015307302819564939,99.88843536376953,99.88843536376953,99.84693145751953,5.315427915775217e-05,0.0053154281340539455,20.897212982177734,-20.897216796875,0.04934335872530937,0.049343008548021317,0.0502951443195343,95.06566619873047,95.06570434570312,94.97048950195312,0.008067920804023743,0.8067920804023743,-21.31345558166504
275,0,Vocal,17.6075382232666,-17.6075439453125,0.08952908217906952,0.08952873945236206,0.08927261084318161,91.04708862304688,91.04712677001953,91.07273864746094,0.017052022740244865,1.7052022218704224,24.508041381835938,-24.508068084716797,0.09050784260034561,0.09050674736499786,0.09045223891735077,90.94921112060547,90.94932556152344,90.95477294921875,0.0035290818195790052,0.352908194065094,7.602850437164307
275,1,Bass,4.874691009521484,-4.874689102172852,0.41762128472328186,0.41761940717697144,0.4148220717906952,58.23787307739258,58.238059997558594,58.517791748046875,0.2455592006444931,24.555919647216797,11.555590629577637,-11.555587768554688,0.3707185387611389,0.3707098364830017,0.374581903219223,62.92814636230469,62.92901611328125,62.541805267333984,0.06532813608646393,6.532813549041748,11.73184585571289
275,2,Drums,38.277591705322266,-38.277565002441406,0.0018510814988985658,0.0018510814988985658,0.0018315179040655494,99.81489562988281,99.81489562988281,99.81684875488281,0.00014867632125969976,0.01486763171851635,24.052715301513672,-24.052661895751953,0.04125048220157623,0.04125034436583519,0.0346960611641407,95.87495422363281,95.87496185302734,96.5303955078125,0.003917645663022995,0.3917645812034607,-13.904960632324219
276,0,Vocal,17.617990493774414,-17.617977142333984,0.09039369225502014,0.09039368480443954,0.0928141325712204,90.96063232421875,90.96063232421875,90.71858215332031,0.01701180823147297,1.7011808156967163,19.9453125,-19.94530487060547,0.07074599713087082,0.07074546068906784,0.07077408581972122,92.92539978027344,92.92545318603516,92.92259216308594,0.010025190189480782,1.0025190114974976,2.8653695583343506
276,1,Bass,5.683133125305176,-5.683135509490967,0.5522549748420715,0.5522536635398865,0.5739126205444336,44.77450180053711,44.774635314941406,42.60873794555664,0.21272292733192444,21.272293090820312,13.487981796264648,-13.487981796264648,0.1973332315683365,0.19733135402202606,0.15763215720653534,80.26667785644531,80.26686096191406,84.23678588867188,0.04287184402346611,4.287184238433838,9.907889366149902
276,2,Drums,36.123600006103516,-36.12303161621094,0.002348626498132944,0.002348626498132944,0.00026040099328383803,99.76513671875,99.76513671875,99.97396087646484,0.00024406785087194294,0.024406785145401955,21.539100646972656,-21.5390625,0.055628497153520584,0.0556282103061676,0.019489729776978493,94.43714904785156,94.43717956542969,98.05103302001953,0.006967139896005392,0.6967139840126038,-13.851829528808594
277,0,Vocal,26.120004653930664,-26.11992645263672,0.0845799446105957,0.08457958698272705,0.08771710097789764,91.54200744628906,91.54203796386719,91.22828674316406,0.002437480026856065,0.2437480092048645,18.750289916992188,-18.750289916992188,0.26131609082221985,0.26131293177604675,0.25893521308898926,73.86839294433594,73.86870574951172,74.10647583007812,0.013158906251192093,1.3158906698226929,-4.354027271270752
277,1,Bass,7.731886386871338,-7.731884956359863,0.3478076756000519,0.34778982400894165,0.3528999388217926,65.21923828125,65.22101593017578,64.71000671386719,0.14426209032535553,14.426209449768066,11.697477340698242,-11.697478294372559,0.3405090570449829,0.3404924273490906,0.3270412087440491,65.9490966796875,65.95075988769531,67.2958755493164,0.06336138397455215,6.3361382484436035,10.848121643066406
277,2,Drums,36.40289306640625,-36.402679443359375,0.003781957784667611,0.003781957319006324,0.004359990358352661,99.6218032836914,99.6218032836914,99.56400299072266,0.00022891235130373389,0.02289123460650444,31.76805877685547,-31.7679386138916,0.03421944007277489,0.034219276160001755,0.03526274114847183,96.57805633544922,96.57807159423828,96.47372436523438,0.0006651668227277696,0.0665166825056076,-4.295853614807129
278,0,Vocal,12.527624130249023,-12.527633666992188,0.06411361694335938,0.06411361694335938,0.062070053070783615,93.58863830566406,93.58863830566406,93.7929916381836,0.05292043462395668,5.292043685913086,13.31296443939209,-13.312967300415039,0.15261495113372803,0.15261492133140564,0.14772093296051025,84.7385025024414,84.7385025024414,85.2279052734375,0.044556282460689545,4.455628395080566,1.2456908226013184
278,1,Bass,7.108797550201416,-7.108797550201416,0.4719463288784027,0.47194522619247437,0.4823005497455597,52.805362701416016,52.805477142333984,51.76994705200195,0.1628926545381546,16.289264678955078,18.06585121154785,-18.065853118896484,0.1649525761604309,0.16494454443454742,0.17641404271125793,83.50474548339844,83.50554656982422,82.35859680175781,0.015370510518550873,1.5370510816574097,11.782493591308594
278,2,Drums,28.837881088256836,-28.83782386779785,0.0002004807465709746,0.0002004807465709746,0.0005578863201662898,99.97994995117188,99.97994995117188,99.9442138671875,0.0013050974812358618,0.13050974905490875,18.248504638671875,-18.248506546020508,0.3708186447620392,0.37081822752952576,0.35705623030662537,62.91813659667969,62.918174743652344,64.29437255859375,0.01474678423255682,1.47467839717865,-4.3763041496276855
279,0,Vocal,28.725540161132812,-28.72549057006836,0.08052810281515121,0.08052803575992584,0.08187254518270493,91.94718933105469,91.94719696044922,91.812744140625,0.0013392780674621463,0.13392780721187592,15.321100234985352,-15.3211030960083,0.11528900265693665,0.11528261005878448,0.10821978002786636,88.47109985351562,88.47174072265625,89.17801666259766,0.028531191870570183,2.853119134902954,-13.152201652526855
279,1,Bass,5.991419792175293,-5.991419792175293,0.3896924555301666,0.3896903693675995,0.41376036405563354,61.030757904052734,61.03096008300781,58.62396240234375,0.20107722282409668,20.107723236083984,2.977640151977539,-2.977639675140381,0.4944206774234772,0.49414849281311035,0.5464476943016052,50.55793380737305,50.58515167236328,45.35523223876953,0.33500659465789795,33.50065994262695,-2.777243137359619
279,2,Drums,42.59965515136719,-42.59724426269531,0.0017010231968015432,0.001701022614724934,0.0019469565013423562,99.82990264892578,99.82990264892578,99.8052978515625,5.496832091012038e-05,0.005496832076460123,25.203264236450195,-25.203283309936523,0.094491146504879,0.09448977559804916,0.09815025329589844,90.55088806152344,90.551025390625,90.18497467041016,0.003008587285876274,0.300858736038208,-16.63039207458496
280,0,Vocal,23.95977783203125,-23.959781646728516,0.029382528737187386,0.029382504522800446,0.030027631670236588,97.0617446899414,97.0617446899414,96.99723815917969,0.004002053290605545,0.4002053141593933,32.53155517578125,-32.53118896484375,0.009030714631080627,0.009030712768435478,0.01030957791954279,99.09693145751953,99.09693145751953,98.96903991699219,0.0005579679855145514,0.055796798318624496,8.605339050292969
280,1,Bass,28.080703735351562,-28.08067512512207,0.05773361027240753,0.05773293226957321,0.055093150585889816,94.22663879394531,94.2267074584961,94.49068450927734,0.0015532764373347163,0.15532764792442322,11.335699081420898,-11.33569622039795,0.7522730231285095,0.7522726655006409,0.7478424906730652,24.77269744873047,24.772733688354492,25.21575164794922,0.06848860532045364,6.848860740661621,-0.38035088777542114
280,2,Drums,20.889005661010742,-20.889007568359375,0.0034228579606860876,0.0034228574950248003,0.004525244701653719,99.65771484375,99.65771484375,99.54747772216797,0.008083063177764416,0.8083063364028931,17.011028289794922,-17.011024475097656,0.15520474314689636,0.15519839525222778,0.16500471532344818,84.47952270507812,84.48016357421875,83.49952697753906,0.019513675943017006,1.9513676166534424,-2.5712993144989014
281,0,Vocal,26.28147315979004,-26.281463623046875,0.016213413327932358,0.016213374212384224,0.018463358283042908,98.378662109375,98.378662109375,98.1536636352539,0.002348722890019417,0.23487228155136108,21.329692840576172,-21.329708099365234,0.18102248013019562,0.18102240562438965,0.1836995780467987,81.89775085449219,81.89775848388672,81.63003540039062,0.007308768108487129,0.7308768033981323,-1.1420609951019287
281,1,Bass,33.777061462402344,-33.77656173706055,0.07211875915527344,0.07211840897798538,0.0699424147605896,92.78812408447266,92.78816223144531,93.0057601928711,0.00041889521526172757,0.04188952222466469,38.81057357788086,-38.80957794189453,0.013182501308619976,0.013182498514652252,0.011407352983951569,98.68174743652344,98.68174743652344,98.85926055908203,0.00013151088205631822,0.013151087798178196,5.0693464279174805
281,2,Drums,47.141666412353516,-47.13500213623047,0.0012070054654031992,0.00120700360275805,0.0013928008265793324,99.87930297851562,99.87930297851562,99.86072540283203,1.9313318261993118e-05,0.0019313318189233541,13.592132568359375,-13.592133522033691,0.26684388518333435,0.2668437361717224,0.2503129541873932,73.31560516357422,73.31562805175781,74.96870422363281,0.04189852625131607,4.189852714538574,-28.463783264160156
282,0,Vocal,21.877920150756836,-21.877906799316406,0.011990077793598175,0.0119900768622756,0.012321969494223595,98.80099487304688,98.80099487304688,98.76780700683594,0.006447636988013983,0.644763708114624,21.110801696777344,-21.110816955566406,0.15441730618476868,0.1544170379638672,0.16254155337810516,84.55827331542969,84.55829620361328,83.74584197998047,0.007683677598834038,0.7683677673339844,0.34499090909957886
282,1,Bass,14.849091529846191,-14.849091529846191,0.10649937391281128,0.10649862140417099,0.11139005422592163,89.35005950927734,89.35014343261719,88.86099243164062,0.031702931970357895,3.170293092727661,6.043207168579102,-6.043207168579102,0.4597865343093872,0.4597257971763611,0.4027320444583893,54.02134704589844,54.02742004394531,59.72679901123047,0.19916847348213196,19.916847229003906,-5.578859806060791
282,2,Drums,26.588420867919922,-26.58843231201172,0.008059258572757244,0.00805925764143467,0.01088743470609188,99.19407653808594,99.19407653808594,98.9112548828125,0.0021887789480388165,0.2188778966665268,22.522714614868164,-22.522785186767578,0.08923814445734024,0.08923812210559845,0.0886719673871994,91.07618713378906,91.07618713378906,91.13280487060547,0.005562905687838793,0.5562905669212341,-3.3483686447143555
283,0,Vocal,28.421146392822266,-28.421228408813477,0.00026969503960572183,0.00026969495229423046,0.001638453803025186,99.97303009033203,99.97303009033203,99.83615112304688,0.0014363699592649937,0.14363700151443481,22.687191009521484,-22.68716049194336,0.24736860394477844,0.24736858904361725,0.2491331249475479,75.26314544677734,75.26314544677734,75.08668518066406,0.005357351619750261,0.5357351899147034,-1.4122968912124634
283,1,Bass,16.487468719482422,-16.487472534179688,0.003909202292561531,0.003909202292561531,0.0027148888912051916,99.60907745361328,99.60907745361328,99.728515625,0.021958868950605392,2.1958868503570557,20.290555953979492,-20.29054832458496,0.006487480364739895,0.006487480364739895,0.0009103956981562078,99.35124969482422,99.35124969482422,99.9089584350586,0.009266257286071777,0.9266257286071777,3.845686197280884
283,2,Drums,11.35958194732666,-11.359580993652344,0.010161549784243107,0.010161541402339935,0.018317347392439842,98.98384094238281,98.98384857177734,98.16826629638672,0.06813859939575195,6.813859939575195,9.16247844696045,-9.16247844696045,0.2567083537578583,0.256708025932312,0.2839149832725525,74.32916259765625,74.3292007446289,71.60850524902344,0.10815387219190598,10.815386772155762,1.8181583881378174
284,0,Vocal,23.862417221069336,-23.862438201904297,0.0028713257052004337,0.002871324773877859,0.003842246951535344,99.7128677368164,99.7128677368164,99.61577606201172,0.004092379938811064,0.40923798084259033,30.8786678314209,-30.87842559814453,0.007567823398858309,0.0075678215362131596,0.007005743682384491,99.24321746826172,99.24321746826172,99.29942321777344,0.0008161996374838054,0.08161996304988861,7.078031539916992
284,1,Bass,17.42816734313965,-17.42815399169922,0.03914712369441986,0.039147112518548965,0.032651785761117935,96.08528900146484,96.08528900146484,96.73482513427734,0.017758313566446304,1.7758313417434692,11.100244522094727,-11.100245475769043,0.37912243604660034,0.37911930680274963,0.3993561863899231,62.0877571105957,62.08807373046875,60.06438064575195,0.07202941924333572,7.20294189453125,-1.4097529649734497
284,2,Drums,27.018314361572266,-27.018281936645508,0.010694148950278759,0.010694148018956184,0.010446586646139622,98.93058776855469,98.93058776855469,98.95533752441406,0.001982948277145624,0.19829483330249786,14.76392650604248,-14.763923645019531,0.2506720721721649,0.2506709098815918,0.24800482392311096,74.93279266357422,74.93290710449219,75.19952392578125,0.03231054171919823,3.2310540676116943,-9.777366638183594
285,0,Vocal,35.28847122192383,-35.2883186340332,0.02210528962314129,0.02210528776049614,0.023175857961177826,97.78947448730469,97.78947448730469,97.68241882324219,0.0002958046388812363,0.029580464586615562,27.675521850585938,-27.675472259521484,0.039357785135507584,0.03935700282454491,0.04141474887728691,96.06422424316406,96.06430053710938,95.85852813720703,0.0017049830639734864,0.1704983115196228,-7.278828144073486
285,1,Bass,16.754047393798828,-16.754043579101562,0.07823404669761658,0.07823403924703598,0.08924634009599686,92.17658996582031,92.17659759521484,91.07536315917969,0.020678604021668434,2.0678603649139404,23.170413970947266,-23.170387268066406,0.1869145929813385,0.18691031634807587,0.1897721290588379,81.30854034423828,81.30896759033203,81.02278900146484,0.004795930813997984,0.47959306836128235,7.355991840362549
285,2,Drums,25.61992645263672,-25.619956970214844,0.003057420253753662,0.003057419788092375,0.0,99.69425964355469,99.69425964355469,100.0,0.0027341011445969343,0.2734101116657257,6.087764739990234,-6.087763786315918,0.41702836751937866,0.41699883341789246,0.4274424612522125,58.29716491699219,58.300113677978516,57.25575637817383,0.19753706455230713,19.753705978393555,-13.652594566345215
286,0,Vocal,36.16516876220703,-36.16542434692383,0.022877832874655724,0.022877832874655724,0.024824639782309532,97.71221923828125,97.71221923828125,97.51753997802734,0.0002417921496089548,0.024179214611649513,21.59709930419922,-21.597097396850586,0.12709441781044006,0.1270941197872162,0.11914476007223129,87.29055786132812,87.29058837890625,88.08552551269531,0.006875357590615749,0.6875357627868652,-13.732207298278809
286,1,Bass,17.031461715698242,-17.031455993652344,0.13572879135608673,0.13572879135608673,0.13284331560134888,86.4271240234375,86.4271240234375,86.71566772460938,0.019423842430114746,1.9423842430114746,16.062286376953125,-16.062286376953125,0.08058663457632065,0.08058472722768784,0.06291753798723221,91.94133758544922,91.9415283203125,93.70824432373047,0.02416287735104561,2.416287660598755,-0.11452309787273407
286,2,Drums,38.04035949707031,-38.03958511352539,0.0027369793970137835,0.00273697916418314,0.004796403925865889,99.72630310058594,99.72630310058594,99.5203628540039,0.00015700928634032607,0.01570092886686325,16.92326545715332,-16.923254013061523,0.11997175961732864,0.11997175961732864,0.13434436917304993,88.00282287597656,88.00282287597656,86.56556701660156,0.01990410126745701,1.9904100894927979,-19.36959457397461
287,0,Vocal,31.478435516357422,-31.47829818725586,0.019645314663648605,0.019645243883132935,0.020308610051870346,98.03546905517578,98.03547668457031,97.9691390991211,0.0007109589641913772,0.07109589874744415,12.373265266418457,-12.373265266418457,0.2725983262062073,0.2725975513458252,0.27478036284446716,72.74016571044922,72.74024200439453,72.52195739746094,0.05473048985004425,5.473049163818359,-17.102933883666992
287,1,Bass,12.420663833618164,-12.420660018920898,0.14567828178405762,0.14567707479000092,0.1590319722890854,85.43217468261719,85.43228912353516,84.0968017578125,0.054168593138456345,5.416859149932861,18.94178581237793,-18.94178009033203,0.09246727079153061,0.09246724843978882,0.09832971543073654,90.7532730102539,90.7532730102539,90.16703033447266,0.012598400935530663,1.2598401308059692,6.830260753631592
287,2,Drums,35.056678771972656,-35.056148529052734,0.0025690936017781496,0.0025690924376249313,0.003140711458399892,99.74309539794922,99.74309539794922,99.68592834472656,0.00031204140395857394,0.031204139813780785,11.97674560546875,-11.976752281188965,0.4110102653503418,0.41100990772247314,0.42129814624786377,58.89897155761719,58.899009704589844,57.87018585205078,0.05965054780244827,5.965054988861084,-17.784147262573242
288,0,Vocal,16.823434829711914,-16.82343864440918,0.020377781242132187,0.02037777379155159,0.016582870855927467,97.96222686767578,97.96222686767578,98.34171295166016,0.020357470959424973,2.0357470512390137,4.833375930786133,-4.833377838134766,0.43437349796295166,0.4343682527542114,0.19043388962745667,56.56264877319336,56.563175201416016,80.95661163330078,0.24732577800750732,24.73257827758789,-4.363749027252197
288,1,Bass,29.505613327026367,-29.50558853149414,0.019997941330075264,0.019997941330075264,0.015059681609272957,98.00020599365234,98.00020599365234,98.49402618408203,0.0011193148093298078,0.11193148046731949,17.12038803100586,-17.120384216308594,0.05312434956431389,0.05312423035502434,0.16133947670459747,94.68756103515625,94.68757629394531,83.86605072021484,0.019037703052163124,1.9037703275680542,-9.999615669250488
288,2,Drums,34.93475341796875,-34.93492889404297,0.0071075609885156155,0.007107560522854328,0.0057426742278039455,99.28924560546875,99.28924560546875,99.42573547363281,0.00032092983019538224,0.03209298476576805,19.54168701171875,-19.54169273376465,0.05939657986164093,0.05939657986164093,0.05414324998855591,94.06034088134766,94.06034088134766,94.58567810058594,0.010990859009325504,1.0990859270095825,-14.811963081359863
289,0,Vocal,23.9251708984375,-23.925167083740234,0.011621038429439068,0.011621038429439068,0.0,98.837890625,98.837890625,100.0,0.004033937584608793,0.4033937454223633,2.480334758758545,-2.4803357124328613,0.7307531833648682,0.7307525873184204,0.0,26.9246826171875,26.924741744995117,100.0,0.3609788119792938,36.09788131713867,-10.313959121704102
289,1,Bass,32.477577209472656,-32.477725982666016,0.0075364140793681145,0.007536404766142368,0.021970095112919807,99.2463607788086,99.2463607788086,97.80299377441406,0.0005649005179293454,0.05649005249142647,2.886323928833008,-2.886324882507324,0.14675384759902954,0.14675384759902954,0.2703724801540375,85.32461547851562,85.32461547851562,72.9627456665039,0.3397068977355957,33.97068786621094,-25.722097396850586
289,2,Drums,29.521617889404297,-29.521480560302734,0.0007552634924650192,0.0007552634924650192,0.0,99.92447662353516,99.92447662353516,100.0,0.0011152010411024094,0.11152010411024094,21.90564727783203,-21.90566635131836,0.010943359695374966,0.010943359695374966,0.0,98.9056625366211,98.9056625366211,100.0,0.006406821310520172,0.6406821012496948,-7.38144588470459
290,0,Vocal,21.444711685180664,-21.444717407226562,0.006894657388329506,0.006894655991345644,0.006485839374363422,99.31053161621094,99.31053161621094,99.3514175415039,0.007119099609553814,0.7119099497795105,2.5691630840301514,-2.569162607192993,0.5803734064102173,0.5803636312484741,0.2225269228219986,41.9626579284668,41.96363830566406,77.74730682373047,0.3562743365764618,35.62743377685547,-6.86519193649292
290,1,Bass,16.48542022705078,-16.485414505004883,0.045716580003499985,0.045716412365436554,0.05613427609205246,95.4283447265625,95.42835998535156,94.3865737915039,0.021969009190797806,2.1969008445739746,-0.854179859161377,0.8541797399520874,0.6096148490905762,0.6095826625823975,0.4372556507587433,39.03851318359375,39.04173278808594,56.274436950683594,0.5490126013755798,54.90126037597656,-3.949605703353882
290,2,Drums,23.05866050720215,-23.058635711669922,2.1766372810816392e-05,2.1766198187833652e-05,0.00012875846005044878,99.9978256225586,99.9978256225586,99.98712158203125,0.00492035923525691,0.4920359253883362,20.981563568115234,-20.98161506652832,0.01906641572713852,0.019066262990236282,0.007326766848564148,98.0933609008789,98.09337615966797,99.26731872558594,0.007913901470601559,0.7913901209831238,-1.9980593919754028
291,0,Vocal,25.656536102294922,-25.656526565551758,0.007716229651123285,0.007716228254139423,0.008539981208741665,99.22837829589844,99.22837829589844,99.14600372314453,0.0027112397365272045,0.2711239755153656,8.630606651306152,-8.630605697631836,0.25436529517173767,0.25436460971832275,0.280269056558609,74.56346893310547,74.56353759765625,71.97309875488281,0.12054593861103058,12.054594039916992,-9.608479499816895
291,1,Bass,24.784622192382812,-24.784637451171875,0.02405821718275547,0.02405809983611107,0.047993019223213196,97.59417724609375,97.59419250488281,95.20069885253906,0.0033120561856776476,0.3312056064605713,13.668258666992188,-13.668254852294922,0.08319585025310516,0.08319320529699326,0.16350162029266357,91.68041229248047,91.68067932128906,83.64984130859375,0.041200459003448486,4.1200456619262695,-9.238890647888184
291,2,Drums,26.393030166625977,-26.39299201965332,0.00398577656596899,0.003985776100307703,0.0033703939989209175,99.60142517089844,99.60142517089844,99.66295623779297,0.0022893103305250406,0.22893103957176208,20.29250144958496,-20.292491912841797,0.11730150878429413,0.11730068176984787,0.10137534886598587,88.26984405517578,88.26992797851562,89.86246490478516,0.009262100793421268,0.9262101054191589,-4.542304515838623
292,0,Vocal,17.270334243774414,-17.27033805847168,0.01227800827473402,0.01227798406034708,0.014070631936192513,98.77220153808594,98.77220153808594,98.59293365478516,0.018403438851237297,1.8403438329696655,3.239278554916382,-3.239278554916382,0.6771764755249023,0.6771762371063232,0.22184841334819794,32.282352447509766,32.28237533569336,77.81515502929688,0.32172155380249023,32.172157287597656,-7.065711498260498
292,1,Bass,25.344642639160156,-25.344680786132812,0.04020366445183754,0.04020366445183754,0.03232787176966667,95.97962951660156,95.97962951660156,96.7672119140625,0.002912517637014389,0.2912517786026001,4.742025375366211,-4.742025375366211,0.6816112995147705,0.681609034538269,0.4661700129508972,31.838871002197266,31.839096069335938,53.382999420166016,0.25126224756240845,25.126224517822266,-6.456719875335693
292,2,Drums,20.36746597290039,-20.367446899414062,0.0012976301368325949,0.0012976299040019512,0.0007119383662939072,99.87023162841797,99.87023162841797,99.9288101196289,0.009105042554438114,0.9105042815208435,17.831220626831055,-17.831226348876953,0.07246818393468857,0.07246817648410797,0.07021044194698334,92.75318145751953,92.75318145751953,92.97895812988281,0.016209879890084267,1.6209880113601685,-1.5646286010742188
293,0,Vocal,19.350696563720703,-19.35070037841797,0.008501403033733368,0.008501401171088219,0.01136829610913992,99.14985656738281,99.14985656738281,98.86317443847656,0.011479348875582218,1.147934913635254,10.572521209716797,-10.572519302368164,0.2541773021221161,0.2541772723197937,0.21868327260017395,74.58226776123047,74.582275390625,78.13167572021484,0.08058592677116394,8.058592796325684,-6.067570686340332
293,1,Bass,29.057626724243164,-29.057722091674805,0.024225646629929543,0.024225575849413872,0.009298382326960564,97.57743835449219,97.57743835449219,99.07015991210938,0.0012408015318214893,0.12408015131950378,27.117267608642578,-27.11726951599121,0.04780621454119682,0.0478057898581028,0.054704271256923676,95.2193832397461,95.21942138671875,94.52957153320312,0.0019383735489100218,0.19383735954761505,-1.014968752861023
293,2,Drums,23.239343643188477,-23.239322662353516,0.003397054271772504,0.0033970437943935394,0.0005318511975929141,99.66029357910156,99.66029357910156,99.94681549072266,0.00472080335021019,0.4720803499221802,19.89747428894043,-19.897459030151367,0.09658154845237732,0.09658122062683105,0.08573151379823685,90.34184265136719,90.34188079833984,91.42684936523438,0.01013511884957552,1.0135118961334229,-2.0794596672058105
294,0,Vocal,15.30909538269043,-15.30909538269043,0.014351899735629559,0.014351898804306984,0.0,98.56481170654297,98.56481170654297,100.0,0.02860790491104126,2.860790491104126,6.826653957366943,-6.826653957366943,0.4780079424381256,0.47800540924072266,0.277747243642807,52.1992073059082,52.199459075927734,72.22527313232422,0.17194639146327972,17.194639205932617,-1.7352303266525269
294,1,Bass,22.768535614013672,-22.76862144470215,0.01101547759026289,0.01101547759026289,0.0,98.89845275878906,98.89845275878906,100.0,0.005258380901068449,0.5258380770683289,1.4803135395050049,-1.4803134202957153,0.23926571011543274,0.23926547169685364,0.461625874042511,76.07343292236328,76.07345581054688,53.8374137878418,0.4156018793582916,41.56018829345703,-15.172710418701172
294,2,Drums,24.75259017944336,-24.752588272094727,0.0006647288100793958,0.0006647258996963501,0.0,99.93353271484375,99.93353271484375,100.0,0.0033365089911967516,0.3336508870124817,16.5826416015625,-16.58263397216797,0.09520851820707321,0.09520690143108368,0.05641328543424606,90.4791488647461,90.47930908203125,94.35867309570312,0.02149319089949131,2.1493191719055176,-7.683809280395508
295,0,Vocal,21.116134643554688,-21.116140365600586,0.014569000340998173,0.014568997547030449,0.028720518574118614,98.54309844970703,98.54309844970703,97.1279525756836,0.007674310356378555,0.7674310207366943,8.92977523803711,-8.929774284362793,0.22848735749721527,0.2284873127937317,0.15844902396202087,77.15126037597656,77.1512680053711,84.15509796142578,0.11343175172805786,11.343174934387207,-6.987370491027832
295,1,Bass,25.219863891601562,-25.219877243041992,0.0087041724473238,0.008704165928065777,0.01813480257987976,99.12957763671875,99.12957763671875,98.18651580810547,0.0029971806798130274,0.29971808195114136,10.483784675598145,-10.483784675598145,0.1100759357213974,0.11007548123598099,0.29545339941978455,88.99240112304688,88.9924545288086,70.45465850830078,0.08211281895637512,8.211281776428223,-11.229230880737305
295,2,Drums,28.009681701660156,-28.009693145751953,0.0004430859407875687,0.00044308562064543366,0.0,99.9556884765625,99.9556884765625,100.0,0.0015788397286087275,0.15788397192955017,14.098751068115234,-14.098749160766602,0.07143343985080719,0.0714331567287445,0.017197828739881516,92.85665893554688,92.85668182373047,98.28021240234375,0.037457987666130066,3.7457988262176514,-13.286974906921387
296,0,Vocal,6.122769832611084,-6.122768402099609,0.1771286129951477,0.17712759971618652,0.17908258736133575,82.28713989257812,82.28723907470703,82.09174346923828,0.19626249372959137,19.626249313354492,13.77895736694336,-13.778953552246094,0.06802795082330704,0.06802640855312347,0.04946184530854225,93.19720458984375,93.19735717773438,95.05381774902344,0.04020524397492409,4.020524501800537,7.9888014793396
296,1,Bass,26.621612548828125,-26.621572494506836,0.03361119329929352,0.03361118584871292,0.046791110187768936,96.63888549804688,96.63888549804688,95.32088470458984,0.0021721620578318834,0.21721620857715607,35.094181060791016,-35.09393310546875,0.004768784623593092,0.004768780432641506,0.011974036693572998,99.52312469482422,99.52312469482422,98.80259704589844,0.0003093494742643088,0.030934946611523628,8.526067733764648
296,2,Drums,43.32048797607422,-43.320980072021484,0.0028521702624857426,0.0028520701453089714,0.003124103182926774,99.71478271484375,99.71479034423828,99.68759155273438,4.653586802305654e-05,0.004653587006032467,12.49984359741211,-12.499846458435059,0.3126678764820099,0.3126617968082428,0.3658372461795807,68.73321533203125,68.73382568359375,63.41627883911133,0.053242024034261703,5.324202537536621,-24.773996353149414
297,0,Vocal,13.59033203125,-13.590324401855469,0.31738871335983276,0.31738871335983276,0.3169623613357544,68.2611312866211,68.2611312866211,68.30376434326172,0.041915163397789,4.191516399383545,6.189504146575928,-6.189505577087402,0.5170372724533081,0.5170357823371887,0.5094556212425232,48.29627227783203,48.29642105102539,49.054439544677734,0.1938498616218567,19.384986877441406,-4.34202241897583
297,1,Bass,30.570812225341797,-30.57027816772461,0.029712041839957237,0.029711998999118805,0.03302672877907753,97.02880096435547,97.02880096435547,96.69732666015625,0.00087611103663221,0.08761110156774521,29.51511573791504,-29.515064239501953,0.015032947063446045,0.015032943338155746,0.015297753736376762,98.4967041015625,98.4967041015625,98.47022247314453,0.001116863451898098,0.1116863489151001,-0.8257175087928772
297,2,Drums,12.47305965423584,-12.473058700561523,0.002926507033407688,0.0029264898039400578,0.009968075901269913,99.70734405517578,99.70735168457031,99.00318908691406,0.05355381220579147,5.355381011962891,17.047897338867188,-17.047893524169922,0.2987632155418396,0.298759400844574,0.2718639671802521,70.1236801147461,70.12406158447266,72.81360626220703,0.019351901486516,1.935190200805664,11.778818130493164
298,0,Vocal,5.345597267150879,-5.345596790313721,0.02641713246703148,0.026417121291160583,0.025846710428595543,97.35828399658203,97.35828399658203,97.41532897949219,0.22602936625480652,22.602935791015625,22.925050735473633,-22.925003051757812,0.11479254066944122,0.11479254066944122,0.12006699293851852,88.52074432373047,88.52074432373047,87.99330139160156,0.005073299165815115,0.5073299407958984,18.782360076904297
298,1,Bass,31.876895904541016,-31.876689910888672,0.032098591327667236,0.03209858760237694,0.034766603261232376,96.7901382446289,96.7901382446289,96.5233383178711,0.0006487194332294166,0.06487194448709488,29.101083755493164,-29.101123809814453,0.08629918098449707,0.08629916608333588,0.08622446656227112,91.37007904052734,91.37007904052734,91.37755584716797,0.0012284853728488088,0.12284854054450989,-1.7392656803131104
298,2,Drums,12.855522155761719,-12.855518341064453,0.0030252556316554546,0.0030252505093812943,0.004671252332627773,99.69747924804688,99.69747924804688,99.53287506103516,0.04926164820790291,4.926164627075195,11.455089569091797,-11.45509147644043,0.2710266709327698,0.27102482318878174,0.28372713923454285,72.89733123779297,72.89751434326172,71.62728118896484,0.06675542891025543,6.675542831420898,1.9209455251693726
299,0,Vocal,5.292815685272217,-5.292815208435059,0.02902963198721409,0.02902960777282715,0.02935703471302986,97.09703826904297,97.09703826904297,97.06430053710938,0.22816255688667297,22.816255569458008,3.559389591217041,-3.5593888759613037,0.4521400034427643,0.452110230922699,0.48608720302581787,54.78600311279297,54.788978576660156,51.39128112792969,0.3058529198169708,30.58529281616211,2.4837660789489746
299,1,Bass,26.50320816040039,-26.503211975097656,0.036440491676330566,0.03644048795104027,0.04127399995923042,96.35594940185547,96.35594940185547,95.87259674072266,0.00223210989497602,0.22321099042892456,7.4178619384765625,-7.417860984802246,0.29182642698287964,0.29171961545944214,0.3760746419429779,70.8173599243164,70.82804107666016,62.39253234863281,0.15341995656490326,15.341995239257812,-20.584083557128906
299,2,Drums,13.326330184936523,-13.326324462890625,0.002649742178618908,0.0026497412472963333,0.005998147185891867,99.73503112792969,99.73503112792969,99.40018463134766,0.04442545026540756,4.442544937133789,5.450931549072266,-5.450930595397949,0.42157068848609924,0.42156699299812317,0.44998833537101746,57.842933654785156,57.84330368041992,55.001163482666016,0.22181454300880432,22.181453704833984,-2.9392402172088623
300,0,Vocal,15.256009101867676,-15.256010055541992,0.0115771209821105,0.011577032506465912,0.01115676574409008,98.84228515625,98.84230041503906,98.88432312011719,0.028949521481990814,2.8949520587921143,5.600122928619385,-5.600122451782227,0.554750382900238,0.5547386407852173,0.5970459580421448,44.52496337890625,44.5261344909668,40.29540252685547,0.21594154834747314,21.594154357910156,-3.788757562637329
300,1,Bass,25.91678810119629,-25.916807174682617,0.041777435690164566,0.04177625849843025,0.041884370148181915,95.82225799560547,95.82237243652344,95.81156158447266,0.002553915372118354,0.25539153814315796,12.715153694152832,-12.715154647827148,0.31746622920036316,0.31746357679367065,0.2934749722480774,68.25337219238281,68.2536392211914,70.65250396728516,0.050797633826732635,5.079763412475586,-7.083514213562012
300,2,Drums,16.402132034301758,-16.402132034301758,0.001839101198129356,0.0018391003832221031,0.0022887650411576033,99.81609344482422,99.81609344482422,99.77112579345703,0.022384919226169586,2.238492012023926,-0.7025222778320312,0.7025223970413208,0.43518880009651184,0.43518269062042236,0.6464438438415527,56.48112487792969,56.48173141479492,35.355613708496094,0.5403525233268738,54.03525161743164,-12.855454444885254
301,0,Vocal,18.669084548950195,-18.6690731048584,0.012251042760908604,0.012251039035618305,0.011794972233474255,98.77489471435547,98.77489471435547,98.82050323486328,0.013403929769992828,1.3403929471969604,4.575666904449463,-4.575666904449463,0.5038263201713562,0.5038248896598816,0.5455612540245056,49.617366790771484,49.61751174926758,45.44387435913086,0.25853708386421204,25.853708267211914,-6.566941261291504
301,1,Bass,22.29045867919922,-22.29041290283203,0.09947837889194489,0.09947305172681808,0.09220049530267715,90.05216217041016,90.05269622802734,90.77994537353516,0.005866745952516794,0.5866745710372925,4.47896146774292,-4.47896146774292,0.25855007767677307,0.25842535495758057,0.40456926822662354,74.1449966430664,74.15746307373047,59.54307174682617,0.2628284692764282,26.282846450805664,-15.235003471374512
301,2,Drums,28.05607032775879,-28.05610466003418,0.008103927597403526,0.008103925734758377,0.010512628592550755,99.18960571289062,99.18960571289062,98.94873809814453,0.0015621494967490435,0.15621495246887207,2.586026668548584,-2.586026430130005,0.5490529537200928,0.5490487813949585,0.5975223779678345,45.094703674316406,45.095123291015625,40.24776077270508,0.35538432002067566,35.53843307495117,-21.469114303588867
302,0,Vocal,4.954597473144531,-4.954596996307373,0.03040495701134205,0.030404822900891304,0.029009494930505753,96.95950317382812,96.95951843261719,97.09904479980469,0.24216653406620026,24.21665382385254,6.140003204345703,-6.140002250671387,0.311585396528244,0.311585396528244,0.342956006526947,68.84146118164062,68.84146118164062,65.70439910888672,0.1956373006105423,19.563730239868164,5.174307823181152
302,1,Bass,22.169206619262695,-22.16922378540039,0.03847568854689598,0.03847566619515419,0.025185246020555496,96.15242767333984,96.15242767333984,97.48147583007812,0.006031840108335018,0.6031839847564697,25.200159072875977,-25.200159072875977,0.018112290650606155,0.01811225526034832,0.012457952834665775,98.18876647949219,98.18877410888672,98.75420379638672,0.003010716987773776,0.3010717034339905,3.1573266983032227
302,2,Drums,22.7358455657959,-22.735843658447266,0.033757295459508896,0.033757176250219345,0.0346793457865715,96.62427520751953,96.62428283691406,96.53206634521484,0.005297977011650801,0.5297976732254028,14.944314002990723,-14.94430923461914,0.22207152843475342,0.22207151353359222,0.20635345578193665,77.7928466796875,77.7928466796875,79.36465454101562,0.031036745756864548,3.1036746501922607,-4.006820201873779
303,0,Vocal,34.036251068115234,-34.03633117675781,0.14579005539417267,0.1457897573709488,0.14724963903427124,85.4209976196289,85.42102813720703,85.27503967285156,0.00039461173582822084,0.0394611731171608,36.77716064453125,-36.77738571166992,0.03664015233516693,0.036640092730522156,0.03877636045217514,96.33598327636719,96.33599090576172,96.12236785888672,0.00021003741130698472,0.021003741770982742,2.75588321685791
303,1,Bass,30.24033546447754,-30.240238189697266,0.03166597709059715,0.03166596218943596,0.03473242372274399,96.83340454101562,96.83340454101562,96.5267562866211,0.0009452878148294985,0.09452877938747406,25.919227600097656,-25.919193267822266,0.043427325785160065,0.043427105993032455,0.037192925810813904,95.65726470947266,95.65728759765625,96.28070831298828,0.002552506048232317,0.25525060296058655,-4.24868106842041
303,2,Drums,24.164306640625,-24.164236068725586,0.00029542556148953736,0.0002954255323857069,0.0,99.970458984375,99.970458984375,100.0,0.0038186609745025635,0.38186609745025635,4.0848565101623535,-4.0848565101623535,0.3907431662082672,0.3907413184642792,0.35077962279319763,60.92568588256836,60.925865173339844,64.92203521728516,0.28078460693359375,28.078460693359375,-17.47874641418457
304,0,Vocal,36.135284423828125,-36.13547897338867,0.008453653194010258,0.008453651331365108,0.008709554560482502,99.15463256835938,99.15463256835938,99.12904357910156,0.00024340367235708982,0.024340366944670677,16.74386978149414,-16.743865966796875,0.5884356498718262,0.5884349346160889,0.6077263355255127,41.15643310546875,41.1565055847168,39.22736740112305,0.02072611264884472,2.0726113319396973,-9.431354522705078
304,1,Bass,24.467815399169922,-24.467941284179688,0.048048537224531174,0.04804380610585213,0.04978654161095619,95.19514465332031,95.19561767578125,95.02134704589844,0.0035617549438029528,0.3561754822731018,18.477190017700195,-18.4771728515625,0.06761020421981812,0.06759731471538544,0.08561556041240692,93.23898315429688,93.24026489257812,91.43844604492188,0.014000984840095043,1.400098443031311,-5.721904277801514
304,2,Drums,28.24604034423828,-28.246078491210938,0.007527817972004414,0.007527812384068966,0.0075975386425852776,99.2472152709961,99.2472152709961,99.24024200439453,0.0014953736681491137,0.1495373696088791,13.235509872436523,-13.23551082611084,0.29112961888313293,0.29112961888313293,0.28394949436187744,70.88703918457031,70.88703918457031,71.60504913330078,0.04532168060541153,4.532167911529541,-12.026436805725098
305,0,Vocal,27.85831069946289,-27.858335494995117,0.0011020231759175658,0.001102022361010313,0.0010928118135780096,99.8897933959961,99.8897933959961,99.8907241821289,0.0016347852069884539,0.1634785234928131,5.579682350158691,-5.579682350158691,0.6676580309867859,0.6676580309867859,0.7049773335456848,33.234195709228516,33.234195709228516,29.50226593017578,0.2167394906282425,21.673948287963867,-6.26457405090332
305,1,Bass,16.27832794189453,-16.278329849243164,0.03410682827234268,0.0341067835688591,0.03349936753511429,96.58931732177734,96.58931732177734,96.65006256103516,0.023017264902591705,2.3017265796661377,19.429012298583984,-19.429018020629883,0.024079203605651855,0.024079175665974617,0.01813935674726963,97.59207916259766,97.59207916259766,98.18606567382812,0.011276492848992348,1.1276493072509766,3.3682992458343506
305,2,Drums,35.70812225341797,-35.708160400390625,0.006564261857420206,0.006564260460436344,0.006406966596841812,99.34357452392578,99.34357452392578,99.35930633544922,0.000268617324763909,0.026861732825636864,17.835525512695312,-17.835533142089844,0.16981932520866394,0.1698174774646759,0.20382152497768402,83.01806640625,83.01825714111328,79.61784362792969,0.01619410142302513,1.6194101572036743,-15.888337135314941
306,0,Vocal,18.024938583374023,-18.024946212768555,0.07653118669986725,0.07653113454580307,0.07684239745140076,92.34688568115234,92.34688568115234,92.31575775146484,0.015513676218688488,1.5513676404953003,27.790327072143555,-27.790231704711914,0.039486680179834366,0.039486631751060486,0.04748062416911125,96.05133056640625,96.05133819580078,95.25193786621094,0.0016605338314548135,0.1660533845424652,10.159975051879883
306,1,Bass,37.193511962890625,-37.19256591796875,0.006973398849368095,0.0069732447154819965,0.006664445158094168,99.30265808105469,99.30267333984375,99.33355712890625,0.00019079275080002844,0.01907927542924881,20.275131225585938,-20.275127410888672,0.08659336715936661,0.0865841880440712,0.0744713693857193,91.34066009521484,91.3415756225586,92.55286407470703,0.009298895485699177,0.9298895597457886,-15.917356491088867
306,2,Drums,24.025468826293945,-24.025442123413086,0.05274807661771774,0.05274806171655655,0.053030937910079956,94.72518920898438,94.72518920898438,94.6968994140625,0.003942248877137899,0.3942248821258545,10.96849250793457,-10.96849250793457,0.41378694772720337,0.41378694772720337,0.4348539113998413,58.62130355834961,58.62130355834961,56.514610290527344,0.07408371567726135,7.408371448516846,-9.840282440185547
307,0,Vocal,9.97307300567627,-9.973073959350586,0.0038937730714678764,0.0038937681820243597,0.004968167282640934,99.6106185913086,99.6106185913086,99.50318145751953,0.09142281860113144,9.142281532287598,12.982294082641602,-12.982291221618652,0.2044132500886917,0.20441173017024994,0.19813372194766998,79.55867767333984,79.55882263183594,80.18663024902344,0.04791237413883209,4.7912373542785645,4.867002487182617
307,1,Bass,28.71819305419922,-28.717937469482422,0.0011790001299232244,0.0011789790587499738,0.0028629612643271685,99.8821029663086,99.8821029663086,99.71369934082031,0.001341550494544208,0.1341550499200821,-0.8490601778030396,0.8490605354309082,0.3328842520713806,0.33288201689720154,0.297070175409317,66.71157836914062,66.7117919921875,70.29298400878906,0.5487207174301147,54.8720703125,-25.936622619628906
307,2,Drums,10.478338241577148,-10.478338241577148,0.015436604619026184,0.015436568297445774,0.02514452487230301,98.45634460449219,98.45634460449219,97.48554992675781,0.08220737427473068,8.22073745727539,5.760688304901123,-5.760688781738281,0.4107089936733246,0.410663902759552,0.40473881363868713,58.92909622192383,58.93360900878906,59.526123046875,0.20974761247634888,20.974761962890625,-0.8381873369216919
308,0,Vocal,17.619400024414062,-17.619396209716797,0.016969047486782074,0.01696903631091118,0.017191261053085327,98.3031005859375,98.3031005859375,98.28086853027344,0.017006324604153633,1.7006324529647827,7.8809967041015625,-7.8809967041015625,0.4690853953361511,0.4690852463245392,0.46580103039741516,53.091461181640625,53.09147644042969,53.419898986816406,0.14007507264614105,14.00750732421875,-3.8317131996154785
308,1,Bass,28.61527442932129,-28.615312576293945,0.014812934212386608,0.014812694862484932,0.013777886517345905,98.51870727539062,98.51873016357422,98.62220764160156,0.0013736400287598372,0.137364000082016,26.627349853515625,-26.62731170654297,0.026735901832580566,0.026734616607427597,0.02439437061548233,97.32640838623047,97.3265380859375,97.56056213378906,0.002169352490454912,0.21693524718284607,-1.9635804891586304
308,2,Drums,28.774982452392578,-28.775020599365234,0.03221455216407776,0.03221454471349716,0.026675477623939514,96.77854919433594,96.77854919433594,97.33245086669922,0.0013241209089756012,0.13241209089756012,8.952315330505371,-8.952315330505371,0.2147558331489563,0.21475400030612946,0.24479900300502777,78.5244140625,78.52460479736328,75.52009582519531,0.11291085928678513,11.291086196899414,-17.22642707824707
309,0,Vocal,34.84056854248047,-34.84072494506836,0.02945881150662899,0.029458779841661453,0.029702769592404366,97.05411529541016,97.05412292480469,97.02972412109375,0.00032793378341011703,0.032793376594781876,29.04178237915039,-29.041667938232422,0.061915427446365356,0.061915379017591476,0.06105481833219528,93.80845642089844,93.80845642089844,93.89451599121094,0.001245369901880622,0.12453699111938477,-4.848123550415039
309,1,Bass,27.614057540893555,-27.614049911499023,0.016933195292949677,0.016933102160692215,0.020114082843065262,98.30667877197266,98.30669403076172,97.98859405517578,0.0017292191041633487,0.17292191088199615,28.38180160522461,-28.38172721862793,0.0166825819760561,0.01668250374495983,0.01779021881520748,98.33174133300781,98.33174896240234,98.22097778320312,0.0014494250062853098,0.144942507147789,1.022335410118103
309,2,Drums,29.42009925842285,-29.42007827758789,0.03339318186044693,0.03339311480522156,0.033915258944034576,96.66068267822266,96.66068267822266,96.60847473144531,0.0011415857588872313,0.11415857821702957,10.656576156616211,-10.656577110290527,0.2785734534263611,0.2785690724849701,0.16264696419239044,72.14265441894531,72.1430892944336,83.73530578613281,0.07916349172592163,7.916349411010742,-15.649483680725098
310,0,Vocal,25.006181716918945,-25.006160736083984,0.002110917354002595,0.0021109171211719513,0.0024516484700143337,99.78890991210938,99.78890991210938,99.75483703613281,0.003147844225168228,0.3147844076156616,6.1080474853515625,-6.1080474853515625,0.5153442621231079,0.5153427720069885,0.599865734577179,48.465572357177734,48.465721130371094,40.013427734375,0.19679778814315796,19.679779052734375,-8.170662879943848
310,1,Bass,19.721132278442383,-19.721174240112305,0.026231028139591217,0.02623084932565689,0.02427827939391136,97.37689208984375,97.37691497802734,97.57217407226562,0.010550638660788536,1.0550638437271118,25.137229919433594,-25.137216567993164,0.021546337753534317,0.02154611051082611,0.020382512360811234,97.84536743164062,97.84539031982422,97.96174621582031,0.003054586937651038,0.3054586946964264,5.568926811218262
310,2,Drums,34.67707824707031,-34.6764030456543,0.008322197943925858,0.008322197012603283,0.009567762725055218,99.16778564453125,99.16778564453125,99.04322814941406,0.0003405403986107558,0.03405404090881348,13.432769775390625,-13.432771682739258,0.19324235618114471,0.19324234127998352,0.19657763838768005,80.67576599121094,80.67576599121094,80.34223175048828,0.043396517634391785,4.339651584625244,-18.67110824584961
311,0,Vocal,22.97544288635254,-22.9754638671875,0.018566228449344635,0.018566220998764038,0.018032042309641838,98.14337158203125,98.14337158203125,98.1968002319336,0.005015057511627674,0.5015057325363159,11.474699020385742,-11.474700927734375,0.510439395904541,0.510439395904541,0.49566546082496643,48.95606231689453,48.95606231689453,50.43345642089844,0.06647469103336334,6.6474690437316895,-5.645709991455078
311,1,Bass,30.31024169921875,-30.310190200805664,0.018637526780366898,0.01863749884068966,0.021028002724051476,98.13624572753906,98.1362533569336,97.89720153808594,0.0009301825775764883,0.09301825612783432,22.918746948242188,-22.91870880126953,0.055261023342609406,0.05526091903448105,0.05442880466580391,94.4738998413086,94.47390747070312,94.55712127685547,0.005080585367977619,0.5080585479736328,-6.762084007263184
311,2,Drums,20.122028350830078,-20.121997833251953,0.03593366593122482,0.03593366593122482,0.03758779540657997,96.40663146972656,96.40663146972656,96.24121856689453,0.009629335254430771,0.9629335403442383,7.468883514404297,-7.4688825607299805,0.44920483231544495,0.4492037296295166,0.4468097686767578,55.07952117919922,55.079627990722656,55.31902313232422,0.15190033614635468,15.190033912658691,-8.771329879760742
312,0,Vocal,27.959394454956055,-27.959383010864258,0.008989660069346428,0.008989659138023853,0.00909219216555357,99.10103607177734,99.10103607177734,99.09078216552734,0.0015972851542755961,0.1597285121679306,-0.3078976273536682,0.3078967034816742,0.5378065705299377,0.537806510925293,0.6580734848976135,46.21934127807617,46.2193489074707,34.192649841308594,0.5177165865898132,51.77165985107422,-8.896177291870117
312,1,Bass,13.060880661010742,-13.060879707336426,0.11477836221456528,0.11477815359830856,0.1147962287068367,88.52216339111328,88.52218627929688,88.52037811279297,0.04709367826581001,4.709367752075195,7.722579002380371,-7.722575664520264,0.27894750237464905,0.27894648909568787,0.31412336230278015,72.10525512695312,72.1053466796875,68.58766174316406,0.144526869058609,14.45268726348877,-2.95578670501709
312,2,Drums,23.063369750976562,-23.063364028930664,3.91752109862864e-05,3.917516369256191e-05,0.0,99.99608612060547,99.99608612060547,100.0,0.004915040452033281,0.491504043340683,2.578727960586548,-2.5787277221679688,0.2902989685535431,0.29029881954193115,0.324129194021225,70.97010803222656,70.9701156616211,67.58707427978516,0.35576939582824707,35.57693862915039,-14.528980255126953
313,0,Vocal,-13.880385398864746,13.880385398864746,0.6242193579673767,0.6242178082466125,0.6364296674728394,37.57806396484375,37.57822036743164,36.357032775878906,0.9606863856315613,96.06864166259766,-2.904858112335205,2.9048588275909424,0.8873424530029297,0.8873394131660461,0.8951185941696167,11.265754699707031,11.266058921813965,10.488140106201172,0.6612496972084045,66.12496948242188,13.406601905822754
313,1,Bass,23.627779006958008,-23.627775192260742,0.21799342334270477,0.21799340844154358,0.22315764427185059,78.20065307617188,78.2006607055664,77.68423461914062,0.004318602848798037,0.4318602979183197,24.73177719116211,-24.731754302978516,0.18248090147972107,0.18248023092746735,0.19274117052555084,81.75190734863281,81.7519760131836,80.72588348388672,0.0033524546306580305,0.3352454602718353,2.3080663681030273
313,2,Drums,54.05174255371094,-54.038482666015625,7.594355702167377e-05,7.594355702167377e-05,0.0,99.9924087524414,99.9924087524414,100.0,3.955717147618998e-06,0.0003955717256758362,9.655630111694336,-9.65562915802002,0.5272331833839417,0.5272166132926941,0.5363196730613708,47.27667999267578,47.27833938598633,46.36803436279297,0.09767837822437286,9.767837524414062,-37.94256591796875
314,0,Vocal,21.516559600830078,-21.51663589477539,0.03452160209417343,0.03452159836888313,0.034382905811071396,96.54784393310547,96.54784393310547,96.56171417236328,0.0070030963979661465,0.7003096342086792,10.889205932617188,-10.889204025268555,0.5555703639984131,0.5555689930915833,0.5409823060035706,44.442962646484375,44.44309997558594,45.90176773071289,0.07534577697515488,7.5345778465271,-5.621119022369385
314,1,Bass,13.766925811767578,-13.766923904418945,0.14761558175086975,0.1476147323846817,0.14357507228851318,85.23844146728516,85.238525390625,85.64249420166016,0.04031233489513397,4.031233310699463,14.092846870422363,-14.092859268188477,0.5975574254989624,0.5975417494773865,0.5999667048454285,40.244258880615234,40.245826721191406,40.00333023071289,0.03750701993703842,3.750701904296875,6.8853044509887695
314,2,Drums,39.413692474365234,-39.41460037231445,0.0008609650540165603,0.0008609627839177847,6.077111538616009e-05,99.91390228271484,99.91390228271484,99.9939193725586,0.000114429734821897,0.011442973278462887,21.75161361694336,-21.751602172851562,0.06324975192546844,0.06324949860572815,0.057513393461704254,93.6750259399414,93.67505645751953,94.2486572265625,0.006636613514274359,0.6636613607406616,-16.89463233947754
315,0,Vocal,31.45264434814453,-31.45328712463379,0.006191598251461983,0.006191597785800695,0.005951399449259043,99.3808364868164,99.3808364868164,99.40486145019531,0.0007151675526984036,0.07151675224304199,15.410517692565918,-15.410517692565918,0.3065960705280304,0.3065956234931946,0.29911428689956665,69.34039306640625,69.34043884277344,70.08856964111328,0.027965914458036423,2.7965915203094482,-11.578073501586914
315,1,Bass,24.127445220947266,-24.127437591552734,0.10368549823760986,0.10368407517671585,0.10709056258201599,89.6314468383789,89.631591796875,89.29093933105469,0.003851060988381505,0.38510608673095703,19.594388961791992,-19.594375610351562,0.18765270709991455,0.18765191733837128,0.22023090720176697,81.23472595214844,81.23480987548828,77.9769058227539,0.010859737172722816,1.0859737396240234,-1.3791083097457886
315,2,Drums,31.264097213745117,-31.26410675048828,0.005918323993682861,0.005918323528021574,0.007309818174690008,99.40816497802734,99.40816497802734,99.2690200805664,0.0007469378178939223,0.07469378411769867,28.668243408203125,-28.668338775634766,0.0051343124359846115,0.0051343124359846115,0.0,99.486572265625,99.486572265625,100.0,0.001356991590000689,0.13569915294647217,-2.5590455532073975
316,0,Vocal,15.718621253967285,-15.71864128112793,0.1062454953789711,0.1062454804778099,0.11251932382583618,89.37545013427734,89.37545776367188,88.7480697631836,0.026100628077983856,2.610062837600708,17.975149154663086,-17.97514533996582,0.2765374779701233,0.2765319049358368,0.2823709547519684,72.34625244140625,72.34680938720703,71.76290893554688,0.01568976789712906,1.5689767599105835,5.042789459228516
316,1,Bass,22.04717445373535,-22.047183990478516,0.1603046953678131,0.160301074385643,0.15973655879497528,83.96953582763672,83.96989440917969,84.0263442993164,0.006202719174325466,0.6202719211578369,23.626815795898438,-23.626750946044922,0.19869978725910187,0.19869977235794067,0.2028200626373291,80.13002014160156,80.13002014160156,79.7179946899414,0.004319567233324051,0.4319567084312439,2.2637202739715576
316,2,Drums,32.84326934814453,-32.84330749511719,0.0002066571469185874,0.00020665713236667216,0.0007509880815632641,99.97933197021484,99.97933197021484,99.9249038696289,0.0005193580291233957,0.05193580314517021,10.228238105773926,-10.22823715209961,0.40398600697517395,0.4039797782897949,0.3699635863304138,59.601402282714844,59.602020263671875,63.00364303588867,0.08665820956230164,8.665821075439453,-18.72503089904785
317,0,Vocal,22.06442642211914,-22.06444549560547,0.05062711983919144,0.050626788288354874,0.050860803574323654,94.93728637695312,94.93731689453125,94.9139175415039,0.006178275682032108,0.6178275942802429,5.558472633361816,-5.558472633361816,0.5552698373794556,0.5552694797515869,0.5763089060783386,44.47301483154297,44.473052978515625,42.369110107421875,0.2175697237253189,21.756973266601562,-9.66806697845459
317,1,Bass,19.079185485839844,-19.079177856445312,0.1684730499982834,0.16846153140068054,0.17145253717899323,83.15269470214844,83.15384674072266,82.85475158691406,0.0122108468785882,1.221084713935852,9.953808784484863,-9.953808784484863,0.43514060974121094,0.43514055013656616,0.4543082118034363,56.485939025878906,56.48594665527344,54.56917953491211,0.09179196506738663,9.17919635772705,-5.327524185180664
317,2,Drums,41.969356536865234,-41.97084045410156,0.0016051405109465122,0.0016051403945311904,0.002083319239318371,99.83948516845703,99.83948516845703,99.79167175292969,6.351358024403453e-05,0.0063513582572340965,24.4664306640625,-24.466445922851562,0.037587281316518784,0.037587277591228485,0.04210221767425537,96.24127197265625,96.24127197265625,95.78977966308594,0.0035629309713840485,0.35629308223724365,-17.327482223510742
318,0,Vocal,21.489395141601562,-21.489355087280273,0.032846249639987946,0.03284624218940735,0.0320296473801136,96.71537017822266,96.71537780761719,96.79703521728516,0.007046785205602646,0.7046785354614258,7.736728668212891,-7.736731052398682,0.450344055891037,0.45034369826316833,0.4467933177947998,54.96559143066406,54.96562576293945,55.3206672668457,0.14412444829940796,14.412445068359375,-11.070511817932129
318,1,Bass,9.447084426879883,-9.447084426879883,0.17417840659618378,0.1741780787706375,0.12772642076015472,82.58216094970703,82.58219146728516,87.22735595703125,0.10199326276779175,10.199326515197754,11.887022018432617,-11.887029647827148,0.22586491703987122,0.22586490213871002,0.24103541672229767,77.41351318359375,77.41351318359375,75.8964614868164,0.06081998720765114,6.081998825073242,3.8726189136505127
318,2,Drums,29.96472930908203,-29.96443748474121,0.0002359659265493974,0.00023596591199748218,0.0,99.97640228271484,99.97640228271484,100.0,0.0010071650613099337,0.10071650892496109,12.990580558776855,-12.990580558776855,0.4878235161304474,0.487794429063797,0.48185819387435913,51.2176513671875,51.220558166503906,51.81418228149414,0.04782542213797569,4.7825422286987305,-11.01861572265625
319,0,Vocal,32.71501541137695,-32.71584701538086,0.011398440226912498,0.011398437432944775,0.010468650609254837,98.86015319824219,98.86015319824219,98.95313262939453,0.0005348489503376186,0.05348489433526993,34.13648223876953,-34.136329650878906,0.009757419116795063,0.009757407940924168,0.008758335374295712,99.02426147460938,99.02426147460938,99.1241683959961,0.0003857021511066705,0.03857021406292915,1.4929895401000977
319,1,Bass,17.29707908630371,-17.29706573486328,0.06251489371061325,0.06251481175422668,0.08026646077632904,93.7485122680664,93.74851989746094,91.97335052490234,0.018292583525180817,1.8292583227157593,17.956531524658203,-17.95652198791504,0.17340296506881714,0.17339275777339935,0.17609600722789764,82.65970611572266,82.66072082519531,82.39039611816406,0.015756146982312202,1.5756146907806396,1.741969347000122
319,2,Drums,31.02850341796875,-31.028419494628906,0.0007149736047722399,0.000714973546564579,0.0,99.92850494384766,99.92850494384766,100.0,0.0007885469822213054,0.07885469496250153,10.30077838897705,-10.30077838897705,0.49614736437797546,0.4961473345756531,0.442243367433548,50.38526153564453,50.3852653503418,55.775665283203125,0.0853452980518341,8.534529685974121,-13.69420337677002
320,0,Vocal,10.488283157348633,-10.488282203674316,0.021777622401714325,0.021777620539069176,0.02391582727432251,97.82223510742188,97.82223510742188,97.60841369628906,0.08203474432229996,8.203474044799805,17.912614822387695,-17.912639617919922,0.2604465186595917,0.26044613122940063,0.2657448351383209,73.9553451538086,73.95538330078125,73.42552185058594,0.01591368205845356,1.5913681983947754,10.3816499710083
320,1,Bass,19.974647521972656,-19.974624633789062,0.33816438913345337,0.33816346526145935,0.33453258872032166,66.18356323242188,66.18364715576172,66.54673767089844,0.009958358481526375,0.9958358407020569,14.582229614257812,-14.58222770690918,0.25590330362319946,0.2559032440185547,0.25291937589645386,74.40966796875,74.40967559814453,74.70806121826172,0.03364448994398117,3.3644490242004395,-2.7573750019073486
320,2,Drums,23.361013412475586,-23.360998153686523,0.0023408408742398024,0.0023408157285302877,0.0037111472338438034,99.76591491699219,99.76592254638672,99.6288833618164,0.004590913187712431,0.45909130573272705,21.703540802001953,-21.703533172607422,0.07319057732820511,0.07319043576717377,0.06407668441534042,92.68094635009766,92.68095397949219,93.59233093261719,0.006709967739880085,0.6709967851638794,-0.20321300625801086
321,0,Vocal,8.904219627380371,-8.904219627380371,0.031982772052288055,0.03198276832699776,0.03428858146071434,96.80171966552734,96.80171966552734,96.5711441040039,0.11402486264705658,11.402485847473145,19.88338279724121,-19.88338851928711,0.20060290396213531,0.20060230791568756,0.20268931984901428,79.93971252441406,79.93977355957031,79.73107147216797,0.010167698375880718,1.0167698860168457,13.8411283493042
321,1,Bass,21.71116065979004,-21.711170196533203,0.4030071198940277,0.4030071198940277,0.4042946994304657,59.699283599853516,59.699283599853516,59.570526123046875,0.006698320619761944,0.6698320508003235,14.250197410583496,-14.250197410583496,0.3467949628829956,0.3467947542667389,0.36225754022598267,65.32050323486328,65.32052612304688,63.77424621582031,0.036220796406269073,3.622079610824585,-1.8511250019073486
321,2,Drums,27.354700088500977,-27.354642868041992,0.0066345930099487305,0.006634592544287443,0.005768666509538889,99.33654022216797,99.33654022216797,99.42313385009766,0.0018354174681007862,0.18354174494743347,25.57562828063965,-25.575565338134766,0.059732139110565186,0.059732116758823395,0.05705663561820984,94.02678680419922,94.02678680419922,94.2943344116211,0.0027620845939964056,0.27620846033096313,-1.276449203491211
322,0,Vocal,21.99382972717285,-21.993896484375,0.1341276615858078,0.1341276317834854,0.1341145783662796,86.58723449707031,86.58723449707031,86.58854675292969,0.006278840824961662,0.6278840899467468,16.737205505371094,-16.73719024658203,0.2537759244441986,0.2537704408168793,0.2379894256591797,74.62240600585938,74.62295532226562,76.20105743408203,0.020757263526320457,2.075726270675659,-3.5601844787597656
322,1,Bass,21.634754180908203,-21.63473892211914,0.3372112512588501,0.33721110224723816,0.33930352330207825,66.27887725830078,66.27888488769531,66.06964874267578,0.0068164183758199215,0.6816418170928955,15.658174514770508,-15.658195495605469,0.19421465694904327,0.19421464204788208,0.2195141762495041,80.57853698730469,80.57853698730469,78.048583984375,0.026456797495484352,2.6456797122955322,-2.8619115352630615
322,2,Drums,31.97176170349121,-31.971643447875977,0.006802225485444069,0.006802225485444069,0.005712137091904879,99.31977844238281,99.31977844238281,99.42878723144531,0.0006346781156025827,0.06346780806779861,15.053072929382324,-15.053071975708008,0.16930554807186127,0.1693047285079956,0.16480298340320587,83.06944274902344,83.06952667236328,83.51970672607422,0.030292432755231857,3.029243230819702,-15.755367279052734
323,0,Vocal,21.60670280456543,-21.606700897216797,0.09443387389183044,0.09443380683660507,0.09435050189495087,90.55661010742188,90.55662536621094,90.56494903564453,0.006860256195068359,0.6860256195068359,18.706708908081055,-18.70670509338379,0.14830774068832397,0.14830733835697174,0.14032387733459473,85.16922760009766,85.16926574707031,85.96761322021484,0.01328983623534441,1.3289836645126343,-1.5410186052322388
323,1,Bass,17.16863250732422,-17.168624877929688,0.4661768972873688,0.4661767780780792,0.47638973593711853,53.3823127746582,53.38232421875,52.36102294921875,0.01883132942020893,1.8831329345703125,3.6412670612335205,-3.6412665843963623,0.35920360684394836,0.35901939868927,0.3482743501663208,64.07964324951172,64.09806060791016,65.17256164550781,0.30186498165130615,30.186498641967773,-7.566125392913818
323,2,Drums,29.251331329345703,-29.251272201538086,0.009329129010438919,0.009329129010438919,0.007666291669011116,99.06708526611328,99.06708526611328,99.23336791992188,0.0011867571156471968,0.11867570877075195,20.16213607788086,-20.162109375,0.09215346723794937,0.09215192496776581,0.09207286685705185,90.78465270996094,90.78480529785156,90.79271697998047,0.009541655890643597,0.9541655778884888,-8.384269714355469
324,0,Vocal,8.963170051574707,-8.96316909790039,0.044214844703674316,0.04421484097838402,0.03750059753656387,95.5785140991211,95.5785140991211,96.24993896484375,0.11266075074672699,11.266075134277344,20.422725677490234,-20.422714233398438,0.18175798654556274,0.18175798654556274,0.17694859206676483,81.82420349121094,81.82420349121094,82.30513763427734,0.008990993723273277,0.8990993499755859,13.344391822814941
324,1,Bass,21.4495849609375,-21.449556350708008,0.2694430649280548,0.2694425880908966,0.26530712842941284,73.05569458007812,73.05574035644531,73.46928405761719,0.007111199200153351,0.7111198902130127,18.351484298706055,-18.351484298706055,0.2974896728992462,0.29748186469078064,0.3312965929508209,70.25103759765625,70.2518081665039,66.87034606933594,0.014406234957277775,1.4406235218048096,-0.3614400029182434
324,2,Drums,35.99916076660156,-35.998931884765625,0.009324248880147934,0.009324210695922375,0.009589568711817265,99.06757354736328,99.06758117675781,99.04104614257812,0.00025121186627075076,0.025121185928583145,15.214143753051758,-15.21414852142334,0.08752498775720596,0.08752498775720596,0.11752484738826752,91.24749755859375,91.24749755859375,88.24751281738281,0.029221702367067337,2.9221701622009277,-19.62647247314453
325,0,Vocal,11.670923233032227,-11.67092514038086,0.03891858458518982,0.038918569684028625,0.03237531706690788,96.10813903808594,96.10814666748047,96.76246643066406,0.06372518092393875,6.372518062591553,23.661258697509766,-23.661279678344727,0.08819642663002014,0.08819630742073059,0.09128516167402267,91.18035888671875,91.18037414550781,90.8714828491211,0.004285561386495829,0.4285561442375183,13.172085762023926
325,1,Bass,20.847328186035156,-20.847322463989258,0.3160415589809418,0.31604111194610596,0.31710854172706604,68.39584350585938,68.39588928222656,68.28914642333984,0.008160369470715523,0.8160369396209717,3.9414420127868652,-3.9414420127868652,0.551211953163147,0.5511528849601746,0.5593596696853638,44.87880325317383,44.88471221923828,44.06403350830078,0.28750133514404297,28.750133514404297,-10.99913501739502
325,2,Drums,33.20175552368164,-33.20170593261719,0.006173064932227135,0.006173053756356239,0.007488320581614971,99.3826904296875,99.3826904296875,99.25116729736328,0.0004782071046065539,0.04782070964574814,26.902788162231445,-26.902809143066406,0.0616714172065258,0.06167123466730118,0.0604923777282238,93.83285522460938,93.83287048339844,93.95075988769531,0.002036287449300289,0.2036287486553192,-5.576513290405273
326,0,Vocal,17.796215057373047,-17.796207427978516,0.1019236296415329,0.1019236296415329,0.10131916403770447,89.80763244628906,89.80763244628906,89.86808013916016,0.016338974237442017,1.6338974237442017,20.66160011291504,-20.661611557006836,0.10597145557403564,0.10597142577171326,0.10838636010885239,89.4028549194336,89.4028549194336,89.16136932373047,0.00851388555020094,0.8513885736465454,3.9427359104156494
326,1,Bass,18.21096420288086,-18.21096420288086,0.4255625307559967,0.42556244134902954,0.4246777296066284,57.443748474121094,57.443756103515625,57.5322265625,0.014872915111482143,1.4872914552688599,19.137380599975586,-19.137374877929688,0.31872573494911194,0.3187231123447418,0.3397383689880371,68.12742614746094,68.12769317626953,66.02616119384766,0.01205032505095005,1.205032467842102,4.48729133605957
326,2,Drums,35.807586669921875,-35.8068962097168,0.008682824671268463,0.008682822808623314,0.009208086878061295,99.1317138671875,99.1317138671875,99.07919311523438,0.0002625144552439451,0.026251446455717087,29.31845474243164,-29.318424224853516,0.04340269789099693,0.04340263456106186,0.04449237510561943,95.65972900390625,95.65973663330078,95.55076599121094,0.0011685825884342194,0.11685825884342194,-5.993882179260254
327,0,Vocal,17.222469329833984,-17.222455978393555,0.16359640657901764,0.16359639167785645,0.16296882927417755,83.6403579711914,83.6403579711914,83.70311737060547,0.018603628501296043,1.8603628873825073,11.419660568237305,-11.419659614562988,0.30677491426467896,0.30677491426467896,0.3191066384315491,69.322509765625,69.322509765625,68.0893325805664,0.06726549565792084,6.7265496253967285,-2.3092310428619385
327,1,Bass,26.491485595703125,-26.49140167236328,0.27634260058403015,0.2763422429561615,0.2792333662509918,72.36573791503906,72.36577606201172,72.07666778564453,0.0022380996961146593,0.22380997240543365,12.301369667053223,-12.30136775970459,0.3360974192619324,0.33608800172805786,0.3517613112926483,66.3902587890625,66.39119720458984,64.82386779785156,0.05559328570961952,5.559328556060791,-7.415802955627441
327,2,Drums,31.114778518676758,-31.11454200744629,0.005571900401264429,0.005571900401264429,0.005403333343565464,99.44281005859375,99.44281005859375,99.45966339111328,0.0007730008801445365,0.07730008661746979,25.331825256347656,-25.331798553466797,0.0821809396147728,0.08218003809452057,0.09371068328619003,91.78190612792969,91.78199768066406,90.62893676757812,0.002921139355748892,0.29211392998695374,-4.873884201049805
328,0,Vocal,26.79384422302246,-26.793827056884766,0.028370410203933716,0.028370410203933716,0.02803557738661766,97.1629638671875,97.1629638671875,97.19644165039062,0.002087912056595087,0.20879121124744415,12.23067855834961,-12.230676651000977,0.21536381542682648,0.21536380052566528,0.15640807151794434,78.463623046875,78.463623046875,84.35919189453125,0.05645407736301422,5.645407676696777,-12.200080871582031
328,1,Bass,19.073158264160156,-19.073144912719727,0.07063108682632446,0.07063040882349014,0.07287819683551788,92.9368896484375,92.93695831298828,92.7121810913086,0.012227647937834263,1.2227648496627808,15.751385688781738,-15.751379013061523,0.2522300183773041,0.25222763419151306,0.22767484188079834,74.77699279785156,74.77723693847656,77.23251342773438,0.02590958960354328,2.590959072113037,-0.3897756040096283
328,2,Drums,35.97449493408203,-35.97408676147461,0.0006044143228791654,0.0006044142064638436,0.0009576110169291496,99.93955993652344,99.93955993652344,99.90423583984375,0.00025262261624448,0.02526226080954075,10.414582252502441,-10.414582252502441,0.5111664533615112,0.5111655592918396,0.4738461375236511,48.88335418701172,48.883445739746094,52.615386962890625,0.08332178741693497,8.332179069519043,-21.88751983642578
329,0,Vocal,17.90081024169922,-17.90081214904785,0.01972942240536213,0.019729413092136383,0.016612745821475983,98.02705383300781,98.02705383300781,98.3387222290039,0.015956323593854904,1.5956323146820068,15.71302318572998,-15.713022232055664,0.27725982666015625,0.27725860476493835,0.2722952663898468,72.27401733398438,72.27413940429688,72.77047729492188,0.026133475825190544,2.6133475303649902,0.2634199261665344
329,1,Bass,24.85409927368164,-24.854049682617188,0.07626824080944061,0.07626815140247345,0.0775919109582901,92.37317657470703,92.37318420410156,92.24081420898438,0.003259679302573204,0.325967937707901,9.576847076416016,-9.576850891113281,0.2831525206565857,0.28314733505249023,0.3106779456138611,71.68474578857422,71.68526458740234,68.93220520019531,0.09928887337446213,9.928887367248535,-11.574552536010742
329,2,Drums,28.807008743286133,-28.806926727294922,0.0003337920643389225,0.00033379203523509204,0.0006112658302299678,99.96662139892578,99.96662139892578,99.93887329101562,0.001314407680183649,0.13144077360630035,16.699804306030273,-16.699796676635742,0.2702150344848633,0.27021390199661255,0.2358301877975464,72.97850036621094,72.97860717773438,76.41698455810547,0.02093307487666607,2.0933074951171875,-10.593689918518066
330,0,Vocal,19.852140426635742,-19.852142333984375,0.023430543020367622,0.023430543020367622,0.022920193150639534,97.65694427490234,97.65694427490234,97.70797729492188,0.010240369476377964,1.0240370035171509,22.20684242248535,-22.20684051513672,0.11151096224784851,0.11151076853275299,0.10983173549175262,88.8488998413086,88.84892272949219,89.0168228149414,0.005980130285024643,0.5980130434036255,3.5341603755950928
330,1,Bass,20.066864013671875,-20.066917419433594,0.053536899387836456,0.05353681743144989,0.06412331759929657,94.64630889892578,94.64631652832031,93.5876693725586,0.009751124307513237,0.9751124382019043,11.127870559692383,-11.127864837646484,0.10772032290697098,0.10772009938955307,0.12583330273628235,89.22796630859375,89.22798919677734,87.41667175292969,0.0716053918004036,7.160539150238037,-7.959217548370361
330,2,Drums,33.68470001220703,-33.68440246582031,0.0010513442102819681,0.0010513442102819681,0.0014779079938307405,99.89486694335938,99.89486694335938,99.85221099853516,0.00042795814806595445,0.0427958145737648,12.109914779663086,-12.109914779663086,0.39927923679351807,0.3992782533168793,0.39229118824005127,60.07207489013672,60.07217025756836,60.77088165283203,0.057953689247369766,5.7953691482543945,-16.95484733581543
331,0,Vocal,8.001163482666016,-8.001163482666016,0.7876225709915161,0.787613034248352,0.7960802912712097,21.237743377685547,21.238697052001953,20.391971588134766,0.13677528500556946,13.677528381347656,5.990934371948242,-5.990933418273926,0.7176397442817688,0.7176125645637512,0.7388736605644226,28.236024856567383,28.23874282836914,26.112634658813477,0.20109520852565765,20.109519958496094,-1.3134785890579224
331,1,Bass,14.449997901916504,-14.449997901916504,0.11676479130983353,0.11676476895809174,0.10967449098825455,88.32352447509766,88.32352447509766,89.03254699707031,0.034648582339286804,3.464858293533325,21.980243682861328,-21.980243682861328,0.283624529838562,0.2836238741874695,0.2905147075653076,71.6375503540039,71.63761138916016,70.94853210449219,0.006298452615737915,0.6298452615737915,9.430246353149414
331,2,Drums,39.324134826660156,-39.32329177856445,8.776038157520816e-05,8.776037429925054e-05,0.0,99.99122619628906,99.99122619628906,100.0,0.00011681551404763013,0.011681551113724709,7.433810234069824,-7.433809757232666,0.45816361904144287,0.45816054940223694,0.40310537815093994,54.18363952636719,54.1839485168457,59.68946075439453,0.15294359624385834,15.29435920715332,-28.487337112426758
332,0,Vocal,19.597740173339844,-19.59774398803711,0.019360946491360664,0.019360942766070366,0.02024325169622898,98.06390380859375,98.06390380859375,97.97567749023438,0.010851447470486164,1.0851447582244873,16.80656623840332,-16.806562423706055,0.27904757857322693,0.27904754877090454,0.27759212255477905,72.0952377319336,72.09524536132812,72.24079132080078,0.020435120910406113,2.0435121059417725,1.2634801864624023
332,1,Bass,19.043424606323242,-19.04339599609375,0.11298703402280807,0.11298687756061554,0.09930010885000229,88.7012939453125,88.7013168334961,90.06999206542969,0.012310609221458435,1.2310609817504883,25.289724349975586,-25.289676666259766,0.04491400718688965,0.04491390287876129,0.046085815876722336,95.50859832763672,95.50861358642578,95.39141845703125,0.002949456451460719,0.2949456572532654,6.689103603363037
332,2,Drums,33.36677932739258,-33.36665725708008,0.0006409907946363091,0.0006409907946363091,0.0,99.93589782714844,99.93589782714844,100.0,0.0004604041459970176,0.04604041576385498,14.650474548339844,-14.650472640991211,0.34376105666160583,0.34376099705696106,0.31682321429252625,65.62389373779297,65.6239013671875,68.31767272949219,0.03313731402158737,3.3137314319610596,-13.28367805480957
333,0,Vocal,18.527538299560547,-18.527544021606445,0.032883673906326294,0.03288363292813301,0.022329650819301605,96.71163940429688,96.71163940429688,97.76703643798828,0.013841788284480572,1.384178876876831,22.639938354492188,-22.63992691040039,0.09844974428415298,0.09844893962144852,0.0950186476111412,90.15502166748047,90.15510559082031,90.49813842773438,0.005415614694356918,0.541561484336853,5.506400108337402
333,1,Bass,20.821434020996094,-20.821441650390625,0.07289863377809525,0.07289858162403107,0.07488247752189636,92.71013641357422,92.71014404296875,92.51174926757812,0.008208750747144222,0.8208750486373901,23.175678253173828,-23.17563819885254,0.24338458478450775,0.24338090419769287,0.24965760111808777,75.66153717041016,75.66191101074219,75.03424072265625,0.004790127743035555,0.47901278734207153,4.410424709320068
333,2,Drums,33.44281768798828,-33.44277572631836,0.0008023155387490988,0.0008023054688237607,0.0012430157512426376,99.91976928710938,99.91976928710938,99.87570190429688,0.0004524156975094229,0.045241568237543106,21.20745849609375,-21.207448959350586,0.19710826873779297,0.19710370898246765,0.18559883534908295,80.28916931152344,80.28962707519531,81.44011688232422,0.007515858393162489,0.751585841178894,-9.728028297424316
334,0,Vocal,24.50701141357422,-24.50701904296875,0.03031506948173046,0.030315067619085312,0.03154223784804344,96.96849822998047,96.96849822998047,96.84577941894531,0.0035299158189445734,0.35299158096313477,20.245586395263672,-20.245580673217773,0.18422484397888184,0.18422484397888184,0.18375998735427856,81.5775146484375,81.5775146484375,81.6240005493164,0.009361710399389267,0.9361710548400879,-2.9336724281311035
334,1,Bass,26.431732177734375,-26.431676864624023,0.07907945662736893,0.07907944172620773,0.07967595756053925,92.09205627441406,92.09205627441406,92.03240203857422,0.0022690549958497286,0.22690549492835999,20.013914108276367,-20.013927459716797,0.24985896050930023,0.24985894560813904,0.25167372822761536,75.01409912109375,75.01409912109375,74.83262634277344,0.009869646281003952,0.9869646430015564,-4.00790548324585
334,2,Drums,35.0285530090332,-35.02821350097656,0.001437819330021739,0.0014378192136064172,0.0014117667451500893,99.85621643066406,99.85621643066406,99.85881805419922,0.00031409095390699804,0.03140909597277641,9.950682640075684,-9.95068359375,0.15287384390830994,0.1528671383857727,0.1496044546365738,84.71261596679688,84.71328735351562,85.03955841064453,0.09185191988945007,9.185192108154297,-23.502012252807617
335,0,Vocal,23.951017379760742,-23.950984954833984,0.041313838213682175,0.041313834488391876,0.0426998995244503,95.86861419677734,95.86861419677734,95.73001098632812,0.004010104574263096,0.4010104537010193,21.733001708984375,-21.733009338378906,0.07959294319152832,0.0795927420258522,0.08023058623075485,92.04070281982422,92.04072570800781,91.97694396972656,0.006664942484349012,0.6664942502975464,-1.3974097967147827
335,1,Bass,35.5139274597168,-35.513648986816406,0.07911942154169083,0.0791192352771759,0.0805497094988823,92.08805847167969,92.08808135986328,91.94503021240234,0.00028084125369787216,0.028084125369787216,16.116121292114258,-16.116119384765625,0.20774975419044495,0.20774178206920624,0.2181958556175232,79.22502899169922,79.22582244873047,78.18041229248047,0.02387232333421707,2.3872323036193848,-16.82745933532715
335,2,Drums,37.33979034423828,-37.33995056152344,0.0009744911221787333,0.0009744911221787333,0.00023660826263949275,99.90254974365234,99.90254974365234,99.97633361816406,0.00018449277558829635,0.01844927668571472,18.3773193359375,-18.377315521240234,0.12631504237651825,0.12631337344646454,0.10995730757713318,87.36849212646484,87.36865997314453,89.00426483154297,0.014321955852210522,1.4321955442428589,-17.353673934936523
336,0,Vocal,26.270660400390625,-26.270673751831055,0.02748093008995056,0.02748091146349907,0.029530666768550873,97.25190734863281,97.25190734863281,97.04693603515625,0.0023545341100543737,0.23545341193675995,30.949068069458008,-30.94921875,0.021213853731751442,0.021213850006461143,0.021946201100945473,97.87861633300781,97.87861633300781,97.80538177490234,0.0008030112367123365,0.08030112087726593,4.9320387840271
336,1,Bass,25.189048767089844,-25.189077377319336,0.01284792274236679,0.012847885489463806,0.012073271907866001,98.7152099609375,98.7152099609375,98.79267120361328,0.0030184490606188774,0.30184489488601685,11.963987350463867,-11.963981628417969,0.45686066150665283,0.4568563997745514,0.5015878677368164,54.313934326171875,54.314361572265625,49.84121322631836,0.059815604239702225,5.981560230255127,-3.3927907943725586
336,2,Drums,30.893932342529297,-30.893869400024414,0.002874034224078059,0.0028740328270941973,0.005132652819156647,99.71260070800781,99.71260070800781,99.48673248291016,0.0008133226656354964,0.081332266330719,21.16989517211914,-21.16989517211914,0.025144852697849274,0.025144826620817184,0.010067235678434372,97.48551177978516,97.48551940917969,98.99327850341797,0.00758065702393651,0.7580657005310059,-9.384147644042969
337,0,Vocal,9.437056541442871,-9.437058448791504,0.3660549819469452,0.3660545349121094,0.38802602887153625,63.394500732421875,63.39454650878906,61.1973991394043,0.102204829454422,10.22048282623291,11.911895751953125,-11.911895751953125,0.32198143005371094,0.3219747245311737,0.36097535490989685,67.8018569946289,67.80252075195312,63.902462005615234,0.06049370765686035,6.049370765686035,5.294343948364258
337,1,Bass,40.55889892578125,-40.55999755859375,0.03713328391313553,0.03713328018784523,0.036948107182979584,96.28667449951172,96.28667449951172,96.30519104003906,8.789325511315838e-05,0.008789325132966042,7.637951850891113,-7.63795280456543,0.4502887427806854,0.45022469758987427,0.46801522374153137,54.97112274169922,54.97753143310547,53.19847869873047,0.1469528079032898,14.695281028747559,-27.009641647338867
337,2,Drums,43.05620574951172,-43.058387756347656,0.0012643092777580023,0.0012643091613426805,0.0018440685234963894,99.87356567382812,99.87356567382812,99.81559753417969,4.946162152918987e-05,0.0049461619928479195,25.884492874145508,-25.88444709777832,0.055756647139787674,0.055756576359272,0.05850841850042343,94.4243392944336,94.42434692382812,94.14916229248047,0.002572986762970686,0.25729867815971375,-16.641305923461914
338,0,Vocal,19.20305061340332,-19.20305633544922,0.03485390916466713,0.034853823482990265,0.034576646983623505,96.51460266113281,96.51461791992188,96.5423355102539,0.01187159214168787,1.1871591806411743,20.80097198486328,-20.800979614257812,0.03649995103478432,0.03649980202317238,0.03551506996154785,96.35000610351562,96.35002136230469,96.44849395751953,0.008247197605669498,0.8247197866439819,1.9837130308151245
338,1,Bass,21.71809196472168,-21.718154907226562,0.04565320163965225,0.04565318673849106,0.03914991766214371,95.43467712402344,95.43468475341797,96.08500671386719,0.006687629036605358,0.6687629222869873,22.188461303710938,-22.18839454650879,0.10643333941698074,0.10643281042575836,0.11300258338451385,89.3566665649414,89.35671997070312,88.69973754882812,0.006005398463457823,0.6005398631095886,3.1735455989837646
338,2,Drums,30.46735954284668,-30.4674072265625,0.0005758804618380964,0.0005758801707997918,0.0016523360973224044,99.94241333007812,99.94241333007812,99.83476257324219,0.0008971411734819412,0.08971411734819412,23.09140396118164,-23.091407775878906,0.05319809541106224,0.05319804698228836,0.03892386704683304,94.68019104003906,94.6801986694336,96.10761260986328,0.004883531015366316,0.48835310339927673,-6.516025066375732
339,0,Vocal,22.294767379760742,-22.294788360595703,0.015942875295877457,0.01594286784529686,0.017076564952731133,98.40571594238281,98.40571594238281,98.29234313964844,0.005860964767634869,0.586096465587616,21.776933670043945,-21.776933670043945,0.05404011905193329,0.05404007062315941,0.0485740564763546,94.59598541259766,94.59599304199219,95.14259338378906,0.006598258391022682,0.65982586145401,0.15490981936454773
339,1,Bass,38.44446563720703,-38.443214416503906,0.026607219129800797,0.026607196778059006,0.02792637050151825,97.33927917480469,97.33927917480469,97.20735931396484,0.0001430333941243589,0.014303339645266533,9.083284378051758,-9.083281517028809,0.4385848045349121,0.43858394026756287,0.46839991211891174,56.141517639160156,56.1416015625,53.160011291503906,0.10992541164159775,10.992541313171387,-23.11981773376465
339,2,Drums,28.357364654541016,-28.357431411743164,0.001582861877977848,0.0015828616451472044,0.0030177810695022345,99.84171295166016,99.84171295166016,99.6982192993164,0.0014575482346117496,0.1457548290491104,23.712636947631836,-23.712656021118164,0.035840343683958054,0.035840343683958054,0.03678707033395767,96.41596984863281,96.41596984863281,96.3212890625,0.00423541059717536,0.4235410690307617,-4.131278038024902
340,0,Vocal,16.65239715576172,-16.65238380432129,0.12621550261974335,0.12621383368968964,0.12917616963386536,87.37844848632812,87.37861633300781,87.08238220214844,0.021157952025532722,2.115795135498047,20.715965270996094,-20.71595001220703,0.06172632426023483,0.061723992228507996,0.0681876465678215,93.8273696899414,93.82759857177734,93.18123626708984,0.008408831432461739,0.8408831357955933,4.143279552459717
340,1,Bass,46.6600227355957,-46.68209457397461,0.009294547140598297,0.009294502437114716,0.010088132694363594,99.07054138183594,99.07054901123047,98.9911880493164,2.156413029297255e-05,0.0021564129274338484,12.256146430969238,-12.256147384643555,0.28295210003852844,0.2829519510269165,0.3054932951927185,71.70479583740234,71.70480346679688,69.45066833496094,0.05614253506064415,5.614253520965576,-30.954511642456055
340,2,Drums,38.75579071044922,-38.755210876464844,0.002855458064004779,0.002855450613424182,0.0029244055040180683,99.7144546508789,99.7144546508789,99.70756530761719,0.00013316786498762667,0.013316786848008633,30.021963119506836,-30.0220890045166,0.029913460835814476,0.02991333417594433,0.03405078500509262,97.00865173339844,97.0086669921875,96.59492492675781,0.0009939646115526557,0.09939645975828171,-8.21780776977539
341,0,Vocal,22.077980041503906,-22.077970504760742,0.00356998760253191,0.003569986904039979,0.004501185845583677,99.64300537109375,99.64300537109375,99.54988098144531,0.006159152369946241,0.6159152388572693,10.08384895324707,-10.083854675292969,0.34459418058395386,0.34459376335144043,0.32163822650909424,65.54058074951172,65.5406265258789,67.83617401123047,0.08932595700025558,8.932595252990723,-9.20103645324707
341,1,Bass,26.312406539916992,-26.31240463256836,0.009733758866786957,0.009733757004141808,0.0098043791949749,99.02662658691406,99.02662658691406,99.01956176757812,0.0023320873733609915,0.23320873081684113,6.87415075302124,-6.874149322509766,0.3367259204387665,0.33670279383659363,0.338105171918869,66.32740783691406,66.32971954345703,66.18948364257812,0.1703948825597763,17.039487838745117,-15.08449935913086
341,2,Drums,27.164487838745117,-27.16453742980957,0.0009042315068654716,0.0009042313322424889,0.001282671233639121,99.90957641601562,99.90957641601562,99.87173461914062,0.001917421817779541,0.1917421817779541,13.084468841552734,-13.084468841552734,0.151000514626503,0.1510004848241806,0.14452619850635529,84.89994812011719,84.89994812011719,85.54737854003906,0.0468505322933197,4.68505334854126,-11.647032737731934
342,0,Vocal,29.708209991455078,-29.708057403564453,0.01667792722582817,0.016677923500537872,0.018702346831560135,98.33220672607422,98.33220672607422,98.12976837158203,0.0010683739092200994,0.10683739185333252,27.143169403076172,-27.14322280883789,0.014674483798444271,0.014674476347863674,0.015127182938158512,98.53255462646484,98.53255462646484,98.4872817993164,0.0019268384203314781,0.1926838457584381,-2.3959054946899414
342,1,Bass,37.28401184082031,-37.28429412841797,0.019021406769752502,0.01902139186859131,0.019578229635953903,98.09786224365234,98.09786224365234,98.04217529296875,0.0001868400431703776,0.01868400350213051,7.899747371673584,-7.899747848510742,0.4226095378398895,0.422603040933609,0.4430844187736511,57.739044189453125,57.73970031738281,55.691558837890625,0.13955585658550262,13.955585479736328,-24.801963806152344
342,2,Drums,38.32663345336914,-38.32600021362305,0.006173624657094479,0.006173624191433191,0.006342852953821421,99.38263702392578,99.38263702392578,99.36571502685547,0.00014700478641316295,0.014700478874146938,41.147708892822266,-41.14759826660156,0.0021163576748222113,0.0021163574419915676,0.0027901569847017527,99.78836059570312,99.78836059570312,99.72098541259766,7.674434164073318e-05,0.007674434222280979,2.8421590328216553
343,0,Vocal,11.656557083129883,-11.656558990478516,0.017466023564338684,0.017466016113758087,0.02140820398926735,98.25340270996094,98.25340270996094,97.85917663574219,0.06392282992601395,6.392282962799072,13.485994338989258,-13.48598575592041,0.08415314555168152,0.08415262401103973,0.07284808158874512,91.58468627929688,91.5847396850586,92.71519470214844,0.04289061948657036,4.289062023162842,3.0156919956207275
343,1,Bass,22.56545639038086,-22.565431594848633,0.00875342357903719,0.008753392845392227,0.011044268496334553,99.1246566772461,99.1246566772461,98.89557647705078,0.005508814938366413,0.5508815050125122,26.450756072998047,-26.450708389282227,0.13916321098804474,0.13916321098804474,0.14971983432769775,86.08367919921875,86.08367919921875,85.02801513671875,0.002259173197671771,0.22591732442378998,5.926929473876953
343,2,Drums,25.15742301940918,-25.15732192993164,0.0009258437785319984,0.0009258436621166766,0.0022696300875395536,99.90741729736328,99.90741729736328,99.77304077148438,0.0030404487624764442,0.3040448725223541,22.86332893371582,-22.863311767578125,0.02562733180820942,0.025627320632338524,0.03790072351694107,97.43727111816406,97.43727111816406,96.20992279052734,0.005145505536347628,0.5145505666732788,-1.6611849069595337
344,0,Vocal,27.006032943725586,-27.005950927734375,0.023085717111825943,0.023085681721568108,0.023770296946167946,97.6914291381836,97.69143676757812,97.62297058105469,0.001988551812246442,0.1988551765680313,21.727102279663086,-21.727113723754883,0.16697858273983002,0.16697314381599426,0.16809332370758057,83.30213928222656,83.30268859863281,83.19066619873047,0.006673946976661682,0.6673946976661682,-3.9050559997558594
344,1,Bass,17.27802085876465,-17.27800750732422,0.042970508337020874,0.042970508337020874,0.04491225257515907,95.70294952392578,95.70294952392578,95.50877380371094,0.018371516838669777,1.8371516466140747,24.391679763793945,-24.39166259765625,0.060993045568466187,0.060992710292339325,0.06663333624601364,93.90069580078125,93.90072631835938,93.33666229248047,0.0036245950032025576,0.3624595105648041,7.505459785461426
344,2,Drums,38.40483093261719,-38.40387725830078,0.0012304541887715459,0.001230435911566019,0.0018094814149662852,99.876953125,99.87696075439453,99.81905364990234,0.00014437077334150672,0.014437077566981316,11.883256912231445,-11.883255004882812,0.493549644947052,0.4935361444950104,0.4806254506111145,50.64503479003906,50.64638900756836,51.93745422363281,0.060869600623846054,6.0869598388671875,-20.935565948486328
345,0,Vocal,20.351455688476562,-20.351449966430664,0.01594761572778225,0.015947610139846802,0.016903238371014595,98.40523529052734,98.40524291992188,98.30967712402344,0.009138363413512707,0.9138363599777222,13.644680976867676,-13.644680976867676,0.12152821570634842,0.12152819335460663,0.12458022683858871,87.84717559814453,87.84717559814453,87.54197692871094,0.04141542688012123,4.141542911529541,-6.198685169219971
345,1,Bass,27.053773880004883,-27.053720474243164,0.015800274908542633,0.015800273045897484,0.012616154737770557,98.41996765136719,98.41996765136719,98.73838806152344,0.0019668492022901773,0.19668492674827576,16.74764633178711,-16.747650146484375,0.5040929317474365,0.5040826201438904,0.5118715763092041,49.59070587158203,49.591739654541016,48.812843322753906,0.02070845291018486,2.070845365524292,-0.179069384932518
345,2,Drums,30.04601287841797,-30.045948028564453,0.0008186426712200046,0.0008186423801817,0.0,99.91813659667969,99.91813659667969,100.0,0.0009884710889309645,0.09884710609912872,17.43828582763672,-17.438274383544922,0.33196038007736206,0.33195868134498596,0.3231675922870636,66.80396270751953,66.80413818359375,67.68324279785156,0.017717743292450905,1.7717742919921875,-7.323541641235352
346,0,Vocal,24.01868438720703,-24.018699645996094,0.010091167874634266,0.010091151110827923,0.011749755591154099,98.99088287353516,98.99089050292969,98.82502746582031,0.003948314115405083,0.39483141899108887,20.831586837768555,-20.831575393676758,0.05212857946753502,0.05212850123643875,0.05705367773771286,94.78714752197266,94.78714752197266,94.29463195800781,0.008189757354557514,0.8189757466316223,-2.354095458984375
346,1,Bass,31.796581268310547,-31.796628952026367,0.015791358426213264,0.01579132303595543,0.01615792326629162,98.42086791992188,98.42086791992188,98.38420867919922,0.0006608078838326037,0.06608078628778458,-2.828996419906616,2.8289966583251953,0.14960342645645142,0.14960020780563354,0.22735045850276947,85.03965759277344,85.03997802734375,77.26495361328125,0.6573259830474854,65.73259735107422,-30.17017936706543
346,2,Drums,36.046844482421875,-36.04684066772461,0.0027094800025224686,0.002709475113078952,0.008114773780107498,99.72904968261719,99.72905731201172,99.18852233886719,0.00024844109429977834,0.024844110012054443,36.788272857666016,-36.787696838378906,0.0023359667975455523,0.0023359667975455523,0.005830411333590746,99.76640319824219,99.76640319824219,99.41696166992188,0.00020945521828252822,0.02094552107155323,0.7563369870185852
347,0,Vocal,30.52608871459961,-30.52608871459961,0.0024432518985122442,0.0024432509671896696,0.0037840972654521465,99.75567626953125,99.75567626953125,99.62158966064453,0.0008851535967551172,0.08851535618305206,33.921627044677734,-33.922645568847656,0.009595382958650589,0.009595382027328014,0.010725940577685833,99.04045867919922,99.04045867919922,98.92740631103516,0.00040512526175007224,0.04051252454519272,3.499586820602417
347,1,Bass,39.273460388183594,-39.27315902709961,0.0015905629843473434,0.0015905590262264013,0.0019818476866930723,99.8409423828125,99.8409423828125,99.80181121826172,0.00011822494707303122,0.011822494678199291,13.847406387329102,-13.84739875793457,0.15218235552310944,0.15218138694763184,0.1811283528804779,84.78176879882812,84.7818603515625,81.88716125488281,0.03960145264863968,3.9601452350616455,-23.998470306396484
347,2,Drums,17.92076873779297,-17.92075538635254,0.013917378149926662,0.013916956260800362,0.015390530228614807,98.60826110839844,98.60830688476562,98.46094512939453,0.015884360298514366,1.5884360074996948,5.1828932762146,-5.1828932762146,0.5111531019210815,0.5111489295959473,0.35817572474479675,48.88468933105469,48.885108947753906,64.18242645263672,0.23265044391155243,23.265045166015625,-7.311831951141357
348,0,Vocal,19.364152908325195,-19.36415672302246,0.002204340184107423,0.002204338787123561,0.0038898519705981016,99.7795639038086,99.7795639038086,99.61101531982422,0.011444244533777237,1.1444244384765625,16.583663940429688,-16.583660125732422,0.11308153718709946,0.11308147758245468,0.07787654548883438,88.69184875488281,88.69185638427734,92.21234130859375,0.021488193422555923,2.1488194465637207,-1.3046114444732666
348,1,Bass,23.837589263916016,-23.837596893310547,0.005289563909173012,0.005289562977850437,0.02429264411330223,99.4710464477539,99.4710464477539,97.57073211669922,0.004115778487175703,0.41157785058021545,8.608171463012695,-8.608171463012695,0.10288181155920029,0.10288181155920029,0.06551268696784973,89.71182250976562,89.71182250976562,93.44873046875,0.12109468132257462,12.109468460083008,-9.532849311828613
348,2,Drums,19.94802474975586,-19.94801139831543,0.0030892828945070505,0.0030892794020473957,0.028018971905112267,99.69107055664062,99.69107055664062,97.19810485839844,0.010019042529165745,1.0019042491912842,27.6346492767334,-27.63465118408203,0.0029143316205590963,0.0029143316205590963,0.015148979611694813,99.70857238769531,99.70857238769531,98.48509979248047,0.001721048727631569,0.1721048653125763,7.636520862579346
349,0,Vocal,22.059917449951172,-22.059926986694336,0.01080895122140646,0.010808950290083885,0.011698709800839424,98.91910552978516,98.91910552978516,98.83012390136719,0.0061846463941037655,0.6184646487236023,26.223751068115234,-26.223976135253906,0.07825927436351776,0.07825927436351776,0.07474304735660553,92.174072265625,92.174072265625,92.52569580078125,0.0023799901828169823,0.23799902200698853,4.508083820343018
349,1,Bass,38.98534393310547,-38.98576736450195,0.046569909900426865,0.046569693833589554,0.04712247848510742,95.34300994873047,95.34303283691406,95.28775024414062,0.0001263390004169196,0.01263390015810728,-4.813203811645508,4.81320333480835,0.28666359186172485,0.28662776947021484,0.07981300354003906,71.3336410522461,71.33721923828125,92.0186996459961,0.7518085241317749,75.18085479736328,-29.51976776123047
349,2,Drums,33.95692443847656,-33.9566764831543,0.0022665360011160374,0.00226653553545475,0.0019670254550874233,99.77334594726562,99.77334594726562,99.80329895019531,0.00040191246080212295,0.04019124433398247,34.48664093017578,-34.486324310302734,0.0115507822483778,0.011550772935152054,0.011714895255863667,98.84492492675781,98.84492492675781,98.8285140991211,0.0003557968884706497,0.03557968884706497,0.5540096759796143
350,0,Vocal,14.409598350524902,-14.40959358215332,0.05533522367477417,0.05533513426780701,0.05418454855680466,94.46647644042969,94.46648406982422,94.58154296875,0.03496110811829567,3.4961109161376953,22.8853816986084,-22.885358810424805,0.03811844438314438,0.03811567649245262,0.050448380410671234,96.18815612792969,96.18843078613281,94.95516204833984,0.005119614768773317,0.5119614601135254,8.445059776306152
350,1,Bass,27.930110931396484,-27.930049896240234,0.0061033680103719234,0.0061033423990011215,0.011439741589128971,99.38966369628906,99.38966369628906,98.85602569580078,0.0016080569475889206,0.16080570220947266,4.651061058044434,-4.651060581207275,0.705369234085083,0.705280065536499,0.7365562319755554,29.463077545166016,29.47199249267578,26.344377517700195,0.2552231550216675,25.522315979003906,-11.1271333694458
350,2,Drums,35.842247009277344,-35.841941833496094,0.0002024144196184352,0.0002024139539571479,0.0,99.9797592163086,99.9797592163086,100.0,0.0002604321052785963,0.026043210178613663,7.650033950805664,-7.6500325202941895,0.26083433628082275,0.2608339190483093,0.2939335107803345,73.91656494140625,73.91661071777344,70.60665130615234,0.14660446345806122,14.660446166992188,-23.025739669799805
351,0,Vocal,27.240076065063477,-27.240318298339844,0.0026862595696002245,0.0026862595696002245,0.005608638282865286,99.73137664794922,99.73137664794922,99.43914031982422,0.0018843498546630144,0.18843498826026917,18.505537033081055,-18.505544662475586,0.0799299031496048,0.07992987334728241,0.06902308762073517,92.00701141357422,92.00701141357422,93.09769439697266,0.013911092653870583,1.3911092281341553,-8.317035675048828
351,1,Bass,28.066041946411133,-28.066083908081055,0.0028370723593980074,0.0028370723593980074,0.001046065823175013,99.71629333496094,99.71629333496094,99.89539337158203,0.0015585623914375901,0.15585623681545258,21.743022918701172,-21.743040084838867,0.19216056168079376,0.19216038286685944,0.21717475354671478,80.78394317626953,80.78396606445312,78.28252410888672,0.006649691611528397,0.6649691462516785,-0.12284830957651138
351,2,Drums,22.559646606445312,-22.559616088867188,0.005036279559135437,0.0050362772308290005,0.008773930370807648,99.49636840820312,99.49636840820312,99.12260437011719,0.005516129080206156,0.551612913608551,23.187911987304688,-23.18790054321289,0.0030414958018809557,0.0030414953362196684,0.0051598516292870045,99.69584655761719,99.69584655761719,99.48401641845703,0.0047767311334609985,0.47767311334609985,0.6365686655044556
352,0,Vocal,16.591156005859375,-16.591156005859375,0.02824866585433483,0.028248630464076996,0.027584269642829895,97.17513275146484,97.17514038085938,97.2415771484375,0.02145192213356495,2.1451921463012695,21.156599044799805,-21.156599044799805,0.2535742521286011,0.2535736560821533,0.26114171743392944,74.642578125,74.64263153076172,73.88582611083984,0.0076036774553358555,0.760367751121521,7.867537498474121
352,1,Bass,15.18017864227295,-15.180176734924316,0.10628408938646317,0.10628380626440048,0.11011388897895813,89.37158966064453,89.37162017822266,88.98861694335938,0.029444420710206032,2.9444420337677,31.371191024780273,-31.371051788330078,0.017166180536150932,0.01716608926653862,0.019463034346699715,98.28337860107422,98.28339385986328,98.05369567871094,0.0007287643384188414,0.07287643104791641,16.378013610839844
352,2,Drums,40.5295524597168,-40.526893615722656,0.0025665664579719305,0.0025665664579719305,0.0029534061904996634,99.74333953857422,99.74333953857422,99.70465850830078,8.853121107676998e-05,0.008853120729327202,19.469924926757812,-19.46991539001465,0.20465482771396637,0.20465481281280518,0.20169678330421448,79.53451538085938,79.53451538085938,79.830322265625,0.011171925812959671,1.1171926259994507,-17.843717575073242
353,0,Vocal,9.451118469238281,-9.451118469238281,0.052426282316446304,0.05242624878883362,0.051300063729286194,94.75736999511719,94.75737762451172,94.8699951171875,0.1019081398844719,10.190814018249512,30.883434295654297,-30.883359909057617,0.02908298373222351,0.02908298373222351,0.030621277168393135,97.0916976928711,97.0916976928711,96.93787384033203,0.0008152870577760041,0.08152870833873749,21.6094970703125
353,1,Bass,10.449928283691406,-10.449928283691406,0.037587858736515045,0.03758782520890236,0.0358637236058712,96.2412109375,96.24121856689453,96.41362762451172,0.08270227909088135,8.270227432250977,20.003677368164062,-20.003721237182617,0.12338060140609741,0.12337937206029892,0.11526398360729218,87.66194152832031,87.66206359863281,88.47360229492188,0.009892623871564865,0.9892624020576477,10.143714904785156
353,2,Drums,27.546796798706055,-27.546634674072266,0.00023027924180496484,0.00023027797578833997,0.000520570669323206,99.97697448730469,99.97697448730469,99.94794464111328,0.001756155863404274,0.1756155788898468,21.09436798095703,-21.094341278076172,0.07466675341129303,0.07466674596071243,0.06279443204402924,92.5333251953125,92.5333251953125,93.7205581665039,0.0077126165851950645,0.7712616324424744,-5.695714473724365
354,0,Vocal,22.49565887451172,-22.495641708374023,0.014297880232334137,0.014297879301011562,0.01505708135664463,98.5702133178711,98.5702133178711,98.49429321289062,0.005597569048404694,0.559756875038147,12.107336044311523,-12.107343673706055,0.35768118500709534,0.35768067836761475,0.36025378108024597,64.23188781738281,64.23193359375,63.97461700439453,0.0579860657453537,5.7986063957214355,-6.498412132263184
354,1,Bass,10.882867813110352,-10.882864952087402,0.1310618370771408,0.13106073439121246,0.14483673870563507,86.89381408691406,86.89392852783203,85.51632690429688,0.07544753700494766,7.544753551483154,8.962851524353027,-8.962851524353027,0.24132691323757172,0.24131761491298676,0.2608146667480469,75.8673095703125,75.86824035644531,73.91853332519531,0.11266814172267914,11.266814231872559,-0.4375217854976654
354,2,Drums,27.02787208557129,-27.027881622314453,0.004979130811989307,0.0049791294150054455,0.005484871566295624,99.50209045410156,99.50209045410156,99.4515151977539,0.0019786010961979628,0.19786010682582855,14.779492378234863,-14.779489517211914,0.24173876643180847,0.24173857271671295,0.26921531558036804,75.82611846923828,75.82614135742188,73.0784683227539,0.032198622822761536,3.219862222671509,-10.869961738586426
355,0,Vocal,20.284385681152344,-20.28435516357422,0.024872375652194023,0.024872364476323128,0.02524537406861782,97.51276397705078,97.51276397705078,97.4754638671875,0.009279259480535984,0.9279259443283081,16.144548416137695,-16.1445369720459,0.10710451006889343,0.10710451006889343,0.10311181843280792,89.28954315185547,89.28954315185547,89.6888198852539,0.023720264434814453,2.3720264434814453,-3.039931058883667
355,1,Bass,24.067533493041992,-24.06755828857422,0.0706794410943985,0.07067934423685074,0.07499924302101135,92.93206024169922,92.93206024169922,92.50007629394531,0.003904322860762477,0.39043229818344116,18.685009002685547,-18.685012817382812,0.1520741879940033,0.1520712822675705,0.15511676669120789,84.7925796508789,84.7928695678711,84.48831939697266,0.013355512171983719,1.3355512619018555,-4.613803386688232
355,2,Drums,29.136672973632812,-29.13661766052246,0.011258759535849094,0.01125875674188137,0.011255872435867786,98.8741226196289,98.8741226196289,98.8744125366211,0.001218438264913857,0.12184382975101471,16.53949737548828,-16.539501190185547,0.13973385095596313,0.13973331451416016,0.09824306517839432,86.026611328125,86.02667236328125,90.17569732666016,0.02170303836464882,2.1703038215637207,-10.500287055969238
356,0,Vocal,17.749046325683594,-17.74905014038086,0.020576030015945435,0.02057601511478424,0.02286653406918049,97.94239807128906,97.94239807128906,97.71334838867188,0.016514405608177185,1.6514406204223633,19.414222717285156,-19.414236068725586,0.1516997516155243,0.15169963240623474,0.14861610531806946,84.83002471923828,84.83003234863281,85.13838958740234,0.011314498260617256,1.131449818611145,2.8762142658233643
356,1,Bass,13.434515953063965,-13.434514999389648,0.031171496957540512,0.031171487644314766,0.040603410452604294,96.88285064697266,96.88285064697266,95.93965911865234,0.043379850685596466,4.337985038757324,18.377300262451172,-18.377307891845703,0.17383545637130737,0.17383480072021484,0.18010443449020386,82.616455078125,82.61651611328125,81.98955535888672,0.014322040602564812,1.432204008102417,7.5695719718933105
356,2,Drums,32.95132064819336,-32.95124435424805,0.001378874876536429,0.001378874760121107,0.0024850645568221807,99.86211395263672,99.86211395263672,99.75149536132812,0.000506567070260644,0.05065670609474182,18.639371871948242,-18.63937759399414,0.14096908271312714,0.14096669852733612,0.12164796143770218,85.90309143066406,85.90332794189453,87.835205078125,0.013494662940502167,1.349466323852539,-13.414536476135254
357,0,Vocal,18.069753646850586,-18.069747924804688,0.05229762941598892,0.052297573536634445,0.054713670164346695,94.77023315429688,94.7702407836914,94.52863311767578,0.015356901101768017,1.5356900691986084,19.27055549621582,-19.270597457885742,0.2741955518722534,0.2741939127445221,0.2768995463848114,72.5804443359375,72.58061218261719,72.31004333496094,0.011690567247569561,1.16905677318573,5.536133766174316
357,1,Bass,16.556047439575195,-16.5560359954834,0.11356514692306519,0.11356504261493683,0.11280661076307297,88.64348602294922,88.64349365234375,88.7193374633789,0.021622344851493835,2.1622345447540283,20.225727081298828,-20.22569465637207,0.1054506003856659,0.10544860363006592,0.1050712913274765,89.45494079589844,89.45513916015625,89.49286651611328,0.009404284879565239,0.9404284954071045,4.196934700012207
357,2,Drums,37.43055725097656,-37.4303092956543,0.0025077403988689184,0.0025077383033931255,0.0032749520614743233,99.74922180175781,99.74922180175781,99.67250061035156,0.0001806495274649933,0.0180649533867836,21.36602210998535,-21.36602783203125,0.18012939393520355,0.18012934923171997,0.15587565302848816,81.987060546875,81.98706817626953,84.41242980957031,0.007248361129313707,0.7248361110687256,-14.303775787353516
358,0,Vocal,21.432788848876953,-21.432758331298828,0.017503848299384117,0.01750384084880352,0.017622629180550575,98.2496109008789,98.2496109008789,98.23773193359375,0.007138588931411505,0.7138589024543762,10.267644882202148,-10.267640113830566,0.4711940288543701,0.4711932837963104,0.47378018498420715,52.88059616088867,52.88066864013672,52.621986389160156,0.08594273030757904,8.59427261352539,-5.490893363952637
358,1,Bass,12.82535171508789,-12.825345039367676,0.21046869456768036,0.21046867966651917,0.20351655781269073,78.95313262939453,78.95313262939453,79.64834594726562,0.049588073045015335,4.958807468414307,6.910414218902588,-6.910414695739746,0.2541896104812622,0.25418052077293396,0.33016517758369446,74.58103942871094,74.58194732666016,66.98348236083984,0.16921770572662354,16.921770095825195,-4.070586204528809
358,2,Drums,23.890514373779297,-23.890525817871094,0.00029841772629879415,0.0002984151942655444,0.0014634483959525824,99.97015380859375,99.97015380859375,99.85365295410156,0.004066090099513531,0.4066089987754822,20.557138442993164,-20.557146072387695,0.2215164750814438,0.2215164750814438,0.22277817130088806,77.84835052490234,77.84835052490234,77.72218322753906,0.00871930830180645,0.8719308376312256,-2.1981279850006104
359,0,Vocal,17.219621658325195,-17.219650268554688,0.0017252032412216067,0.0017252027755603194,0.0020096045918762684,99.82748413085938,99.82748413085938,99.79903411865234,0.018615543842315674,1.8615543842315674,12.77462100982666,-12.774619102478027,0.1982221156358719,0.19822204113006592,0.22356483340263367,80.17778778076172,80.17779541015625,77.64351654052734,0.05014146864414215,5.01414680480957,-2.406691074371338
359,1,Bass,29.962928771972656,-29.96291160583496,0.0014303126372396946,0.0014303027419373393,0.0026513359043747187,99.85696411132812,99.85697174072266,99.73486328125,0.001007606158964336,0.10076061636209488,16.052766799926758,-16.052764892578125,0.08621945977210999,0.0862145721912384,0.11296330392360687,91.37805938720703,91.37854766845703,88.70366668701172,0.02421465702354908,2.4214656352996826,-12.75020980834961
359,2,Drums,-3.5137887001037598,3.5137887001037598,0.11972693353891373,0.11972611397504807,0.1451033502817154,88.02730560302734,88.02738952636719,85.48966979980469,0.691913366317749,69.19133758544922,-3.1244454383850098,3.1244454383850098,0.4806000292301178,0.4805978536605835,0.5057780742645264,51.939998626708984,51.940216064453125,49.42219161987305,0.6724815368652344,67.24815368652344,5.209110260009766
360,0,Vocal,25.97046661376953,-25.97049331665039,0.006071136798709631,0.006071136798709631,0.008580809459090233,99.39288330078125,99.39288330078125,99.14192199707031,0.0025226243305951357,0.2522624433040619,16.06624984741211,-16.066253662109375,0.4655122458934784,0.465512216091156,0.47523483633995056,53.44877243041992,53.44878005981445,52.47651290893555,0.024141358211636543,2.4141359329223633,-4.7238569259643555
360,1,Bass,15.670402526855469,-15.67039680480957,0.05845832824707031,0.058458030223846436,0.06564418971538544,94.15416717529297,94.1541976928711,93.43557739257812,0.026384441182017326,2.638444185256958,23.491928100585938,-23.492021560668945,0.2765018939971924,0.276500403881073,0.2868555784225464,72.34980773925781,72.34996032714844,71.31444549560547,0.0044551449827849865,0.4455145001411438,10.753335952758789
360,2,Drums,24.29568862915039,-24.295631408691406,0.0005049601895734668,0.0005049601895734668,0.0015341900289058685,99.94950103759766,99.94950103759766,99.8465805053711,0.0037052875850349665,0.3705287575721741,25.51190948486328,-25.511913299560547,0.046931248158216476,0.046931248158216476,0.04160354286432266,95.30686950683594,95.30686950683594,95.83964538574219,0.0028028369415551424,0.28028368949890137,1.6439155340194702
361,0,Vocal,33.548858642578125,-33.549007415771484,0.023348750546574593,0.023348744958639145,0.02741226740181446,97.66512298583984,97.66512298583984,97.25877380371094,0.0004414601135067642,0.044146012514829636,18.886837005615234,-18.886842727661133,0.12254051864147186,0.12254051864147186,0.13396328687667847,87.7459487915039,87.7459487915039,86.60366821289062,0.012756788171827793,1.2756788730621338,-14.120441436767578
361,1,Bass,16.130050659179688,-16.130041122436523,0.03743944689631462,0.037439215928316116,0.028111876919865608,96.25605010986328,96.2560806274414,97.18881225585938,0.023797694593667984,2.3797695636749268,-5.5841593742370605,5.5841593742370605,0.6514896750450134,0.6514896750450134,0.6649171710014343,34.85103225708008,34.85103225708008,33.50828170776367,0.7834354639053345,78.34354400634766,-4.172441005706787
361,2,Drums,34.844520568847656,-34.84476089477539,0.00252726161852479,0.0025272562634199858,0.0007830534013919532,99.74727630615234,99.74727630615234,99.92169952392578,0.00032763733179308474,0.032763734459877014,22.250606536865234,-22.25062370300293,0.17802326381206512,0.178023099899292,0.1831860989332199,82.19766998291016,82.19769287109375,81.68138885498047,0.005920556839555502,0.5920556783676147,-11.261073112487793
362,0,Vocal,26.36141014099121,-26.361379623413086,0.0075136590749025345,0.0075136576779186726,0.015241147950291634,99.2486343383789,99.2486343383789,98.47588348388672,0.0023060219828039408,0.2306022047996521,19.582427978515625,-19.582412719726562,0.05254020914435387,0.05254019796848297,0.07115127891302109,94.74597930908203,94.74597930908203,92.88487243652344,0.010889381170272827,1.0889381170272827,-6.605790138244629
362,1,Bass,25.986955642700195,-25.986957550048828,0.001389598473906517,0.0013895940501242876,0.002256441628560424,99.86103820800781,99.86103820800781,99.77435302734375,0.0025131397414952517,0.2513139843940735,11.321526527404785,-11.321526527404785,0.7596752643585205,0.7596752643585205,0.755808413028717,24.032474517822266,24.032474517822266,24.419158935546875,0.06869710981845856,6.869710922241211,6.586200714111328
362,2,Drums,33.27824401855469,-33.278011322021484,0.015689682215452194,0.015689676627516747,0.01940765045583248,98.4310302734375,98.4310302734375,98.05923461914062,0.0004699030832853168,0.04699030891060829,24.4134521484375,-24.41347885131836,0.0869101956486702,0.0869099497795105,0.1011047214269638,91.3089828491211,91.30900573730469,89.8895263671875,0.0036064840387552977,0.36064839363098145,-7.953901290893555
363,0,Vocal,16.81624984741211,-16.816232681274414,0.010844288393855095,0.010844227857887745,0.015963571146130562,98.91557312011719,98.91557312011719,98.40364074707031,0.020390501245856285,2.0390501022338867,28.808584213256836,-28.80863380432129,0.009837438352406025,0.00983742531388998,0.014710045419633389,99.0162582397461,99.0162582397461,98.52899169921875,0.0013139138463884592,0.13139139115810394,12.017229080200195
363,1,Bass,16.33171844482422,-16.331737518310547,0.02261495217680931,0.022614769637584686,0.023576177656650543,97.7385025024414,97.738525390625,97.64237976074219,0.02274240367114544,2.274240255355835,1.7571609020233154,-1.7571613788604736,0.7968882918357849,0.7968812584877014,0.8043551445007324,20.31117057800293,20.311874389648438,19.564485549926758,0.4002073407173157,40.02073287963867,3.4927096366882324
363,2,Drums,34.04018783569336,-34.03977584838867,0.000505521718878299,0.0005055212532170117,0.00032345473300665617,99.94944763183594,99.94944763183594,99.9676513671875,0.00039429788012057543,0.039429787546396255,18.002655029296875,-18.002641677856445,0.22779987752437592,0.22779935598373413,0.253638356924057,77.22000885009766,77.22006225585938,74.63616180419922,0.015592300333082676,1.559230089187622,-13.513935089111328
364,0,Vocal,18.787744522094727,-18.787729263305664,0.02022356539964676,0.020223531872034073,0.025441590696573257,97.97764587402344,97.97764587402344,97.45584106445312,0.013047322630882263,1.304732322692871,21.77598762512207,-21.775941848754883,0.03918251767754555,0.03918193280696869,0.04380139335989952,96.08174896240234,96.08180236816406,95.61986541748047,0.006599758751690388,0.6599758863449097,3.215691089630127
364,1,Bass,16.720754623413086,-16.720748901367188,0.06478934735059738,0.0647893100976944,0.08557967096567154,93.52106475830078,93.52107238769531,91.44203186035156,0.020834438502788544,2.0834438800811768,5.916609764099121,-5.916610240936279,0.701888382434845,0.7018000483512878,0.6797533631324768,29.811161041259766,29.819995880126953,32.024662017822266,0.2038586586713791,20.385866165161133,5.032878875732422
364,2,Drums,37.20710372924805,-37.207088470458984,0.00018383115821052343,0.00018383070710115135,0.0006858272827230394,99.98162078857422,99.98162078857422,99.9314193725586,0.00019021173648070544,0.01902117393910885,18.49507713317871,-18.495084762573242,0.22232380509376526,0.2223200649023056,0.21313048899173737,77.76762390136719,77.76799011230469,78.68695068359375,0.013944204896688461,1.3944205045700073,-16.98298454284668
365,0,Vocal,18.066604614257812,-18.06660270690918,0.022514862939715385,0.022514861077070236,0.040072470903396606,97.7485122680664,97.7485122680664,95.99275207519531,0.01536788884550333,1.5367889404296875,27.227569580078125,-27.22743034362793,0.016713909804821014,0.016713866963982582,0.03597245737910271,98.32860565185547,98.32861328125,96.40275573730469,0.001889872131869197,0.18898721039295197,9.185510635375977
365,1,Bass,21.74757194519043,-21.747560501098633,0.005323096178472042,0.005323092453181744,0.006897583603858948,99.46768951416016,99.46768951416016,99.31024169921875,0.006642816588282585,0.6642816662788391,5.906065940856934,-5.906066417694092,0.6343432068824768,0.6343417763710022,0.6791253089904785,36.565677642822266,36.56582260131836,32.08747100830078,0.20425298810005188,20.4252986907959,0.2467249482870102
365,2,Drums,29.114395141601562,-29.11435317993164,0.0015127771766856313,0.0015127771766856313,0.0023179256822913885,99.84872436523438,99.84872436523438,99.7682113647461,0.001224688021466136,0.12246879935264587,26.054914474487305,-26.054943084716797,0.0331825390458107,0.03318250924348831,0.04685370624065399,96.68174743652344,96.68174743652344,95.31462860107422,0.0024741855449974537,0.24741855263710022,-2.610271692276001
366,0,Vocal,24.292604446411133,-24.292573928833008,0.0002967474574688822,0.00029674742836505175,0.0035236573312431574,99.97032165527344,99.97032165527344,99.64763641357422,0.0037078855093568563,0.3707885444164276,6.897668361663818,-6.897666931152344,0.5505560040473938,0.550555944442749,0.6977243423461914,44.944400787353516,44.94440460205078,30.22756576538086,0.1696307212114334,16.963071823120117,-9.41974925994873
366,1,Bass,22.888484954833984,-22.888490676879883,0.0008305878727696836,0.0008305868832394481,0.0007721192669123411,99.91693878173828,99.91693878173828,99.92279052734375,0.0051159183494746685,0.5115918517112732,3.109083652496338,-3.109083652496338,0.8107329607009888,0.8106004595756531,0.8022870421409607,18.92670440673828,18.93995475769043,19.77129554748535,0.32829803228378296,32.829803466796875,-7.127526760101318
366,2,Drums,-7.049983978271484,7.049983024597168,0.10510818660259247,0.10510814934968948,0.11528263986110687,89.48918151855469,89.48918914794922,88.47173309326172,0.8352522850036621,83.52523040771484,-6.414570331573486,6.414570331573486,0.4222322404384613,0.4222318232059479,0.4853556156158447,57.776771545410156,57.77682113647461,51.464439392089844,0.8141204714775085,81.41204833984375,2.5926690101623535
367,0,Vocal,28.79224395751953,-28.792320251464844,0.006527346093207598,0.006527344696223736,0.009563034400343895,99.3472671508789,99.3472671508789,99.04369354248047,0.001318848691880703,0.1318848729133606,22.58672332763672,-22.58666229248047,0.16944637894630432,0.16944636404514313,0.16848552227020264,83.05536651611328,83.05536651611328,83.15145111083984,0.005482039880007505,0.5482040047645569,-4.1231608390808105
367,1,Bass,18.322952270507812,-18.32294273376465,0.017677847295999527,0.017677847295999527,0.018702233210206032,98.23221588134766,98.23221588134766,98.12977600097656,0.014499819837510586,1.449981927871704,20.377548217773438,-20.377540588378906,0.158935546875,0.15893545746803284,0.15163570642471313,84.1064453125,84.10646057128906,84.83642578125,0.009084106422960758,0.9084106683731079,4.3752923011779785
367,2,Drums,39.8587646484375,-39.85798645019531,0.001541997422464192,0.0015419943956658244,0.001982780871912837,99.8458023071289,99.8458023071289,99.80171966552734,0.00010328516509616747,0.010328516364097595,21.861745834350586,-21.86176300048828,0.08026040345430374,0.08025917410850525,0.07876277714967728,91.97396087646484,91.97408294677734,92.12372589111328,0.00647148909047246,0.6471489071846008,-16.882808685302734
368,0,Vocal,12.57917308807373,-12.579181671142578,0.09501723945140839,0.09501692652702332,0.0957665666937828,90.49827575683594,90.49830627441406,90.42334747314453,0.05232873186469078,5.23287296295166,20.198801040649414,-20.19878578186035,0.2047617882490158,0.204759880900383,0.2040139138698578,79.52381896972656,79.52400970458984,79.59860229492188,0.009462174959480762,0.9462174773216248,10.038973808288574
368,1,Bass,12.286252975463867,-12.28625202178955,0.20195727050304413,0.2019565999507904,0.1980402171611786,79.80426788330078,79.80433654785156,80.19597625732422,0.05577632784843445,5.577632904052734,9.276869773864746,-9.276869773864746,0.17536890506744385,0.1753387600183487,0.15058955550193787,82.4631118774414,82.46612548828125,84.9410400390625,0.10563933849334717,10.563934326171875,-1.902436375617981
368,2,Drums,45.248695373535156,-45.251792907714844,0.0009561461629346013,0.0009561461629346013,0.0010727423941716552,99.90438842773438,99.90438842773438,99.8927230834961,2.9836040994268842e-05,0.0029836040921509266,33.96014404296875,-33.9600830078125,0.03507041186094284,0.03506980463862419,0.034598469734191895,96.49295806884766,96.4930191040039,96.54015350341797,0.00040165052632801235,0.04016505181789398,-11.124826431274414
369,0,Vocal,17.248062133789062,-17.248062133789062,0.07448163628578186,0.07448156923055649,0.07555816322565079,92.55184173583984,92.55184173583984,92.44418334960938,0.018496347591280937,1.8496347665786743,15.82972526550293,-15.829708099365234,0.05536087974905968,0.05536044389009476,0.053713250905275345,94.46391296386719,94.46395874023438,94.62867736816406,0.025458265095949173,2.5458264350891113,-1.3211392164230347
369,1,Bass,3.1096222400665283,-3.109621524810791,0.33219659328460693,0.332195907831192,0.3316597640514374,66.78034210205078,66.78041076660156,66.83402252197266,0.32827070355415344,32.82707214355469,10.198501586914062,-10.198508262634277,0.31774452328681946,0.31774449348449707,0.26550012826919556,68.22554779052734,68.22554779052734,73.44998931884766,0.08720158040523529,8.720157623291016,12.219278335571289
369,2,Drums,38.79288864135742,-38.79076385498047,0.0012368493480607867,0.0012368493480607867,0.001282346434891224,99.87631225585938,99.87631225585938,99.87176513671875,0.00013205394498072565,0.013205394148826599,7.950932502746582,-7.950931072235107,0.27380073070526123,0.27379781007766724,0.23068533837795258,72.61992645263672,72.6202163696289,76.93146514892578,0.13814659416675568,13.814659118652344,-30.231590270996094
370,0,Vocal,11.525083541870117,-11.52508544921875,0.20618773996829987,0.2061874121427536,0.205756276845932,79.3812255859375,79.38125610351562,79.42436981201172,0.0657583624124527,6.575836181640625,13.930598258972168,-13.93059253692627,0.2679920494556427,0.2679916024208069,0.27338868379592896,73.20079803466797,73.20083618164062,72.6611328125,0.03887929394841194,3.8879294395446777,3.1649622917175293
370,1,Bass,3.82460355758667,-3.824603319168091,0.2742900848388672,0.2742897570133209,0.27638348937034607,72.57099151611328,72.57102966308594,72.36164855957031,0.2930436134338379,29.30436134338379,17.647109985351562,-17.647104263305664,0.3236001133918762,0.3235962390899658,0.3249092102050781,67.6399917602539,67.64037322998047,67.50907897949219,0.016900017857551575,1.6900017261505127,15.350534439086914
370,2,Drums,36.67359924316406,-36.673797607421875,0.0005148764466866851,0.0005148640484549105,0.0010906524257734418,99.94851684570312,99.94851684570312,99.89093780517578,0.00021507056953851134,0.021507056429982185,19.612451553344727,-19.612428665161133,0.233354851603508,0.23334600031375885,0.21833796799182892,76.66451263427734,76.6654052734375,78.16620635986328,0.010815153829753399,1.0815154314041138,-15.576741218566895
371,0,Vocal,11.892367362976074,-11.89236831665039,0.23452700674533844,0.23452700674533844,0.23636691272258759,76.54730224609375,76.54730224609375,76.3633041381836,0.06074977293610573,6.074977397918701,30.60614776611328,-30.606117248535156,0.10047286748886108,0.10046815872192383,0.10120093822479248,89.95271301269531,89.95318603515625,89.8799057006836,0.0008689956157468259,0.08689956367015839,19.222625732421875
371,1,Bass,6.420207977294922,-6.420207500457764,0.12161096930503845,0.12160748243331909,0.10754815489053726,87.83889770507812,87.83924865722656,89.24518585205078,0.18568317592144012,18.568317413330078,10.678686141967773,-10.678686141967773,0.1593141257762909,0.15931354463100433,0.20211707055568695,84.06858825683594,84.06864166259766,79.78829193115234,0.07879316806793213,7.879316806793213,8.436549186706543
371,2,Drums,36.54547882080078,-36.544403076171875,0.0003864130121655762,0.0003864079772029072,0.002183516975492239,99.96135711669922,99.96135711669922,99.78164672851562,0.00022149413416627795,0.02214941382408142,25.524707794189453,-25.524669647216797,0.050770021975040436,0.050767961889505386,0.04946430027484894,94.9229965209961,94.92320251464844,95.05357360839844,0.0027945421170443296,0.27945420145988464,-10.55978775024414
372,0,Vocal,12.013315200805664,-12.013321876525879,0.24774101376533508,0.2477407157421112,0.24592995643615723,75.22589874267578,75.22592163085938,75.4070053100586,0.05917995423078537,5.917995452880859,26.613977432250977,-26.614013671875,0.15433663129806519,0.1543322652578354,0.15677087008953094,84.56633758544922,84.5667724609375,84.32291412353516,0.0021759832743555307,0.2175983339548111,15.332437515258789
372,1,Bass,7.179333686828613,-7.1793341636657715,0.2373601347208023,0.23735842108726501,0.23080384731292725,76.26398468017578,76.26415252685547,76.91961669921875,0.160690039396286,16.06900405883789,25.391332626342773,-25.39134979248047,0.06344988942146301,0.06344803422689438,0.059887196868658066,93.65501403808594,93.65519714355469,94.01128387451172,0.002881454536691308,0.2881454527378082,18.687700271606445
372,2,Drums,40.474334716796875,-40.47486114501953,0.0006596844177693129,0.0006596833118237555,0.0006080975872464478,99.93402862548828,99.93402862548828,99.93919372558594,8.965955930761993e-05,0.008965956047177315,17.153860092163086,-17.15385627746582,0.07497792690992355,0.07497726380825043,0.056828632950782776,92.50220489501953,92.50227355957031,94.317138671875,0.018894275650382042,1.8894275426864624,-21.805566787719727
373,0,Vocal,16.137535095214844,-16.137527465820312,0.07193267345428467,0.07193266600370407,0.07235667109489441,92.80673217773438,92.80673217773438,92.76432800292969,0.0237576961517334,2.37576961517334,34.33220291137695,-34.33205032348633,0.008572331629693508,0.008572323247790337,0.008580268360674381,99.14276885986328,99.14276885986328,99.14197540283203,0.0003686597920022905,0.03686597943305969,18.231170654296875
373,1,Bass,7.61948823928833,-7.61948823928833,0.2695285677909851,0.26952847838401794,0.2675311267375946,73.0471420288086,73.04714965820312,73.24688720703125,0.14748656749725342,14.7486572265625,14.285344123840332,-14.285346984863281,0.362202912569046,0.36220216751098633,0.3561212718486786,63.77971267700195,63.77978515625,64.38787078857422,0.0359392911195755,3.5939290523529053,12.396968841552734
373,2,Drums,26.492877960205078,-26.492877960205078,0.0001755233242874965,0.00017552329518366605,0.0005804504617117345,99.9824447631836,99.9824447631836,99.94195556640625,0.002237392822280526,0.22373928129673004,29.984844207763672,-29.984891891479492,0.018581479787826538,0.01858147792518139,0.017245467752218246,98.141845703125,98.14185333251953,98.27545166015625,0.0010024755029007792,0.10024754703044891,3.719299077987671
374,0,Vocal,13.7403564453125,-13.74035358428955,0.13356907665729523,0.13356906175613403,0.13261842727661133,86.64309692382812,86.64309692382812,86.7381591796875,0.04054967686533928,4.054967880249023,16.393280029296875,-16.393268585205078,0.12461014837026596,0.12460890412330627,0.12241736054420471,87.53898620605469,87.53911590576172,87.75827026367188,0.0224295686930418,2.2429568767547607,3.847119092941284
374,1,Bass,9.517899513244629,-9.517899513244629,0.24806393682956696,0.24806387722492218,0.25191810727119446,75.19361114501953,75.19361114501953,74.80818939208984,0.1005093976855278,10.050939559936523,14.714564323425293,-14.714561462402344,0.29185250401496887,0.29184070229530334,0.31129172444343567,70.81475067138672,70.81593322753906,68.87083435058594,0.03266778588294983,3.2667784690856934,8.153769493103027
374,2,Drums,30.08498191833496,-30.085033416748047,0.00018091226229444146,0.00018091224774252623,0.0005706780357286334,99.9819107055664,99.9819107055664,99.94293212890625,0.0009796592639759183,0.09796592593193054,17.739795684814453,-17.73979949951172,0.23899614810943604,0.23899231851100922,0.23790813982486725,76.10038757324219,76.10076904296875,76.20919036865234,0.016549043357372284,1.6549043655395508,-11.106315612792969
375,0,Vocal,15.751766204833984,-15.75177001953125,0.09891247749328613,0.09891042113304138,0.10117097198963165,90.10874938964844,90.10895538330078,89.88290405273438,0.025907378643751144,2.590737819671631,18.181257247924805,-18.181262969970703,0.1342800110578537,0.1342783421278,0.1351214200258255,86.5719985961914,86.5721664428711,86.48786163330078,0.014973470009863377,1.4973469972610474,3.716350793838501
375,1,Bass,7.6047258377075195,-7.604725360870361,0.15143969655036926,0.15143781900405884,0.1387374997138977,84.85603332519531,84.85621643066406,86.12625122070312,0.14791445434093475,14.7914457321167,17.791885375976562,-17.791889190673828,0.10507771372795105,0.10507714748382568,0.11972656846046448,89.49222564697266,89.4922866821289,88.02734375,0.016355011612176895,1.6355011463165283,12.596781730651855
375,2,Drums,26.682348251342773,-26.68228530883789,0.00024126812058966607,0.00024126753851305693,0.0019869909156113863,99.97587585449219,99.97587585449219,99.80130004882812,0.002142051700502634,0.21420517563819885,22.975234985351562,-22.975238800048828,0.05272716283798218,0.05272708088159561,0.05304080247879028,94.72728729248047,94.72728729248047,94.6959228515625,0.0050152684561908245,0.5015268325805664,-3.202274799346924
376,0,Vocal,6.079724311828613,-6.079724311828613,0.020076900720596313,0.020076576620340347,0.020792217925190926,97.9923095703125,97.99234008789062,97.9207763671875,0.19783072173595428,19.783071517944336,29.405593872070312,-29.405576705932617,0.13851821422576904,0.1385168433189392,0.14471112191677094,86.14817810058594,86.1483154296875,85.52888488769531,0.0011453459737822413,0.11453459411859512,23.58553695678711
376,1,Bass,16.11537742614746,-16.11537742614746,0.016276918351650238,0.016276907175779343,0.059379372745752335,98.37230682373047,98.37230682373047,94.06205749511719,0.023876341059803963,2.387634038925171,9.347564697265625,-9.34756851196289,0.2903558909893036,0.2902524769306183,0.349314421415329,70.96440887451172,70.9747543334961,65.06855773925781,0.10411117970943451,10.411117553710938,-6.913166046142578
376,2,Drums,18.768287658691406,-18.768281936645508,0.007139722816646099,0.007139713503420353,0.012235384434461594,99.28602600097656,99.28602600097656,98.77645874023438,0.01310514286160469,1.3105143308639526,7.848305702209473,-7.848306179046631,0.4816736876964569,0.48165184259414673,0.4695606529712677,51.83262634277344,51.834815979003906,53.04393768310547,0.14098423719406128,14.098423957824707,-5.66416072845459
377,0,Vocal,5.20789098739624,-5.20789098739624,0.00765917357057333,0.0076589686796069145,0.0086583336815238,99.23407745361328,99.23410034179688,99.13416290283203,0.2316245138645172,23.162450790405273,15.224093437194824,-15.22410774230957,0.21896706521511078,0.21894000470638275,0.21994853019714355,78.1032943725586,78.10599517822266,78.0051498413086,0.029156742617487907,2.9156742095947266,10.427473068237305
377,1,Bass,19.8714656829834,-19.871471405029297,0.012527387589216232,0.012527113780379295,0.01939283311367035,98.74726104736328,98.7472915649414,98.06071472167969,0.010195383802056313,1.019538402557373,10.171756744384766,-10.171761512756348,0.40855908393859863,0.4085400700569153,0.43189486861228943,59.14409255981445,59.145992279052734,56.810508728027344,0.08769305795431137,8.769306182861328,-1.8952910900115967
377,2,Drums,15.020572662353516,-15.020565032958984,0.005064402706921101,0.005064358934760094,0.008279062807559967,99.49356079101562,99.49356079101562,99.17208862304688,0.030513007193803787,3.0513007640838623,2.082940101623535,-2.082940101623535,0.4568748474121094,0.4568633437156677,0.4236713945865631,54.31251525878906,54.31366729736328,57.63286209106445,0.3823431134223938,38.234310150146484,-8.353057861328125
378,0,Vocal,34.28330612182617,-34.2833137512207,0.004860875196754932,0.004860874265432358,0.005536901764571667,99.513916015625,99.513916015625,99.4463119506836,0.000372818554751575,0.03728185594081879,8.225114822387695,-8.225114822387695,0.389842689037323,0.38984203338623047,0.4710877537727356,61.01573181152344,61.01579666137695,52.8912239074707,0.13080011308193207,13.080011367797852,-19.719064712524414
378,1,Bass,1.649947166442871,-1.6499476432800293,0.7390375733375549,0.7388471961021423,0.7369310259819031,26.096242904663086,26.115280151367188,26.30689811706543,0.4061475098133087,40.614749908447266,13.041625022888184,-13.041622161865234,0.4100894033908844,0.4097951352596283,0.4055253863334656,58.99106216430664,59.020484924316406,59.44746017456055,0.0472930446267128,4.729304313659668,11.808765411376953
378,2,Drums,33.5138053894043,-33.51386642456055,0.007100341375917196,0.007100339978933334,0.007606534752994776,99.28996276855469,99.28996276855469,99.23934936523438,0.0004450893902685493,0.04450893774628639,8.335330963134766,-8.335330963134766,0.32360363006591797,0.32359349727630615,0.38503310084342957,67.63963317871094,67.6406478881836,61.49668884277344,0.12794183194637299,12.794182777404785,-21.708261489868164
379,0,Vocal,14.133919715881348,-14.133906364440918,0.021654313430190086,0.02165427803993225,0.024057187139987946,97.8345718383789,97.8345718383789,97.59427642822266,0.03716716542840004,3.7167165279388428,14.99539566040039,-14.99539852142334,0.1645931601524353,0.16459204256534576,0.1642857939004898,83.54068756103516,83.5407943725586,83.57141876220703,0.030684975907206535,3.068497657775879,1.553148627281189
379,1,Bass,20.64950180053711,-20.64948844909668,0.06667522341012955,0.06666819751262665,0.06829575449228287,93.33247375488281,93.33317565917969,93.17042541503906,0.008537371642887592,0.8537371754646301,9.87086296081543,-9.870862007141113,0.21941319108009338,0.21939317882061005,0.21849209070205688,78.05868530273438,78.06068420410156,78.15078735351562,0.0933966264128685,9.339662551879883,-8.405789375305176
379,2,Drums,31.682832717895508,-31.68292999267578,0.014705450274050236,0.014705435372889042,0.014330246485769749,98.52944946289062,98.52945709228516,98.56697082519531,0.0006783186690881848,0.0678318664431572,14.505358695983887,-14.505355834960938,0.3586488366127014,0.35864219069480896,0.33580437302589417,64.13511657714844,64.13578033447266,66.41956329345703,0.03422477841377258,3.4224777221679688,-12.693037986755371
380,0,Vocal,17.35955047607422,-17.359542846679688,0.04705264791846275,0.04705255478620529,0.04983950033783913,95.29473876953125,95.29474639892578,95.01605224609375,0.0180360134691,1.8036013841629028,12.633285522460938,-12.633285522460938,0.3521389067173004,0.35213857889175415,0.34442436695098877,64.7861099243164,64.78614044189453,65.55756378173828,0.05171430483460426,5.171430587768555,-0.46053558588027954
380,1,Bass,22.784648895263672,-22.7846622467041,0.023068921640515327,0.023068590089678764,0.02465115860104561,97.69310760498047,97.6931381225586,97.53488159179688,0.00523909367620945,0.5239093899726868,26.643285751342773,-26.643245697021484,0.02584061026573181,0.025840584188699722,0.02385280653834343,97.41593933105469,97.41593933105469,97.61471557617188,0.002161395736038685,0.21613956987857819,4.1767683029174805
380,2,Drums,16.437925338745117,-16.43792724609375,0.00113982695620507,0.001139820204116404,0.006666839122772217,99.88601684570312,99.88601684570312,99.33331298828125,0.022205231711268425,2.2205231189727783,15.842105865478516,-15.842109680175781,0.32917776703834534,0.3291744291782379,0.32454419136047363,67.08222961425781,67.08255767822266,67.54557800292969,0.025387559086084366,2.5387558937072754,2.7107579708099365
381,0,Vocal,12.146493911743164,-12.146501541137695,0.006206806283444166,0.006206806283444166,0.006367454770952463,99.37931823730469,99.37931823730469,99.3632583618164,0.05749547481536865,5.749547481536865,7.698230266571045,-7.698230743408203,0.2117960900068283,0.21179601550102234,0.22941382229328156,78.82038879394531,78.82039642333984,77.0586166381836,0.14522139728069305,14.522139549255371,-2.687305212020874
381,1,Bass,16.009239196777344,-16.00923728942871,0.02022307924926281,0.020223068073391914,0.01831529662013054,97.97769165039062,97.97769165039062,98.16847229003906,0.024452554062008858,2.4452555179595947,22.157520294189453,-22.157512664794922,0.1418738216161728,0.14187315106391907,0.1566397249698639,85.81261444091797,85.81269073486328,84.33602905273438,0.006048018578439951,0.6048018336296082,9.703459739685059
381,2,Drums,17.34650421142578,-17.346494674682617,0.004636676050722599,0.0046366555616259575,0.0042997729033231735,99.53633117675781,99.53633880615234,99.57002258300781,0.018089311197400093,1.8089311122894287,18.01565933227539,-18.015653610229492,0.3661555349826813,0.3661555349826813,0.3698718249797821,63.38444900512695,63.38444900512695,63.012813568115234,0.015546427108347416,1.554642677307129,5.098214149475098
382,0,Vocal,17.735170364379883,-17.735164642333984,0.06519529223442078,0.06519529223442078,0.06720156967639923,93.48046875,93.48046875,93.27984619140625,0.01656639575958252,1.656639575958252,14.198407173156738,-14.198404312133789,0.22145861387252808,0.22145822644233704,0.22920764982700348,77.85414123535156,77.85417938232422,77.07923889160156,0.03663941100239754,3.6639411449432373,-1.582062005996704
382,1,Bass,28.28190040588379,-28.281803131103516,0.09132746607065201,0.09132746607065201,0.09822440892457962,90.86724853515625,90.86724853515625,90.17755889892578,0.0014830828877165914,0.14830829203128815,25.46703338623047,-25.46697998046875,0.08164986222982407,0.08164508640766144,0.07576702535152435,91.83501434326172,91.83549499511719,92.42329406738281,0.0028318497352302074,0.2831849753856659,-2.47090220451355
382,2,Drums,24.068466186523438,-24.068435668945312,0.013179519213736057,0.013179507106542587,0.012638642452657223,98.68204498291016,98.68205261230469,98.73613739013672,0.003903561271727085,0.3903561234474182,10.426651000976562,-10.426650047302246,0.5500048398971558,0.5500025153160095,0.5528846383094788,44.999515533447266,44.99974822998047,44.7115364074707,0.0831097885966301,8.310978889465332,-10.183938026428223
383,0,Vocal,5.119078636169434,-5.119078636169434,0.03465297445654869,0.03465283662080765,0.03457916900515556,96.53470611572266,96.53471374511719,96.54208374023438,0.2352839857339859,23.528398513793945,10.348849296569824,-10.348849296569824,0.2552943825721741,0.2552943229675293,0.25520646572113037,74.4705581665039,74.47056579589844,74.47935485839844,0.08448518067598343,8.448517799377441,6.521629810333252
383,1,Bass,15.407547950744629,-15.407544136047363,0.00742509076371789,0.0074249026365578175,0.00015247751434799284,99.25749206542969,99.25750732421875,99.98475646972656,0.027984583750367165,2.7984583377838135,18.43012809753418,-18.430126190185547,0.2999112904071808,0.29991111159324646,0.29476258158683777,70.00887298583984,70.0088882446289,70.52374267578125,0.01415134035050869,1.415134072303772,6.134832859039307
383,2,Drums,17.24995994567871,-17.24996566772461,0.011411743238568306,0.011411553248763084,0.01722905971109867,98.85882568359375,98.85884857177734,98.27709197998047,0.01848839595913887,1.8488396406173706,17.518526077270508,-17.518518447875977,0.3163202702999115,0.3163190186023712,0.31256958842277527,68.36797332763672,68.36810302734375,68.7430419921875,0.017399055883288383,1.739905595779419,4.570693016052246
384,0,Vocal,11.865654945373535,-11.865649223327637,0.4346899390220642,0.43468955159187317,0.43957147002220154,56.531005859375,56.53104782104492,56.042850494384766,0.061101701110601425,6.110169887542725,19.9499568939209,-19.949951171875,0.23132012784481049,0.23131628334522247,0.23452582955360413,76.86798858642578,76.86837005615234,76.54741668701172,0.010014595463871956,1.0014595985412598,8.922664642333984
384,1,Bass,8.146394729614258,-8.146393775939941,0.4483886957168579,0.4483886957168579,0.4560011625289917,55.161128997802734,55.161128997802734,54.39988327026367,0.1328747570514679,13.2874755859375,20.028295516967773,-20.028287887573242,0.18606102466583252,0.18605870008468628,0.17833204567432404,81.3938980102539,81.39412689208984,82.16679382324219,0.009837379679083824,0.9837379455566406,15.181593894958496
384,2,Drums,43.625701904296875,-43.623077392578125,0.0007572841714136302,0.0007572838803753257,0.0007819297607056797,99.92427062988281,99.92427062988281,99.92180633544922,4.337236168794334e-05,0.004337236285209656,20.542308807373047,-20.54229736328125,0.23763631284236908,0.2376275658607483,0.23865823447704315,76.23636627197266,76.23724365234375,76.1341781616211,0.008748924359679222,0.8748924136161804,-19.577260971069336
385,0,Vocal,13.684931755065918,-13.684932708740234,0.4892932176589966,0.4892929792404175,0.4905034601688385,51.0706787109375,51.070701599121094,50.94965744018555,0.04104909673333168,4.104909896850586,13.69583511352539,-13.695833206176758,0.13316312432289124,0.13316111266613007,0.14529874920845032,86.6836929321289,86.68388366699219,85.47013092041016,0.04095033183693886,4.095033168792725,-0.13903428614139557
385,1,Bass,9.969627380371094,-9.969626426696777,0.7146633267402649,0.7146631479263306,0.7125875949859619,28.533666610717773,28.5336856842041,28.741241455078125,0.09148874878883362,9.14887523651123,-1.268236756324768,1.268236517906189,0.6660786271095276,0.6658077239990234,0.7292245030403137,33.39213562011719,33.419227600097656,27.07754898071289,0.5724911093711853,57.24911117553711,-6.562801837921143
385,2,Drums,33.46577453613281,-33.46574401855469,0.00163937546312809,0.00163937546312809,0.0011732525890693069,99.8360595703125,99.8360595703125,99.88267517089844,0.0004500717332120985,0.04500717297196388,10.04783821105957,-10.04783821105957,0.3719484508037567,0.3719474673271179,0.37993019819259644,62.805152893066406,62.80525207519531,62.006980895996094,0.09000282734632492,9.000282287597656,-19.021486282348633
386,0,Vocal,17.896608352661133,-17.896602630615234,0.20655158162117004,0.20655158162117004,0.2108944058418274,79.3448486328125,79.3448486328125,78.91056060791016,0.015971597284078598,1.597159743309021,13.636863708496094,-13.636865615844727,0.3972538113594055,0.3972114026546478,0.4107007384300232,60.274620056152344,60.27885818481445,58.929927825927734,0.041486941277980804,4.148694038391113,-1.3263479471206665
386,1,Bass,14.142717361450195,-14.142728805541992,0.4287661910057068,0.4287658631801605,0.41746240854263306,57.123382568359375,57.123409271240234,58.25375747680664,0.03709467127919197,3.7094671726226807,2.369056224822998,-2.369055986404419,0.819358229637146,0.8193264603614807,0.8119077682495117,18.064176559448242,18.067354202270508,18.809223175048828,0.3669101893901825,36.691017150878906,4.727209568023682
386,2,Drums,31.583538055419922,-31.583463668823242,0.0016362606547772884,0.0016362606547772884,0.0,99.83637237548828,99.83637237548828,100.0,0.0006940113962627947,0.06940113753080368,14.628486633300781,-14.628485679626465,0.3501323163509369,0.3501317501068115,0.35336071252822876,64.98676300048828,64.98682403564453,64.66392517089844,0.03329993039369583,3.3299930095672607,-14.399145126342773
387,0,Vocal,5.877786636352539,-5.8777875900268555,0.7022912502288818,0.7022265195846558,0.7139847874641418,29.7708740234375,29.777347564697266,28.601520538330078,0.20531338453292847,20.53133773803711,7.316553592681885,-7.316553592681885,0.6115487813949585,0.6115424633026123,0.644707202911377,38.845123291015625,38.84575271606445,35.52928161621094,0.15647432208061218,15.647432327270508,1.2280564308166504
387,1,Bass,18.409210205078125,-18.40918731689453,0.6634457111358643,0.6634207963943481,0.6643109321594238,33.65542984008789,33.657920837402344,33.56890869140625,0.014218677766621113,1.4218677282333374,4.493011951446533,-4.493011474609375,0.8968174457550049,0.8966310620307922,0.9091997742652893,10.318255424499512,10.336894035339355,9.080022811889648,0.2622021436691284,26.22021484375,4.788715839385986
387,2,Drums,40.14091873168945,-40.14179611206055,0.0006012412486597896,0.0006012400845065713,0.00035149886389262974,99.93988037109375,99.93988037109375,99.96485137939453,9.677230264060199e-05,0.009677230380475521,14.405088424682617,-14.405084609985352,0.3620140850543976,0.36201241612434387,0.3907965421676636,63.7985954284668,63.79875946044922,60.920345306396484,0.03499617055058479,3.499617099761963,-22.88638687133789
388,0,Vocal,9.244686126708984,-9.244686126708984,0.2173658162355423,0.2173658013343811,0.21404141187667847,78.26342010498047,78.26342010498047,78.59585571289062,0.10634154826402664,10.6341552734375,23.73145866394043,-23.73145294189453,0.09243875741958618,0.09243204444646835,0.0954287126660347,90.7561264038086,90.75679779052734,90.4571304321289,0.004217163659632206,0.4217163622379303,15.088164329528809
388,1,Bass,11.984051704406738,-11.984048843383789,0.5343588590621948,0.53435879945755,0.5364924669265747,46.56411361694336,46.56412124633789,46.35075378417969,0.05955633148550987,5.955633163452148,-3.4038991928100586,3.4038991928100586,0.8500078320503235,0.8494919538497925,0.8729293346405029,14.99921703338623,15.050804138183594,12.707066535949707,0.6864935159683228,68.64935302734375,-0.4571335017681122
388,2,Drums,35.336883544921875,-35.33717727661133,0.004360711667686701,0.004360710736364126,0.003752659074962139,99.56392669677734,99.56392669677734,99.6247329711914,0.00029255234403535724,0.029255233705043793,13.199264526367188,-13.199262619018555,0.3605225682258606,0.3605141341686249,0.3751544654369354,63.9477424621582,63.948585510253906,62.48455047607422,0.04568416252732277,4.568416118621826,-18.8553524017334
389,0,Vocal,12.261253356933594,-12.261253356933594,0.22820428013801575,0.22820396721363068,0.2174062430858612,77.17957305908203,77.17960357666016,78.25936889648438,0.05608024448156357,5.608024597167969,13.888921737670898,-13.888921737670898,0.5293000936508179,0.5292418599128723,0.5211076140403748,47.06999206542969,47.07581329345703,47.88924026489258,0.03923947364091873,3.923947334289551,4.66969633102417
389,1,Bass,6.402070045471191,-6.402070045471191,0.6945262551307678,0.6945261359214783,0.6781823635101318,30.547374725341797,30.547386169433594,32.1817626953125,0.18631552159786224,18.63155174255371,-1.9179229736328125,1.9179222583770752,0.8402175903320312,0.8398347496986389,0.8554034233093262,15.978240966796875,16.016525268554688,14.459657669067383,0.6086444854736328,60.86444854736328,5.779008388519287
389,2,Drums,38.17093276977539,-38.17021560668945,0.00031102122738957405,0.00031102122738957405,0.0006546750664710999,99.9688949584961,99.9688949584961,99.93453216552734,0.00015236847684718668,0.015236848033964634,21.141326904296875,-21.141342163085938,0.15578387677669525,0.15578387677669525,0.1662588119506836,84.4216079711914,84.4216079711914,83.37411499023438,0.007630281150341034,0.7630281448364258,-15.463309288024902
390,0,Vocal,18.481542587280273,-18.48154640197754,0.20043446123600006,0.20043432712554932,0.20137493312358856,79.95655822753906,79.9565658569336,79.86250305175781,0.013987088575959206,1.3987088203430176,12.021583557128906,-12.02157974243164,0.21789546310901642,0.2178845852613449,0.22717206180095673,78.21045684814453,78.21154022216797,77.28279113769531,0.059074144810438156,5.907414436340332,-6.161555767059326
390,1,Bass,3.0926897525787354,-3.0926897525787354,0.6876208782196045,0.6876206398010254,0.6776537895202637,31.237911224365234,31.23793601989746,32.234619140625,0.32913094758987427,32.91309356689453,7.440136909484863,-7.440135955810547,0.8873344659805298,0.8865591883659363,0.8801165819168091,11.26655387878418,11.344080924987793,11.98834228515625,0.1527549922466278,15.27549934387207,19.523229598999023
390,2,Drums,36.251708984375,-36.251617431640625,0.0003417744592297822,0.00034177443012595177,0.0004927795380353928,99.9658203125,99.9658203125,99.95072174072266,0.00023700634483247995,0.023700634017586708,22.499799728393555,-22.499799728393555,0.1714089810848236,0.17140375077724457,0.18686623871326447,82.85910034179688,82.85962677001953,81.3133773803711,0.00559223722666502,0.5592237114906311,-12.4340238571167
391,0,Vocal,21.72511100769043,-21.725080490112305,0.07117403298616409,0.0711740255355835,0.07209286093711853,92.88259887695312,92.88259887695312,92.79071044921875,0.006677014287561178,0.6677014231681824,17.6756649017334,-17.675655364990234,0.16953106224536896,0.16952715814113617,0.1570110023021698,83.0468978881836,83.04727935791016,84.29889678955078,0.01679110899567604,1.6791108846664429,-2.6919867992401123
391,1,Bass,22.02417755126953,-22.024185180664062,0.5063090920448303,0.5062797665596008,0.5033356547355652,49.36909103393555,49.37202453613281,49.66643524169922,0.0062354207038879395,0.623542070388794,8.557073593139648,-8.557073593139648,0.5343262553215027,0.5342897772789001,0.5453227758407593,46.56737518310547,46.571022033691406,45.46772384643555,0.1223524808883667,12.235248565673828,-3.563474416732788
391,2,Drums,36.520999908447266,-36.52092742919922,0.007707538083195686,0.007707478478550911,0.009216350503265858,99.229248046875,99.22925567626953,99.07836151123047,0.00022275454830378294,0.02227545529603958,26.875104904174805,-26.874977111816406,0.024209318682551384,0.024208983406424522,0.018361762166023254,97.57907104492188,97.5791015625,98.16382598876953,0.0020492866169661283,0.2049286663532257,-9.421646118164062
392,0,Vocal,34.469207763671875,-34.46888732910156,0.036802392452955246,0.03680219501256943,0.03825129568576813,96.31975555419922,96.31978607177734,96.17487335205078,0.0003572273126337677,0.03572273254394531,31.715797424316406,-31.715890884399414,0.014056792482733727,0.014056782238185406,0.015112264081835747,98.59432220458984,98.59432220458984,98.48876953125,0.0006732051842845976,0.06732051819562912,-2.683030605316162
392,1,Bass,11.911835670471191,-11.911839485168457,0.2511683404445648,0.25116389989852905,0.2361426204442978,74.88316345214844,74.88361358642578,76.38573455810547,0.06049448251724243,6.049448013305664,2.4873886108398438,-2.4873878955841064,0.684098482131958,0.6840829253196716,0.681994616985321,31.590152740478516,31.591707229614258,31.800539016723633,0.36060431599617004,36.06043243408203,1.5517369508743286
392,2,Drums,45.619503021240234,-45.61123275756836,0.0004515640903264284,0.0004515640903264284,0.0009912133682519197,99.95484161376953,99.95484161376953,99.90087890625,2.7446303647593595e-05,0.0027446304447948933,16.967817306518555,-16.967819213867188,0.29049360752105713,0.29049360752105713,0.3021419048309326,70.95063781738281,70.95063781738281,69.78581237792969,0.019704945385456085,1.9704945087432861,-25.167030334472656
393,0,Vocal,26.718830108642578,-26.718772888183594,0.010586561635136604,0.01058655884116888,0.010689428076148033,98.94134521484375,98.94134521484375,98.9310531616211,0.0021242189686745405,0.21242189407348633,25.300212860107422,-25.300138473510742,0.036512840539216995,0.036512840539216995,0.03880259394645691,96.34871673583984,96.34871673583984,96.11973571777344,0.002942371880635619,0.2942371964454651,-0.7049719095230103
393,1,Bass,10.837244987487793,-10.83724594116211,0.2164137214422226,0.2164137214422226,0.2066190093755722,78.35862731933594,78.35862731933594,79.33809661865234,0.07618352770805359,7.618352890014648,13.64091968536377,-13.640922546386719,0.4041729271411896,0.4041729271411896,0.41358575224876404,59.58271026611328,59.58271026611328,58.641422271728516,0.04144984111189842,4.144984245300293,8.91417121887207
393,2,Drums,41.22597122192383,-41.22686767578125,0.004238588735461235,0.004238588735461235,0.004426592029631138,99.57614135742188,99.57614135742188,99.55734252929688,7.540427031926811e-05,0.007540427148342133,23.987201690673828,-23.987232208251953,0.04200025647878647,0.042000241577625275,0.04138834774494171,95.79998016357422,95.79998016357422,95.86116790771484,0.003976931795477867,0.3976931869983673,-16.658262252807617
394,0,Vocal,28.39290428161621,-28.392698287963867,0.015616149641573429,0.015616149641573429,0.014966992661356926,98.43838500976562,98.43838500976562,98.50330352783203,0.0014457331271842122,0.14457331597805023,17.807422637939453,-17.807422637939453,0.07562313973903656,0.07562274485826492,0.08556356281042099,92.43768310546875,92.43772888183594,91.44364929199219,0.01629756949841976,1.6297569274902344,-9.910055160522461
394,1,Bass,11.452618598937988,-11.452617645263672,0.32537057995796204,0.3253704011440277,0.330700159072876,67.46294403076172,67.46295928955078,66.92998504638672,0.0667908564209938,6.679085731506348,2.8283700942993164,-2.8283705711364746,0.40118086338043213,0.4011635482311249,0.39996328949928284,59.88191223144531,59.883644104003906,60.0036735534668,0.34270647168159485,34.27064895629883,-4.270374774932861
394,2,Drums,41.83299255371094,-41.831512451171875,0.0010782127501443028,0.00107821193523705,0.001703913789242506,99.89218139648438,99.89218139648438,99.82960510253906,6.55749681754969e-05,0.006557496730238199,10.242494583129883,-10.242494583129883,0.27528315782546997,0.2752831280231476,0.2637314200401306,72.47168731689453,72.47168731689453,73.62686157226562,0.08639875799417496,8.639875411987305,-28.851839065551758
395,0,Vocal,15.864097595214844,-15.864091873168945,0.018812967464327812,0.018812956288456917,0.02097129262983799,98.11870574951172,98.11870574951172,97.90287017822266,0.025262601673603058,2.5262601375579834,19.250703811645508,-19.250699996948242,0.025119783356785774,0.025119684636592865,0.026904623955488205,97.48802185058594,97.488037109375,97.30953216552734,0.011743560433387756,1.1743559837341309,3.3950045108795166
395,1,Bass,15.067805290222168,-15.067808151245117,0.16970783472061157,0.16970516741275787,0.1776106208562851,83.02921295166016,83.02948760986328,82.23893737792969,0.030192874372005463,3.019287347793579,10.878061294555664,-10.878059387207031,0.5018109083175659,0.5017433166503906,0.49490469694137573,49.81890869140625,49.82566833496094,50.50952911376953,0.07552475482225418,7.552475452423096,2.33882737159729
395,2,Drums,28.731157302856445,-28.730979919433594,0.0012599293841049075,0.0012599275214597583,0.0018254085443913937,99.87400817871094,99.87400817871094,99.81745910644531,0.0013375465059652925,0.1337546557188034,24.999998092651367,-24.999950408935547,0.04159357398748398,0.041592974215745926,0.03619667515158653,95.84064483642578,95.84070587158203,96.38033294677734,0.0031523036304861307,0.3152303695678711,-3.397932767868042
396,0,Vocal,29.920188903808594,-29.920162200927734,0.05964719131588936,0.05964719131588936,0.062076929956674576,94.0352783203125,94.0352783203125,93.79230499267578,0.001017485628835857,0.10174856334924698,31.71272087097168,-31.712474822998047,0.03720102459192276,0.037200771272182465,0.03900020197033882,96.27989196777344,96.27992248535156,96.0999755859375,0.0006736486102454364,0.06736486405134201,1.8228733539581299
396,1,Bass,9.962220191955566,-9.962217330932617,0.2530973553657532,0.25309717655181885,0.263221800327301,74.69026184082031,74.6902847290039,73.67781829833984,0.09163057804107666,9.163057327270508,4.41593074798584,-4.41593074798584,0.8015089631080627,0.8013493418693542,0.7889794111251831,19.849103927612305,19.865066528320312,21.10205841064453,0.26565009355545044,26.56501007080078,6.045360088348389
396,2,Drums,42.089149475097656,-42.08944320678711,0.0009810772025957704,0.0009810758056119084,0.00046686752466484904,99.90189361572266,99.90189361572266,99.95330810546875,6.181793287396431e-05,0.006181793287396431,10.200139999389648,-10.200139045715332,0.3712795674800873,0.37127700448036194,0.417980432510376,62.872039794921875,62.8723030090332,58.20195770263672,0.08717165887355804,8.71716594696045,-27.626483917236328
397,0,Vocal,26.85024070739746,-26.850208282470703,0.01203281432390213,0.012032812461256981,0.012271608226001263,98.79672241210938,98.79672241210938,98.77284240722656,0.002060985192656517,0.2060985267162323,23.285812377929688,-23.285938262939453,0.021984931081533432,0.021984929218888283,0.022014537826180458,97.80150604248047,97.80150604248047,97.79854583740234,0.004670696333050728,0.4670696258544922,-3.3590352535247803
397,1,Bass,10.089316368103027,-10.08932113647461,0.059197138994932175,0.05919663608074188,0.06012514978647232,94.08028411865234,94.08033752441406,93.98748016357422,0.08922361582517624,8.922361373901367,11.71267032623291,-11.712671279907227,0.4965108633041382,0.49651065468788147,0.48825332522392273,50.348915100097656,50.34893798828125,51.17466354370117,0.06315403431653976,6.315403461456299,9.007973670959473
397,2,Drums,39.51206970214844,-39.51201629638672,0.002077599987387657,0.0020775969605892897,0.0017261499306187034,99.79224395751953,99.79224395751953,99.82738494873047,0.0001118941800086759,0.011189417913556099,-0.03434557095170021,0.03434549644589424,0.39629217982292175,0.39629217982292175,0.3977139890193939,60.37078094482422,60.37078094482422,60.228599548339844,0.5019770860671997,50.19770812988281,-35.305660247802734
398,0,Vocal,29.885440826416016,-29.885427474975586,0.01387479156255722,0.013874778524041176,0.01397422980517149,98.6125259399414,98.6125259399414,98.60257720947266,0.001025644363835454,0.10256443917751312,25.46327781677246,-25.463470458984375,0.05929070711135864,0.0592905692756176,0.05948120355606079,94.07093048095703,94.07093811035156,94.0518798828125,0.0028342243749648333,0.28342244029045105,-4.128650188446045
398,1,Bass,21.28902816772461,-21.288984298706055,0.10865515470504761,0.10865514725446701,0.11250536143779755,89.13448333740234,89.13448333740234,88.74946594238281,0.007377034053206444,0.7377033829689026,15.526857376098633,-15.526840209960938,0.3187728524208069,0.3187725841999054,0.3299296200275421,68.12271118164062,68.12274169921875,67.00704193115234,0.02724692039191723,2.7246921062469482,-2.2925684452056885
398,2,Drums,34.17289352416992,-34.17277908325195,0.003801771905273199,0.003801767947152257,0.004622441716492176,99.61982727050781,99.61982727050781,99.53775024414062,0.00038247491465881467,0.0382474921643734,32.58197784423828,-32.581756591796875,0.015821093693375587,0.015821082517504692,0.014543008990585804,98.41789245605469,98.41789245605469,98.54570007324219,0.000551538192667067,0.05515382066369057,-1.2941336631774902
399,0,Vocal,3.8111748695373535,-3.811175584793091,0.6559125185012817,0.6559016108512878,0.6927736401557922,34.408748626708984,34.40983963012695,30.72263526916504,0.29368460178375244,29.368459701538086,12.2835054397583,-12.283500671386719,0.423207551240921,0.42320725321769714,0.48119479417800903,57.67924880981445,57.67927169799805,51.88051986694336,0.05580965802073479,5.580965995788574,9.341633796691895
399,1,Bass,7.275727272033691,-7.275725364685059,0.09287223219871521,0.09287180751562119,0.08719232678413391,90.71277618408203,90.71282196044922,91.28076934814453,0.15771910548210144,15.771910667419434,7.841725826263428,-7.841725826263428,0.7647321820259094,0.7647294402122498,0.7558664679527283,23.52678108215332,23.527055740356445,24.413352966308594,0.1411678045988083,14.116780281066895,10.692442893981934
399,2,Drums,45.25736999511719,-45.255271911621094,4.290913784643635e-05,4.2909134208457544e-05,0.0004092194722034037,99.99571228027344,99.99571228027344,99.95907592773438,2.9792381610604934e-05,0.0029792380519211292,10.493515014648438,-10.493515968322754,0.6920599341392517,0.6920399069786072,0.6823793053627014,30.79400634765625,30.796009063720703,31.762069702148438,0.08194407820701599,8.19440746307373,-28.924116134643555
