idx,ch,stem,lag_in,lag_out,sisdr_in,sisnr_in,sir_in,sar_in,sisdr,sisnr,sir,sar,sisdr_impr,sisnr_impr,sir_impr,sar_impr
0,0,Vocal,0,-1,13.261753300816096,13.261753300816094,63.39613164730687,13.261797030320164,12.694058716532817,12.694058716532817,48.144764932650254,12.695363040722912,-0.567694584283279,-0.5676945842832772,-15.25136671465662,-0.5664339895972521
0,1,Bass,0,-1,8.126555421976814,8.126555421976814,36.7388801842256,8.133457505954956,1.4395337387150815,1.4395337387150808,30.046920790885288,1.44981603591003,-6.687021683261733,-6.687021683261733,-6.691959393340312,-6.683641470044926
0,2,Drums,0,-1,28.286960060385606,28.286960060385606,38.459886612684855,28.72635720711331,12.516442351293392,12.51644235129339,54.06935024674415,12.51676306294399,-15.770517709092214,-15.770517709092216,15.609463634059296,-16.20959414416932
1,0,Vocal,0,-1,12.87754294003274,12.87754294003274,43.18341610396962,12.881800805737564,15.633474029990582,15.633474029990582,66.79262455553092,15.633507614616398,2.7559310899578424,2.7559310899578424,23.6092084515613,2.7517068088788346
1,1,Bass,0,-1,13.21299935223551,13.21299935223551,26.4269309292363,13.435181978131949,0.16455156838878743,0.16455156838878743,46.30886360767387,0.16475823169951653,-13.048447783846722,-13.048447783846722,19.881932678437572,-13.270423746432431
1,2,Drums,0,-1,19.234766235125555,19.234766235125555,24.35663392025431,20.846323553397426,11.89938934677498,11.89938934677498,47.09738076161024,11.900786276826265,-7.335376888350575,-7.335376888350575,22.74074684135593,-8.94553727657116
2,0,Vocal,0,-1,19.64276781744895,19.64276781744895,31.64007258078872,19.928971081524324,15.47360017721163,15.473600177211628,42.27819780207763,15.482929845606805,-4.169167640237319,-4.169167640237321,10.63812522128891,-4.446041235917519
2,1,Bass,0,-1,15.291090879278586,15.291090879278586,28.26277557167891,15.522370509871177,12.229720915878836,12.229720915878836,72.0697448257983,12.229725076979154,-3.06136996339975,-3.06136996339975,43.80696925411938,-3.292645432892023
2,2,Drums,0,-1,23.51765902881782,23.517659028817818,34.896946683408295,23.847281646416135,15.511191622169795,15.511191622169795,37.47852071986363,15.539664451488743,-8.006467406648026,-8.006467406648023,2.5815740364553363,-8.307617194927392
3,0,Vocal,0,-1,17.758491709269244,17.758491709269244,38.13015967032774,17.799210583498702,15.52861216239677,15.52861216239677,46.35888183917311,15.53230090098025,-2.229879546872473,-2.229879546872473,8.228722168845366,-2.2669096825184525
3,1,Bass,0,0,7.306945701100042,7.306945701100042,19.963334843398496,7.592738191653776,0.8759109027782398,0.8759109027782398,27.866457027576644,0.8916953278538455,-6.431034798321802,-6.431034798321802,7.903122184178148,-6.70104286379993
3,2,Drums,0,-1,25.10068231862878,25.10068231862878,29.840477068393593,26.881891844072637,10.544999474185442,10.544999474185442,41.92328773269643,10.54844143837048,-14.55568284444334,-14.55568284444334,12.082810664302837,-16.33345040570216
4,0,Vocal,0,-1,13.072441639937027,13.072441639937027,56.49061616161681,13.072648853841704,17.24237751406247,17.24237751406247,57.85595564582568,17.242761060770924,4.169935874125441,4.169935874125441,1.3653394842088673,4.17011220692922
4,1,Bass,1,0,12.798842937714493,12.798842937714493,39.082344398892474,12.809610912790523,1.8310881378576362,1.8310881378576358,29.766550931180934,1.842659780960488,-10.967754799856857,-10.967754799856857,-9.31579346771154,-10.966951131830035
4,2,Drums,0,-1,24.759570538231483,24.759570538231483,34.437085406846315,25.256063917601516,13.610671070184779,13.61067107018478,44.65362952715914,13.614236862734469,-11.148899468046704,-11.148899468046702,10.216544120312825,-11.641827054867047
5,0,Vocal,0,-1,16.32929818240615,16.32929818240615,49.726975090778396,16.3313307135966,17.80016423182749,17.80016423182749,86.22383016586211,17.800164297628648,1.4708660494213426,1.4708660494213426,36.496855075083715,1.4688335840320477
5,1,Bass,0,-1,11.244907435898499,11.244907435898497,28.39539938880192,11.335705839771332,1.3251764720057493,1.3251764720057493,36.07907829873718,1.3277006315024966,-9.91973096389275,-9.919730963892748,7.68367890993526,-10.008005208268836
5,2,Drums,0,0,23.891365298720565,23.891365298720565,33.625271811238065,24.381421979298175,6.589548911146461,6.58954891114646,36.005452615660005,6.595609240909876,-17.301816387574103,-17.301816387574107,2.38018080442194,-17.785812738388298
6,0,Vocal,0,-1,15.582910890880818,15.582910890880818,28.087425261339448,15.84073910305868,14.161773150036701,14.161773150036701,34.913519997713536,14.199854203606368,-1.4211377408441166,-1.4211377408441166,6.826094736374088,-1.6408848994523133
6,1,Bass,1,0,14.805744437259914,14.805744437259916,32.19454375285856,14.888327939453038,9.32987942648592,9.32987942648592,31.68598757847109,9.358142201235003,-5.475865010773994,-5.475865010773996,-0.5085561743874685,-5.5301857382180355
6,2,Drums,0,-1,24.431850026870208,24.431850026870208,33.0907339816386,25.06974410268817,12.498455566886832,12.498455566886832,40.9995390403664,12.504937782723815,-11.933394459983376,-11.933394459983376,7.9088050587278005,-12.564806319964354
7,0,Vocal,0,-1,10.3415148830392,10.3415148830392,39.59609144425306,10.347150558983609,16.24228681387136,16.24228681387136,67.381941328173,16.242320368735914,5.9007719308321605,5.9007719308321605,27.785849883919937,5.895169809752305
7,1,Bass,0,-1,13.22825825933598,13.228258259335984,31.260742475013856,13.300366797217062,1.7786374595726742,1.7786374595726742,56.52694647217118,1.7786612838205196,-11.449620799763306,-11.44962079976331,25.266203997157326,-11.521705513396544
7,2,Drums,0,-1,21.960980489452474,21.960980489452474,33.05317465907915,22.314710764089355,7.925725495274318,7.925725495274318,38.93376389306718,7.92972527507615,-14.035254994178157,-14.035254994178157,5.880589233988033,-14.384985489013205
8,0,Vocal,0,-1,21.91168617240352,21.91168617240352,35.45508655395792,22.10935875497161,14.251147818178927,14.251147818178927,60.26896061861983,14.251259814226337,-7.6605383542245935,-7.6605383542245935,24.81387406466191,-7.858098940745272
8,1,Bass,0,0,18.112788862752208,18.112788862752204,29.116908449674476,18.477196956330232,-0.0492265727192097,-0.049226572719208724,34.79322030385213,-0.04636286964377762,-18.162015435471417,-18.162015435471414,5.676311854177655,-18.523559825974008
8,2,Drums,0,-1,21.232373084590556,21.232373084590552,34.83279557899677,21.42761750570906,8.095171925327787,8.095171925327787,39.33871158084929,8.098940256348357,-13.13720115926277,-13.137201159262766,4.505916001852519,-13.328677249360702
9,0,Vocal,0,-1,24.063547226540997,24.063547226540997,50.94402755749926,24.07249460976045,9.793478721108539,9.793478721108539,40.192884303066094,9.797857058374602,-14.270068505432459,-14.270068505432459,-10.751143254433167,-14.27463755138585
9,1,Bass,0,-1,14.948607888968779,14.948607888968779,28.56781563463819,15.147606250465127,-1.5746080734232968,-1.5746080734232948,29.450021930129495,-1.5662511219348587,-16.523215962392076,-16.523215962392072,0.8822062954913044,-16.713857372399985
9,2,Drums,0,-1,21.4943486318248,21.4943486318248,30.404059522753396,22.095813624366052,5.345784070236275,5.345784070236274,29.50152720459508,5.367364997948401,-16.148564561588525,-16.148564561588525,-0.9025323181583147,-16.728448626417652
10,0,Vocal,0,-1,20.648951578413634,20.648951578413634,39.175143067974815,20.710883531935345,14.737164293363175,14.737164293363175,45.61340012433207,14.740833741741417,-5.911787285050458,-5.911787285050458,6.438257056357251,-5.970049790193928
10,1,Bass,0,0,13.698026863448284,13.698026863448288,28.61079305680684,13.846435129805304,-0.7389318554350284,-0.7389318554350289,34.1676701425948,-0.7358660636774396,-14.436958718883313,-14.436958718883316,5.55687708578796,-14.582301193482744
10,2,Drums,0,0,22.221267632410353,22.221267632410353,32.621421431177296,22.638946953723643,3.4645480592045668,3.464548059204567,34.28343149768371,3.469765478747571,-18.756719573205785,-18.756719573205785,1.6620100665064115,-19.16918147497607
11,0,Vocal,0,-1,24.415331043509873,24.415331043509873,51.78938013622745,24.423314675433247,17.105485731162805,17.105485731162805,50.56264896913273,17.107482864922186,-7.309845312347068,-7.309845312347068,-1.2267311670947194,-7.31583181051106
11,1,Bass,0,0,14.709249303626335,14.709249303626335,26.714875424267955,15.00116152732678,-2.352976082529578,-2.352976082529577,31.213447162017335,-2.347783016607993,-17.062225386155912,-17.062225386155912,4.49857173774938,-17.34894454393477
11,2,Drums,0,-1,18.334923235695868,18.334923235695868,26.458938242552875,19.07116407120084,4.479576596202357,4.479576596202356,32.14745093016324,4.489660885519007,-13.855346639493511,-13.855346639493511,5.688512687610363,-14.581503185681832
12,0,Vocal,0,-1,22.510199134828763,22.510199134828763,39.572965649676405,22.596936327331637,14.105969675420617,14.105969675420617,54.14981916334034,14.10641583396292,-8.404229459408146,-8.404229459408146,14.576853513663934,-8.490520493368717
12,1,Bass,0,-1,17.82658436581989,17.82658436581989,30.483509160482797,18.072650863644192,0.8513608120850857,0.8513608120850857,42.15081255901311,0.8519469551937096,-16.975223553734804,-16.975223553734804,11.667303398530315,-17.22070390845048
12,2,Drums,0,-1,20.682476907950868,20.682476907950868,29.991077355292965,21.228484324413262,7.683519106661247,7.683519106661247,38.90474962707091,7.687357447829971,-12.99895780128962,-12.99895780128962,8.913672271777948,-13.541126876583292
13,0,Vocal,0,-1,24.31914684223402,24.31914684223402,40.39124727911411,24.428182310985207,15.822450450226702,15.822450450226702,52.51181989705152,15.82340522648757,-8.496696392007317,-8.496696392007317,12.120572617937405,-8.604777084497638
13,1,Bass,0,-1,15.725826811418369,15.725826811418369,26.2815349853514,16.136038436552212,-0.06092747712576444,-0.06092747712576444,35.830416731268194,-0.05867553678678446,-15.786754288544133,-15.786754288544133,9.548881745916795,-16.194713973338995
13,2,Drums,0,0,19.24612332306711,19.24612332306711,29.88571749755621,19.642570650069814,0.7736779786517334,0.7736779786517334,35.464384397126075,0.77638670096124,-18.472445344415377,-18.472445344415377,5.578666899569864,-18.866183949108574
14,0,Vocal,0,-1,13.47083449441961,13.47083449441961,45.41052954626289,13.473737146671866,10.651704476456672,10.651704476456672,49.60037551606571,10.65230413226274,-2.8191300179629373,-2.8191300179629373,4.189845969802818,-2.8214330144091253
14,1,Bass,0,-1,13.532726431994353,13.532726431994355,31.6489328514346,13.60323211041303,0.25154989877836603,0.25154989877836603,42.17176240491262,0.2520914679875894,-13.281176533215987,-13.281176533215989,10.522829553478019,-13.35114064242544
14,2,Drums,0,-1,25.33383926955025,25.33383926955025,36.58686017679309,25.673076591162843,5.738662158252282,5.738662158252284,29.40202915894828,5.7623665537945605,-19.595177111297968,-19.595177111297964,-7.184831017844807,-19.910710037368283
15,0,Vocal,0,-1,22.935695156920026,22.935695156920026,44.548871629284335,22.96590387698254,15.04833644395675,15.048336443956746,46.02571260957575,15.051913549602403,-7.887358712963277,-7.88735871296328,1.4768409802914135,-7.913990327380137
15,1,Bass,0,0,16.05029898479654,16.050298984796544,25.23541249711045,16.621617180975413,0.4673307526521484,0.4673307526521476,40.33609444250396,0.46817966770762864,-15.582968232144392,-15.582968232144397,15.100681945393514,-16.153437513267786
15,2,Drums,0,-1,18.069702978996553,18.069702978996556,25.99024636018364,18.84515420607768,2.4848817585646414,2.4848817585646414,41.943241979525475,2.4856512242243585,-15.58482122043191,-15.584821220431914,15.952995619341834,-16.35950298185332
16,0,Vocal,0,-1,12.654305160970502,12.654305160970502,30.975449930455326,12.722172622383642,15.447901362512921,15.447901362512921,41.08370347221183,15.460118306482544,2.793596201542419,2.793596201542419,10.108253541756504,2.737945684098902
16,1,Bass,0,-3,5.60528187622204,5.605281876222039,20.23245480877931,5.798539629535018,-1.652502207844545,-1.652502207844545,34.56747694640332,-1.6499490815463214,-7.257784084066586,-7.257784084066584,14.335022137624009,-7.448488711081339
16,2,Drums,0,-1,26.48682767984868,26.48682767984868,46.83177836667291,26.5272145362402,6.983884077882173,6.983884077882173,51.23056922923532,6.984079994955993,-19.502943601966507,-19.502943601966507,4.398790862562414,-19.54313454128421
17,0,Vocal,0,-1,17.71307169158988,17.71307169158988,36.5704379991685,17.770898488854012,18.352340912731915,18.352340912731915,50.984815238419344,18.354744547503234,0.6392692211420332,0.6392692211420332,14.414377239250847,0.5838460586492218
17,1,Bass,0,0,5.131813058105412,5.131813058105412,18.106343598979294,5.4231197199853245,2.494880697460291,2.4948806974602906,35.45797934028185,2.4983117027338073,-2.636932360645121,-2.6369323606451216,17.35163574130256,-2.924808017251517
17,2,Drums,0,-1,20.400455877328916,20.400455877328916,25.590348534618826,21.978222478322863,9.1115471820468,9.1115471820468,41.05333186663783,9.114665877027994,-11.288908695282116,-11.288908695282116,15.462983332019007,-12.863556601294869
18,0,Vocal,0,-1,5.549837329568384,5.549837329568385,27.872309306783283,5.582435495073988,3.764803319319972,3.76480331931997,31.724525557672727,3.7746739341703854,-1.7850340102484124,-1.785034010248415,3.8522162508894446,-1.8077615609036028
18,1,Bass,0,-1,4.78323384307144,4.78323384307144,19.06466009630285,5.001916743258377,-1.7702227183659858,-1.7702227183659858,23.68269571673755,-1.739272124075497,-6.553456561437426,-6.553456561437426,4.6180356204347,-6.741188867333874
18,2,Drums,0,-1,28.54105503803914,28.54105503803914,42.642972503083584,28.71354171308813,9.277640217155827,9.277640217155831,42.16838219457508,9.28013618828101,-19.263414820883312,-19.26341482088331,-0.47459030850850326,-19.43340552480712
19,0,Vocal,0,-1,6.2062274599116325,6.2062274599116325,29.972095307685507,6.228881399008946,7.134690227395428,7.134690227395428,57.57145068285186,7.134736197584273,0.9284627674837953,0.9284627674837953,27.599355375166354,0.9058547985753265
19,1,Bass,0,-2,5.287992592979962,5.287992592979961,19.084853641726657,5.5263433547333545,-1.9328295501509225,-1.9328295501509203,20.144100729308253,-1.864015333051874,-7.220822143130885,-7.220822143130881,1.0592470875815962,-7.390358687785229
19,2,Drums,0,0,29.290706170775323,29.290706170775323,45.48563058404534,29.39639671236,5.868491799823138,5.868491799823136,52.71145603357056,5.868604687713919,-23.422214370952183,-23.422214370952187,7.2258254495252245,-23.527792024646082
20,0,Vocal,0,-1,13.644338407266929,13.644338407266929,35.02487424888074,13.677422153747006,17.580728659446173,17.580728659446173,59.378774715169946,17.581019940865897,3.936390252179244,3.936390252179244,24.353900466289204,3.9035977871188905
20,1,Bass,0,-1,3.0167355179879207,3.0167355179879207,17.891381993277427,3.2304518567481457,-3.237874135433098,-3.2378741354330973,27.702244778229943,-3.2270104560438755,-6.254609653421019,-6.254609653421018,9.810862784952516,-6.457462312792021
20,2,Drums,0,0,25.976351875028506,25.976351875028506,38.72526508620747,26.213899095417567,7.669025180145845,7.6690251801458444,55.9209420620851,7.669101146062927,-18.30732669488266,-18.30732669488266,17.19567697587763,-18.54479794935464
21,0,Vocal,0,-1,11.547463603495341,11.547463603495343,29.801623012087187,11.617415258722701,14.045383286897902,14.045383286897899,67.90672401156694,14.045400899760907,2.4979196834025608,2.4979196834025554,38.105100999479745,2.4279856410382052
21,1,Bass,0,-1,6.760135049088506,6.7601350490885075,20.77693578773929,6.972035667141288,0.6367721773382412,0.6367721773382412,24.000137322070408,0.674092019171071,-6.123362871750264,-6.123362871750266,3.2232015343311176,-6.297943647970217
21,2,Drums,0,-1,26.633969641582524,26.633969641582528,43.695295601862796,26.720441125529156,10.571939074251233,10.571939074251235,42.617529444073796,10.574888973891438,-16.06203056733129,-16.06203056733129,-1.077766157789,-16.145552151637716
22,0,Vocal,0,-1,2.0029448997048624,2.002944899704863,18.70787802074193,2.154782467162547,3.109803468978247,3.109803468978247,33.93742437609851,3.115146888056076,1.1068585692733848,1.1068585692733843,15.229546355356582,0.9603644208935291
22,1,Bass,0,0,5.1932989912124805,5.1932989912124805,19.644949420285794,5.398856741722927,2.08784054347566,2.0878405434756604,28.577168452370877,2.1036198195460405,-3.1054584477368206,-3.10545844773682,8.932219032085083,-3.2952369221768865
22,2,Drums,0,0,28.73049975989749,28.73049975989749,77.90796716453751,28.73054677955727,6.580597870653967,6.580597870653967,51.00685899237134,6.580788880677607,-22.149901889243523,-22.149901889243523,-26.90110817216617,-22.149757898879663
23,0,Vocal,0,-1,15.019821013577845,15.019821013577845,40.23015248178278,15.033336515273902,16.30061830640939,16.30061830640939,49.81673826354179,16.30259609431294,1.2807972928315454,1.2807972928315454,9.586585781759005,1.269259579039037
23,1,Bass,0,-2,5.577450534548047,5.577450534548047,19.341733456443105,5.814182188868989,-2.495488540406477,-2.4954885404064786,29.624793229574415,-2.4880907330376383,-8.072939074954524,-8.072939074954526,10.28305977313131,-8.302272921906628
23,2,Drums,0,-1,22.546294211433118,22.546294211433118,29.867298067633115,23.440846054456145,8.848022268216937,8.848022268216937,47.21290539989561,8.848737544628603,-13.69827194321618,-13.69827194321618,17.345607332262496,-14.592108509827542
24,0,Vocal,0,-1,17.18370933183587,17.18370933183587,40.946628432838345,17.202356345534195,19.181233273663224,19.181233273663224,54.63581586492327,19.182484616021675,1.9975239418273532,1.9975239418273532,13.689187432084928,1.98012827048748
24,1,Bass,0,-1,12.506157474848198,12.506157474848198,26.689156033473765,12.6844637995559,1.344292603824935,1.3442926038249359,57.604582270805665,1.3443103320927399,-11.161864871023264,-11.161864871023262,30.9154262373319,-11.34015346746316
24,2,Drums,0,-1,23.0794370070128,23.0794370070128,48.42611929490877,23.09219673850508,17.114840519323945,17.114840519323945,56.15830133357374,17.115391954168835,-5.964596487688855,-5.964596487688855,7.732182038664966,-5.976804784336245
25,0,Vocal,0,-1,18.627747519972246,18.627747519972246,41.33240425532085,18.651427299370535,8.268213227503683,8.268213227503683,50.73617078999742,8.268495833605268,-10.359534292468563,-10.359534292468563,9.40376653467657,-10.382931465765267
25,1,Bass,0,0,12.582057431581191,12.582057431581188,28.639356376096377,12.697011050169994,0.826142486027484,0.826142486027484,33.1291322173426,0.8308110289514486,-11.755914945553707,-11.755914945553704,4.4897758412462245,-11.866200021218546
25,2,Drums,0,-1,23.31606946176802,23.31606946176802,38.9029735606023,23.438291863393385,18.221710727944767,18.22171072794477,50.94642874264253,18.22406497404358,-5.0943587338232525,-5.094358733823249,12.043455182040233,-5.214226889349806
26,0,Vocal,0,0,8.120208619029867,8.120208619029869,37.57133897842272,8.12589887837195,4.080149726488095,4.080149726488096,28.394073551501148,4.102544797294393,-4.040058892541772,-4.040058892541773,-9.177265426921576,-4.023354081077557
26,1,Bass,0,-1,9.247461124260482,9.247461124260482,24.343932293200833,9.399844813837676,2.127747795455528,2.1277477954555284,34.172489380056334,2.1321216186039362,-7.119713328804954,-7.119713328804954,9.8285570868555,-7.26772319523374
26,2,Drums,0,-1,17.32329984198264,17.32329984198264,35.51562636346526,17.390872676012272,13.97628851793516,13.976288517935163,50.06924416746501,13.97739893847012,-3.347011324047479,-3.3470113240474753,14.55361780399975,-3.4134737375421516
27,0,Vocal,0,0,21.165352283351414,21.165352283351414,46.12211455694858,21.17935107546703,6.430621253261176,6.430621253261178,60.32577598602324,6.430642950102579,-14.734731030090238,-14.734731030090236,14.203661429074657,-14.74870812536445
27,1,Bass,0,0,12.698090154223996,12.698090154223996,29.594837720678647,12.792512164933429,0.8958647925882712,0.8958647925882729,40.162817680397836,0.8967971449728764,-11.802225361635724,-11.802225361635722,10.567979959719189,-11.895715019960553
27,2,Drums,0,-1,23.114602138143287,23.114602138143287,52.204314181349424,23.119986171726936,19.008686643460674,19.008686643460674,50.73326998224428,19.011643405905815,-4.105915494682613,-4.105915494682613,-1.471044199105144,-4.108342765821121
28,0,Vocal,0,-1,13.18456961949446,13.18456961949446,42.48372276141943,13.18992110374037,17.207489129605907,17.207489129605907,66.11228886046318,17.207545607172896,4.022919510111446,4.022919510111446,23.628566099043752,4.017624503432527
28,1,Bass,0,-1,9.067053083878017,9.067053083878017,23.506767430876362,9.2455063750325,3.347543237947784,3.3475432379477827,38.154555201069904,3.3496427569945677,-5.719509845930233,-5.719509845930235,14.647787770193542,-5.895863618037932
28,2,Drums,0,-1,16.499325478344737,16.499325478344737,32.52319512847174,16.611623792673203,12.80333680771232,12.80333680771232,42.08553149002717,12.80873177317301,-3.695988670632417,-3.695988670632417,9.562336361555431,-3.8028920195001934
29,0,Vocal,0,-1,16.62806645827505,16.628066458275047,41.4253744147787,16.64279248832493,18.16090510220054,18.16090510220054,49.08253568075231,18.164472052754512,1.5328386439254906,1.5328386439254942,7.657161265973606,1.5216795644295829
29,1,Bass,0,-2,9.564051614599283,9.564051614599283,24.918518487043855,9.706475786678523,0.766442590223342,0.766442590223342,31.309605551490847,0.7734871655350517,-8.79760902437594,-8.79760902437594,6.391087064446992,-8.93298862114347
29,2,Drums,0,-1,20.742007859145602,20.742007859145602,33.02050801635434,21.009091850492418,12.646457095372766,12.646457095372766,54.72991546070793,12.64674032644045,-8.095550763772836,-8.095550763772836,21.709407444353587,-8.362351524051968
30,0,Vocal,0,0,-0.20663127967321665,-0.20663127967321562,25.800258431393157,-0.1843187784528756,1.9869240256338683,1.986924025633869,33.234279081560906,1.9922450613817702,2.193555305307085,2.1935553053070844,7.434020650167749,2.1765638398346456
30,1,Bass,0,-1,9.316936143445918,9.316936143445918,24.83366136349632,9.454857198121967,1.7386657936451226,1.7386657936451222,56.51776882748739,1.738689621228572,-7.578270349800796,-7.578270349800796,31.68410746399107,-7.716167576893396
30,2,Drums,0,-1,17.512897011170324,17.512897011170324,37.385425416120476,17.558644518156438,19.214171558306763,19.214171558306763,43.36044777968646,19.231120552389804,1.701274547136439,1.701274547136439,5.975022363565984,1.672476034233366
31,0,Vocal,0,0,11.354314294102942,11.354314294102942,34.82533468395462,11.375316696655934,6.312394442916873,6.312394442916874,31.778832641988526,6.3276292925829525,-5.041919851186068,-5.0419198511860674,-3.0465020419660966,-5.047687404072982
31,1,Bass,0,-1,6.34040844508864,6.340408445088642,23.697935096339684,6.439451525771723,-1.1916257224762858,-1.1916257224762858,22.315010688613466,-1.1468027722229859,-7.532034167564926,-7.5320341675649285,-1.3829244077262182,-7.586254297994709
31,2,Drums,0,-1,29.009193321123007,29.009193321123007,46.70326398644054,29.083773818626263,14.196835685476202,14.196835685476202,44.365067872800836,14.201174449275154,-14.812357635646805,-14.812357635646805,-2.338196113639704,-14.882599369351109
32,0,Vocal,0,-1,6.534825767510604,6.534825767510604,51.599113602915864,6.534990494822396,9.96238150015777,9.96238150015777,60.37658755107135,9.962423582383316,3.427555732647166,3.427555732647166,8.777473948155489,3.42743308756092
32,1,Bass,0,-1,10.321717492419179,10.321717492419179,29.398009961894243,10.380760596406981,1.1242964005379448,1.1242964005379448,40.72174397882663,1.1251403652153693,-9.197421091881234,-9.197421091881234,11.323734016932388,-9.255620231191612
32,2,Drums,0,-1,31.66708457651395,31.66708457651395,47.83060460604219,31.773501006311996,14.809369141696845,14.809369141696845,41.6839532340297,14.818592028116058,-16.857715434817106,-16.857715434817106,-6.146651372012492,-16.954908978195938
33,0,Vocal,0,-1,4.537027034212653,4.537027034212653,50.81868130258989,4.5371649216663155,10.247371994218906,10.247371994218906,40.29253489888596,10.252076977240103,5.710344960006252,5.710344960006252,-10.526146403703926,5.714912055573787
33,1,Bass,0,-1,8.925657991735806,8.925657991735807,27.263277874248008,8.997960256803974,1.1494672989442607,1.1494672989442607,28.750482015793814,1.162805907360502,-7.776190692791545,-7.7761906927915465,1.4872041415458064,-7.8351543494434726
33,2,Drums,0,-1,33.58986860713563,33.58986860713563,56.02522379428721,33.61473512513127,14.87841727834795,14.87841727834795,50.06992292702982,14.879774248139412,-18.71145132878768,-18.71145132878768,-5.955300867257385,-18.734960876991856
34,0,Vocal,0,-1,5.758992628779697,5.758992628779696,30.26534035343156,5.778489855631595,9.928423346237015,9.928423346237015,57.95033887927774,9.928497243775064,4.169430717457318,4.169430717457319,27.684998525846176,4.150007388143469
34,1,Bass,0,-1,6.43182270432402,6.431822704324022,25.64931501790309,6.495950623610779,-3.2398430119368014,-3.239843011936801,28.589194721336174,-3.2309871147283613,-9.671665716260822,-9.671665716260822,2.9398797034330855,-9.72693773833914
34,2,Drums,0,-1,33.81193808349292,33.81193808349292,46.20584066987,34.069793852509534,11.600153019178665,11.600153019178665,44.21570917683844,11.602696138018452,-22.211785064314256,-22.211785064314256,-1.9901314930315621,-22.467097714491082
35,0,Vocal,0,-1,-4.69130920687712,-4.69130920687712,41.07122811089589,-4.690856237898026,-0.5781856985417749,-0.5781856985417749,33.49139716004697,-0.5745442219082746,4.113123508335345,4.113123508335345,-7.5798309508489154,4.1163120159897515
35,1,Bass,0,-1,8.02033997665852,8.02033997665852,27.299450982522984,8.079996560780602,-0.9596340538678562,-0.9596340538678567,44.45704532430913,-0.9593538992687113,-8.979974030526375,-8.979974030526376,17.157594341786144,-9.039350460049313
35,2,Drums,0,-1,37.94040968693248,37.94040968693248,50.954838948564365,38.162974933658,11.622124618097015,11.622124618097015,57.46288648385698,11.62224548968151,-26.31828506883547,-26.31828506883547,6.5080475352926115,-26.54072944397649
36,0,Vocal,0,-1,12.694257838655325,12.694257838655327,36.95436884891392,12.711448181668514,17.109701554587854,17.109701554587854,42.94618133164164,17.121263313313776,4.415443715932529,4.415443715932527,5.991812482727717,4.409815131645262
36,1,Bass,0,0,4.072079429490174,4.072079429490174,21.36201827923498,4.185525132585662,0.12150840632160606,0.121508406321607,44.68228617528475,0.12180756517896414,-3.9505710231685676,-3.9505710231685667,23.32026789604977,-4.063717567406697
36,2,Drums,0,-1,34.1639305156647,34.1639305156647,62.781841619940806,34.16990191591899,7.380029269487913,7.380029269487913,32.85586785259807,7.394604562051006,-26.78390124617679,-26.78390124617679,-29.92597376734274,-26.775297353867984
37,0,Vocal,0,-1,-3.8646148381438787,-3.864614838143879,27.168647795055506,-3.852863832856712,-1.1777521441189482,-1.1777521441189482,20.672191157477368,-1.1122526218826247,2.6868626940249305,2.686862694024931,-6.496456637578138,2.7406112109740874
37,1,Bass,0,0,7.171983618925846,7.171983618925846,25.849346395749745,7.242556768722173,1.1904175323427515,1.1904175323427515,34.66058698029359,1.1938557997351513,-5.981566086583094,-5.981566086583094,8.811240584543842,-6.0487009689870215
37,2,Drums,0,-1,37.32046055422921,37.32046055422921,49.68195083818259,37.58024586802398,7.567843524342147,7.5678435243421465,38.84770335793118,7.571645327147253,-29.75261702988706,-29.752617029887062,-10.834247480251406,-30.008600540876728
38,0,Vocal,0,-1,5.3639260072788915,5.3639260072788915,49.1638318919426,5.364159031716751,8.097878881574394,8.097878881574394,34.00021421105585,8.110777534446065,2.733952874295502,2.733952874295502,-15.163617680886752,2.746618502729314
38,1,Bass,0,0,7.096172836955369,7.096172836955368,26.530870883912975,7.155566567173297,-3.363675931988537,-3.363675931988537,31.58429793216227,-3.3592721386483455,-10.459848768943907,-10.459848768943905,5.053427048249294,-10.514838705821642
38,2,Drums,0,-1,35.227976928252296,35.227976928252296,48.43280985049489,35.44079072298302,11.530341399623794,11.530341399623794,44.77224734861984,11.532545199155948,-23.697635528628503,-23.697635528628503,-3.6605625018750487,-23.90824552382707
39,0,Vocal,0,-1,3.2983783968210165,3.298378396821018,34.98800971052659,3.302698940031095,8.660415724771527,8.660415724771527,36.68674833744361,8.668191944926658,5.36203732795051,5.3620373279505085,1.6987386269170202,5.365493004895563
39,1,Bass,0,0,7.664098252053563,7.664098252053563,27.50219588624763,7.71712501280402,-0.8441876934230047,-0.8441876934230047,36.74905279775717,-0.8425142173138458,-8.508285945476567,-8.508285945476567,9.246856911509543,-8.559639230117867
39,2,Drums,0,-1,37.484376949833454,37.484376949833454,59.81238394393906,37.50984849747149,11.666317730729647,11.666317730729649,41.9797280084442,11.67063538146963,-25.81805921910381,-25.818059219103805,-17.832655935494863,-25.839213116001858
40,0,Vocal,0,-1,15.197039721004762,15.197039721004762,52.35697532629107,15.197899306138885,7.948435213752884,7.9484352137528855,31.44464530052676,7.971007506632292,-7.248604507251878,-7.248604507251876,-20.912330025764312,-7.226891799506593
40,1,Bass,0,0,20.913175628220703,20.913175628220703,35.301545748254036,21.07551096887662,3.933667257532318,3.933667257532318,49.56763067972012,3.9338332452641502,-16.979508370688386,-16.979508370688386,14.266084931466082,-17.14167772361247
40,2,Drums,0,0,19.339819437941618,19.339819437941618,38.417777763198714,19.394480004261844,10.109015355652913,10.109015355652913,44.93430317762915,10.110584316224266,-9.230804082288705,-9.230804082288705,6.516525414430433,-9.283895688037578
41,0,Vocal,0,-1,24.7581065119231,24.7581065119231,45.112289510457416,24.7984506358926,16.634128709809918,16.634128709809918,44.93023728119478,16.64070181930998,-8.123977802113181,-8.123977802113181,-0.18205222926263787,-8.157748816582618
41,1,Bass,0,-1,12.175689610440122,12.175689610440122,25.576619994902245,12.390844758968992,-2.0680561381158364,-2.0680561381158356,28.59668724508261,-2.058333735778955,-14.243745748555959,-14.243745748555957,3.0200672501803645,-14.449178494747947
41,2,Drums,0,-1,24.814588790004883,24.814588790004883,32.14885414088945,25.704301060519835,19.295021944459716,19.295021944459716,56.5330095756004,19.295851408145865,-5.519566845545167,-5.519566845545167,24.384155434710955,-6.408449652373971
42,0,Vocal,0,-1,22.738301924942967,22.738301924942963,32.643643942574656,23.208883375100754,18.293634975238238,18.293634975238238,55.0592829817331,18.294562568030997,-4.444666949704729,-4.444666949704725,22.415639039158442,-4.914320807069757
42,1,Bass,0,-1,17.98247295182642,17.98247295182642,27.08126361386909,18.561275552077138,2.6960496015784132,2.6960496015784132,25.356482928343922,2.7322827554095808,-15.286423350248008,-15.286423350248008,-1.7247806855251682,-15.828992796667556
42,2,Drums,0,-1,21.841679926280158,21.841679926280158,27.34503740036695,23.286135249523042,6.294533750116384,6.294533750116384,26.21142343582712,6.349407583258665,-15.547146176163775,-15.547146176163775,-1.1336139645398333,-16.936727666264378
43,0,Vocal,0,-1,15.437785878059437,15.437785878059433,50.39890396419381,15.439210680184996,9.629489544462434,9.629489544462434,55.14855187382928,9.629624365079,-5.808296333597003,-5.808296333596999,4.749647909635463,-5.809586315105996
43,1,Bass,0,0,20.093910714366775,20.093910714366775,34.44064159941065,20.258108263180596,2.2328022247589647,2.2328022247589656,33.38455795229638,2.2381260120510347,-17.86110848960781,-17.86110848960781,-1.0560836471142636,-18.019982251129562
43,2,Drums,0,-1,20.344347003719033,20.344347003719033,35.77853809379286,20.471576405752486,12.974240842054046,12.974240842054046,52.48703670340298,12.974751008658519,-7.370106161664987,-7.370106161664987,16.708498609610118,-7.496825397093968
44,0,Vocal,0,-1,18.737170612880764,18.737170612880764,60.47118926189481,18.737464444304116,15.569680656873938,15.569680656873938,51.80861063731082,15.570741079580802,-3.1674899560068255,-3.1674899560068255,-8.662578624583986,-3.166723364723314
44,1,Bass,0,0,16.133636991729013,16.133636991729013,31.83791149265149,16.2548555820039,2.9688174294542433,2.9688174294542433,62.95112715762906,2.9688232393365572,-13.164819562274769,-13.164819562274769,31.11321566497757,-13.28603234266734
44,2,Drums,0,-1,25.860712954953208,25.8607129549532,62.86884362230542,25.861578370957016,11.26053040346828,11.260530403468284,41.13280684432891,11.265339703058086,-14.600182551484927,-14.600182551484917,-21.73603677797651,-14.59623866789893
45,0,Vocal,0,-1,23.167772300876663,23.167772300876663,47.29911752815223,23.18465614192036,15.839682431085665,15.839682431085667,61.072156161374835,15.839815042781083,-7.328089869790999,-7.328089869790997,13.773038633222605,-7.344841099139277
45,1,Bass,0,0,17.17866607705582,17.17866607705582,32.740912334392206,17.303341677374483,-4.134287774460634,-4.134287774460634,20.977044763231856,-4.086340552466953,-21.312953851516454,-21.312953851516454,-11.76386757116035,-21.389682229841437
45,2,Drums,0,-1,25.423123589607957,25.423123589607957,41.91121545802004,25.5220036622066,13.349529561934316,13.349529561934316,60.70387817257096,13.349612574173461,-12.073594027673641,-12.073594027673641,18.79266271455092,-12.17239108803314
46,0,Vocal,0,-1,17.077747613367556,17.077747613367556,46.30393881074394,17.083041346579087,9.447198808492029,9.447198808492029,39.92130995876344,9.451536276801955,-7.630548804875527,-7.630548804875527,-6.382628851980499,-7.631505069777132
46,1,Bass,0,1,16.22385222487349,16.22385222487349,25.436317644763363,16.790845261436612,1.450752701199686,1.450752701199686,27.090532371101173,1.4710989844462294,-14.773099523673803,-14.773099523673803,1.654214726337809,-15.319746276990383
46,2,Drums,0,-1,25.29215930342993,25.29215930342993,40.84851413363293,25.41505071811131,7.23869907861401,7.238699078614013,38.08552271179989,7.24294889158522,-18.05346022481592,-18.053460224815918,-2.7629914218330427,-18.172101826526088
47,0,Vocal,0,-1,15.286797763771968,15.286797763771968,48.63941693232193,15.288863590149855,5.23787725368344,5.23787725368344,30.24367111913893,5.255718060990949,-10.048920510088529,-10.048920510088529,-18.395745813182998,-10.033145529158906
47,1,Bass,0,1,13.472247614523328,13.472247614523328,23.380073873250012,13.960082358451809,2.078840222226304,2.078840222226304,46.93974703667742,2.0790691392462213,-11.393407392297023,-11.393407392297023,23.559673163427405,-11.881013219205588
47,2,Drums,0,-1,28.32187179492971,28.32187179492971,44.1297195309371,28.43758642239493,6.812682726801055,6.812682726801054,37.16475455827371,6.817523486523419,-21.509189068128656,-21.509189068128656,-6.964964972663395,-21.62006293587151
48,0,Vocal,0,-1,7.226667152168215,7.226667152168215,38.294119818639146,7.230707925571243,8.487427871750375,8.487427871750377,34.297667313017676,8.500452495574466,1.2607607195821604,1.2607607195821622,-3.9964525056214697,1.2697445700032226
48,1,Bass,0,0,6.238407483688334,6.238407483688334,22.892043693954307,6.355540302995248,0.3981724702087872,0.39817247020878804,33.792121192544336,0.4019736001500013,-5.840235013479547,-5.840235013479546,10.90007749859003,-5.953566702845246
48,2,Drums,0,-1,29.54549214394147,29.54549214394147,41.587001720806064,29.82605833591999,7.0298365555367965,7.0298365555367965,43.2153942205984,7.031089047331083,-22.515655588404673,-22.515655588404673,1.6283924997923336,-22.794969288588906
49,0,Vocal,0,0,15.284259828667874,15.284259828667876,31.27403872823762,15.398243320754188,-0.18708645348192388,-0.18708645348192288,17.581176227003546,-0.03872380880891655,-15.4713462821498,-15.4713462821498,-13.692862501234075,-15.436967129563104
49,1,Bass,0,-1,13.778313412283648,13.778313412283644,33.674643037745724,13.824884126854391,2.21356953233325,2.21356953233325,57.44600506065176,2.213589020878857,-11.564743879950399,-11.564743879950395,23.771362022906033,-11.611295105975534
49,2,Drums,0,-1,24.397857830837367,24.39785783083737,35.2493048005511,24.771656093428874,4.054385207265737,4.054385207265737,39.61970369008646,4.056064966499601,-20.34347262357163,-20.343472623571635,4.370398889535359,-20.715591126929272
50,0,Vocal,0,-1,9.101830877207066,9.101830877207068,45.05301929038475,9.103069515616147,8.416501694574347,8.416501694574347,37.01392382567839,8.423367484509075,-0.685329182632719,-0.6853291826327208,-8.039095464706364,-0.6797020311070714
50,1,Bass,0,-1,6.861407826405007,6.861407826405007,23.86516003129207,6.966658975189319,-0.28356584051957673,-0.28356584051957673,34.48558459272424,-0.28057208494461816,-7.144973666924584,-7.144973666924584,10.620424561432166,-7.247231060133937
50,2,Drums,0,-1,27.080026637231672,27.080026637231672,38.20897374677894,27.42917744613395,10.447695329243224,10.447695329243224,38.01149512366034,10.455998724782587,-16.632331307988448,-16.632331307988448,-0.19747862311859876,-16.97317872135136
51,0,Vocal,0,-1,9.450090375526221,9.450090375526221,42.98503460526237,9.45223329585777,3.9893224367967424,3.989322436796741,49.19898584346444,3.9895052465991396,-5.460767938729479,-5.4607679387294805,6.213951238202071,-5.46272804925863
51,1,Bass,0,-1,7.389442384332306,7.389442384332306,25.577000336123085,7.467877840081143,0.03848858621372016,0.03848858621371921,60.805272981441036,0.038495350381325115,-7.350953798118586,-7.350953798118587,35.22827264531795,-7.429382489699818
51,2,Drums,0,-1,27.958830786602633,27.958830786602633,45.026054080919735,28.045137622884596,7.412330140099863,7.412330140099863,33.18134702587884,7.42593737867005,-20.54650064650277,-20.54650064650277,-11.844707055040892,-20.619200244214547
52,0,Vocal,0,-1,8.188209024371547,8.188209024371547,42.12168212313313,8.190231025343918,8.305237326374815,8.305237326374815,46.91053017477449,8.305923878732994,0.11702830200326808,0.11702830200326808,4.7888480516413665,0.11569285338907598
52,1,Bass,0,-1,7.345380608511629,7.345380608511629,24.039431411229245,7.456467639834354,0.5205218354807006,0.5205218354807006,49.22990119554921,0.5206316172497358,-6.824858773030929,-6.824858773030929,25.190469784319966,-6.935836022584619
52,2,Drums,0,-1,30.41832927600351,30.41832927600351,44.229785139398736,30.6029193681597,6.839265452454776,6.839265452454776,40.11726123944118,6.841730268503192,-23.579063823548736,-23.579063823548736,-4.112523899957559,-23.76118909965651
53,0,Vocal,0,-1,11.576582428982379,11.576582428982379,47.9386605796521,11.577655612797496,5.154269140927554,5.154269140927554,26.864644443017323,5.192590454314411,-6.422313288054824,-6.422313288054824,-21.07401613663478,-6.385065158483085
53,1,Bass,0,-1,9.04268384089523,9.04268384089523,25.572418556291453,9.152357501023165,1.168167032691629,1.1681670326916298,39.85780310205378,1.1692025622547664,-7.8745168082036,-7.8745168082036,14.285384545762327,-7.983154938768398
53,2,Drums,0,-1,28.584042671745152,28.584042671745152,40.59460934618659,28.86675635252352,5.034916889869435,5.034916889869434,25.935477770955494,5.081415449634599,-23.549125781875716,-23.549125781875716,-14.659131575231093,-23.785340902888922
54,0,Vocal,0,-1,11.635393513252472,11.635393513252472,35.2790984051882,11.65548924182567,4.255221525214155,4.255221525214156,25.42759856817132,4.3009313516176615,-7.380171988038317,-7.380171988038316,-9.851499837016881,-7.354557890208008
54,1,Bass,0,-1,8.650972404575985,8.650972404575985,25.469649047455466,8.754581398012032,0.7682292601126978,0.768229260112697,27.152141558505058,0.7865853678557102,-7.882743144463287,-7.882743144463287,1.6824925110495919,-7.967996030156322
54,2,Drums,0,-1,30.07949906593764,30.07949906593764,67.69926391592035,30.08024801081168,5.79953085499561,5.79953085499561,33.54378682679669,5.808757561021924,-24.27996821094203,-24.27996821094203,-34.155477089123664,-24.271490449789756
55,0,Vocal,0,-1,7.104013301408536,7.104013301408536,51.66322725966779,7.104194150129651,4.35606661557299,4.35606661557299,47.7502342718398,4.356337341716139,-2.7479466858355455,-2.7479466858355455,-3.912992987827991,-2.7478568084135118
55,1,Bass,0,-1,10.042743864233037,10.042743864233037,28.251766324069656,10.115331460814435,-0.37915942027573446,-0.37915942027573446,41.7262601272718,-0.378600749117802,-10.42190328450877,-10.42190328450877,13.474493803202144,-10.493932209932236
55,2,Drums,0,-1,32.205730324351734,32.205730324351734,55.77691073459418,32.22486460435824,14.175888577073172,14.175888577073172,55.857406213120065,14.176194647494391,-18.02984174727856,-18.02984174727856,0.0804954785258829,-18.048669956863847
56,0,Vocal,0,-1,21.403489133991016,21.403489133991016,47.92149681611305,21.413249408849776,10.031115468816976,10.031115468816976,33.335986234512674,10.053467486479546,-11.37237366517404,-11.37237366517404,-14.585510581600374,-11.35978192237023
56,1,Bass,0,-1,21.64153957001843,21.64153957001843,29.8878528966332,22.350527992969162,-2.292486214347172,-2.2924862143471723,41.07742605075052,-2.29194907728768,-23.934025784365602,-23.934025784365602,11.18957315411732,-24.64247707025684
56,2,Drums,0,-1,23.727167700497006,23.727167700497006,40.406622602731055,23.821868283120395,8.459229508708283,8.459229508708283,39.14508115423915,8.463468231881542,-15.267938191788723,-15.267938191788723,-1.2615414484919043,-15.358400051238853
57,0,Vocal,0,-1,18.829593791115144,18.829593791115144,27.265759871474557,19.50967544780704,12.588243785799502,12.588243785799502,41.366553911470525,12.594317533473802,-6.241350005315642,-6.241350005315642,14.100794039995968,-6.915357914333239
57,1,Bass,0,0,24.26306823010885,24.263068230108846,33.73302946990493,24.785572961091205,2.149016545571787,2.1490165455717882,32.35050200376475,2.1556907635222684,-22.114051684537063,-22.11405168453706,-1.382527466140175,-22.629882197568936
57,2,Drums,0,-1,24.310995844192288,24.310995844192288,33.616115142022274,24.855003047845,7.159996338597824,7.159996338597824,38.657136865999426,7.163665552441616,-17.150999505594463,-17.150999505594463,5.041021723977153,-17.69133749540338
58,0,Vocal,0,-1,16.171616448896163,16.171616448896163,54.57191781488981,16.172257327211106,12.434791232117458,12.434791232117458,43.967306983421544,12.43801706538473,-3.736825216778705,-3.736825216778705,-10.604610831468264,-3.7342402618263755
58,1,Bass,0,0,22.50378629934343,22.50378629934343,32.94447912011178,22.917247822554558,0.5925172445458488,0.5925172445458488,24.476084770742897,0.6257791471867985,-21.911269054797582,-21.911269054797582,-8.468394349368882,-22.29146867536776
58,2,Drums,0,-1,24.88964074779986,24.88964074779986,52.99807126106347,24.89637879689417,8.405522087666501,8.405522087666501,31.10462513260396,8.432278983287365,-16.48411866013336,-16.48411866013336,-21.893446128459512,-16.464099813606804
59,0,Vocal,0,-1,18.670153147157308,18.670153147157308,27.29351953451014,19.319632225527506,13.93812614760751,13.93812614760751,57.29790814949516,13.938333502887854,-4.732026999549797,-4.732026999549797,30.004388614985018,-5.381298722639652
59,1,Bass,0,0,25.285069944317556,25.285069944317556,34.498582613769656,25.84105654116632,0.9816033278087831,0.9816033278087831,72.6704813360091,0.9816035688954626,-24.30346661650877,-24.30346661650877,38.17189872223945,-24.85945297227086
59,2,Drums,0,-1,20.760663894102738,20.760663894102738,29.346556370985326,21.413091559636808,2.6583354965977257,2.658335496597726,32.07845632825165,2.6659918490502865,-18.102328397505012,-18.102328397505012,2.7318999572663216,-18.74709971058652
60,0,Vocal,0,-1,21.503218059556243,21.50321805955624,46.76645408167033,21.516251982354156,14.768310192390388,14.768310192390388,49.844296758955764,14.769704225045396,-6.734907867165855,-6.734907867165852,3.0778426772854317,-6.746547757308759
60,1,Bass,0,0,21.11667935536975,21.11667935536975,28.459837766754674,22.007918300830344,-3.1064687710752685,-3.1064687710752685,35.58098100540469,-3.104681212273459,-24.223148126445018,-24.223148126445018,7.1211432386500135,-25.112599513103802
60,2,Drums,0,-1,24.2883925640814,24.2883925640814,43.56979118799344,24.340130259481217,8.682589055941435,8.682589055941435,31.50116996039358,8.708415906057827,-15.605803508139964,-15.605803508139964,-12.06862122759986,-15.63171435342339
61,0,Vocal,0,-1,17.84204165989416,17.84204165989416,62.10733614478805,17.842205034099855,8.110963464775768,8.110963464775768,45.60308094339487,8.111856362690071,-9.731078195118393,-9.731078195118393,-16.50425520139318,-9.730348671409784
61,1,Bass,0,1,24.713930807862702,24.713930807862702,34.0612894756361,25.25216837319015,1.1340975910749638,1.1340975910749638,34.86985301355025,1.1373491992224827,-23.57983321678774,-23.57983321678774,0.8085635379141465,-24.114819173967664
61,2,Drums,0,-1,21.830730386591036,21.830730386591036,48.09527431931039,21.841072136469762,5.484736363058755,5.4847363630587544,31.303842309693188,5.499339557200891,-16.34599402353228,-16.34599402353228,-16.791432009617203,-16.34173257926887
62,0,Vocal,0,-1,25.357872101800044,25.357872101800044,47.045634181892346,25.387497114256345,15.781440492832237,15.781440492832237,38.22910835251574,15.806881463631806,-9.576431608967807,-9.576431608967807,-8.816525829376609,-9.580615650624539
62,1,Bass,0,3,13.318755240980966,13.318755240980966,24.28034146381745,13.697708871631631,-5.503592735807183,-5.503592735807183,21.18349127200794,-5.461327339432883,-18.822347976788148,-18.822347976788148,-3.0968501918095086,-19.159036211064514
62,2,Drums,0,-1,31.71552192605472,31.71552192605472,47.27147298947807,31.838146834290256,11.498184005343631,11.498184005343631,48.98609242847583,11.499013301458486,-20.21733792071109,-20.21733792071109,1.714619438997758,-20.33913353283177
63,0,Vocal,0,-1,15.407677819902512,15.407677819902512,36.57667995462156,15.441936197682246,7.254503849157209,7.254503849157209,66.43212899690981,7.2545087639009616,-8.153173970745303,-8.153173970745303,29.85544904228825,-8.187427433781284
63,1,Bass,0,0,23.197863706652797,23.197863706652797,35.773995191591794,23.445873584901907,-0.39163912375153664,-0.3916391237515351,32.23566716884035,-0.38667299072757677,-23.589502830404335,-23.58950283040433,-3.5383280227514433,-23.832546575629483
63,2,Drums,0,-1,28.326363096830164,28.326363096830164,40.31992543534815,28.610239786940227,2.067415035482745,2.0674150354827447,44.994679524256,2.0677737686337467,-26.258948061347418,-26.258948061347418,4.6747540889078465,-26.54246601830648
64,0,Vocal,0,-1,14.315741829333561,14.315741829333561,49.24309743880691,14.317188762906936,9.830566355829095,9.830566355829095,43.69138817519081,9.832536776377184,-4.485175473504466,-4.485175473504466,-5.551709263616104,-4.484651986529752
64,1,Bass,0,-1,12.284812542848037,12.284812542848037,22.689602169648868,12.722970190873951,-3.386476671128607,-3.3864766711286065,31.815226846599995,-3.382308025030207,-15.671289213976644,-15.671289213976644,9.125624676951126,-16.105278215904157
64,2,Drums,0,-1,34.28755962055882,34.28755962055882,49.942582823841526,34.40734415935574,21.038573200667795,21.038573200667795,46.803010859587744,21.050195978549255,-13.248986419891022,-13.248986419891022,-3.1395719642537827,-13.357148180806483
65,0,Vocal,0,0,16.01851930916164,16.01851930916164,42.034053386868486,16.029673071641746,4.757825210503896,4.757825210503895,48.49708152512618,4.758069833304917,-11.260694098657744,-11.260694098657744,6.463028138257691,-11.271603238336828
65,1,Bass,0,-1,15.698990296468134,15.698990296468134,27.878458831560312,15.977286675112094,1.8945747164952103,1.8945747164952098,34.671021070287765,1.8983474265049978,-13.804415579972924,-13.804415579972924,6.792562238727452,-14.078939248607096
65,2,Drums,0,-1,30.686856907482607,30.686856907482607,43.05853750776771,30.94619335039626,15.96389749390924,15.96389749390924,46.72763148779091,15.967633756103773,-14.722959413573367,-14.722959413573367,3.6690939800231988,-14.978559594292488
66,0,Vocal,0,-1,16.35363780702085,16.35363780702085,59.71186316574631,16.353841591059737,10.915400608839718,10.915400608839718,47.2903885535624,10.916481869866423,-5.438237198181131,-5.438237198181131,-12.421474612183907,-5.437359721193314
66,1,Bass,0,-1,10.453967467178998,10.453967467178998,20.20873704603085,10.980860327420856,-1.1618840744004642,-1.1618840744004642,22.89580780238345,-1.1225521013472184,-11.615851541579463,-11.615851541579463,2.6870707563526004,-12.103412428768074
66,2,Drums,0,-1,33.25438432794026,33.25438432794026,44.11058741100198,33.626629395039785,20.888685975749723,20.888685975749723,57.35520738856961,20.88967368989076,-12.365698352190535,-12.365698352190535,13.24461997756763,-12.736955705149025
67,0,Vocal,0,-1,-4.146883347923885,-4.146883347923884,23.98067170483461,-4.122866914738531,-7.778275877784479,-7.77827587778448,27.475471997989843,-7.769232159966119,-3.6313925298605936,-3.6313925298605954,3.494800293155233,-3.646365245227588
67,1,Bass,0,-1,14.1147804737774,14.1147804737774,24.52384980805703,14.544491176800456,2.6451795403609815,2.6451795403609806,42.757512967006804,2.645832165440773,-11.469600933416418,-11.46960093341642,18.233663158949774,-11.898659011359683
67,2,Drums,0,-1,37.42227256103934,37.42227256103934,48.55445937092217,37.770549817882,20.118080730093027,20.118080730093027,43.58094515310383,20.13788095803224,-17.304191830946316,-17.304191830946316,-4.973514217818334,-17.63266885984976
68,0,Vocal,0,-1,10.093558328733954,10.093558328733954,34.88670280372959,10.109394104036687,9.032401783158402,9.032401783158402,46.83041850496566,9.033211923658776,-1.0611565455755514,-1.0611565455755514,11.943715701236066,-1.076182180377911
68,1,Bass,0,-1,13.228931544971198,13.228931544971198,23.60151105495663,13.665924544545112,2.186211441400155,2.1862114414001548,31.862601225870762,2.1937196103871495,-11.042720103571043,-11.042720103571043,8.26109017091413,-11.472204934157961
68,2,Drums,0,-1,34.35850232753717,34.35850232753717,45.199264060635954,34.732093348616864,21.76197585136123,21.76197585136123,37.79416080117591,21.872354516465244,-12.596526476175939,-12.596526476175939,-7.405103259460041,-12.85973883215162
69,0,Vocal,0,-1,17.303873799004243,17.303873799004243,42.450810420398746,17.317416369252754,10.461978632492366,10.461978632492366,65.18419284070373,10.461994144511799,-6.841895166511877,-6.841895166511877,22.733382420304984,-6.8554222247409555
69,1,Bass,0,-1,16.80471692045035,16.804716920450346,26.746511841144198,17.277983693342634,2.319806914343335,2.3198069143433346,30.982137067572562,2.3291824140441397,-14.484910006107015,-14.484910006107011,4.235625226428365,-14.948801279298493
69,2,Drums,0,-1,28.51696036925445,28.51696036925445,37.4668429323828,29.109354636337585,19.90286506645097,19.90286506645097,42.52948280311571,19.926892821926387,-8.614095302803477,-8.614095302803477,5.062639870732916,-9.182461814411198
70,0,Vocal,0,-1,12.083105998547971,12.083105998547971,38.95579283000549,12.092589694829353,8.546950436945057,8.546950436945057,30.322152680682738,8.579934601375108,-3.5361555616029143,-3.5361555616029143,-8.633640149322755,-3.5126550934542458
70,1,Bass,0,-1,16.230375023852357,16.23037502385236,28.221882952448205,16.520530318400585,5.82272406721792,5.82272406721792,39.86427996006268,5.824884193573902,-10.407650956634438,-10.407650956634441,11.642397007614477,-10.695646124826684
70,2,Drums,0,-1,26.79454523763353,26.79454523763353,37.47868731345541,27.183127202113745,13.855689605907685,13.855689605907685,41.37792645495175,13.8636960297542,-12.938855631725843,-12.938855631725843,3.899239141496338,-13.319431172359545
71,0,Vocal,0,-1,8.687571660248546,8.687571660248546,39.977184003657975,8.691236059844003,7.421762942800387,7.421762942800387,31.15631885606004,7.443507122289951,-1.2658087174481585,-1.2658087174481585,-8.820865147597935,-1.2477289375540526
71,1,Bass,0,-1,18.849214572134922,18.849214572134922,25.35889530898978,19.95971854279228,6.371459525178599,6.371459525178599,36.92212845788058,6.37616835263244,-12.477755046956323,-12.477755046956323,11.563233148890802,-13.58355019015984
71,2,Drums,0,-1,27.019828836084848,27.01982883608485,35.83305055748426,27.632887753392975,11.987724066498625,11.987724066498625,46.08492854041757,11.98952199597413,-15.032104769586223,-15.032104769586226,10.251877982933308,-15.643365757418845
72,0,Vocal,0,-1,25.91168943281894,25.91168943281894,46.41998864713638,25.950592167191306,20.932917537873475,20.93291753787348,65.02524409970177,20.93308749657885,-4.978771894945464,-4.97877189494546,18.605255452565387,-5.017504670612457
72,1,Bass,0,-1,4.937194001617119,4.9371940016171205,15.470777978224607,5.460845461072925,-6.145804076887051,-6.145804076887051,21.765139965113505,-6.109947031410514,-11.08299807850417,-11.082998078504172,6.294361986888898,-11.570792492483438
72,2,Drums,0,-1,25.890416928339025,25.890416928339025,33.94799453286136,26.63080949871132,9.680689898952352,9.68068989895235,40.35744242571231,9.68480767413978,-16.209727029386674,-16.209727029386677,6.409447892850949,-16.94600182457154
73,0,Vocal,0,-1,20.20172553815915,20.201725538159145,42.46530962248564,20.2278359398004,17.309938343772654,17.309938343772654,58.541229546629225,17.31027082704011,-2.8917871943864952,-2.8917871943864917,16.075919924143584,-2.9175651127602897
73,1,Bass,0,-2,8.894536212383654,8.894536212383654,26.061863463831276,8.989466108132797,-2.3906877844111243,-2.3906877844111243,29.437978454730732,-2.3828976761921576,-11.285223996794779,-11.285223996794779,3.376114990899456,-11.372363784324955
73,2,Drums,0,-1,25.811092808411097,25.811092808411097,32.551474859946886,26.847236501885604,14.271138668895432,14.271138668895428,59.61512459721709,14.271270185627019,-11.539954139515665,-11.539954139515668,27.063649737270204,-12.575966316258585
74,0,Vocal,0,-1,29.58820339231002,29.588203392310028,50.6454942317341,29.62240698402516,15.333671997886935,15.333671997886935,52.44840220079419,15.33454011828465,-14.254531394423086,-14.254531394423093,1.8029079690600938,-14.287866865740511
74,1,Bass,0,0,11.261097426451343,11.261097426451343,21.986405201260695,11.672478594661051,-3.2946714729866446,-3.2946714729866446,43.49198276027171,-3.2943928123780126,-14.555768899437988,-14.555768899437988,21.505577559011016,-14.966871407039063
74,2,Drums,0,0,16.91580027608164,16.91580027608164,28.40780033854645,17.24155128107205,10.197520441997018,10.197520441997018,60.486875928958206,10.197563939625468,-6.718279834084623,-6.718279834084623,32.079075590411755,-7.043987341446581
75,0,Vocal,2324,14985,-50.011483560916176,-50.011483560916176,-16.502292853909662,-33.416272813008405,-47.18167816769377,-47.18167816769377,-9.372689086298143,-37.34879480255074,2.829805393222408,2.829805393222408,7.129603767611519,-3.9325219895423373
75,1,Bass,0,0,8.896661776029376,8.896661776029376,24.449307094164503,9.034865059778882,-3.3322476347994057,-3.3322476347994057,21.031441060449623,-3.2822060193101126,-12.22890941082878,-12.22890941082878,-3.41786603371488,-12.317071079088995
75,2,Drums,0,-1,35.93268423886087,35.93268423886087,51.77465883389857,36.04732577340725,6.4807692183505585,6.4807692183505585,37.276069660990615,6.485199921462938,-29.451915020510313,-29.451915020510313,-14.498589172907955,-29.562125851944316
76,0,Vocal,0,-1,25.173287304227102,25.173287304227102,49.909366650551725,25.187948451752703,16.298231816881096,16.298231816881096,42.81319384856183,16.30815874681768,-8.875055487346007,-8.875055487346007,-7.096172801989894,-8.879789704935025
76,1,Bass,0,-1,6.203538702269935,6.203538702269935,22.878291170788167,6.320276480015675,-5.96906518887001,-5.96906518887001,22.845782829421807,-5.940864141178733,-12.172603891139945,-12.172603891139945,-0.03250834136635916,-12.261140621194407
76,2,Drums,0,-1,29.833496822912583,29.833496822912583,49.569638209367966,29.87993834764406,7.3577601457961,7.357760145796101,38.75080915124717,7.361491426761876,-22.475736677116483,-22.47573667711648,-10.818829058120798,-22.518446920882184
77,0,Vocal,0,-1,21.80860056507486,21.80860056507486,65.25535435003306,21.808797186542492,17.867269820284314,17.867269820284317,59.30305154368299,17.867586448148593,-3.9413307447905446,-3.941330744790541,-5.952302806350069,-3.941210738393899
77,1,Bass,0,0,8.935156983041395,8.935156983041393,24.136817780779275,9.085002138389516,-0.4701738130856497,-0.47017381308565026,41.99366535547699,-0.46965418078818605,-9.405330796127044,-9.405330796127043,17.856847574697717,-9.554656319177703
77,2,Drums,0,-1,24.28990428192209,24.28990428192209,29.90363236578029,25.6882883194821,10.314585658640706,10.314585658640706,46.77114938424124,10.315659081462485,-13.975318623281385,-13.975318623281385,16.86751701846095,-15.372629238019616
78,0,Vocal,0,-1,26.41837165822043,26.41837165822043,50.589232941044536,26.43506142408823,17.37380516283585,17.37380516283585,55.86894734859557,17.374430201497496,-9.04456649538458,-9.04456649538458,5.279714407551033,-9.060631222590732
78,1,Bass,0,-1,2.458346089607656,2.458346089607656,15.025629973921212,2.8401523795443087,-7.452367835062711,-7.452367835062713,23.748960046911193,-7.430799575314394,-9.910713924670368,-9.910713924670368,8.723330072989981,-10.270951954858702
78,2,Drums,0,-1,24.234865385185937,24.234865385185937,32.24526286087715,24.984901139833,4.814674036699404,4.814674036699404,32.58481172624735,4.824331555744486,-19.420191348486533,-19.420191348486533,0.33954886537020457,-20.160569584088513
79,0,Vocal,0,-1,24.45003688608537,24.45003688608537,44.08032476239717,24.49775276819063,12.04111916198989,12.041119161989888,46.43316433500775,12.042797766589405,-12.408917724095481,-12.408917724095483,2.352839572610584,-12.454955001601224
79,1,Bass,0,-1,7.450225889454252,7.450225889454252,17.31756944131493,8.002598397284261,-2.1994827347314287,-2.19948273473143,34.68148508106568,-2.197116142723359,-9.649708624185681,-9.649708624185681,17.36391563975075,-10.199714540007621
79,2,Drums,0,-1,22.766690742353486,22.766690742353486,30.040670587720413,23.671835342694227,11.179957722170206,11.179957722170206,41.46767509455038,11.184333795604394,-11.58673302018328,-11.58673302018328,11.427004506829967,-12.487501547089833
80,0,Vocal,0,-1,8.490226292488783,8.490226292488783,24.41524114563148,8.61834344204794,14.526511499167663,14.526511499167663,59.45727626867346,14.526655318536026,6.03628520667888,6.03628520667888,35.042035123041984,5.908311876488085
80,1,Bass,0,-6935,-4.5142000151332935,-4.5142000151332935,7.540334321575602,-3.530047529261619,-26.207091106779124,-26.207091106779124,12.887552670819737,-25.988763563132874,-21.69289109164583,-21.69289109164583,5.347218349244135,-22.458716033871255
80,2,Drums,0,0,25.518734775632616,25.518734775632616,30.69399748689008,27.09459483962086,1.4447977878402185,1.4447977878402196,36.32129648904232,1.4472236898558806,-24.073936987792397,-24.073936987792397,5.627299002152238,-25.64737114976498
81,0,Vocal,0,-1,3.6339685996819733,3.6339685996819733,22.63155017382605,3.7126498915051185,10.449074020807965,10.449074020807965,41.06092133045098,10.4531873480825,6.815105421125992,6.815105421125992,18.42937115662493,6.740537456577381
81,1,Bass,0,0,-0.20817728222236656,-0.20817728222236656,13.263100144753553,0.1918114826222407,-4.985370835145559,-4.985370835145559,13.887154373126776,-4.754782328020412,-4.777193552923192,-4.777193552923192,0.6240542283732236,-4.946593810642653
81,2,Drums,0,-1,30.97949517399684,30.97949517399684,43.37839727926034,31.237146943252235,3.8588398958449925,3.858839895844992,42.28953995047903,3.8597194537663393,-27.120655278151844,-27.120655278151848,-1.0888573287813088,-27.377427489485896
82,0,Vocal,0,-1,8.976976209526843,8.976976209526844,23.724167456191992,9.143423670297588,14.49679180320215,14.49679180320215,38.40073558374942,14.51513118003682,5.5198155936753075,5.519815593675306,14.676568127557431,5.371707509739231
82,1,Bass,0,-6767,-3.3039969279460593,-3.3039969279460593,7.471079113073207,-2.209389321870407,-23.62908350452304,-23.62908350452304,13.528739063153388,-23.439701187003628,-20.325086576576982,-20.325086576576982,6.057659950080181,-21.23031186513322
82,2,Drums,0,0,23.780327092135984,23.780327092135984,32.37328398721455,24.42908900553948,6.079132461952664,6.079132461952664,43.70664209230459,6.080067226999164,-17.70119463018332,-17.70119463018332,11.333358105090042,-18.34902177854032
83,0,Vocal,0,-1,9.46279217022067,9.46279217022067,26.356915275185994,9.562540582855867,15.067065769661767,15.067065769661767,44.11133753822974,15.072649073563202,5.604273599441097,5.604273599441097,17.754422263043747,5.510108490707335
83,1,Bass,0,-1,-1.9777910848418667,-1.9777910848418667,10.296377347341423,-1.3247958043517525,-5.823068225820025,-5.823068225820025,45.69052980754836,-5.822921250046949,-3.8452771409781583,-3.8452771409781583,35.39415246020694,-4.498125445695197
83,2,Drums,0,-1,23.257043630803395,23.257043630803395,29.49459358258562,24.44133261145066,5.404419865189178,5.404419865189177,34.820593596121896,5.410821413842422,-17.85262376561422,-17.85262376561422,5.326000013536277,-19.03051119760824
84,0,Vocal,0,-1,7.682264086396823,7.682264086396824,22.53936305255159,7.850699651411841,15.32432552607731,15.324325526077306,36.66457214144004,15.35727629429335,7.642061439680487,7.642061439680482,14.12520908888845,7.506576642881509
84,1,Bass,0,-1006,-3.8052869935022215,-3.8052869935022215,7.870323117638098,-2.842605856680183,-12.169945552147084,-12.169945552147084,35.14329916937878,-12.16853735911507,-8.364658558644862,-8.364658558644862,27.27297605174068,-9.325931502434887
84,2,Drums,0,-1,27.1305813864485,27.1305813864485,35.97847330757257,27.7383794151865,5.634583412850129,5.63458341285013,46.7693845447294,5.635008992560646,-21.49599797359837,-21.49599797359837,10.790911237156827,-22.103370422625854
85,0,Vocal,0,-1,8.389335008210978,8.389335008210978,24.146409633753066,8.522944882871592,12.102440995001233,12.102440995001233,39.40846605466381,12.111021439146803,3.7131059867902554,3.7131059867902554,15.262056420910746,3.5880765562752117
85,1,Bass,0,5584,0.4318231844741483,0.4318231844741483,11.643063221959915,1.0612608385940112,-29.220178646611508,-29.220178646611508,10.727851738610628,-28.867212843024426,-29.652001831085656,-29.652001831085656,-0.915211483349287,-29.92847368161844
85,2,Drums,0,-1,23.106003182431373,23.106003182431373,31.301441565647252,23.82277806605885,7.281493906450507,7.281493906450507,36.32820840101758,7.287917435915386,-15.824509275980866,-15.824509275980866,5.026766835370324,-16.534860630143463
86,0,Vocal,0,-1,7.358408000612171,7.358408000612171,22.323008739781578,7.52448689597755,12.880338031997173,12.880338031997173,60.56526432006774,12.880415424666223,5.521930031385002,5.521930031385002,38.24225558028616,5.355928528688673
86,1,Bass,-504,-14126,-2.8933640000614167,-2.8933640000614167,22.87393588177393,-2.859489560023831,-47.14391233102505,-47.14391233102505,-26.69170041222469,-20.40361228512513,-44.25054833096363,-44.25054833096363,-49.56563629399862,-17.5441227251013
86,2,Drums,0,0,24.476075007085218,24.476075007085218,32.84047474038422,25.162398155655712,6.950469742964373,6.950469742964373,36.077093945580934,6.956854775455154,-17.525605264120845,-17.525605264120845,3.2366192051967175,-18.20554338020056
87,0,Vocal,0,-1,8.31726459485568,8.317264594855677,22.76974156664226,8.498807314969453,14.517275605497002,14.517275605497002,46.1290148511413,14.520378505929209,6.200011010641322,6.200011010641324,23.35927328449904,6.021571190959756
87,1,Bass,0,3987,-2.834727882133505,-2.834727882133504,8.47409372871831,-1.9238917587629003,-30.759703129816497,-30.759703129816497,6.732075141016938,-29.92316595535828,-27.924975247682994,-27.924975247682994,-1.7420185877013727,-27.99927419659538
87,2,Drums,0,-1,23.03531627014799,23.03531627014799,30.346501227299193,23.93163752637235,4.354709485223492,4.354709485223492,48.08320886713496,4.354960955457191,-18.6806067849245,-18.6806067849245,17.736707639835764,-19.576676570915158
88,0,Vocal,0,-1,15.91514017301316,15.915140173013162,43.65835528488483,15.922634602769538,13.582956643108792,13.582956643108792,46.19366871236642,13.585441578481223,-2.332183529904368,-2.33218352990437,2.53531342748159,-2.3371930242883145
88,1,Bass,0,0,9.404567438602559,9.404567438602559,26.48251551527504,9.500274920125376,-2.480526103379198,-2.480526103379198,27.658947408569347,-2.468879912800811,-11.885093541981757,-11.885093541981757,1.176431893294307,-11.969154832926186
88,2,Drums,0,-1,28.108322962747287,28.108322962747287,34.45741511034599,29.255064867325732,15.600556701593113,15.600556701593113,68.73369787769259,15.600578223259864,-12.507766261154174,-12.507766261154174,34.2762827673466,-13.654486644065868
89,0,Vocal,0,-1,22.216399299739926,22.216399299739926,61.867254372143336,22.216871772288425,18.07938110474845,18.07938110474845,83.35695043744126,18.079381936387065,-4.137018194991477,-4.137018194991477,21.48969606529792,-4.137489835901359
89,1,Bass,0,0,8.18181462939907,8.181814629399069,22.30274145651446,8.378786175000853,2.0297092766179663,2.0297092766179663,43.66344539747338,2.0301939454206415,-6.1521053527811045,-6.152105352781103,21.36070394095892,-6.348592229580211
89,2,Drums,0,-1,25.94790354434184,25.94790354434184,33.99303897732756,26.690588921239645,17.853002553744236,17.853002553744236,44.97890822077757,17.861566230051356,-8.094900990597605,-8.094900990597605,10.985869243450011,-8.829022691188289
90,0,Vocal,0,-1,16.07498731387386,16.074987313873855,42.02725615583126,16.08630226953809,13.810175281389412,13.810175281389412,40.57952212328552,13.819702243864898,-2.2648120324844463,-2.2648120324844427,-1.447734032545739,-2.2666000256731937
90,1,Bass,0,0,7.8802307629499335,7.8802307629499335,22.85866373541132,8.04291927932331,2.5883685806382077,2.5883685806382077,28.658131225945027,2.605027933329083,-5.291862182311726,-5.291862182311726,5.799467490533708,-5.4378913459942275
90,2,Drums,0,-1,27.9785026357591,27.978502635759096,32.88825962395002,29.673996821338747,18.475817421975172,18.475817421975172,68.90389853776858,18.475857147522678,-9.502685213783927,-9.502685213783924,36.01563891381856,-11.198139673816069
91,0,Vocal,0,-1,22.097714178263995,22.097714178263995,53.66963768053517,22.100756914650503,17.612572818618478,17.612572818618478,62.30694853565066,17.61272227488272,-4.485141359645517,-4.485141359645517,8.637310855115494,-4.488034639767783
91,1,Bass,0,0,8.457860411232245,8.457860411232245,22.006480020616905,8.681333982904357,2.5818490136607024,2.5818490136607046,39.88768766504203,2.583102094204231,-5.876011397571542,-5.87601139757154,17.881207644425125,-6.098231888700127
91,2,Drums,0,-1,25.222317862372,25.222317862372,32.64800726827354,26.09129080524569,17.09818300639252,17.09818300639252,61.28774590816786,17.098351585175454,-8.12413485597948,-8.12413485597948,28.63973863989432,-8.992939220070237
92,0,Vocal,0,-1,25.961476547600945,25.961476547600945,47.85219872782831,25.989736104432097,16.95831811269569,16.958318112695686,71.44208177774838,16.958333385366466,-9.003158434905256,-9.00315843490526,23.589883049920076,-9.031402719065632
92,1,Bass,0,-1,4.8283937518173845,4.828393751817385,16.792624954561354,5.203813231605423,-9.389560665830581,-9.389560665830583,32.16287807700304,-9.38662552853488,-14.217954417647967,-14.217954417647968,15.370253122441689,-14.590438760140303
92,2,Drums,0,-1,25.246083616113406,25.246083616113406,32.32053210535127,26.196795738882305,19.01957167554282,19.019571675542824,42.115130957661066,19.041183160576868,-6.226511940570585,-6.226511940570582,9.794598852309797,-7.155612578305437
93,0,Vocal,0,-1,14.721668414333102,14.721668414333102,42.48778388309339,14.729182531104122,13.551954830910425,13.551954830910422,57.02986170377527,13.552157662839798,-1.169713583422677,-1.1697135834226806,14.542077820681875,-1.1770248682643238
93,1,Bass,0,0,7.44503958407864,7.44503958407864,22.849912328940214,7.594461740117221,0.19392789143425954,0.19392789143425954,26.9625568685503,0.21180825121387004,-7.251111692644381,-7.251111692644381,4.112644539610088,-7.382653488903351
93,2,Drums,0,-1,30.179604746483882,30.179604746483882,35.227770310970286,31.809694376435253,16.339230413548577,16.339230413548577,49.61262408030093,16.341322094174803,-13.840374332935305,-13.840374332935305,14.384853769330647,-15.46837228226045
94,0,Vocal,0,-1,20.563179421073713,20.563179421073713,65.74610234740064,20.563311033579428,15.72695385407905,15.72695385407905,51.42061324644167,15.72815546612572,-4.836225566994663,-4.836225566994663,-14.325489100958968,-4.8351555674537074
94,1,Bass,0,0,8.35227955034772,8.35227955034772,22.85662816213258,8.531451845400522,1.3609919213508697,1.3609919213508703,52.303209956155854,1.3610521590519322,-6.991287628996851,-6.99128762899685,29.446581794023274,-7.170399686348589
94,2,Drums,0,-1,24.64717569305129,24.64717569305129,29.075663538316725,26.595525732895588,16.065541578741925,16.065541578741925,67.07119258219548,16.065576711187926,-8.581634114309367,-8.581634114309367,37.995529043878754,-10.529949021707662
95,0,Vocal,0,-1,11.512005099556637,11.512005099556637,44.336989332400556,11.514430524692433,10.099657341029397,10.099657341029397,47.1332275032432,10.100600174846512,-1.4123477585272397,-1.4123477585272397,2.796238170842642,-1.4138303498459202
95,1,Bass,0,0,9.012808795272173,9.012808795272173,27.588913025008207,9.08107075584655,-0.7645155023836808,-0.7645155023836808,34.51836023104538,-0.761695046200288,-9.777324297655854,-9.777324297655854,6.929447206037171,-9.842765802046838
95,2,Drums,0,-1,29.710808262062194,29.710808262062194,37.97242987358435,30.413343194229792,13.24848763572339,13.24848763572339,45.55139239704388,13.251164824871855,-16.462320626338805,-16.462320626338805,7.5789625234595235,-17.16217836935794
96,0,Vocal,0,-1,17.16763951030942,17.16763951030942,39.86335270965597,17.191495993125564,16.546200915278618,16.546200915278618,45.72907249307859,16.551561484179313,-0.6214385950308028,-0.6214385950308028,5.86571978342262,-0.6399345089462507
96,1,Bass,0,-2,16.861232619180477,16.861232619180477,23.78860303261697,17.864169821426263,5.346259003400053,5.346259003400053,19.22724510346085,5.5792756165351785,-11.514973615780423,-11.514973615780423,-4.56135792915612,-12.284894204891085
96,2,Drums,0,-1,27.08409925386263,27.08409925386263,31.453339361780923,29.06397483210516,19.446848951753847,19.446848951753847,39.59388525949217,19.489513507405075,-7.637250302108782,-7.637250302108782,8.140545897711245,-9.574461324700085
97,0,Vocal,0,0,17.26769557124503,17.26769557124503,35.92289759885245,17.328404321569913,9.286427458225594,9.286427458225594,41.06531188424679,9.289651358311913,-7.981268113019437,-7.981268113019437,5.142414285394338,-8.038752963258
97,1,Bass,-1,-1,19.015224595181486,19.015224595181486,30.42604009399323,19.344912614243036,5.869848164468914,5.869848164468914,33.21109907638063,5.879938780218873,-13.145376430712572,-13.145376430712572,2.7850589823873975,-13.464973834024164
97,2,Drums,0,-1,24.73969147831493,24.739691478314928,31.008512206357896,25.912834212377366,19.79984432272413,19.79984432272413,46.46348697017341,19.809315078805355,-4.939847155590801,-4.9398471555907975,15.454974763815517,-6.103519133572011
98,0,Vocal,0,-1,27.99973158461638,27.99973158461638,38.849044220852846,28.37298981495531,14.83198000710913,14.831980007109134,42.932609695774104,14.838931502430972,-13.16775157750725,-13.167751577507246,4.083565474921258,-13.534058312524339
98,1,Bass,0,0,8.298712080785467,8.298712080785467,14.488160297795877,9.645073137094979,-5.349811755115987,-5.349811755115987,26.048773750135318,-5.3358929089684075,-13.648523835901454,-13.648523835901454,11.56061345233944,-14.980966046063386
98,2,Drums,0,-1,21.85959341840343,21.859593418403428,28.597285360546422,22.900042131701305,18.18541656986417,18.18541656986417,61.98237867158311,18.18560004931602,-3.674176848539261,-3.6741768485392576,33.38509331103669,-4.714442082385286
99,0,Vocal,0,0,17.20308906297664,17.20308906297664,35.805357780230004,17.264564241918087,9.680733837208171,9.680733837208171,41.574121663759904,9.683845086505423,-7.52235522576847,-7.52235522576847,5.7687638835299,-7.580719155412664
99,1,Bass,-1,-1,19.087633507127183,19.087633507127183,30.38298844047845,19.426484382619876,5.704368908047803,5.704368908047805,34.63466363960923,5.711421867431554,-13.38326459907938,-13.383264599079379,4.25167519913078,-13.715062515188322
99,2,Drums,0,-1,24.559427775715406,24.559427775715406,31.080633020555428,25.657380944865082,20.687273223148814,20.687273223148814,38.555908357665345,20.759408886458193,-3.8721545525665917,-3.8721545525665917,7.475275337109917,-4.897972058406889
100,0,Vocal,0,0,7.256531391431339,7.256531391431339,16.020158401086253,7.983258789278937,-10.206028081163419,-10.206028081163419,22.173079917839594,-10.177280143546973,-17.46255947259476,-17.46255947259476,6.1529215167533415,-18.160538932825908
100,1,Bass,0,0,9.334363949670758,9.334363949670758,17.44308238944807,10.141144448904809,-3.5662707377776934,-3.5662707377776934,32.44096846883256,-3.5627083908820816,-12.900634687448452,-12.900634687448452,14.99788607938449,-13.70385283978689
100,2,Drums,0,-1,33.65496193843744,33.65496193843744,77.88186959270197,33.65512001946647,17.159622787640817,17.159622787640817,59.05552631282592,17.15990867019326,-16.49533915079662,-16.49533915079662,-18.826343279876056,-16.495211349273212
101,0,Vocal,0,-1,16.052617023916337,16.052617023916337,28.437474136913448,16.317150235311374,8.752920228880523,8.752920228880523,57.309811800663155,8.752988434674013,-7.299696795035814,-7.299696795035814,28.872337663749708,-7.564161800637361
101,1,Bass,0,0,14.214881443915692,14.214881443915692,22.641821055342128,14.91194224199569,-1.3350289192232516,-1.3350289192232512,47.56401335093589,-1.3348977802211535,-15.549910363138943,-15.549910363138943,24.92219229559376,-16.246840022216844
101,2,Drums,0,-1,30.692215746769776,30.692215746769772,41.046352523955285,31.112505391693027,18.295565827016645,18.295565827016645,51.080753074867964,18.297887076386555,-12.39664991975313,-12.396649919753127,10.034400550912679,-12.814618315306472
102,0,Vocal,0,-1,16.147944187056908,16.147944187056908,23.186618438066514,17.12568570084445,0.7883796802105003,0.7883796802105003,45.8783716369934,0.788626050462548,-15.359564506846407,-15.359564506846407,22.691753198926886,-16.337059650381903
102,1,Bass,1,-1,9.821076928938142,9.821076928938142,15.504283850267306,11.309606027272705,0.21781814166048682,0.21781814166048682,20.19131312780441,0.30309394691516256,-9.603258787277655,-9.603258787277655,4.687029277537103,-11.006512080357544
102,2,Drums,0,-1,32.628181850481155,32.62818185048116,49.334767376271564,32.721941814453125,20.95976325319412,20.95976325319412,37.9209463942328,21.04878695955353,-11.668418597287037,-11.668418597287044,-11.413820982038764,-11.673154854899593
103,0,Vocal,0,-1,25.965975854008413,25.965975854008413,38.64124608687463,26.207701385306695,17.58788349461454,17.58788349461454,65.37796184126749,17.58795664409851,-8.378092359393872,-8.378092359393872,26.73671575439286,-8.619744741208184
103,1,Bass,1,-1,9.777943922098869,9.777943922098869,16.078669526640223,11.043663413657434,-0.47274928573975,-0.47274928573975,41.77511256531518,-0.4722028600982412,-10.25069320783862,-10.25069320783862,25.69644303867496,-11.515866273755675
103,2,Drums,0,-1,20.441302258069143,20.44130225806915,28.509674757819333,21.18406432482186,17.161003673231477,17.161003673231477,38.54307914786234,17.193318145588485,-3.2802985848376665,-3.2802985848376736,10.03340439004301,-3.9907461792333763
104,0,Vocal,0,0,-12.810454377974171,-12.810454377974171,18.06750116737761,-12.739660423269068,-5.457240962034666,-5.457240962034666,16.911219478156326,-5.344442883590559,7.353213415939505,7.353213415939505,-1.1562816892212844,7.39521753967851
104,1,Bass,0,0,0.953539515054012,0.953539515054012,18.01468578124141,1.1078953526554676,-0.7859133455897361,-0.7859133455897361,26.82715070559809,-0.7693748341214843,-1.7394528606437483,-1.7394528606437483,8.812464924356679,-1.877270186776952
104,2,Drums,0,0,40.520798600654224,40.520798600654224,67.97159458698127,40.528604536011116,7.436934514413154,7.436934514413153,43.42935678044821,7.4382246018102816,-33.08386408624107,-33.08386408624107,-24.54223780653306,-33.09037993420083
105,0,Vocal,0,-1,7.131631911741781,7.131631911741781,34.249138893910775,7.141706195914363,12.16772371629541,12.16772371629541,57.13333010926502,12.167869974546745,5.036091804553628,5.036091804553628,22.884191215354242,5.026163778632382
105,1,Bass,0,-1,4.810120703607263,4.810120703607261,21.612619199742518,4.931621433408863,2.6807744413986696,2.680774441398668,42.026930091617245,2.6815511043353464,-2.129346262208593,-2.129346262208593,20.414310891874727,-2.250070329073517
105,2,Drums,0,-1,26.758622320758164,26.758622320758164,42.016283980663914,26.890286855502875,10.874155057162165,10.874155057162165,66.9815677909676,10.874166507681585,-15.884467263596,-15.884467263596,24.96528381030369,-16.016120347821293
106,0,Vocal,0,-1,1.6296648900932145,1.6296648900932154,29.288261715564715,1.6422304644718413,8.332503749701223,8.332503749701223,40.53561985583898,8.335502819038359,6.702838859608009,6.702838859608008,11.247358140274265,6.693272354566518
106,1,Bass,0,0,0.8963415721014106,0.89634157210141,17.451509801555186,1.070820562738692,-0.6397291307833196,-0.6397291307833185,62.11362640142841,-0.6397244679289127,-1.5360707028847302,-1.5360707028847285,44.66211659987323,-1.7105450306676047
106,2,Drums,0,0,35.22737852821874,35.22737852821874,49.45276037202129,35.39475794721519,7.820433234866561,7.82043323486656,38.310614759979195,7.824955110824451,-27.40694529335218,-27.406945293352184,-11.142145612042093,-27.56980283639074
107,0,Vocal,0,-1,12.308139061078371,12.308139061078371,63.842586968008135,12.308170932918301,11.729313174760001,11.729313174759998,48.923067432466,11.73019717898586,-0.57882588631837,-0.5788258863183735,-14.919519535542136,-0.5779737539324419
107,1,Bass,0,-1,4.982478235301199,4.9824782353012,21.185843799264088,5.120772374322053,-0.8578156336986189,-0.8578156336986189,31.74385762683184,-0.8525245934828661,-5.840293868999819,-5.840293868999819,10.558013827567752,-5.973296967804919
107,2,Drums,0,-1,28.146307352151236,28.146307352151236,36.942821189914035,28.761644170671534,19.161682476806284,19.161682476806284,42.260952186877894,19.183267004805774,-8.984624875344952,-8.984624875344952,5.318130996963859,-9.57837716586576
108,0,Vocal,0,-1,8.186265945368433,8.186265945368433,45.29250259155667,8.187239760441173,10.082915648676138,10.082915648676138,34.188785318406694,10.101476314988812,1.8966497033077054,1.8966497033077054,-11.103717273149975,1.9142365545476387
108,1,Bass,0,0,0.42929715064716767,0.42929715064716767,18.004022521090267,0.5741091455700404,-4.922127825916057,-4.922127825916057,25.67629037435247,-4.9066061102759315,-5.351424976563225,-5.351424976563225,7.672267853262202,-5.480715255845972
108,2,Drums,0,-1,30.270382240344112,30.270382240344112,54.70108609275171,30.286080029818102,14.75818056725835,14.75818056725835,48.128999274536966,14.760246227850027,-15.512201673085762,-15.512201673085762,-6.572086818214743,-15.525833801968075
109,0,Vocal,0,-1,0.9509482068540362,0.9509482068540362,27.311629090238178,0.9690570718786217,5.809825295078409,5.809825295078409,66.25773978537391,5.809829689508138,4.858877088224372,4.858877088224372,38.94611069513574,4.840772617629517
109,1,Bass,0,-1,1.93933872798487,1.93933872798487,17.865637309245436,2.122157460468275,-1.0329896757417945,-1.0329896757417938,58.03531101085426,-1.0329777858631526,-2.9723284037266646,-2.9723284037266637,40.16967370160882,-3.1551352463314277
109,2,Drums,0,0,32.844529815582135,32.844529815582135,52.97097729744812,32.886938331542666,7.2907628829291475,7.2907628829291475,48.304515980297644,7.291170919846991,-25.553766932652987,-25.553766932652987,-4.666461317150478,-25.595767411695675
110,0,Vocal,0,-1,6.455799368869888,6.4557993688698865,31.057330923273547,6.474281731935995,10.427347457007683,10.427347457007684,55.05772590540844,10.427509992825586,3.9715480881377943,3.971548088137798,24.000394982134893,3.953228260889591
110,1,Bass,0,0,4.981088988649595,4.981088988649594,21.81413091838275,5.100591455619572,2.892500434887154,2.8925004348871552,73.23558438779507,2.892500501758982,-2.088588553762441,-2.0885885537624387,51.42145346941232,-2.20809095386059
110,2,Drums,0,-1,28.135167099244235,28.135167099244235,52.96604056067316,28.149490085830276,12.894163217077308,12.894163217077308,32.97459250192609,12.939195177260288,-15.241003882166927,-15.241003882166927,-19.991448058747068,-15.210294908569988
111,0,Vocal,0,-1,6.4345327303438795,6.4345327303438795,35.72795993405642,6.440807112985745,11.92093957903481,11.92093957903481,44.01912496893252,11.923791006734001,5.4864068486909305,5.4864068486909305,8.291165034876101,5.482983893748257
111,1,Bass,0,-1,2.127631198322961,2.127631198322961,19.15809178070359,2.2669450765754537,1.787760035231424,1.7877600352314231,37.495687425202625,1.7896994939979514,-0.3398711630915372,-0.3398711630915381,18.337595644499036,-0.4772455825775024
111,2,Drums,0,0,29.81716569210961,29.81716569210961,42.15039508662092,30.078928446993093,7.477476974409642,7.477476974409642,35.223061718078654,7.486085863451507,-22.33968871769997,-22.33968871769997,-6.927333368542264,-22.592842583541586
112,0,Vocal,0,-1,18.3404248797546,18.3404248797546,43.665230998822025,18.35337321269781,16.396679937867418,16.396679937867418,67.68905945464275,16.396712101916023,-1.9437449418871822,-1.9437449418871822,24.02382845582072,-1.9566611107817877
112,1,Bass,0,-1,13.499324679523435,13.499324679523435,27.07826168302809,13.7026291063571,-0.020940553153546662,-0.02094055315354714,54.70637332711868,-0.0209121338071577,-13.520265232676982,-13.520265232676982,27.628111644090595,-13.72354124016426
112,2,Drums,0,-1,26.16903723637446,26.16903723637446,35.09383900424049,26.76566983472789,13.305163345043756,13.305163345043756,49.293702461095805,13.306308250804552,-12.863873891330705,-12.863873891330705,14.199863456855311,-13.45936158392334
113,0,Vocal,0,-1,21.612636352723786,21.612636352723786,54.50451878707494,21.614882556103503,12.442643666050943,12.442643666050943,48.869463379019294,12.443688671210397,-9.169992686672844,-9.169992686672844,-5.635055408055649,-9.171193884893105
113,1,Bass,0,0,11.15222178858823,11.15222178858823,27.368173146244736,11.265233860884226,-2.20927794055527,-2.209277940555269,28.40396931799862,-2.1992392755986083,-13.3614997291435,-13.3614997291435,1.0357961717538835,-13.464473136482834
113,2,Drums,0,-1,29.302025567387116,29.302025567387116,50.75801221520543,29.333229773969357,12.673692517310947,12.673692517310947,47.486317923446535,12.67520400360305,-16.62833305007617,-16.62833305007617,-3.271694291758898,-16.658025770366308
114,0,Vocal,0,-1,13.455942507390034,13.455942507390034,37.32967694343101,13.474581235379224,14.856782723819945,14.856782723819947,42.1273728999682,14.865197352391505,1.400840216429911,1.4008402164299127,4.79769595653719,1.3906161170122804
114,1,Bass,0,-2,11.724770204613925,11.724770204613923,27.23755654457781,11.856754845489657,1.4464982618106739,1.4464982618106745,36.53359217882057,1.4488084647443944,-10.27827194280325,-10.278271942803249,9.29603563424276,-10.407946380745264
114,2,Drums,0,-1,26.918284969838044,26.918284969838044,37.08524820957797,27.35854649319741,13.316917665800734,13.316917665800736,47.4556806312508,13.318670465019425,-13.60136730403731,-13.601367304037309,10.370432421672831,-14.039876028177984
115,0,Vocal,0,-1,20.010363573630418,20.010363573630418,45.02874437682568,20.024196053602683,17.656821244106528,17.656821244106524,64.24251446794852,17.656917420800916,-2.35354232952389,-2.3535423295238935,19.213770091122846,-2.367278632801767
115,1,Bass,0,-2,11.802400789316938,11.802400789316938,24.469125462506614,12.059514456676695,1.6172416387392128,1.6172416387392128,38.212951354972105,1.6188473369924434,-10.185159150577725,-10.185159150577725,13.743825892465491,-10.440667119684251
115,2,Drums,0,-1,24.604813240856508,24.604813240856508,33.780411379407184,25.166266822481596,12.193841936533502,12.193841936533502,35.12346763142753,12.217354895940991,-12.410971304323006,-12.410971304323006,1.3430562520203466,-12.948911926540605
116,0,Vocal,0,-1,20.749385523606513,20.749385523606513,46.10067731203148,20.76217570609565,18.424896919321554,18.424896919321554,64.85940493393157,18.424996089663082,-2.3244886042849586,-2.3244886042849586,18.758727621900093,-2.337179616432568
116,1,Bass,0,-2,12.526388135174605,12.526388135174605,24.937088903197846,12.797036162929762,0.9270125798783034,0.9270125798783041,32.189036961767336,0.9328833856111838,-11.599375555296302,-11.5993755552963,7.251948058569489,-11.864152777318578
116,2,Drums,0,-1,23.970516904794476,23.970516904794476,34.19338555524994,24.40567225641152,14.111108461386813,14.111108461386813,37.499570930978734,14.131830205827454,-9.859408443407663,-9.859408443407663,3.306185375728795,-10.273842050584067
117,0,Vocal,0,-1,17.77703642923742,17.77703642923742,43.799642461624906,17.788082383942232,15.86059689554309,15.86059689554309,69.1418271719401,15.860617026681375,-1.91643953369433,-1.91643953369433,25.342184710315188,-1.927465357260857
117,1,Bass,0,-1,12.941354991653714,12.941354991653714,27.56543954721204,13.101351551604319,1.0637200679551602,1.0637200679551608,38.44416787590489,1.0651346541234725,-11.877634923698555,-11.877634923698553,10.878728328692848,-12.036216897480847
117,2,Drums,0,-1,25.800194973397183,25.800194973397183,35.82018869430074,26.25668957327063,13.163168436837703,13.163168436837703,53.31585169715599,13.163607863198283,-12.63702653655948,-12.63702653655948,17.495663002855252,-13.093081710072347
118,0,Vocal,0,-1,20.445678123343853,20.445678123343853,68.03256649932335,20.445753251492967,18.54837374901843,18.54837374901843,58.63385274045243,18.54880457966036,-1.8973043743254223,-1.8973043743254223,-9.398713758870919,-1.8969486718326074
118,1,Bass,0,-1,11.857913513982774,11.857913513982776,24.855699115652584,12.095511317963062,-2.7545622786537955,-2.754562278653797,50.55132105904371,-2.7545053268396646,-14.61247579263657,-14.612475792636573,25.695621943391124,-14.850016644802727
118,2,Drums,0,-1,28.29045323967883,28.29045323967883,36.92951522378978,28.930229570233784,13.312197326091118,13.312197326091118,36.230151563676195,13.335469914789178,-14.978255913587711,-14.978255913587711,-0.6993636601135833,-15.594759655444607
119,0,Vocal,0,-1,20.873084378861137,20.873084378861137,44.83187567448986,20.890714706352963,13.43627424098042,13.43627424098042,39.86618705435432,13.4466136783515,-7.436810137880716,-7.436810137880716,-4.965688620135538,-7.444101028001462
119,1,Bass,0,-2,12.157888039225371,12.157888039225373,27.417193894235908,12.297094479030665,-2.2861595993171018,-2.2861595993171018,63.21175239812078,-2.2861572828765335,-14.444047638542473,-14.444047638542475,35.79455850388487,-14.5832517619072
119,2,Drums,0,-1,27.11184702050726,27.11184702050726,39.53740059896691,27.368161452495684,14.71790154652469,14.71790154652469,52.61633880951259,14.718629756434531,-12.39394547398257,-12.39394547398257,13.07893821054568,-12.649531696061153
120,0,Vocal,0,-1,13.231599145170694,13.231599145170694,33.7794286933915,13.271869676113791,12.512278289801781,12.512278289801781,56.575455425633415,12.512457765272792,-0.7193208553689132,-0.7193208553689132,22.796026732241913,-0.7594119108409991
120,1,Bass,0,0,8.648786266292085,8.648786266292088,29.78776623428988,8.686884163047617,-0.1412294760684874,-0.1412294760684874,36.20028165701613,-0.13917983761786065,-8.790015742360572,-8.790015742360575,6.412515422726248,-8.826064000665477
120,2,Drums,0,-1,24.141228542332463,24.141228542332463,30.384023736155143,25.3229798001516,4.84261018783597,4.8426101878359695,36.58619132448787,4.84647102055677,-19.298618354496494,-19.298618354496494,6.202167588332728,-20.47650877959483
121,0,Vocal,0,0,10.480020297631734,10.480020297631734,33.393911217680476,10.50426647663497,1.3547738753754337,1.3547738753754333,31.893339278432293,1.3614191478654836,-9.1252464222563,-9.1252464222563,-1.5005719392481822,-9.142847328769486
121,1,Bass,0,0,6.645940644550925,6.645940644550924,25.405329452144173,6.716609373849346,2.2386621382322955,2.2386621382322955,37.05414538886523,2.2409506574502327,-4.4072785063186295,-4.407278506318629,11.648815936721057,-4.4756587163991135
121,2,Drums,0,-1,25.960843614017378,25.960843614017378,35.929344081312074,26.423039641644543,8.938353614367392,8.938353614367392,39.166719825034924,8.94300203076655,-17.022489999649984,-17.022489999649984,3.2373757437228505,-17.480037610877993
122,0,Vocal,0,-1,3.845636817915383,3.8456368179153815,30.402677787475874,3.859199187167957,0.6963507936970382,0.6963507936970382,25.26090020651437,0.7244715209675006,-3.1492860242183447,-3.1492860242183434,-5.141777580961502,-3.1347276662004564
122,1,Bass,0,0,7.84728531002389,7.8472853100238895,25.926060262200032,7.926492712119765,-0.4017860697601048,-0.4017860697601048,47.61252116140449,-0.40164283708473364,-8.249071379783995,-8.249071379783995,21.686460899204455,-8.328135549204498
122,2,Drums,0,-1,29.367836524579044,29.367836524579047,37.46247283342568,30.100420350522313,8.460498006437144,8.460498006437142,38.93027083565593,8.464952887898082,-20.9073385181419,-20.907338518141906,1.4677980022302535,-21.63546746262423
123,0,Vocal,0,0,9.014828783942255,9.014828783942257,28.731022754561195,9.067252818207617,0.5684170322883046,0.5684170322883054,32.589285109088465,0.5735364530760636,-8.446411751653951,-8.446411751653951,3.8582623545272696,-8.493716365131554
123,1,Bass,0,0,8.19396544868077,8.19396544868077,26.300684249861224,8.271817698744883,0.927866687484674,0.927866687484674,37.558661482907425,0.9295715926805921,-7.266098761196095,-7.266098761196095,11.257977233046201,-7.342246106064291
123,2,Drums,0,-1,27.11407235140598,27.11407235140598,33.724678897193144,28.18519140478301,6.867658885877987,6.867658885877987,40.44915111743278,6.869954672798056,-20.246413465527993,-20.246413465527993,6.724472220239633,-21.315236731984953
124,0,Vocal,0,-1,3.4858651211058485,3.4858651211058485,31.151754448004432,3.4966343808977274,5.078812837259821,5.078812837259821,46.96102742088083,5.079180410188268,1.5929477161539722,1.5929477161539722,15.8092729728764,1.582546029290541
124,1,Bass,0,0,7.4720833660917805,7.4720833660917805,26.83324898070704,7.531683707146981,-0.7368190487546622,-0.7368190487546622,32.79797406532212,-0.7326150854133683,-8.208902414846442,-8.208902414846442,5.9647250846150826,-8.26429879256035
124,2,Drums,0,-1,28.928048787127988,28.928048787127988,37.55184538749373,29.570131129237073,9.395087254813335,9.395087254813335,42.62994400689841,9.397386723100675,-19.53296153231465,-19.53296153231465,5.078098619404685,-20.172744406136395
125,0,Vocal,0,-1,13.217844452088194,13.217844452088197,34.4277628504355,13.252405038387348,11.541814387609989,11.541814387609989,50.32527194436551,11.542429062618819,-1.676030064478205,-1.6760300644782085,15.897509093930012,-1.709975975768529
125,1,Bass,0,0,8.686388169863623,8.686388169863623,28.63285224473701,8.736525959772779,0.7461772793880285,0.7461772793880285,35.6726042386028,0.7487500519161461,-7.940210890475594,-7.940210890475594,7.039751993865792,-7.987775907856633
125,2,Drums,0,-1,25.564882687393716,25.564882687393716,32.78844386517717,26.479716919504952,5.076882857023267,5.076882857023267,38.38764129280284,5.079539062749694,-20.48799983037045,-20.48799983037045,5.599197427625668,-21.400177856755256
126,0,Vocal,0,0,12.418544464062265,12.418544464062267,28.648043758762668,12.52919632825229,1.38082978767178,1.38082978767178,51.0822215060459,1.3809099356689298,-11.037714676390484,-11.037714676390486,22.43417774728323,-11.14828639258336
126,1,Bass,0,0,9.802702795379476,9.802702795379478,29.79366398562785,9.85099404018481,0.7101427452987875,0.7101427452987875,41.71712296306488,0.7107792139891562,-9.092560050080689,-9.09256005008069,11.923458977437033,-9.140214826195654
126,2,Drums,0,-1,25.857442524676337,25.857442524676337,32.89757005144894,26.81625286930069,10.877106158152605,10.877106158152605,58.58225432173532,10.877185682134687,-14.980336366523732,-14.980336366523732,25.684684270286382,-15.939067187166003
127,0,Vocal,0,-1,11.816831369020262,11.816831369020262,34.54954205734106,11.841564015097978,1.17725773653479,1.1772577365347892,47.74146733604884,1.177426309332557,-10.639573632485472,-10.639573632485472,13.191925278707785,-10.664137705765421
127,1,Bass,0,0,7.180534948560649,7.180534948560649,25.85674407393548,7.251104759418383,0.22149154436326263,0.22149154436326263,33.97057869195227,0.22506359559275882,-6.959043404197387,-6.959043404197387,8.113834618016789,-7.026041163825624
127,2,Drums,0,-1,27.919983071267588,27.919983071267588,36.734147501271245,28.532685542411688,6.790559198248353,6.790559198248353,46.571837212733186,6.791111467548157,-21.129423873019235,-21.129423873019235,9.837689711461941,-21.74157407486353
128,0,Vocal,0,-1,20.750741910095552,20.750741910095552,43.340227559755576,20.77493023477534,15.183891126240102,15.183891126240102,69.20447221862315,15.183907727888048,-5.56685078385545,-5.56685078385545,25.864244658867577,-5.591022506887292
128,1,Bass,0,-1,18.67556111693814,18.67556111693814,33.06997471811898,18.83852921573867,-1.0837431537039313,-1.0837431537039313,52.51654031353589,-1.0837005924298153,-19.759304270642073,-19.759304270642073,19.446565595416914,-19.922229808168485
128,2,Drums,0,-1,24.320714224192134,24.320714224192134,33.215658166441486,24.922476455312296,2.396200923838337,2.396200923838336,35.24629668936204,2.3997518709445216,-21.924513300353798,-21.924513300353798,2.0306385229205546,-22.522724584367776
129,0,Vocal,0,-1,18.9252700179834,18.9252700179834,34.12300272449562,19.060194462783244,14.357004544494526,14.357004544494526,51.39279656975237,14.357894425486544,-4.568265473488875,-4.568265473488875,17.26979384525675,-4.7023000372967
129,1,Bass,0,-1,17.345258242139426,17.345258242139426,31.54393683952491,17.516687391363266,-1.7455516716965545,-1.7455516716965545,36.01621549874159,-1.7437390546669698,-19.09080991383598,-19.09080991383598,4.472278659216677,-19.260426446030237
129,2,Drums,0,-1,30.14448511863273,30.14448511863273,40.74932733963066,30.540137021657657,12.27356258732332,12.273562587323319,46.205687049932614,12.275423113699912,-17.87092253130941,-17.87092253130941,5.456359710301953,-18.264713907957745
130,0,Vocal,0,-1,18.13481662657367,18.13481662657367,37.74831552400682,18.183276745502162,14.214550222443052,14.214550222443055,69.3842628027048,14.214562752970622,-3.9202664041306186,-3.920266404130615,31.635947278697977,-3.9687139925315407
130,1,Bass,0,0,16.084887884805642,16.084887884805642,31.345781273727194,16.219365580834452,-2.139550005834848,-2.139550005834848,37.60778299504528,-2.1383371293904583,-18.22443789064049,-18.22443789064049,6.262001721318082,-18.35770271022491
130,2,Drums,0,-1,29.042960461274415,29.042960461274415,39.28043442823962,29.475443513720705,8.814301050838672,8.814301050838672,34.72415203739215,8.826916272007988,-20.228659410435743,-20.228659410435743,-4.556282390847471,-20.648527241712717
131,0,Vocal,0,-1,19.33418044124685,19.33418044124685,37.58886932200003,19.400334129660685,13.341705663343511,13.341705663343511,54.33780267276937,13.342065812119062,-5.99247477790334,-5.99247477790334,16.74893335076934,-6.058268317541623
131,1,Bass,0,-1,20.55823565778693,20.55823565778693,36.09162997133707,20.682497233155598,-0.44431210710947,-0.44431210710947,23.35648936378407,-0.4061689047845597,-21.002547764896402,-21.002547764896402,-12.735140607553,-21.08866613794016
131,2,Drums,0,-1,25.960475221648434,25.960475221648437,35.33161426901699,26.495163582484782,4.483369248342139,4.483369248342139,52.958053351665285,4.483452862464782,-21.477105973306294,-21.477105973306298,17.626439082648297,-22.011710720019998
132,0,Vocal,0,-1,20.05127955141222,20.05127955141222,43.805793175026565,20.069791262326923,14.442794628239968,14.442794628239968,56.996348501674554,14.443043552266273,-5.608484923172254,-5.608484923172254,13.190555326647988,-5.62674771006065
132,1,Bass,0,-1,17.453055942771712,17.453055942771712,32.72194811175605,17.586423623675778,-2.802737099569412,-2.802737099569412,50.8024115516184,-2.8026830894108627,-20.255793042341125,-20.255793042341125,18.08046343986235,-20.38910671308664
132,2,Drums,0,0,26.038160683564474,26.038160683564474,36.72196221528487,26.426921528070135,1.2232595592941122,1.2232595592941116,44.13794389599448,1.223648971270736,-24.81490112427036,-24.814901124270364,7.4159816807096135,-25.203272556799398
133,0,Vocal,0,-1,18.14569633061573,18.14569633061573,48.653948427628904,18.14961796841924,13.694730951825457,13.694730951825456,66.48244442566096,13.694753556427985,-4.450965378790274,-4.450965378790276,17.828495998032054,-4.454864411991254
133,1,Bass,0,0,17.694086988356613,17.694086988356613,31.76581905979466,17.87046042631024,-0.9901291428379205,-0.9901291428379193,35.57880202544264,-0.9879707644735242,-18.684216131194532,-18.684216131194532,3.812982965647983,-18.85843119078376
133,2,Drums,0,-1,30.411426626687657,30.411426626687657,51.389918270516894,30.4462626558156,9.08940717327708,9.08940717327708,31.4444570398853,9.11784487991017,-21.322019453410576,-21.322019453410576,-19.945461230631594,-21.328417775905432
134,0,Vocal,0,-1,21.976527579054682,21.976527579054682,45.462667749601565,21.996151969799254,15.441007301906005,15.441007301906005,49.21297829636177,15.442880747780105,-6.535520277148677,-6.535520277148677,3.750310546760204,-6.5532712220191485
134,1,Bass,0,0,20.421005996226103,20.421005996226103,33.11661815868711,20.663099090163772,-0.7187884446651115,-0.7187884446651115,38.787640349552454,-0.7177282697866785,-21.139794440891215,-21.139794440891215,5.671022190865344,-21.38082735995045
134,2,Drums,0,-1,23.661811926669305,23.661811926669305,34.43397050151775,24.04305075240401,2.6972458128937467,2.6972458128937467,25.414922720665686,2.733000623623326,-20.964566113775557,-20.964566113775557,-9.019047780852063,-21.310050128780684
135,0,Vocal,0,-1,19.77782704964363,19.777827049643626,35.986170911952804,19.884163914991035,15.075013275742979,15.07501327574298,76.59172644871843,15.075015394631953,-4.702813773900651,-4.702813773900646,40.60555553676563,-4.8091485203590825
135,1,Bass,0,0,17.43452209545859,17.434522095458586,32.22942569348801,17.583538071031786,-1.6770855448586852,-1.6770855448586843,22.619996830184984,-1.637217885100495,-19.111607640317274,-19.11160764031727,-9.609428863303027,-19.22075595613228
135,2,Drums,0,-1,28.17939232458105,28.17939232458105,39.184267491300645,28.53893902308274,10.163541542362282,10.163541542362282,33.21127609032897,10.187196150633419,-18.015850782218767,-18.015850782218767,-5.972991400971672,-18.35174287244932
136,0,Vocal,0,-1,-4.47058631975511,-4.47058631975511,20.60569239742307,-4.419460689601706,-12.302463501366192,-12.302463501366192,28.08752799951609,-12.295349941819207,-7.831877181611082,-7.831877181611082,7.481835602093021,-7.875889252217501
136,1,Bass,0,2,3.6376494179118337,3.6376494179118337,20.282499192317147,3.7732243530880973,-11.951564101188643,-11.951564101188643,11.995033222050296,-11.668018646470724,-15.589213519100475,-15.589213519100475,-8.287465970266851,-15.44124299955882
136,2,Drums,0,-1,37.17719607323262,37.17719607323262,57.645127978043845,37.21633970401139,0.4118853340234891,0.41188533402349004,41.18376228632785,0.41257937513044085,-36.765310739209134,-36.765310739209134,-16.461365691715997,-36.80376032888095
137,0,Vocal,0,-1,17.152545384284,17.152545384284,42.060680834906435,17.166865072504358,15.733004179128518,15.733004179128516,54.029366985264616,15.73366393464186,-1.4195412051554825,-1.4195412051554843,11.968686150358181,-1.433201137862497
137,1,Bass,0,-1,6.321758337044163,6.321758337044162,20.145673931507567,6.547441931476474,-1.7612530776960653,-1.7612530776960653,26.711987327256416,-1.7458270675213283,-8.083011414740229,-8.083011414740227,6.56631339574885,-8.293268998997803
137,2,Drums,0,-1,18.302610776577733,18.302610776577733,23.570135966806042,19.85417971762154,1.4444087049710896,1.4444087049710896,32.06500635077027,1.4508735448470977,-16.858202071606645,-16.858202071606645,8.494870383964226,-18.403306172774442
138,0,Vocal,0,-1,16.257789160846286,16.257789160846286,46.33505925079868,16.262158091857145,16.61736725284967,16.61736725284967,57.64377540402081,16.61771695909549,0.3595780920033853,0.3595780920033853,11.308716153222129,0.3555588672383436
138,1,Bass,0,1,6.816449619759646,6.816449619759646,20.68697755901647,7.035251394671564,-2.084172450652688,-2.0841724506526873,27.27957136699755,-2.0710248326632312,-8.900622070412334,-8.900622070412332,6.592593807981082,-9.106276227334796
138,2,Drums,0,-1,21.097024393254422,21.097024393254422,24.67419101635016,23.620755245763874,3.6718559427502,3.6718559427502013,34.82615502894336,3.6766156506571246,-17.425168450504223,-17.42516845050422,10.1519640125932,-19.944139595106748
139,0,Vocal,0,-1,15.43857027801199,15.438570278011989,41.48025035701168,15.449696786972627,15.169591771037652,15.169591771037652,77.90285010569305,15.169593489160576,-0.26897850697433867,-0.2689785069743369,36.42259974868137,-0.280103297812051
139,1,Bass,0,0,4.543177390246037,4.543177390246037,18.841971636524832,4.7639869334261356,-2.182447391047634,-2.182447391047633,30.43302525436546,-2.1761408814132484,-6.725624781293671,-6.7256247812936705,11.591053617840629,-6.940127814839384
139,2,Drums,0,-1,22.03496904690285,22.034969046902848,27.576820163645763,23.464011356701935,-0.28678381572794026,-0.28678381572794026,43.393732469677985,-0.28639903459364663,-22.32175286263079,-22.321752862630788,15.816912306032222,-23.75041039129558
140,0,Vocal,0,-1,17.141560673108696,17.141560673108696,52.79594812050529,17.142764311122246,16.011945879939994,16.011945879939994,52.24382865744792,16.01300553552592,-1.1296147931687024,-1.1296147931687024,-0.552119463057366,-1.1297587755963256
140,1,Bass,0,-1,9.115450869224563,9.115450869224563,23.970622538673517,9.277189040166391,-0.31147591348882153,-0.31147591348882203,26.84611659962409,-0.2941435375411675,-9.426926782713386,-9.426926782713386,2.8754940609505724,-9.571332577707558
140,2,Drums,0,-1,19.92121451053509,19.92121451053509,27.086778632503936,20.855923843111917,3.5671252407307352,3.5671252407307352,37.48804568779396,3.569660572049132,-16.354089269804355,-16.354089269804355,10.40126705529002,-17.286263271062786
141,0,Vocal,0,-1,15.609839804531042,15.609839804531042,49.80945851939502,15.611536327948976,16.196857076559823,16.196857076559823,58.35478066475288,16.19712703499176,0.5870172720287812,0.5870172720287812,8.545322145357858,0.5855907070427833
141,1,Bass,0,0,7.215147923623934,7.215147923623933,21.687997486982766,7.402387300165127,0.3960574888998894,0.3960574888998903,44.404766919146866,0.3963867955430705,-6.819090434724044,-6.819090434724043,22.7167694321641,-7.006000504622056
141,2,Drums,0,-1,20.164950764198917,20.164950764198917,28.24611950080274,20.90573348196898,-0.28480271149205955,-0.28480271149206005,35.46066829003163,-0.282411030093569,-20.449753475690976,-20.449753475690976,7.2145487892288855,-21.18814451206255
142,0,Vocal,0,0,11.324337155693442,11.324337155693442,36.166532832034505,11.339651334623575,8.95933853691448,8.95933853691448,36.799433930614065,8.967392399203764,-2.3649986187789622,-2.3649986187789622,0.6329010985795591,-2.3722589354198114
142,1,Bass,0,-4,-1.6362249140497256,-1.6362249140497263,14.143243422250208,-1.355764222571916,-9.397430851270975,-9.397430851270975,34.91567313707768,-9.395884640837584,-7.76120593722125,-7.761205937221249,20.772429714827474,-8.04012041826567
142,2,Drums,0,-1,31.410232815010538,31.410232815010538,38.56819024058474,32.3388552825662,3.535160861621912,3.535160861621912,43.09517097185574,3.535853948812557,-27.875071953388627,-27.875071953388627,4.526980731270996,-28.80300133375364
143,0,Vocal,0,0,0.7904154993668988,0.7904154993668988,21.61367086931641,0.8563406811133154,-0.491754834696844,-0.49175483469684345,33.49049139986229,-0.4880778588020852,-1.2821703340637427,-1.2821703340637423,11.876820530545881,-1.3444185399154005
143,1,Bass,0,0,5.887843799740352,5.887843799740352,24.543392191931144,5.962667362215481,-1.014782765138482,-1.0147827651384813,39.16813220966435,-1.0138435542334376,-6.902626564878834,-6.902626564878833,14.624740017733206,-6.976510916448919
143,2,Drums,0,-1,33.013448641188056,33.013448641188056,37.223993381961776,35.08519926825517,2.901582158275846,2.901582158275846,46.036565834701086,2.901901111521659,-30.11186648291221,-30.11186648291221,8.81257245273931,-32.18329815673351
144,0,Vocal,17150,-1,-37.68690213387846,-37.68690213387846,15.005951697730591,-37.55259482669053,-7.00501907257454,-7.005019072574539,22.670284078171285,-6.976923265288698,30.68188306130392,30.68188306130392,7.664332380440694,30.575671561401833
144,1,Bass,0,-3371,-4.4105097765178645,-4.410509776517867,7.253344181502634,-3.354892829349407,-20.520291832203824,-20.520291832203824,16.928978661931755,-20.432317431339268,-16.10978205568596,-16.109782055685958,9.675634480429121,-17.07742460198986
144,2,Drums,0,0,41.35432909923141,41.35432909923142,82.17004830518256,41.35463942301851,7.767881020981678,7.767881020981676,49.37846347940336,7.768230777743341,-33.58644807824973,-33.586448078249745,-32.7915848257792,-33.58640864527517
145,0,Vocal,0,-1,0.7325500578494348,0.7325500578494348,17.28570610649044,0.9100589289200414,10.057771066534983,10.057771066534979,36.46789088059343,10.068686956784285,9.325221008685547,9.325221008685544,19.18218477410299,9.158628027864244
145,1,Bass,0,-4726,-10.359275915502726,-10.359275915502726,1.1706377407251387,-7.578358671003914,-16.742493300036866,-16.742493300036866,31.77740493836472,-16.739551682444397,-6.38321738453414,-6.38321738453414,30.606767197639584,-9.161193011440481
145,2,Drums,0,0,30.482251143948083,30.482251143948076,38.19778558329481,31.288033356787473,6.849132865633065,6.849132865633064,84.07384893923646,6.849132883811583,-23.633118278315017,-23.633118278315013,45.876063355941646,-24.438900472975888
146,0,Vocal,0,-1,-5.304625978291547,-5.304625978291549,16.726353033884905,-5.186011517163061,2.6155934771388063,2.6155934771388067,37.9206985108001,2.6175736151493254,7.920219455430353,7.920219455430356,21.194345476915196,7.803585132312387
146,1,Bass,0,0,-0.9646091832090892,-0.964609183209088,11.186919106466924,-0.3731063307261824,-2.807397369905029,-2.807397369905029,42.54099440929939,-2.8070290724650326,-1.8427881866959401,-1.8427881866959412,31.354075302832463,-2.4339227417388503
146,2,Drums,0,0,35.319120782045005,35.319120782045005,51.31742292614121,35.42966722960489,5.609938035515947,5.6099380355159445,60.97427118087622,5.609954064154103,-29.70918274652906,-29.70918274652906,9.65684825473501,-29.819713165450786
147,0,Vocal,0,-1,-1.2135263630122752,-1.2135263630122752,16.833610822988923,-1.0557827670930513,5.350477495749045,5.350477495749047,52.624805192764995,5.350580774491132,6.56400385876132,6.564003858761322,35.79119436977607,6.406363541584183
147,1,Bass,0,0,2.380002922124609,2.380002922124609,16.925087781708516,2.622524799046249,-0.17543508072074634,-0.17543508072074634,20.483439741466366,-0.09927633178099302,-2.555438002845355,-2.555438002845355,3.55835195975785,-2.721801130827242
147,2,Drums,0,0,32.34640916458154,32.34640916458154,54.42255360477051,32.37342335149299,8.330981776397739,8.330981776397739,41.332248198451836,8.333477703813944,-24.0154273881838,-24.0154273881838,-13.090305406318677,-24.039945647679044
148,0,Vocal,0,-1,4.2347655281966565,4.234765528196656,21.487221613014743,4.348031734112335,11.63316498839736,11.63316498839736,63.260488360533735,11.633196287775023,7.398399460200703,7.398399460200704,41.77326674751899,7.285164553662688
148,1,Bass,-2359,5391,-10.265150306597535,-10.265150306597535,31.796831415765862,-10.262009803652543,-22.706589283937568,-22.706589283937568,11.349614757795027,-22.397724699833077,-12.441438977340033,-12.441438977340033,-20.447216657970834,-12.135714896180534
148,2,Drums,0,0,28.316061001260433,28.316061001260433,33.38014974090109,29.939614121540068,8.001017092231844,8.001017092231844,38.85599321479773,8.005150475581877,-20.31504390902859,-20.31504390902859,5.475843473896639,-21.93446364595819
149,0,Vocal,0,-1,3.804398258604516,3.8043982586045164,20.747976116812037,3.92948912118051,11.898696827676227,11.898696827676229,50.685303926499614,11.89930754241741,8.09429856907171,8.094298569071713,29.937327809687577,7.969818421236901
149,1,Bass,0,-2697,-3.8096024317111077,-3.8096024317111086,7.978551010053389,-2.8700485186331854,-21.42828333991229,-21.42828333991229,16.8702459438901,-21.339274424750243,-17.618680908201185,-17.61868090820118,8.891694933836712,-18.469225906117057
149,2,Drums,0,0,30.770555921186464,30.770555921186464,41.45858864680491,31.15830579564839,7.532881394772123,7.532881394772124,35.42712390907126,7.541184355777819,-23.23767452641434,-23.237674526414338,-6.03146473773365,-23.61712143987057
150,0,Vocal,0,-1,-0.4617631750301583,-0.4617631750301583,16.793935633791307,-0.2893602342389811,8.362758476673775,8.362758476673775,41.8219962355266,8.365001906277973,8.824521651703934,8.824521651703934,25.02806060173529,8.654362140516954
150,1,Bass,0,-7521,-10.256370609740026,-10.256370609740026,1.8943081940993851,-7.817664943559209,-42.20477562037645,-42.20477562037645,-0.7101851542404041,-38.82518592465025,-31.948405010636428,-31.948405010636428,-2.604493348339789,-31.00752098109104
150,2,Drums,0,0,31.335972335985876,31.335972335985876,38.615268252925496,32.236186097667755,6.535357842888323,6.535357842888322,38.27977211106728,6.53891039939312,-24.80061449309755,-24.800614493097555,-0.33549614185821497,-25.697275698274634
151,0,Vocal,0,-1,-1.4290457284341798,-1.4290457284341793,14.292347497989297,-1.152437501524814,6.8866245989899175,6.88662459898992,28.993222528571888,6.9189169123017145,8.315670327424098,8.3156703274241,14.70087503058259,8.071354413826528
151,1,Bass,0,-2700,-5.938400558722061,-5.938400558722061,4.742529737221913,-4.2937171407879315,-12.694909001197578,-12.694909001197578,28.123819649151983,-12.687866035903125,-6.756508442475517,-6.756508442475517,23.381289911930068,-8.394148895115194
151,2,Drums,0,0,29.33908370747514,29.33908370747514,38.847008647313245,29.85550366594843,6.5736191946757225,6.5736191946757225,46.784149562776165,6.574123935785523,-22.76546451279942,-22.76546451279942,7.937140915462919,-23.281379730162907
152,0,Vocal,0,0,15.420112310510547,15.420112310510547,43.927539204672684,15.42641520821091,5.619622156111388,5.619622156111388,35.6374024092617,5.625134911742734,-9.800490154399158,-9.800490154399158,-8.29013679541098,-9.801280296468176
152,1,Bass,1,0,-2.0554231794550843,-2.0554231794550843,17.582786163181353,-1.9328447752263311,-7.095981170162814,-7.095981170162814,15.351730921790093,-6.946361149861914,-5.040557990707729,-5.040557990707729,-2.2310552413912603,-5.013516374635583
152,2,Drums,0,-1,29.953173966268153,29.953173966268153,38.767893229494575,30.565440084436784,6.852891404459202,6.852891404459202,44.49046240691601,6.853793837177222,-23.100282561808953,-23.100282561808953,5.722569177421434,-23.711646247259562
153,0,Vocal,0,-1,14.59443959046105,14.594439590461048,68.71986110765887,14.594454953732082,6.504492313693185,6.504492313693185,47.37420044969003,6.504926699426886,-8.089947276767866,-8.089947276767862,-21.345660657968843,-8.089528254305197
153,1,Bass,1,5,1.0989738647943084,1.0989738647943084,22.28679190529376,1.157712495658751,-4.339723486047311,-4.33972348604731,31.7076344822819,-4.335722702687749,-5.438697350841619,-5.438697350841618,9.42084257698814,-5.4934351983465
153,2,Drums,0,-1,29.355032018347572,29.355032018347572,37.641823567364824,30.053216553762574,6.583251785738749,6.583251785738749,40.155822218725476,6.58557865158334,-22.771780232608823,-22.771780232608823,2.5139986513606516,-23.467637902179234
154,0,Vocal,0,0,13.901429381204935,13.901429381204935,47.43490691007406,13.903431832538065,0.1044647560674135,0.10446475606741257,32.02358770673866,0.10998136129913647,-13.796964625137521,-13.796964625137521,-15.411319203335403,-13.793450471238929
154,1,Bass,0,-22027,-0.5465638602949562,-0.5465638602949545,20.19996095803593,-0.46856038418274026,-30.163320908404504,-30.163320908404504,-5.728500211735952,-23.390533703514095,-29.616757048109548,-29.616757048109548,-25.928461169771882,-22.921973319331354
154,2,Drums,0,-1,29.87874123322353,29.87874123322353,42.36576514985322,30.131114152056266,5.193840302210905,5.193840302210905,40.49862820218965,5.195507466504921,-24.684900931012624,-24.684900931012624,-1.8671369476635675,-24.935606685551345
155,0,Vocal,0,-1,16.901450772039656,16.901450772039656,61.971439299644125,16.901587295515384,9.856491892797713,9.856491892797713,47.84873833701711,9.857252327630956,-7.044958879241943,-7.044958879241943,-14.122700962627015,-7.044334967884428
155,1,Bass,0,-3,1.7460000606967077,1.7460000606967083,20.26758038989721,1.848118128750658,-3.672254222695208,-3.672254222695207,38.51522744707113,-3.67138935245888,-5.418254283391915,-5.418254283391915,18.247647057173925,-5.519507481209538
155,2,Drums,0,-1,27.859454840972337,27.859454840972337,35.509824926000924,28.679188948750106,5.0831434073573964,5.0831434073573964,30.49678428524331,5.099518703688845,-22.77631143361494,-22.77631143361494,-5.0130406407576125,-23.579670245061262
156,0,Vocal,0,-1,13.888055904827137,13.888055904827139,42.20878895708977,13.894713594026404,7.430774075267079,7.430774075267079,68.41257480859484,7.4307776244990045,-6.457281829560058,-6.45728182956006,26.203785851505067,-6.4639359695274
156,1,Bass,0,1,1.1594126689469242,1.1594126689469242,19.192180051450492,1.2802643489159515,-3.2859953677290523,-3.2859953677290523,15.41989913365784,-3.1041765957633376,-4.4454080366759765,-4.4454080366759765,-3.772280917792653,-4.384440944679289
156,2,Drums,0,0,29.0344526795175,29.0344526795175,39.34354724527821,29.459498632411997,4.9441502757190765,4.9441502757190765,35.35801325763049,4.94936449425806,-24.090302403798425,-24.090302403798425,-3.9855339876477203,-24.510134138153937
157,0,Vocal,0,0,18.392420324147086,18.392420324147086,47.228995888412975,18.398181525002496,3.9789611358280235,3.9789611358280235,34.49607353087754,3.9843601183567707,-14.413459188319063,-14.413459188319063,-12.732922357535436,-14.413821406645726
157,1,Bass,0,-1,2.710585374008001,2.710585374008001,21.713704448113514,2.794738015041274,-3.802399046174628,-3.802399046174627,26.860534566470854,-3.7897385814202726,-6.5129844201826295,-6.512984420182628,5.1468301183573395,-6.584476596461547
157,2,Drums,0,-1,27.132090208017697,27.132090208017697,34.990474495176315,27.910058329370404,4.207946512544185,4.2079465125441855,30.652381378261953,4.2215407948813155,-22.92414369547351,-22.92414369547351,-4.3380931169143615,-23.688517534489087
158,0,Vocal,0,0,9.576595922738202,9.5765959227382,38.79956179611234,9.582364434024873,-1.2887849051931977,-1.2887849051931977,33.93739408251192,-1.2857285790343647,-10.8653808279314,-10.865380827931398,-4.862167713600421,-10.868093013059237
158,1,Bass,0,0,-1.5433300364493143,-1.5433300364493134,17.886971745561603,-1.4234513557019755,-2.6148959383112254,-2.614895938311224,18.348880926537973,-2.5169173533147116,-1.071565901861911,-1.0715659018619106,0.46190918097637024,-1.093465997612736
158,2,Drums,0,-1,36.3843125856176,36.3843125856176,55.437813329248925,36.43863987617525,5.315712737645097,5.315712737645097,39.773217316239716,5.317726456552213,-31.068599847972504,-31.068599847972504,-15.66459601300921,-31.120913419623037
159,0,Vocal,0,-1,17.95276329864724,17.95276329864724,53.01319416807015,17.954137928266128,9.87573910123744,9.875739101237437,46.57585822350953,9.876762816411842,-8.077024197409802,-8.077024197409804,-6.437335944560623,-8.077375111854286
159,1,Bass,0,-1,2.4126432001108937,2.4126432001108946,23.21184402298041,2.4696044228789256,-3.5589371848631157,-3.5589371848631157,31.378085259373503,-3.5543898690281583,-5.9715803849740094,-5.97158038497401,8.166241236393091,-6.0239942919070835
159,2,Drums,0,-1,28.989490931606735,28.989490931606735,37.174013905858615,29.705827997272486,5.6063992533910945,5.6063992533910945,55.87117212096224,5.60645112069452,-23.383091678215642,-23.383091678215642,18.697158215103627,-24.099376876577967
160,0,Vocal,0,-1,20.651292121403763,20.651292121403763,52.991718390923324,20.653846983765863,17.32935259062083,17.32935259062083,84.0081240257252,17.329352783771746,-3.3219395307829345,-3.3219395307829345,31.01640563480187,-3.324494199994117
160,1,Bass,0,0,10.714439985929015,10.714439985929015,24.589316892443833,10.911207145571176,-1.7207450992090143,-1.7207450992090143,41.03442286350366,-1.7201731955503317,-12.43518508513803,-12.43518508513803,16.445105971059824,-12.631380341121508
160,2,Drums,0,-1,21.489271740358614,21.489271740358614,27.54101410013911,22.735969770071527,14.764458471239596,14.7644584712396,37.95965350765438,14.786012462262914,-6.724813269119018,-6.724813269119014,10.418639407515268,-7.949957307808614
161,0,Vocal,0,-1,17.62893517541152,17.62893517541152,45.94141357571057,17.635455037789818,14.21593003476859,14.21593003476859,82.1872615232748,14.21593035849183,-3.4130051406429303,-3.4130051406429303,36.24584794756423,-3.4195246792979876
161,1,Bass,0,0,7.11700147639884,7.117001476398839,24.062840996216536,7.222648198053161,-3.0530228044681804,-3.0530228044681804,36.45508423619359,-3.0515551040880196,-10.17002428086702,-10.170024280867018,12.392243239977056,-10.274203302141181
161,2,Drums,0,-1,22.181656137143975,22.181656137143975,28.458405195295114,23.355099659585065,12.328209421027431,12.32820942102743,44.713411620914925,12.330864371100992,-9.853446716116544,-9.853446716116546,16.25500642561981,-11.024235288484073
162,0,Vocal,0,-1,20.947959377453387,20.947959377453387,50.38154786388384,20.952947258952218,8.412809252836555,8.412809252836555,63.67348072122609,8.412823769588599,-12.535150124616832,-12.535150124616832,13.291932857342253,-12.54012348936362
162,1,Bass,0,1,11.836270470971924,11.836270470971924,27.27285963049905,11.970411621617846,-2.2837318864941425,-2.2837318864941425,39.227207724835615,-2.28290806837354,-14.120002357466067,-14.120002357466067,11.954348094336567,-14.253319689991386
162,2,Drums,0,-1,22.086729831201133,22.086729831201133,31.879676056151936,22.570747014910182,14.368680767743388,14.368680767743388,41.905882489784275,14.376624306697892,-7.7180490634577446,-7.7180490634577446,10.026206433632339,-8.19412270821229
163,0,Vocal,0,-1,10.750847406579386,10.750847406579386,42.40250846972561,10.754066387183416,5.828246349204912,5.828246349204912,33.71457914554209,5.837163131033649,-4.922601057374473,-4.922601057374473,-8.687929324183521,-4.916903256149767
163,1,Bass,0,-1,8.195769354795708,8.195769354795708,26.375350038627595,8.272313651331192,-2.0330423039987804,-2.0330423039987804,20.101101730384325,-1.9641692130484758,-10.228811658794488,-10.228811658794488,-6.274248308243269,-10.236482864379667
163,2,Drums,0,-1,28.25460093657632,28.25460093657632,43.63957081961477,28.382325369507953,10.196552579958142,10.196552579958142,33.84830326153201,10.21711605269507,-18.05804835661818,-18.05804835661818,-9.791267558082758,-18.165209316812884
164,0,Vocal,0,-1,13.265519105194635,13.265519105194635,41.734471405588145,13.27199200933359,4.7291818700533055,4.7291818700533055,31.99893606546091,4.740072456112176,-8.536337235141328,-8.536337235141328,-9.735535340127235,-8.531919553221414
164,1,Bass,0,-1,9.423114479908065,9.423114479908065,25.650672482301516,9.539695659380943,-2.7271581410696397,-2.7271581410696397,51.384170792809826,-2.7271118452958545,-12.150272620977706,-12.150272620977706,25.73349831050831,-12.266807504676798
164,2,Drums,0,-1,27.319999934136842,27.319999934136842,39.165841618580274,27.614149693990942,13.582483164086705,13.582483164086705,59.924105525188494,13.582588051343908,-13.737516770050137,-13.737516770050137,20.75826390660822,-14.031561642647034
165,0,Vocal,0,-1,13.475279321604619,13.475279321604619,40.956480412964744,13.483390117405381,7.5465541952257045,7.5465541952257045,34.91636252182118,7.5559188493342155,-5.9287251263789145,-5.9287251263789145,-6.0401178911435665,-5.927471268071166
165,1,Bass,0,398,4.12813811810732,4.12813811810732,22.73201331159349,4.21154084333644,-16.990267761720478,-16.990267761720478,10.80140461333392,-16.636185511505616,-21.118405879827797,-21.118405879827797,-11.93060869825957,-20.847726354842056
165,2,Drums,0,-1,30.440524810270837,30.440524810270833,43.15129102345553,30.679847485430507,9.985020474953023,9.985020474953023,41.42003753335989,9.988455597965046,-20.455504335317812,-20.455504335317812,-1.7312534900956393,-20.69139188746546
166,0,Vocal,0,-1,5.267831026109966,5.267831026109965,37.19023908918571,5.271448169765084,2.940239422167734,2.940239422167734,37.8661761530601,2.9423436540381904,-2.3275916039422317,-2.327591603942231,0.6759370638743931,-2.3291045157268937
166,1,Bass,0,0,10.035035881426168,10.035035881426168,28.119103564065814,10.109769042723224,-1.1426137664795275,-1.1426137664795282,21.29734194302024,-1.0856864165771098,-11.177649647905696,-11.177649647905696,-6.8217616210455745,-11.195455459300334
166,2,Drums,0,-1,37.29347068459457,37.29347068459457,80.1993411938936,37.29366711763327,16.412171880629675,16.412171880629675,48.19556058971357,16.415118695952,-20.881298803964892,-20.881298803964892,-32.00378060418003,-20.87854842168127
167,0,Vocal,0,-1,26.179092033731663,26.179092033731663,49.31436526015396,26.200287977179745,15.65871563950477,15.65871563950477,54.81817646143913,15.659256472630236,-10.520376394226894,-10.520376394226894,5.503811201285167,-10.541031504549508
167,1,Bass,1,0,6.033552659862968,6.033552659862968,18.966171060782273,6.315198677500269,-6.0157160803565795,-6.0157160803565795,22.81725202930428,-5.987390785685429,-12.049268740219548,-12.049268740219548,3.851080968522009,-12.302589463185697
167,2,Drums,0,-1,19.609863051388764,19.609863051388764,25.39863295140631,20.95187114303709,14.180633645793794,14.180633645793794,51.76715021185952,14.181419352686277,-5.42922940559497,-5.42922940559497,26.368517260453213,-6.770451790350812
168,0,Vocal,0,-1,30.56951242644837,30.56951242644837,42.99026998517781,30.825827520853576,14.787468271464961,14.787468271464961,66.39070034227002,14.787498438069429,-15.782044154983408,-15.782044154983408,23.400430357092212,-16.038329082784145
168,1,Bass,0,-6329,8.288047292277428,8.288047292277426,17.04734514328001,8.993067128509098,-6.533220475321954,-6.533220475321956,29.761192509764143,-6.527626157155248,-14.821267767599382,-14.821267767599382,12.713847366484135,-15.520693285664347
168,2,Drums,0,-1,18.759041512381735,18.75904151238173,23.709462938286805,20.451493019439408,11.347868056469233,11.347868056469233,48.56371235872872,11.348752712943675,-7.411173455912502,-7.411173455912499,24.854249420441917,-9.102740306495733
169,0,Vocal,0,-1,14.002177345399147,14.002177345399147,59.53455253747897,14.00230274780441,13.568259295159088,13.568259295159088,46.5006453278513,13.570566885031674,-0.43391805024005947,-0.43391805024005947,-13.033907209627671,-0.43173586277273657
169,1,Bass,0,1,10.341648482491468,10.341648482491468,27.441851251923637,10.434981446449115,0.0024260145294365916,0.0024260145294365916,30.64375847213592,0.009916184721946131,-10.339222467962031,-10.339222467962031,3.2019072202122842,-10.425065261727168
169,2,Drums,0,-1,27.5529174993181,27.552917499318102,47.469338884665106,27.59749298762275,12.128182560563394,12.128182560563394,48.50790301687005,12.129243341374083,-15.424734938754705,-15.424734938754709,1.0385641322049466,-15.468249646248667
170,0,Vocal,0,-1,13.934926623943147,13.934926623943147,41.39248187289376,13.943045453346361,9.590926090305965,9.590926090305965,38.58211766528629,9.597008985438535,-4.344000533637182,-4.344000533637182,-2.8103642076074706,-4.346036467907826
170,1,Bass,0,1,-0.46543379272660756,-0.46543379272660756,13.64180376317899,-0.10957752501363606,-6.445146093162423,-6.445146093162424,18.860744085219544,-6.3762429771158455,-5.979712300435815,-5.979712300435816,5.218940322040554,-6.26666545210221
170,2,Drums,0,0,19.667055800824876,19.667055800824873,24.547559598012644,21.389545133843452,4.442766708429507,4.442766708429507,38.82462184830337,4.444919026645685,-15.22428909239537,-15.224289092395367,14.27706225029073,-16.944626107197767
171,0,Vocal,0,-1,10.834705155804263,10.834705155804263,55.30494439516055,10.834871547527438,8.954601252012434,8.954601252012434,37.172698100314825,8.961983602691264,-1.880103903791829,-1.880103903791829,-18.13224629484572,-1.8728879448361742
171,1,Bass,0,0,9.221313783929597,9.221313783929597,26.403858457153614,9.315133925869203,-2.1824798457545755,-2.182479845754574,36.79261930429258,-2.1810225625208846,-11.403793629684174,-11.403793629684172,10.388760847138965,-11.496156488390088
171,2,Drums,0,-1,29.6457263248713,29.6457263248713,54.067377523821925,29.66145592869331,11.169122093503121,11.169122093503121,42.05851405725077,11.17293244756737,-18.476604231368178,-18.476604231368178,-12.008863466571157,-18.48852348112594
172,0,Vocal,0,-1,10.247530109018166,10.247530109018166,38.32682346258446,10.25493134182135,11.02877901930967,11.02877901930967,54.336612768436495,11.028996422163111,0.7812489102915041,0.7812489102915041,16.00978930585204,0.7740650803417601
172,1,Bass,-213,-640,3.028242782811523,3.028242782811523,29.472374947938324,3.043003488274479,-4.290137865421276,-4.290137865421276,22.978780985810488,-4.2601716353310914,-7.318380648232798,-7.318380648232798,-6.493593962127836,-7.303175123605571
172,2,Drums,0,-1,26.430900108038657,26.430900108038657,35.264428503375676,27.041049141269816,9.097032804463636,9.097032804463634,34.373032316118625,9.11152611795987,-17.33386730357502,-17.333867303575023,-0.891396187257051,-17.929523023309947
173,0,Vocal,0,-1,-1.2854829923477689,-1.2854829923477684,18.780857406252167,-1.1853753302585837,-0.7942262383804115,-0.7942262383804127,38.287561531753376,-0.7930486887962162,0.49125675396735735,0.4912567539673557,19.50670412550121,0.3923266414623675
173,1,Bass,0,-1,-3.0534805820294073,-3.0534805820294064,9.764194980387973,-2.384437677892377,-1.6082971562425987,-1.6082971562425987,35.95216738962877,-1.6064373641306005,1.4451834257868086,1.4451834257868077,26.187972409240796,0.7780003137617766
173,2,Drums,0,-1,34.29454326023177,34.29454326023177,40.32029904581915,35.54254996662265,4.80832539869095,4.80832539869095,41.556997113097424,4.809546773606224,-29.48621786154082,-29.48621786154082,1.236698067278276,-30.73300319301643
174,0,Vocal,0,-1,20.960269351482147,20.960269351482147,48.80172262001342,20.967469470994665,13.77264064232812,13.77264064232812,56.01042586520282,13.772910486177539,-7.187628709154026,-7.187628709154026,7.2087032451893975,-7.194558984817126
174,1,Bass,0,-1,7.477522672571095,7.477522672571093,22.82403876609324,7.628821684278679,-4.6830717971008005,-4.683071797100799,54.255064874619435,-4.683053004149087,-12.160594469671896,-12.160594469671892,31.431026108526197,-12.311874688427768
174,2,Drums,0,-1,21.00985512299794,21.00985512299794,31.038412952211864,21.467685626921128,11.574127666557665,11.574127666557665,54.454710639389816,11.57436682560487,-9.435727456440276,-9.435727456440276,23.416297687177952,-9.893318801316259
175,0,Vocal,0,-1,15.490010098513219,15.490010098513219,53.36191406399534,15.490738175468739,13.791795063690968,13.791795063690968,47.69105398968689,13.793638115186514,-1.6982150348222511,-1.6982150348222511,-5.67086007430845,-1.6971000602822244
175,1,Bass,0,1,9.426297509154722,9.426297509154724,26.060952827550395,9.532337036315115,-0.934510103164774,-0.9345101031647746,26.700528691620534,-0.9177444140071678,-10.360807612319496,-10.360807612319498,0.6395758640701388,-10.450081450322282
175,2,Drums,0,-1,25.901705142410204,25.901705142410204,40.07822406089282,26.071394862419858,8.260357413323671,8.260357413323671,82.05827510878933,8.260357508601023,-17.641347729086533,-17.641347729086533,41.98005104789651,-17.811037353818833
176,0,Vocal,0,-1,9.459901006333858,9.45990100633386,70.68108094394526,9.459904156430635,8.66789787884563,8.66789787884563,56.66301215698703,8.66797558656328,-0.7920031274882291,-0.7920031274882309,-14.018068786958231,-0.7919285698673555
176,1,Bass,0,0,4.907380981074054,4.907380981074054,29.499716847364176,4.927362727144492,1.0580943731027528,1.0580943731027528,28.937088355264006,1.070719540937052,-3.849286607971301,-3.849286607971301,-0.5626284921001705,-3.8566431862074397
176,2,Drums,0,-1,21.94182183948581,21.94182183948581,30.714681254478215,22.5635695181608,1.6531520864402482,1.6531520864402482,32.21439156367049,1.659577253785495,-20.288669753045564,-20.288669753045564,1.4997103091922739,-20.903992264375304
177,0,Vocal,0,-1,17.32474389824542,17.324743898245416,54.141796211467145,17.32566338816193,9.185016382903928,9.185016382903928,44.65921776769113,9.186396074484446,-8.139727515341491,-8.139727515341487,-9.482578443776013,-8.139267313677486
177,1,Bass,0,0,8.061274022867213,8.061274022867213,27.43046723904598,8.119625470670535,1.6495852584672923,1.6495852584672923,35.069981440191754,1.6529105162162963,-6.411688764399921,-6.411688764399921,7.639514201145772,-6.466714954454238
177,2,Drums,0,-1,24.883357820396114,24.883357820396114,44.64564869986926,24.929621766720235,4.491297861813419,4.491297861813419,42.649304875550854,4.492197470182045,-20.392059958582696,-20.392059958582696,-1.9963438243184086,-20.43742429653819
178,0,Vocal,0,-1,14.444059255550188,14.444059255550188,47.634035577415546,14.446217592308923,10.970471823415409,10.970471823415409,43.310727341117364,10.973208557414548,-3.4735874321347797,-3.4735874321347797,-4.323308236298182,-3.4730090348943747
178,1,Bass,-1,2,4.632742716325924,4.6327427163259225,24.563496947255665,4.692254888153985,-2.1878861051022795,-2.1878861051022795,31.063560388532693,-2.182436660187481,-6.820628821428204,-6.820628821428202,6.500063441277028,-6.874691548341467
178,2,Drums,0,-1,21.677286816865248,21.677286816865248,36.809000141179276,21.813511283477922,1.709496092003653,1.7094960920036546,40.313069907408725,1.710498916593453,-19.967790724861594,-19.967790724861594,3.504069766229449,-20.10301236688447
179,0,Vocal,0,-1,17.391379885426254,17.391379885426257,46.47061817926911,17.396848880175156,10.428185152368536,10.428185152368536,36.79627457568629,10.43912700754484,-6.963194733057717,-6.963194733057721,-9.67434360358282,-6.957721872630316
179,1,Bass,0,0,5.8782097229586014,5.8782097229586014,24.870542396263573,5.947454935142975,-2.8614642077730674,-2.8614642077730688,23.820094944562218,-2.8341502299715113,-8.73967393073167,-8.73967393073167,-1.0504474517013556,-8.781605165114486
179,2,Drums,0,-1,23.463203866668252,23.463203866668252,43.97630658889945,23.502139070671426,3.7519187166467614,3.7519187166467627,37.935164402616635,3.754274990374931,-19.71128515002149,-19.71128515002149,-6.041142186282812,-19.747864080296495
180,0,Vocal,0,-1,12.150082408861829,12.150082408861827,56.06641104941357,12.15026898248963,10.283923783472016,10.283923783472016,38.65973382912622,10.290831778607616,-1.8661586253898133,-1.8661586253898115,-17.40667722028735,-1.8594372038820133
180,1,Bass,-1,-1,3.5486764789752527,3.5486764789752527,27.14320411058263,3.5760756456301386,0.5280162604754847,0.5280162604754856,65.39114129153393,0.5280164279042272,-3.020660218499768,-3.020660218499767,38.2479371809513,-3.0480592177259114
180,2,Drums,0,-1,22.334759300868633,22.334759300868633,31.380323024309703,22.915746210663816,1.2826620750548958,1.2826620750548972,37.91795573603922,1.2843057457236795,-21.05209722581374,-21.052097225813736,6.537632711729515,-21.631440464940138
181,0,Vocal,0,-1,12.704523236959492,12.70452323695949,52.369143856939615,12.705016449937737,10.493690167450971,10.493690167450971,46.69704853746178,10.494823246350762,-2.2108330695085208,-2.210833069508519,-5.672095319477833,-2.210193203586975
181,1,Bass,0,0,5.515009941583566,5.515009941583566,28.37503472925668,5.543856269084353,-4.24493342504127,-4.244933425041269,38.59140325409596,-4.244113822201477,-9.759943366624835,-9.759943366624835,10.216368524839279,-9.78797009128583
181,2,Drums,0,-1,25.257225924007965,25.257225924007965,45.45570241065994,25.299036405924134,3.1725927597935644,3.1725927597935657,44.27635032442627,3.1730915185163138,-22.084633164214402,-22.0846331642144,-1.1793520862336706,-22.12594488740782
182,0,Vocal,0,-1,15.980010123373653,15.980010123373653,41.583575473631846,15.992278966995189,10.316283574206755,10.316283574206754,53.55668415560793,10.316508318390616,-5.663726549166897,-5.663726549166899,11.973108681976086,-5.675770648604573
182,1,Bass,0,-2,11.818933409322936,11.818933409322936,32.27078123744871,11.860822389473993,-0.7853474720921758,-0.7853474720921751,29.869564653158957,-0.7771392834144022,-12.60428088141511,-12.60428088141511,-2.4012165842897524,-12.637961672888395
182,2,Drums,0,-1,21.077371624787613,21.077371624787613,30.783833869131158,21.572444330855006,6.206235728404474,6.206235728404474,48.39159484625486,6.2065609947944145,-14.871135896383139,-14.871135896383139,17.607760977123704,-15.365883336060591
183,0,Vocal,0,-1,16.391735629723826,16.391735629723826,44.983945640154836,16.39788205669974,13.397705774095543,13.397705774095543,58.468368662391946,13.39784629399656,-2.9940298556282823,-2.9940298556282823,13.48442302223711,-3.0000357627031793
183,1,Bass,0,2,7.583340055042301,7.5833400550423,26.33646584756341,7.651685302414214,-3.1460675098381374,-3.146067509838138,47.67421822629848,-3.145962417064498,-10.72940756488044,-10.729407564880438,21.33775237873507,-10.797647719478713
183,2,Drums,0,-1,27.940780512570882,27.940780512570882,34.79583684817942,28.94563983549493,5.636888291117732,5.636888291117734,45.69473273274723,5.637433810629503,-22.30389222145315,-22.303892221453147,10.898895884567807,-23.308206024865427
184,0,Vocal,0,-1,20.092257940961243,20.092257940961243,46.82619080685467,20.101569324675737,16.265503145381448,16.265503145381448,50.627303002676854,16.267131094507935,-3.826754795579795,-3.826754795579795,3.801112195822185,-3.8344382301678017
184,1,Bass,0,-1,12.244613578001363,12.244613578001363,27.3565663373456,12.388535017159104,0.35843282572468443,0.35843282572468443,29.674159610490463,0.36819818247432834,-11.88618075227668,-11.88618075227668,2.317593273144862,-12.020336834684775
184,2,Drums,0,-1,26.059756765047403,26.059756765047403,36.61449817804562,26.460796049571933,19.64038797349183,19.64038797349183,56.54314608057338,19.641283600290677,-6.4193687915555735,-6.4193687915555735,19.928647902527757,-6.819512449281255
185,0,Vocal,0,-1,10.019313959313473,10.019313959313473,35.17392082690883,10.033906562977197,13.283425653081803,13.283425653081803,62.05905340495342,13.283485433915876,3.2641116937683297,3.2641116937683297,26.88513257804459,3.249578870938679
185,1,Bass,0,-2,5.0498854104401225,5.0498854104401225,21.266361543597615,5.187255511530467,-1.8262760603765935,-1.8262760603765935,27.36169394461816,-1.813072107419202,-6.876161470816716,-6.876161470816716,6.095332401020546,-7.000327618949669
185,2,Drums,0,0,25.49399945780808,25.49399945780808,35.67237593667709,25.93337463004149,4.698286365085354,4.698286365085354,42.427310401263014,4.6992672833420706,-20.795713092722725,-20.795713092722725,6.754934464585922,-21.23410734669942
186,0,Vocal,0,-1,19.103261814397317,19.103261814397317,47.87042931381621,19.109104127281377,14.74976000858615,14.74976000858615,56.63484514151407,14.750050368903212,-4.353501805811167,-4.353501805811167,8.76441582769786,-4.359053758378165
186,1,Bass,0,-2,9.614159114275667,9.614159114275667,24.131676225575397,9.78715049903157,-0.5591191784054681,-0.559119178405467,41.171379406680984,-0.5584965258407655,-10.173278292681136,-10.173278292681134,17.039703181105587,-10.345647024872335
186,2,Drums,0,-1,26.62373417777607,26.62373417777607,34.28293578299552,27.44204652529045,21.238701459035152,21.238701459035152,44.339913888373694,21.26017822915054,-5.385032718740916,-5.385032718740916,10.056978105378171,-6.1818682961399105
187,0,Vocal,0,-1,12.769223468294893,12.769223468294895,44.72224631958231,12.772140243429623,11.746769106763642,11.746769106763642,38.642243171254776,11.756247691324017,-1.022454361531251,-1.0224543615312527,-6.080003148327535,-1.0158925521056066
187,1,Bass,0,-1,10.966410406472043,10.966410406472043,26.69486804139308,11.093405663235643,3.135960479872196,3.135960479872196,32.97028164140634,3.1426652805715136,-7.830449926599847,-7.830449926599847,6.275413600013259,-7.950740382664129
187,2,Drums,0,-1,27.65115098862473,27.651150988624735,40.10603386870598,27.905634415274335,17.56664140822736,17.56664140822736,56.46419075878934,17.567210917285465,-10.084509580397373,-10.084509580397377,16.358156890083364,-10.33842349798887
188,0,Vocal,0,-1,19.87338191457973,19.87338191457973,63.219440780829686,19.873583760468247,16.14575953362826,16.14575953362826,51.47332091436024,16.14706361931121,-3.7276223809514697,-3.7276223809514697,-11.74611986646945,-3.7265201411570352
188,1,Bass,0,-2,11.669905540747227,11.669905540747227,26.835772231391694,11.813138551878733,-1.4194906661891273,-1.4194906661891267,27.423368941559318,-1.4059654228119638,-13.089396206936353,-13.089396206936353,0.5875967101676238,-13.219103974690697
188,2,Drums,0,-1,25.278637729499465,25.278637729499465,34.280903322917,25.864282786557066,18.63085150075436,18.63085150075436,59.1398243631544,18.631242854587782,-6.647786228745105,-6.647786228745105,24.858921040237405,-7.233039931969284
189,0,Vocal,0,-1,5.381193731219708,5.381193731219707,32.26615676324186,5.3926771512507905,11.062168021227698,11.062168021227698,46.81174832171721,11.063413655021659,5.680974290007991,5.680974290007992,14.545591558475351,5.670736503770868
189,1,Bass,0,-2,3.457259199899341,3.457259199899341,20.281129186422774,3.588967107777325,-0.7802327251834347,-0.7802327251834347,33.9961412461565,-0.7770570670643296,-4.237491925082776,-4.237491925082776,13.715012059733724,-4.366024174841654
189,2,Drums,0,0,28.846182346455336,28.846182346455336,41.32787991833175,29.09895066657316,6.531721673096772,6.53172167309677,33.714718418122246,6.541883282940151,-22.314460673358564,-22.314460673358568,-7.613161500209507,-22.557067383633008
190,0,Vocal,0,-1,5.811296540114225,5.811296540114226,31.968448866007844,5.824589034340944,2.566318737000231,2.5663187370002305,45.701402078205014,2.566645620317712,-3.244977803113994,-3.2449778031139953,13.73295321219717,-3.2579434140232317
190,1,Bass,0,-1,12.709906371768962,12.709906371768962,30.13763789157376,12.793355864243045,1.4054501283910572,1.4054501283910559,29.24988370364233,1.4177483209013269,-11.304456243377905,-11.304456243377906,-0.8877541879314315,-11.375607543341719
190,2,Drums,0,-1,31.844998254105548,31.844998254105548,61.69823210981946,31.84949402820896,19.317341412587144,19.317341412587144,39.75325232110256,19.35726162595591,-12.527656841518404,-12.527656841518404,-21.9449797887169,-12.492232402253048
191,0,Vocal,0,-1,2.4795152522075146,2.4795152522075146,26.480868362456413,2.506587656367448,3.7987827927362665,3.7987827927362665,28.14133594990627,3.821446885117897,1.319267540528752,1.319267540528752,1.6604675874498582,1.314859228750449
191,1,Bass,0,-1,11.535756955333378,11.535756955333378,28.529672394124788,11.629498628096908,1.9073285210951338,1.9073285210951343,40.79577736645533,1.908250674989712,-9.628428434238245,-9.628428434238243,12.266104972330545,-9.721247953107195
191,2,Drums,0,-1,30.082423502542525,30.082423502542525,50.9947280939048,30.11780102065074,20.46621738205053,20.46621738205053,56.834742256428974,20.46722844787633,-9.616206120491995,-9.616206120491995,5.840014162524177,-9.650572572774411
192,0,Vocal,0,-1,25.749295716990726,25.749295716990726,56.11920039945596,25.753294884623926,18.080214005544907,18.080214005544907,89.02593588832616,18.080214019384865,-7.66908171144582,-7.66908171144582,32.9067354888702,-7.673080865239061
192,1,Bass,0,-3,11.499391366991333,11.499391366991333,20.803659613167362,12.077569155184909,-4.462111070395169,-4.462111070395169,36.61784621895927,-4.460827811856624,-15.961502437386502,-15.961502437386502,15.81418660579191,-16.538396967041532
192,2,Drums,0,-1,16.011175133722748,16.011175133722748,20.07867813662839,18.214345846805326,6.682065067762347,6.6820650677623465,31.730431418913113,6.698582287080227,-9.3291100659604,-9.329110065960402,11.651753282284723,-11.515763559725098
193,0,Vocal,0,-1,-0.5666623098731698,-0.5666623098731698,28.28565173448076,-0.5545661389874305,-1.4563086649095447,-1.4563086649095447,22.94633596163125,-1.418544144063083,-0.8896463550363749,-0.8896463550363749,-5.33931577284951,-0.8639780050756526
193,1,Bass,0,-2,13.755749537050484,13.755749537050484,31.379369005133558,13.83462792732766,-1.7387674794869423,-1.7387674794869423,18.943682384011808,-1.646457649479907,-15.494517016537426,-15.494517016537426,-12.43568662112175,-15.481085576807565
193,2,Drums,0,-1,32.18224766008626,32.18224766008626,45.94044557201286,32.36909275129027,5.4695307405007725,5.4695307405007725,33.55512354037148,5.478199505304962,-26.71271691958549,-26.71271691958549,-12.38532203164138,-26.890893245985303
194,0,Vocal,0,0,0.38926191783487446,0.38926191783487446,24.908112015466088,0.41863255039494957,-13.525071364343413,-13.525071364343413,26.325360838389198,-13.514559525792084,-13.914333282178287,-13.914333282178287,1.41724882292311,-13.933192076187034
194,1,Bass,0,0,14.995760306384643,14.995760306384643,32.42356652024598,15.07748771828597,3.678558193677342,3.678558193677342,38.3856761456854,3.6806569306142682,-11.317202112707301,-11.317202112707301,5.962109625439425,-11.396830787671703
194,2,Drums,0,-1,35.993828230565974,35.993828230565974,50.6365779460016,36.145556269574996,2.6237825586319925,2.6237825586319925,29.183451911664676,2.6386210301185025,-33.37004567193398,-33.37004567193398,-21.453126034336925,-33.506935239456496
195,0,Vocal,0,-1,30.100321441252905,30.100321441252905,56.707154068851096,30.10982476136683,16.557243299618396,16.557243299618396,61.041315348128734,16.557401230824585,-13.54307814163451,-13.54307814163451,4.334161279277637,-13.552423530542246
195,1,Bass,0,-4,11.761644158766556,11.761644158766558,17.74864033468112,13.09461729557421,-4.464440685849278,-4.464440685849278,20.693394933090858,-4.4143140256926525,-16.226084844615833,-16.226084844615833,2.9447545984097374,-17.508931321266864
195,2,Drums,0,-1,11.79932830832145,11.79932830832145,13.68355808904884,16.516030804391526,2.088057962020767,2.0880579620207667,55.4548344511969,2.0880901046752767,-9.711270346300683,-9.711270346300683,41.77127636214806,-14.427940699716249
196,0,Vocal,0,-1,21.778747324364602,21.778747324364602,39.67182778742845,21.85033743388464,15.055287780470167,15.055287780470167,74.07246515046371,15.055292336627755,-6.723459543894435,-6.723459543894435,34.400637363035266,-6.795045097256885
196,1,Bass,0,-2,17.20569995594227,17.20569995594227,29.69498017414005,17.462352699154355,-1.7682690310447065,-1.7682690310447065,21.740016318971115,-1.7198694159624726,-18.973968986986975,-18.973968986986975,-7.954963855168934,-19.18222211511683
196,2,Drums,0,-1,21.769013829114932,21.769013829114932,32.39290031983859,22.1649915899617,7.636546156669482,7.636546156669482,39.536284469083526,7.639833754325326,-14.13246767244545,-14.13246767244545,7.1433841492449375,-14.525157835636374
197,0,Vocal,0,-1,30.305380528766747,30.305380528766747,62.86681970208303,30.307787115348916,16.734153883897143,16.734153883897143,58.42647745791584,16.734454042777436,-13.571226644869604,-13.571226644869604,-4.440342244167191,-13.57333307257148
197,1,Bass,0,-3,13.318372191373967,13.318372191373967,19.44294823287054,14.582740788429769,-4.6512637159579135,-4.6512637159579135,17.40857898111728,-4.5459884558191925,-17.96963590733188,-17.96963590733188,-2.034369251753258,-19.128729244248962
197,2,Drums,0,-1,12.118224007104846,12.118224007104846,14.280506677243213,16.342448785516122,5.75639135978547,5.75639135978547,34.023540732593816,5.764587662490693,-6.3618326473193765,-6.3618326473193765,19.743034055350602,-10.577861123025428
198,0,Vocal,0,-1,20.17145234290374,20.17145234290374,67.47995337885375,20.171532125199544,17.241988181826684,17.241988181826684,56.18817625619759,17.242551181198614,-2.929464161077057,-2.929464161077057,-11.291777122656157,-2.92898094400093
198,1,Bass,0,-1,13.182485796136778,13.182485796136778,27.319389381121848,13.361376389872632,-0.26040080338775073,-0.26040080338775173,31.822563663489333,-0.25485907116408757,-13.442886599524527,-13.44288659952453,4.503174282367485,-13.61623546103672
198,2,Drums,0,-1,26.93795558063117,26.93795558063117,43.375960011127574,27.03791201085299,3.6920607606213585,3.6920607606213585,28.860893735935743,3.710932307668249,-23.24589482000981,-23.24589482000981,-14.515066275191831,-23.32697970318474
199,0,Vocal,0,-1,22.20149542008535,22.20149542008535,42.894242960369766,22.23890156287203,15.757365022757543,15.757365022757543,50.83727704260131,15.758748860989417,-6.4441303973278075,-6.4441303973278075,7.9430340822315415,-6.480152701882613
199,1,Bass,0,-2,11.670576383759085,11.670576383759085,24.04438559283278,11.94664968498914,-2.9693482039528813,-2.9693482039528813,23.166154345543085,-2.937864011446865,-14.639924587711967,-14.639924587711967,-0.878231247289694,-14.884513696436006
199,2,Drums,0,-1,18.25922204707641,18.25922204707641,22.83365197704809,20.144530170752763,5.523381285357112,5.523381285357111,33.519465619323185,5.532206516508688,-12.735840761719299,-12.735840761719299,10.685813642275097,-14.612323654244076
200,0,Vocal,0,-1,3.8314779338694334,3.831477933869433,21.792389544108147,3.930141674632075,9.412583786317272,9.41258378631727,41.87944059156298,9.415326675336816,5.581105852447839,5.581105852447838,20.087051047454835,5.485185000704741
200,1,Bass,0,-1,1.3385816651114362,1.3385816651114355,13.825104578940993,1.76711364691121,-3.4134541528129914,-3.4134541528129905,30.730487376239978,-3.408112530919796,-4.752035817924428,-4.752035817924426,16.905382797298984,-5.175226177831006
200,2,Drums,0,0,28.51411729011645,28.51411729011645,45.87134785759246,28.594780864312742,10.740146074659263,10.740146074659263,41.839605052968835,10.743803246169325,-17.773971215457188,-17.773971215457188,-4.031742804623626,-17.850977618143418
201,0,Vocal,0,-1,7.831696890984059,7.831696890984059,25.0516959364399,7.928410806281978,9.50276958864471,9.502769588644712,26.89144801415305,9.59161149480588,1.6710726976606516,1.6710726976606534,1.8397520777131504,1.6632006885239026
201,1,Bass,0,-4671,2.5867729378166997,2.5867729378166997,14.54799524557022,3.022231644553913,-44.041050431235114,-44.041050431235114,24.40829597768475,-44.026388698015005,-46.62782336905181,-46.62782336905181,9.860300732114531,-47.04862034256892
201,2,Drums,0,-1,26.418472737017314,26.418472737017314,47.99172302063495,26.44887649530331,12.419174869623525,12.419174869623525,50.99244939286433,12.419812486204144,-13.99929786739379,-13.99929786739379,3.00072637222938,-14.029064009099166
202,0,Vocal,0,-1,2.790021324530603,2.7900213245306045,21.678824739594347,2.875884621432556,9.25949198303705,9.25949198303705,51.63139431086496,9.25977277872076,6.469470658506447,6.469470658506445,29.952569571270615,6.3838881572882045
202,1,Bass,0,-3606,1.8734224476602548,1.8734224476602548,14.611326752642599,2.258662340713073,-17.924090602889084,-17.924090602889084,16.680228327530276,-17.830301943349713,-19.797513050549338,-19.797513050549338,2.0689015748876773,-20.088964284062786
202,2,Drums,0,-1,29.88426994527211,29.88426994527211,44.77831959635235,30.027469814016538,10.177297171091233,10.177297171091233,76.67637387615568,10.177298160338626,-19.706972774180876,-19.706972774180876,31.898054279803333,-19.85017165367791
203,0,Vocal,0,-1,7.370106540218865,7.370106540218863,24.44494995263588,7.471703284202928,12.523458759943857,12.523458759943857,37.348920067485174,12.53857837388706,5.153352219724992,5.153352219724994,12.903970114849294,5.066875089684132
203,1,Bass,0,0,-2.3780029862539216,-2.3780029862539207,10.010037061562462,-1.7068672178529976,-5.140303776511605,-5.140303776511603,28.856175108004635,-5.132925664049358,-2.762300790257683,-2.762300790257682,18.84613804644217,-3.42605844619636
203,2,Drums,0,0,27.344199230944582,27.344199230944582,38.999184284600815,27.652042675917357,9.71226802185187,9.712268021851866,49.604707710283876,9.712760718341736,-17.631931209092713,-17.631931209092716,10.60552342568306,-17.939281957575623
204,0,Vocal,0,0,0.0938666601740599,0.0938666601740599,17.60418803065033,0.24635645035299772,3.4852972344973705,3.4852972344973705,22.9555787540435,3.5565738138501057,3.3914305743233104,3.3914305743233104,5.35139072339317,3.310217363497108
204,1,Bass,0,-4663,-0.5396083154682474,-0.5396083154682474,11.851364790651225,-0.006978604132346469,-33.48224381631498,-33.48224381631498,13.791038528862389,-33.304498441981515,-32.94263550084673,-32.94263550084673,1.9396737382111642,-33.297519837849165
204,2,Drums,0,0,33.15576014917142,33.15576014917142,57.59140993062874,33.171429848454935,10.095623209416281,10.095623209416281,36.55767399537322,10.106401535391603,-23.06013693975514,-23.06013693975514,-21.03373593525552,-23.06502831306333
205,0,Vocal,0,-1,5.98917448710117,5.98917448710117,23.11629625401267,6.095293520174546,10.209920808957902,10.209920808957902,39.43447222688023,10.215610209235264,4.220746321856732,4.220746321856732,16.31817597286756,4.120316689060718
205,1,Bass,0,0,-1.8097388773182685,-1.8097388773182685,10.425515783399963,-1.1651644446046363,-6.3262142545275735,-6.3262142545275735,20.61161861568436,-6.279854106325521,-4.516475377209305,-4.516475377209305,10.186102832284398,-5.114689661720885
205,2,Drums,0,-1,26.683926312613615,26.683926312613615,37.20599703004157,27.08801028365563,12.057659265616152,12.057659265616152,58.710811557227956,12.057758874392427,-14.626267046997462,-14.626267046997462,21.504814527186383,-15.030251409263204
206,0,Vocal,0,-1,7.030203868867211,7.0302038688672095,22.408578302443765,7.182811568114685,13.881704312407535,13.881704312407535,47.296156441735064,13.88376381458755,6.851500443540324,6.851500443540326,24.8875781392913,6.700952246472864
206,1,Bass,0,-17982,-2.621545445925912,-2.621545445925912,9.614926484643306,-1.9035904350734534,-27.695000970690316,-27.695000970690316,8.358285918811633,-27.102333731009868,-25.073455524764405,-25.073455524764405,-1.2566405658316722,-25.198743295936413
206,2,Drums,0,-1,26.852534535544578,26.852534535544578,38.97439042194663,27.128046117440977,12.627269427374806,12.627269427374806,48.890451735566856,12.62835227799178,-14.225265108169772,-14.225265108169772,9.916061313620226,-14.499693839449197
207,0,Vocal,0,-1,8.38757881683013,8.38757881683013,24.98523630507536,8.497457696968473,14.30015488424472,14.30015488424472,41.75800081213788,14.30824943258569,5.912576067414589,5.912576067414589,16.77276450706252,5.810791735617217
207,1,Bass,0,9632,-5.612294168091832,-5.612294168091832,7.2401239353575715,-4.629994431389674,-30.573363633774747,-30.57336363377475,11.995310100046208,-30.307165167040427,-24.961069465682915,-24.961069465682918,4.755186164688636,-25.677170735650755
207,2,Drums,0,-1,29.593112619033857,29.593112619033857,42.724795982160245,29.809810325823676,13.003544694415993,13.003544694415993,38.195995134040224,13.017360694255702,-16.589567924617864,-16.589567924617864,-4.528800848120021,-16.792449631567976
208,0,Vocal,0,-1,19.139553161010557,19.139553161010557,56.025866959581656,19.14045316343812,15.896492484406117,15.896492484406117,62.176920278970165,15.896597119327751,-3.24306067660444,-3.24306067660444,6.1510533193885095,-3.2438560441103697
208,1,Bass,0,0,9.041747948652386,9.041747948652386,21.267620348926833,9.342313454286277,0.7072417284300645,0.7072417284300645,51.32910064971432,0.707310916667315,-8.334506220222321,-8.334506220222321,30.061480300787487,-8.635002537618963
208,2,Drums,0,-1,17.556464497331522,17.556464497331522,25.50737321277765,18.327378219756564,10.494067205764217,10.494067205764217,29.597563278091727,10.55254677149726,-7.062397291567304,-7.062397291567304,4.090190065314076,-7.774831448259304
209,0,Vocal,0,-1,15.695841950363988,15.695841950363988,59.579109518720074,15.696023885962491,14.231741206089335,14.231741206089335,54.74765336840457,14.232141023781484,-1.4641007442746528,-1.4641007442746528,-4.831456150315503,-1.4638828621810074
209,1,Bass,0,-1,5.6729808626569564,5.6729808626569564,19.522833917115197,5.903955608957519,0.2361488537372735,0.2361488537372735,42.89389617304687,0.23660683707319102,-5.436832008919683,-5.436832008919683,23.371062255931673,-5.667348771884328
209,2,Drums,0,0,19.899908730600536,19.899908730600536,26.859239300576547,20.885575528031172,10.569684106968687,10.569684106968689,45.66633136984704,10.57114511296586,-9.33022462363185,-9.330224623631848,18.807092069270496,-10.314430415065312
210,0,Vocal,0,-1,9.593424411765106,9.593424411765106,33.64229710889638,9.612430145016885,7.874006564396796,7.874006564396796,39.75004560896967,7.877286184722965,-1.7194178473683106,-1.7194178473683106,6.107748500073292,-1.7351439602939207
210,1,Bass,0,-1,13.71333714550161,13.71333714550161,26.46888316994808,13.959713243487311,0.3146677540470093,0.3146677540470093,40.53018119491089,0.315464248915768,-13.3986693914546,-13.3986693914546,14.06129802496281,-13.644248994571543
210,2,Drums,0,-1,13.336355047942888,13.336355047942888,33.898292727106494,13.376450280088225,8.476209078033323,8.476209078033323,49.63769237809509,8.476587877616828,-4.860145969909565,-4.860145969909565,15.739399650988595,-4.899862402471397
211,0,Vocal,0,-1,30.130203114410556,30.130203114410556,56.61756619866509,30.13994919365787,17.713665864834336,17.713665864834336,47.88949848197844,17.717907323212682,-12.41653724957622,-12.41653724957622,-8.728067716686645,-12.422041870445188
211,1,Bass,0,-1,13.873130409769612,13.873130409769612,23.020480013459228,14.458274237638168,3.705228822654873,3.705228822654873,32.33027537625207,3.713731322737695,-10.167901587114738,-10.167901587114738,9.30979536279284,-10.744542914900473
211,2,Drums,0,-1,17.56764512372732,17.56764512372732,21.8732270964954,19.609655510188247,0.22029276708618228,0.22029276708618228,23.463027057741847,0.2604446717076104,-17.34735235664114,-17.34735235664114,1.5897999612464488,-19.349210838480637
212,0,Vocal,0,-1,32.65817829833815,32.65817829833815,62.699505059898215,32.662471256625736,14.967052764892284,14.967052764892284,50.28196469136553,14.968370663434069,-17.691125533445867,-17.691125533445867,-12.417540368532684,-17.694100593191667
212,1,Bass,0,0,11.917994580457567,11.917994580457567,21.15814818965201,12.501962886903879,0.9619845675734098,0.9619845675734098,42.63446414270164,0.9625159058391117,-10.956010012884157,-10.956010012884157,21.476315953049628,-11.539446981064767
212,2,Drums,0,-1,17.56474097454662,17.56474097454662,22.73606509568365,19.161690327036712,9.371969641384588,9.371969641384585,42.643060086694646,9.374251147525422,-8.192771333162032,-8.192771333162035,19.906994991010997,-9.78743917951129
213,0,Vocal,0,-1,18.019493610676665,18.019493610676665,51.19978937149757,18.021614569228216,15.931109332244572,15.931109332244572,51.19520481310566,15.932434382254048,-2.088384278432093,-2.088384278432093,-0.004584558391911742,-2.0891801869741684
213,1,Bass,0,-1,5.089224723931274,5.089224723931274,18.19772708179217,5.37215554035958,-1.3254363473064832,-1.3254363473064839,29.365977757820705,-1.316709006658652,-6.414661071237757,-6.414661071237758,11.168250676028535,-6.688864547018232
213,2,Drums,0,-1,22.500132592092434,22.500132592092434,27.18484606617877,24.313244674331074,14.364766058541056,14.364766058541056,63.23332033477893,14.364824282791488,-8.135366533551379,-8.135366533551379,36.04847426860016,-9.948420391539585
214,0,Vocal,0,-1,14.331662652364967,14.331662652364967,57.91053142737567,14.331859433233769,14.111304548158914,14.111304548158913,40.19154166576155,14.122441752321501,-0.22035810420605273,-0.2203581042060545,-17.718989761614125,-0.2094176809122672
214,1,Bass,0,-1,9.558949727292989,9.558949727292989,23.693110979197478,9.748422969140575,1.368316125754248,1.368316125754248,34.50632913271558,1.3719626846689683,-8.19063360153874,-8.19063360153874,10.8132181535181,-8.376460284471607
214,2,Drums,0,-1,19.948887823209432,19.948887823209432,30.476297073147833,20.355516966351992,13.432901925949782,13.43290192594978,42.159419245510634,13.4389924237119,-6.51598589725965,-6.515985897259652,11.6831221723628,-6.916524542640092
215,0,Vocal,0,-1,19.878615404573797,19.878615404573797,65.82598693433036,19.878726183493917,15.119671281049952,15.119671281049952,66.66290333234181,15.119702343386061,-4.758944123523845,-4.758944123523845,0.8369163980114536,-4.759023840107856
215,1,Bass,0,-1,8.80548219158835,8.80548219158835,18.350425195996134,9.379728243026433,-0.8997618911345411,-0.8997618911345411,52.340822004657824,-0.8997168686762934,-9.705244082722892,-9.705244082722892,33.990396808661686,-10.279445111702726
215,2,Drums,0,-1,15.615177047972056,15.615177047972056,20.20558979720566,17.510617351024546,11.119707069468589,11.119707069468589,52.298554484146,11.120063461025731,-4.495469978503467,-4.495469978503467,32.09296468694034,-6.390553889998815
216,0,Vocal,0,-1,-5.268881803396097,-5.268881803396095,31.323681667383546,-5.2647296130182255,2.836729071024864,2.836729071024864,33.91799914315443,2.8418766062767267,8.105610874420961,8.10561087442096,2.594317475770886,8.106606219294953
216,1,Bass,0,-1,3.0228787690972125,3.0228787690972125,23.16444298098058,3.0860272536493456,-1.2969270405545164,-1.2969270405545164,52.78364319701407,-1.296887411096475,-4.319805809651729,-4.319805809651729,29.61920021603349,-4.382914664745821
216,2,Drums,0,-1,31.18022787919233,31.18022787919233,45.408586111818124,31.347570048481934,23.638856157468812,23.638856157468812,52.583338809060066,23.644421298881056,-7.541371721723518,-7.541371721723518,7.174752697241942,-7.703148749600878
217,0,Vocal,0,-1,-9.258205300313545,-9.258205300313545,52.298958823598376,-9.258177701803668,-2.0217742394327907,-2.0217742394327907,38.68485208338251,-2.02081909357787,7.236431060880754,7.236431060880754,-13.614106740215867,7.237358608225797
217,1,Bass,0,-1,2.674894013745377,2.674894013745377,22.513578467223464,2.744480393893032,-0.7110336426494436,-0.7110336426494436,36.548934229225935,-0.709256275244545,-3.3859276563948204,-3.3859276563948204,14.035355762002471,-3.4537366691375775
217,2,Drums,0,-1,33.46973082294609,33.46973082294609,48.02584367041604,33.624641627091265,23.432193246312828,23.432193246312828,51.8409311313095,23.438490944447594,-10.037537576633262,-10.037537576633262,3.8150874608934657,-10.186150682643671
218,0,Vocal,0,-1,-4.930510193313692,-4.930510193313692,30.60719525306141,-4.925522383565978,2.859147694079946,2.859147694079946,30.97918667091821,2.869312196885704,7.789657887393638,7.789657887393638,0.3719914178568011,7.794834580451682
218,1,Bass,0,-1,3.0257593011030415,3.025759301103043,23.22957073681458,3.0879933171704836,-0.6677757806113307,-0.6677757806113302,27.22941513920182,-0.6525105870869241,-3.693535081714372,-3.693535081714373,3.9998444023872395,-3.740503904257408
218,2,Drums,0,-1,31.150132127607428,31.150132127607428,45.37158983022944,31.317746464768167,24.0324288928549,24.0324288928549,51.509278853423275,24.040230620634667,-7.117703234752529,-7.117703234752529,6.137689023193836,-7.2775158441335
219,0,Vocal,0,-1,-4.632912063641844,-4.632912063641845,37.449084839686584,-4.631862259411894,4.596066753399263,4.596066753399263,36.24483312903144,4.600068371646761,9.228978817041106,9.228978817041108,-1.204251710655143,9.231930631058654
219,1,Bass,0,0,1.8341992680005936,1.8341992680005936,21.623938308253287,1.909802288836651,3.8646343472544626,3.8646343472544626,40.344820526998284,3.866012079840355,2.030435079253869,2.030435079253869,18.720882218744997,1.9562097910037042
219,2,Drums,0,-1,33.05638386363582,33.05638386363582,45.958607641405784,33.28502039895612,24.46568413383413,24.46568413383413,53.66752267096685,24.470924943926168,-8.590699729801692,-8.590699729801692,7.708915029561062,-8.814095455029953
220,0,Vocal,0,-1,-4.949651235296594,-4.949651235296592,30.12607766130621,-4.944085208072094,4.106954564599736,4.106954564599737,37.68527507540122,4.109598952535621,9.05660579989633,9.056605799896328,7.559197414095014,9.053684160607716
220,1,Bass,0,-1,3.0314150103159374,3.0314150103159374,23.242591912871614,3.0935166163769408,-1.0440189278408631,-1.0440189278408638,38.37187052757554,-1.042890543276853,-4.0754339381568006,-4.075433938156801,15.129278614703924,-4.1364071596537935
220,2,Drums,0,-1,31.12946082691847,31.129460826918468,45.33696883689678,31.297625578403863,23.325869949099854,23.325869949099854,59.31528375696131,23.32696860447107,-7.803590877818618,-7.803590877818614,13.978314920064527,-7.970656973932794
221,0,Vocal,0,-1,-5.336955029735777,-5.336955029735777,33.684050292593724,-5.334552323311906,3.8500397711344023,3.8500397711344023,42.5317470308886,3.8508691571696203,9.18699480087018,9.18699480087018,8.847696738294879,9.185421480481526
221,1,Bass,0,-1,3.0016899410460978,3.0016899410460978,23.5220806960918,3.059645110652892,4.7660817600339485,4.766081760033948,46.55670266498595,4.76646510051301,1.7643918189878507,1.7643918189878498,23.03462196889415,1.7068199898601177
221,2,Drums,0,-1,31.573974883854415,31.57397488385441,45.838213305765024,31.739902859258706,24.208754352596344,24.208754352596344,56.104358504598125,24.211572649414915,-7.365220531258071,-7.365220531258068,10.266145198833101,-7.528330209843791
222,0,Vocal,0,-1,-4.729804967921988,-4.729804967921986,30.84751374159123,-4.725031304836604,4.201527166415327,4.201527166415327,49.974672442010466,4.201684461055098,8.931332134337314,8.931332134337314,19.127158700419237,8.926715765891704
222,1,Bass,0,-1,2.662812814950846,2.662812814950846,22.931160412511318,2.725891031031682,-0.7322241668570415,-0.7322241668570415,54.14418688267488,-0.7321937137708879,-3.3950369818078876,-3.3950369818078876,31.213026470163562,-3.4580847448025698
222,2,Drums,0,-1,32.52320686100041,32.52320686100041,46.34854876469027,32.707133557398095,24.297102743595282,24.297102743595282,62.38301287839698,24.29777998110574,-8.226104117405129,-8.226104117405129,16.03446411370671,-8.409353576292354
223,0,Vocal,0,-1,-5.13686863585587,-5.13686863585587,28.577126087933618,-5.128999603458439,3.3850968721303767,3.385096872130377,34.139774241361984,3.3904213541811803,8.521965507986247,8.521965507986247,5.562648153428366,8.51942095763962
223,1,Bass,0,-1,4.001516598707941,4.001516598707941,24.368163831784415,4.05746990785831,-2.8249794925638625,-2.8249794925638625,37.94925157488806,-2.8239201112701346,-6.826496091271803,-6.826496091271803,13.581087743103645,-6.881390019128444
223,2,Drums,0,-1,29.830104095876052,29.830104095876052,47.048404313730856,29.913386309637346,23.17382882619041,23.173828826190412,58.70657263512509,23.175049544353342,-6.6562752696856435,-6.65627526968564,11.658168321394236,-6.738336765284004
224,0,Vocal,0,-1,-4.463269315209986,-4.463269315209986,21.190128248974407,-4.41854345627764,3.783437426292563,3.783437426292563,29.691812089202937,3.799252374981043,8.24670674150255,8.24670674150255,8.50168384022853,8.217795831258684
224,1,Bass,0,0,0.9998486093411028,0.9998486093411035,17.1575649999877,1.1891147654576042,3.857907339818307,3.857907339818307,34.91269785061273,3.8627160894583206,2.858058730477204,2.8580587304772034,17.75513285062503,2.6736013240007166
224,2,Drums,0,-1,32.137176508618865,32.137176508618865,47.38533267466253,32.26893856353601,14.892032577499068,14.892032577499066,50.16305818217703,14.893364800817757,-17.2451439311198,-17.2451439311198,2.7777255075145035,-17.375573762718254
225,0,Vocal,0,-1,-0.7367427194682126,-0.7367427194682137,24.43128190999895,-0.7078833740999446,8.053632145377945,8.053632145377943,31.51068510047212,8.076333606973447,8.790374864846157,8.790374864846157,7.079403190473169,8.784216981073392
225,1,Bass,-225,-227,-0.7400116712172767,-0.7400116712172775,19.886032429926598,-0.6578917801409488,0.6357255549194125,0.6357255549194117,26.930242106026824,0.6547278127131815,1.3757372261366894,1.3757372261366894,7.044209676100227,1.3126195928541304
225,2,Drums,0,-1,27.754079091636473,27.754079091636477,36.251800919089995,28.416833838312737,18.84211171995512,18.84211171995512,74.70710337537825,18.842122969846127,-8.911967371681353,-8.911967371681357,38.45530245628826,-9.57471086846661
226,0,Vocal,0,-1,-5.151161564742893,-5.151161564742893,9.57661749356178,-4.54825650430789,-2.010742890943226,-2.010742890943226,55.80024051466866,-2.01072626763472,3.1404186737996675,3.1404186737996675,46.223623021106874,2.53753023667317
226,1,Bass,0,0,28.88248710795998,28.88248710795998,45.81567206199442,28.97149807875554,1.4188517070455435,1.4188517070455435,29.885993381580988,1.429493389141527,-27.463635400914438,-27.463635400914438,-15.929678680413431,-27.542004689614014
226,2,Drums,0,-1,11.776802910475277,11.776802910475277,31.400361558417163,11.827569434212446,14.029821675443383,14.029821675443383,40.44069545215076,14.040149143629696,2.2530187649681057,2.2530187649681057,9.0403338937336,2.21257970941725
227,0,Vocal,0,-1,-8.951899288396199,-8.951899288396199,16.104222312132293,-8.833103343400808,-0.14490729401961094,-0.14490729401961094,20.789969105962353,-0.07369222271238411,8.806991994376588,8.806991994376588,4.685746793830059,8.759411120688423
227,1,Bass,0,0,2.4359988254256684,2.4359988254256697,19.59033920363792,2.5679073386482165,2.8253408267115008,2.8253408267115008,27.815307745313092,2.846304125099378,0.3893420012858324,0.3893420012858311,8.224968541675171,0.2783967864511614
227,2,Drums,0,-1,26.765780434031186,26.765780434031186,41.097729695700735,26.9293184902877,22.318373242901004,22.318373242901004,48.06145207156077,22.33003009698493,-4.447407191130182,-4.447407191130182,6.963722375860037,-4.599288393302768
228,0,Vocal,0,-1,-3.9645909032144404,-3.9645909032144404,24.946009298057255,-3.9451232413751445,4.0737915939123575,4.0737915939123575,22.096650181701236,4.169522436800561,8.038382497126797,8.038382497126797,-2.8493591163560197,8.114645678175705
228,1,Bass,0,-1,-0.2556082422258178,-0.2556082422258178,17.278437292740776,-0.09777674078674048,1.9029301983551434,1.9029301983551434,29.6797950488668,1.914854777858134,2.158538440580961,2.158538440580961,12.401357756126025,2.0126315186448744
228,2,Drums,0,-1,28.978271290694583,28.978271290694583,47.13449083847167,29.04526622739653,17.25195659642431,17.25195659642431,36.47976281870723,17.3051260005984,-11.726314694270272,-11.726314694270272,-10.654728019764441,-11.740140226798133
229,0,Vocal,0,-1,-4.86877558518617,-4.86877558518617,9.617437583380617,-4.2612429646154295,-3.1766243675507404,-3.1766243675507386,29.48689531144341,-3.169389246233446,1.6921512176354296,1.6921512176354314,19.86945772806279,1.0918537183819836
229,1,Bass,0,-1,30.28780580203062,30.28780580203062,47.007004193273865,30.381327160113358,1.1276087552241383,1.1276087552241383,27.67836372947816,1.1446349218739293,-29.16019704680648,-29.16019704680648,-19.328640463795704,-29.236692238239428
229,2,Drums,0,-1,10.575372939884279,10.575372939884279,30.4148384565414,10.624618482002845,13.49922936158431,13.49922936158431,37.85271832885748,13.515908137116764,2.923856421700032,2.923856421700032,7.437879872316078,2.891289655113919
230,0,Vocal,0,-1,-3.5166067099195435,-3.516606709919544,10.407139391667535,-2.9585336931573787,3.1474507008911146,3.147450700891116,54.47841776628103,3.1474958193846954,6.664057410810658,6.66405741081066,44.07127837461349,6.106029512542074
230,1,Bass,0,-1,29.656541892355275,29.656541892355275,83.10792684151922,29.65655671647326,0.8593558613653391,0.85935586136534,30.562355021380107,0.867822417105843,-28.797186030989934,-28.797186030989934,-52.54557182013911,-28.78873429936742
230,2,Drums,0,-1,9.549047876673743,9.549047876673743,28.977965090180117,9.60435674458667,6.282830853241055,6.282830853241055,30.860163522025545,6.301555541086735,-3.266217023432688,-3.266217023432688,1.8821984318454277,-3.3028012034999357
231,0,Vocal,0,-1,-4.899525903960926,-4.899525903960925,29.31623619314479,-4.892800224882186,4.844110008807817,4.844110008807817,36.45189605819794,4.848092193288876,9.743635912768744,9.743635912768742,7.1356598650531495,9.740892418171061
231,1,Bass,0,0,2.338090197040636,2.338090197040636,18.5377824050353,2.503940121293854,2.873384911033034,2.873384911033034,36.27602503891948,2.876392758227249,0.535294713992398,0.535294713992398,17.738242633884177,0.3724526369333949
231,2,Drums,0,-1,28.30518275646635,28.30518275646635,41.8220907842834,28.503136696818498,15.739442858235687,15.739442858235686,44.33793381482857,15.745603884859536,-12.565739898230664,-12.565739898230666,2.5158430305451702,-12.757532811958962
232,0,Vocal,-19811,-1,-43.38538597107511,-43.38538597107511,-24.00045457210616,-19.317356503069117,-8.074373877688966,-8.074373877688968,18.50171752267504,-8.003919601690901,35.31101209338614,35.31101209338614,42.5021720947812,11.313436901378216
232,1,Bass,1,-1,10.902624495158319,10.902624495158319,27.059583874642314,11.017676432660474,9.020156837164455,9.020156837164455,54.35585246593422,9.020299842494708,-1.882467657993864,-1.882467657993864,27.296268591291906,-1.997376590165766
232,2,Drums,0,-1,10.446525472000248,10.446525472000248,20.59021229379897,10.926170952395328,3.9333698168162523,3.9333698168162528,35.22251032001282,3.9379030158256567,-6.513155655183995,-6.513155655183995,14.632298026213853,-6.988267936569671
233,0,Vocal,0,-1,4.923616253467978,4.923616253467978,27.324016056579957,4.95671192570428,10.572825148944538,10.572825148944538,42.23905507306023,10.576044075992401,5.64920889547656,5.64920889547656,14.915039016480272,5.6193321502881215
233,1,Bass,-1,-1,5.212374701512591,5.212374701512591,20.675075329927314,5.37463892465836,4.672718952918737,4.6727189529187365,47.37598684797394,4.673031060912859,-0.5396557485938533,-0.5396557485938542,26.700911518046627,-0.701607863745501
233,2,Drums,0,-1,16.179416762226257,16.179416762226257,26.1261662597969,16.653532312264346,3.7499822880779154,3.7499822880779154,64.27725721386471,3.749987542535149,-12.42943447414834,-12.42943447414834,38.15109095406781,-12.903544769729198
234,0,Vocal,0,-1,1.7586671323368785,1.7586671323368805,38.19298006469549,1.7603125575075584,10.147079553036098,10.147079553036098,35.00348823081944,10.162669490570686,8.38841242069922,8.388412420699218,-3.1894918338760476,8.402356933063126
234,1,Bass,0,-1,1.9959797175471727,1.995979717547172,16.67870257167843,2.238614770473312,2.784631703767797,2.784631703767797,39.77235845907408,2.785958176603719,0.7886519862206243,0.7886519862206249,23.09365588739565,0.5473434061304072
234,2,Drums,0,-1,18.472548675604767,18.472548675604767,28.783116780569603,18.90269129280582,1.1897751200696955,1.1897751200696962,42.17214873729726,1.190384728980778,-17.282773555535073,-17.28277355553507,13.38903195672766,-17.71230656382504
235,0,Vocal,0,-1,-8.951555525425267,-8.951555525425269,5.3368193913035755,-7.6719364727995165,-4.977912180160102,-4.977912180160102,35.31042201797485,-4.976228578542027,3.973643345265165,3.9736433452651667,29.973602626671276,2.69570789425749
235,1,Bass,-1,-1,12.963694313661026,12.963694313661026,30.79955708197518,13.039382463233757,9.76617177146875,9.76617177146875,28.541493284750953,9.830206188195104,-3.197522542192276,-3.197522542192276,-2.258063797224228,-3.2091762750386525
235,2,Drums,0,-1,10.52964775797025,10.52964775797025,20.465411574474697,11.033260789592008,3.394962837800191,3.39496283780019,33.64306276384694,3.4009431634100364,-7.134684920170059,-7.134684920170061,13.177651189372245,-7.632317626181972
236,0,Vocal,0,-1,6.08085367509711,6.08085367509711,29.694577753558633,6.104449371565287,10.408300929293128,10.408300929293128,39.785465537236675,10.413772069590216,4.327447254196018,4.327447254196018,10.090887783678042,4.309322698024929
236,1,Bass,0,-1,4.035519458842588,4.035519458842588,19.23593221144201,4.220159747358392,2.3598484978864116,2.3598484978864116,32.12060883983696,2.3671034910689546,-1.6756709609561762,-1.6756709609561762,12.884676628394953,-1.8530562562894373
236,2,Drums,0,-1,16.49528009107018,16.49528009107018,26.79014639113477,16.93037897301479,4.956969568353954,4.956969568353954,33.94898509535001,4.96419938884138,-11.538310522716223,-11.538310522716223,7.158838704215242,-11.96617958417341
237,0,Vocal,0,-1,-10.402702613279748,-10.402702613279748,11.933947462668835,-10.10759811646648,-4.816834934888524,-4.816834934888523,8.19794508276803,-3.981940491363435,5.5858676783912244,5.585867678391225,-3.736002379900805,6.125657625103045
237,1,Bass,-2,-1,10.650242589964954,10.650242589964954,26.514754116030332,10.773952245666912,8.07865194921993,8.07865194921993,31.934432673200718,8.099343156320986,-2.5715906407450237,-2.5715906407450237,5.419678557170386,-2.6746090893459264
237,2,Drums,0,-1,11.098063914373736,11.098063914373736,21.42656419825597,11.551784469007595,2.2688097301326855,2.268809730132684,31.44616731239215,2.2771732465419054,-8.82925418424105,-8.829254184241051,10.019603114136178,-9.27461122246569
238,0,Vocal,-19948,-15227,-42.44537463736271,-42.44537463736271,-27.03176699507155,-15.27833281056705,-47.580089108714745,-47.58008910871474,-16.900824976041772,-30.58914447042714,-5.134714471352034,-5.1347144713520265,10.130942019029778,-15.31081165986009
238,1,Bass,0,-1,7.880731146713372,7.880731146713373,24.822095009180135,7.983746750720099,4.853506998004157,4.853506998004157,26.934760536863642,4.889272040681496,-3.027224148709215,-3.027224148709216,2.1126655276835073,-3.094474710038604
238,2,Drums,0,-1,15.359700634579191,15.359700634579195,26.080251572669624,15.754818815020728,7.52733891468554,7.527338914685538,30.124266602459656,7.555506281481973,-7.832361719893651,-7.832361719893656,4.044015029790032,-8.199312533538755
239,0,Vocal,0,-1,2.676071111894212,2.6760711118942133,30.988573599057297,2.6859383328130493,9.606712181664154,9.606712181664154,76.4728454869225,9.606712487424325,6.930641069769942,6.9306410697699405,45.4842718878652,6.9207741546112755
239,1,Bass,0,0,6.274697897292371,6.274697897292371,22.33572361237405,6.4089099439324855,5.629930212156232,5.629930212156232,33.22924354470097,5.6395490863353634,-0.6447676851361388,-0.6447676851361388,10.893519932326921,-0.769360857597122
239,2,Drums,0,-1,16.731840661387626,16.731840661387626,27.297177186975876,17.138997317644936,3.9253023615580274,3.9253023615580274,34.69436100771257,3.9304151735765718,-12.806538299829597,-12.806538299829597,7.3971838207366964,-13.208582144068364
240,0,Vocal,0,-1,18.63672543188775,18.636725431887754,37.737007334617054,18.691213572450987,1.3482819312876066,1.3482819312876066,23.62080626533695,1.3929199931639402,-17.288443500600145,-17.28844350060015,-14.116201069280105,-17.298293579287048
240,1,Bass,0,-1,14.974242715220313,14.974242715220312,31.912279430688262,15.065837684369122,1.4589828537205953,1.4589828537205967,26.945802369289844,1.4800422268497324,-13.515259861499718,-13.515259861499715,-4.966477061398418,-13.585795457519389
240,2,Drums,0,-1,24.279644912190253,24.279644912190253,46.150612596921036,24.308069878829365,9.319405908712058,9.31940590871206,34.43123251579234,9.334376218023902,-14.960239003478195,-14.960239003478193,-11.719380081128698,-14.973693660805463
241,0,Vocal,0,-1,13.950599481398235,13.950599481398239,41.770268180418896,13.958068829177712,3.4056959003882152,3.4056959003882152,37.58071030793094,3.4081147488537815,-10.54490358101002,-10.544903581010024,-4.189557872487953,-10.54995408032393
241,1,Bass,0,-1,15.811621265320447,15.81162126532045,29.56806743521714,16.003245877263694,2.569078445802261,2.5690784458022624,29.20210957302202,2.583733365152559,-13.242542819518185,-13.242542819518189,-0.3659578621951205,-13.419512512111135
241,2,Drums,0,-1,17.21279629851242,17.21279629851242,33.83918456772186,17.310068884670592,5.0524856617693565,5.052485661769358,35.91841685301794,5.057156287288073,-12.160310636743063,-12.160310636743061,2.0792322852960794,-12.252912597382519
242,0,Vocal,0,-1,11.386171703339592,11.386171703339592,32.74840200519287,11.420330508465836,8.93657992159393,8.93657992159393,50.44216170401455,8.936926001445547,-2.449591781745662,-2.449591781745662,17.69375969882168,-2.483404507020289
242,1,Bass,0,0,10.429112385657223,10.429112385657222,27.150938431628013,10.530855451710874,1.2591360897752766,1.2591360897752766,26.744308334705508,1.2806161990697933,-9.169976295881947,-9.169976295881945,-0.4066300969225054,-9.25023925264108
242,2,Drums,0,0,26.312839250633505,26.312839250633505,32.9728517600514,27.370614257391537,6.02451108269859,6.02451108269859,31.386038836034615,6.040321247711685,-20.288328167934914,-20.288328167934914,-1.5868129240167832,-21.330293009679853
243,0,Vocal,0,-1,10.65893833733247,10.658938337332472,59.09313853965199,10.659005790773449,5.990000304481848,5.990000304481848,33.25065147817475,6.000222463604424,-4.6689380328506225,-4.668938032850624,-25.842487061477236,-4.658783327169025
243,1,Bass,0,0,9.595210365643098,9.595210365643098,25.342835238049584,9.725066835223847,2.176582781056063,2.1765827810560627,24.708089352966496,2.215559676190924,-7.418627584587035,-7.4186275845870355,-0.6347458850830883,-7.509507159032923
243,2,Drums,0,0,24.994594284580813,24.994594284580813,61.660512339270646,24.995532500668087,4.621719880257394,4.621719880257393,61.872326649139104,4.621730800949415,-20.37287440432342,-20.37287440432342,0.2118143098684584,-20.373801699718673
244,0,Vocal,0,-1,13.283592174181605,13.283592174181605,44.74519372026434,13.286840590812073,13.908927022972339,13.908927022972339,45.934278243836715,13.911762600615118,0.6253348487907342,0.6253348487907342,1.189084523572376,0.6249220098030452
244,1,Bass,0,-1,8.036579605143066,8.036579605143066,22.57639640235054,8.2159457127429,1.9089009470889948,1.9089009470889948,28.85439618845135,1.923334438512021,-6.127678658054071,-6.127678658054071,6.2779997861008106,-6.29261127423088
244,2,Drums,0,0,22.57379597209896,22.57379597209896,36.010945764869355,22.776302764602207,4.08783555573063,4.08783555573063,30.902553320120827,4.100414459006282,-18.48596041636833,-18.48596041636833,-5.108392444748528,-18.675888305595926
245,0,Vocal,0,-1,15.331492230530825,15.331492230530825,41.97140734299326,15.341192383697276,10.939887077529672,10.939887077529672,48.8654749433536,10.940643574223063,-4.391605153001153,-4.391605153001153,6.894067600360337,-4.400548809474213
245,1,Bass,0,-1,11.282950901104929,11.28295090110493,26.86556209852929,11.41366566542738,1.587427962232305,1.587427962232306,55.891864321704155,1.587454966699884,-9.695522938872625,-9.695522938872625,29.026302223174866,-9.826210698727497
245,2,Drums,0,0,23.855792932954675,23.855792932954675,34.47604326274166,24.251164899371318,4.855945495204307,4.855945495204307,34.829689424232356,4.861744944162273,-18.99984743775037,-18.99984743775037,0.35364616149069406,-19.389419955209046
246,0,Vocal,0,-1,9.000453980590791,9.000453980590791,41.33689618209993,9.003309751760542,5.179592048596308,5.179592048596308,37.79970765412029,5.182688886174551,-3.820861931994483,-3.820861931994483,-3.5371885279796373,-3.8206208655859903
246,1,Bass,0,0,10.83519599633178,10.83519599633178,26.961233865106998,10.951213848894586,4.755439521369652,4.755439521369652,32.834652320654044,4.764463543237342,-6.079756474962128,-6.079756474962128,5.873418455547046,-6.1867503056572435
246,2,Drums,0,0,21.290033803365063,21.290033803365063,36.55718532828027,21.42209436612337,4.113084657031578,4.113084657031579,32.64953424067627,4.121531051742879,-17.176949146333484,-17.176949146333484,-3.907651087604002,-17.30056331438049
247,0,Vocal,0,-1,17.828508870694307,17.828508870694307,33.751868375124275,17.942814281373664,0.7475188376975315,0.7475188376975315,31.00719306656201,0.755054147495978,-17.080990032996777,-17.080990032996777,-2.7446753085622646,-17.187760133877685
247,1,Bass,0,-1,13.236706553515297,13.236706553515297,28.978258086040285,13.359547815592892,2.678451049356039,2.6784510493560383,40.88061257512163,2.679462140371765,-10.55825550415926,-10.55825550415926,11.902354489081347,-10.680085675221127
247,2,Drums,0,-1,24.676206800608544,24.676206800608544,49.68652298670909,24.6899751538075,6.14834735527675,6.14834735527675,51.43342714866007,6.148507117604422,-18.527859445331792,-18.527859445331792,1.7469041619509795,-18.541468036203078
248,0,Vocal,0,-1,18.6871426852927,18.687142685292695,44.68114526448279,18.698227916604566,20.33362646487392,20.33362646487392,62.02824146384145,20.333922483677284,1.6464837795812208,1.6464837795812244,17.34709619935866,1.6356945670727185
248,1,Bass,0,-1,0.34839210323125114,0.34839210323125114,16.09006608084014,0.5712961451459511,4.4590770474376376,4.4590770474376376,30.504228043414464,4.473750963544889,4.110684944206387,4.110684944206387,14.414161962574326,3.902454818398938
248,2,Drums,0,-1,26.559167739410015,26.559167739410015,58.964231013380186,26.56166806753295,10.044019560091177,10.044019560091177,43.211323242540075,10.04632160392601,-16.515148179318835,-16.515148179318835,-15.75290777084011,-16.51534646360694
249,0,Vocal,0,-1,22.595323045602225,22.595323045602225,38.36994841288568,22.712401645668947,21.429113245133514,21.429113245133514,70.02043094827266,21.429172663580054,-1.1662098004687103,-1.1662098004687103,31.650482535386985,-1.2832289820888931
249,1,Bass,0,0,-1.8414419924101197,-1.8414419924101204,35.90809648890553,-1.8395992512360353,-9.589083221004536,-9.589083221004536,37.653322305949416,-9.588269294625526,-7.747641228594416,-7.747641228594416,1.7452258170438881,-7.748670043389491
249,2,Drums,0,-1,30.44724945451283,30.44724945451283,68.8689779439293,30.44787130141644,13.047666060516203,13.047666060516205,58.463919705970035,13.047796905429136,-17.399583393996625,-17.399583393996622,-10.40505823795926,-17.400074395987303
250,0,Vocal,0,-1,22.70043686352484,22.70043686352484,46.465461677228376,22.718822500125476,17.83383015280496,17.83383015280496,66.6312907774749,17.833887758466087,-4.8666067107198785,-4.8666067107198785,20.165829100246526,-4.884934741659389
250,1,Bass,0,-1,14.757421631810416,14.75742163181042,20.850077141849486,16.018616373435904,7.116674705354075,7.116674705354075,38.59230942825712,7.120368033750276,-7.640746926456341,-7.640746926456345,17.74223228640763,-8.898248339685628
250,2,Drums,0,-1,22.461340999934404,22.461340999934404,30.184300908166865,23.269118812292756,9.460550415559425,9.460550415559425,44.58287004672604,9.462036929571628,-13.000790584374979,-13.000790584374979,14.398569138559179,-13.807081882721128
251,0,Vocal,0,-1,31.605637213598765,31.605637213598765,45.38222220465137,31.79169976428891,18.805941535436602,18.805941535436602,57.86838725366734,18.80648694711995,-12.799695678162163,-12.799695678162163,12.486165049015973,-12.98521281716896
251,1,Bass,0,-1,23.202629542950305,23.202629542950305,36.157368273452285,23.42938739989262,15.667296245836589,15.66729624583659,43.166660587297315,15.675236028407138,-7.535333297113716,-7.535333297113715,7.00929231384503,-7.754151371485481
251,2,Drums,0,-1,26.823115995741897,26.823115995741897,41.869584770924305,26.96143900948845,17.58915471588415,17.58915471588415,71.89601917857536,17.589170148806488,-9.233961279857748,-9.233961279857748,30.026434407651053,-9.372268860681963
252,0,Vocal,0,-1,24.14159234964822,24.14159234964822,63.179048550265364,24.142134288764243,20.08441442306929,20.08441442306929,54.85248852210798,20.08587653534061,-4.05717792657893,-4.05717792657893,-8.326560028157381,-4.056257753423633
252,1,Bass,0,0,18.1344258553921,18.1344258553921,30.106143380144825,18.42362059317628,6.906434719054827,6.906434719054827,61.46785119774685,6.906452918326707,-11.227991136337272,-11.227991136337272,31.361707817602028,-11.517167674849574
252,2,Drums,0,-1,20.9835287494815,20.9835287494815,32.91357530158005,21.27354689794975,16.082386969551102,16.082386969551102,55.376921847099574,16.08290990861283,-4.9011417799303985,-4.9011417799303985,22.46334654551952,-5.1906369893369195
253,0,Vocal,0,-1,24.743901942512924,24.743901942512924,54.912968075207516,24.748092882639206,20.366767403732705,20.366767403732705,46.13409276636044,20.378396874912568,-4.3771345387802185,-4.3771345387802185,-8.778875308847077,-4.369696007726638
253,1,Bass,0,-1,16.207639078421217,16.207639078421217,26.90163749111464,16.603381426499784,4.084256137820609,4.084256137820609,53.823734470238875,4.084320105142375,-12.123382940600607,-12.123382940600607,26.922096979124234,-12.519061321357409
253,2,Drums,0,-1,20.620684607433,20.620684607433,30.532970815962578,21.09195422835027,16.318373272337418,16.318373272337418,52.70763881216878,16.31939338057176,-4.302311335095581,-4.302311335095581,22.174667996206203,-4.772560847778511
254,0,Vocal,0,-1,14.626348010029385,14.626348010029384,28.036115687640915,14.835892015580951,19.65277997397713,19.652779973977125,58.93751722122681,19.6532964384515,5.0264319639477435,5.026431963947742,30.901401533585897,4.817404422870547
254,1,Bass,0,-1,14.468009952252153,14.468009952252153,26.00396767994072,14.795050345808187,6.791083720635198,6.791083720635197,25.97157249876378,6.854818419193956,-7.676926231616955,-7.676926231616956,-0.032395181176937626,-7.940231926614231
254,2,Drums,0,-1,16.3410833379454,16.3410833379454,42.59902775296706,16.35161395679987,18.142622137028475,18.142622137028475,52.85132189664804,18.144113128224046,1.801538799083076,1.801538799083076,10.252294143680977,1.7924991714241756
255,0,Vocal,0,-1,26.832003727245343,26.832003727245343,51.849886387180135,26.84572881827247,21.121377656990866,21.12137765699087,54.08874152645497,21.123587528326084,-5.710626070254477,-5.710626070254474,2.2388551392748326,-5.722141289946386
255,1,Bass,0,-1,15.195934075431678,15.195934075431678,27.736066655052714,15.452219570737197,1.4219351001921487,1.4219351001921487,42.76437619872853,1.4224834536324176,-13.773998975239529,-13.773998975239529,15.028309543675814,-14.029736117104779
255,2,Drums,0,-1,21.20367243361602,21.20367243361602,54.30149581700026,21.20581593775777,15.193969330850862,15.193969330850862,49.826272670472264,15.195508931858733,-6.009703102765158,-6.009703102765158,-4.475223146527995,-6.010307005899037
256,0,Vocal,0,-1,25.000172849909355,25.000172849909355,45.37628580010186,25.040305146216213,13.458995115279,13.458995115279,80.05945304702136,13.458995719935869,-11.541177734630354,-11.541177734630354,34.6831672469195,-11.581309426280344
256,1,Bass,0,0,16.565363798161663,16.565363798161663,30.046282565020533,16.769010534768963,-0.7795808844333196,-0.7795808844333196,20.772017828949878,-0.7128867994708211,-17.34494468259498,-17.34494468259498,-9.274264736070656,-17.481897334239783
256,2,Drums,0,-1,24.670535218637717,24.670535218637717,33.081513478924585,25.348840342923786,15.374514618587602,15.374514618587602,42.739579070969285,15.38271953246253,-9.296020600050115,-9.296020600050115,9.6580655920447,-9.966120810461256
257,0,Vocal,0,-1,27.92190327891159,27.92190327891159,45.11965790364574,28.005627133150853,17.83438492018399,17.83438492018399,56.31853118937592,17.83501022374134,-10.0875183587276,-10.0875183587276,11.19887328573018,-10.170616909409514
257,1,Bass,0,-2,19.611164504521007,19.611164504521007,32.53880573039551,19.84074167968236,-0.5574139175178318,-0.5574139175178318,25.892152331833714,-0.5363992412756969,-20.168578422038838,-20.168578422038838,-6.646653398561796,-20.377140920958055
257,2,Drums,0,-1,22.9116739086134,22.9116739086134,44.8009357210698,22.94001758450221,9.685898491204796,9.685898491204798,62.92012233841119,9.685921157920628,-13.225775417408602,-13.2257754174086,18.11918661734139,-13.254096426581583
258,0,Vocal,0,-1,28.816592549366153,28.816592549366156,39.46252227954919,29.20847071057768,18.253728599733,18.253728599733,52.97537598322635,18.255214288826412,-10.562863949633151,-10.562863949633154,13.512853703677159,-10.953256421751266
258,1,Bass,0,-1,18.22687929634984,18.22687929634984,27.741560214454722,18.749182033457814,-4.118195451153947,-4.118195451153945,41.745606332095704,-4.117795624483166,-22.345074747503787,-22.345074747503784,14.004046117640982,-22.86697765794098
258,2,Drums,0,-1,15.779921477185013,15.779921477185013,32.934151487964364,15.866575033662668,8.566068304750328,8.566068304750328,35.91001637847968,8.575194336870437,-7.2138531724346855,-7.2138531724346855,2.975864890515318,-7.291380696792231
259,0,Vocal,0,-1,27.278401807592868,27.278401807592864,47.268045645150956,27.322230382823896,13.24891457924628,13.24891457924628,40.76300123861928,13.25698336934019,-14.029487228346587,-14.029487228346584,-6.505044406531674,-14.065247013483706
259,1,Bass,0,-1,17.412439090231164,17.412439090231164,29.90348634225134,17.66876754126954,-2.8781390393683113,-2.8781390393683113,32.083073179114606,-2.874068125224936,-20.290578129599474,-20.290578129599474,2.1795868368632654,-20.542835666494476
259,2,Drums,0,-1,21.77964205409364,21.77964205409364,37.22241968231373,21.906293667494253,14.002308878689497,14.002308878689497,41.800455754187766,14.00981204260834,-7.7773331754041415,-7.7773331754041415,4.578036071874038,-7.896481624885913
260,0,Vocal,0,-1,24.942661574752677,24.942661574752677,45.39629283393658,24.982082293372848,13.804874966266262,13.804874966266262,64.61817238802506,13.804912061912308,-11.137786608486415,-11.137786608486415,19.22187955408848,-11.17717023146054
260,1,Bass,0,-1,16.58933835115938,16.58933835115938,30.111618188083057,16.79098781930042,-0.7405206526838273,-0.7405206526838268,19.777823603526237,-0.6563355320513948,-17.329859003843207,-17.329859003843207,-10.33379458455682,-17.447323351351812
260,2,Drums,0,-1,24.673563228375755,24.673563228375755,33.11823266251882,25.346200106088155,15.297316243882245,15.297316243882245,40.86850495604178,15.309729414424922,-9.37624698449351,-9.37624698449351,7.750272293522961,-10.036470691663233
261,0,Vocal,0,-1,23.40110007364187,23.40110007364187,50.26609161729936,23.410087213251085,13.623774290659021,13.623774290659023,62.1524191816584,13.623837568977063,-9.77732578298285,-9.777325782982848,11.886327564359043,-9.786249644274022
261,1,Bass,0,0,17.52545002391874,17.52545002391874,34.11229461897368,17.623496096873062,0.8356816187316869,0.8356816187316862,33.494503084209256,0.839977278997611,-16.689768405187053,-16.689768405187053,-0.6177915347644216,-16.78351881787545
261,2,Drums,0,-1,21.118311651497976,21.118311651497976,53.25726394132861,21.120985289778687,7.568800065813173,7.568800065813171,31.43207170384653,7.589800989822823,-13.549511585684803,-13.549511585684805,-21.82519223748208,-13.531184299955864
262,0,Vocal,0,-1,32.86747408428164,32.86747408428164,58.56818464579967,32.87917014637118,19.85139913178529,19.85139913178529,60.6614595173168,19.851762483430836,-13.01607495249635,-13.01607495249635,2.0932748715171314,-13.027407662940345
262,1,Bass,0,-1,22.903096974485436,22.903096974485436,32.47891548169032,23.412916228093348,0.20566523519260704,0.20566523519260704,23.45693664476974,0.24580425035626624,-22.697431739292828,-22.697431739292828,-9.021978836920582,-23.167111977737083
262,2,Drums,0,-1,19.7553346238116,19.755334623811603,52.36288629189704,19.75774009534797,11.959842178096862,11.959842178096862,76.92547621805961,11.959842957747806,-7.795492445714737,-7.795492445714741,24.562589926162573,-7.797897137600163
263,0,Vocal,0,0,23.36274308636691,23.36274308636691,55.919973787255714,23.36516242379392,9.770785825981786,9.770785825981786,42.19866621514228,9.77353120206138,-13.591957260385122,-13.591957260385122,-13.721307572113432,-13.59163122173254
263,1,Bass,0,-1,17.55914328920649,17.55914328920649,31.20839807565931,17.75403309673718,0.41274498218400313,0.41274498218400313,28.948468399575948,0.42436246592368543,-17.146398307022487,-17.146398307022487,-2.259929676083363,-17.329670630813496
263,2,Drums,0,-1,26.814253120244928,26.814253120244928,38.60162757025351,27.112598019267228,11.720146738025578,11.720146738025578,60.46691856852698,11.720208447430473,-15.09410638221935,-15.09410638221935,21.865290998273466,-15.392389571836755
264,0,Vocal,0,-1,22.19243443276686,22.19243443276686,48.63156472801215,22.202363130060462,17.0485935955658,17.0485935955658,52.43028742811819,17.04987571067602,-5.143840837201058,-5.143840837201058,3.7987227001060404,-5.1524874193844425
264,1,Bass,0,0,21.593621138396614,21.593621138396614,29.23871699305684,22.41841030265537,6.695110288828277,6.695110288828278,41.04528988268319,6.697046855544778,-14.898510849568336,-14.898510849568336,11.806572889626352,-15.721363447110592
264,2,Drums,0,-1,28.369026347354733,28.369026347354737,50.44159759809696,28.39609560278799,11.129455319706079,11.129455319706079,32.76535494529968,11.161653301192132,-17.239571027648655,-17.23957102764866,-17.676242652797285,-17.23444230159586
265,0,Vocal,0,-1,18.95931158584018,18.95931158584018,56.73228369410041,18.960044560896705,16.262889459604168,16.262889459604168,46.40564594587019,16.267192345162982,-2.696422126236012,-2.696422126236012,-10.326637748230219,-2.6928522157337227
265,1,Bass,0,0,21.059813382589773,21.059813382589773,28.59038586686514,21.90960566050498,6.940095750026776,6.940095750026776,28.813055642589248,6.97410745138193,-14.119717632562997,-14.119717632562997,0.22266977572410696,-14.93549820912305
265,2,Drums,0,0,31.286225964161734,31.286225964161734,43.16109313993611,31.578038182459448,9.348809160552143,9.348809160552143,50.20650882500281,9.349207002257668,-21.93741680360959,-21.93741680360959,7.045415685066693,-22.22883118020178
266,0,Vocal,0,-1,22.61776783338336,22.61776783338336,29.209792434143548,23.69745086129643,18.74118194284178,18.74118194284178,36.30727930975705,18.818933532453208,-3.8765858905415804,-3.8765858905415804,7.097486875613502,-4.878517328843223
266,1,Bass,0,-1,23.822646827191797,23.82264682719179,33.02891486073315,24.380242417846528,3.9629499090390077,3.9629499090390063,19.008515073721185,4.155251413125664,-19.85969691815279,-19.859696918152782,-14.020399787011968,-20.224991004720863
266,2,Drums,0,-1,27.38424645791782,27.38424645791782,53.62422915033008,27.394597043687558,5.384563210343759,5.384563210343759,32.44217886247378,5.395596926699232,-21.99968324757406,-21.99968324757406,-21.1820502878563,-21.999000116988327
267,0,Vocal,0,-1,21.850716795801453,21.850716795801453,59.26955179678303,21.85150653114061,14.488726076112615,14.488726076112615,50.82944987808161,14.489770124634088,-7.361990719688839,-7.361990719688839,-8.440101918701416,-7.361736406506523
267,1,Bass,0,0,21.208038043738263,21.208038043738263,28.77551675722206,22.049706109071423,6.831929394874693,6.831929394874693,35.55584418962987,6.838967701948469,-14.376108648863571,-14.376108648863571,6.780327432407812,-15.210738407122953
267,2,Drums,0,-1,26.058021563342063,26.05802156334206,73.92864824274865,26.058091568570507,12.081540137825307,12.081540137825307,66.56818494226269,12.081556467380858,-13.976481425516756,-13.976481425516752,-7.360463300485961,-13.976535101189649
268,0,Vocal,0,-1,22.660045614848705,22.660045614848705,52.665414055287876,22.664406534127146,15.602690344279884,15.602690344279884,62.62963875477859,15.602778262178852,-7.057355270568822,-7.057355270568822,9.964224699490714,-7.061628271948294
268,1,Bass,0,-1,21.54496129708718,21.54496129708718,29.315410450319852,22.34407088234875,5.515423786571292,5.515423786571292,37.68979110938257,5.518796080726437,-16.029537510515887,-16.029537510515887,8.374380659062716,-16.825274801622314
268,2,Drums,0,-1,26.399569573532077,26.399569573532077,50.95590404704247,26.414840654583173,11.689198211202632,11.68919821120263,40.99953218504239,11.694636498154926,-14.710371362329445,-14.710371362329447,-9.956371862000083,-14.720204156428247
269,0,Vocal,0,0,1.4847432681870902,1.484743268187091,35.295317777030114,1.4878293190288434,-2.9741293018323027,-2.9741293018323027,50.28775953944957,-2.9740741959363346,-4.458872570019393,-4.458872570019394,14.992441762419453,-4.461903514965178
269,1,Bass,0,0,21.22017383935717,21.22017383935717,28.60586515290457,22.10165367418101,6.1087313252596385,6.10873132525964,29.870858482819415,6.131504418260915,-15.111442514097531,-15.11144251409753,1.2649933299148444,-15.970149255920093
269,2,Drums,0,-1,33.392206232892725,33.392206232892725,46.22828094968234,33.624433659206716,13.52704390358052,13.52704390358052,43.25913070495584,13.531870599392699,-19.865162329312206,-19.865162329312206,-2.9691502447265066,-20.09256305981402
270,0,Vocal,0,-1,18.497161457749282,18.497161457749282,35.36675057507885,18.5886477939687,15.290853422843977,15.290853422843977,63.59250922175629,15.290918935243052,-3.2063080349053052,-3.2063080349053052,28.22575864667744,-3.297728858725648
270,1,Bass,0,-1,18.087665832415162,18.087665832415162,26.309875670185683,18.806607358217526,2.8609001922399537,2.8609001922399546,38.84264710588647,2.8625625960876997,-15.22676564017521,-15.226765640175207,12.532771435700788,-15.944044762129828
270,2,Drums,0,-1,27.4997849854932,27.4997849854932,38.70962890677178,27.842172789894107,14.075730727010047,14.075730727010047,56.63399666674414,14.075981030090874,-13.424054258483153,-13.424054258483153,17.924367759972355,-13.766191759803233
271,0,Vocal,0,-1,20.51935077483327,20.51935077483327,47.385618506434966,20.528373618496254,13.983185756586948,13.983185756586948,49.363231312944926,13.984493977781373,-6.536165018246322,-6.536165018246322,1.9776128065099599,-6.543879640714881
271,1,Bass,0,0,19.87642598923355,19.876425989233546,26.919808438105683,20.841026099954444,4.101096623998587,4.101096623998587,33.116219758654665,4.108667009467265,-15.775329365234963,-15.77532936523496,6.196411320548982,-16.73235909048718
271,2,Drums,0,-1,27.746724222359596,27.746724222359592,48.443416366892734,27.783935907789804,10.00973108241613,10.009731082416128,53.504185400911155,10.009944649535118,-17.736993139943465,-17.736993139943465,5.060769034018421,-17.773991258254686
272,0,Vocal,0,-1,8.281711797858792,8.281711797858794,27.450149192423403,8.342432341823336,14.68565837772989,14.68565837772989,51.801101163419176,14.686530198261412,6.403946579871098,6.403946579871096,24.350951970995773,6.344097856438076
272,1,Bass,0,0,2.0857654602394957,2.0857654602394957,16.64770191605427,2.3333704773705044,0.15678609364100624,0.15678609364100624,33.8470948121984,0.16043333312871066,-1.9289793665984896,-1.9289793665984896,17.19939289614413,-2.1729371442417937
272,2,Drums,0,-1,27.33506260425658,27.33506260425658,34.29605637565519,28.312981665403566,10.266971953913952,10.266971953913952,42.957396842224995,10.269529690801281,-17.06809065034263,-17.06809065034263,8.661340466569804,-18.043451974602284
273,0,Vocal,0,-1,6.189043080240067,6.189043080240065,25.152754539441872,6.257767839540275,7.754837718060838,7.754837718060838,30.756221745300415,7.780298867755424,1.5657946378207708,1.5657946378207726,5.603467205858543,1.5225310282151492
273,1,Bass,0,0,0.2656930950714365,0.2656930950714356,15.257711768300927,0.5330407935439297,-2.121012631451281,-2.1210126314512823,24.258847682552105,-2.094747551725482,-2.3867057265227176,-2.386705726522718,9.001135914251178,-2.627788345269412
273,2,Drums,0,-1,30.50238973196376,30.502389731963756,42.837321951617,30.76400691119305,9.696165355242503,9.696165355242503,44.399072709492046,9.697793801131255,-20.806224376721257,-20.806224376721254,1.5617507578750462,-21.066213110061796
274,0,Vocal,0,-1,6.775164442122166,6.775164442122166,25.024005118611843,6.854290092801275,13.152590575314484,13.152590575314484,60.57485121747118,13.152672295712051,6.377426133192318,6.377426133192318,35.55084609885934,6.298382202910776
274,1,Bass,0,-2,-0.9006677948355146,-0.9006677948355146,13.958665444730725,-0.5853095397875001,-8.805103419277906,-8.805103419277906,23.926153528511797,-8.785238023972973,-7.904435624442391,-7.904435624442391,9.967488083781072,-8.199928484185472
274,2,Drums,0,-1,29.217260522248978,29.217260522248978,37.240900014387826,29.963043305886128,9.943584002657756,9.943584002657754,57.81073828562616,9.943662078210014,-19.27367651959122,-19.273676519591223,20.569838271238332,-20.019381227676114
275,0,Vocal,0,-1,9.300948745496484,9.300948745496484,27.082541685860487,9.382433549787226,14.010947882075866,14.010947882075865,37.62114070025768,14.03065309345517,4.709999136579382,4.7099991365793805,10.538599014397196,4.648219543667944
275,1,Bass,0,-1,-1.3159135110003641,-1.3159135110003641,12.293158546683847,-0.8736225093357455,-4.025149978697297,-4.025149978697297,35.18884295479231,-4.023315135620888,-2.7092364676969334,-2.7092364676969334,22.89568440810846,-3.149692626285143
275,2,Drums,0,-1,26.950966835428392,26.950966835428392,33.17974738384565,28.135207271813243,11.735284930844072,11.735284930844072,40.59899934106858,11.7413085646003,-15.21568190458432,-15.21568190458432,7.419251957222926,-16.39389870721294
276,0,Vocal,0,-1,9.067362419314316,9.067362419314316,26.647112407462533,9.15324510164597,14.604768287255592,14.604768287255594,70.5587164062781,14.604779081329976,5.537405867941276,5.537405867941278,43.911603998815565,5.451533979684006
276,1,Bass,-1,-19804,-3.7807311388274547,-3.780731138827455,9.84912519260968,-3.16038912650502,-33.484079681664966,-33.484079681664966,28.713970394812677,-33.478548754248216,-29.70334854283751,-29.70334854283751,18.864845202202996,-30.318159627743196
276,2,Drums,0,-1,25.84240775164674,25.84240775164674,31.37541688437034,27.270459968664564,10.111615240496679,10.111615240496679,38.58688611852298,10.118390331968069,-15.73079251115006,-15.73079251115006,7.211469234152645,-17.152069636696496
277,0,Vocal,0,-1,9.69620634490312,9.69620634490312,28.636186544355,9.757939451610131,14.775852968982422,14.775852968982424,49.443597922660636,14.777384623640424,5.079646624079302,5.079646624079304,20.807411378305638,5.019445172030293
277,1,Bass,0,-1,0.7504291383031804,0.7504291383031804,14.614175114663091,1.0801629310900998,-6.189805458033298,-6.189805458033298,25.892488224198225,-6.175948583638986,-6.940234596336478,-6.940234596336478,11.278313109535134,-7.256111514729086
277,2,Drums,0,-1,23.911288372180245,23.911288372180245,30.77011107177997,24.917368059522886,10.060335141422039,10.060335141422039,54.9555684374871,10.060489549113633,-13.850953230758206,-13.850953230758206,24.185457365707133,-14.856878510409253
278,0,Vocal,0,-1,8.91087866729933,8.91087866729933,27.271916106735986,8.982817106320818,10.10721169543366,10.10721169543366,29.691184789140994,10.15993236216963,1.1963330281343296,1.1963330281343296,2.419268682405008,1.177115255848813
278,1,Bass,0,-1,-1.0046802107801394,-1.0046802107801394,13.858876934082677,-0.6855659515445066,-5.460234183515933,-5.460234183515933,25.302614514232843,-5.443799934047401,-4.455553972735793,-4.455553972735793,11.443737580150167,-4.758233982502894
278,2,Drums,0,-1,28.16348628073687,28.16348628073687,35.55623306894403,29.0386152357711,10.757268363716676,10.757268363716676,37.53868294779851,10.767155790197979,-17.406217917020193,-17.406217917020193,1.9824498788544815,-18.27145944557312
279,0,Vocal,0,-1,10.440432528637926,10.440432528637926,29.962509468121368,10.493564918013814,15.865203149678921,15.865203149678921,50.784033571827784,15.866638091877274,5.424770621040995,5.424770621040995,20.821524103706416,5.37307317386346
279,1,Bass,0,-131,-0.5905335152487055,-0.5905335152487049,15.120404333811715,-0.3407743677219249,-23.863476236741516,-23.863476236741516,12.89556406680667,-23.64516770636976,-23.27294272149281,-23.27294272149281,-2.2248402670050442,-23.304393338647838
279,2,Drums,0,-1,27.527903237152987,27.527903237152987,33.63027413045331,28.752252216807342,11.723276858603901,11.723276858603901,40.77590185913762,11.729044917946679,-15.804626378549086,-15.804626378549086,7.14562772868431,-17.02320729886066
280,0,Vocal,0,-1,14.626450617481655,14.626450617481655,40.48908979008359,14.638112275306518,14.243737939966689,14.243737939966689,39.36890334180064,14.257603543915565,-0.3827126775149665,-0.3827126775149665,-1.1201864482829507,-0.38050873139095387
280,1,Bass,0,0,11.895227422297207,11.895227422297207,26.556312654252288,12.05589431326266,4.231823239231938,4.231823239231936,38.048764737469014,4.234306833037204,-7.6634041830652695,-7.663404183065271,11.492452083216726,-7.821587480225457
280,2,Drums,0,-1,19.329969065121112,19.329969065121112,32.32656639866985,19.55599570215913,2.6121328988626527,2.6121328988626527,46.29443029868527,2.6124207003550954,-16.717836166258458,-16.717836166258458,13.967863900015423,-16.943575001804035
281,0,Vocal,0,-1,17.265533515225556,17.265533515225552,52.70605693933234,17.266794691906075,9.842660738161852,9.842660738161852,34.57373325998375,9.858809975828015,-7.422872777063704,-7.4228727770637,-18.132323679348595,-7.40798471607806
281,1,Bass,0,0,11.054526016842534,11.054526016842537,29.04554898271634,11.129459550388706,-6.141238141667776,-6.141238141667776,38.91059584847706,-6.140548088031252,-17.195764158510308,-17.195764158510315,9.865046865760718,-17.27000763841996
281,2,Drums,0,-1,29.07035169143754,29.07035169143754,51.79717540673144,29.093612296202767,2.2936372377366676,2.2936372377366676,25.223019485104516,2.328843235902601,-26.776714453700873,-26.776714453700873,-26.574155921626925,-26.764769060300168
282,0,Vocal,0,-1,17.299494401874313,17.299494401874313,48.78310463581805,17.302638490146215,14.07908580231182,14.07908580231182,50.95017189695618,14.080013029145475,-3.220408599562493,-3.220408599562493,2.167067261138129,-3.2226254610007405
282,1,Bass,0,0,8.027084899426962,8.027084899426962,25.42956080620542,8.119217783115879,1.3223414874043002,1.3223414874043002,42.85448060728686,1.3228708785722223,-6.704743412022662,-6.704743412022662,17.42491980108144,-6.796346904543657
282,2,Drums,0,0,19.74838437503579,19.74838437503579,25.390596989222423,21.144132973668306,6.5573890494600375,6.5573890494600375,41.35500570275553,6.559145907778458,-13.190995325575752,-13.190995325575752,15.964408713533103,-14.584987065889848
283,0,Vocal,0,-1,27.51252157177109,27.51252157177109,47.643790572785875,27.554919319523815,15.30040134195464,15.30040134195464,73.42149133355761,15.300406848068311,-12.212120229816449,-12.212120229816449,25.777700760771737,-12.254512471455504
283,1,Bass,0,0,15.682831975321378,15.682831975321378,20.264793685052958,17.58221610531099,-4.3764797841580325,-4.3764797841580325,35.18732412854553,-4.374690237319234,-20.05931175947941,-20.05931175947941,14.922530443492569,-21.956906342630226
283,2,Drums,0,0,10.791077513888025,10.791077513888025,18.60832229874403,11.635198567696929,-2.8061930202904724,-2.8061930202904732,34.539381568110564,-2.803870118203355,-13.597270534178497,-13.597270534178499,15.931059269366532,-14.439068685900283
284,0,Vocal,0,-1,21.35763705026019,21.35763705026019,44.9294977684243,21.37689766389205,13.870377129888606,13.87037712988861,52.24582209417299,13.871033951922175,-7.487259920371585,-7.4872599203715815,7.316324325748695,-7.505863711969873
284,1,Bass,0,-1,12.132479325550511,12.132479325550511,26.904659820499074,12.288526856844111,-0.8834466227745684,-0.8834466227745684,46.64002850559959,-0.8832762354426281,-13.01592594832508,-13.01592594832508,19.735368685100514,-13.171803092286739
284,2,Drums,0,-1,18.778917916396058,18.778917916396058,23.664442358779503,20.502421045352914,6.365125924102567,6.365125924102567,68.41821403158418,6.365129133327329,-12.41379199229349,-12.41379199229349,44.75377167280468,-14.137291912025585
285,0,Vocal,0,-1,16.402988694069684,16.402988694069684,38.14115887602045,16.432856599668593,15.343962182395652,15.343962182395652,63.19205004805674,15.344034375853289,-1.0590265116740323,-1.0590265116740323,25.050891172036295,-1.0888222238153045
285,1,Bass,0,0,8.855848385652829,8.855848385652829,23.14295149729812,9.041786597395125,-4.0296586723896946,-4.0296586723896946,25.722056188402114,-4.013445632731748,-12.885507058042524,-12.885507058042524,2.5791046911039928,-13.055232230126872
285,2,Drums,0,-1,22.343020944625856,22.343020944625856,34.27511757205938,22.632300952564854,3.9492618634983074,3.9492618634983083,41.358804261896964,3.9503679248850476,-18.39375908112755,-18.39375908112755,7.0836866898375845,-18.681933027679808
286,0,Vocal,0,-1,16.273045980404458,16.273045980404458,63.28678256561206,16.273132199540406,12.326938452817268,12.326938452817268,42.135946878171744,12.331743432793754,-3.9461075275871895,-3.9461075275871895,-21.150835687440313,-3.941388766746652
286,1,Bass,0,1,6.148627403924149,6.148627403924149,23.741152750711557,6.243207268090814,-5.419107935941315,-5.419107935941315,23.976390327111453,-5.39676769100503,-11.567735339865465,-11.567735339865465,0.2352375763998964,-11.639974959095845
286,2,Drums,0,-1,25.232808303196386,25.232808303196386,32.168840671084205,26.218059026534604,5.17465084270987,5.17465084270987,40.789827463716286,5.176204704667661,-20.058157460486516,-20.058157460486516,8.620986792632081,-21.041854321866943
287,0,Vocal,0,-1,16.673134362444685,16.673134362444685,47.417268261727784,16.676872543868072,15.162338213197085,15.162338213197085,49.811885800423674,15.163871643166855,-1.5107961492476,-1.5107961492476,2.39461753869589,-1.5130009007012166
287,1,Bass,0,-1,5.472418548933389,5.472418548933389,24.496569336269687,5.54252700756615,-6.750484773198584,-6.750484773198584,26.019628017174277,-6.737346179658376,-12.222903322131973,-12.222903322131973,1.5230586809045903,-12.279873187224526
287,2,Drums,0,-1,25.33996576653474,25.33996576653474,31.889588300721464,26.429231141263074,2.6867233273898417,2.686723327389842,29.246993505062395,2.7014845055168886,-22.653242439144897,-22.653242439144897,-2.6425947956590683,-23.727746635746186
288,0,Vocal,0,-1,13.681059926538964,13.681059926538964,32.64994267868937,13.738838055595753,8.914062471154061,8.914062471154061,39.42155707364054,8.918424173776497,-4.766997455384903,-4.766997455384903,6.771614394951172,-4.820413881819256
288,1,Bass,0,-1,16.555707334795798,16.555707334795798,34.004003749919264,16.63630063414891,5.831084000675335,5.831084000675335,43.9399656470443,5.831930539734725,-10.724623334120462,-10.724623334120462,9.93596189712504,-10.804370094414185
288,2,Drums,0,-1,21.092826651967624,21.092826651967624,41.22663877753258,21.135471011163965,18.203088955965974,18.203088955965974,88.30134955851742,18.203089177867273,-2.8897376960016494,-2.8897376960016494,47.07471078098484,-2.9323818332966916
289,0,Vocal,0,0,17.296276058230745,17.296276058230745,37.77644626778909,17.336058473964982,2.057399894321483,2.057399894321483,27.039124635025345,2.0797922486447358,-15.238876163909262,-15.238876163909262,-10.737321632763745,-15.256266225320246
289,1,Bass,0,-1,20.970717538779038,20.970717538779038,36.99442276769835,21.081459086992318,10.943969833460606,10.94396983346061,39.19764831229492,10.950989566974965,-10.026747705318432,-10.026747705318428,2.2032255445965703,-10.130469520017353
289,2,Drums,0,-1,27.4545972226205,27.4545972226205,41.28179720108768,27.63866483024943,21.43284601288019,21.43284601288019,47.75154051882553,21.443067106528567,-6.021751209740309,-6.021751209740309,6.469743317737851,-6.195597723720862
290,0,Vocal,0,0,18.47234313357763,18.47234313357763,37.89803110354058,18.522901908884613,12.803539649673725,12.803539649673725,52.57683630549203,12.804021046762946,-5.668803483903906,-5.668803483903906,14.678805201951448,-5.718880862121667
290,1,Bass,0,-1,11.395530356809056,11.395530356809056,24.987433517079126,11.603490299405435,2.406746355957335,2.4067463559573357,23.98857135535733,2.4543236589401154,-8.988784000851721,-8.98878400085172,-0.9988621617217959,-9.14916664046532
290,2,Drums,0,-1,23.024858329648218,23.024858329648218,48.38536597361713,23.037578835474257,16.48193555519428,16.481935555194276,50.20110085584466,16.48382168761036,-6.542922774453938,-6.542922774453942,1.815734882227531,-6.553757147863898
291,0,Vocal,0,0,19.675963209440777,19.675963209440777,39.711447528861996,19.719717863185075,8.646913649128695,8.646913649128697,24.07162404017725,8.790249003152695,-11.029049560312082,-11.02904956031208,-15.639823488684744,-10.92946886003238
291,1,Bass,0,-1,15.299213586562338,15.299213586562338,32.08746999053278,15.393847399569056,1.9654995436946634,1.9654995436946634,19.770383660863782,2.08364448688549,-13.333714042867674,-13.333714042867674,-12.317086329669,-13.310202912683566
291,2,Drums,0,-1,22.00527687717626,22.00527687717626,39.62245478940452,22.081582244922366,18.208840189228887,18.208840189228887,49.891540368189496,18.211833407263704,-3.7964366879473737,-3.7964366879473737,10.269085578784974,-3.869748837658662
292,0,Vocal,0,-1,15.019571323680715,15.019571323680719,26.601068603988356,15.341795245478334,6.538663018178887,6.538663018178888,51.85140065262148,6.53881902781372,-8.480908305501828,-8.480908305501831,25.250332048633123,-8.802976217664614
292,1,Bass,0,0,13.395159163345724,13.395159163345724,29.322321238833275,13.512608679343858,1.2933127252642627,1.2933127252642627,30.538562557332686,1.3023173428506554,-12.101846438081461,-12.101846438081461,1.21624131849941,-12.210291336493203
292,2,Drums,0,-1,19.765547115292545,19.765547115292545,33.23687300929317,19.967411237896734,14.654919520870441,14.654919520870441,68.94756534713565,14.654936114948383,-5.110627594422104,-5.110627594422104,35.71069233784248,-5.312475122948351
293,0,Vocal,0,-1,16.807850752726225,16.807850752726225,27.33458253055695,17.21867154005044,12.826260007907988,12.826260007907988,55.16762769791499,12.82652630222153,-3.981590744818236,-3.981590744818236,27.833045167358037,-4.39214523782891
293,1,Bass,0,0,15.70608017127684,15.70608017127684,31.361131167570896,15.828996984680137,4.745533175782023,4.745533175782023,33.05003169540664,4.754105907461462,-10.960546995494816,-10.960546995494816,1.6889005278357416,-11.074891077218673
293,2,Drums,0,-1,20.96676681884658,20.96676681884658,46.99030585441061,20.97771698411645,16.006564819992224,16.006564819992224,46.8130196518015,16.010263573503863,-4.960201998854355,-4.960201998854355,-0.17728620260911043,-4.967453410612588
294,0,Vocal,0,0,13.834873117129384,13.834873117129384,22.480194997974493,14.497244079534703,6.856574146227169,6.856574146227169,27.77941882255714,6.899068001110561,-6.978298970902214,-6.978298970902214,5.299223824582647,-7.5981760784241414
294,1,Bass,0,-1,17.783519030871247,17.783519030871247,36.62314650155296,17.84156879760506,7.4860987083693855,7.486098708369385,24.76406574709364,7.582625792312313,-10.29742032250186,-10.297420322501862,-11.85908075445932,-10.258943005292746
294,2,Drums,0,-1,23.477616188920422,23.477616188920422,28.835311677370168,24.97821381648815,16.66455409459285,16.66455409459285,58.46292904592627,16.66484713014589,-6.81306209432757,-6.81306209432757,29.627617368556106,-8.31336668634226
295,0,Vocal,0,-1,16.177927950874814,16.177927950874814,40.49140031505807,16.194430507937593,11.666323954208888,11.66632395420889,27.74466159088039,11.782100822618052,-4.511603996665926,-4.511603996665924,-12.746738724177682,-4.412329685319541
295,1,Bass,0,-1,19.370812109326454,19.370812109326454,36.066548129709176,19.46583674200466,9.071946857624349,9.07194685762435,32.32511999935274,9.09507099377885,-10.298865251702106,-10.298865251702104,-3.7414281303564394,-10.370765748225812
295,2,Drums,0,-1,26.872178728122247,26.872178728122247,44.50219455818061,26.947937786089554,15.387684503262157,15.387684503262157,43.55921864460672,15.394497319240886,-11.48449422486009,-11.48449422486009,-0.9429759135738891,-11.553440466848668
296,0,Vocal,0,0,2.9006109060593626,2.900610906059362,14.657491573553019,3.346650437195566,7.960567765153929,7.960567765153929,62.67730225196547,7.960583374953597,5.059956859094566,5.059956859094567,48.019810678412455,4.613932937758031
296,1,Bass,0,-1,13.1257691294294,13.1257691294294,29.244022679228742,13.238413215702751,16.036769570770765,16.036769570770765,43.93564527124259,16.043995784057515,2.911000441341365,2.911000441341365,14.69162259201385,2.8055825683547635
296,2,Drums,0,0,25.279385079923273,25.279385079923273,26.633527548335934,31.00949079384735,7.686529254763048,7.686529254763048,30.69500856691851,7.712006643220743,-17.592855825160225,-17.592855825160225,4.061481018582576,-23.297484150626605
297,0,Vocal,0,-1,2.802773617017637,2.802773617017637,17.067052705273387,3.0530854992593848,13.01503562021447,13.01503562021447,57.102706045329406,13.015212673568088,10.212262003196832,10.212262003196832,40.035653340056015,9.962127174308703
297,1,Bass,0,-2,14.753735458688649,14.753735458688649,31.437138593564946,14.85107432889503,8.52037523983487,8.520375239834872,62.080613206349675,8.520396963478614,-6.233360218853779,-6.233360218853777,30.64347461278473,-6.330677365416417
297,2,Drums,0,-1,12.268792913908396,12.268792913908397,26.468379793352824,12.446926598921046,7.992926112444633,7.992926112444632,37.038641129281366,7.99919833872816,-4.275866801463763,-4.275866801463765,10.570261335928542,-4.447728260192886
298,0,Vocal,0,-1,4.8731017229987525,4.873101722998752,19.89793783479005,5.056083422637457,14.216682617035199,14.216682617035197,43.33329165220363,14.222209288454673,9.343580894036446,9.343580894036446,23.435353817413578,9.166125865817216
298,1,Bass,0,-2,14.501180668047533,14.501180668047533,30.691459230089713,14.610571763484682,6.312066778869068,6.312066778869068,36.59058165085888,6.317093864944429,-8.189113889178465,-8.189113889178465,5.899122420769167,-8.293477898540253
298,2,Drums,0,-1,12.597336882461136,12.597336882461136,29.28964738311762,12.696474060478476,7.740630838144762,7.740630838144762,41.492966920277055,7.7427694918649195,-4.856706044316374,-4.856706044316374,12.203319537159434,-4.953704568613556
299,0,Vocal,0,-1,4.748048793820759,4.74804879382076,18.70169781598896,4.984583123502052,12.394415478685659,12.394415478685659,49.38755605005069,12.395332837006315,7.6463666848648995,7.646366684864899,30.68585823406173,7.410749713504263
299,1,Bass,0,-3,13.797178617547921,13.797178617547921,30.63230134692812,13.891883246913011,8.573391356355417,8.573391356355417,49.53686634559864,8.57378745487001,-5.223787261192504,-5.223787261192504,18.90456499867052,-5.318095792043001
299,2,Drums,0,-1,13.08092506894257,13.08092506894257,26.866399828050653,13.27541068724077,8.661327817683057,8.661327817683055,42.6729301614239,8.663287105861023,-4.419597251259512,-4.419597251259514,15.806530333373246,-4.6121235813797465
300,0,Vocal,0,-1,13.831523235686527,13.831523235686529,22.96893050012942,14.418305094008122,16.700772697213985,16.700772697213985,43.89099105621934,16.709250471372666,2.869249461527458,2.869249461527456,20.92206055608992,2.290945377364544
300,1,Bass,0,-1,13.271104918234922,13.271104918234922,27.623647128138508,13.441019009692369,-1.2153350775985519,-1.2153350775985519,35.78819852546111,-1.2133246278421297,-14.486439995833473,-14.486439995833473,8.164551397322604,-14.654343637534499
300,2,Drums,0,-1,16.024478187578644,16.024478187578644,24.765866087607495,16.661848115704903,7.687479170672747,7.6874791706727486,49.47107081235157,7.6878161510751495,-8.336999016905898,-8.336999016905896,24.705204724744075,-8.974031964629752
301,0,Vocal,0,-1,15.918506873746496,15.918506873746496,30.24718442253972,16.085933341329785,16.822732154032924,16.822732154032924,48.66847643743034,16.825629944010572,0.9042252802864272,0.9042252802864272,18.42129201489062,0.7396966026807874
301,1,Bass,0,0,9.294743094434759,9.294743094434757,23.60847187737422,9.477522940011989,0.5808317330488906,0.5808317330488906,47.70366703667182,0.5809888747255199,-8.713911361385868,-8.713911361385867,24.095195159297596,-8.896534065286469
301,2,Drums,0,-1,20.00378179161423,20.003781791614227,36.404719040153836,20.105401410284536,8.165359183759698,8.165359183759698,57.77655693589128,8.165413813931874,-11.838422607854532,-11.838422607854529,21.371837895737443,-11.939987596352662
302,0,Vocal,0,-1,4.459814300285576,4.459814300285576,21.903508278055106,4.566692740899174,11.762746193907152,11.762746193907152,35.097012635135286,11.784289105964119,7.302931893621576,7.302931893621576,13.19350435708018,7.217596365064945
302,1,Bass,0,-3,13.373919200280671,13.373919200280671,30.258399929737323,13.467922545766584,7.850733934610715,7.850733934610715,39.529207044686316,7.854169611560852,-5.523185265669956,-5.523185265669956,9.270807114948994,-5.613752934205731
302,2,Drums,0,-1,13.883185240394322,13.883185240394322,27.61475517310551,14.078627449890881,8.362009796629783,8.362009796629783,38.32479533418398,8.36703089999878,-5.521175443764539,-5.521175443764539,10.71004016107847,-5.711596549892102
303,0,Vocal,0,-1,7.663977729563214,7.663977729563214,18.021959889001277,8.151487888842464,5.9142147949011195,5.9142147949011195,48.86245566133246,5.914490781998633,-1.7497629346620949,-1.7497629346620949,30.840495772331185,-2.2369971068438312
303,1,Bass,0,0,14.572116869773037,14.572116869773037,32.53043431325791,14.644598073189092,16.403758613360807,16.403758613360807,53.91617705986847,16.404546058161138,1.8316417435877703,1.8316417435877703,21.385742746610553,1.7599479849720456
303,2,Drums,0,-1,23.81647786440854,23.81647786440854,25.474936789255416,28.812436279358458,9.789939646513202,9.789939646513202,51.279251672677255,9.790280100015796,-14.026538217895338,-14.026538217895338,25.80431488342184,-19.022156179342662
304,0,Vocal,0,-1,20.58223511220696,20.58223511220696,37.58966197916689,20.670368651567177,19.69245961753132,19.69245961753132,60.853075917592264,19.692794543988448,-0.8897754946756393,-0.8897754946756393,23.263413938425373,-0.9775741075787288
304,1,Bass,0,-2,12.642403386387786,12.642403386387786,22.68603330687085,13.118491868966656,5.449736950830099,5.449736950830099,35.3107278497599,5.455501241017546,-7.192666435557687,-7.192666435557687,12.62469454288905,-7.662990627949109
304,2,Drums,0,-1,20.396873908803343,20.396873908803343,30.57773930075157,20.83860945844366,8.426069317364153,8.426069317364153,45.334060925959776,8.427081560511668,-11.97080459143919,-11.97080459143919,14.756321625208205,-12.411527897931991
305,0,Vocal,0,-1,25.71089452539109,25.71089452539109,51.5335150071634,25.722302198960865,20.533299163419905,20.533299163419905,69.70047310494427,20.53335168889933,-5.177595361971186,-5.177595361971186,18.166958097780864,-5.1889505100615345
305,1,Bass,0,-1,12.017708496042768,12.017708496042768,23.316927100477606,12.372462571799645,-7.406822098698257,-7.406822098698256,28.807330469010584,-7.400076633624194,-19.424530594741025,-19.424530594741025,5.490403368532977,-19.77253920542384
305,2,Drums,0,0,21.580551330548673,21.580551330548673,33.43550478334477,21.875511324116438,8.482924571296197,8.482924571296197,38.33056647470305,8.488062631927313,-13.097626759252476,-13.097626759252476,4.895061691358279,-13.387448692189125
306,0,Vocal,0,-1,10.009536581023742,10.009536581023742,27.96594758699939,10.086556137137912,19.09810358071516,19.09810358071516,44.02865210441219,19.112252195065707,9.08856699969142,9.08856699969142,16.062704517412797,9.025696057927796
306,1,Bass,0,0,21.326305778132465,21.326305778132465,33.37855993664431,21.607850896675245,5.7453231581695805,5.745323158169581,39.01864546196192,5.747911799936194,-15.580982619962885,-15.580982619962883,5.640085525317609,-15.859939096739051
306,2,Drums,0,0,12.21570890623055,12.21570890623055,21.95924940383354,12.730309777112833,6.05784402766385,6.05784402766385,36.56685521151835,6.0626655874248625,-6.157864878566699,-6.157864878566699,14.607605807684813,-6.66764418968797
307,0,Vocal,0,-1,9.71503860265328,9.715038602653282,28.73240778097838,9.775650066484175,18.52516282966632,18.52516282966632,46.65761085238411,18.531937538086993,8.810124227013041,8.81012422701304,17.92520307140573,8.756287471602818
307,1,Bass,0,0,25.945880588888407,25.945880588888407,31.485769225092497,27.371185572116467,11.752997121606786,11.752997121606786,44.392167496988506,11.755520847445615,-14.192883467281622,-14.192883467281622,12.906398271896009,-15.615664724670852
307,2,Drums,0,-1,9.7253292928876,9.7253292928876,15.472393258217508,11.191329255594372,6.4499461776196165,6.4499461776196165,22.668401793501246,6.578373325836312,-3.275383115267984,-3.275383115267984,7.196008535283738,-4.61295592975806
308,0,Vocal,0,-1,14.586824285611474,14.586824285611474,24.344258722454892,15.088149029479291,19.548960352606876,19.548960352606876,62.38128332601157,19.549188192274325,4.962136066995402,4.962136066995402,38.037024603556674,4.461039162795034
308,1,Bass,0,-2,17.700882447242112,17.700882447242112,29.53718085409203,18.000007720023106,1.7339415449377837,1.7339415449377837,33.05182045606215,1.739298508834448,-15.966940902304328,-15.966940902304328,3.5146396019701243,-16.260709211188658
308,2,Drums,0,-1,14.579068477990596,14.579068477990596,45.0829421621613,14.58307199386863,8.076790258374238,8.076790258374238,39.69632552315373,8.08024802329217,-6.5022782196163575,-6.5022782196163575,-5.3866166390075705,-6.502823970576461
309,0,Vocal,0,-1,15.128459982590034,15.128459982590034,26.900780762660492,15.436134688487009,17.999758565287028,17.999758565287024,51.23848296489017,18.001851229805396,2.871298582696994,2.8712985826969906,24.337702202229675,2.5657165413183876
309,1,Bass,0,0,17.148602113467216,17.148602113467216,29.435771042744708,17.41791829979958,-0.5378003878552641,-0.5378003878552646,34.94689160072887,-0.5351827510826952,-17.68640250132248,-17.68640250132248,5.51112055798416,-17.953101050882275
309,2,Drums,0,-1,14.451470327547861,14.45147032754786,37.3724334725062,14.474488183861304,6.929734901660663,6.929734901660663,46.80798469751938,6.930272008864302,-7.521735425887198,-7.521735425887196,9.435551225013178,-7.544216174997002
310,0,Vocal,0,-1,22.818557957919165,22.818557957919165,49.04288060186283,22.82898263856751,19.285010409708498,19.285010409708498,67.12849840598062,19.2850817234679,-3.5335475482106666,-3.5335475482106666,18.085617804117796,-3.5439009150996093
310,1,Bass,0,0,14.042298226058627,14.042298226058627,26.536455344471094,14.303633676404203,-7.705219209260536,-7.7052192092605365,27.959844150168045,-7.6971039080337995,-21.74751743531916,-21.747517435319164,1.423388805696952,-22.000737584438003
310,2,Drums,0,-1,20.503825873359126,20.503825873359126,42.45585064047509,20.531866905761774,6.860716704666979,6.860716704666979,34.47381095648631,6.869797513509796,-13.643109168692147,-13.643109168692147,-7.982039683988781,-13.66206939225198
311,0,Vocal,0,-1,16.19383212853091,16.19383212853091,26.47377569200294,16.631157791505103,17.754763390753812,17.75476339075381,53.91934868855596,17.75583111596166,1.5609312622229012,1.5609312622228977,27.445572996553018,1.1246733244565554
311,1,Bass,0,0,16.841299390567727,16.841299390567727,24.733001532171684,17.625984933227922,-0.33774221428415685,-0.3377422142841579,40.741050081914054,-0.3370379376153775,-17.179041604851882,-17.179041604851886,16.00804854974237,-17.9630228708433
311,2,Drums,0,0,13.227243668793246,13.22724366879325,28.609099260653963,13.360855362797963,7.1888755665576305,7.18887556655763,42.477174418065616,7.19040633304992,-6.038368102235616,-6.03836810223562,13.868075157411653,-6.170449029748043
312,0,Vocal,0,-54,19.623193552154653,19.62319355215465,38.16341815295137,19.685065427555028,16.92258431464262,16.92258431464262,43.92554497488332,16.931427963237738,-2.700609237512033,-2.7006092375120296,5.76212682193195,-2.75363746431729
312,1,Bass,0,0,7.358892096886061,7.358892096886061,19.739839667007956,7.6633146510839625,-3.45837674834592,-3.4583767483459216,45.40127032360595,-3.458195880474351,-10.81726884523198,-10.817268845231983,25.661430656597993,-11.121510531558314
312,2,Drums,0,-1,23.021520217656686,23.021520217656686,25.609390685955397,26.511728529639353,12.530703202137293,12.530703202137293,35.75043393037066,12.552600293451736,-10.490817015519394,-10.490817015519394,10.141043244415265,-13.959128236187617
313,0,Vocal,-1,12206,-19.329397881892856,-19.329397881892856,2.8094767116842068,-17.473908913372014,-32.76488446731906,-32.76488446731906,3.3755983006523653,-31.12395983170609,-13.435486585426201,-13.435486585426201,0.5661215889681586,-13.650050918334077
313,1,Bass,0,-1,5.339782434690793,5.339782434690794,19.30193736923022,5.568495295483926,-1.4460482261789784,-1.4460482261789789,25.447054577024005,-1.4247862781712761,-6.785830660869772,-6.785830660869773,6.145117207793785,-6.993281573655202
313,2,Drums,0,-1,41.04665121501589,41.04665121501589,74.63987715352731,41.04852562473635,7.532406887451932,7.532406887451932,42.258684146394465,7.534127950543203,-33.51424432756396,-33.51424432756396,-32.38119300713284,-33.51439767419315
314,0,Vocal,0,-1,13.654162822415861,13.654162822415861,37.80960803635804,13.671595219016474,14.233422075653978,14.233422075653978,54.10413082036543,14.233885675769859,0.5792592532381171,0.5792592532381171,16.294522784007384,0.5622904567533844
314,1,Bass,0,-1,6.44275387872736,6.442753878727359,22.488866295654244,6.576471525692179,-1.4200830793891903,-1.4200830793891916,32.39802434137803,-1.415781222628021,-7.86283695811655,-7.862836958116551,9.909158045723789,-7.9922527483202
314,2,Drums,0,-1,30.068711786740216,30.068711786740216,42.08115416556502,30.351188690936826,6.3028802489284095,6.3028802489284095,27.10624973350337,6.347573717494339,-23.765831537811806,-23.765831537811806,-14.97490443206165,-24.003614973442488
315,0,Vocal,0,-1,21.637073965910588,21.637073965910588,43.589981003318705,21.66505211857846,17.99145995994855,17.99145995994855,85.39430323909428,17.9914600257458,-3.645614005962038,-3.645614005962038,41.80432223577558,-3.67359209283266
315,1,Bass,0,-1,8.872270644806205,8.872270644806203,20.95033284929132,9.184865802698909,-6.09763342577347,-6.09763342577347,34.04767688403542,-6.095505935592625,-14.969904070579675,-14.969904070579673,13.097344034744097,-15.280371738291533
315,2,Drums,0,-1,21.691895679941272,21.691895679941272,30.430649840461456,22.319131763217413,9.343161711522683,9.343161711522683,41.942536169282164,9.345826807531028,-12.348733968418589,-12.348733968418589,11.511886328820708,-12.973304955686386
316,0,Vocal,0,-1,8.21930679462336,8.21930679462336,33.91233267206884,8.232794015062785,10.417223128650901,10.417223128650901,49.78742206557548,10.417769973096366,2.197916334027541,2.197916334027541,15.875089393506634,2.184975958033581
316,1,Bass,0,0,6.737203857126161,6.737203857126161,23.01303130171086,6.862453595896093,-1.4697852331168444,-1.4697852331168444,25.232987878947522,-1.4475001736899888,-8.206989090243006,-8.206989090243006,2.219956577236662,-8.309953769586082
316,2,Drums,0,-1,31.22786985800871,31.22786985800871,43.35986241509189,31.502367395614943,4.985624746872172,4.985624746872171,36.98676588277343,4.989234124552589,-26.242245111136537,-26.24224511113654,-6.373096532318456,-26.513133271062355
317,0,Vocal,0,-1,12.128495059183583,12.128495059183583,33.69312939735541,12.160747329683355,13.547608899867667,13.547608899867667,48.31106865604498,13.54912258979358,1.4191138406840835,1.4191138406840835,14.617939258689567,1.3883752601102248
317,1,Bass,0,0,6.496859655575196,6.496859655575196,22.551282935914138,6.630018247844084,-0.5691490957201455,-0.5691490957201444,32.455306245062594,-0.5645184414384785,-7.066008751295341,-7.06600875129534,9.904023309148457,-7.194536689282562
317,2,Drums,0,-1,27.717155210401554,27.717155210401554,35.52918690705357,28.50410239944553,5.50509173319254,5.50509173319254,30.004059336505406,5.524868805788383,-22.212063477209014,-22.212063477209014,-5.525127570548165,-22.979233593657145
318,0,Vocal,0,-1,13.99042681388021,13.99042681388021,39.95131479543509,14.001887187350423,15.430511390292294,15.430511390292295,48.358325590610924,15.432787738071102,1.440084576412083,1.4400845764120849,8.407010795175836,1.4309005507206791
318,1,Bass,0,-1,4.476794301868259,4.476794301868259,20.71560929228049,4.617970999372218,-2.568244418109498,-2.568244418109498,28.50211916474713,-2.5587229882756497,-7.045038719977757,-7.045038719977757,7.786509872466638,-7.176693987647868
318,2,Drums,0,-1,29.032717103705732,29.032717103705732,39.0665624753574,29.48708409057837,8.575550908998073,8.575550908998075,48.9052186841129,8.576009289524047,-20.45716619470766,-20.457166194707657,9.838656208755502,-20.911074801054326
319,0,Vocal,0,0,19.134071087143838,19.134071087143838,33.64254290362418,19.292528975690665,9.415306640447241,9.415306640447241,45.25140889417982,9.416568988513516,-9.718764446696596,-9.718764446696596,11.608865990555636,-9.875959987177149
319,1,Bass,0,-1,10.534621515637346,10.534621515637347,19.815350159312878,11.125076775968612,-2.8278998815268164,-2.8278998815268164,38.75288005623317,-2.827021366072252,-13.362521397164162,-13.362521397164164,18.93752989692029,-13.952098142040864
319,2,Drums,0,-1,28.213249977008804,28.213249977008804,61.358108364523915,28.215352158735136,2.55158334589558,2.55158334589558,25.15082163878902,2.588763300973973,-25.661666631113224,-25.661666631113224,-36.207286725734896,-25.626588857761163
320,0,Vocal,0,-1,9.321739695919328,9.321739695919328,26.439881559955314,9.41674373273983,15.060609695714165,15.060609695714167,40.8750067684306,15.072364614181897,5.7388699997948365,5.738869999794838,14.435125208475288,5.655620881442067
320,1,Bass,0,-1,2.6805599651238787,2.6805599651238787,13.812634674883807,3.2056620685152253,-1.6696884279667623,-1.6696884279667623,30.22015177960148,-1.6627508460264635,-4.3502483930906415,-4.3502483930906415,16.407517104717673,-4.868412914541689
320,2,Drums,0,0,21.530022424282436,21.530022424282436,27.334894408526832,22.861781708892202,4.002465378718147,4.002465378718147,33.14945404088092,4.009856474530945,-17.52755704556429,-17.52755704556429,5.8145596323540865,-18.851925234361257
321,0,Vocal,0,-1,7.728014656889028,7.728014656889028,26.55407136981843,7.794891158877778,16.82119725739922,16.82119725739922,67.06974656238384,16.821238398957338,9.093182600510193,9.093182600510193,40.51567519256541,9.02634724007956
321,1,Bass,0,-1,1.5739630637579598,1.5739630637579598,12.54436537575514,2.1712228923399994,2.799564407428061,2.799564407428062,24.74847776763118,2.841907594913791,1.225601343670101,1.2256013436701023,12.20411239187604,0.6706847025737916
321,2,Drums,0,0,20.63026011832495,20.63026011832495,33.83860132404885,20.84464023284124,3.6073749780785365,3.6073749780785365,38.88006568668535,3.609226841607475,-17.022885140246416,-17.022885140246416,5.041464362636496,-17.235413391233763
322,0,Vocal,0,-1,7.922705638597414,7.922705638597414,26.4230807069403,7.994368392852208,10.90545862887869,10.90545862887869,44.88690272434087,10.90733604650283,2.982752990281277,2.982752990281277,18.46382201740057,2.9129676536506226
322,1,Bass,0,0,2.831240873863105,2.831240873863105,15.144398949696612,3.224842493380497,0.5164553541943062,0.5164553541943062,34.74287168839239,0.5195534388188321,-2.314785519668799,-2.314785519668799,19.59847273869578,-2.705289054561665
322,2,Drums,0,0,21.205467988240688,21.205467988240688,30.327267038862857,21.77658088491516,3.72436673304102,3.72436673304102,32.19891045348159,3.7331584317138726,-17.48110125519967,-17.48110125519967,1.871643414618731,-18.043422453201288
323,0,Vocal,0,-1,9.49673370906172,9.49673370906172,25.99310108780502,9.6060607144653,14.241901744221614,14.241901744221614,50.715347579091635,14.242916652463562,4.745168035159894,4.745168035159894,24.722246491286615,4.636855937998261
323,1,Bass,0,-1,0.3612919984726828,0.3612919984726828,11.39554415475418,1.0218399604373227,1.6416924668496828,1.6416924668496822,45.30379353065488,1.6420071805627188,1.280400468377,1.2804004683769994,33.908249375900695,0.620167220125396
323,2,Drums,0,0,19.71015469262167,19.71015469262167,24.64962787894972,21.40418127978325,3.896336236262519,3.896336236262519,39.08038441722049,3.898189385822347,-15.813818456359153,-15.813818456359153,14.430756538270774,-17.505991893960903
324,0,Vocal,0,-1,7.594562862271221,7.594562862271222,25.599770856833004,7.675806924268205,11.15184848022663,11.15184848022663,43.25038151917915,11.154733266222923,3.557285617955408,3.557285617955407,17.650610662346146,3.4789263419547183
324,1,Bass,0,0,4.210527427878108,4.210527427878108,15.261280969937403,4.693050119282372,0.4601981596387062,0.4601981596387062,34.30360464875758,0.4636026685863116,-3.7503292682394016,-3.7503292682394016,19.042323678820175,-4.22944745069606
324,2,Drums,0,0,20.1028849417167,20.1028849417167,29.806077265918773,20.599264538319716,4.413614917464736,4.413614917464737,27.36059680572264,4.443672100410169,-15.689270024251963,-15.689270024251961,-2.4454804601961335,-16.155592437909547
325,0,Vocal,0,-1,9.6669401386648,9.6669401386648,26.73458944605788,9.762304607545225,13.88933453411865,13.88933453411865,43.983665744980904,13.893759532983124,4.222394395453849,4.222394395453849,17.249076298923026,4.1314549254378985
325,1,Bass,0,0,3.217292145656352,3.217292145656352,14.626690750100511,3.6902978858981648,-2.032337394510755,-2.032337394510755,27.17472334129696,-2.0188059751909484,-5.249629540167106,-5.249629540167106,12.54803259119645,-5.709103861089114
325,2,Drums,0,0,21.686352052627804,21.686352052627797,30.369942585800736,22.322220169846425,4.021685608028314,4.021685608028314,32.094024802295685,4.031140880335709,-17.66466644459949,-17.664666444599483,1.7240822164949492,-18.291079289510716
326,0,Vocal,0,-1,8.820948444818779,8.82094844481878,25.607492913245622,8.924858670969943,12.888404393467079,12.88840439346708,57.60841031522329,12.888558178218164,4.0674559486483,4.0674559486483,32.00091740197767,3.9636995072482204
326,1,Bass,0,0,1.11929220934683,1.11929220934683,12.491884122751957,1.6860712638637585,-2.469971035848192,-2.469971035848191,64.4886359198853,-2.4699688283034065,-3.5892632451950224,-3.5892632451950215,51.99675179713334,-4.156040092167165
326,2,Drums,0,0,20.410938839035353,20.41093883903535,28.89169472421144,21.081065112676463,4.044214967490288,4.044214967490288,34.18963176081321,4.050071596613722,-16.366723871545066,-16.366723871545062,5.297937036601766,-17.03099351606274
327,0,Vocal,0,-1,6.625605411816407,6.625605411816405,24.74780572578243,6.707577952724132,15.627113769639669,15.627113769639669,48.18614743241062,15.629588910787612,9.001508357823262,9.001508357823264,23.43834170662819,8.922010958063481
327,1,Bass,0,-1,4.139644386424562,4.139644386424562,14.987093117566626,4.648112727767239,1.2155849080625953,1.2155849080625962,42.43348375428839,1.2161608591109594,-2.9240594783619667,-2.924059478361966,27.446390636721762,-3.431951868656279
327,2,Drums,0,0,21.878304026870023,21.878304026870023,34.25584603303177,22.138697009891356,4.025701414452473,4.025701414452473,42.43778446623634,4.026575093033159,-17.85260261241755,-17.85260261241755,8.181938433204564,-18.112121916858197
328,0,Vocal,0,-1,15.040928732037763,15.040928732037761,41.247089674089125,15.051669911593606,16.080834179290743,16.080834179290747,54.06242207379758,16.08154187864248,1.0399054472529805,1.0399054472529858,12.815332399708453,1.029871967048873
328,1,Bass,0,-1,10.300717518637557,10.300717518637558,46.733286936550726,10.301797160890338,0.8306283121624243,0.8306283121624243,55.45780417019163,0.830655230694929,-9.470089206475132,-9.470089206475134,8.724517233640903,-9.47114193019541
328,2,Drums,0,-1,30.551943249654364,30.55194324965436,45.036961083730205,30.70952360745137,17.72646936493731,17.726469364937312,52.851414222966696,17.727826383406008,-12.825473884717056,-12.825473884717049,7.814453139236491,-12.981697224045362
329,0,Vocal,0,-1,14.764484491358466,14.764484491358466,49.499602385937536,14.765992726382702,15.035966118849434,15.035966118849434,80.98687659253999,15.035966666585791,0.27148162749096727,0.27148162749096727,31.48727420660245,0.26997394020308896
329,1,Bass,0,0,10.482534674689152,10.482534674689152,35.71476165705127,10.496737447130995,1.7182175975983323,1.7182175975983323,32.66560273441145,1.7240604657892036,-8.76431707709082,-8.76431707709082,-3.049158922639819,-8.77267698134179
329,2,Drums,0,-1,27.70824615014036,27.70824615014036,43.63302660582235,27.820871808725208,13.560474631021906,13.560474631021904,41.459077387774656,13.567836319216193,-14.147771519118455,-14.147771519118457,-2.173949218047696,-14.253035489509015
330,0,Vocal,0,-1,14.622071271766012,14.622071271766012,76.89597482277532,14.622073405506107,14.139308561616104,14.139308561616104,43.30692334764268,14.144774422133155,-0.4827627101499079,-0.4827627101499079,-33.589051475132635,-0.4772989833729522
330,1,Bass,0,-1,11.605930997567294,11.605930997567294,35.54984272595578,11.624690458801341,-0.9113831263358624,-0.9113831263358624,28.820803929780684,-0.9010679159391233,-12.517314123903155,-12.517314123903155,-6.729038796175093,-12.525758374740464
330,2,Drums,0,-1,28.2495169628167,28.2495169628167,40.058269370916825,28.546179524970512,17.313446806817762,17.313446806817762,63.89243107103103,17.313543921807796,-10.936070155998937,-10.936070155998937,23.8341617001142,-11.232635603162716
331,0,Vocal,0,0,-6.436196788254277,-6.436196788254276,21.556397400785304,-6.39905501828737,-1.2126221073337535,-1.2126221073337535,37.08996705908281,-1.2111346808021075,5.223574680920523,5.223574680920523,15.533569658297505,5.187920337485262
331,1,Bass,0,-1,7.548428828550585,7.548428828550585,39.229892464557686,7.5518970171083915,-0.6334944030215113,-0.6334944030215113,40.48474024562216,-0.6327707770228207,-8.181923231572096,-8.181923231572096,1.254847781064477,-8.184667794131212
331,2,Drums,0,-1,36.73377410448794,36.73377410448794,46.02935482500314,37.27726663673902,17.749463593328656,17.749463593328656,39.271197746209644,17.78067755831456,-18.984310511159286,-18.984310511159286,-6.758157078793495,-19.49658907842446
332,0,Vocal,0,-1,15.12591936714339,15.12591936714339,42.79715316363168,15.133577492484317,15.747299916857642,15.747299916857642,49.573741751008924,15.749146714377378,0.621380549714253,0.621380549714253,6.776588587377248,0.6155692218930611
332,1,Bass,0,0,8.545841911757684,8.545841911757684,31.08578024758689,8.573488979707095,-4.2864986798767,-4.286498679876699,25.99535112479608,-4.271521073608671,-12.832340591634384,-12.832340591634383,-5.090429122790809,-12.845010053315766
332,2,Drums,0,-1,29.555811081747223,29.555811081747223,41.46268854784072,29.845510391111286,16.433854319498302,16.433854319498302,57.440079711121015,16.434206480597517,-13.12195676224892,-13.12195676224892,15.977391163280295,-13.41130391051377
333,0,Vocal,0,-1,13.650090761329945,13.650090761329945,34.23533181149568,13.689848840107551,14.952972208175922,14.952972208175924,58.03481764617517,14.953191965811074,1.3028814468459764,1.3028814468459782,23.799485834679487,1.263343125703523
333,1,Bass,0,-1,10.530312800807941,10.530312800807941,38.96201287290441,10.537100506797778,-0.9590641585987796,-0.9590641585987796,32.403735191211226,-0.9545658470662415,-11.489376959406721,-11.489376959406721,-6.558277681693184,-11.49166635386402
333,2,Drums,0,-1,28.963251216740762,28.963251216740762,37.587858148935574,29.605199449544997,14.977463268432174,14.977463268432171,40.03970638617887,14.99145280375221,-13.985787948308587,-13.985787948308591,2.451848237243297,-14.613746645792787
334,0,Vocal,0,-1,14.556845224592003,14.556845224592006,49.90665769348185,14.558156447161243,15.272729916541037,15.272729916541037,47.10207590866386,15.275664941000533,0.715884691949034,0.7158846919490305,-2.8045817848179837,0.7175084938392899
334,1,Bass,0,-1,10.375596383564698,10.375596383564698,35.56865201117625,10.389957320143361,2.3147382027052514,2.3147382027052514,35.99294557374625,2.31769262601935,-8.060858180859446,-8.060858180859446,0.42429356256999995,-8.072264694124012
334,2,Drums,0,-1,27.555129353070225,27.555129353070225,38.99133394754748,27.87945781290191,15.707676446869993,15.707676446869993,46.94543380445665,15.71103126261148,-11.847452906200232,-11.847452906200232,7.954099856909167,-12.168426550290432
335,0,Vocal,0,-1,13.246946196537257,13.246946196537257,32.456162264814004,13.301830144988124,14.952918326929975,14.952918326929975,72.07078826357102,14.952926331910197,1.705972130392718,1.705972130392718,39.61462599875701,1.6510961869220733
335,1,Bass,0,0,10.63000335324549,10.630003353245492,37.93697437664059,10.638783061288757,-0.6424951548384077,-0.6424951548384066,31.906661893007534,-0.637281496104283,-11.272498508083897,-11.272498508083899,-6.0303124836330575,-11.27606455739304
335,2,Drums,0,-1,29.252055005918578,29.252055005918578,36.496761969655566,30.160647313897478,15.349528252549899,15.349528252549899,50.540265147343135,15.350881059308449,-13.90252675336868,-13.90252675336868,14.043503177687569,-14.809766254589029
336,0,Vocal,0,-1,15.124522436171496,15.124522436171496,41.34073527019892,15.135231607801662,8.965455448867496,8.965455448867498,51.60833837539542,8.965721272082899,-6.159066987304,-6.159066987303998,10.2676031051965,-6.169510335718764
336,1,Bass,0,0,17.92605794027061,17.926057940270606,34.50037492299133,18.024241927938668,1.2733784796080916,1.2733784796080916,36.21199493005376,1.275809598062405,-16.65267946066252,-16.652679460662515,1.7116200070624359,-16.748432329876263
336,2,Drums,0,-1,24.332156917152894,24.332156917152894,45.47367289143021,24.365798430862693,9.15754466117628,9.157544661176283,49.88175619886395,9.15795667797543,-15.174612255976614,-15.17461225597661,4.408083307433735,-15.207841752887264
337,0,Vocal,0,0,1.313718905748967,1.3137189057489675,23.951034184940983,1.3548919841442506,-2.8290933733574093,-2.8290933733574093,38.74313819637293,-2.828215444973691,-4.142812279106376,-4.142812279106376,14.792104011431949,-4.183107429117942
337,1,Bass,0,0,14.101866709128515,14.101866709128512,33.08441207421008,14.159244646967206,-5.061665113622054,-5.061665113622053,29.85718080499276,-5.055782656765872,-19.16353182275057,-19.163531822750564,-3.22723126921732,-19.215027303733077
337,2,Drums,0,-1,28.808327427742704,28.808327427742704,53.26777722208271,28.82392434911097,10.809105294291538,10.80910529429154,40.130193269472024,10.814607284301555,-17.999222133451166,-17.999222133451163,-13.137583952610683,-18.009317064809416
338,0,Vocal,0,-1,13.287635530399832,13.287635530399832,41.167383047658305,13.295047620640359,11.388494739659967,11.388494739659967,52.247727608301524,11.388875415228272,-1.8991407907398656,-1.8991407907398656,11.08034456064322,-1.906172205412087
338,1,Bass,0,-1,12.42021286943501,12.42021286943501,29.811183739534705,12.50466980095375,-2.269313513054296,-2.269313513054296,45.392625992024485,-2.26911551824958,-14.689526382489307,-14.689526382489307,15.58144225248978,-14.773785319203329
338,2,Drums,0,-1,28.31812268383002,28.31812268383002,46.17649423191918,28.38992499562425,13.178110224861017,13.178110224861017,44.097296006718395,13.181795032415968,-15.140012458969002,-15.140012458969002,-2.079198225200784,-15.20812996320828
339,0,Vocal,0,-1,16.52613137703974,16.52613137703974,47.03583460865653,16.530078997747935,10.142544893651273,10.142544893651273,36.39705934169258,10.153839967977731,-6.383586483388466,-6.383586483388466,-10.638775266963947,-6.376239029770204
339,1,Bass,0,1,15.51846279526738,15.51846279526738,31.820457020925318,15.624290004863076,-2.302248053808561,-2.302248053808561,29.064793915957004,-2.2936951424489402,-17.82071084907594,-17.82071084907594,-2.7556631049683133,-17.917985147312017
339,2,Drums,0,-1,25.139185996082848,25.139185996082848,37.87091700522356,25.377824694241813,7.491602171743866,7.4916021717438674,41.45328285445438,7.493657353625029,-17.64758382433898,-17.64758382433898,3.5823658492308184,-17.884167340616784
340,0,Vocal,0,-1,7.805911214742375,7.805911214742375,29.445817400651745,7.840714597042995,6.075523461520289,6.075523461520288,34.69566988930818,6.082966091414583,-1.730387753222086,-1.7303877532220868,5.249852488656433,-1.7577485056284115
340,1,Bass,0,0,20.158014372023718,20.158014372023718,37.479610735793464,20.24001220808821,1.7395655334001368,1.7395655334001368,30.54675055712742,1.7491117054114456,-18.418448838623583,-18.418448838623583,-6.9328601786660435,-18.490900502676766
340,2,Drums,0,-1,25.17133057282323,25.17133057282323,41.66537896834576,25.270091967853233,11.68551783696941,11.68551783696941,38.327392828513865,11.695576229429424,-13.48581273585382,-13.48581273585382,-3.337986139831898,-13.574515738423809
341,0,Vocal,0,-1,20.22065281769454,20.22065281769454,50.63862061046958,20.224635200619087,15.869515858163236,15.869515858163235,57.41354863601704,15.869827485784768,-4.351136959531303,-4.3511369595313045,6.77492802554746,-4.354807714834319
341,1,Bass,0,0,19.051344321997206,19.05134432199721,30.689956131594943,19.363548224522177,1.3099239928916682,1.3099239928916682,45.738800856808794,1.3101956647876003,-17.741420329105537,-17.74142032910554,15.04884472521385,-18.053352559734577
341,2,Drums,0,-1,25.451603885836597,25.451603885836597,36.07206433274564,25.84647923309447,10.461314166736411,10.461314166736413,56.74062291232445,10.461425585253394,-14.990289719100186,-14.990289719100184,20.668558579578807,-15.385053647841076
342,0,Vocal,0,-1,17.42720957168457,17.42720957168457,48.47841812440968,17.43067941381654,10.944592911360031,10.944592911360031,37.226471713618444,10.955650096039149,-6.48261666032454,-6.48261666032454,-11.251946410791234,-6.475029317777393
342,1,Bass,0,-1,17.046169882784078,17.046169882784078,30.77998194502428,17.237624170127145,-0.6785386345152637,-0.6785386345152637,32.62836294293169,-0.6741417692994223,-17.72470851729934,-17.72470851729934,1.8483809979074088,-17.911765939426566
342,2,Drums,0,-1,21.959057382609586,21.959057382609586,35.02730966967913,22.180154249646225,10.106867619886469,10.106867619886465,38.829923617683,10.113266793207409,-11.852189762723118,-11.852189762723121,3.8026139480038736,-12.066887456438817
343,0,Vocal,0,-1,10.59995961085227,10.59995961085227,37.67214361875758,10.609231189468986,6.02726181912767,6.02726181912767,54.10086826863915,6.027345612039773,-4.5726977917246,-4.5726977917246,16.428724649881566,-4.581885577429213
343,1,Bass,0,0,18.358514558447983,18.358514558447983,32.21264083195639,18.543708308348325,1.9578271813791095,1.957827181379109,33.027714057691156,1.9633844816023716,-16.400687377068873,-16.400687377068873,0.8150732257347642,-16.580323826745953
343,2,Drums,0,-1,23.967194872230294,23.967194872230294,44.64176945766045,24.004682928735626,14.073726361992996,14.073726361992996,45.837632117345606,14.076733432058138,-9.893468510237298,-9.893468510237298,1.1958626596851545,-9.927949496677488
344,0,Vocal,0,-1,15.806758498069396,15.806758498069392,40.04617223015422,15.823580846372229,17.140970190469243,17.140970190469243,67.94635794547685,17.141006207966008,1.3342116923998475,1.334211692399851,27.90018571532263,1.317425361593779
344,1,Bass,0,-1,11.945927576973299,11.945927576973299,26.640107673212544,12.105244678362165,0.651971743878858,0.6519717438788588,35.17390364561291,0.6548240230982101,-11.29395583309444,-11.29395583309444,8.533795972400366,-11.450420655263954
344,2,Drums,0,-1,28.56117920211598,28.56117920211598,40.69802617534796,28.835532972301014,7.642636037865403,7.642636037865401,41.08636363905329,7.644939834268028,-20.91854316425058,-20.91854316425058,0.3883374637053265,-21.190593138032987
345,0,Vocal,0,-1,15.830995004816584,15.830995004816584,25.518340371079546,16.336911382850918,16.631166814591683,16.631166814591683,60.64265582719477,16.63134221832324,0.8001718097750992,0.8001718097750992,35.12431545611523,0.2944308354723226
345,1,Bass,0,-1,17.477372404671296,17.477372404671296,34.24385831346442,17.571422728620906,7.954666182908081,7.954666182908081,48.543557014211125,7.9551060646283,-9.522706221763215,-9.522706221763215,14.299698700746703,-9.616316663992606
345,2,Drums,0,-1,27.386517970444277,27.386517970444277,35.02611150358799,28.2086431973361,12.583391688662257,12.583391688662262,35.23424315441344,12.608345396298992,-14.80312628178202,-14.803126281782015,0.20813165082545027,-15.60029780103711
346,0,Vocal,0,0,18.49347624633947,18.49347624633947,54.84073968997785,18.49449531628554,5.488933816588487,5.488933816588487,43.83224240558426,5.489749252566893,-13.004542429750982,-13.004542429750982,-11.008497284393592,-13.004746063718647
346,1,Bass,0,-1,17.500486314922906,17.500486314922906,34.89850435678438,17.58168469754237,1.4686575771225518,1.468657577122551,21.866890190709253,1.5366268958785967,-16.031828737800353,-16.031828737800353,-13.031614166075126,-16.045057801663773
346,2,Drums,0,-1,25.2316858745756,25.2316858745756,36.94612100479275,25.53552976498262,14.76160855273549,14.76160855273549,49.15219571493624,14.763241159986972,-10.47007732184011,-10.47007732184011,12.20607471014349,-10.772288604995648
347,0,Vocal,0,-1,24.803073010536547,24.803073010536547,45.01687251351005,24.844744221431693,17.483023918667552,17.483023918667552,46.23855543547809,17.48891355993079,-7.320049091868995,-7.320049091868995,1.2216829219680392,-7.355830661500903
347,1,Bass,0,-1,27.71913531342124,27.71913531342124,36.528456371151094,28.332610949613375,4.144325575894029,4.14432557589403,40.81761886091342,4.145619431229251,-23.57480973752721,-23.57480973752721,4.289162489762326,-24.186991518384126
347,2,Drums,0,-1,15.553555153761812,15.553555153761813,43.801381887868786,15.56023912704767,10.220395706217984,10.220395706217984,41.756232621462644,10.223734491139345,-5.333159447543828,-5.33315944754383,-2.045149266406142,-5.336504635908325
348,0,Vocal,0,-1,18.475932402053935,18.475932402053935,26.370269632353192,19.255532039626885,16.35452963580545,16.35452963580545,45.08453168209716,16.360485549343032,-2.1214027662484867,-2.1214027662484867,18.714262049743965,-2.8950464902838533
348,1,Bass,0,-1,20.231761388032137,20.231761388032137,33.722433914939224,20.432498354641243,5.686502246213731,5.686502246213731,24.98138415232117,5.7516609894692206,-14.545259141818406,-14.545259141818406,-8.741049762618054,-14.680837365172023
348,2,Drums,0,-1,18.96193800794085,18.96193800794085,22.853070116271773,21.262738902848742,16.79056992789811,16.79056992789811,56.68219050802986,16.791023676788516,-2.1713680800427397,-2.1713680800427397,33.82912039175809,-4.471715226060226
349,0,Vocal,0,-1,17.67242729283969,17.67242729283969,38.05242621521743,17.71307859272311,13.758565994153898,13.758565994153898,38.96669432103141,13.772226116676059,-3.9138612986857915,-3.9138612986857915,0.9142681058139814,-3.940852476047052
349,1,Bass,0,-1,13.001725205456552,13.001725205456552,30.768771666425835,13.078599286128892,-2.853124134558729,-2.8531241345587297,32.69521313403038,-2.8495812091351844,-15.854849340015281,-15.854849340015281,1.9264414676045476,-15.928180495264076
349,2,Drums,0,-1,25.744980332279482,25.744980332279482,46.86452788550021,25.778755920481537,14.08809656722385,14.08809656722385,52.59950602291852,14.088731728208268,-11.656883765055632,-11.656883765055632,5.7349781374183095,-11.690024192273269
350,0,Vocal,0,-1,10.118965905125904,10.118965905125904,34.19435832631486,10.137643365586879,10.937377526622669,10.937377526622672,36.57108152906271,10.95021790180354,0.8184116214967645,0.818411621496768,2.376723202747847,0.8125745362166619
350,1,Bass,0,0,21.063456670255402,21.063456670255402,39.748589277101864,21.12310376230328,12.053319613421213,12.053319613421213,34.374849810613114,12.080426758874932,-9.01013705683419,-9.01013705683419,-5.37373946648875,-9.042677003428349
350,2,Drums,0,0,33.35355250111866,33.35355250111866,40.01515240252617,34.40913059527838,6.30586396436926,6.30586396436926,26.70678733718969,6.354905947001882,-27.047688536749405,-27.047688536749405,-13.308365065336478,-28.054224648276495
351,0,Vocal,0,-1,23.316982390751043,23.31698239075104,42.85207148894814,23.365812806096727,19.616957241602353,19.616957241602353,52.51974412049194,19.619206878136932,-3.70002514914869,-3.7000251491486864,9.667672631543802,-3.746605927959795
351,1,Bass,0,-1,23.43852248017855,23.43852248017855,38.49061357932609,23.577000293623016,3.3235222641766042,3.3235222641766042,23.583117690211118,3.3836155544646607,-20.115000216001945,-20.115000216001945,-14.90749588911497,-20.193384739158354
351,2,Drums,0,-1,19.768506141501806,19.768506141501806,45.93464928709785,19.77912788550666,17.137764073303185,17.13776407330318,44.384017385853994,17.146116764353202,-2.6307420681986216,-2.630742068198625,-1.5506319012438539,-2.6330111211534586
352,0,Vocal,0,-1,12.900741881580123,12.900741881580123,29.49939642592225,13.001710464945194,13.60570997158026,13.60570997158026,39.578781926492034,13.617178713185512,0.704968090000138,0.704968090000138,10.079385500569785,0.6154682482403171
352,1,Bass,0,-1,8.04751598728817,8.04751598728817,25.39386854603643,8.140797827142631,0.9019422862132144,0.9019422862132136,39.03199701838951,0.9031526937009744,-7.145573701074956,-7.145573701074957,13.638128472353081,-7.2376451334416565
352,2,Drums,0,-1,25.691594328769018,25.691594328769018,37.63704063102856,25.979087375511885,9.160029659909478,9.160029659909478,35.05761437126981,9.172568273485872,-16.531564668859538,-16.531564668859538,-2.5794262597587547,-16.806519102026012
353,0,Vocal,0,-1,7.6212471221729885,7.6212471221729885,37.148073751341414,7.626929730480544,11.236853897776651,11.236853897776651,47.24010097465467,11.238025232205228,3.6156067756036627,3.6156067756036627,10.09202722331326,3.6110955017246837
353,1,Bass,0,-1,8.800820965311493,8.800820965311493,38.72018002520703,8.805830602039041,0.5823263210576253,0.5823263210576253,54.64560312980893,0.5823578474306131,-8.218494644253868,-8.218494644253868,15.925423104601904,-8.223472754608428
353,2,Drums,0,-1,26.967001884976092,26.967001884976092,42.86408717387822,27.080392037321694,7.755211126795172,7.755211126795172,35.73986331145759,7.763282105751311,-19.21179075818092,-19.21179075818092,-7.124223862420628,-19.317109931570382
354,0,Vocal,0,-1,16.929322508177073,16.929322508177073,35.11398372560427,16.997131435642828,16.553745359573664,16.553745359573664,50.83593179738006,16.555401168719488,-0.3755771486034085,-0.3755771486034085,15.721948071775792,-0.44173026692334005
354,1,Bass,0,0,6.198016769881209,6.198016769881209,47.16801506452082,6.198447433311927,-2.8224235250710707,-2.8224235250710707,29.888106271294276,-2.815642738475886,-9.02044029495228,-9.02044029495228,-17.279908793226546,-9.014090171787814
354,2,Drums,0,-1,21.491518265169532,21.491518265169532,28.534660581115165,22.453440209696865,6.101301697973961,6.1013016979739625,47.55183254319823,6.101688902970237,-15.390216567195571,-15.39021656719557,19.017171962083065,-16.351751306726626
355,0,Vocal,0,-1,14.574305499433278,14.574305499433278,31.245956092247393,14.672042496820744,14.884829372367907,14.884829372367909,48.56653772813313,14.886750067792109,0.31052387293462935,0.31052387293463113,17.320581635885734,0.21470757097136506
355,1,Bass,0,-1,10.953239241582931,10.953239241582931,25.62597733307843,11.11578141707721,2.0222519706626962,2.022251970662697,31.497246633469107,2.0302307190444435,-8.930987270920236,-8.930987270920234,5.871269300390676,-9.085550698032767
355,2,Drums,0,-1,18.950709354863264,18.950709354863264,33.03263170889497,19.125935823418295,0.8619733744001394,0.8619733744001385,28.320899077958472,0.8761645796169587,-18.088735980463124,-18.088735980463124,-4.7117326309364955,-18.249771243801337
356,0,Vocal,0,-1,14.132556977047372,14.132556977047376,33.24851123988498,14.188174531368018,14.868821032868366,14.868821032868366,39.80458435476167,14.883235323444188,0.7362640558209943,0.7362640558209907,6.556073114876696,0.6950607920761698
356,1,Bass,0,-1,10.98763217679151,10.987632176791509,29.88541916130227,11.048429214275345,0.006605720146080525,0.006605720146080525,39.21841133933334,0.007646003553593877,-10.98102645664543,-10.981026456645429,9.332992178031073,-11.04078321072175
356,2,Drums,0,-1,27.197647034867842,27.197647034867842,42.26632770145169,27.335232515839873,8.654352967093045,8.654352967093045,39.399692120291576,8.658511089768128,-18.543294067774795,-18.543294067774795,-2.8666355811601107,-18.676721426071744
357,0,Vocal,0,-1,11.383449204284775,11.383449204284775,28.134447222964273,11.482866991472784,13.349969062097413,13.349969062097413,43.517542334063265,13.354342252467067,1.9665198578126386,1.9665198578126386,15.383095111098992,1.8714752609942824
357,1,Bass,0,-1,8.129486104768471,8.129486104768471,28.850939190862007,8.172079681693878,0.5410190341166975,0.5410190341166975,24.975659187335705,0.5704786055362917,-7.588467070651774,-7.588467070651774,-3.875280003526303,-7.6016010761575865
357,2,Drums,0,-1,25.667452206112664,25.667452206112667,41.4532858666424,25.783905042002093,7.997236719354088,7.997236719354088,34.901472631086946,8.007508799156955,-17.670215486758575,-17.67021548675858,-6.551813235555457,-17.776396242845138
358,0,Vocal,0,-1,16.063011625149265,16.063011625149265,35.60263705921584,16.112762717326817,16.627401548081263,16.627401548081263,50.21873802213893,16.62934191844281,0.5643899229319977,0.5643899229319977,14.616100962923092,0.5165792011159951
358,1,Bass,0,0,4.742592349869166,4.742592349869165,40.95861455223687,4.743978582511922,-1.5023414501833376,-1.5023414501833368,36.43822399958808,-1.5006580387813155,-6.244933800052504,-6.244933800052502,-4.520390552648784,-6.244636621293237
358,2,Drums,0,-1,23.57371363726527,23.57371363726527,29.196018286345495,24.96963965604099,7.151001859607433,7.151001859607434,35.225231451495056,7.159077223178921,-16.422711777657838,-16.422711777657838,6.02921316514956,-17.81056243286207
359,0,Vocal,0,-1,16.885580579232197,16.885580579232197,41.84471320350858,16.899749293750826,15.719854863400762,15.719854863400762,39.27206968292212,15.739577373600198,-1.1657257158314351,-1.1657257158314351,-2.5726435205864604,-1.1601719201506278
359,1,Bass,0,0,25.74556943294879,25.74556943294879,31.01191219653692,27.28202710948945,4.250931397230277,4.250931397230277,31.37403146288948,4.2625259739888826,-21.494638035718516,-21.494638035718516,0.3621192663525612,-23.01950113550057
359,2,Drums,0,0,-3.681374575194187,-3.681374575194187,7.069335722070726,-2.521094955027947,-5.3590023898731225,-5.3590023898731225,23.553302327587065,-5.33430268703849,-1.6776278146789356,-1.6776278146789356,16.48396660551634,-2.813207732010543
360,0,Vocal,0,-1,20.628588633563698,20.628588633563698,62.09750525412602,20.62889320007728,10.124430793875652,10.124430793875652,43.55514376344446,10.126592741388716,-10.504157839688046,-10.504157839688046,-18.542361490681557,-10.502300458688563
360,1,Bass,0,0,10.353504764931946,10.353504764931946,27.767867236185644,10.440249173726171,-9.351585675007573,-9.351585675007573,31.64215452438245,-9.348277615673858,-19.705090439939518,-19.705090439939518,3.874287288196804,-19.78852678940003
360,2,Drums,0,-1,23.718262115906516,23.718262115906516,32.04587725623372,24.41134384804859,13.156213965504994,13.156213965504994,54.241607789582446,13.15656826540646,-10.562048150401521,-10.562048150401521,22.195730533348723,-11.254775582642129
361,0,Vocal,0,-1,16.131734346873976,16.131734346873976,52.856678518443545,16.132676086262048,8.475145620430958,8.475145620430958,44.12073593806752,8.476496428180058,-7.656588726443019,-7.656588726443019,-8.735942580376026,-7.6561796580819905
361,1,Bass,0,-17770,11.868494303866196,11.8684943038662,26.475037317485274,12.031284781463935,-23.061432616130425,-23.061432616130425,9.55459531930186,-22.60292262623959,-34.92992691999662,-34.929926919996625,-16.920441998183414,-34.63420740770353
361,2,Drums,0,-1,25.35813898297226,25.358138982972264,38.23353696866564,25.588770013214663,9.684038682520352,9.684038682520352,38.22832109806809,9.690768111180665,-15.674100300451908,-15.674100300451911,-0.005215870597545802,-15.898001902033998
362,0,Vocal,0,-1,20.16570552429675,20.16570552429675,32.009729002884036,20.4621747412155,6.5895435643536775,6.5895435643536775,45.398969869525594,6.590238365827988,-13.576161959943073,-13.576161959943073,13.389240866641558,-13.871936375387511
362,1,Bass,0,-1,23.74138350085786,23.741383500857857,53.13281352223774,23.746397100765193,-3.7658997881070473,-3.7658997881070473,36.81399569368798,-3.7646187269414484,-27.507283288964906,-27.507283288964906,-16.31881782854976,-27.511015827706643
362,2,Drums,0,-1,17.84370512052154,17.84370512052154,36.612677388270754,17.90269485003677,10.244408506464653,10.244408506464653,44.468792949809455,10.24620465767504,-7.599296614056888,-7.599296614056888,7.856115561538701,-7.65649019236173
363,0,Vocal,0,-1,14.793366790176139,14.793366790176139,51.73338907200563,14.794270176169274,8.069571258085137,8.069571258085137,36.035097607208655,8.077595355169292,-6.7237955320910014,-6.7237955320910014,-15.698291464796974,-6.716674820999982
363,1,Bass,0,242,13.2554060408929,13.2554060408929,26.2854731518513,13.487334152711632,-23.301175574878748,-23.301175574878748,7.242411829107777,-22.54674637219847,-36.55658161577165,-36.55658161577165,-19.043061322743522,-36.0340805249101
363,2,Drums,0,-1,30.30409496049942,30.30409496049942,50.295230312251896,30.347866376104843,5.601169950405721,5.601169950405719,60.36196028695439,5.601188302788968,-24.7029250100937,-24.7029250100937,10.066729974702497,-24.746678073315877
364,0,Vocal,0,-1,14.606268223438946,14.606268223438946,37.299263281393074,14.630497100997603,6.6757837629936745,6.6757837629936745,36.106463539719826,6.681800974607252,-7.930484460445271,-7.930484460445271,-1.192799741673248,-7.9486961263903515
364,1,Bass,0,3,10.35681753351028,10.35681753351028,35.151905757262206,10.372563878704426,-6.883262547116983,-6.883262547116984,35.30707745166793,-6.881725467951988,-17.240080080627266,-17.240080080627266,0.15517169440572331,-17.254289346656414
364,2,Drums,0,-1,34.18786305683528,34.18786305683528,54.19686037694505,34.23142756398394,12.017261092820174,12.017261092820178,34.17930210514368,12.04539879667631,-22.17060196401511,-22.170601964015106,-20.01755827180137,-22.186028767307633
365,0,Vocal,0,-1,14.159802217403683,14.159802217403683,33.05598469110027,14.218301627574048,1.9569941226122074,1.9569941226122074,43.988273326463386,1.9574373016071638,-12.202808094791475,-12.202808094791475,10.932288635363115,-12.260864325966885
365,1,Bass,0,0,18.98470743500498,18.98470743500498,34.871343687772224,19.09956179123145,-5.860136705591401,-5.860136705591401,28.384468332056482,-5.852211411186074,-24.844844140596383,-24.844844140596383,-6.486875355715743,-24.951773202417527
365,2,Drums,0,-1,25.291337467986747,25.291337467986747,47.36280415498303,25.31844673039835,12.406764493534833,12.406764493534833,49.880980028498136,12.407585306652969,-12.884572974451913,-12.884572974451913,2.518175873515105,-12.91086142374538
366,0,Vocal,0,-1,23.850812748242568,23.85081274824257,37.49469210009404,24.043414328145218,10.460890587440584,10.460890587440584,38.90775313919368,10.467662231810726,-13.389922160801984,-13.389922160801987,1.413061039099638,-13.575752096334492
366,1,Bass,0,-1,22.24624387926772,22.246243879267716,41.98561195099508,22.292870518062298,-4.349102839856698,-4.349102839856697,42.45074641115033,-4.348768836121001,-26.595346719124418,-26.595346719124414,0.46513446015524806,-26.641639354183297
366,2,Drums,1,-1,-7.53479027325926,-7.53479027325926,0.4490141547516261,-3.9907459939808114,-9.332053601957087,-9.332053601957087,24.774464673180532,-9.315937836040417,-1.7972633286978272,-1.7972633286978272,24.325450518428905,-5.325191842059606
367,0,Vocal,0,-1,21.030472341090668,21.030472341090668,51.94277810082599,21.034012134003174,9.792524373752157,9.792524373752155,54.806921822094495,9.792674432012108,-11.237947967338512,-11.237947967338513,2.864143721268505,-11.241337701991066
367,1,Bass,0,0,14.849910748243985,14.849910748243985,26.801740107164548,15.145280974024004,-5.323199015607547,-5.323199015607548,31.172445583106093,-5.318915234779005,-20.17310976385153,-20.173109763851535,4.370705475941545,-20.46419620880301
367,2,Drums,0,-1,27.757579355507,27.757579355507,40.394542888584795,28.001303192657492,18.16618521697605,18.16618521697605,52.92709942873138,18.1676581490375,-9.591394138530951,-9.591394138530951,12.532556540146587,-9.833645043619992
368,0,Vocal,0,-1,7.519397538942595,7.519397538942595,23.33295836989244,7.654905042024368,7.086623357265722,7.086623357265722,51.63669429045527,7.086805069904955,-0.43277418167687287,-0.43277418167687287,28.303735920562826,-0.5680999721194135
368,1,Bass,0,-1,4.827067979419021,4.827067979419021,17.91630621705474,5.115326242781087,1.3302394168515814,1.3302394168515814,21.94783870736704,1.3957212481588253,-3.4968285625674396,-3.4968285625674396,4.031532490312301,-3.7196049946222622
368,2,Drums,0,-1,30.051069817218522,30.051069817218522,50.89555883116918,30.087002419051135,12.445500958496627,12.445500958496629,51.289506362206325,12.446099829098351,-17.605568858721895,-17.605568858721895,0.3939475310371421,-17.640902589952784
369,0,Vocal,0,-1,9.966408167467412,9.966408167467412,30.09736846130174,10.012997733246076,14.237684414479839,14.237684414479839,47.790806752620526,14.239672810836453,4.271276247012427,4.271276247012427,17.693438291318785,4.226675077590377
369,1,Bass,0,-1,-0.8878103663891436,-0.8878103663891436,14.283631059730311,-0.5947241100975623,-5.085427715966292,-5.085427715966292,41.880607961060335,-5.085058894941591,-4.197617349577148,-4.197617349577148,27.596976901330024,-4.490334784844029
369,2,Drums,0,-1,28.595503019792083,28.595503019792083,35.26220848673202,29.650540283241845,13.065312686193074,13.06531268619307,45.26402823155556,13.06806026396567,-15.530190333599009,-15.530190333599013,10.001819744823536,-16.582480019276176
370,0,Vocal,0,-1,4.5409191251166225,4.5409191251166225,22.592720670768006,4.633312863218536,8.738883136128846,8.738883136128848,35.99765669948503,8.748145818194606,4.197964011012224,4.197964011012226,13.404936028717021,4.1148329549760705
370,1,Bass,0,0,0.1864585316344523,0.18645853163445325,14.08959927522421,0.5330991694760077,-1.12962978723845,-1.12962978723845,25.232468565788547,-1.1065836530954323,-1.3160883188729022,-1.3160883188729033,11.142869290564338,-1.63968282257144
370,2,Drums,0,-1,31.33413021098201,31.33413021098201,46.68180934766632,31.462877828101377,8.479824990855615,8.479824990855615,35.831968981243804,8.48895650329746,-22.854305220126395,-22.854305220126395,-10.849840366422512,-22.973921324803918
371,0,Vocal,0,-1,4.069924447113972,4.069924447113971,20.611560039108802,4.2048687037933945,4.510808810803181,4.510808810803181,22.569622877507175,4.60321752907151,0.440884363689209,0.4408843636892099,1.958062838398373,0.39834882527811555
371,1,Bass,0,0,3.9517636455495246,3.9517636455495246,15.34310737403177,4.40412187780542,0.35926748269663494,0.35926748269663494,27.536416207089335,0.37524608877858645,-3.5924961628528895,-3.5924961628528895,12.193308833057564,-4.028875789026834
371,2,Drums,0,-1,32.2062917203804,32.2062917203804,53.35296393688948,32.23978398891902,10.654053982926058,10.654053982926058,35.84186963642065,10.668357325273591,-21.55223773745434,-21.55223773745434,-17.511094300468834,-21.571426663645433
372,0,Vocal,0,-1,3.842814773867123,3.8428147738671243,23.742703253396176,3.90579193740132,6.133060995799394,6.1330609957993945,35.06653688775576,6.13996815320078,2.2902462219322706,2.29024622193227,11.323833634359584,2.23417621579946
372,1,Bass,0,0,2.6085304656444523,2.6085304656444523,16.323481120863647,2.8972912724749857,-2.4224506772646057,-2.4224506772646057,22.568769356850144,-2.384695350787536,-5.030981142909058,-5.030981142909058,6.2452882359864965,-5.281986623262522
372,2,Drums,0,-1,31.236040549124134,31.23604054912414,49.189209058910066,31.30622996573728,11.416603525878482,11.416603525878482,52.7667140024962,11.416944658829507,-19.81943702324565,-19.81943702324566,3.577504943586135,-19.889285306907773
373,0,Vocal,0,-1,9.836402408562659,9.836402408562659,28.479294917218013,9.902331201159988,9.190288588846094,9.190288588846094,43.610008339797815,9.192047315676549,-0.6461138197165646,-0.6461138197165646,15.130713422579802,-0.7102838854834399
373,1,Bass,0,-1,2.135931395160951,2.135931395160951,16.00352683765885,2.42559647364985,-0.24525510080757496,-0.24525510080757496,22.866175771252045,-0.20159868823093008,-2.381186495968526,-2.381186495968526,6.862648933593196,-2.6271951618807803
373,2,Drums,0,-1,26.165471504649858,26.165471504649858,34.82734773312596,26.802190906683236,11.960242203482812,11.96024220348281,44.397848478013,11.962878041344654,-14.205229301167046,-14.205229301167048,9.570500744887042,-14.839312865338583
374,0,Vocal,0,-1,6.853864155570792,6.853864155570792,24.46195571870514,6.945373406686343,7.209255375590397,7.209255375590397,76.34619216410034,7.2092557258482,0.3553912200196043,0.3553912200196043,51.8842364453952,0.26388231916185667
374,1,Bass,0,-1,3.2624314574087347,3.262431457408734,16.99822445436524,3.5360067846359438,0.7340994808839151,0.7340994808839151,29.500211208790958,0.7447431190710747,-2.52833197652482,-2.528331976524819,12.501986754425719,-2.791263665564869
374,2,Drums,0,-1,29.315631154517042,29.315631154517042,42.7415298485117,29.517813917340252,11.848116688519326,11.848116688519326,45.77208660652286,11.849991389528778,-17.467514465997716,-17.467514465997716,3.0305567580111585,-17.667822527811474
375,0,Vocal,0,-1,8.542287869137503,8.542287869137503,26.900643993698836,8.614990924304154,6.549860453801319,6.549860453801319,51.549019368451795,6.550027931112838,-1.9924274153361843,-1.9924274153361843,24.64837537475296,-2.0649629931913154
375,1,Bass,0,0,4.08244663798799,4.08244663798799,17.21275925207702,4.3807213777330976,-0.2002862511513952,-0.2002862511513952,22.691816382091126,-0.15461064684017156,-4.2827328891393845,-4.2827328891393845,5.479057130014105,-4.535332024573269
375,2,Drums,0,-1,26.156537986388187,26.156537986388187,39.226806422296924,26.37668517924224,11.716520449539543,11.716520449539543,54.62112107113748,11.716757773761955,-14.440017536848645,-14.440017536848645,15.394314648840556,-14.659927405480286
376,0,Vocal,0,0,5.7484904462527755,5.7484904462527755,49.7921001551105,5.748706934212803,3.46336686461545,3.4633668646154496,32.86152989710272,3.470604297114396,-2.2851235816373254,-2.285123581637326,-16.930570258007776,-2.2781026370984074
376,1,Bass,0,0,13.941701855675483,13.941701855675483,30.36353335492176,14.045831749729027,1.0741720284953535,1.0741720284953526,42.65545016588461,1.0747089792470688,-12.867529827180128,-12.86752982718013,12.29191681096285,-12.971122770481958
376,2,Drums,0,-1,16.780552064426658,16.780552064426658,23.914825629732448,17.73184425201507,1.1222193720108231,1.1222193720108231,33.978420681075576,1.126206898340375,-15.658332692415835,-15.658332692415835,10.063595051343128,-16.605637353674695
377,0,Vocal,0,-1,5.066686582686145,5.066686582686146,20.322173133404647,5.238284263938336,12.930581982381044,12.930581982381044,50.103906661416005,12.93145652381644,7.863895399694899,7.863895399694898,29.781733528011358,7.693172259878104
377,1,Bass,0,0,16.36759607691562,16.36759607691562,31.333700495374067,16.51145483327446,2.4464001606084147,2.4464001606084147,49.76454483792427,2.4465261389552766,-13.921195916307207,-13.921195916307207,18.430844342550202,-14.064928694319184
377,2,Drums,0,-1,14.36209749875669,14.36209749875669,16.410421292071494,18.70807242940874,2.0359735889848767,2.035973588984877,33.56863962373044,2.0409351741533532,-12.326123909771812,-12.326123909771812,17.158218331658947,-16.667137255255387
378,0,Vocal,0,-1,22.784508184674653,22.784508184674653,52.67031296426595,22.78899058955009,15.061243824474227,15.061243824474227,54.869629222194256,15.061711476644565,-7.723264360200426,-7.723264360200426,2.1993162579283023,-7.727279112905524
378,1,Bass,11666,0,-5.924841901445307,-5.924841901445307,49.66137914347585,-5.924785268533833,-6.901863846735859,-6.901863846735859,22.54833551786352,-6.872851186901952,-0.9770219452905522,-0.9770219452905522,-27.113043625612328,-0.948065918368119
378,2,Drums,0,-1,21.13074443031185,21.130744430311847,25.944959261363394,22.881346846087858,2.502077276055897,2.502077276055897,29.14638887415112,2.51677519814168,-18.628667154255954,-18.62866715425595,3.2014296127877273,-20.36457164794618
379,0,Vocal,0,-1,11.920403818547022,11.920403818547022,31.959620035517382,11.96642219544324,14.554558167434132,14.55455816743413,53.3882812051009,14.555145575302166,2.63415434888711,2.634154348887108,21.42866116958352,2.5887233798589264
379,1,Bass,-1,0,10.479209740208473,10.479209740208473,25.48396584809439,10.630876497357907,0.009817378958025728,0.00981737895802669,50.299736873782834,0.009897782354380583,-10.469392361250447,-10.469392361250447,24.815771025688445,-10.620978715003526
379,2,Drums,0,-1,17.87158138949058,17.87158138949058,21.568599820980396,20.319226760398294,-0.11819964467301373,-0.11819964467301174,57.141015366575104,-0.11818326061196138,-17.98978103416359,-17.98978103416359,35.57241554559471,-20.437410021010255
380,0,Vocal,0,-1,11.434807773064684,11.434807773064682,26.71873020731053,11.574631438349321,17.78572937635107,17.78572937635107,67.19589131807147,17.785779139456945,6.3509216032863876,6.350921603286389,40.477161110760946,6.211147701107624
380,1,Bass,0,0,15.141217128790519,15.141217128790515,28.85880415497446,15.33540773854918,0.3497607635681502,0.34976076356814934,33.998565234605024,0.3533643433314635,-14.791456365222368,-14.791456365222366,5.1397610796305635,-14.982043395217715
380,2,Drums,0,-1,16.248113715168913,16.248113715168916,21.757394162085543,17.711134286730164,2.445620663071007,2.445620663071007,44.85469443821701,2.4460119470675163,-13.802493052097905,-13.802493052097908,23.097300276131467,-15.265122339662648
381,0,Vocal,0,-1,11.690829556234515,11.690829556234512,28.17302200595593,11.796178442688527,12.71972382442166,12.71972382442166,48.19017881929703,12.721021870578044,1.0288942681871447,1.0288942681871482,20.017156813341103,0.9248434278895168
381,1,Bass,0,-1,13.301365243947807,13.301365243947807,24.665771763774874,13.645560740242574,0.02830683709462973,0.02830683709462973,40.75837354867764,0.029037870289863786,-13.273058406853178,-13.273058406853178,16.092601784902765,-13.61652286995271
381,2,Drums,0,-1,16.277605032599393,16.277605032599393,20.685855468725066,18.268973777860047,5.1780078114607475,5.1780078114607475,43.38594681864908,5.178863043866421,-11.099597221138644,-11.099597221138644,22.700091349924016,-13.090110733993626
382,0,Vocal,0,-1,10.559348376354983,10.559348376354983,36.72307401544441,10.570789663058058,12.476147193343827,12.476147193343827,49.68324055937798,12.477019622540613,1.9167988169888446,1.9167988169888446,12.960166543933568,1.9062299594825554
382,1,Bass,0,-1,9.895748176827746,9.895748176827746,24.01267675135584,10.084603710548949,-1.8310054619409246,-1.8310054619409246,35.86035229761929,-1.829141351547855,-11.72675363876867,-11.72675363876867,11.847675546263453,-11.913745062096805
382,2,Drums,0,-1,17.608183643534066,17.60818364353407,21.45976136507107,19.944945858326495,0.32937132301766375,0.32937132301766375,32.21301195753395,0.33479493678731975,-17.2788123205164,-17.278812320516405,10.75325059246288,-19.610150921539176
383,0,Vocal,0,-1,4.526113814783767,4.526113814783767,21.77138053379803,4.637578321254511,9.852718341433194,9.852718341433194,44.213657580309096,9.854473739252786,5.326604526649427,5.326604526649427,22.442277046511066,5.216895417998274
383,1,Bass,0,0,14.318158934261048,14.318158934261048,29.491214665388167,14.45705637553683,3.1870030096741675,3.1870030096741675,34.43091401979159,3.1918303946543007,-11.13115592458688,-11.13115592458688,4.93969935440342,-11.26522598088253
383,2,Drums,0,-1,15.165135818903558,15.165135818903558,20.442050077878747,16.732741795818523,1.9761740434368118,1.976174043436811,33.01530125545523,1.9817624958636004,-13.188961775466746,-13.188961775466748,12.57325117757648,-14.750979299954922
384,0,Vocal,0,-1,0.4851961876758166,0.4851961876758149,23.757611180582895,0.5239306412042724,5.36470629249502,5.364706292495023,27.03613972613274,5.4029472955317495,4.879510104819204,4.879510104819208,3.278528545549843,4.8790166543274776
384,1,Bass,0,-1,-0.8673065561180475,-0.8673065561180475,14.776807679534443,-0.6050327703997207,-1.2940696824004876,-1.2940696824004876,17.554607402196112,-1.1614822427826232,-0.42676312628244006,-0.42676312628244006,2.777799722661669,-0.5564494723829025
384,2,Drums,0,0,30.93473919126055,30.93473919126055,41.632005923127366,31.3216176249282,5.357865605498382,5.357865605498382,31.928516723413058,5.3702266638073,-25.57687358576217,-25.57687358576217,-9.703489199714308,-25.9513909611209
385,0,Vocal,0,-1,-0.1552979285568988,-0.1552979285568988,16.49922530281795,0.03572920224379599,7.003558253758296,7.003558253758296,48.08769982326951,7.003963360580662,7.158856182315195,7.158856182315195,31.58847452045156,6.968234158336866
385,1,Bass,-1,-1,-4.696325887350955,-4.696325887350955,7.249020619430602,-3.6599191922306877,3.3745312019207647,3.3745312019207634,43.84811842044792,3.375099154281325,8.070857089271719,8.070857089271719,36.599097801017315,7.035018346512013
385,2,Drums,0,0,26.73902833324061,26.73902833324061,39.144419471499624,26.996614874959597,0.3141373544524876,0.3141373544524876,29.354196224680877,0.32459415282194004,-26.424890978788124,-26.424890978788124,-9.790223246818748,-26.672020722137656
386,0,Vocal,0,-1,5.446931306032706,5.446931306032706,33.341457295101975,5.45600067773063,9.301834353096039,9.30183435309604,51.23758550152801,9.302144496736526,3.854903047063333,3.8549030470633348,17.896128206426035,3.8461438190058956
386,1,Bass,0,-1,0.24555602851575992,0.24555602851575992,14.94484298723797,0.5322005339796265,3.036481088012482,3.0364810880124833,49.68573849939475,3.0366213232450496,2.790925059496722,2.790925059496723,34.74089551215678,2.5044207892654233
386,2,Drums,0,0,26.27938829461991,26.27938829461991,36.982204860031516,26.66632393085979,3.128244021476373,3.128244021476373,33.65869611694082,3.133959133144396,-23.151144273143537,-23.151144273143537,-3.3235087430906987,-23.532364797715395
387,0,Vocal,0,-1,-5.272759605535267,-5.272759605535264,13.754389651911598,-5.038877038831897,2.3158871070855582,2.3158871070855587,29.300874110262285,2.3296883391598335,7.588646712620825,7.5886467126208235,15.546484458350687,7.368565377991731
387,1,Bass,0,-1,-3.1160720198763063,-3.1160720198763063,11.184584265426071,-2.6330305607770566,4.56044570016666,4.560445700166661,45.97035450944109,4.560868814858056,7.676517720042966,7.676517720042968,34.78577024401501,7.193899375635112
387,2,Drums,0,0,31.486833836395675,31.486833836395675,42.5309926329342,31.842726893762926,2.251446339143188,2.251446339143188,37.167644307299724,2.2536802001202254,-29.23538749725249,-29.23538749725249,-5.363348325634476,-29.5890466936427
388,0,Vocal,0,-1,3.6887961465849726,3.688796146584974,20.387867698230004,3.822212118828583,8.53410569223006,8.53410569223006,52.18102208081777,8.534319057647776,4.845309545645088,4.845309545645087,31.793154382587765,4.712106938819193
388,1,Bass,0,-1,-2.3264301391928845,-2.3264301391928854,10.446405202699161,-1.715612725609088,0.17844428309683447,0.17844428309683447,19.543298436870614,0.27698500078975796,2.504874422289719,2.5048744222897197,9.096893234171453,1.992597726398846
388,2,Drums,0,-1,23.23704801998131,23.2370480199813,32.79140277609004,23.749366279417423,-0.17994116681898686,-0.17994116681898586,39.310571983646085,-0.1789439726869375,-23.416989186800297,-23.416989186800286,6.519169207556047,-23.92831025210436
389,0,Vocal,0,-1,4.3260963907796075,4.3260963907796075,27.899504036723393,4.352250722395236,8.08840607460813,8.088406074608132,45.20071754606135,8.089380727908594,3.762309683828523,3.7623096838285246,17.301213509337956,3.7371300055133583
389,1,Bass,0,-3,-5.651861796343289,-5.651861796343289,8.977919624457371,-4.9822253697661445,-4.964357754881224,-4.964357754881224,23.420065164212485,-4.938339806513615,0.6875040414620655,0.6875040414620655,14.442145539755114,0.04388556325252946
389,2,Drums,0,0,33.336823095225355,33.336823095225355,45.998513536236715,33.5788330015971,4.515006230804895,4.515006230804895,43.9236218244629,4.515679763643716,-28.821816864420462,-28.821816864420462,-2.074891711773816,-29.06315323795338
390,0,Vocal,0,-1,5.687501874366566,5.687501874366565,27.30678832399416,5.7255846833649695,12.363386688045486,12.363386688045486,44.26537333185574,12.366351989236708,6.67588481367892,6.675884813678921,16.958585007861583,6.640767305871739
390,1,Bass,0,-1,-6.759728251320885,-6.759728251320885,7.22783374834547,-5.829761167529388,2.52564117734406,2.5256411773440597,25.772679283584168,2.5577319224904738,9.285369428664945,9.285369428664945,18.544845535238696,8.387493090019863
390,2,Drums,0,0,32.342730491259715,32.342730491259715,46.72750858279279,32.50400747518222,5.8707069205763895,5.8707069205763895,50.286742494852405,5.8709046147876744,-26.472023570683326,-26.472023570683326,3.559233912059618,-26.633102860394544
391,0,Vocal,0,-1,10.767825577337387,10.767825577337389,28.598296809727152,10.845985590897282,13.652388397738884,13.652388397738884,42.826039616417255,13.657870287598064,2.884562820401497,2.884562820401495,14.227742806690102,2.8118846967007816
391,1,Bass,0,-4122,-0.46537523014839255,-0.46537523014839255,11.706343513859203,0.09006647813825455,-28.752928314934756,-28.752928314934756,1.572812792793987,-26.454339183901517,-28.287553084786364,-28.287553084786364,-10.133530721065215,-26.54440566203977
391,2,Drums,0,0,20.9522433172377,20.9522433172377,29.62939876726718,21.58985887205034,4.713095708603247,4.713095708603246,47.573768310490614,4.713396064084336,-16.23914760863445,-16.239147608634454,17.944369543223434,-16.876462807966004
392,0,Vocal,0,-1,14.131422518908334,14.131422518908334,33.14987179997737,14.18831059994794,13.826886018468539,13.826886018468539,56.48081769344137,13.82713045742122,-0.3045365004397951,-0.3045365004397951,23.330945893463998,-0.36118014252672026
392,1,Bass,0,1959,3.726000770020911,3.7260007700209123,17.18436799478993,4.008682805831554,-22.807582858714905,-22.807582858714905,38.19808171714066,-22.807091412743247,-26.533583628735816,-26.53358362873582,21.01371372235073,-26.815774218574802
392,2,Drums,0,-1,33.18455709428261,33.18455709428261,45.02959860211937,33.478369689062866,6.024299241747041,6.024299241747041,46.104674280440236,6.024831995307174,-27.16025785253557,-27.16025785253557,1.0750756783208644,-27.453537693755692
393,0,Vocal,0,-1,18.83098024809999,18.83098024809999,46.43160643486584,18.838630966703427,16.394966116270865,16.394966116270865,50.48172612925463,16.396699605435302,-2.4360141318291255,-2.4360141318291255,4.0501196943887905,-2.441931361268125
393,1,Bass,0,-1,3.5723098452376236,3.5723098452376236,17.67940254475855,3.817836780540958,-3.7036856587043565,-3.7036856587043565,37.92285991906055,-3.702687391942232,-7.27599550394198,-7.27599550394198,20.243457374302,-7.52052417248319
393,2,Drums,0,-1,23.60067398543555,23.60067398543555,27.86521837069038,25.64605529610827,8.259448532172645,8.259448532172646,39.90503952144478,8.262866571108187,-15.341225453262904,-15.341225453262902,12.039821150754399,-17.383188725000082
394,0,Vocal,0,-1,17.61323705889756,17.61323705889756,44.91091170513161,17.62147529302362,17.78321974520462,17.78321974520462,44.002537609674334,17.793775774947967,0.16998268630705837,0.16998268630705837,-0.9083740954572761,0.17230048192434566
394,1,Bass,0,-1841,2.2896756650300927,2.2896756650300936,19.810374492696592,2.4123587186037163,-22.749964503607497,-22.749964503607497,4.177244353890001,-21.335558711556306,-25.03964016863759,-25.03964016863759,-15.633130138806592,-23.747917430160022
394,2,Drums,0,-1,29.36308390743249,29.36308390743249,41.60798135058371,29.630422006423697,6.546363588664066,6.546363588664066,40.154325655191194,6.548675332580744,-22.816720318768425,-22.816720318768425,-1.4536556953925128,-23.081746673842954
395,0,Vocal,0,-1,13.410022212404801,13.410022212404801,36.69465941275111,13.431384616123829,12.51445925075271,12.51445925075271,41.90439079885622,12.519739585569585,-0.8955629616520913,-0.8955629616520913,5.209731386105112,-0.9116450305542436
395,1,Bass,0,0,5.98154416665953,5.98154416665953,21.766847095340896,6.1265196528365395,-1.6153074660710611,-1.6153074660710627,44.69476686164346,-1.6150589927977643,-7.5968516327305915,-7.596851632730592,22.927919766302562,-7.741578645634304
395,2,Drums,0,-1,25.766686159201775,25.766686159201775,33.64684129665034,26.540909531148735,7.603186211031199,7.603186211031199,55.413972838414054,7.603270514626162,-18.163499948170575,-18.163499948170575,21.767131541763717,-18.937639016522574
396,0,Vocal,0,-1,11.90009234255216,11.90009234255216,35.76675577345156,11.919107763030867,11.560644913913407,11.560644913913407,51.879319006059255,11.561075733705621,-0.33944742863875277,-0.33944742863875277,16.112563232607698,-0.3580320293252459
396,1,Bass,0,-3,3.125200619399907,3.125200619399907,17.929616038278226,3.3406908505445814,-4.511334069571563,-4.511334069571563,23.036618810440714,-4.482161751158523,-7.63653468897147,-7.63653468897147,5.107002772162488,-7.822852601703104
396,2,Drums,0,-1,29.767346219855483,29.767346219855483,37.255775872502134,30.6210385719282,6.2821924857219535,6.2821924857219535,33.06429233512785,6.293457269069779,-23.48515373413353,-23.48515373413353,-4.191483537374282,-24.32758130285842
397,0,Vocal,0,-1,18.47744421439957,18.47744421439957,41.485835545306685,18.499529980322183,13.272579761259355,13.272579761259355,43.18637968125425,13.277220005795655,-5.204864453140214,-5.204864453140214,1.7005441359475668,-5.222309974526528
397,1,Bass,0,-482,7.686960031693473,7.686960031693473,22.527842955511453,7.85600838867661,-24.638086062572576,-24.638086062572576,23.430000920445174,-24.61846534208652,-32.32504609426605,-32.32504609426605,0.9021579649337212,-32.47447373076313
397,2,Drums,0,-1,26.46984473926603,26.46984473926603,37.36092950370952,26.839612901155174,6.993715952347993,6.993715952347993,48.929254796975165,6.9940495776644065,-19.476128786918036,-19.476128786918036,11.568325293265644,-19.84556332349077
398,0,Vocal,0,-1,18.22894714328221,18.22894714328221,41.13645020138253,18.251572740332588,16.52747651346516,16.52747651346516,52.124755959528635,16.528699686454548,-1.7014706298170488,-1.7014706298170488,10.988305758146105,-1.7228730538780397
398,1,Bass,0,0,8.827342321842501,8.827342321842501,22.5989082367343,9.037316180481598,-1.6104899853858088,-1.6104899853858097,26.205868548696042,-1.5929126396023883,-10.437832307228309,-10.43783230722831,3.6069603119617426,-10.630228820083987
398,2,Drums,0,-1,23.693255961267823,23.693255961267823,30.618813720181052,24.68230415289301,4.797597740155788,4.797597740155788,30.932345242387203,4.811688726893975,-18.895658221112036,-18.895658221112036,0.31353152220615144,-19.870615425999034
399,0,Vocal,0,0,-4.742799870165211,-4.742799870165211,19.24149515349739,-4.67400615112984,-4.30707179704889,-4.30707179704889,38.98677064163444,-4.306326609554175,0.4357280731163211,0.4357280731163211,19.745275488137054,0.36767954157566507
399,1,Bass,0,1,5.112552345292698,5.112552345292698,19.066620079245308,5.344409681071815,-2.945325317785225,-2.945325317785225,42.81012703883995,-2.944984175385935,-8.057877663077925,-8.057877663077925,23.743506959594644,-8.28939385645775
399,2,Drums,0,-1,41.484218060527226,41.484218060527226,61.19237825628032,41.53087444188998,9.642287390857625,9.642287390857625,29.409554784918942,9.693323548168763,-31.8419306696696,-31.8419306696696,-31.78282347136138,-31.837550893721215
