idx,ch,stem,SIRB_in,LTR_in,U_in,U0_in,U_legacy_in,EXP_in,EXP0_in,EXP_legacy_in,RBR_in,RBRpct_in,SIRB_out,LTR_out,U_out,U0_out,U_legacy_out,EXP_out,EXP0_out,EXP_legacy_out,RBR_out,RBRpct_out,BR
0,0,Vocal,15.40846061706543,-15.40845012664795,0.01893727108836174,0.01893727108836174,0.018357492983341217,98.10626983642578,98.10626983642578,98.16424560546875,0.027978848665952682,2.797884941101074,15.40846061706543,-15.40845012664795,0.01893727108836174,0.01893727108836174,0.018357492983341217,98.10626983642578,98.10626983642578,98.16424560546875,0.027978848665952682,2.797884941101074,0.0
0,1,Bass,17.542253494262695,-17.5422306060791,0.11572378128767014,0.11572357267141342,0.09533397108316422,88.42761993408203,88.42764282226562,90.46659851074219,0.017305904999375343,1.7305904626846313,17.542253494262695,-17.5422306060791,0.11572378128767014,0.11572357267141342,0.09533397108316422,88.42761993408203,88.42764282226562,90.46659851074219,0.017305904999375343,1.7305904626846313,0.0
0,2,Drums,30.38214111328125,-30.38196563720703,0.0005490720504894853,0.0005490718758665025,0.000775906431954354,99.9450912475586,99.9450912475586,99.92240905761719,0.0009149511461146176,0.09149511158466339,30.38214111328125,-30.38196563720703,0.0005490720504894853,0.0005490718758665025,0.000775906431954354,99.9450912475586,99.9450912475586,99.92240905761719,0.0009149511461146176,0.09149511158466339,0.0
1,0,Vocal,13.787598609924316,-13.787601470947266,0.00834906566888094,0.008349057286977768,0.009176293388009071,99.16509246826172,99.16509246826172,99.08236694335938,0.04012849181890488,4.0128493309021,13.787598609924316,-13.787601470947266,0.00834906566888094,0.008349057286977768,0.009176293388009071,99.16509246826172,99.16509246826172,99.08236694335938,0.04012849181890488,4.0128493309021,0.0
1,1,Bass,23.651260375976562,-23.65129280090332,0.041065286844968796,0.04106521233916283,0.04403257742524147,95.89347076416016,95.89347839355469,95.59674072265625,0.004295379389077425,0.42953795194625854,23.651260375976562,-23.65129280090332,0.041065286844968796,0.04106521233916283,0.04403257742524147,95.89347076416016,95.89347839355469,95.59674072265625,0.004295379389077425,0.42953795194625854,0.0
1,2,Drums,19.36960220336914,-19.369611740112305,0.00030699692433699965,0.000306996691506356,0.0,99.96929931640625,99.96929931640625,100.0,0.011430018581449986,1.143001914024353,19.36960220336914,-19.369611740112305,0.00030699692433699965,0.000306996691506356,0.0,99.96929931640625,99.96929931640625,100.0,0.011430018581449986,1.143001914024353,0.0
2,0,Vocal,23.819313049316406,-23.819255828857422,0.006959633436053991,0.006959631107747555,0.007630669511854649,99.30403900146484,99.30403900146484,99.2369384765625,0.004133034497499466,0.4133034348487854,23.819313049316406,-23.819255828857422,0.006959633436053991,0.006959631107747555,0.007630669511854649,99.30403900146484,99.30403900146484,99.2369384765625,0.004133034497499466,0.4133034348487854,0.0
2,1,Bass,27.99541664123535,-27.995269775390625,0.026601046323776245,0.026601046323776245,0.029324756935238838,97.33988952636719,97.33988952636719,97.06752014160156,0.0015840521082282066,0.15840521454811096,27.99541664123535,-27.995269775390625,0.026601046323776245,0.026601046323776245,0.029324756935238838,97.33988952636719,97.33988952636719,97.06752014160156,0.0015840521082282066,0.15840521454811096,0.0
2,2,Drums,28.291349411010742,-28.291301727294922,0.002835423918440938,0.0028354236856102943,0.009404907934367657,99.7164535522461,99.7164535522461,99.05950927734375,0.0014798534102737904,0.1479853391647339,28.291349411010742,-28.291301727294922,0.002835423918440938,0.0028354236856102943,0.009404907934367657,99.7164535522461,99.7164535522461,99.05950927734375,0.0014798534102737904,0.1479853391647339,0.0
3,0,Vocal,23.9071044921875,-23.907058715820312,0.012432693503797054,0.012432693503797054,0.01294680219143629,98.75672912597656,98.75672912597656,98.705322265625,0.004050680436193943,0.405068039894104,23.9071044921875,-23.907058715820312,0.012432693503797054,0.012432693503797054,0.01294680219143629,98.75672912597656,98.75672912597656,98.705322265625,0.004050680436193943,0.405068039894104,0.0
3,1,Bass,11.305437088012695,-11.305435180664062,0.09235173463821411,0.09235111624002457,0.08245567977428436,90.76482391357422,90.76488494873047,91.75443267822266,0.06893453001976013,6.893453121185303,11.305437088012695,-11.305435180664062,0.09235173463821411,0.09235111624002457,0.08245567977428436,90.76482391357422,90.76488494873047,91.75443267822266,0.06893453001976013,6.893453121185303,0.0
3,2,Drums,28.416275024414062,-28.416236877441406,0.0016226853476837277,0.0016226846491917968,0.0021353766787797213,99.83773040771484,99.83773040771484,99.78646087646484,0.0014379489002749324,0.14379489421844482,28.416275024414062,-28.416236877441406,0.0016226853476837277,0.0016226846491917968,0.0021353766787797213,99.83773040771484,99.83773040771484,99.78646087646484,0.0014379489002749324,0.14379489421844482,0.0
4,0,Vocal,14.500333786010742,-14.500349998474121,0.012607475742697716,0.012607474811375141,0.01408373098820448,98.7392578125,98.7392578125,98.59162902832031,0.03426297754049301,3.426297664642334,14.500333786010742,-14.500349998474121,0.012607475742697716,0.012607474811375141,0.01408373098820448,98.7392578125,98.7392578125,98.59162902832031,0.03426297754049301,3.426297664642334,0.0
4,1,Bass,20.6476993560791,-20.647686004638672,0.04038598760962486,0.040385935455560684,0.04502248018980026,95.9614028930664,95.9614028930664,95.49774932861328,0.00854093860834837,0.8540938496589661,20.6476993560791,-20.647686004638672,0.04038598760962486,0.040385935455560684,0.04502248018980026,95.9614028930664,95.9614028930664,95.49774932861328,0.00854093860834837,0.8540938496589661,0.0
4,2,Drums,26.556533813476562,-26.55651092529297,0.0011213463731110096,0.0011213425314053893,0.001658980967476964,99.88786315917969,99.88786315917969,99.83409881591797,0.0022049255203455687,0.22049255669116974,26.556533813476562,-26.55651092529297,0.0011213463731110096,0.0011213425314053893,0.001658980967476964,99.88786315917969,99.88786315917969,99.83409881591797,0.0022049255203455687,0.22049255669116974,0.0
5,0,Vocal,18.169479370117188,-18.169471740722656,0.007768948096781969,0.007768937386572361,0.008286220952868462,99.22310638427734,99.22310638427734,99.17137908935547,0.01501353271305561,1.5013532638549805,18.169479370117188,-18.169471740722656,0.007768948096781969,0.007768937386572361,0.008286220952868462,99.22310638427734,99.22310638427734,99.17137908935547,0.01501353271305561,1.5013532638549805,0.0
5,1,Bass,16.444988250732422,-16.444990158081055,0.05101758614182472,0.0510166734457016,0.04402351751923561,94.89823913574219,94.89833068847656,95.59764862060547,0.022169969975948334,2.216996908187866,16.444988250732422,-16.444990158081055,0.05101758614182472,0.0510166734457016,0.04402351751923561,94.89823913574219,94.89833068847656,95.59764862060547,0.022169969975948334,2.216996908187866,0.0
5,2,Drums,24.14353370666504,-24.143503189086914,0.00020531940390355885,0.00020531934569589794,0.0,99.9794692993164,99.9794692993164,100.0,0.0038369265384972095,0.3836926519870758,24.14353370666504,-24.143503189086914,0.00020531940390355885,0.00020531934569589794,0.0,99.9794692993164,99.9794692993164,100.0,0.0038369265384972095,0.3836926519870758,0.0
6,0,Vocal,32.63869857788086,-32.63884735107422,0.026302242651581764,0.02630222775042057,0.027606017887592316,97.36978149414062,97.36978149414062,97.23939514160156,0.0005443788249976933,0.05443788319826126,32.63869857788086,-32.63884735107422,0.026302242651581764,0.02630222775042057,0.027606017887592316,97.36978149414062,97.36978149414062,97.23939514160156,0.0005443788249976933,0.05443788319826126,0.0
6,1,Bass,36.90732192993164,-36.906124114990234,0.031603407114744186,0.03160334378480911,0.03177524730563164,96.83966064453125,96.83966827392578,96.82247924804688,0.0002038259553955868,0.02038259617984295,36.90732192993164,-36.906124114990234,0.031603407114744186,0.03160334378480911,0.03177524730563164,96.83966064453125,96.83966827392578,96.82247924804688,0.0002038259553955868,0.02038259617984295,0.0
6,2,Drums,36.5677490234375,-36.5678825378418,0.003244074061512947,0.003244074061512947,0.006485266145318747,99.67559051513672,99.67559051513672,99.35147094726562,0.0002203321928391233,0.022033220157027245,36.5677490234375,-36.5678825378418,0.003244074061512947,0.003244074061512947,0.006485266145318747,99.67559051513672,99.67559051513672,99.35147094726562,0.0002203321928391233,0.022033220157027245,0.0
7,0,Vocal,11.561554908752441,-11.561555862426758,0.01946139708161354,0.019461382180452347,0.020433833822607994,98.05386352539062,98.05386352539062,97.95661926269531,0.06524430960416794,6.524430751800537,11.561554908752441,-11.561555862426758,0.01946139708161354,0.019461382180452347,0.020433833822607994,98.05386352539062,98.05386352539062,97.95661926269531,0.06524430960416794,6.524430751800537,0.0
7,1,Bass,23.40564727783203,-23.405643463134766,0.0406758189201355,0.04067578911781311,0.04311855882406235,95.93241882324219,95.93242645263672,95.68814849853516,0.004544205032289028,0.4544205069541931,23.40564727783203,-23.405643463134766,0.0406758189201355,0.04067578911781311,0.04311855882406235,95.93241882324219,95.93242645263672,95.68814849853516,0.004544205032289028,0.4544205069541931,0.0
7,2,Drums,23.43781280517578,-23.43780517578125,0.0018084854818880558,0.0018084847833961248,0.002511820523068309,99.81915283203125,99.81915283203125,99.74881744384766,0.004510863218456507,0.4510863125324249,23.43781280517578,-23.43780517578125,0.0018084854818880558,0.0018084847833961248,0.002511820523068309,99.81915283203125,99.81915283203125,99.74881744384766,0.004510863218456507,0.4510863125324249,0.0
8,0,Vocal,36.936641693115234,-36.93655014038086,0.006114451680332422,0.006114443298429251,0.007815094664692879,99.38855743408203,99.38855743408203,99.21849060058594,0.00020245419000275433,0.020245419815182686,36.936641693115234,-36.93655014038086,0.006114451680332422,0.006114443298429251,0.007815094664692879,99.38855743408203,99.38855743408203,99.21849060058594,0.00020245419000275433,0.020245419815182686,0.0
8,1,Bass,26.506813049316406,-26.5067081451416,0.012438664212822914,0.012438561767339706,0.010909619741141796,98.75613403320312,98.75614929199219,98.9090347290039,0.002230218378826976,0.22302183508872986,26.506813049316406,-26.5067081451416,0.012438664212822914,0.012438561767339706,0.010909619741141796,98.75613403320312,98.75614929199219,98.9090347290039,0.002230218378826976,0.22302183508872986,0.0
8,2,Drums,28.575824737548828,-28.57569122314453,0.005999431479722261,0.005999431479722261,0.007247107103466988,99.40005493164062,99.40005493164062,99.2752914428711,0.0013861814513802528,0.13861814141273499,28.575824737548828,-28.57569122314453,0.005999431479722261,0.005999431479722261,0.007247107103466988,99.40005493164062,99.40005493164062,99.2752914428711,0.0013861814513802528,0.13861814141273499,0.0
9,0,Vocal,32.40348434448242,-32.403160095214844,0.003346029669046402,0.003346025012433529,0.00567866675555706,99.66539764404297,99.66539764404297,99.43213653564453,0.0005746507085859776,0.057465068995952606,32.40348434448242,-32.403160095214844,0.003346029669046402,0.003346025012433529,0.00567866675555706,99.66539764404297,99.66539764404297,99.43213653564453,0.0005746507085859776,0.057465068995952606,0.0
9,1,Bass,19.771806716918945,-19.77180290222168,0.020724264904856682,0.020724212750792503,0.02010256052017212,97.92757415771484,97.92757415771484,97.98974609375,0.01042958628386259,1.0429586172103882,19.771806716918945,-19.77180290222168,0.020724264904856682,0.020724212750792503,0.02010256052017212,97.92757415771484,97.92757415771484,97.98974609375,0.01042958628386259,1.0429586172103882,0.0
9,2,Drums,29.433286666870117,-29.433380126953125,0.005763663910329342,0.005763663910329342,0.004556993022561073,99.42363739013672,99.42363739013672,99.54429626464844,0.0011380690848454833,0.11380691081285477,29.433286666870117,-29.433380126953125,0.005763663910329342,0.005763663910329342,0.004556993022561073,99.42363739013672,99.42363739013672,99.54429626464844,0.0011380690848454833,0.11380691081285477,0.0
10,0,Vocal,28.469602584838867,-28.469654083251953,0.006905226968228817,0.006905226036906242,0.0075909290462732315,99.30947875976562,99.30947875976562,99.24090576171875,0.0014204515609890223,0.14204515516757965,28.469602584838867,-28.469654083251953,0.006905226968228817,0.006905226036906242,0.0075909290462732315,99.30947875976562,99.30947875976562,99.24090576171875,0.0014204515609890223,0.14204515516757965,0.0
10,1,Bass,21.182334899902344,-21.182292938232422,0.03283246234059334,0.032832201570272446,0.025303786620497704,96.71675872802734,96.71678161621094,97.46961975097656,0.007559142075479031,0.7559142112731934,21.182334899902344,-21.182292938232422,0.03283246234059334,0.032832201570272446,0.025303786620497704,96.71675872802734,96.71678161621094,97.46961975097656,0.007559142075479031,0.7559142112731934,0.0
10,2,Drums,37.19215774536133,-37.1921501159668,0.005626913625746965,0.0056269061751663685,0.006506835576146841,99.43730926513672,99.43730926513672,99.34931182861328,0.0001908659323817119,0.019086593762040138,37.19215774536133,-37.1921501159668,0.005626913625746965,0.0056269061751663685,0.006506835576146841,99.43730926513672,99.43730926513672,99.34931182861328,0.0001908659323817119,0.019086593762040138,0.0
11,0,Vocal,30.942298889160156,-30.941852569580078,0.002868416951969266,0.0028684139251708984,0.0009312405018135905,99.7131576538086,99.7131576538086,99.90687561035156,0.0008043009438551962,0.08043009787797928,30.942298889160156,-30.941852569580078,0.002868416951969266,0.0028684139251708984,0.0009312405018135905,99.7131576538086,99.7131576538086,99.90687561035156,0.0008043009438551962,0.08043009787797928,0.0
11,1,Bass,17.86391830444336,-17.863916397094727,0.01575956866145134,0.01575954258441925,0.018219852820038795,98.42404174804688,98.4240493774414,98.17801666259766,0.016090258955955505,1.6090259552001953,17.86391830444336,-17.863916397094727,0.01575956866145134,0.01575954258441925,0.018219852820038795,98.42404174804688,98.4240493774414,98.17801666259766,0.016090258955955505,1.6090259552001953,0.0
11,2,Drums,19.551319122314453,-19.55131721496582,0.00374678079970181,0.003746776608750224,0.004143575206398964,99.62532043457031,99.62532806396484,99.58563995361328,0.010966802015900612,1.0966801643371582,19.551319122314453,-19.55131721496582,0.00374678079970181,0.003746776608750224,0.004143575206398964,99.62532043457031,99.62532806396484,99.58563995361328,0.010966802015900612,1.0966801643371582,0.0
12,0,Vocal,28.9724063873291,-28.972442626953125,0.003986196126788855,0.003986195661127567,0.0054922704584896564,99.60137939453125,99.60137939453125,99.45077514648438,0.0012653270969167352,0.12653270363807678,28.9724063873291,-28.972442626953125,0.003986196126788855,0.003986195661127567,0.0054922704584896564,99.60137939453125,99.60137939453125,99.45077514648438,0.0012653270969167352,0.12653270363807678,0.0
12,1,Bass,23.291942596435547,-23.291959762573242,0.01138252206146717,0.01138242892920971,0.014704645611345768,98.86174774169922,98.86176300048828,98.52953338623047,0.004664148669689894,0.4664148688316345,23.291942596435547,-23.291959762573242,0.01138252206146717,0.01138242892920971,0.014704645611345768,98.86174774169922,98.86176300048828,98.52953338623047,0.004664148669689894,0.4664148688316345,0.0
12,2,Drums,29.499134063720703,-29.49908447265625,0.007262359373271465,0.007262350060045719,0.009471061639487743,99.27376556396484,99.27376556396484,99.05289459228516,0.0011209971271455288,0.11209971457719803,29.499134063720703,-29.49908447265625,0.007262359373271465,0.007262350060045719,0.009471061639487743,99.27376556396484,99.27376556396484,99.05289459228516,0.0011209971271455288,0.11209971457719803,0.0
13,0,Vocal,31.933162689208984,-31.933204650878906,0.0030253534205257893,0.0030253534205257893,0.0042733242735266685,99.69746398925781,99.69746398925781,99.57266998291016,0.0006403750157915056,0.0640375018119812,31.933162689208984,-31.933204650878906,0.0030253534205257893,0.0030253534205257893,0.0042733242735266685,99.69746398925781,99.69746398925781,99.57266998291016,0.0006403750157915056,0.0640375018119812,0.0
13,1,Bass,18.668006896972656,-18.668001174926758,0.012713625095784664,0.012713620439171791,0.014318197034299374,98.7286376953125,98.7286376953125,98.56818389892578,0.013407162390649319,1.3407162427902222,18.668006896972656,-18.668001174926758,0.012713625095784664,0.012713620439171791,0.014318197034299374,98.7286376953125,98.7286376953125,98.56818389892578,0.013407162390649319,1.3407162427902222,0.0
13,2,Drums,27.01504135131836,-27.01500701904297,0.009598213247954845,0.009598197415471077,0.014012344181537628,99.0401840209961,99.0401840209961,98.59877014160156,0.001984447706490755,0.19844476878643036,27.01504135131836,-27.01500701904297,0.009598213247954845,0.009598197415471077,0.014012344181537628,99.0401840209961,99.0401840209961,98.59877014160156,0.001984447706490755,0.19844476878643036,0.0
14,0,Vocal,21.42848014831543,-21.42847442626953,0.03577616065740585,0.035776037722826004,0.03882807493209839,96.4223861694336,96.42240142822266,96.11719512939453,0.007145609240978956,0.7145609259605408,21.42848014831543,-21.42847442626953,0.03577616065740585,0.035776037722826004,0.03882807493209839,96.4223861694336,96.42240142822266,96.11719512939453,0.007145609240978956,0.7145609259605408,0.0
14,1,Bass,17.85829734802246,-17.858299255371094,0.02679397165775299,0.02679396979510784,0.03176841139793396,97.32060241699219,97.32060241699219,96.82315826416016,0.016110843047499657,1.6110843420028687,17.85829734802246,-17.858299255371094,0.02679397165775299,0.02679396979510784,0.03176841139793396,97.32060241699219,97.32060241699219,96.82315826416016,0.016110843047499657,1.6110843420028687,0.0
14,2,Drums,28.603778839111328,-28.603744506835938,0.0015152114210650325,0.0015152113046497107,0.0009742595138959587,99.84848022460938,99.84848022460938,99.90257263183594,0.0013772784732282162,0.13772784173488617,28.603778839111328,-28.603744506835938,0.0015152114210650325,0.0015152113046497107,0.0009742595138959587,99.84848022460938,99.84848022460938,99.90257263183594,0.0013772784732282162,0.13772784173488617,0.0
15,0,Vocal,29.098129272460938,-29.097902297973633,0.0037535661831498146,0.003753559896722436,0.004236136097460985,99.62464904785156,99.62464904785156,99.57638549804688,0.0012293268227949739,0.12293267995119095,29.098129272460938,-29.097902297973633,0.0037535661831498146,0.003753559896722436,0.004236136097460985,99.62464904785156,99.62464904785156,99.57638549804688,0.0012293268227949739,0.12293267995119095,0.0
15,1,Bass,18.49449348449707,-18.494489669799805,0.010039243847131729,0.010039242915809155,0.012334181927144527,98.9960708618164,98.9960708618164,98.76658630371094,0.013946089893579483,1.394608974456787,18.49449348449707,-18.494489669799805,0.010039243847131729,0.010039242915809155,0.012334181927144527,98.9960708618164,98.9960708618164,98.76658630371094,0.013946089893579483,1.394608974456787,0.0
15,2,Drums,27.426071166992188,-27.42608642578125,0.013254689052700996,0.013254649937152863,0.011229157447814941,98.67453002929688,98.6745376586914,98.87708282470703,0.0018055362161248922,0.1805536150932312,27.426071166992188,-27.42608642578125,0.013254689052700996,0.013254649937152863,0.011229157447814941,98.67453002929688,98.6745376586914,98.87708282470703,0.0018055362161248922,0.1805536150932312,0.0
16,0,Vocal,27.039554595947266,-27.039573669433594,0.04918884485960007,0.04918883740901947,0.05119746923446655,95.08111572265625,95.08111572265625,94.88025665283203,0.0019732823129743338,0.19732822477817535,27.039554595947266,-27.039573669433594,0.04918884485960007,0.04918883740901947,0.05119746923446655,95.08111572265625,95.08111572265625,94.88025665283203,0.0019732823129743338,0.19732822477817535,0.0
16,1,Bass,14.09517765045166,-14.095176696777344,0.1796456277370453,0.1796448677778244,0.17928871512413025,82.03543090820312,82.03551483154297,82.07112884521484,0.0374876968562603,3.748769760131836,14.09517765045166,-14.095176696777344,0.1796456277370453,0.1796448677778244,0.17928871512413025,82.03543090820312,82.03551483154297,82.07112884521484,0.0374876968562603,3.748769760131836,0.0
16,2,Drums,34.359683990478516,-34.35970687866211,0.0018541254103183746,0.001854125177487731,0.0019287283066660166,99.81459045410156,99.81459045410156,99.80712890625,0.0003663221432361752,0.03663221374154091,34.359683990478516,-34.35970687866211,0.0018541254103183746,0.001854125177487731,0.0019287283066660166,99.81459045410156,99.81459045410156,99.80712890625,0.0003663221432361752,0.03663221374154091,0.0
17,0,Vocal,26.0869140625,-26.086824417114258,0.014207110740244389,0.014207109808921814,0.01428552158176899,98.57928466796875,98.57928466796875,98.57144927978516,0.0024560976307839155,0.24560976028442383,26.0869140625,-26.086824417114258,0.014207110740244389,0.014207109808921814,0.01428552158176899,98.57928466796875,98.57928466796875,98.57144927978516,0.0024560976307839155,0.24560976028442383,0.0
17,1,Bass,12.96646499633789,-12.966463088989258,0.19511882960796356,0.19511879980564117,0.19703969359397888,80.48811340332031,80.48812103271484,80.29602813720703,0.04807889088988304,4.807888984680176,12.96646499633789,-12.966463088989258,0.19511882960796356,0.19511879980564117,0.19703969359397888,80.48811340332031,80.48812103271484,80.29602813720703,0.04807889088988304,4.807888984680176,0.0
17,2,Drums,28.404035568237305,-28.403980255126953,0.007572952192276716,0.007572952192276716,0.008301674388349056,99.24270629882812,99.24270629882812,99.16983032226562,0.001442022155970335,0.14420221745967865,28.404035568237305,-28.403980255126953,0.007572952192276716,0.007572952192276716,0.008301674388349056,99.24270629882812,99.24270629882812,99.16983032226562,0.001442022155970335,0.14420221745967865,0.0
18,0,Vocal,12.604843139648438,-12.604841232299805,0.17493398487567902,0.17493394017219543,0.17546586692333221,82.50659942626953,82.50660705566406,82.45341491699219,0.052036430686712265,5.203642845153809,12.604843139648438,-12.604841232299805,0.17493398487567902,0.17493394017219543,0.17546586692333221,82.50659942626953,82.50660705566406,82.45341491699219,0.052036430686712265,5.203642845153809,0.0
18,1,Bass,16.03937530517578,-16.039377212524414,0.22258369624614716,0.2225830852985382,0.21302150189876556,77.74163055419922,77.74169158935547,78.69784545898438,0.024287624284625053,2.428762435913086,16.03937530517578,-16.039377212524414,0.22258369624614716,0.2225830852985382,0.21302150189876556,77.74163055419922,77.74169158935547,78.69784545898438,0.024287624284625053,2.428762435913086,0.0
18,2,Drums,31.306970596313477,-31.307504653930664,0.0006763609126210213,0.0006763609126210213,0.003602476790547371,99.93236541748047,99.93236541748047,99.6397476196289,0.0007395317079499364,0.07395317405462265,31.306970596313477,-31.307504653930664,0.0006763609126210213,0.0006763609126210213,0.003602476790547371,99.93236541748047,99.93236541748047,99.6397476196289,0.0007395317079499364,0.07395317405462265,0.0
19,0,Vocal,8.042818069458008,-8.042818069458008,0.055182985961437225,0.05518297851085663,0.057505421340465546,94.48169708251953,94.48169708251953,94.24945831298828,0.1356467604637146,13.564676284790039,8.042818069458008,-8.042818069458008,0.055182985961437225,0.05518297851085663,0.057505421340465546,94.48169708251953,94.48169708251953,94.24945831298828,0.1356467604637146,13.564676284790039,0.0
19,1,Bass,11.909040451049805,-11.909040451049805,0.1656167209148407,0.16561609506607056,0.1700034737586975,83.43832397460938,83.43839263916016,82.99964904785156,0.06053106114268303,6.053106307983398,11.909040451049805,-11.909040451049805,0.1656167209148407,0.16561609506607056,0.1700034737586975,83.43832397460938,83.43839263916016,82.99964904785156,0.06053106114268303,6.053106307983398,0.0
19,2,Drums,32.6501350402832,-32.64997100830078,0.0006339139072224498,0.0006339139072224498,0.00044952548341825604,99.93660736083984,99.93660736083984,99.95504760742188,0.000542959722224623,0.05429597198963165,32.6501350402832,-32.64997100830078,0.0006339139072224498,0.0006339139072224498,0.00044952548341825604,99.93660736083984,99.93660736083984,99.95504760742188,0.000542959722224623,0.05429597198963165,0.0
20,0,Vocal,26.969017028808594,-26.969036102294922,0.03938823565840721,0.03938821330666542,0.03972650319337845,96.06117248535156,96.06117248535156,96.02735137939453,0.002005533082410693,0.2005533128976822,26.969017028808594,-26.969036102294922,0.03938823565840721,0.03938821330666542,0.03972650319337845,96.06117248535156,96.06117248535156,96.02735137939453,0.002005533082410693,0.2005533128976822,0.0
20,1,Bass,11.359312057495117,-11.359306335449219,0.27344638109207153,0.2734455466270447,0.2709585428237915,72.65536499023438,72.65544891357422,72.90414428710938,0.06814257055521011,6.8142571449279785,11.359312057495117,-11.359306335449219,0.27344638109207153,0.2734455466270447,0.2709585428237915,72.65536499023438,72.65544891357422,72.90414428710938,0.06814257055521011,6.8142571449279785,0.0
20,2,Drums,35.7168083190918,-35.71826171875,0.0021925056353211403,0.0021925035398453474,0.00024431871133856475,99.78074645996094,99.78074645996094,99.97557067871094,0.0002679989265743643,0.026799893006682396,35.7168083190918,-35.71826171875,0.0021925056353211403,0.0021925035398453474,0.00024431871133856475,99.78074645996094,99.78074645996094,99.97557067871094,0.0002679989265743643,0.026799893006682396,0.0
21,0,Vocal,37.24127197265625,-37.24186706542969,0.06517963111400604,0.06517963111400604,0.06643541902303696,93.4820327758789,93.4820327758789,93.35646057128906,0.0001886775717139244,0.01886775717139244,37.24127197265625,-37.24186706542969,0.06517963111400604,0.06517963111400604,0.06643541902303696,93.4820327758789,93.4820327758789,93.35646057128906,0.0001886775717139244,0.01886775717139244,0.0
21,1,Bass,14.830392837524414,-14.830392837524414,0.1393028050661087,0.1393027901649475,0.13817119598388672,86.06971740722656,86.06971740722656,86.18287658691406,0.03183533996343613,3.1835339069366455,14.830392837524414,-14.830392837524414,0.1393028050661087,0.1393027901649475,0.13817119598388672,86.06971740722656,86.06971740722656,86.18287658691406,0.03183533996343613,3.1835339069366455,0.0
21,2,Drums,37.27985763549805,-37.280059814453125,0.0019411443499848247,0.0019411417888477445,0.00452772993594408,99.8058853149414,99.8058853149414,99.54722595214844,0.00018706732953432947,0.018706733360886574,37.27985763549805,-37.280059814453125,0.0019411443499848247,0.0019411417888477445,0.00452772993594408,99.8058853149414,99.8058853149414,99.54722595214844,0.00018706732953432947,0.018706733360886574,0.0
22,0,Vocal,4.081974983215332,-4.081976890563965,0.16477639973163605,0.1647758036851883,0.14834080636501312,83.5223617553711,83.52242279052734,85.1659164428711,0.28091859817504883,28.091859817504883,4.081974983215332,-4.081976890563965,0.16477639973163605,0.1647758036851883,0.14834080636501312,83.5223617553711,83.52242279052734,85.1659164428711,0.28091859817504883,28.091859817504883,0.0
22,1,Bass,15.580831527709961,-15.580826759338379,0.15039777755737305,0.15039777755737305,0.15479612350463867,84.96022033691406,84.96022033691406,84.5203857421875,0.026919430121779442,2.6919429302215576,15.580831527709961,-15.580826759338379,0.15039777755737305,0.15039777755737305,0.15479612350463867,84.96022033691406,84.96022033691406,84.5203857421875,0.026919430121779442,2.6919429302215576,0.0
22,2,Drums,29.077728271484375,-29.077665328979492,0.00012830850027967244,0.00012830850027967244,0.0042328299023211,99.98716735839844,99.98716735839844,99.57672119140625,0.0012351033510640264,0.12351033836603165,29.077728271484375,-29.077665328979492,0.00012830850027967244,0.00012830850027967244,0.0042328299023211,99.98716735839844,99.98716735839844,99.57672119140625,0.0012351033510640264,0.12351033836603165,0.0
23,0,Vocal,34.67403793334961,-34.674156188964844,0.030060844495892525,0.030060842633247375,0.030610255897045135,96.9939193725586,96.9939193725586,96.93897247314453,0.00034075291478075087,0.0340752899646759,34.67403793334961,-34.674156188964844,0.030060844495892525,0.030060842633247375,0.030610255897045135,96.9939193725586,96.9939193725586,96.93897247314453,0.00034075291478075087,0.0340752899646759,0.0
23,1,Bass,13.312776565551758,-13.312776565551758,0.17549848556518555,0.17549848556518555,0.18284311890602112,82.45014953613281,82.45014953613281,81.71569061279297,0.044558096677064896,4.455809593200684,13.312776565551758,-13.312776565551758,0.17549848556518555,0.17549848556518555,0.18284311890602112,82.45014953613281,82.45014953613281,81.71569061279297,0.044558096677064896,4.455809593200684,0.0
23,2,Drums,33.83869934082031,-33.83855056762695,0.005027567036449909,0.005027563311159611,0.0063011120073497295,99.49723815917969,99.49723815917969,99.36988830566406,0.00041300439625047147,0.04130043834447861,33.83869934082031,-33.83855056762695,0.005027567036449909,0.005027563311159611,0.0063011120073497295,99.49723815917969,99.49723815917969,99.36988830566406,0.00041300439625047147,0.04130043834447861,0.0
24,0,Vocal,23.146236419677734,-23.14622688293457,0.014645148068666458,0.01464514434337616,0.013813532888889313,98.53548431396484,98.53548431396484,98.61864471435547,0.004822535905987024,0.4822535812854767,23.146236419677734,-23.14622688293457,0.014645148068666458,0.01464514434337616,0.013813532888889313,98.53548431396484,98.53548431396484,98.61864471435547,0.004822535905987024,0.4822535812854767,0.0
24,1,Bass,21.997316360473633,-21.997299194335938,0.039965443313121796,0.039965443313121796,0.03360925614833832,96.00345611572266,96.00345611572266,96.63907623291016,0.0062738219276070595,0.627382218837738,21.997316360473633,-21.997299194335938,0.039965443313121796,0.039965443313121796,0.03360925614833832,96.00345611572266,96.00345611572266,96.63907623291016,0.0062738219276070595,0.627382218837738,0.0
24,2,Drums,32.279075622558594,-32.27892303466797,0.004199344664812088,0.004199344664812088,0.004080381244421005,99.58007049560547,99.58007049560547,99.59196472167969,0.0005913659115321934,0.05913659185171127,32.279075622558594,-32.27892303466797,0.004199344664812088,0.004199344664812088,0.004080381244421005,99.58007049560547,99.58007049560547,99.59196472167969,0.0005913659115321934,0.05913659185171127,0.0
25,0,Vocal,26.346023559570312,-26.346071243286133,0.01122044026851654,0.01122043002396822,0.011307120323181152,98.8779525756836,98.8779525756836,98.8692855834961,0.0023141822312027216,0.23141822218894958,26.346023559570312,-26.346071243286133,0.01122044026851654,0.01122043002396822,0.011307120323181152,98.8779525756836,98.8779525756836,98.8692855834961,0.0023141822312027216,0.23141822218894958,0.0
25,1,Bass,14.332145690917969,-14.332149505615234,0.01808862015604973,0.01808862015604973,0.02099335566163063,98.1911392211914,98.1911392211914,97.90066528320312,0.03556782379746437,3.5567824840545654,14.332145690917969,-14.332149505615234,0.01808862015604973,0.01808862015604973,0.02099335566163063,98.1911392211914,98.1911392211914,97.90066528320312,0.03556782379746437,3.5567824840545654,0.0
25,2,Drums,34.042816162109375,-34.04302215576172,0.004219451919198036,0.00421944772824645,0.0030871029011905193,99.57805633544922,99.57805633544922,99.69129180908203,0.00039404796552844346,0.03940479829907417,34.042816162109375,-34.04302215576172,0.004219451919198036,0.00421944772824645,0.0030871029011905193,99.57805633544922,99.57805633544922,99.69129180908203,0.00039404796552844346,0.03940479829907417,0.0
26,0,Vocal,10.811592102050781,-10.811592102050781,0.06108975037932396,0.061089735478162766,0.05964843928813934,93.89102172851562,93.89102172851562,94.03515625,0.07660030573606491,7.660030364990234,10.811592102050781,-10.811592102050781,0.06108975037932396,0.061089735478162766,0.05964843928813934,93.89102172851562,93.89102172851562,94.03515625,0.07660030573606491,7.660030364990234,0.0
26,1,Bass,16.77435302734375,-16.774349212646484,0.08764537423849106,0.08764515817165375,0.0969775915145874,91.23546600341797,91.23548126220703,90.30223846435547,0.020584119483828545,2.0584118366241455,16.77435302734375,-16.774349212646484,0.08764537423849106,0.08764515817165375,0.0969775915145874,91.23546600341797,91.23548126220703,90.30223846435547,0.020584119483828545,2.0584118366241455,0.0
26,2,Drums,26.015239715576172,-26.015201568603516,0.015659432858228683,0.015659423545002937,0.014430713839828968,98.43405151367188,98.43405151367188,98.55693054199219,0.0024968336801975965,0.24968336522579193,26.015239715576172,-26.015201568603516,0.015659432858228683,0.015659423545002937,0.014430713839828968,98.43405151367188,98.43405151367188,98.55693054199219,0.0024968336801975965,0.24968336522579193,0.0
27,0,Vocal,37.71940612792969,-37.72187805175781,0.007423373870551586,0.007423363160341978,0.006873965263366699,99.25765991210938,99.2576675415039,99.31260681152344,0.0001690084027359262,0.016900841146707535,37.71940612792969,-37.72187805175781,0.007423373870551586,0.007423363160341978,0.006873965263366699,99.25765991210938,99.2576675415039,99.31260681152344,0.0001690084027359262,0.016900841146707535,0.0
27,1,Bass,23.02841567993164,-23.02842140197754,0.046280764043331146,0.04628074914216995,0.04784263297915459,95.3719253540039,95.3719253540039,95.21573638916016,0.004954495932906866,0.49544960260391235,23.02841567993164,-23.02842140197754,0.046280764043331146,0.04628074914216995,0.04784263297915459,95.3719253540039,95.3719253540039,95.21573638916016,0.004954495932906866,0.49544960260391235,0.0
27,2,Drums,27.811927795410156,-27.811756134033203,0.0032201569993048906,0.0032201569993048906,0.002129737287759781,99.67798614501953,99.67798614501953,99.78702545166016,0.0016523170052096248,0.16523170471191406,27.811927795410156,-27.811756134033203,0.0032201569993048906,0.0032201569993048906,0.002129737287759781,99.67798614501953,99.67798614501953,99.78702545166016,0.0016523170052096248,0.16523170471191406,0.0
28,0,Vocal,14.163037300109863,-14.163040161132812,0.008095115423202515,0.008095110766589642,0.009632040746510029,99.19048309326172,99.19049072265625,99.03679656982422,0.03692791238427162,3.692791223526001,14.163037300109863,-14.163040161132812,0.008095115423202515,0.008095110766589642,0.009632040746510029,99.19048309326172,99.19049072265625,99.03679656982422,0.03692791238427162,3.692791223526001,0.0
28,1,Bass,16.25495147705078,-16.254953384399414,0.08911986649036407,0.0891197994351387,0.09938030689954758,91.0880126953125,91.08802032470703,90.06196594238281,0.02313859388232231,2.313859462738037,16.25495147705078,-16.254953384399414,0.08911986649036407,0.0891197994351387,0.09938030689954758,91.0880126953125,91.08802032470703,90.06196594238281,0.02313859388232231,2.313859462738037,0.0
28,2,Drums,16.860015869140625,-16.860004425048828,0.0016556420596316457,0.0016556420596316457,0.0011448623845353723,99.83443450927734,99.83443450927734,99.88551330566406,0.020190183073282242,2.0190184116363525,16.860015869140625,-16.860004425048828,0.0016556420596316457,0.0016556420596316457,0.0011448623845353723,99.83443450927734,99.83443450927734,99.88551330566406,0.020190183073282242,2.0190184116363525,0.0
29,0,Vocal,23.621044158935547,-23.621013641357422,0.01704534702003002,0.017045341432094574,0.017300670966506004,98.29547119140625,98.29547119140625,98.26993560791016,0.004325294867157936,0.432529479265213,23.621044158935547,-23.621013641357422,0.01704534702003002,0.017045341432094574,0.017300670966506004,98.29547119140625,98.29547119140625,98.26993560791016,0.004325294867157936,0.432529479265213,0.0
29,1,Bass,16.292417526245117,-16.292417526245117,0.07677417993545532,0.07677404582500458,0.0687742754817009,92.32257843017578,92.32259368896484,93.12257385253906,0.022944439202547073,2.2944438457489014,16.292417526245117,-16.292417526245117,0.07677417993545532,0.07677404582500458,0.0687742754817009,92.32257843017578,92.32259368896484,93.12257385253906,0.022944439202547073,2.2944438457489014,0.0
29,2,Drums,25.38467025756836,-25.38466453552246,0.005444993730634451,0.005444993264973164,0.00602309126406908,99.45549774169922,99.45549774169922,99.39768981933594,0.0028858790174126625,0.28858789801597595,25.38467025756836,-25.38466453552246,0.005444993730634451,0.005444993264973164,0.00602309126406908,99.45549774169922,99.45549774169922,99.39768981933594,0.0028858790174126625,0.28858789801597595,0.0
30,0,Vocal,1.991961121559143,-1.991960883140564,0.20496930181980133,0.20496921241283417,0.19601403176784515,79.5030746459961,79.5030746459961,80.39859771728516,0.38730236887931824,38.7302360534668,1.991961121559143,-1.991960883140564,0.20496930181980133,0.20496921241283417,0.19601403176784515,79.5030746459961,79.5030746459961,80.39859771728516,0.38730236887931824,38.7302360534668,0.0
30,1,Bass,24.24576759338379,-24.245759963989258,0.10123669356107712,0.10123655200004578,0.10151989758014679,89.87632751464844,89.8763427734375,89.84801483154297,0.003747941693291068,0.3747941553592682,24.24576759338379,-24.245759963989258,0.10123669356107712,0.10123655200004578,0.10151989758014679,89.87632751464844,89.8763427734375,89.84801483154297,0.003747941693291068,0.3747941553592682,0.0
30,2,Drums,22.55531120300293,-22.5552921295166,0.011876136064529419,0.011876135133206844,0.013203120790421963,98.81239318847656,98.81239318847656,98.6796875,0.005521593149751425,0.552159309387207,22.55531120300293,-22.5552921295166,0.011876136064529419,0.011876135133206844,0.013203120790421963,98.81239318847656,98.81239318847656,98.6796875,0.005521593149751425,0.552159309387207,0.0
31,0,Vocal,19.335643768310547,-19.335630416870117,0.05785487964749336,0.05785487964749336,0.056559327989816666,94.21450805664062,94.21450805664062,94.34407043457031,0.011518748477101326,1.1518748998641968,19.335643768310547,-19.335630416870117,0.05785487964749336,0.05785487964749336,0.056559327989816666,94.21450805664062,94.21450805664062,94.34407043457031,0.011518748477101326,1.1518748998641968,0.0
31,1,Bass,16.348918914794922,-16.348920822143555,0.16781529784202576,0.1678103506565094,0.1686820685863495,83.21846771240234,83.2189712524414,83.13179016113281,0.02265460416674614,2.26546049118042,16.348918914794922,-16.348920822143555,0.16781529784202576,0.1678103506565094,0.1686820685863495,83.21846771240234,83.2189712524414,83.13179016113281,0.02265460416674614,2.26546049118042,0.0
31,2,Drums,29.68329620361328,-29.683229446411133,0.0001832076522987336,0.00018320485833100975,0.0,99.98167419433594,99.98167419433594,100.0,0.0010745367035269737,0.10745367407798767,29.68329620361328,-29.683229446411133,0.0001832076522987336,0.00018320485833100975,0.0,99.98167419433594,99.98167419433594,100.0,0.0010745367035269737,0.10745367407798767,0.0
32,0,Vocal,22.875635147094727,-22.875595092773438,0.16264121234416962,0.16264121234416962,0.17546387016773224,83.73587799072266,83.73587799072266,82.45361328125,0.00513103324919939,0.5131033062934875,22.875635147094727,-22.875595092773438,0.16264121234416962,0.16264121234416962,0.17546387016773224,83.73587799072266,83.73587799072266,82.45361328125,0.00513103324919939,0.5131033062934875,0.0
32,1,Bass,13.271981239318848,-13.271982192993164,0.04142100363969803,0.04142099991440773,0.0453970804810524,95.85790252685547,95.85790252685547,95.46028900146484,0.044959697872400284,4.495969772338867,13.271981239318848,-13.271982192993164,0.04142100363969803,0.04142099991440773,0.0453970804810524,95.85790252685547,95.85790252685547,95.46028900146484,0.044959697872400284,4.495969772338867,0.0
32,2,Drums,33.718727111816406,-33.7184944152832,0.0002514219668228179,0.0002514219668228179,0.0005097941029816866,99.97486114501953,99.97486114501953,99.94902038574219,0.0004246103635523468,0.04246103763580322,33.718727111816406,-33.7184944152832,0.0002514219668228179,0.0002514219668228179,0.0005097941029816866,99.97486114501953,99.97486114501953,99.94902038574219,0.0004246103635523468,0.04246103763580322,0.0
33,0,Vocal,22.032752990722656,-22.032758712768555,0.25370022654533386,0.2536996901035309,0.25668394565582275,74.62997436523438,74.63003540039062,74.33160400390625,0.006223159842193127,0.6223160028457642,22.032752990722656,-22.032758712768555,0.25370022654533386,0.2536996901035309,0.25668394565582275,74.62997436523438,74.63003540039062,74.33160400390625,0.006223159842193127,0.6223160028457642,0.0
33,1,Bass,23.338695526123047,-23.33867645263672,0.10462410748004913,0.10462407022714615,0.10371322184801102,89.53759002685547,89.53759002685547,89.62867736816406,0.0046145073138177395,0.4614507257938385,23.338695526123047,-23.33867645263672,0.10462410748004913,0.10462407022714615,0.10371322184801102,89.53759002685547,89.53759002685547,89.62867736816406,0.0046145073138177395,0.4614507257938385,0.0
33,2,Drums,39.3197021484375,-39.320289611816406,0.0003148901159875095,0.0003148899704683572,0.0005399278597906232,99.96851348876953,99.96851348876953,99.94600677490234,0.00011691685358528048,0.011691685765981674,39.3197021484375,-39.320289611816406,0.0003148901159875095,0.0003148899704683572,0.0005399278597906232,99.96851348876953,99.96851348876953,99.94600677490234,0.00011691685358528048,0.011691685765981674,0.0
34,0,Vocal,20.490203857421875,-20.490249633789062,0.20265553891658783,0.20265553891658783,0.20570801198482513,79.73444366455078,79.73444366455078,79.42919921875,0.008853496052324772,0.8853496313095093,20.490203857421875,-20.490249633789062,0.20265553891658783,0.20265553891658783,0.20570801198482513,79.73444366455078,79.73444366455078,79.42919921875,0.008853496052324772,0.8853496313095093,0.0
34,1,Bass,22.299388885498047,-22.29937744140625,0.1735994517803192,0.17359939217567444,0.16964814066886902,82.64005279541016,82.64006042480469,83.03518676757812,0.005854800809174776,0.5854800939559937,22.299388885498047,-22.29937744140625,0.1735994517803192,0.17359939217567444,0.16964814066886902,82.64005279541016,82.64006042480469,83.03518676757812,0.005854800809174776,0.5854800939559937,0.0
34,2,Drums,40.262969970703125,-40.263065338134766,0.0003217386547476053,0.0003217386547476053,0.0,99.96782684326172,99.96782684326172,100.0,9.412428335053846e-05,0.009412428364157677,40.262969970703125,-40.263065338134766,0.0003217386547476053,0.0003217386547476053,0.0,99.96782684326172,99.96782684326172,100.0,9.412428335053846e-05,0.009412428364157677,0.0
35,0,Vocal,8.791177749633789,-8.791177749633789,0.7063690423965454,0.7063689827919006,0.7166560888290405,29.363096237182617,29.363101959228516,28.33439064025879,0.11668096482753754,11.668096542358398,8.791177749633789,-8.791177749633789,0.7063690423965454,0.7063689827919006,0.7166560888290405,29.363096237182617,29.363101959228516,28.33439064025879,0.11668096482753754,11.668096542358398,0.0
35,1,Bass,22.177288055419922,-22.1773624420166,0.1283193677663803,0.12831932306289673,0.13318435847759247,87.16806030273438,87.1680679321289,86.68156433105469,0.006020679138600826,0.6020678877830505,22.177288055419922,-22.1773624420166,0.1283193677663803,0.12831932306289673,0.13318435847759247,87.16806030273438,87.1680679321289,86.68156433105469,0.006020679138600826,0.6020678877830505,0.0
35,2,Drums,40.3715934753418,-40.3707275390625,7.19460440450348e-05,7.194603676907718e-05,0.0,99.99280548095703,99.99280548095703,100.0,9.184541704598814e-05,0.00918454211205244,40.3715934753418,-40.3707275390625,7.19460440450348e-05,7.194603676907718e-05,0.0,99.99280548095703,99.99280548095703,100.0,9.184541704598814e-05,0.00918454211205244,0.0
36,0,Vocal,22.364986419677734,-22.3649959564209,0.045148808509111404,0.04514880105853081,0.04636244475841522,95.48512268066406,95.48512268066406,95.36375427246094,0.005767513997852802,0.5767514109611511,22.364986419677734,-22.3649959564209,0.045148808509111404,0.04514880105853081,0.04636244475841522,95.48512268066406,95.48512268066406,95.36375427246094,0.005767513997852802,0.5767514109611511,0.0
36,1,Bass,15.823980331420898,-15.823997497558594,0.23737500607967377,0.23736606538295746,0.2331913411617279,76.26249694824219,76.26338958740234,76.68086242675781,0.02549098990857601,2.5490989685058594,15.823980331420898,-15.823997497558594,0.23737500607967377,0.23736606538295746,0.2331913411617279,76.26249694824219,76.26338958740234,76.68086242675781,0.02549098990857601,2.5490989685058594,0.0
36,2,Drums,34.95497512817383,-34.95504379272461,6.417840631911531e-05,6.41783990431577e-05,0.0,99.99358367919922,99.99358367919922,100.0,0.00031945487717166543,0.03194548934698105,34.95497512817383,-34.95504379272461,6.417840631911531e-05,6.41783990431577e-05,0.0,99.99358367919922,99.99358367919922,100.0,0.00031945487717166543,0.03194548934698105,0.0
37,0,Vocal,9.489327430725098,-9.489327430725098,0.6779465079307556,0.6779458522796631,0.6814665198326111,32.20534896850586,32.205413818359375,31.853347778320312,0.10110572725534439,10.110572814941406,9.489327430725098,-9.489327430725098,0.6779465079307556,0.6779458522796631,0.6814665198326111,32.20534896850586,32.205413818359375,31.853347778320312,0.10110572725534439,10.110572814941406,0.0
37,1,Bass,21.01844596862793,-21.018457412719727,0.15392886102199554,0.15392884612083435,0.15520398318767548,84.60710906982422,84.60710906982422,84.47959899902344,0.00784752331674099,0.7847523093223572,21.01844596862793,-21.018457412719727,0.15392886102199554,0.15392884612083435,0.15520398318767548,84.60710906982422,84.60710906982422,84.47959899902344,0.00784752331674099,0.7847523093223572,0.0
37,2,Drums,40.127567291259766,-40.12841796875,8.96507190191187e-05,8.965071174316108e-05,0.0,99.99103546142578,99.99103546142578,100.0,9.706916171126068e-05,0.00970691628754139,40.127567291259766,-40.12841796875,8.96507190191187e-05,8.965071174316108e-05,0.0,99.99103546142578,99.99103546142578,100.0,9.706916171126068e-05,0.00970691628754139,0.0
38,0,Vocal,20.43826675415039,-20.438249588012695,0.21612533926963806,0.21611857414245605,0.2230142056941986,78.38746643066406,78.38814544677734,77.69857788085938,0.008959144353866577,0.8959144353866577,20.43826675415039,-20.438249588012695,0.21612533926963806,0.21611857414245605,0.2230142056941986,78.38746643066406,78.38814544677734,77.69857788085938,0.008959144353866577,0.8959144353866577,0.0
38,1,Bass,21.119909286499023,-21.119903564453125,0.15444804728031158,0.1544462889432907,0.15487945079803467,84.5551986694336,84.55536651611328,84.51205444335938,0.0076677207835018635,0.7667720913887024,21.119909286499023,-21.119903564453125,0.15444804728031158,0.1544462889432907,0.15487945079803467,84.5551986694336,84.55536651611328,84.51205444335938,0.0076677207835018635,0.7667720913887024,0.0
38,2,Drums,40.5295524597168,-40.52946090698242,0.00021183412172831595,0.00021183319040574133,0.0,99.97881317138672,99.97881317138672,100.0,8.848994184518233e-05,0.00884899403899908,40.5295524597168,-40.52946090698242,0.00021183412172831595,0.00021183319040574133,0.0,99.97881317138672,99.97881317138672,100.0,8.848994184518233e-05,0.00884899403899908,0.0
39,0,Vocal,20.676620483398438,-20.67661476135254,0.31343603134155273,0.31343573331832886,0.3153376281261444,68.6563949584961,68.65642547607422,68.46623229980469,0.008484702557325363,0.8484702706336975,20.676620483398438,-20.67661476135254,0.31343603134155273,0.31343573331832886,0.3153376281261444,68.6563949584961,68.65642547607422,68.46623229980469,0.008484702557325363,0.8484702706336975,0.0
39,1,Bass,19.55707359313965,-19.557083129882812,0.13507145643234253,0.1350710242986679,0.14030015468597412,86.49285125732422,86.4928970336914,85.96998596191406,0.010952486656606197,1.0952486991882324,19.55707359313965,-19.557083129882812,0.13507145643234253,0.1350710242986679,0.14030015468597412,86.49285125732422,86.4928970336914,85.96998596191406,0.010952486656606197,1.0952486991882324,0.0
39,2,Drums,40.3687744140625,-40.36915588378906,8.853735198499635e-05,8.853735198499635e-05,0.0,99.99114990234375,99.99114990234375,100.0,9.184123337035999e-05,0.009184123016893864,40.3687744140625,-40.36915588378906,8.853735198499635e-05,8.853735198499635e-05,0.0,99.99114990234375,99.99114990234375,100.0,9.184123337035999e-05,0.009184123016893864,0.0
40,0,Vocal,16.357133865356445,-16.35715103149414,0.007081001065671444,0.00708099827170372,0.007689695339649916,99.29190063476562,99.29190063476562,99.23102569580078,0.02261272259056568,2.2612721920013428,16.357133865356445,-16.35715103149414,0.007081001065671444,0.00708099827170372,0.007689695339649916,99.29190063476562,99.29190063476562,99.23102569580078,0.02261272259056568,2.2612721920013428,0.0
40,1,Bass,29.490127563476562,-29.489788055419922,0.00681817252188921,0.0068181720562279224,0.007097035180777311,99.31818389892578,99.31818389892578,99.29029846191406,0.0011233582627028227,0.11233582347631454,29.490127563476562,-29.489788055419922,0.00681817252188921,0.0068181720562279224,0.007097035180777311,99.31818389892578,99.31818389892578,99.29029846191406,0.0011233582627028227,0.11233582347631454,0.0
40,2,Drums,21.837135314941406,-21.837120056152344,0.0050150565803050995,0.005015056114643812,0.005020994693040848,99.49848937988281,99.49848937988281,99.4979019165039,0.006508041638880968,0.6508041620254517,21.837135314941406,-21.837120056152344,0.0050150565803050995,0.005015056114643812,0.005020994693040848,99.49848937988281,99.49848937988281,99.4979019165039,0.006508041638880968,0.6508041620254517,0.0
41,0,Vocal,32.830318450927734,-32.83004379272461,0.002873857505619526,0.002873857505619526,0.0036614565178751945,99.71261596679688,99.71261596679688,99.63385772705078,0.0005208952934481204,0.05208953097462654,32.830318450927734,-32.83004379272461,0.002873857505619526,0.002873857505619526,0.0036614565178751945,99.71261596679688,99.71261596679688,99.63385772705078,0.0005208952934481204,0.05208953097462654,0.0
41,1,Bass,32.660640716552734,-32.660377502441406,0.054009824991226196,0.05400969833135605,0.05763165280222893,94.5990219116211,94.59902954101562,94.23683166503906,0.0005416308413259685,0.05416308343410492,32.660640716552734,-32.660377502441406,0.054009824991226196,0.05400969833135605,0.05763165280222893,94.5990219116211,94.59902954101562,94.23683166503906,0.0005416308413259685,0.05416308343410492,0.0
41,2,Drums,33.741355895996094,-33.741485595703125,0.0028381752781569958,0.0028381752781569958,0.003426528535783291,99.71617889404297,99.71617889404297,99.6573486328125,0.0004223623836878687,0.04223623871803284,33.741355895996094,-33.741485595703125,0.0028381752781569958,0.0028381752781569958,0.003426528535783291,99.71617889404297,99.71617889404297,99.6573486328125,0.0004223623836878687,0.04223623871803284,0.0
42,0,Vocal,24.24237060546875,-24.242359161376953,0.0014419000362977386,0.0014418999198824167,0.0028653531335294247,99.8558120727539,99.8558120727539,99.71346282958984,0.0037508662790060043,0.37508663535118103,24.24237060546875,-24.242359161376953,0.0014419000362977386,0.0014418999198824167,0.0028653531335294247,99.8558120727539,99.8558120727539,99.71346282958984,0.0037508662790060043,0.37508663535118103,0.0
42,1,Bass,21.69570541381836,-21.695653915405273,0.00901472382247448,0.009014704264700413,0.03852051496505737,99.09852600097656,99.09852600097656,96.14794921875,0.006722067948430777,0.6722068190574646,21.69570541381836,-21.695653915405273,0.00901472382247448,0.009014704264700413,0.03852051496505737,99.09852600097656,99.09852600097656,96.14794921875,0.006722067948430777,0.6722068190574646,0.0
42,2,Drums,22.0479736328125,-22.047948837280273,0.0003144433721899986,0.0003144432557746768,0.009428908117115498,99.96855926513672,99.96855926513672,99.0571060180664,0.0062015727162361145,0.6201572418212891,22.0479736328125,-22.047948837280273,0.0003144433721899986,0.0003144432557746768,0.009428908117115498,99.96855926513672,99.96855926513672,99.0571060180664,0.0062015727162361145,0.6201572418212891,0.0
43,0,Vocal,19.36136245727539,-19.36136245727539,0.01695321686565876,0.01695321314036846,0.016061048954725266,98.30467987060547,98.30467987060547,98.39389038085938,0.011451438069343567,1.145143747329712,19.36136245727539,-19.36136245727539,0.01695321686565876,0.01695321314036846,0.016061048954725266,98.30467987060547,98.30467987060547,98.39389038085938,0.011451438069343567,1.145143747329712,0.0
43,1,Bass,38.6104850769043,-38.61100769042969,0.009353992529213428,0.009353912435472012,0.008469329215586185,99.0645980834961,99.06460571289062,99.15306854248047,0.00013768997450824827,0.0137689970433712,38.6104850769043,-38.61100769042969,0.009353992529213428,0.009353912435472012,0.008469329215586185,99.0645980834961,99.06460571289062,99.15306854248047,0.00013768997450824827,0.0137689970433712,0.0
43,2,Drums,29.242822647094727,-29.242919921875,0.00794319249689579,0.007943189702928066,0.007835270836949348,99.20568084716797,99.20568084716797,99.21647644042969,0.0011890589958056808,0.11890590190887451,29.242822647094727,-29.242919921875,0.00794319249689579,0.007943189702928066,0.007835270836949348,99.20568084716797,99.20568084716797,99.21647644042969,0.0011890589958056808,0.11890590190887451,0.0
44,0,Vocal,24.13318634033203,-24.133298873901367,0.009427261538803577,0.009427260607481003,0.010453715920448303,99.0572738647461,99.0572738647461,98.95462799072266,0.0038459652569144964,0.3845965266227722,24.13318634033203,-24.133298873901367,0.009427261538803577,0.009427260607481003,0.010453715920448303,99.0572738647461,99.0572738647461,98.95462799072266,0.0038459652569144964,0.3845965266227722,0.0
44,1,Bass,19.557098388671875,-19.557100296020508,0.012723404914140701,0.012723404914140701,0.03370065614581108,98.7276611328125,98.7276611328125,96.62993621826172,0.010952329263091087,1.0952329635620117,19.557098388671875,-19.557100296020508,0.012723404914140701,0.012723404914140701,0.03370065614581108,98.7276611328125,98.7276611328125,96.62993621826172,0.010952329263091087,1.0952329635620117,0.0
44,2,Drums,29.045318603515625,-29.045337677001953,0.0013280273415148258,0.0013280273415148258,0.0006505216588266194,99.86719512939453,99.86719512939453,99.93494415283203,0.0012443067971616983,0.12443067878484726,29.045318603515625,-29.045337677001953,0.0013280273415148258,0.0013280273415148258,0.0006505216588266194,99.86719512939453,99.86719512939453,99.93494415283203,0.0012443067971616983,0.12443067878484726,0.0
45,0,Vocal,29.050321578979492,-29.050079345703125,0.0035785180516541004,0.0035785173531621695,0.00433012330904603,99.64214324951172,99.64214324951172,99.5669937133789,0.0012428994523361325,0.12428994476795197,29.050321578979492,-29.050079345703125,0.0035785180516541004,0.0035785173531621695,0.00433012330904603,99.64214324951172,99.64214324951172,99.5669937133789,0.0012428994523361325,0.12428994476795197,0.0
45,1,Bass,23.825542449951172,-23.82544708251953,0.014152033254504204,0.014151915907859802,0.0218080785125494,98.58479309082031,98.58480834960938,97.8191909790039,0.004127169959247112,0.41271698474884033,23.825542449951172,-23.82544708251953,0.014152033254504204,0.014151915907859802,0.0218080785125494,98.58479309082031,98.58480834960938,97.8191909790039,0.004127169959247112,0.41271698474884033,0.0
45,2,Drums,31.57719612121582,-31.577289581298828,0.0021629524417221546,0.0021629524417221546,0.001262687030248344,99.78370666503906,99.78370666503906,99.87373352050781,0.0006949796224944293,0.0694979652762413,31.57719612121582,-31.577289581298828,0.0021629524417221546,0.0021629524417221546,0.001262687030248344,99.78370666503906,99.78370666503906,99.87373352050781,0.0006949796224944293,0.0694979652762413,0.0
46,0,Vocal,20.593616485595703,-20.593624114990234,0.010961311869323254,0.010961275547742844,0.01030742283910513,98.90386962890625,98.90386962890625,98.96925354003906,0.008647080510854721,0.8647080659866333,20.593616485595703,-20.593624114990234,0.010961311869323254,0.010961275547742844,0.01030742283910513,98.90386962890625,98.90386962890625,98.96925354003906,0.008647080510854721,0.8647080659866333,0.0
46,1,Bass,18.695432662963867,-18.695438385009766,0.009639198891818523,0.009639189578592777,0.009552068077027798,99.03607940673828,99.03607940673828,99.04479217529297,0.013323865830898285,1.3323866128921509,18.695432662963867,-18.695438385009766,0.009639198891818523,0.009639189578592777,0.009552068077027798,99.03607940673828,99.03607940673828,99.04479217529297,0.013323865830898285,1.3323866128921509,0.0
46,2,Drums,28.198623657226562,-28.198545455932617,0.0014241916360333562,0.0014241915196180344,0.0003327822487335652,99.85758209228516,99.85758209228516,99.96672058105469,0.0015117524890229106,0.15117524564266205,28.198623657226562,-28.198545455932617,0.0014241916360333562,0.0014241915196180344,0.0003327822487335652,99.85758209228516,99.85758209228516,99.96672058105469,0.0015117524890229106,0.15117524564266205,0.0
47,0,Vocal,19.0064697265625,-19.0064754486084,0.016244595870375633,0.016244595870375633,0.02068684995174408,98.37554168701172,98.37554168701172,97.93131256103516,0.012414442375302315,1.2414442300796509,19.0064697265625,-19.0064754486084,0.016244595870375633,0.016244595870375633,0.02068684995174408,98.37554168701172,98.37554168701172,97.93131256103516,0.012414442375302315,1.2414442300796509,0.0
47,1,Bass,21.944488525390625,-21.94446563720703,0.03654247894883156,0.03654247522354126,0.03361443802714348,96.34574890136719,96.34574890136719,96.63855743408203,0.006350192241370678,0.6350192427635193,21.944488525390625,-21.94446563720703,0.03654247894883156,0.03654247522354126,0.03361443802714348,96.34574890136719,96.34574890136719,96.63855743408203,0.006350192241370678,0.6350192427635193,0.0
47,2,Drums,30.907329559326172,-30.907180786132812,0.0006496772984974086,0.0006496767164207995,0.0,99.93502807617188,99.93502807617188,100.0,0.0008107853354886174,0.08107853680849075,30.907329559326172,-30.907180786132812,0.0006496772984974086,0.0006496767164207995,0.0,99.93502807617188,99.93502807617188,100.0,0.0008107853354886174,0.08107853680849075,0.0
48,0,Vocal,13.727160453796387,-13.72715950012207,0.11626940220594406,0.11626850813627243,0.1162138432264328,88.37306213378906,88.3731460571289,88.37861633300781,0.0406680591404438,4.066805839538574,13.727160453796387,-13.72715950012207,0.11626940220594406,0.11626850813627243,0.1162138432264328,88.37306213378906,88.3731460571289,88.37861633300781,0.0406680591404438,4.066805839538574,0.0
48,1,Bass,16.847379684448242,-16.84737777709961,0.16629619896411896,0.16629581153392792,0.171399787068367,83.3703842163086,83.37041473388672,82.86002349853516,0.02024783194065094,2.024783134460449,16.847379684448242,-16.84737777709961,0.16629619896411896,0.16629581153392792,0.171399787068367,83.3703842163086,83.37041473388672,82.86002349853516,0.02024783194065094,2.024783134460449,0.0
48,2,Drums,31.897708892822266,-31.89759063720703,0.0004644798464141786,0.0004644797299988568,0.001296232920140028,99.95355224609375,99.95355224609375,99.87037658691406,0.000645615509711206,0.06456155329942703,31.897708892822266,-31.89759063720703,0.0004644798464141786,0.0004644797299988568,0.001296232920140028,99.95355224609375,99.95355224609375,99.87037658691406,0.000645615509711206,0.06456155329942703,0.0
49,0,Vocal,20.99530029296875,-20.99529266357422,0.02124355360865593,0.02124355360865593,0.026654453948140144,97.87564086914062,97.87564086914062,97.33454895019531,0.007889151573181152,0.7889151573181152,20.99530029296875,-20.99529266357422,0.02124355360865593,0.02124355360865593,0.026654453948140144,97.87564086914062,97.87564086914062,97.33454895019531,0.007889151573181152,0.7889151573181152,0.0
49,1,Bass,34.81145095825195,-34.811614990234375,0.03806832432746887,0.03806832432746887,0.031759750097990036,96.19316864013672,96.19316864013672,96.82402801513672,0.0003301687247585505,0.0330168716609478,34.81145095825195,-34.811614990234375,0.03806832432746887,0.03806832432746887,0.031759750097990036,96.19316864013672,96.19316864013672,96.82402801513672,0.0003301687247585505,0.0330168716609478,0.0
49,2,Drums,30.217370986938477,-30.216997146606445,0.0026967423036694527,0.002696742070838809,0.0013317844131961465,99.7303237915039,99.7303237915039,99.8668212890625,0.0009503067121841013,0.09503067284822464,30.217370986938477,-30.216997146606445,0.0026967423036694527,0.002696742070838809,0.0013317844131961465,99.7303237915039,99.7303237915039,99.8668212890625,0.0009503067121841013,0.09503067284822464,0.0
50,0,Vocal,17.203157424926758,-17.203155517578125,0.09037580341100693,0.09037569910287857,0.09365583956241608,90.9624252319336,90.9624252319336,90.63441467285156,0.018684975802898407,1.868497610092163,17.203157424926758,-17.203155517578125,0.09037580341100693,0.09037569910287857,0.09365583956241608,90.9624252319336,90.9624252319336,90.63441467285156,0.018684975802898407,1.868497610092163,0.0
50,1,Bass,9.891077995300293,-9.891079902648926,0.07566508650779724,0.07566508650779724,0.06460913270711899,92.43348693847656,92.43348693847656,93.5390853881836,0.09300320595502853,9.300320625305176,9.891077995300293,-9.891079902648926,0.07566508650779724,0.07566508650779724,0.06460913270711899,92.43348693847656,92.43348693847656,93.5390853881836,0.09300320595502853,9.300320625305176,0.0
50,2,Drums,32.661598205566406,-32.66156768798828,0.0014166252221912146,0.0014166251057758927,0.0008315307786688209,99.85833740234375,99.85833740234375,99.9168472290039,0.0005414920742623508,0.05414920672774315,32.661598205566406,-32.66156768798828,0.0014166252221912146,0.0014166251057758927,0.0008315307786688209,99.85833740234375,99.85833740234375,99.9168472290039,0.0005414920742623508,0.05414920672774315,0.0
51,0,Vocal,16.980606079101562,-16.980606079101562,0.08375702798366547,0.08375656604766846,0.08307544142007828,91.62429809570312,91.62434387207031,91.69245147705078,0.019648175686597824,1.9648175239562988,16.980606079101562,-16.980606079101562,0.08375702798366547,0.08375656604766846,0.08307544142007828,91.62429809570312,91.62434387207031,91.69245147705078,0.019648175686597824,1.9648175239562988,0.0
51,1,Bass,23.09033966064453,-23.090335845947266,0.1358334869146347,0.13583241403102875,0.1313653588294983,86.4166488647461,86.41675567626953,86.86346435546875,0.004884738940745592,0.48847389221191406,23.09033966064453,-23.090335845947266,0.1358334869146347,0.13583241403102875,0.1313653588294983,86.4166488647461,86.41675567626953,86.86346435546875,0.004884738940745592,0.48847389221191406,0.0
51,2,Drums,32.06624221801758,-32.066162109375,0.0009802273707464337,0.0009802266722545028,0.0020621626172214746,99.9019775390625,99.9019775390625,99.79378509521484,0.0006210355786606669,0.06210355833172798,32.06624221801758,-32.066162109375,0.0009802273707464337,0.0009802266722545028,0.0020621626172214746,99.9019775390625,99.9019775390625,99.79378509521484,0.0006210355786606669,0.06210355833172798,0.0
52,0,Vocal,19.851221084594727,-19.851200103759766,0.12324542552232742,0.12324488908052444,0.12102968990802765,87.67546081542969,87.6755142211914,87.89703369140625,0.010242513380944729,1.0242513418197632,19.851221084594727,-19.851200103759766,0.12324542552232742,0.12324488908052444,0.12102968990802765,87.67546081542969,87.6755142211914,87.89703369140625,0.010242513380944729,1.0242513418197632,0.0
52,1,Bass,12.996245384216309,-12.996244430541992,0.10948080569505692,0.10948065668344498,0.11502833664417267,89.05191802978516,89.05193328857422,88.4971694946289,0.047766055911779404,4.776605606079102,12.996245384216309,-12.996244430541992,0.10948080569505692,0.10948065668344498,0.11502833664417267,89.05191802978516,89.05193328857422,88.4971694946289,0.047766055911779404,4.776605606079102,0.0
52,2,Drums,35.52500534057617,-35.525386810302734,0.000610177346970886,0.0006101771723479033,0.0015136166475713253,99.93898010253906,99.93898010253906,99.84864044189453,0.0002801315567921847,0.028013154864311218,35.52500534057617,-35.525386810302734,0.000610177346970886,0.0006101771723479033,0.0015136166475713253,99.93898010253906,99.93898010253906,99.84864044189453,0.0002801315567921847,0.028013154864311218,0.0
53,0,Vocal,19.83648681640625,-19.83649444580078,0.053748372942209244,0.05374835431575775,0.05362425372004509,94.62516021728516,94.62516021728516,94.6375732421875,0.01027699001133442,1.0276989936828613,19.83648681640625,-19.83649444580078,0.053748372942209244,0.05374835431575775,0.05362425372004509,94.62516021728516,94.62516021728516,94.6375732421875,0.01027699001133442,1.0276989936828613,0.0
53,1,Bass,17.084091186523438,-17.084091186523438,0.09027238190174103,0.09027165919542313,0.09937163442373276,90.97276306152344,90.97283172607422,90.06283569335938,0.019194362685084343,1.9194362163543701,17.084091186523438,-17.084091186523438,0.09027238190174103,0.09027165919542313,0.09937163442373276,90.97276306152344,90.97283172607422,90.06283569335938,0.019194362685084343,1.9194362163543701,0.0
53,2,Drums,34.03165817260742,-34.031455993652344,0.000978113734163344,0.0009781125700101256,0.0025072009302675724,99.90219116210938,99.90219116210938,99.74928283691406,0.00039506895700469613,0.03950689733028412,34.03165817260742,-34.031455993652344,0.000978113734163344,0.0009781125700101256,0.0025072009302675724,99.90219116210938,99.90219116210938,99.74928283691406,0.00039506895700469613,0.03950689733028412,0.0
54,0,Vocal,22.47241973876953,-22.472400665283203,0.0584324412047863,0.05843241512775421,0.05848369002342224,94.15675354003906,94.1567611694336,94.15162658691406,0.005627465434372425,0.562746524810791,22.47241973876953,-22.472400665283203,0.0584324412047863,0.05843241512775421,0.05848369002342224,94.15675354003906,94.1567611694336,94.15162658691406,0.005627465434372425,0.562746524810791,0.0
54,1,Bass,9.776016235351562,-9.77601432800293,0.031123589724302292,0.031123589724302292,0.03038955293595791,96.88764190673828,96.88764190673828,96.96104431152344,0.09526228904724121,9.526228904724121,9.776016235351562,-9.77601432800293,0.031123589724302292,0.031123589724302292,0.03038955293595791,96.88764190673828,96.88764190673828,96.96104431152344,0.09526228904724121,9.526228904724121,0.0
54,2,Drums,44.21929931640625,-44.222015380859375,0.0009313129121437669,0.0009313122136518359,0.0008145763422362506,99.90686798095703,99.90686798095703,99.91854095458984,3.784750515478663e-05,0.0037847505882382393,44.21929931640625,-44.222015380859375,0.0009313129121437669,0.0009313122136518359,0.0008145763422362506,99.90686798095703,99.90686798095703,99.91854095458984,3.784750515478663e-05,0.0037847505882382393,0.0
55,0,Vocal,19.462383270263672,-19.4623966217041,0.15233725309371948,0.15233691036701202,0.15454797446727753,84.76627349853516,84.76631164550781,84.54520416259766,0.011191150173544884,1.1191149950027466,19.462383270263672,-19.4623966217041,0.15233725309371948,0.15233691036701202,0.15454797446727753,84.76627349853516,84.76631164550781,84.54520416259766,0.011191150173544884,1.1191149950027466,0.0
55,1,Bass,32.98519515991211,-32.98509216308594,0.08650879561901093,0.08650859445333481,0.082595594227314,91.34912109375,91.3491439819336,91.74044036865234,0.0005026503349654377,0.050265032798051834,32.98519515991211,-32.98509216308594,0.08650879561901093,0.08650859445333481,0.082595594227314,91.34912109375,91.3491439819336,91.74044036865234,0.0005026503349654377,0.050265032798051834,0.0
55,2,Drums,44.39374542236328,-44.38959503173828,0.0005662739858962595,0.000566273694857955,0.0,99.94336700439453,99.94337463378906,100.0,3.6365872801980004e-05,0.0036365871783345938,44.39374542236328,-44.38959503173828,0.0005662739858962595,0.000566273694857955,0.0,99.94336700439453,99.94337463378906,100.0,3.6365872801980004e-05,0.0036365871783345938,0.0
56,0,Vocal,31.244718551635742,-31.244644165039062,0.006439576856791973,0.0064395698718726635,0.008084971457719803,99.35604095458984,99.35604095458984,99.1915054321289,0.0007502568769268692,0.07502568513154984,31.244718551635742,-31.244644165039062,0.006439576856791973,0.0064395698718726635,0.008084971457719803,99.35604095458984,99.35604095458984,99.1915054321289,0.0007502568769268692,0.07502568513154984,0.0
56,1,Bass,29.01625633239746,-29.016077041625977,0.005424611736088991,0.005424611270427704,0.0038606792222708464,99.45753479003906,99.45753479003906,99.61393737792969,0.001252672984264791,0.12526729702949524,29.01625633239746,-29.016077041625977,0.005424611736088991,0.005424611270427704,0.0038606792222708464,99.45753479003906,99.45753479003906,99.61393737792969,0.001252672984264791,0.12526729702949524,0.0
56,2,Drums,29.73058319091797,-29.730480194091797,0.003126402385532856,0.003126402385532856,0.003476308658719063,99.68736267089844,99.68736267089844,99.6523666381836,0.0010629263706505299,0.10629263520240784,29.73058319091797,-29.730480194091797,0.003126402385532856,0.003126402385532856,0.003476308658719063,99.68736267089844,99.68736267089844,99.6523666381836,0.0010629263706505299,0.10629263520240784,0.0
57,0,Vocal,24.82598876953125,-24.826162338256836,0.009333992376923561,0.009333983063697815,0.011211439967155457,99.06660461425781,99.06660461425781,98.87885284423828,0.0032806808594614267,0.3280680775642395,24.82598876953125,-24.826162338256836,0.009333992376923561,0.009333983063697815,0.011211439967155457,99.06660461425781,99.06660461425781,98.87885284423828,0.0032806808594614267,0.3280680775642395,0.0
57,1,Bass,31.238853454589844,-31.238767623901367,0.0029474785551428795,0.002947478322312236,0.004345770459622145,99.70525360107422,99.70525360107422,99.56542205810547,0.0007512471056543291,0.07512471079826355,31.238853454589844,-31.238767623901367,0.0029474785551428795,0.002947478322312236,0.004345770459622145,99.70525360107422,99.70525360107422,99.56542205810547,0.0007512471056543291,0.07512471079826355,0.0
57,2,Drums,27.78377342224121,-27.783737182617188,0.0020273029804229736,0.0020273029804229736,0.0035184966400265694,99.79727172851562,99.79727172851562,99.64814758300781,0.001663037110120058,0.16630370914936066,27.78377342224121,-27.783737182617188,0.0020273029804229736,0.0020273029804229736,0.0035184966400265694,99.79727172851562,99.79727172851562,99.64814758300781,0.001663037110120058,0.16630370914936066,0.0
58,0,Vocal,17.717599868774414,-17.717607498168945,0.006774162407964468,0.006774161942303181,0.00840526819229126,99.32257843017578,99.32257843017578,99.15946960449219,0.016632385551929474,1.663238525390625,17.717599868774414,-17.717607498168945,0.006774162407964468,0.006774161942303181,0.00840526819229126,99.32257843017578,99.32257843017578,99.15946960449219,0.016632385551929474,1.663238525390625,0.0
58,1,Bass,27.665645599365234,-27.665477752685547,0.0037823377642780542,0.003782334504649043,0.0035000378265976906,99.62176513671875,99.62176513671875,99.64999389648438,0.0017088353633880615,0.17088353633880615,27.665645599365234,-27.665477752685547,0.0037823377642780542,0.003782334504649043,0.0035000378265976906,99.62176513671875,99.62176513671875,99.64999389648438,0.0017088353633880615,0.17088353633880615,0.0
58,2,Drums,28.013296127319336,-28.013212203979492,0.0016507674008607864,0.0016507664695382118,0.0026614440139383078,99.83492279052734,99.83492279052734,99.73385620117188,0.0015776115469634533,0.15776115655899048,28.013296127319336,-28.013212203979492,0.0016507674008607864,0.0016507664695382118,0.0026614440139383078,99.83492279052734,99.83492279052734,99.73385620117188,0.0015776115469634533,0.15776115655899048,0.0
59,0,Vocal,20.146608352661133,-20.146615982055664,0.0033666256349533796,0.003366625402122736,0.003223222913220525,99.66333770751953,99.66333770751953,99.67767333984375,0.00957543682307005,0.957543671131134,20.146608352661133,-20.146615982055664,0.0033666256349533796,0.003366625402122736,0.003223222913220525,99.66333770751953,99.66333770751953,99.67767333984375,0.00957543682307005,0.957543671131134,0.0
59,1,Bass,29.64727210998535,-29.647274017333984,0.001825952553190291,0.001825952436774969,0.000764473807066679,99.8174057006836,99.8174057006836,99.92355346679688,0.0010834387503564358,0.10834387689828873,29.64727210998535,-29.647274017333984,0.001825952553190291,0.001825952436774969,0.000764473807066679,99.8174057006836,99.8174057006836,99.92355346679688,0.0010834387503564358,0.10834387689828873,0.0
59,2,Drums,23.776691436767578,-23.77672004699707,0.003998073283582926,0.003998073283582926,0.0006823946605436504,99.60018920898438,99.60018920898438,99.93175506591797,0.004173607565462589,0.41736075282096863,23.776691436767578,-23.77672004699707,0.003998073283582926,0.003998073283582926,0.0006823946605436504,99.60018920898438,99.60018920898438,99.93175506591797,0.004173607565462589,0.41736075282096863,0.0
60,0,Vocal,36.38257598876953,-36.382144927978516,0.006786010228097439,0.006786007434129715,0.0074394578114151955,99.32140350341797,99.32140350341797,99.25605773925781,0.00022999408247414976,0.022999407723546028,36.38257598876953,-36.382144927978516,0.006786010228097439,0.006786007434129715,0.0074394578114151955,99.32140350341797,99.32140350341797,99.25605773925781,0.00022999408247414976,0.022999407723546028,0.0
60,1,Bass,34.48955154418945,-34.48923873901367,0.007323767524212599,0.007323756814002991,0.007953259162604809,99.26762390136719,99.26762390136719,99.20467376708984,0.0003555399307515472,0.03555399179458618,34.48955154418945,-34.48923873901367,0.007323767524212599,0.007323756814002991,0.007953259162604809,99.26762390136719,99.26762390136719,99.20467376708984,0.0003555399307515472,0.03555399179458618,0.0
60,2,Drums,37.34540939331055,-37.34447479248047,0.0034983607474714518,0.003498359117656946,0.0035583563148975372,99.65016174316406,99.65016174316406,99.6441650390625,0.0001842369674704969,0.018423696979880333,37.34540939331055,-37.34447479248047,0.0034983607474714518,0.003498359117656946,0.0035583563148975372,99.65016174316406,99.65016174316406,99.6441650390625,0.0001842369674704969,0.018423696979880333,0.0
61,0,Vocal,19.539997100830078,-19.539997100830078,0.005217725411057472,0.005217723548412323,0.006604448426514864,99.47822570800781,99.47822570800781,99.33955383300781,0.010995087213814259,1.0995087623596191,19.539997100830078,-19.539997100830078,0.005217725411057472,0.005217723548412323,0.006604448426514864,99.47822570800781,99.47822570800781,99.33955383300781,0.010995087213814259,1.0995087623596191,0.0
61,1,Bass,29.62865447998047,-29.62868881225586,0.0022259936667978764,0.0022259934339672327,0.002594851655885577,99.77739715576172,99.77739715576172,99.74051666259766,0.0010880474001169205,0.10880474001169205,29.62865447998047,-29.62868881225586,0.0022259936667978764,0.0022259934339672327,0.002594851655885577,99.77739715576172,99.77739715576172,99.74051666259766,0.0010880474001169205,0.10880474001169205,0.0
61,2,Drums,30.508853912353516,-30.508928298950195,0.005570149049162865,0.005570137407630682,0.006223461590707302,99.44298553466797,99.44298553466797,99.37765502929688,0.0008886618306860328,0.08886618167161942,30.508853912353516,-30.508928298950195,0.005570149049162865,0.005570137407630682,0.006223461590707302,99.44298553466797,99.44298553466797,99.37765502929688,0.0008886618306860328,0.08886618167161942,0.0
62,0,Vocal,31.566028594970703,-31.565956115722656,0.0021677103359252214,0.0021677103359252214,0.0028411925304681063,99.78323364257812,99.78323364257812,99.71588134765625,0.0006967766094021499,0.06967765837907791,31.566028594970703,-31.565956115722656,0.0021677103359252214,0.0021677103359252214,0.0028411925304681063,99.78323364257812,99.78323364257812,99.71588134765625,0.0006967766094021499,0.06967765837907791,0.0
62,1,Bass,15.534276962280273,-15.534292221069336,0.018046075478196144,0.018046028912067413,0.039456915110349655,98.19538879394531,98.19539642333984,96.05430603027344,0.0272015780210495,2.7201578617095947,15.534276962280273,-15.534292221069336,0.018046075478196144,0.018046028912067413,0.039456915110349655,98.19538879394531,98.19539642333984,96.05430603027344,0.0272015780210495,2.7201578617095947,0.0
62,2,Drums,38.82240676879883,-38.820533752441406,0.0005392470047809184,0.0005392445018514991,0.0020172782242298126,99.94607543945312,99.94607543945312,99.79827117919922,0.000131157721625641,0.013115772046148777,38.82240676879883,-38.820533752441406,0.0005392470047809184,0.0005392445018514991,0.0020172782242298126,99.94607543945312,99.94607543945312,99.79827117919922,0.000131157721625641,0.013115772046148777,0.0
63,0,Vocal,24.88544464111328,-24.885461807250977,0.024738719686865807,0.024738719686865807,0.032906122505664825,97.52613067626953,97.52613067626953,96.70938873291016,0.003236260963603854,0.3236261010169983,24.88544464111328,-24.885461807250977,0.024738719686865807,0.024738719686865807,0.032906122505664825,97.52613067626953,97.52613067626953,96.70938873291016,0.003236260963603854,0.3236261010169983,0.0
63,1,Bass,27.09724235534668,-27.09721565246582,0.0027193655259907246,0.0027193620335310698,0.005921091418713331,99.72806549072266,99.72806549072266,99.40789031982422,0.0019472582498565316,0.19472582638263702,27.09724235534668,-27.09721565246582,0.0027193655259907246,0.0027193620335310698,0.005921091418713331,99.72806549072266,99.72806549072266,99.40789031982422,0.0019472582498565316,0.19472582638263702,0.0
63,2,Drums,30.35954475402832,-30.359466552734375,0.0005654755514115095,0.0005654754932038486,0.006433924660086632,99.94345092773438,99.94345092773438,99.35661315917969,0.000919716723728925,0.09197167307138443,30.35954475402832,-30.359466552734375,0.0005654755514115095,0.0005654754932038486,0.006433924660086632,99.94345092773438,99.94345092773438,99.35661315917969,0.000919716723728925,0.09197167307138443,0.0
64,0,Vocal,23.586198806762695,-23.586200714111328,0.03169719874858856,0.03169715777039528,0.034292466938495636,96.83027648925781,96.83028411865234,96.57075500488281,0.0043600029312074184,0.4360002875328064,23.586198806762695,-23.586200714111328,0.03169719874858856,0.03169715777039528,0.034292466938495636,96.83027648925781,96.83028411865234,96.57075500488281,0.0043600029312074184,0.4360002875328064,0.0
64,1,Bass,28.63323974609375,-28.63323211669922,0.050164759159088135,0.05016433820128441,0.04872683063149452,94.9835205078125,94.98356628417969,95.12731170654297,0.0013679759576916695,0.13679759204387665,28.63323974609375,-28.63323211669922,0.050164759159088135,0.05016433820128441,0.04872683063149452,94.9835205078125,94.98356628417969,95.12731170654297,0.0013679759576916695,0.13679759204387665,0.0
64,2,Drums,48.629859924316406,-48.627159118652344,0.0003550272958818823,0.0003550272958818823,0.000144440884469077,99.9645004272461,99.9645004272461,99.98555755615234,1.3711985957343131e-05,0.0013711985666304827,48.629859924316406,-48.627159118652344,0.0003550272958818823,0.0003550272958818823,0.000144440884469077,99.9645004272461,99.9645004272461,99.98555755615234,1.3711985957343131e-05,0.0013711985666304827,0.0
65,0,Vocal,22.122652053833008,-22.122722625732422,0.018215537071228027,0.018215535208582878,0.02070280909538269,98.1784439086914,98.1784439086914,97.92971801757812,0.006096460856497288,0.6096460819244385,22.122652053833008,-22.122722625732422,0.018215537071228027,0.018215535208582878,0.02070280909538269,98.1784439086914,98.1784439086914,97.92971801757812,0.006096460856497288,0.6096460819244385,0.0
65,1,Bass,19.774415969848633,-19.774429321289062,0.01566368155181408,0.015663614496588707,0.01693667471408844,98.43363189697266,98.43363952636719,98.30633544921875,0.01042336504906416,1.0423364639282227,19.774415969848633,-19.774429321289062,0.01566368155181408,0.015663614496588707,0.01693667471408844,98.43363189697266,98.43363952636719,98.30633544921875,0.01042336504906416,1.0423364639282227,0.0
65,2,Drums,40.33229064941406,-40.330204010009766,0.000756583409383893,0.0007565745618194342,0.0008685178472660482,99.92434692382812,99.92434692382812,99.91314697265625,9.263808897230774e-05,0.009263808839023113,40.33229064941406,-40.330204010009766,0.000756583409383893,0.0007565745618194342,0.0008685178472660482,99.92434692382812,99.92434692382812,99.91314697265625,9.263808897230774e-05,0.009263808839023113,0.0
66,0,Vocal,24.165260314941406,-24.165245056152344,0.018594155088067055,0.018594153225421906,0.016825992614030838,98.14058685302734,98.14058685302734,98.3174057006836,0.003817817661911249,0.38178175687789917,24.165260314941406,-24.165245056152344,0.018594155088067055,0.018594153225421906,0.016825992614030838,98.14058685302734,98.14058685302734,98.3174057006836,0.003817817661911249,0.38178175687789917,0.0
66,1,Bass,27.39188003540039,-27.39189338684082,0.07582233101129532,0.07582151144742966,0.08303248137235641,92.41776275634766,92.4178466796875,91.6967544555664,0.0018198174657300115,0.18198174238204956,27.39188003540039,-27.39189338684082,0.07582233101129532,0.07582151144742966,0.08303248137235641,92.41776275634766,92.4178466796875,91.6967544555664,0.0018198174657300115,0.18198174238204956,0.0
66,2,Drums,46.996665954589844,-46.999244689941406,0.0004355860874056816,0.0004355859418865293,0.0,99.9564437866211,99.9564437866211,100.0,1.9992043235106394e-05,0.0019992042798548937,46.996665954589844,-46.999244689941406,0.0004355860874056816,0.0004355859418865293,0.0,99.9564437866211,99.9564437866211,100.0,1.9992043235106394e-05,0.0019992042798548937,0.0
67,0,Vocal,3.953964948654175,-3.9539642333984375,0.5983262658119202,0.5983223915100098,0.6106157898902893,40.16737365722656,40.167762756347656,38.938419342041016,0.2869110405445099,28.691104888916016,3.953964948654175,-3.9539642333984375,0.5983262658119202,0.5983223915100098,0.6106157898902893,40.16737365722656,40.167762756347656,38.938419342041016,0.2869110405445099,28.691104888916016,0.0
67,1,Bass,30.329505920410156,-30.329601287841797,0.03586230427026749,0.03586230427026749,0.04011257365345955,96.41376495361328,96.41376495361328,95.9887466430664,0.0009260952938348055,0.09260953217744827,30.329505920410156,-30.329601287841797,0.03586230427026749,0.03586230427026749,0.04011257365345955,96.41376495361328,96.41376495361328,95.9887466430664,0.0009260952938348055,0.09260953217744827,0.0
67,2,Drums,40.09304428100586,-40.09309387207031,8.447958680335432e-05,8.447957952739671e-05,0.0,99.9915542602539,99.9915542602539,100.0,9.787351154955104e-05,0.00978735089302063,40.09304428100586,-40.09309387207031,8.447958680335432e-05,8.447957952739671e-05,0.0,99.9915542602539,99.9915542602539,100.0,9.787351154955104e-05,0.00978735089302063,0.0
68,0,Vocal,19.652996063232422,-19.65300750732422,0.07859304547309875,0.07859282195568085,0.08275455981492996,92.14070129394531,92.14071655273438,91.72454833984375,0.010715705342590809,1.0715705156326294,19.652996063232422,-19.65300750732422,0.07859304547309875,0.07859282195568085,0.08275455981492996,92.14070129394531,92.14071655273438,91.72454833984375,0.010715705342590809,1.0715705156326294,0.0
68,1,Bass,15.979593276977539,-15.979589462280273,0.01885855570435524,0.01885855570435524,0.016432229429483414,98.11414337158203,98.11414337158203,98.35678100585938,0.024615934118628502,2.4615933895111084,15.979593276977539,-15.979589462280273,0.01885855570435524,0.01885855570435524,0.016432229429483414,98.11414337158203,98.11414337158203,98.35678100585938,0.024615934118628502,2.4615933895111084,0.0
68,2,Drums,39.31748962402344,-39.317047119140625,0.0002495329244993627,0.0002495328662917018,0.0,99.97505187988281,99.97505187988281,100.0,0.00011703154450515285,0.01170315407216549,39.31748962402344,-39.317047119140625,0.0002495329244993627,0.0002495328662917018,0.0,99.97505187988281,99.97505187988281,100.0,0.00011703154450515285,0.01170315407216549,0.0
69,0,Vocal,24.279661178588867,-24.27963638305664,0.015088590793311596,0.015088588930666447,0.014468640089035034,98.49113464355469,98.49113464355469,98.55313110351562,0.0037188977003097534,0.37188977003097534,24.279661178588867,-24.27963638305664,0.015088590793311596,0.015088588930666447,0.014468640089035034,98.49113464355469,98.49113464355469,98.55313110351562,0.0037188977003097534,0.37188977003097534,0.0
69,1,Bass,20.313766479492188,-20.313751220703125,0.011066941544413567,0.011066917330026627,0.020164132118225098,98.893310546875,98.893310546875,97.98358917236328,0.009217278100550175,0.9217278361320496,20.313766479492188,-20.313751220703125,0.011066941544413567,0.011066917330026627,0.020164132118225098,98.893310546875,98.893310546875,97.98358917236328,0.009217278100550175,0.9217278361320496,0.0
69,2,Drums,35.41097640991211,-35.410888671875,0.0011145946336910129,0.0011145356111228466,0.0,99.88854217529297,99.88854217529297,100.0,0.0002875673526432365,0.02875673584640026,35.41097640991211,-35.410888671875,0.0011145946336910129,0.0011145356111228466,0.0,99.88854217529297,99.88854217529297,100.0,0.0002875673526432365,0.02875673584640026,0.0
70,0,Vocal,13.57922077178955,-13.579221725463867,0.017341002821922302,0.01734098605811596,0.021530121564865112,98.26589965820312,98.26590728759766,97.84698486328125,0.04201798513531685,4.201798439025879,13.57922077178955,-13.579221725463867,0.017341002821922302,0.01734098605811596,0.021530121564865112,98.26589965820312,98.26590728759766,97.84698486328125,0.04201798513531685,4.201798439025879,0.0
70,1,Bass,19.972835540771484,-19.97283363342285,0.01338281761854887,0.013382800854742527,0.013594652526080608,98.6617202758789,98.6617202758789,98.64053344726562,0.009962517768144608,0.9962517619132996,19.972835540771484,-19.97283363342285,0.01338281761854887,0.013382800854742527,0.013594652526080608,98.6617202758789,98.6617202758789,98.64053344726562,0.009962517768144608,0.9962517619132996,0.0
70,2,Drums,29.963701248168945,-29.963674545288086,0.001063451636582613,0.001063451636582613,0.0006311670294962823,99.8936538696289,99.8936538696289,99.93688201904297,0.001007360639050603,0.10073606669902802,29.963701248168945,-29.963674545288086,0.001063451636582613,0.001063451636582613,0.0006311670294962823,99.8936538696289,99.8936538696289,99.93688201904297,0.001007360639050603,0.10073606669902802,0.0
71,0,Vocal,8.903924942016602,-8.903923988342285,0.011931182816624641,0.01193116046488285,0.0070519051514565945,98.806884765625,98.806884765625,99.29481506347656,0.11403173953294754,11.40317440032959,8.903924942016602,-8.903923988342285,0.011931182816624641,0.01193116046488285,0.0070519051514565945,98.806884765625,98.806884765625,99.29481506347656,0.11403173953294754,11.40317440032959,0.0
71,1,Bass,20.46141815185547,-20.461410522460938,0.0038500677328556776,0.00385006470605731,0.010057040490210056,99.61499786376953,99.61499786376953,98.99429321289062,0.008911925368010998,0.8911925554275513,20.46141815185547,-20.461410522460938,0.0038500677328556776,0.00385006470605731,0.010057040490210056,99.61499786376953,99.61499786376953,98.99429321289062,0.008911925368010998,0.8911925554275513,0.0
71,2,Drums,28.34972381591797,-28.349666595458984,0.0005021128454245627,0.0005021104007028043,0.0,99.94979095458984,99.94979095458984,100.0,0.0014601818984374404,0.14601819217205048,28.34972381591797,-28.349666595458984,0.0005021128454245627,0.0005021104007028043,0.0,99.94979095458984,99.94979095458984,100.0,0.0014601818984374404,0.14601819217205048,0.0
72,0,Vocal,29.91611671447754,-29.916067123413086,0.0014876212226226926,0.0014876212226226926,0.00208164076320827,99.85124206542969,99.85124206542969,99.79183959960938,0.001018524169921875,0.1018524169921875,29.91611671447754,-29.916067123413086,0.0014876212226226926,0.0014876212226226926,0.00208164076320827,99.85124206542969,99.85124206542969,99.79183959960938,0.001018524169921875,0.1018524169921875,0.0
72,1,Bass,10.379507064819336,-10.37950611114502,0.17055155336856842,0.17055144906044006,0.18471764028072357,82.9448471069336,82.94485473632812,81.52823638916016,0.0839407667517662,8.394076347351074,10.379507064819336,-10.37950611114502,0.17055155336856842,0.17055144906044006,0.18471764028072357,82.9448471069336,82.94485473632812,81.52823638916016,0.0839407667517662,8.394076347351074,0.0
72,2,Drums,26.13450813293457,-26.134536743164062,0.00013896386371925473,0.00013896386371925473,0.0018659697379916906,99.9861068725586,99.9861068725586,99.81340026855469,0.002429360756650567,0.24293607473373413,26.13450813293457,-26.134536743164062,0.00013896386371925473,0.00013896386371925473,0.0018659697379916906,99.9861068725586,99.9861068725586,99.81340026855469,0.002429360756650567,0.24293607473373413,0.0
73,0,Vocal,24.844072341918945,-24.844032287597656,0.006204345729202032,0.006204345729202032,0.006193489767611027,99.37956237792969,99.37956237792969,99.38064575195312,0.003267185529693961,0.3267185389995575,24.844072341918945,-24.844032287597656,0.006204345729202032,0.006204345729202032,0.006193489767611027,99.37956237792969,99.37956237792969,99.38064575195312,0.003267185529693961,0.3267185389995575,0.0
73,1,Bass,12.603134155273438,-12.603134155273438,0.06867267936468124,0.06867243349552155,0.09198037534952164,93.13273620605469,93.13275909423828,90.80196380615234,0.052055831998586655,5.205583095550537,12.603134155273438,-12.603134155273438,0.06867267936468124,0.06867243349552155,0.09198037534952164,93.13273620605469,93.13275909423828,90.80196380615234,0.052055831998586655,5.205583095550537,0.0
73,2,Drums,32.65108871459961,-32.65079116821289,0.002060343511402607,0.0020603432785719633,0.0036679089535027742,99.7939682006836,99.7939682006836,99.63320922851562,0.0005428182194009423,0.054281823337078094,32.65108871459961,-32.65079116821289,0.002060343511402607,0.0020603432785719633,0.0036679089535027742,99.7939682006836,99.7939682006836,99.63320922851562,0.0005428182194009423,0.054281823337078094,0.0
74,0,Vocal,38.00259780883789,-38.0013427734375,0.0008956593228504062,0.0008956589153967798,0.0014739568578079343,99.91043090820312,99.91043090820312,99.85260009765625,0.00015841599088162184,0.01584159955382347,38.00259780883789,-38.0013427734375,0.0008956593228504062,0.0008956589153967798,0.0014739568578079343,99.91043090820312,99.91043090820312,99.85260009765625,0.00015841599088162184,0.01584159955382347,0.0
74,1,Bass,13.242268562316895,-13.242264747619629,0.03313556686043739,0.0331355556845665,0.017819426953792572,96.68643951416016,96.68644714355469,98.21806335449219,0.0452544130384922,4.5254411697387695,13.242268562316895,-13.242264747619629,0.03313556686043739,0.0331355556845665,0.017819426953792572,96.68643951416016,96.68644714355469,98.21806335449219,0.0452544130384922,4.5254411697387695,0.0
74,2,Drums,22.579891204833984,-22.579856872558594,0.014976844191551208,0.014976739883422852,0.019293811172246933,98.50231170654297,98.50232696533203,98.07061767578125,0.005490622948855162,0.5490623116493225,22.579891204833984,-22.579856872558594,0.014976844191551208,0.014976739883422852,0.019293811172246933,98.50231170654297,98.50232696533203,98.07061767578125,0.005490622948855162,0.5490623116493225,0.0
75,0,Vocal,-31.80809211730957,31.80809211730957,0.4689086079597473,0.4689072370529175,0.5290645956993103,53.10913848876953,53.109275817871094,47.09354019165039,0.9993409514427185,99.93409729003906,-31.80809211730957,31.80809211730957,0.4689086079597473,0.4689072370529175,0.5290645956993103,53.10913848876953,53.109275817871094,47.09354019165039,0.9993409514427185,99.93409729003906,0.0
75,1,Bass,13.99551773071289,-13.995519638061523,0.06499168276786804,0.06499158591032028,0.09597666561603546,93.5008316040039,93.50083923339844,90.40233612060547,0.03832454979419708,3.8324549198150635,13.99551773071289,-13.995519638061523,0.06499168276786804,0.06499158591032028,0.09597666561603546,93.5008316040039,93.50083923339844,90.40233612060547,0.03832454979419708,3.8324549198150635,0.0
75,2,Drums,40.4512939453125,-40.45127868652344,0.00016890079132281244,0.00016890074766706675,0.0,99.98310852050781,99.98310852050781,100.0,9.013066301122308e-05,0.009013066068291664,40.4512939453125,-40.45127868652344,0.00016890079132281244,0.00016890074766706675,0.0,99.98310852050781,99.98310852050781,100.0,9.013066301122308e-05,0.009013066068291664,0.0
76,0,Vocal,37.2316780090332,-37.231407165527344,0.002864917740225792,0.002864911686629057,0.0019344647880643606,99.71350860595703,99.71350860595703,99.80655670166016,0.00018913969688583165,0.01891396939754486,37.2316780090332,-37.231407165527344,0.002864917740225792,0.002864911686629057,0.0019344647880643606,99.71350860595703,99.71350860595703,99.80655670166016,0.00018913969688583165,0.01891396939754486,0.0
76,1,Bass,9.069572448730469,-9.069572448730469,0.11551596969366074,0.1155158132314682,0.11742343753576279,88.44840240478516,88.44841766357422,88.25765991210938,0.11023467779159546,11.023468017578125,9.069572448730469,-9.069572448730469,0.11551596969366074,0.1155158132314682,0.11742343753576279,88.44840240478516,88.44841766357422,88.25765991210938,0.11023467779159546,11.023468017578125,0.0
76,2,Drums,40.24102020263672,-40.240562438964844,0.0009425831376574934,0.0009425830794498324,0.0015826415037736297,99.9057388305664,99.9057388305664,99.84173583984375,9.460551518714055e-05,0.009460551664233208,40.24102020263672,-40.240562438964844,0.0009425831376574934,0.0009425830794498324,0.0015826415037736297,99.9057388305664,99.9057388305664,99.84173583984375,9.460551518714055e-05,0.009460551664233208,0.0
77,0,Vocal,28.301172256469727,-28.30113983154297,0.004925337620079517,0.004925337620079517,0.005406823940575123,99.5074691772461,99.5074691772461,99.45932006835938,0.0014765355736017227,0.14765354990959167,28.301172256469727,-28.30113983154297,0.004925337620079517,0.004925337620079517,0.005406823940575123,99.5074691772461,99.5074691772461,99.45932006835938,0.0014765355736017227,0.14765354990959167,0.0
77,1,Bass,15.423516273498535,-15.423538208007812,0.08750782161951065,0.08750694990158081,0.117072694003582,91.24921417236328,91.24930572509766,88.29273223876953,0.027884645387530327,2.7884645462036133,15.423516273498535,-15.423538208007812,0.08750782161951065,0.08750694990158081,0.117072694003582,91.24921417236328,91.24930572509766,88.29273223876953,0.027884645387530327,2.7884645462036133,0.0
77,2,Drums,32.97541809082031,-32.97560119628906,0.0031930385157465935,0.003193026641383767,0.0026070084422826767,99.68069458007812,99.68069458007812,99.73930358886719,0.000503800343722105,0.05038003623485565,32.97541809082031,-32.97560119628906,0.0031930385157465935,0.003193026641383767,0.0026070084422826767,99.68069458007812,99.68069458007812,99.73930358886719,0.000503800343722105,0.05038003623485565,0.0
78,0,Vocal,43.93472671508789,-43.9344367980957,0.0022399488370865583,0.0022399486042559147,0.002785184420645237,99.77600860595703,99.77600860595703,99.72148132324219,4.0423845348414034e-05,0.004042384680360556,43.93472671508789,-43.9344367980957,0.0022399488370865583,0.0022399486042559147,0.002785184420645237,99.77600860595703,99.77600860595703,99.72148132324219,4.0423845348414034e-05,0.004042384680360556,0.0
78,1,Bass,5.521500587463379,-5.521500587463379,0.18150439858436584,0.18150439858436584,0.16726994514465332,81.84956359863281,81.84956359863281,83.27300262451172,0.21902240812778473,21.902240753173828,5.521500587463379,-5.521500587463379,0.18150439858436584,0.18150439858436584,0.16726994514465332,81.84956359863281,81.84956359863281,83.27300262451172,0.21902240812778473,21.902240753173828,0.0
78,2,Drums,36.970027923583984,-36.96879959106445,0.0035131461918354034,0.0035131461918354034,0.0037153861485421658,99.648681640625,99.648681640625,99.62846374511719,0.00020088259771000594,0.020088259130716324,36.970027923583984,-36.96879959106445,0.0035131461918354034,0.0035131461918354034,0.0037153861485421658,99.648681640625,99.648681640625,99.62846374511719,0.00020088259771000594,0.020088259130716324,0.0
79,0,Vocal,39.65079116821289,-39.651206970214844,0.0034672964829951525,0.003467296017333865,0.003919603768736124,99.65326690673828,99.65326690673828,99.60803985595703,0.00010833364649442956,0.01083336491137743,39.65079116821289,-39.651206970214844,0.0034672964829951525,0.003467296017333865,0.003919603768736124,99.65326690673828,99.65326690673828,99.60803985595703,0.00010833364649442956,0.01083336491137743,0.0
79,1,Bass,16.2681884765625,-16.268203735351562,0.12967434525489807,0.1296733021736145,0.12804807722568512,87.0325698852539,87.03266906738281,87.1951904296875,0.023069776594638824,2.3069777488708496,16.2681884765625,-16.268203735351562,0.12967434525489807,0.1296733021736145,0.12804807722568512,87.0325698852539,87.03266906738281,87.1951904296875,0.023069776594638824,2.3069777488708496,0.0
79,2,Drums,32.25113296508789,-32.250946044921875,0.004549466073513031,0.0045494623482227325,0.0034526949748396873,99.54505920410156,99.54505920410156,99.65473175048828,0.0005951421917416155,0.05951422080397606,32.25113296508789,-32.250946044921875,0.004549466073513031,0.0045494623482227325,0.0034526949748396873,99.54505920410156,99.54505920410156,99.65473175048828,0.0005951421917416155,0.05951422080397606,0.0
80,0,Vocal,33.106937408447266,-33.10624694824219,0.1234922707080841,0.12349209934473038,0.12445908784866333,87.65077209472656,87.65078735351562,87.55409240722656,0.0004887692048214376,0.048876918852329254,33.106937408447266,-33.10624694824219,0.1234922707080841,0.12349209934473038,0.12445908784866333,87.65077209472656,87.65078735351562,87.55409240722656,0.0004887692048214376,0.048876918852329254,0.0
80,1,Bass,12.99709415435791,-12.99709415435791,0.7061082124710083,0.7060778141021729,0.7168424129486084,29.389179229736328,29.39221954345703,28.315757751464844,0.04775717481970787,4.775717258453369,12.99709415435791,-12.99709415435791,0.7061082124710083,0.7060778141021729,0.7168424129486084,29.389179229736328,29.39221954345703,28.315757751464844,0.04775717481970787,4.775717258453369,0.0
80,2,Drums,36.17374801635742,-36.17348861694336,0.002519790083169937,0.0025197777431458235,0.0020543080754578114,99.7480239868164,99.7480239868164,99.79456329345703,0.0002412682370049879,0.024126823991537094,36.17374801635742,-36.17348861694336,0.002519790083169937,0.0025197777431458235,0.0020543080754578114,99.7480239868164,99.7480239868164,99.79456329345703,0.0002412682370049879,0.024126823991537094,0.0
81,0,Vocal,6.666705131530762,-6.666707515716553,0.13647279143333435,0.1364727020263672,0.14885152876377106,86.35271453857422,86.35272979736328,85.1148452758789,0.17725370824337006,17.725370407104492,6.666705131530762,-6.666707515716553,0.13647279143333435,0.1364727020263672,0.14885152876377106,86.35271453857422,86.35272979736328,85.1148452758789,0.17725370824337006,17.725370407104492,0.0
81,1,Bass,5.023679733276367,-5.023679256439209,0.3500632643699646,0.3500629961490631,0.3599798381328583,64.9936752319336,64.99370574951172,64.00201416015625,0.239259272813797,23.925928115844727,5.023679733276367,-5.023679256439209,0.3500632643699646,0.3500629961490631,0.3599798381328583,64.9936752319336,64.99370574951172,64.00201416015625,0.239259272813797,23.925928115844727,0.0
81,2,Drums,34.55855941772461,-34.55839538574219,0.00044743006583303213,0.0004474287561606616,0.00044514561886899173,99.95525360107422,99.95525360107422,99.95549011230469,0.00034993732697330415,0.0349937342107296,34.55855941772461,-34.55839538574219,0.00044743006583303213,0.0004474287561606616,0.00044514561886899173,99.95525360107422,99.95525360107422,99.95549011230469,0.00034993732697330415,0.0349937342107296,0.0
82,0,Vocal,20.398849487304688,-20.398849487304688,0.09483757615089417,0.09483618289232254,0.09721300005912781,90.51624298095703,90.5163803100586,90.27869415283203,0.009040022268891335,0.9040022492408752,20.398849487304688,-20.398849487304688,0.09483757615089417,0.09483618289232254,0.09721300005912781,90.51624298095703,90.5163803100586,90.27869415283203,0.009040022268891335,0.9040022492408752,0.0
82,1,Bass,8.536177635192871,-8.536177635192871,0.5890673398971558,0.5890457034111023,0.6062563061714172,41.093265533447266,41.095428466796875,39.37437057495117,0.1228700801730156,12.287008285522461,8.536177635192871,-8.536177635192871,0.5890673398971558,0.5890457034111023,0.6062563061714172,41.093265533447266,41.095428466796875,39.37437057495117,0.1228700801730156,12.287008285522461,0.0
82,2,Drums,31.84823989868164,-31.8480281829834,0.0035334054846316576,0.003533405251801014,0.00404853280633688,99.64665985107422,99.64665985107422,99.59514617919922,0.0006529675447382033,0.06529675424098969,31.84823989868164,-31.8480281829834,0.0035334054846316576,0.003533405251801014,0.00404853280633688,99.64665985107422,99.64665985107422,99.59514617919922,0.0006529675447382033,0.06529675424098969,0.0
83,0,Vocal,12.718106269836426,-12.718109130859375,0.053674738854169846,0.05367445573210716,0.051962487399578094,94.63252258300781,94.63255310058594,94.80374908447266,0.05076485872268677,5.076485633850098,12.718106269836426,-12.718109130859375,0.053674738854169846,0.05367445573210716,0.051962487399578094,94.63252258300781,94.63255310058594,94.80374908447266,0.05076485872268677,5.076485633850098,0.0
83,1,Bass,5.365718841552734,-5.365719318389893,0.4723426103591919,0.4723280966281891,0.4791620373725891,52.76573944091797,52.76719284057617,52.083797454833984,0.22521987557411194,22.521987915039062,5.365718841552734,-5.365719318389893,0.4723426103591919,0.4723280966281891,0.4791620373725891,52.76573944091797,52.76719284057617,52.083797454833984,0.22521987557411194,22.521987915039062,0.0
83,2,Drums,38.19820785522461,-38.1983528137207,0.0042119575664401054,0.0042119575664401054,0.004046608228236437,99.57880401611328,99.57880401611328,99.5953369140625,0.0001513874885858968,0.015138749033212662,38.19820785522461,-38.1983528137207,0.0042119575664401054,0.0042119575664401054,0.004046608228236437,99.57880401611328,99.57880401611328,99.5953369140625,0.0001513874885858968,0.015138749033212662,0.0
84,0,Vocal,19.138904571533203,-19.138938903808594,0.13482284545898438,0.13482233881950378,0.1394563913345337,86.51771545410156,86.51776123046875,86.05435943603516,0.012046059593558311,1.2046059370040894,19.138904571533203,-19.138938903808594,0.13482284545898438,0.13482233881950378,0.1394563913345337,86.51771545410156,86.51776123046875,86.05435943603516,0.012046059593558311,1.2046059370040894,0.0
84,1,Bass,10.72711181640625,-10.72711181640625,0.6692488789558411,0.6692488789558411,0.6740869283676147,33.075111389160156,33.075111389160156,32.59130859375,0.07798758149147034,7.798758029937744,10.72711181640625,-10.72711181640625,0.6692488789558411,0.6692488789558411,0.6740869283676147,33.075111389160156,33.075111389160156,32.59130859375,0.07798758149147034,7.798758029937744,0.0
84,2,Drums,37.989540100097656,-37.98995590209961,0.0017628741916269064,0.0017628730274736881,0.0018566473154351115,99.82371520996094,99.82371520996094,99.81433868408203,0.00015884033928159624,0.01588403433561325,37.989540100097656,-37.98995590209961,0.0017628741916269064,0.0017628730274736881,0.0018566473154351115,99.82371520996094,99.82371520996094,99.81433868408203,0.00015884033928159624,0.01588403433561325,0.0
85,0,Vocal,18.939746856689453,-18.939741134643555,0.11604814231395721,0.11604787409305573,0.11610324680805206,88.39518737792969,88.39521789550781,88.38967895507812,0.0126042440533638,1.2604243755340576,18.939746856689453,-18.939741134643555,0.11604814231395721,0.11604787409305573,0.11610324680805206,88.39518737792969,88.39521789550781,88.38967895507812,0.0126042440533638,1.2604243755340576,0.0
85,1,Bass,15.10807991027832,-15.108076095581055,0.42107853293418884,0.42107853293418884,0.4081777036190033,57.89214324951172,57.89214324951172,59.182228088378906,0.029922528192400932,2.992252826690674,15.10807991027832,-15.108076095581055,0.42107853293418884,0.42107853293418884,0.4081777036190033,57.89214324951172,57.89214324951172,59.182228088378906,0.029922528192400932,2.992252826690674,0.0
85,2,Drums,36.70744323730469,-36.70707321166992,0.0046418700367212296,0.004641869571059942,0.004774725530296564,99.53581237792969,99.53581237792969,99.52252197265625,0.00021343443950172514,0.021343443542718887,36.70744323730469,-36.70707321166992,0.0046418700367212296,0.004641869571059942,0.004774725530296564,99.53581237792969,99.53581237792969,99.52252197265625,0.00021343443950172514,0.021343443542718887,0.0
86,0,Vocal,18.265159606933594,-18.265155792236328,0.14186258614063263,0.14186255633831024,0.1430230736732483,85.8137435913086,85.8137435913086,85.69769287109375,0.014691205695271492,1.4691206216812134,18.265159606933594,-18.265155792236328,0.14186258614063263,0.14186255633831024,0.1430230736732483,85.8137435913086,85.8137435913086,85.69769287109375,0.014691205695271492,1.4691206216812134,0.0
86,1,Bass,9.257170677185059,-9.257169723510742,0.5461258292198181,0.5461257696151733,0.556594729423523,45.38741683959961,45.38742446899414,44.34052658081055,0.1060687005519867,10.6068696975708,9.257170677185059,-9.257169723510742,0.5461258292198181,0.5461257696151733,0.556594729423523,45.38741683959961,45.38742446899414,44.34052658081055,0.1060687005519867,10.6068696975708,0.0
86,2,Drums,36.87820053100586,-36.878170013427734,0.003317256225273013,0.0033171994145959616,0.003281292039901018,99.66827392578125,99.66828155517578,99.67186737060547,0.00020516820950433612,0.02051682025194168,36.87820053100586,-36.878170013427734,0.003317256225273013,0.0033171994145959616,0.003281292039901018,99.66827392578125,99.66828155517578,99.67186737060547,0.00020516820950433612,0.02051682025194168,0.0
87,0,Vocal,20.66629409790039,-20.66628646850586,0.12062446773052216,0.12062443792819977,0.12318532168865204,87.93755340576172,87.93756103515625,87.68146514892578,0.008504735305905342,0.8504735231399536,20.66629409790039,-20.66628646850586,0.12062446773052216,0.12062443792819977,0.12318532168865204,87.93755340576172,87.93756103515625,87.68146514892578,0.008504735305905342,0.8504735231399536,0.0
87,1,Bass,12.766155242919922,-12.766157150268555,0.6377431154251099,0.6377405524253845,0.6367667317390442,36.22568893432617,36.22594451904297,36.323326110839844,0.0502343624830246,5.023436069488525,12.766155242919922,-12.766157150268555,0.6377431154251099,0.6377405524253845,0.6367667317390442,36.22568893432617,36.22594451904297,36.323326110839844,0.0502343624830246,5.023436069488525,0.0
87,2,Drums,28.700260162353516,-28.700580596923828,0.003602041630074382,0.003602040698751807,0.0036241766065359116,99.63980102539062,99.63980102539062,99.63758087158203,0.0013470171252265573,0.1347017139196396,28.700260162353516,-28.700580596923828,0.003602041630074382,0.003602040698751807,0.0036241766065359116,99.63980102539062,99.63980102539062,99.63758087158203,0.0013470171252265573,0.1347017139196396,0.0
88,0,Vocal,26.489978790283203,-26.489974975585938,0.02311948500573635,0.02311769686639309,0.024224700406193733,97.68804931640625,97.68822479248047,97.57752990722656,0.002238851971924305,0.2238851934671402,26.489978790283203,-26.489974975585938,0.02311948500573635,0.02311769686639309,0.024224700406193733,97.68804931640625,97.68822479248047,97.57752990722656,0.002238851971924305,0.2238851934671402,0.0
88,1,Bass,15.930863380432129,-15.930862426757812,0.08046300709247589,0.0804528146982193,0.08047118037939072,91.95369720458984,91.95471954345703,91.952880859375,0.02488679625093937,2.4886796474456787,15.930863380432129,-15.930862426757812,0.08046300709247589,0.0804528146982193,0.08047118037939072,91.95369720458984,91.95471954345703,91.952880859375,0.02488679625093937,2.4886796474456787,0.0
88,2,Drums,33.831180572509766,-33.83100509643555,0.0011254166020080447,0.0011254107812419534,0.0012367586605250835,99.88745880126953,99.88745880126953,99.87632751464844,0.0004137161304242909,0.04137161374092102,33.831180572509766,-33.83100509643555,0.0011254166020080447,0.0011254107812419534,0.0012367586605250835,99.88745880126953,99.88745880126953,99.87632751464844,0.0004137161304242909,0.04137161374092102,0.0
89,0,Vocal,27.45633888244629,-27.456329345703125,0.004153972491621971,0.004153919406235218,0.004830448422580957,99.58460235595703,99.58460998535156,99.51696014404297,0.0017930318135768175,0.17930318415164948,27.45633888244629,-27.456329345703125,0.004153972491621971,0.004153919406235218,0.004830448422580957,99.58460235595703,99.58460998535156,99.51696014404297,0.0017930318135768175,0.17930318415164948,0.0
89,1,Bass,26.11627960205078,-26.116317749023438,0.12908972799777985,0.12908095121383667,0.1305086761713028,87.09102630615234,87.09190368652344,86.94913482666016,0.0024395580403506756,0.2439558058977127,26.11627960205078,-26.116317749023438,0.12908972799777985,0.12908095121383667,0.1305086761713028,87.09102630615234,87.09190368652344,86.94913482666016,0.0024395580403506756,0.2439558058977127,0.0
89,2,Drums,26.729713439941406,-26.729642868041992,0.0004268209158908576,0.00042682074126787484,0.0011201556771993637,99.95731353759766,99.95731353759766,99.88798522949219,0.0021189097315073013,0.21189096570014954,26.729713439941406,-26.729642868041992,0.0004268209158908576,0.00042682074126787484,0.0011201556771993637,99.95731353759766,99.95731353759766,99.88798522949219,0.0021189097315073013,0.21189096570014954,0.0
90,0,Vocal,34.3139762878418,-34.31367492675781,0.023733332753181458,0.023730270564556122,0.024784067645668983,97.62667083740234,97.62696838378906,97.52159118652344,0.0003702116955537349,0.03702117130160332,34.3139762878418,-34.31367492675781,0.023733332753181458,0.023730270564556122,0.024784067645668983,97.62667083740234,97.62696838378906,97.52159118652344,0.0003702116955537349,0.03702117130160332,0.0
90,1,Bass,18.741268157958984,-18.74127197265625,0.12749318778514862,0.127462700009346,0.1337757557630539,87.25067901611328,87.25373077392578,86.62242126464844,0.01318584755063057,1.3185847997665405,18.741268157958984,-18.74127197265625,0.12749318778514862,0.127462700009346,0.1337757557630539,87.25067901611328,87.25373077392578,86.62242126464844,0.01318584755063057,1.3185847997665405,0.0
90,2,Drums,44.15143585205078,-44.15235137939453,0.0015426609897986054,0.0015426313038915396,0.001691190991550684,99.84573364257812,99.84573364257812,99.83088684082031,3.8438414776464924e-05,0.003843841375783086,44.15143585205078,-44.15235137939453,0.0015426609897986054,0.0015426313038915396,0.001691190991550684,99.84573364257812,99.84573364257812,99.83088684082031,3.8438414776464924e-05,0.003843841375783086,0.0
91,0,Vocal,29.91103172302246,-29.910709381103516,0.004803616087883711,0.0048035308718681335,0.005203417036682367,99.51963806152344,99.51964569091797,99.47966003417969,0.0010196801740676165,0.10196802020072937,29.91103172302246,-29.910709381103516,0.004803616087883711,0.0048035308718681335,0.005203417036682367,99.51963806152344,99.51964569091797,99.47966003417969,0.0010196801740676165,0.10196802020072937,0.0
91,1,Bass,13.447728157043457,-13.447731018066406,0.0794479101896286,0.07943988591432571,0.06975435465574265,92.05520629882812,92.05601501464844,93.02456665039062,0.04325377196073532,4.325376987457275,13.447728157043457,-13.447731018066406,0.0794479101896286,0.07943988591432571,0.06975435465574265,92.05520629882812,92.05601501464844,93.02456665039062,0.04325377196073532,4.325376987457275,0.0
91,2,Drums,28.904726028442383,-28.904733657836914,0.0016933073056861758,0.0016933068400248885,0.000641826365608722,99.8306655883789,99.8306655883789,99.93582153320312,0.0012852135114371777,0.12852135300636292,28.904726028442383,-28.904733657836914,0.0016933073056861758,0.0016933068400248885,0.000641826365608722,99.8306655883789,99.8306655883789,99.93582153320312,0.0012852135114371777,0.12852135300636292,0.0
92,0,Vocal,42.65655517578125,-42.655635833740234,0.0024462647270411253,0.0024462647270411253,0.0027923844754695892,99.75537109375,99.75537109375,99.72076416015625,5.42660454811994e-05,0.005426604766398668,42.65655517578125,-42.655635833740234,0.0024462647270411253,0.0024462647270411253,0.0027923844754695892,99.75537109375,99.75537109375,99.72076416015625,5.42660454811994e-05,0.005426604766398668,0.0
92,1,Bass,8.738259315490723,-8.73825740814209,0.144558385014534,0.14455823600292206,0.14993269741535187,85.5441665649414,85.54417419433594,85.00672912597656,0.11794266849756241,11.794266700744629,8.738259315490723,-8.73825740814209,0.144558385014534,0.14455823600292206,0.14993269741535187,85.5441665649414,85.54417419433594,85.00672912597656,0.11794266849756241,11.794266700744629,0.0
92,2,Drums,43.393394470214844,-43.39347457885742,0.002901239786297083,0.0029012244194746017,0.0031076245941221714,99.70987701416016,99.70987701416016,99.68923950195312,4.577650179271586e-05,0.004577650222927332,43.393394470214844,-43.39347457885742,0.002901239786297083,0.0029012244194746017,0.0031076245941221714,99.70987701416016,99.70987701416016,99.68923950195312,4.577650179271586e-05,0.004577650222927332,0.0
93,0,Vocal,25.928794860839844,-25.928762435913086,0.02924705669283867,0.029243532568216324,0.028791554272174835,97.0752944946289,97.07564544677734,97.12084197998047,0.0025469523388892412,0.25469523668289185,25.928794860839844,-25.928762435913086,0.02924705669283867,0.029243532568216324,0.028791554272174835,97.0752944946289,97.07564544677734,97.12084197998047,0.0025469523388892412,0.25469523668289185,0.0
93,1,Bass,16.22195053100586,-16.221942901611328,0.12937819957733154,0.1293591409921646,0.12586082518100739,87.06217956542969,87.0640869140625,87.4139175415039,0.023311011493206024,2.331101179122925,16.22195053100586,-16.221942901611328,0.12937819957733154,0.1293591409921646,0.12586082518100739,87.06217956542969,87.0640869140625,87.4139175415039,0.023311011493206024,2.331101179122925,0.0
93,2,Drums,41.583641052246094,-41.58195114135742,0.0008889096206985414,0.0008889055461622775,0.0011729206889867783,99.9111099243164,99.9111099243164,99.8827133178711,6.944032065803185e-05,0.006944031920284033,41.583641052246094,-41.58195114135742,0.0008889096206985414,0.0008889055461622775,0.0011729206889867783,99.9111099243164,99.9111099243164,99.8827133178711,6.944032065803185e-05,0.006944031920284033,0.0
94,0,Vocal,32.94723129272461,-32.946903228759766,0.007854337804019451,0.007854118943214417,0.006963036488741636,99.21456909179688,99.21459197998047,99.30369567871094,0.0005070167244412005,0.050701674073934555,32.94723129272461,-32.946903228759766,0.007854337804019451,0.007854118943214417,0.006963036488741636,99.21456909179688,99.21459197998047,99.30369567871094,0.0005070167244412005,0.050701674073934555,0.0
94,1,Bass,13.43560791015625,-13.435609817504883,0.08677239716053009,0.08676404505968094,0.09129823744297028,91.32276153564453,91.32359313964844,90.87017822265625,0.04336938261985779,4.336938381195068,13.43560791015625,-13.435609817504883,0.08677239716053009,0.08676404505968094,0.09129823744297028,91.32276153564453,91.32359313964844,90.87017822265625,0.04336938261985779,4.336938381195068,0.0
94,2,Drums,30.081546783447266,-30.081493377685547,0.0024106097407639027,0.002410593908280134,0.00230118609033525,99.75894165039062,99.75894165039062,99.76988220214844,0.0009804266737774014,0.09804266691207886,30.081546783447266,-30.081493377685547,0.0024106097407639027,0.002410593908280134,0.00230118609033525,99.75894165039062,99.75894165039062,99.76988220214844,0.0009804266737774014,0.09804266691207886,0.0
95,0,Vocal,20.84899139404297,-20.849002838134766,0.057260286062955856,0.057249147444963455,0.06210070848464966,94.27397155761719,94.27508544921875,93.78993225097656,0.008157220669090748,0.8157220482826233,20.84899139404297,-20.849002838134766,0.057260286062955856,0.057249147444963455,0.06210070848464966,94.27397155761719,94.27508544921875,93.78993225097656,0.008157220669090748,0.8157220482826233,0.0
95,1,Bass,14.935956001281738,-14.935968399047852,0.08066987991333008,0.08066366612911224,0.08110146969556808,91.93301391601562,91.93363189697266,91.88985443115234,0.031094634905457497,3.1094634532928467,14.935956001281738,-14.935968399047852,0.08066987991333008,0.08066366612911224,0.08110146969556808,91.93301391601562,91.93363189697266,91.88985443115234,0.031094634905457497,3.1094634532928467,0.0
95,2,Drums,30.07230567932129,-30.072357177734375,7.420917972922325e-05,7.420888869091868e-05,0.0,99.9925765991211,99.9925765991211,100.0,0.0009825394954532385,0.09825395047664642,30.07230567932129,-30.072357177734375,7.420917972922325e-05,7.420888869091868e-05,0.0,99.9925765991211,99.9925765991211,100.0,0.0009825394954532385,0.09825395047664642,0.0
96,0,Vocal,18.402013778686523,-18.402013778686523,0.0035310126841068268,0.0035310103558003902,0.004444937687367201,99.64689636230469,99.64689636230469,99.55550384521484,0.014241928234696388,1.4241927862167358,18.402013778686523,-18.402013778686523,0.0035310126841068268,0.0035310103558003902,0.004444937687367201,99.64689636230469,99.64689636230469,99.55550384521484,0.014241928234696388,1.4241927862167358,0.0
96,1,Bass,18.619640350341797,-18.61964988708496,0.008942577987909317,0.008942567743360996,0.06859520822763443,99.10574340820312,99.10574340820312,93.1404800415039,0.013555335812270641,1.3555335998535156,18.619640350341797,-18.61964988708496,0.008942577987909317,0.008942567743360996,0.06859520822763443,99.10574340820312,99.10574340820312,93.1404800415039,0.013555335812270641,1.3555335998535156,0.0
96,2,Drums,28.218734741210938,-28.21866226196289,0.0005783052765764296,0.000578305043745786,0.021247869357466698,99.94216918945312,99.94216918945312,97.87521362304688,0.0015047701308503747,0.15047700703144073,28.218734741210938,-28.21866226196289,0.0005783052765764296,0.000578305043745786,0.021247869357466698,99.94216918945312,99.94216918945312,97.87521362304688,0.0015047701308503747,0.15047700703144073,0.0
97,0,Vocal,18.445314407348633,-18.44530487060547,0.005299640353769064,0.005299640353769064,0.006249230820685625,99.47003936767578,99.47003936767578,99.37507629394531,0.014102673158049583,1.4102673530578613,18.445314407348633,-18.44530487060547,0.005299640353769064,0.005299640353769064,0.006249230820685625,99.47003936767578,99.47003936767578,99.37507629394531,0.014102673158049583,1.4102673530578613,0.0
97,1,Bass,21.401020050048828,-21.401033401489258,0.005956032779067755,0.005956023465842009,0.06520792841911316,99.4043960571289,99.40440368652344,93.47920227050781,0.007190566044300795,0.7190566062927246,21.401020050048828,-21.401033401489258,0.005956032779067755,0.005956023465842009,0.06520792841911316,99.4043960571289,99.40440368652344,93.47920227050781,0.007190566044300795,0.7190566062927246,0.0
97,2,Drums,26.948631286621094,-26.948633193969727,0.0015724912518635392,0.0015724912518635392,0.030823931097984314,99.8427505493164,99.8427505493164,96.9176025390625,0.00201491080224514,0.2014910876750946,26.948631286621094,-26.948633193969727,0.0015724912518635392,0.0015724912518635392,0.030823931097984314,99.8427505493164,99.8427505493164,96.9176025390625,0.00201491080224514,0.2014910876750946,0.0
98,0,Vocal,33.25625228881836,-33.256324768066406,0.001114754704758525,0.001114754704758525,0.0013054229784756899,99.8885269165039,99.8885269165039,99.86946105957031,0.00047223136061802506,0.04722313582897186,33.25625228881836,-33.256324768066406,0.001114754704758525,0.001114754704758525,0.0013054229784756899,99.8885269165039,99.8885269165039,99.86946105957031,0.00047223136061802506,0.04722313582897186,0.0
98,1,Bass,10.847824096679688,-10.847822189331055,0.059914641082286835,0.05991463363170624,0.07557335495948792,94.00853729248047,94.00853729248047,92.44266510009766,0.07601233571767807,7.60123348236084,10.847824096679688,-10.847822189331055,0.059914641082286835,0.05991463363170624,0.07557335495948792,94.00853729248047,94.00853729248047,92.44266510009766,0.07601233571767807,7.60123348236084,0.0
98,2,Drums,34.281227111816406,-34.28136444091797,0.005847504828125238,0.005847496446222067,0.005885787773877382,99.41524505615234,99.41524505615234,99.41142272949219,0.00037299899850040674,0.037299901247024536,34.281227111816406,-34.28136444091797,0.005847504828125238,0.005847496446222067,0.005885787773877382,99.41524505615234,99.41524505615234,99.41142272949219,0.00037299899850040674,0.037299901247024536,0.0
99,0,Vocal,18.42558479309082,-18.425582885742188,0.005487388465553522,0.005487388465553522,0.006154720671474934,99.45126342773438,99.45126342773438,99.38452911376953,0.014165961183607578,1.4165961742401123,18.42558479309082,-18.425582885742188,0.005487388465553522,0.005487388465553522,0.006154720671474934,99.45126342773438,99.45126342773438,99.38452911376953,0.014165961183607578,1.4165961742401123,0.0
99,1,Bass,21.509790420532227,-21.5097713470459,0.0057766856625676155,0.005776681005954742,0.06360514461994171,99.42233276367188,99.42233276367188,93.63948822021484,0.007014001719653606,0.7014001607894897,21.509790420532227,-21.5097713470459,0.0057766856625676155,0.005776681005954742,0.06360514461994171,99.42233276367188,99.42233276367188,93.63948822021484,0.007014001719653606,0.7014001607894897,0.0
99,2,Drums,26.40665054321289,-26.40658950805664,0.0014784714439883828,0.0014784712111577392,0.03109072893857956,99.8521499633789,99.8521499633789,96.89093017578125,0.0022821668535470963,0.22821667790412903,26.40665054321289,-26.40658950805664,0.0014784714439883828,0.0014784712111577392,0.03109072893857956,99.8521499633789,99.8521499633789,96.89093017578125,0.0022821668535470963,0.22821667790412903,0.0
100,0,Vocal,11.532645225524902,-11.532651901245117,0.0989711806178093,0.0989711806178093,0.10281763225793839,90.1028823852539,90.1028823852539,89.71823120117188,0.06565143167972565,6.56514310836792,11.532645225524902,-11.532651901245117,0.0989711806178093,0.0989711806178093,0.10281763225793839,90.1028823852539,90.1028823852539,89.71823120117188,0.06565143167972565,6.56514310836792,0.0
100,1,Bass,17.345090866088867,-17.345088958740234,0.08681458979845047,0.08681457489728928,0.08840171247720718,91.31854248046875,91.31854248046875,91.15982818603516,0.018095096573233604,1.8095096349716187,17.345090866088867,-17.345088958740234,0.08681458979845047,0.08681457489728928,0.08840171247720718,91.31854248046875,91.31854248046875,91.15982818603516,0.018095096573233604,1.8095096349716187,0.0
100,2,Drums,43.130088806152344,-43.13064193725586,0.0003862472658511251,0.00038624723674729466,0.0009975708089768887,99.96138000488281,99.96138000488281,99.9002456665039,4.865447408519685e-05,0.004865447524935007,43.130088806152344,-43.13064193725586,0.0003862472658511251,0.00038624723674729466,0.0009975708089768887,99.96138000488281,99.96138000488281,99.9002456665039,4.865447408519685e-05,0.004865447524935007,0.0
101,0,Vocal,20.01587677001953,-20.015886306762695,0.015097066760063171,0.015097049064934254,0.011063500307500362,98.49029541015625,98.49029541015625,98.89364624023438,0.00986520666629076,0.9865206480026245,20.01587677001953,-20.015886306762695,0.015097066760063171,0.015097049064934254,0.011063500307500362,98.49029541015625,98.49029541015625,98.89364624023438,0.00986520666629076,0.9865206480026245,0.0
101,1,Bass,18.75495719909668,-18.754995346069336,0.021997643634676933,0.021997641772031784,0.0,97.80023956298828,97.80023956298828,100.0,0.013144868426024914,1.3144868612289429,18.75495719909668,-18.754995346069336,0.021997643634676933,0.021997641772031784,0.0,97.80023956298828,97.80023956298828,100.0,0.013144868426024914,1.3144868612289429,0.0
101,2,Drums,35.032676696777344,-35.03168487548828,0.0005340943462215364,0.0005340825882740319,0.001130688819102943,99.94658660888672,99.94659423828125,99.88693237304688,0.0003137867897748947,0.03137867897748947,35.032676696777344,-35.03168487548828,0.0005340943462215364,0.0005340825882740319,0.001130688819102943,99.94658660888672,99.94659423828125,99.88693237304688,0.0003137867897748947,0.03137867897748947,0.0
102,0,Vocal,32.965660095214844,-32.96525192260742,0.02271454967558384,0.0227145217359066,0.023546259850263596,97.72854614257812,97.72855377197266,97.64537048339844,0.0005049509345553815,0.05049509182572365,32.965660095214844,-32.96525192260742,0.02271454967558384,0.0227145217359066,0.023546259850263596,97.72854614257812,97.72855377197266,97.64537048339844,0.0005049509345553815,0.05049509182572365,0.0
102,1,Bass,11.897887229919434,-11.897886276245117,0.042187586426734924,0.04218628257513046,0.0951140746474266,95.78124237060547,95.7813720703125,90.48859405517578,0.060677364468574524,6.067736625671387,11.897887229919434,-11.897886276245117,0.042187586426734924,0.04218628257513046,0.0951140746474266,95.78124237060547,95.7813720703125,90.48859405517578,0.060677364468574524,6.067736625671387,0.0
102,2,Drums,35.118526458740234,-35.1183967590332,0.0002607839705888182,0.000260775035712868,0.005520721897482872,99.97392272949219,99.97392272949219,99.44792938232422,0.0003076285938732326,0.03076285868883133,35.118526458740234,-35.1183967590332,0.0002607839705888182,0.000260775035712868,0.005520721897482872,99.97392272949219,99.97392272949219,99.44792938232422,0.0003076285938732326,0.03076285868883133,0.0
103,0,Vocal,32.45152282714844,-32.4515380859375,0.0019569694995880127,0.0019569694995880127,0.0024170817341655493,99.80430603027344,99.80430603027344,99.75829315185547,0.0005683063063770533,0.05683062970638275,32.45152282714844,-32.4515380859375,0.0019569694995880127,0.0019569694995880127,0.0024170817341655493,99.80430603027344,99.80430603027344,99.75829315185547,0.0005683063063770533,0.05683062970638275,0.0
103,1,Bass,13.4942626953125,-13.494260787963867,0.05261402577161789,0.052613962441682816,0.043389786034822464,94.73859405517578,94.73860168457031,95.66101837158203,0.042812589555978775,4.281259059906006,13.4942626953125,-13.494260787963867,0.05261402577161789,0.052613962441682816,0.043389786034822464,94.73859405517578,94.73860168457031,95.66101837158203,0.042812589555978775,4.281259059906006,0.0
103,2,Drums,31.789140701293945,-31.789161682128906,0.007804331835359335,0.007804331369698048,0.009969990700483322,99.21956634521484,99.21956634521484,99.00299835205078,0.0006618811166845262,0.06618811190128326,31.789140701293945,-31.789161682128906,0.007804331835359335,0.007804331369698048,0.009969990700483322,99.21956634521484,99.21956634521484,99.00299835205078,0.0006618811166845262,0.06618811190128326,0.0
104,0,Vocal,-10.409599304199219,10.409599304199219,0.9411312937736511,0.9411296844482422,0.9511793851852417,5.886870384216309,5.887031555175781,4.88206148147583,0.9165905117988586,91.65904998779297,-10.409599304199219,10.409599304199219,0.9411312937736511,0.9411296844482422,0.9511793851852417,5.886870384216309,5.887031555175781,4.88206148147583,0.9165905117988586,91.65904998779297,0.0
104,1,Bass,15.750740051269531,-15.750743865966797,0.4209505319595337,0.4209425747394562,0.4274086654186249,57.904945373535156,57.90574645996094,57.259132385253906,0.025913367047905922,2.591336727142334,15.750740051269531,-15.750743865966797,0.4209505319595337,0.4209425747394562,0.4274086654186249,57.904945373535156,57.90574645996094,57.259132385253906,0.025913367047905922,2.591336727142334,0.0
104,2,Drums,45.68610382080078,-45.674930572509766,6.025944821885787e-05,6.0257876612013206e-05,0.0,99.99397277832031,99.99397277832031,100.0,2.702458186831791e-05,0.002702458295971155,45.68610382080078,-45.674930572509766,6.025944821885787e-05,6.0257876612013206e-05,0.0,99.99397277832031,99.99397277832031,100.0,2.702458186831791e-05,0.002702458295971155,0.0
105,0,Vocal,11.514106750488281,-11.514104843139648,0.09370846301317215,0.09370846301317215,0.10384103655815125,90.62915802001953,90.62915802001953,89.61589050292969,0.06591382622718811,6.5913825035095215,11.514106750488281,-11.514104843139648,0.09370846301317215,0.09370846301317215,0.10384103655815125,90.62915802001953,90.62915802001953,89.61589050292969,0.06591382622718811,6.5913825035095215,0.0
105,1,Bass,18.07042121887207,-18.070423126220703,0.21612530946731567,0.21612514555454254,0.235958993434906,78.38746643066406,78.38748931884766,76.40409851074219,0.015354583971202374,1.5354584455490112,18.07042121887207,-18.070423126220703,0.21612530946731567,0.21612514555454254,0.235958993434906,78.38746643066406,78.38748931884766,76.40409851074219,0.015354583971202374,1.5354584455490112,0.0
105,2,Drums,38.34428024291992,-38.34369659423828,0.0018335094209760427,0.0018335094209760427,0.0023718615993857384,99.816650390625,99.816650390625,99.7628173828125,0.0001464431406930089,0.014644313603639603,38.34428024291992,-38.34369659423828,0.0018335094209760427,0.0018335094209760427,0.0023718615993857384,99.816650390625,99.816650390625,99.7628173828125,0.0001464431406930089,0.014644313603639603,0.0
106,0,Vocal,11.63980484008789,-11.639805793762207,0.37006235122680664,0.3700610399246216,0.36786916851997375,62.99376678466797,62.993896484375,63.21308517456055,0.06415404379367828,6.415404319763184,11.63980484008789,-11.639805793762207,0.37006235122680664,0.3700610399246216,0.36786916851997375,62.99376678466797,62.993896484375,63.21308517456055,0.06415404379367828,6.415404319763184,0.0
106,1,Bass,13.493023872375488,-13.493021965026855,0.40530601143836975,0.405304878950119,0.3958931863307953,59.46940231323242,59.46950912475586,60.41067886352539,0.042824212461709976,4.282421112060547,13.493023872375488,-13.493021965026855,0.40530601143836975,0.405304878950119,0.3958931863307953,59.46940231323242,59.46950912475586,60.41067886352539,0.042824212461709976,4.282421112060547,0.0
106,2,Drums,44.13798904418945,-44.139156341552734,0.00026006708503700793,0.000260067026829347,0.00047520920634269714,99.97399139404297,99.97399139404297,99.95247650146484,3.857306728605181e-05,0.00385730667039752,44.13798904418945,-44.139156341552734,0.00026006708503700793,0.000260067026829347,0.00047520920634269714,99.97399139404297,99.97399139404297,99.95247650146484,3.857306728605181e-05,0.00385730667039752,0.0
107,0,Vocal,18.477882385253906,-18.47786521911621,0.042012229561805725,0.04201222583651543,0.042589183896780014,95.79878234863281,95.79878234863281,95.74108123779297,0.013998758979141712,1.3998758792877197,18.477882385253906,-18.47786521911621,0.042012229561805725,0.04201222583651543,0.042589183896780014,95.79878234863281,95.79878234863281,95.74108123779297,0.013998758979141712,1.3998758792877197,0.0
107,1,Bass,20.25625991821289,-20.256263732910156,0.22868263721466064,0.22868220508098602,0.23271344602108002,77.1317367553711,77.13177490234375,76.72865295410156,0.00933899823576212,0.9338998198509216,20.25625991821289,-20.256263732910156,0.22868263721466064,0.22868220508098602,0.23271344602108002,77.1317367553711,77.13177490234375,76.72865295410156,0.00933899823576212,0.9338998198509216,0.0
107,2,Drums,29.18221664428711,-29.18218421936035,0.0003055775596294552,0.00030557738500647247,0.0,99.96944427490234,99.96944427490234,100.0,0.0012057399144396186,0.120573990046978,29.18221664428711,-29.18218421936035,0.0003055775596294552,0.00030557738500647247,0.0,99.96944427490234,99.96944427490234,100.0,0.0012057399144396186,0.120573990046978,0.0
108,0,Vocal,18.545000076293945,-18.54499053955078,0.11805585771799088,0.11805535107851028,0.1198744922876358,88.19441223144531,88.19446563720703,88.0125503540039,0.01378700602799654,1.378700613975525,18.545000076293945,-18.54499053955078,0.11805585771799088,0.11805535107851028,0.1198744922876358,88.19441223144531,88.19446563720703,88.0125503540039,0.01378700602799654,1.378700613975525,0.0
108,1,Bass,9.609918594360352,-9.609918594360352,0.39858150482177734,0.3985607326030731,0.396977037191391,60.141849517822266,60.143924713134766,60.30229187011719,0.09860997647047043,9.860997200012207,9.609918594360352,-9.609918594360352,0.39858150482177734,0.3985607326030731,0.396977037191391,60.141849517822266,60.143924713134766,60.30229187011719,0.09860997647047043,9.860997200012207,0.0
108,2,Drums,38.59733963012695,-38.59669876098633,0.0007883468642830849,0.000788346806075424,0.0011339995544403791,99.9211654663086,99.9211654663086,99.88660430908203,0.0001381394686177373,0.013813946396112442,38.59733963012695,-38.59669876098633,0.0007883468642830849,0.000788346806075424,0.0011339995544403791,99.9211654663086,99.9211654663086,99.88660430908203,0.0001381394686177373,0.013813946396112442,0.0
109,0,Vocal,13.046279907226562,-13.04627799987793,0.4145912230014801,0.4145897626876831,0.4186447858810425,58.5408821105957,58.54102325439453,58.135520935058594,0.04724476486444473,4.724476337432861,13.046279907226562,-13.04627799987793,0.4145912230014801,0.4145897626876831,0.4186447858810425,58.5408821105957,58.54102325439453,58.135520935058594,0.04724476486444473,4.724476337432861,0.0
109,1,Bass,17.59436798095703,-17.59436798095703,0.3656121790409088,0.36561205983161926,0.36705851554870605,63.438785552978516,63.43879699707031,63.29414749145508,0.017102986574172974,1.7102986574172974,17.59436798095703,-17.59436798095703,0.3656121790409088,0.36561205983161926,0.36705851554870605,63.438785552978516,63.43879699707031,63.29414749145508,0.017102986574172974,1.7102986574172974,0.0
109,2,Drums,35.71101379394531,-35.71087646484375,0.00025517260655760765,0.0002551725774537772,0.0,99.97447967529297,99.97447967529297,100.0,0.00026841292856261134,0.026841292157769203,35.71101379394531,-35.71087646484375,0.00025517260655760765,0.0002551725774537772,0.0,99.97447967529297,99.97447967529297,100.0,0.00026841292856261134,0.026841292157769203,0.0
110,0,Vocal,17.210561752319336,-17.210567474365234,0.16834543645381927,0.16834530234336853,0.16912059485912323,83.16545104980469,83.16546630859375,83.08793640136719,0.018653791397809982,1.8653790950775146,17.210561752319336,-17.210567474365234,0.16834543645381927,0.16834530234336853,0.16912059485912323,83.16545104980469,83.16546630859375,83.08793640136719,0.018653791397809982,1.8653790950775146,0.0
110,1,Bass,17.07259750366211,-17.072599411010742,0.223044753074646,0.2230430394411087,0.22103720903396606,77.69552612304688,77.69569396972656,77.89627838134766,0.019244298338890076,1.9244298934936523,17.07259750366211,-17.072599411010742,0.223044753074646,0.2230430394411087,0.22103720903396606,77.69552612304688,77.69569396972656,77.89627838134766,0.019244298338890076,1.9244298934936523,0.0
110,2,Drums,39.619842529296875,-39.6191520690918,0.0013966046972200274,0.0013966035330668092,0.0011215306585654616,99.86034393310547,99.86034393310547,99.88784790039062,0.00010918742191279307,0.010918742045760155,39.619842529296875,-39.6191520690918,0.0013966046972200274,0.0013966035330668092,0.0011215306585654616,99.86034393310547,99.86034393310547,99.88784790039062,0.00010918742191279307,0.010918742045760155,0.0
111,0,Vocal,15.971298217773438,-15.97128963470459,0.15962570905685425,0.1596238762140274,0.16421709954738617,84.03742980957031,84.03761291503906,83.57828521728516,0.024661874398589134,2.4661874771118164,15.971298217773438,-15.97128963470459,0.15962570905685425,0.1596238762140274,0.16421709954738617,84.03742980957031,84.03761291503906,83.57828521728516,0.024661874398589134,2.4661874771118164,0.0
111,1,Bass,18.72209358215332,-18.722097396850586,0.34289035201072693,0.3428877890110016,0.33907824754714966,65.7109603881836,65.71122741699219,66.09217834472656,0.013243439607322216,1.3243439197540283,18.72209358215332,-18.722097396850586,0.34289035201072693,0.3428877890110016,0.33907824754714966,65.7109603881836,65.71122741699219,66.09217834472656,0.013243439607322216,1.3243439197540283,0.0
111,2,Drums,40.06141662597656,-40.065765380859375,0.0009305329876951873,0.0009305321727879345,0.0016933104488998652,99.90694427490234,99.90694427490234,99.8306655883789,9.853490337263793e-05,0.009853490628302097,40.06141662597656,-40.065765380859375,0.0009305329876951873,0.0009305321727879345,0.0016933104488998652,99.90694427490234,99.90694427490234,99.8306655883789,9.853490337263793e-05,0.009853490628302097,0.0
112,0,Vocal,22.306598663330078,-22.306560516357422,0.00843312218785286,0.00843312218785286,0.009093545377254486,99.15669250488281,99.15669250488281,99.09064483642578,0.005845129489898682,0.5845129489898682,22.306598663330078,-22.306560516357422,0.00843312218785286,0.00843312218785286,0.009093545377254486,99.15669250488281,99.15669250488281,99.09064483642578,0.005845129489898682,0.5845129489898682,0.0
112,1,Bass,25.570369720458984,-25.570274353027344,0.038808055222034454,0.038807887583971024,0.039779406040906906,96.11919403076172,96.11921691894531,96.02205657958984,0.002765463897958398,0.2765463888645172,25.570369720458984,-25.570274353027344,0.038808055222034454,0.038807887583971024,0.039779406040906906,96.11919403076172,96.11921691894531,96.02205657958984,0.002765463897958398,0.2765463888645172,0.0
112,2,Drums,32.192771911621094,-32.19257736206055,0.0017877116333693266,0.0017877115169540048,0.00046602103975601494,99.82122802734375,99.82122802734375,99.9533920288086,0.0006032249075360596,0.060322489589452744,32.192771911621094,-32.19257736206055,0.0017877116333693266,0.0017877115169540048,0.00046602103975601494,99.82122802734375,99.82122802734375,99.9533920288086,0.0006032249075360596,0.060322489589452744,0.0
113,0,Vocal,33.875221252441406,-33.87531280517578,0.006321496330201626,0.006321496330201626,0.00597715936601162,99.36785125732422,99.36785125732422,99.40228271484375,0.00040951886330731213,0.04095188528299332,33.875221252441406,-33.87531280517578,0.006321496330201626,0.006321496330201626,0.00597715936601162,99.36785125732422,99.36785125732422,99.40228271484375,0.00040951886330731213,0.04095188528299332,0.0
113,1,Bass,16.56486701965332,-16.564868927001953,0.05210795998573303,0.0521075502038002,0.05317665636539459,94.7892074584961,94.78924560546875,94.68233489990234,0.02157936431467533,2.1579363346099854,16.56486701965332,-16.564868927001953,0.05210795998573303,0.0521075502038002,0.05317665636539459,94.7892074584961,94.78924560546875,94.68233489990234,0.02157936431467533,2.1579363346099854,0.0
113,2,Drums,33.85063171386719,-33.85037612915039,0.0007494100136682391,0.0007494087913073599,0.0,99.92505645751953,99.92505645751953,100.0,0.00041185913141816854,0.04118591174483299,33.85063171386719,-33.85037612915039,0.0007494100136682391,0.0007494087913073599,0.0,99.92505645751953,99.92505645751953,100.0,0.00041185913141816854,0.04118591174483299,0.0
114,0,Vocal,14.935705184936523,-14.935708045959473,0.012343078851699829,0.012343071401119232,0.013094178400933743,98.76569366455078,98.76569366455078,98.69058227539062,0.031096376478672028,3.10963773727417,14.935705184936523,-14.935708045959473,0.012343078851699829,0.012343071401119232,0.013094178400933743,98.76569366455078,98.76569366455078,98.69058227539062,0.031096376478672028,3.10963773727417,0.0
114,1,Bass,18.18946075439453,-18.189453125,0.04006455838680267,0.04006410390138626,0.053369779139757156,95.99354553222656,95.99359130859375,94.66302490234375,0.01494565885514021,1.4945658445358276,18.18946075439453,-18.189453125,0.04006455838680267,0.04006410390138626,0.053369779139757156,95.99354553222656,95.99359130859375,94.66302490234375,0.01494565885514021,1.4945658445358276,0.0
114,2,Drums,29.57421875,-29.574155807495117,0.0009095965651795268,0.0009095965651795268,0.0010596737265586853,99.90904235839844,99.90904235839844,99.89403533935547,0.001101798377931118,0.1101798415184021,29.57421875,-29.574155807495117,0.0009095965651795268,0.0009095965651795268,0.0010596737265586853,99.90904235839844,99.90904235839844,99.89403533935547,0.001101798377931118,0.1101798415184021,0.0
115,0,Vocal,24.64767837524414,-24.64764404296875,0.006021270994096994,0.006021270994096994,0.006350334733724594,99.39787292480469,99.39787292480469,99.3649673461914,0.0034178136847913265,0.3417813777923584,24.64767837524414,-24.64764404296875,0.006021270994096994,0.006021270994096994,0.006350334733724594,99.39787292480469,99.39787292480469,99.3649673461914,0.0034178136847913265,0.3417813777923584,0.0
115,1,Bass,17.371829986572266,-17.371829986572266,0.03499534726142883,0.03499516472220421,0.033436425030231476,96.5004653930664,96.50048828125,96.65635681152344,0.017986025661230087,1.79860258102417,17.371829986572266,-17.371829986572266,0.03499534726142883,0.03499516472220421,0.033436425030231476,96.5004653930664,96.50048828125,96.65635681152344,0.017986025661230087,1.79860258102417,0.0
115,2,Drums,28.417177200317383,-28.417057037353516,0.0019997272174805403,0.0019997272174805403,0.0009639281197451055,99.8000259399414,99.8000259399414,99.90361022949219,0.0014376855688169599,0.1437685638666153,28.417177200317383,-28.417057037353516,0.0019997272174805403,0.0019997272174805403,0.0009639281197451055,99.8000259399414,99.8000259399414,99.90361022949219,0.0014376855688169599,0.1437685638666153,0.0
116,0,Vocal,25.78339385986328,-25.783414840698242,0.0056263054721057415,0.005626297555863857,0.006358128506690264,99.43737030029297,99.43737030029297,99.36418151855469,0.002633391646668315,0.26333916187286377,25.78339385986328,-25.783414840698242,0.0056263054721057415,0.005626297555863857,0.006358128506690264,99.43737030029297,99.43737030029297,99.36418151855469,0.002633391646668315,0.26333916187286377,0.0
116,1,Bass,20.360097885131836,-20.360097885131836,0.03696385771036148,0.03696385771036148,0.035873204469680786,96.3036117553711,96.3036117553711,96.41268157958984,0.00912033673375845,0.9120336771011353,20.360097885131836,-20.360097885131836,0.03696385771036148,0.03696385771036148,0.035873204469680786,96.3036117553711,96.3036117553711,96.41268157958984,0.00912033673375845,0.9120336771011353,0.0
116,2,Drums,26.941041946411133,-26.941070556640625,0.0019341778242960572,0.0019341770093888044,0.0007397665176540613,99.80657958984375,99.80657958984375,99.926025390625,0.0020184668246656656,0.20184668898582458,26.941041946411133,-26.941070556640625,0.0019341778242960572,0.0019341770093888044,0.0007397665176540613,99.80657958984375,99.80657958984375,99.926025390625,0.0020184668246656656,0.20184668898582458,0.0
117,0,Vocal,26.769437789916992,-26.769432067871094,0.014379302971065044,0.014379293657839298,0.015045308507978916,98.56206512451172,98.56206512451172,98.49546813964844,0.002099637407809496,0.20996373891830444,26.769437789916992,-26.769432067871094,0.014379302971065044,0.014379293657839298,0.015045308507978916,98.56206512451172,98.56206512451172,98.49546813964844,0.002099637407809496,0.20996373891830444,0.0
117,1,Bass,19.643409729003906,-19.643409729003906,0.03780236467719078,0.03780236095190048,0.03711064159870148,96.21976470947266,96.21976470947266,96.2889404296875,0.010739165358245373,1.0739165544509888,19.643409729003906,-19.643409729003906,0.03780236467719078,0.03780236095190048,0.03711064159870148,96.21976470947266,96.21976470947266,96.2889404296875,0.010739165358245373,1.0739165544509888,0.0
117,2,Drums,33.875221252441406,-33.87495040893555,0.002191605744883418,0.0021916052792221308,0.0016913576982915401,99.78083801269531,99.78083801269531,99.83086395263672,0.00040956417797133327,0.040956418961286545,33.875221252441406,-33.87495040893555,0.002191605744883418,0.0021916052792221308,0.0016913576982915401,99.78083801269531,99.78083801269531,99.83086395263672,0.00040956417797133327,0.040956418961286545,0.0
118,0,Vocal,26.453857421875,-26.453834533691406,0.006569738034158945,0.006569738034158945,0.007088627200573683,99.34302520751953,99.34302520751953,99.2911376953125,0.002257509855553508,0.22575098276138306,26.453857421875,-26.453834533691406,0.006569738034158945,0.006569738034158945,0.007088627200573683,99.34302520751953,99.34302520751953,99.2911376953125,0.002257509855553508,0.22575098276138306,0.0
118,1,Bass,20.38189125061035,-20.381868362426758,0.05121186375617981,0.051211852580308914,0.047498419880867004,94.87881469726562,94.87881469726562,95.25016021728516,0.009075146168470383,0.9075146317481995,20.38189125061035,-20.381868362426758,0.05121186375617981,0.051211852580308914,0.047498419880867004,94.87881469726562,94.87881469726562,95.25016021728516,0.009075146168470383,0.9075146317481995,0.0
118,2,Drums,34.97936248779297,-34.97938537597656,0.001152487238869071,0.001152487238869071,0.0,99.88475036621094,99.88475036621094,100.0,0.0003176602185703814,0.031766023486852646,34.97936248779297,-34.97938537597656,0.001152487238869071,0.001152487238869071,0.0,99.88475036621094,99.88475036621094,100.0,0.0003176602185703814,0.031766023486852646,0.0
119,0,Vocal,23.438907623291016,-23.438894271850586,0.0036140030715614557,0.0036140030715614557,0.0012851362116634846,99.63859558105469,99.63859558105469,99.8714828491211,0.004509721416980028,0.45097213983535767,23.438907623291016,-23.438894271850586,0.0036140030715614557,0.0036140030715614557,0.0012851362116634846,99.63859558105469,99.63859558105469,99.8714828491211,0.004509721416980028,0.45097213983535767,0.0
119,1,Bass,22.101810455322266,-22.10181427001953,0.04622378200292587,0.0462237223982811,0.05557556077837944,95.37762451171875,95.37763214111328,94.44244384765625,0.006125634536147118,0.61256343126297,22.101810455322266,-22.10181427001953,0.04622378200292587,0.0462237223982811,0.05557556077837944,95.37762451171875,95.37763214111328,94.44244384765625,0.006125634536147118,0.61256343126297,0.0
119,2,Drums,27.478378295898438,-27.478431701660156,0.00012065006740158424,0.00012064993643434718,0.001548534957692027,99.9879379272461,99.9879379272461,99.84514617919922,0.0017839521169662476,0.17839521169662476,27.478378295898438,-27.478431701660156,0.00012065006740158424,0.00012064993643434718,0.001548534957692027,99.9879379272461,99.9879379272461,99.84514617919922,0.0017839521169662476,0.17839521169662476,0.0
120,0,Vocal,27.221946716308594,-27.222179412841797,0.0435214638710022,0.0435214601457119,0.04473280534148216,95.6478500366211,95.6478500366211,95.52671813964844,0.0018922026501968503,0.18922026455402374,27.221946716308594,-27.222179412841797,0.0435214638710022,0.0435214601457119,0.04473280534148216,95.6478500366211,95.6478500366211,95.52671813964844,0.0018922026501968503,0.18922026455402374,0.0
120,1,Bass,23.236534118652344,-23.23651123046875,0.11424125730991364,0.11424097418785095,0.11342979222536087,88.57587432861328,88.57589721679688,88.65702056884766,0.004723833408206701,0.4723833501338959,23.236534118652344,-23.23651123046875,0.11424125730991364,0.11424097418785095,0.11342979222536087,88.57587432861328,88.57589721679688,88.65702056884766,0.004723833408206701,0.4723833501338959,0.0
120,2,Drums,37.062522888183594,-37.0618782043457,0.003575645387172699,0.003575641429051757,0.0038491906598210335,99.64244079589844,99.64244079589844,99.61508178710938,0.0001966842683032155,0.019668426364660263,37.062522888183594,-37.0618782043457,0.003575645387172699,0.003575641429051757,0.0038491906598210335,99.64244079589844,99.64244079589844,99.61508178710938,0.0001966842683032155,0.019668426364660263,0.0
121,0,Vocal,15.427518844604492,-15.427522659301758,0.05624552071094513,0.05624552071094513,0.058645471930503845,94.37545013427734,94.37545013427734,94.13545227050781,0.027859782800078392,2.785978317260742,15.427518844604492,-15.427522659301758,0.05624552071094513,0.05624552071094513,0.058645471930503845,94.37545013427734,94.37545013427734,94.13545227050781,0.027859782800078392,2.785978317260742,0.0
121,1,Bass,22.268634796142578,-22.268579483032227,0.1655181348323822,0.16551779210567474,0.1791704297065735,83.44818115234375,83.4482192993164,82.08295440673828,0.005896193441003561,0.5896193385124207,22.268634796142578,-22.268579483032227,0.1655181348323822,0.16551779210567474,0.1791704297065735,83.44818115234375,83.4482192993164,82.08295440673828,0.005896193441003561,0.5896193385124207,0.0
121,2,Drums,35.1821174621582,-35.18227005004883,0.0022282099816948175,0.002228209748864174,0.001223260536789894,99.77718353271484,99.77718353271484,99.87767028808594,0.0003031352534890175,0.03031352534890175,35.1821174621582,-35.18227005004883,0.0022282099816948175,0.002228209748864174,0.001223260536789894,99.77718353271484,99.77718353271484,99.87767028808594,0.0003031352534890175,0.03031352534890175,0.0
122,0,Vocal,14.83540153503418,-14.83540153503418,0.2698873281478882,0.26988285779953003,0.2760494649410248,73.01126861572266,73.01171112060547,72.39505004882812,0.031799837946891785,3.1799838542938232,14.83540153503418,-14.83540153503418,0.2698873281478882,0.26988285779953003,0.2760494649410248,73.01126861572266,73.01171112060547,72.39505004882812,0.031799837946891785,3.1799838542938232,0.0
122,1,Bass,20.717641830444336,-20.717628479003906,0.12669965624809265,0.12669862806797028,0.12664665281772614,87.33003234863281,87.33013916015625,87.33533477783203,0.008405652828514576,0.8405652642250061,20.717641830444336,-20.717628479003906,0.12669965624809265,0.12669862806797028,0.12664665281772614,87.33003234863281,87.33013916015625,87.33533477783203,0.008405652828514576,0.8405652642250061,0.0
122,2,Drums,38.79877853393555,-38.79890823364258,0.0009877821430563927,0.0009877588599920273,0.0007680390845052898,99.9012222290039,99.9012222290039,99.9231948852539,0.00013183917326387018,0.013183916918933392,38.79877853393555,-38.79890823364258,0.0009877821430563927,0.0009877588599920273,0.0007680390845052898,99.9012222290039,99.9012222290039,99.9231948852539,0.00013183917326387018,0.013183916918933392,0.0
123,0,Vocal,13.736685752868652,-13.736696243286133,0.07394252717494965,0.07394226640462875,0.0747138038277626,92.60574340820312,92.60577392578125,92.52861785888672,0.04058251157402992,4.05825138092041,13.736685752868652,-13.736696243286133,0.07394252717494965,0.07394226640462875,0.0747138038277626,92.60574340820312,92.60577392578125,92.52861785888672,0.04058251157402992,4.05825138092041,0.0
123,1,Bass,22.22897720336914,-22.22905921936035,0.12262841314077377,0.12262833118438721,0.11897653341293335,87.7371597290039,87.73716735839844,88.10234832763672,0.005949873011559248,0.5949872732162476,22.22897720336914,-22.22905921936035,0.12262841314077377,0.12262833118438721,0.11897653341293335,87.7371597290039,87.73716735839844,88.10234832763672,0.005949873011559248,0.5949872732162476,0.0
123,2,Drums,35.6850471496582,-35.684669494628906,0.0016314289532601833,0.00163142045494169,0.002072812058031559,99.83685302734375,99.83685302734375,99.79271697998047,0.000270011747488752,0.02700117416679859,35.6850471496582,-35.684669494628906,0.0016314289532601833,0.00163142045494169,0.002072812058031559,99.83685302734375,99.83685302734375,99.79271697998047,0.000270011747488752,0.02700117416679859,0.0
124,0,Vocal,11.19067668914795,-11.190679550170898,0.24709546566009521,0.2470952868461609,0.2740958034992218,75.29045104980469,75.29047393798828,72.59042358398438,0.07064992189407349,7.0649919509887695,11.19067668914795,-11.190679550170898,0.24709546566009521,0.2470952868461609,0.2740958034992218,75.29045104980469,75.29047393798828,72.59042358398438,0.07064992189407349,7.0649919509887695,0.0
124,1,Bass,27.157190322875977,-27.157169342041016,0.14422984421253204,0.14422976970672607,0.149894580245018,85.57701873779297,85.5770263671875,85.01054382324219,0.0019206616561859846,0.19206616282463074,27.157190322875977,-27.157169342041016,0.14422984421253204,0.14422976970672607,0.149894580245018,85.57701873779297,85.5770263671875,85.01054382324219,0.0019206616561859846,0.19206616282463074,0.0
124,2,Drums,40.124900817871094,-40.123233795166016,0.0011519964318722486,0.0011519892141222954,0.0010688875336199999,99.88480377197266,99.88480377197266,99.89311218261719,9.71611007116735e-05,0.009716110303997993,40.124900817871094,-40.123233795166016,0.0011519964318722486,0.0011519892141222954,0.0010688875336199999,99.88480377197266,99.88480377197266,99.89311218261719,9.71611007116735e-05,0.009716110303997993,0.0
125,0,Vocal,30.21328353881836,-30.2132625579834,0.04457372426986694,0.04457370564341545,0.04516763612627983,95.5426254272461,95.5426254272461,95.48323822021484,0.0009511776734143496,0.09511777013540268,30.21328353881836,-30.2132625579834,0.04457372426986694,0.04457370564341545,0.04516763612627983,95.5426254272461,95.5426254272461,95.48323822021484,0.0009511776734143496,0.09511777013540268,0.0
125,1,Bass,28.824989318847656,-28.824827194213867,0.11702549457550049,0.11702518165111542,0.1103006899356842,88.29744720458984,88.29747772216797,88.96993255615234,0.0013089971616864204,0.13089971244335175,28.824989318847656,-28.824827194213867,0.11702549457550049,0.11702518165111542,0.1103006899356842,88.29744720458984,88.29747772216797,88.96993255615234,0.0013089971616864204,0.13089971244335175,0.0
125,2,Drums,37.14091110229492,-37.14155578613281,0.002554786391556263,0.0025547861587256193,0.002617925638332963,99.74452209472656,99.74452209472656,99.73820495605469,0.00019309157505631447,0.019309157505631447,37.14091110229492,-37.14155578613281,0.002554786391556263,0.0025547861587256193,0.002617925638332963,99.74452209472656,99.74452209472656,99.73820495605469,0.00019309157505631447,0.019309157505631447,0.0
126,0,Vocal,19.531816482543945,-19.531858444213867,0.043665457516908646,0.043665457516908646,0.04434558376669884,95.63345336914062,95.63345336914062,95.56544494628906,0.011015537194907665,1.1015536785125732,19.531816482543945,-19.531858444213867,0.043665457516908646,0.043665457516908646,0.04434558376669884,95.63345336914062,95.63345336914062,95.56544494628906,0.011015537194907665,1.1015536785125732,0.0
126,1,Bass,36.64839172363281,-36.64838790893555,0.09334864467382431,0.09334864467382431,0.09283638745546341,90.6651382446289,90.6651382446289,90.71636199951172,0.0002162958844564855,0.021629588678479195,36.64839172363281,-36.64838790893555,0.09334864467382431,0.09334864467382431,0.09283638745546341,90.6651382446289,90.6651382446289,90.71636199951172,0.0002162958844564855,0.021629588678479195,0.0
126,2,Drums,42.96814727783203,-42.9698371887207,0.0025040360633283854,0.002504035597667098,0.002462122356519103,99.74959564208984,99.74959564208984,99.7537841796875,5.0467140681575984e-05,0.005046714097261429,42.96814727783203,-42.9698371887207,0.0025040360633283854,0.002504035597667098,0.002462122356519103,99.74959564208984,99.74959564208984,99.7537841796875,5.0467140681575984e-05,0.005046714097261429,0.0
127,0,Vocal,17.500408172607422,-17.50041389465332,0.0457945354282856,0.04579450935125351,0.04423858970403671,95.42054748535156,95.42054748535156,95.57614135742188,0.017470447346568108,1.7470446825027466,17.500408172607422,-17.50041389465332,0.0457945354282856,0.04579450935125351,0.04423858970403671,95.42054748535156,95.42054748535156,95.57614135742188,0.017470447346568108,1.7470446825027466,0.0
127,1,Bass,27.49892234802246,-27.498960494995117,0.15803056955337524,0.15803056955337524,0.15725243091583252,84.19694519042969,84.19694519042969,84.2747573852539,0.0017755385488271713,0.17755386233329773,27.49892234802246,-27.498960494995117,0.15803056955337524,0.15803056955337524,0.15725243091583252,84.19694519042969,84.19694519042969,84.2747573852539,0.0017755385488271713,0.17755386233329773,0.0
127,2,Drums,35.34751892089844,-35.34786605834961,0.0013009780086576939,0.0013009777758270502,0.001050009741447866,99.86990356445312,99.86990356445312,99.89500427246094,0.0002918254758697003,0.029182547703385353,35.34751892089844,-35.34786605834961,0.0013009780086576939,0.0013009777758270502,0.001050009741447866,99.86990356445312,99.86990356445312,99.89500427246094,0.0002918254758697003,0.029182547703385353,0.0
128,0,Vocal,26.83842658996582,-26.838462829589844,0.006238851230591536,0.006238851230591536,0.007311902940273285,99.37611389160156,99.37611389160156,99.26881408691406,0.002066585700958967,0.20665857195854187,26.83842658996582,-26.838462829589844,0.006238851230591536,0.006238851230591536,0.007311902940273285,99.37611389160156,99.37611389160156,99.26881408691406,0.002066585700958967,0.20665857195854187,0.0
128,1,Bass,32.59467697143555,-32.594642639160156,0.012453458271920681,0.012453421950340271,0.011220778338611126,98.75465393066406,98.75465393066406,98.87792205810547,0.0005499168764799833,0.05499168857932091,32.59467697143555,-32.594642639160156,0.012453458271920681,0.012453421950340271,0.011220778338611126,98.75465393066406,98.75465393066406,98.87792205810547,0.0005499168764799833,0.05499168857932091,0.0
128,2,Drums,32.193634033203125,-32.19355010986328,0.003029718529433012,0.0030297127086669207,0.0018986056093126535,99.69702911376953,99.69702911376953,99.81014251708984,0.0006030559889040887,0.06030559912323952,32.193634033203125,-32.19355010986328,0.003029718529433012,0.0030297127086669207,0.0018986056093126535,99.69702911376953,99.69702911376953,99.81014251708984,0.0006030559889040887,0.06030559912323952,0.0
129,0,Vocal,23.8760929107666,-23.876123428344727,0.008364235982298851,0.008364235982298851,0.010494749061763287,99.16357421875,99.16357421875,98.95052337646484,0.0040795872919261456,0.4079587161540985,23.8760929107666,-23.876123428344727,0.008364235982298851,0.008364235982298851,0.010494749061763287,99.16357421875,99.16357421875,98.95052337646484,0.0040795872919261456,0.4079587161540985,0.0
129,1,Bass,24.037019729614258,-24.03704833984375,0.014080839231610298,0.014080831781029701,0.014429294504225254,98.5919189453125,98.5919189453125,98.55707550048828,0.00393178453668952,0.39317846298217773,24.037019729614258,-24.03704833984375,0.014080839231610298,0.014080831781029701,0.014429294504225254,98.5919189453125,98.5919189453125,98.55707550048828,0.00393178453668952,0.39317846298217773,0.0
129,2,Drums,38.34782028198242,-38.346744537353516,0.0008061870466917753,0.0008061867556534708,0.0007192653138190508,99.91938018798828,99.91938018798828,99.9280776977539,0.00014627008931711316,0.014627008698880672,38.34782028198242,-38.346744537353516,0.0008061870466917753,0.0008061867556534708,0.0007192653138190508,99.91938018798828,99.91938018798828,99.9280776977539,0.00014627008931711316,0.014627008698880672,0.0
130,0,Vocal,22.871021270751953,-22.871105194091797,0.009816089645028114,0.00981608871370554,0.010377880185842514,99.01838684082031,99.01838684082031,98.96221160888672,0.005136346910148859,0.5136346817016602,22.871021270751953,-22.871105194091797,0.009816089645028114,0.00981608871370554,0.010377880185842514,99.01838684082031,99.01838684082031,98.96221160888672,0.005136346910148859,0.5136346817016602,0.0
130,1,Bass,27.468358993530273,-27.468421936035156,0.021811556071043015,0.02181127294898033,0.025387682020664215,97.81884765625,97.81887817382812,97.46122741699219,0.0017880538944154978,0.1788053959608078,27.468358993530273,-27.468421936035156,0.021811556071043015,0.02181127294898033,0.025387682020664215,97.81884765625,97.81887817382812,97.46122741699219,0.0017880538944154978,0.1788053959608078,0.0
130,2,Drums,40.53540802001953,-40.53566360473633,0.00114002067130059,0.0011400203220546246,0.0006697628414258361,99.88600158691406,99.88600158691406,99.93302154541016,8.838614303385839e-05,0.008838614448904991,40.53540802001953,-40.53566360473633,0.00114002067130059,0.0011400203220546246,0.0006697628414258361,99.88600158691406,99.88600158691406,99.93302154541016,8.838614303385839e-05,0.008838614448904991,0.0
131,0,Vocal,26.673152923583984,-26.673362731933594,0.008989144116640091,0.008989144116640091,0.010462949983775616,99.10108184814453,99.10108184814453,98.95370483398438,0.0021465911995619535,0.21465912461280823,26.673152923583984,-26.673362731933594,0.008989144116640091,0.008989144116640091,0.010462949983775616,99.10108184814453,99.10108184814453,98.95370483398438,0.0021465911995619535,0.21465912461280823,0.0
131,1,Bass,25.588897705078125,-25.58884048461914,0.005732648074626923,0.005732640624046326,0.007247739937156439,99.4267349243164,99.4267349243164,99.27522277832031,0.0027536696288734674,0.27536696195602417,25.588897705078125,-25.58884048461914,0.005732648074626923,0.005732640624046326,0.007247739937156439,99.4267349243164,99.4267349243164,99.27522277832031,0.0027536696288734674,0.27536696195602417,0.0
131,2,Drums,34.57933044433594,-34.57957077026367,0.0021469665225595236,0.00214695674367249,0.0037647425197064877,99.7853012084961,99.7853012084961,99.62352752685547,0.00034824892645701766,0.03482489287853241,34.57933044433594,-34.57957077026367,0.0021469665225595236,0.00214695674367249,0.0037647425197064877,99.7853012084961,99.7853012084961,99.62352752685547,0.00034824892645701766,0.03482489287853241,0.0
132,0,Vocal,24.197025299072266,-24.197002410888672,0.006039863917976618,0.006039862986654043,0.006826239172369242,99.39601135253906,99.39601135253906,99.31737518310547,0.003790129441767931,0.37901294231414795,24.197025299072266,-24.197002410888672,0.006039863917976618,0.006039862986654043,0.006826239172369242,99.39601135253906,99.39601135253906,99.31737518310547,0.003790129441767931,0.37901294231414795,0.0
132,1,Bass,33.880916595458984,-33.88080978393555,0.01688147895038128,0.01688130758702755,0.015711968764662743,98.31185150146484,98.31187438964844,98.42880249023438,0.00040901917964220047,0.04090191796422005,33.880916595458984,-33.88080978393555,0.01688147895038128,0.01688130758702755,0.015711968764662743,98.31185150146484,98.31187438964844,98.42880249023438,0.00040901917964220047,0.04090191796422005,0.0
132,2,Drums,26.550771713256836,-26.550792694091797,0.0002533209335524589,0.00025332067161798477,0.0015637219185009599,99.97467041015625,99.97467041015625,99.8436279296875,0.002207821235060692,0.22078213095664978,26.550771713256836,-26.550792694091797,0.0002533209335524589,0.00025332067161798477,0.0015637219185009599,99.97467041015625,99.97467041015625,99.8436279296875,0.002207821235060692,0.22078213095664978,0.0
133,0,Vocal,24.15465545654297,-24.154634475708008,0.011667991988360882,0.011667989194393158,0.010812610387802124,98.83320617675781,98.83320617675781,98.91873931884766,0.003827082458883524,0.38270825147628784,24.15465545654297,-24.154634475708008,0.011667991988360882,0.011667989194393158,0.010812610387802124,98.83320617675781,98.83320617675781,98.91873931884766,0.003827082458883524,0.38270825147628784,0.0
133,1,Bass,33.21803283691406,-33.21825408935547,0.016191115602850914,0.01619100756943226,0.016934063285589218,98.38088989257812,98.38089752197266,98.30659484863281,0.0004763782781083137,0.047637827694416046,33.21803283691406,-33.21825408935547,0.016191115602850914,0.01619100756943226,0.016934063285589218,98.38088989257812,98.38089752197266,98.30659484863281,0.0004763782781083137,0.047637827694416046,0.0
133,2,Drums,41.11077117919922,-41.11055374145508,0.0008216489804908633,0.0008216481073759496,0.0010858230525627732,99.91783142089844,99.91783142089844,99.89141845703125,7.745704351691529e-05,0.007745704147964716,41.11077117919922,-41.11055374145508,0.0008216489804908633,0.0008216481073759496,0.0010858230525627732,99.91783142089844,99.91783142089844,99.89141845703125,7.745704351691529e-05,0.007745704147964716,0.0
134,0,Vocal,29.087181091308594,-29.087121963500977,0.005194884724915028,0.005194884724915028,0.005705976393073797,99.48050689697266,99.48050689697266,99.42940521240234,0.0012324019335210323,0.12324019521474838,29.087181091308594,-29.087121963500977,0.005194884724915028,0.005194884724915028,0.005705976393073797,99.48050689697266,99.48050689697266,99.42940521240234,0.0012324019335210323,0.12324019521474838,0.0
134,1,Bass,26.593875885009766,-26.593856811523438,0.006714473012834787,0.0067144716158509254,0.014194237068295479,99.32855224609375,99.32855224609375,98.58057403564453,0.0021860606502741575,0.21860606968402863,26.593875885009766,-26.593856811523438,0.006714473012834787,0.0067144716158509254,0.014194237068295479,99.32855224609375,99.32855224609375,98.58057403564453,0.0021860606502741575,0.21860606968402863,0.0
134,2,Drums,32.68365478515625,-32.683250427246094,0.0037098724860697985,0.0037098724860697985,0.002077530138194561,99.62901306152344,99.62901306152344,99.79225158691406,0.0005387757555581629,0.0538775771856308,32.68365478515625,-32.683250427246094,0.0037098724860697985,0.0037098724860697985,0.002077530138194561,99.62901306152344,99.62901306152344,99.79225158691406,0.0005387757555581629,0.0538775771856308,0.0
135,0,Vocal,25.797115325927734,-25.79707145690918,0.007681997027248144,0.0076819960959255695,0.008989231660962105,99.23179626464844,99.23179626464844,99.10108184814453,0.0026251233648508787,0.26251232624053955,25.797115325927734,-25.79707145690918,0.007681997027248144,0.0076819960959255695,0.008989231660962105,99.23179626464844,99.23179626464844,99.10108184814453,0.0026251233648508787,0.26251232624053955,0.0
135,1,Bass,24.261878967285156,-24.261890411376953,0.013810775242745876,0.013810764998197556,0.011412163265049458,98.61892700195312,98.61892700195312,98.8587875366211,0.003734125290066004,0.37341251969337463,24.261878967285156,-24.261890411376953,0.013810775242745876,0.013810764998197556,0.011412163265049458,98.61892700195312,98.61892700195312,98.8587875366211,0.003734125290066004,0.37341251969337463,0.0
135,2,Drums,39.48439407348633,-39.48469543457031,0.0013920560013502836,0.001392050296999514,0.0017491716425865889,99.86079406738281,99.86079406738281,99.82508087158203,0.00011260215978836641,0.011260216124355793,39.48439407348633,-39.48469543457031,0.0013920560013502836,0.001392050296999514,0.0017491716425865889,99.86079406738281,99.86079406738281,99.82508087158203,0.00011260215978836641,0.011260216124355793,0.0
136,0,Vocal,-1.8536330461502075,1.8536330461502075,0.368041068315506,0.3680380880832672,0.3402803838253021,63.19589614868164,63.19619369506836,65.97196197509766,0.6051127910614014,60.51128005981445,-1.8536330461502075,1.8536330461502075,0.368041068315506,0.3680380880832672,0.3402803838253021,63.19589614868164,63.19619369506836,65.97196197509766,0.6051127910614014,60.51128005981445,0.0
136,1,Bass,14.464004516601562,-14.463996887207031,0.2176765352487564,0.2176762968301773,0.18345756828784943,78.23234558105469,78.23236846923828,81.65424346923828,0.034540895372629166,3.454089641571045,14.464004516601562,-14.463996887207031,0.2176765352487564,0.2176762968301773,0.18345756828784943,78.23234558105469,78.23236846923828,81.65424346923828,0.034540895372629166,3.454089641571045,0.0
136,2,Drums,39.30644226074219,-39.30691146850586,7.958479545777664e-05,7.958464266266674e-05,0.0,99.9920425415039,99.9920425415039,100.0,0.00011728573008440435,0.01172857265919447,39.30644226074219,-39.30691146850586,7.958479545777664e-05,7.958464266266674e-05,0.0,99.9920425415039,99.9920425415039,100.0,0.00011728573008440435,0.01172857265919447,0.0
137,0,Vocal,27.26630401611328,-27.266338348388672,0.016931751742959023,0.016931749880313873,0.017206216230988503,98.30682373046875,98.30682373046875,98.27938079833984,0.0018731005256995559,0.18731005489826202,27.26630401611328,-27.266338348388672,0.016931751742959023,0.016931749880313873,0.017206216230988503,98.30682373046875,98.30682373046875,98.27938079833984,0.0018731005256995559,0.18731005489826202,0.0
137,1,Bass,15.500144958496094,-15.50014877319336,0.15754334628582,0.15754324197769165,0.16899481415748596,84.24566650390625,84.24567413330078,83.10052490234375,0.027410436421632767,2.7410435676574707,15.500144958496094,-15.50014877319336,0.15754334628582,0.15754324197769165,0.16899481415748596,84.24566650390625,84.24567413330078,83.10052490234375,0.027410436421632767,2.7410435676574707,0.0
137,2,Drums,18.51456642150879,-18.51456069946289,0.0006449773791246116,0.0006449624779634178,0.0018398186657577753,99.93550109863281,99.93550109863281,99.8160171508789,0.013882642611861229,1.3882642984390259,18.51456642150879,-18.51456069946289,0.0006449773791246116,0.0006449624779634178,0.0018398186657577753,99.93550109863281,99.93550109863281,99.8160171508789,0.013882642611861229,1.3882642984390259,0.0
138,0,Vocal,22.84164047241211,-22.84166145324707,0.017778147011995316,0.017778147011995316,0.01838523894548416,98.22218322753906,98.22218322753906,98.1614761352539,0.005171116907149553,0.5171117186546326,22.84164047241211,-22.84166145324707,0.017778147011995316,0.017778147011995316,0.01838523894548416,98.22218322753906,98.22218322753906,98.1614761352539,0.005171116907149553,0.5171117186546326,0.0
138,1,Bass,21.30475616455078,-21.304758071899414,0.15918265283107758,0.15918239951133728,0.15832586586475372,84.08173370361328,84.08175659179688,84.16741180419922,0.007350606843829155,0.7350606918334961,21.30475616455078,-21.304758071899414,0.15918265283107758,0.15918239951133728,0.15832586586475372,84.08173370361328,84.08175659179688,84.16741180419922,0.007350606843829155,0.7350606918334961,0.0
138,2,Drums,21.625892639160156,-21.62588119506836,0.0008455734350718558,0.0008455701754428446,0.004126350861042738,99.91544342041016,99.91544342041016,99.58736419677734,0.006830231752246618,0.6830231547355652,21.625892639160156,-21.62588119506836,0.0008455734350718558,0.0008455701754428446,0.004126350861042738,99.91544342041016,99.91544342041016,99.58736419677734,0.006830231752246618,0.6830231547355652,0.0
139,0,Vocal,17.908632278442383,-17.90865707397461,0.011808945797383785,0.01180894486606121,0.011380618438124657,98.81910705566406,98.81910705566406,98.8619384765625,0.015928005799651146,1.5928006172180176,17.908632278442383,-17.90865707397461,0.011808945797383785,0.01180894486606121,0.011380618438124657,98.81910705566406,98.81910705566406,98.8619384765625,0.015928005799651146,1.5928006172180176,0.0
139,1,Bass,18.254709243774414,-18.25470542907715,0.2453513741493225,0.24535132944583893,0.24889551103115082,75.46485900878906,75.4648666381836,75.1104507446289,0.014726054854691029,1.4726054668426514,18.254709243774414,-18.25470542907715,0.2453513741493225,0.24535132944583893,0.24889551103115082,75.46485900878906,75.4648666381836,75.1104507446289,0.014726054854691029,1.4726054668426514,0.0
139,2,Drums,23.757179260253906,-23.757200241088867,0.0019857226870954037,0.001985682174563408,0.0024393945932388306,99.80142974853516,99.80142974853516,99.75606536865234,0.004192364402115345,0.4192364513874054,23.757179260253906,-23.757200241088867,0.0019857226870954037,0.001985682174563408,0.0024393945932388306,99.80142974853516,99.80142974853516,99.75606536865234,0.004192364402115345,0.4192364513874054,0.0
140,0,Vocal,32.78334045410156,-32.78315734863281,0.01829562336206436,0.018295621499419212,0.018812967464327812,98.1704330444336,98.1704330444336,98.11870574951172,0.0005265655345283449,0.05265655368566513,32.78334045410156,-32.78315734863281,0.01829562336206436,0.018295621499419212,0.018812967464327812,98.1704330444336,98.1704330444336,98.11870574951172,0.0005265655345283449,0.05265655368566513,0.0
140,1,Bass,25.689208984375,-25.689353942871094,0.09591615945100784,0.09591615200042725,0.09340889751911163,90.40838623046875,90.40838623046875,90.65911102294922,0.002690928755328059,0.2690928876399994,25.689208984375,-25.689353942871094,0.09591615945100784,0.09591615200042725,0.09340889751911163,90.40838623046875,90.40838623046875,90.65911102294922,0.002690928755328059,0.2690928876399994,0.0
140,2,Drums,30.0389404296875,-30.038822174072266,0.008992352522909641,0.008992352522909641,0.008117017336189747,99.10076141357422,99.10076141357422,99.18830108642578,0.000990133616141975,0.09901335835456848,30.0389404296875,-30.038822174072266,0.008992352522909641,0.008992352522909641,0.008117017336189747,99.10076141357422,99.10076141357422,99.18830108642578,0.000990133616141975,0.09901335835456848,0.0
141,0,Vocal,22.605281829833984,-22.605295181274414,0.02131836488842964,0.02131836488842964,0.021914834156632423,97.8681640625,97.8681640625,97.80851745605469,0.005458778701722622,0.5458778738975525,22.605281829833984,-22.605295181274414,0.02131836488842964,0.02131836488842964,0.021914834156632423,97.8681640625,97.8681640625,97.80851745605469,0.005458778701722622,0.5458778738975525,0.0
141,1,Bass,20.715343475341797,-20.715330123901367,0.14243414998054504,0.14243243634700775,0.1415402889251709,85.756591796875,85.75675201416016,85.8459701538086,0.008410082198679447,0.8410082459449768,20.715343475341797,-20.715330123901367,0.14243414998054504,0.14243243634700775,0.1415402889251709,85.756591796875,85.75675201416016,85.8459701538086,0.008410082198679447,0.8410082459449768,0.0
141,2,Drums,26.57717514038086,-26.57710838317871,0.007326686754822731,0.007326677907258272,0.007760143838822842,99.267333984375,99.267333984375,99.22398376464844,0.002194479340687394,0.21944794058799744,26.57717514038086,-26.57710838317871,0.007326686754822731,0.007326677907258272,0.007760143838822842,99.267333984375,99.267333984375,99.22398376464844,0.002194479340687394,0.21944794058799744,0.0
142,0,Vocal,29.755765914916992,-29.75556182861328,0.06772700697183609,0.06772694736719131,0.06911203265190125,93.227294921875,93.22730255126953,93.08879089355469,0.0010567419230937958,0.10567419230937958,29.755765914916992,-29.75556182861328,0.06772700697183609,0.06772694736719131,0.06911203265190125,93.227294921875,93.22730255126953,93.08879089355469,0.0010567419230937958,0.10567419230937958,0.0
142,1,Bass,15.762899398803711,-15.762921333312988,0.5804051756858826,0.5804044604301453,0.5783156156539917,41.9594841003418,41.95955276489258,42.16843795776367,0.02584272064268589,2.5842721462249756,15.762899398803711,-15.762921333312988,0.5804051756858826,0.5804044604301453,0.5783156156539917,41.9594841003418,41.95955276489258,42.16843795776367,0.02584272064268589,2.5842721462249756,0.0
142,2,Drums,32.4315185546875,-32.43149948120117,0.0001695357059361413,0.0001695356477284804,0.001141335698775947,99.98304748535156,99.98304748535156,99.88587188720703,0.0005710067925974727,0.057100679725408554,32.4315185546875,-32.43149948120117,0.0001695357059361413,0.0001695356477284804,0.001141335698775947,99.98304748535156,99.98304748535156,99.88587188720703,0.0005710067925974727,0.057100679725408554,0.0
143,0,Vocal,6.295794486999512,-6.295793533325195,0.33897560834884644,0.3389754593372345,0.3307676613330841,66.1024398803711,66.10245513916016,66.92323303222656,0.19005389511585236,19.005390167236328,6.295794486999512,-6.295793533325195,0.33897560834884644,0.3389754593372345,0.3307676613330841,66.1024398803711,66.10245513916016,66.92323303222656,0.19005389511585236,19.005390167236328,0.0
143,1,Bass,15.703959465026855,-15.703962326049805,0.1703156679868698,0.17031565308570862,0.18306569755077362,82.96842956542969,82.96843719482422,81.69342803955078,0.026186609640717506,2.6186609268188477,15.703959465026855,-15.703962326049805,0.1703156679868698,0.17031565308570862,0.18306569755077362,82.96842956542969,82.96843719482422,81.69342803955078,0.026186609640717506,2.6186609268188477,0.0
143,2,Drums,33.30311584472656,-33.30290985107422,5.235482603893615e-05,5.235465141595341e-05,0.00022815915872342885,99.99476623535156,99.99476623535156,99.97718048095703,0.00046721415128558874,0.04672141373157501,33.30311584472656,-33.30290985107422,5.235482603893615e-05,5.235465141595341e-05,0.00022815915872342885,99.99476623535156,99.99476623535156,99.97718048095703,0.00046721415128558874,0.04672141373157501,0.0
144,0,Vocal,6.12917947769165,-6.129179000854492,0.905412495136261,0.9054123163223267,0.913316547870636,9.45875072479248,9.458768844604492,8.66834545135498,0.19602981209754944,19.602981567382812,6.12917947769165,-6.129179000854492,0.905412495136261,0.9054123163223267,0.913316547870636,9.45875072479248,9.458768844604492,8.66834545135498,0.19602981209754944,19.602981567382812,0.0
144,1,Bass,5.990286350250244,-5.990286827087402,0.6507421731948853,0.6507421135902405,0.6718864440917969,34.92578125,34.92578887939453,32.81135559082031,0.20111915469169617,20.111915588378906,5.990286350250244,-5.990286827087402,0.6507421731948853,0.6507421135902405,0.6718864440917969,34.92578125,34.92578887939453,32.81135559082031,0.20111915469169617,20.111915588378906,0.0
144,2,Drums,47.83803939819336,-47.839637756347656,5.8041820011567324e-05,5.8041820011567324e-05,0.0005153448437340558,99.99419403076172,99.99419403076172,99.9484634399414,1.6458649042760953e-05,0.0016458649188280106,47.83803939819336,-47.839637756347656,5.8041820011567324e-05,5.8041820011567324e-05,0.0005153448437340558,99.99419403076172,99.99419403076172,99.9484634399414,1.6458649042760953e-05,0.0016458649188280106,0.0
145,0,Vocal,21.648542404174805,-21.648540496826172,0.4469558000564575,0.4469544291496277,0.4536384344100952,55.304420471191406,55.30455780029297,54.63615798950195,0.006794968619942665,0.6794968843460083,21.648542404174805,-21.648540496826172,0.4469558000564575,0.4469544291496277,0.4536384344100952,55.304420471191406,55.30455780029297,54.63615798950195,0.006794968619942665,0.6794968843460083,0.0
145,1,Bass,20.130504608154297,-20.130502700805664,0.8978019952774048,0.8977488279342651,0.8993682861328125,10.21980094909668,10.225116729736328,10.06317138671875,0.00961074884980917,0.9610748887062073,20.130504608154297,-20.130502700805664,0.8978019952774048,0.8977488279342651,0.8993682861328125,10.21980094909668,10.225116729736328,10.06317138671875,0.00961074884980917,0.9610748887062073,0.0
145,2,Drums,47.195621490478516,-47.20234680175781,0.0008678059675730765,0.0008678024169057608,0.0008055465295910835,99.91322326660156,99.91322326660156,99.91944122314453,1.90757436939748e-05,0.0019075743621215224,47.195621490478516,-47.20234680175781,0.0008678059675730765,0.0008678024169057608,0.0008055465295910835,99.91322326660156,99.91322326660156,99.91944122314453,1.90757436939748e-05,0.0019075743621215224,0.0
146,0,Vocal,8.539413452148438,-8.53941535949707,0.7393460273742676,0.739345908164978,0.7422966361045837,26.065397262573242,26.06540870666504,25.770336151123047,0.12278980016708374,12.278980255126953,8.539413452148438,-8.53941535949707,0.7393460273742676,0.739345908164978,0.7422966361045837,26.065397262573242,26.06540870666504,25.770336151123047,0.12278980016708374,12.278980255126953,0.0
146,1,Bass,16.997894287109375,-16.997892379760742,0.5457046627998352,0.5457021594047546,0.5463774800300598,45.429534912109375,45.42978286743164,45.36225128173828,0.01957162655889988,1.957162618637085,16.997894287109375,-16.997892379760742,0.5457046627998352,0.5457021594047546,0.5463774800300598,45.429534912109375,45.42978286743164,45.36225128173828,0.01957162655889988,1.957162618637085,0.0
146,2,Drums,47.06197738647461,-47.065277099609375,0.0002712562563829124,0.0002712561981752515,0.00038314153789542615,99.9728775024414,99.9728775024414,99.96168518066406,1.9669250832521357e-05,0.0019669251050800085,47.06197738647461,-47.065277099609375,0.0002712562563829124,0.0002712561981752515,0.00038314153789542615,99.9728775024414,99.9728775024414,99.96168518066406,1.9669250832521357e-05,0.0019669251050800085,0.0
147,0,Vocal,10.140299797058105,-10.140299797058105,0.5066233277320862,0.5066231489181519,0.5270012617111206,49.33766555786133,49.337684631347656,47.29987335205078,0.08827433735132217,8.827433586120605,10.140299797058105,-10.140299797058105,0.5066233277320862,0.5066231489181519,0.5270012617111206,49.33766555786133,49.337684631347656,47.29987335205078,0.08827433735132217,8.827433586120605,0.0
147,1,Bass,19.850122451782227,-19.850112915039062,0.3403029143810272,0.3403027355670929,0.3414245545864105,65.9697036743164,65.9697265625,65.8575439453125,0.010245157405734062,1.0245157480239868,19.850122451782227,-19.850112915039062,0.3403029143810272,0.3403027355670929,0.3414245545864105,65.9697036743164,65.9697265625,65.8575439453125,0.010245157405734062,1.0245157480239868,0.0
147,2,Drums,36.417625427246094,-36.41725158691406,0.00035191839560866356,0.00035191833740100265,0.0014759544283151627,99.96481323242188,99.96481323242188,99.85240936279297,0.0002281228662468493,0.022812286391854286,36.417625427246094,-36.41725158691406,0.00035191839560866356,0.00035191833740100265,0.0014759544283151627,99.96481323242188,99.96481323242188,99.85240936279297,0.0002281228662468493,0.022812286391854286,0.0
148,0,Vocal,16.8016414642334,-16.8016414642334,0.2589375078678131,0.2589375078678131,0.2579047977924347,74.10625457763672,74.10625457763672,74.20952606201172,0.020457837730646133,2.045783758163452,16.8016414642334,-16.8016414642334,0.2589375078678131,0.2589375078678131,0.2579047977924347,74.10625457763672,74.10625457763672,74.20952606201172,0.020457837730646133,2.045783758163452,0.0
148,1,Bass,13.90498161315918,-13.9049711227417,0.8680154085159302,0.8680154085159302,0.8650678396224976,13.19845962524414,13.19845962524414,13.493215560913086,0.03910031169652939,3.9100310802459717,13.90498161315918,-13.9049711227417,0.8680154085159302,0.8680154085159302,0.8650678396224976,13.19845962524414,13.19845962524414,13.493215560913086,0.03910031169652939,3.9100310802459717,0.0
148,2,Drums,30.849878311157227,-30.85000228881836,0.0006217678892426193,0.0006217678892426193,0.0011557723628357053,99.93782043457031,99.93782043457031,99.8844223022461,0.000821571855340153,0.0821571871638298,30.849878311157227,-30.85000228881836,0.0006217678892426193,0.0006217678892426193,0.0011557723628357053,99.93782043457031,99.93782043457031,99.8844223022461,0.000821571855340153,0.0821571871638298,0.0
149,0,Vocal,22.845918655395508,-22.846038818359375,0.2899233102798462,0.2899232506752014,0.2910056412220001,71.0076675415039,71.00767517089844,70.8994369506836,0.005165974143892527,0.5165973901748657,22.845918655395508,-22.846038818359375,0.2899233102798462,0.2899232506752014,0.2910056412220001,71.0076675415039,71.00767517089844,70.8994369506836,0.005165974143892527,0.5165973901748657,0.0
149,1,Bass,14.09060287475586,-14.090603828430176,0.6730567812919617,0.6730567812919617,0.6790619492530823,32.69432067871094,32.69432067871094,32.09380340576172,0.03752569481730461,3.7525694370269775,14.09060287475586,-14.090603828430176,0.6730567812919617,0.6730567812919617,0.6790619492530823,32.69432067871094,32.69432067871094,32.09380340576172,0.03752569481730461,3.7525694370269775,0.0
149,2,Drums,44.12458419799805,-44.12120819091797,0.0007936800247989595,0.0007936800247989595,0.001085182884708047,99.9206314086914,99.9206314086914,99.89148712158203,3.868862404488027e-05,0.003868862520903349,44.12458419799805,-44.12120819091797,0.0007936800247989595,0.0007936800247989595,0.001085182884708047,99.9206314086914,99.9206314086914,99.89148712158203,3.868862404488027e-05,0.003868862520903349,0.0
150,0,Vocal,13.105720520019531,-13.105730056762695,0.49964189529418945,0.4996283948421478,0.503544270992279,50.03581237792969,50.03715896606445,49.645572662353516,0.046632442623376846,4.663244247436523,13.105720520019531,-13.105730056762695,0.49964189529418945,0.4996283948421478,0.503544270992279,50.03581237792969,50.03715896606445,49.645572662353516,0.046632442623376846,4.663244247436523,0.0
150,1,Bass,13.299169540405273,-13.299168586730957,0.8813355565071106,0.8813179731369019,0.8939524292945862,11.86644458770752,11.868202209472656,10.604757308959961,0.04469169303774834,4.4691691398620605,13.299169540405273,-13.299168586730957,0.8813355565071106,0.8813179731369019,0.8939524292945862,11.86644458770752,11.868202209472656,10.604757308959961,0.04469169303774834,4.4691691398620605,0.0
150,2,Drums,35.91039276123047,-35.90974044799805,0.0004742847813758999,0.00047428449033759534,0.0008490696782246232,99.95257568359375,99.95257568359375,99.91509246826172,0.0002563832968007773,0.02563832886517048,35.91039276123047,-35.90974044799805,0.0004742847813758999,0.00047428449033759534,0.0008490696782246232,99.95257568359375,99.95257568359375,99.91509246826172,0.0002563832968007773,0.02563832886517048,0.0
151,0,Vocal,12.90941333770752,-12.909416198730469,0.5600532293319702,0.5600515604019165,0.5619946122169495,43.99467849731445,43.994842529296875,43.800537109375,0.04868369176983833,4.868369102478027,12.90941333770752,-12.909416198730469,0.5600532293319702,0.5600515604019165,0.5619946122169495,43.99467849731445,43.994842529296875,43.800537109375,0.04868369176983833,4.868369102478027,0.0
151,1,Bass,22.70803451538086,-22.708023071289062,0.7826616764068604,0.7826600074768066,0.7839357852935791,21.73383331298828,21.733999252319336,21.606422424316406,0.005331790540367365,0.5331790447235107,22.70803451538086,-22.708023071289062,0.7826616764068604,0.7826600074768066,0.7839357852935791,21.73383331298828,21.733999252319336,21.606422424316406,0.005331790540367365,0.5331790447235107,0.0
151,2,Drums,29.796913146972656,-29.796993255615234,9.266523557016626e-05,9.266511915484443e-05,6.122020568000153e-05,99.99073028564453,99.99073028564453,99.99388122558594,0.0010467933025211096,0.10467933118343353,29.796913146972656,-29.796993255615234,9.266523557016626e-05,9.266511915484443e-05,6.122020568000153e-05,99.99073028564453,99.99073028564453,99.99388122558594,0.0010467933025211096,0.10467933118343353,0.0
152,0,Vocal,31.381511688232422,-31.381546020507812,0.025742415338754654,0.025742221623659134,0.02648770622909069,97.4257583618164,97.42577362060547,97.35122680664062,0.0007270363857969642,0.07270363718271255,31.381511688232422,-31.381546020507812,0.025742415338754654,0.025742221623659134,0.02648770622909069,97.4257583618164,97.42577362060547,97.35122680664062,0.0007270363857969642,0.07270363718271255,0.0
152,1,Bass,5.944086074829102,-5.944085597991943,0.5142129063606262,0.5142112970352173,0.5411413311958313,48.57870864868164,48.5788688659668,45.885868072509766,0.20283380150794983,20.28338050842285,5.944086074829102,-5.944085597991943,0.5142129063606262,0.5142112970352173,0.5411413311958313,48.57870864868164,48.5788688659668,45.885868072509766,0.20283380150794983,20.28338050842285,0.0
152,2,Drums,36.79198455810547,-36.79073715209961,0.0008180330623872578,0.0008180285803973675,0.0008595973486080766,99.91819763183594,99.91819763183594,99.9140396118164,0.00020929383754264563,0.020929383113980293,36.79198455810547,-36.79073715209961,0.0008180330623872578,0.0008180285803973675,0.0008595973486080766,99.91819763183594,99.91819763183594,99.9140396118164,0.00020929383754264563,0.020929383113980293,0.0
153,0,Vocal,30.960372924804688,-30.960351943969727,0.03274311497807503,0.03274311125278473,0.0348978191614151,96.72569274902344,96.72569274902344,96.51022338867188,0.0008009313605725765,0.0800931379199028,30.960372924804688,-30.960351943969727,0.03274311497807503,0.03274311125278473,0.0348978191614151,96.72569274902344,96.72569274902344,96.51022338867188,0.0008009313605725765,0.0800931379199028,0.0
153,1,Bass,9.293782234191895,-9.293781280517578,0.37064704298973083,0.3706435263156891,0.3965783715248108,62.9352912902832,62.93564987182617,60.3421630859375,0.10527199506759644,10.527199745178223,9.293782234191895,-9.293781280517578,0.37064704298973083,0.3706435263156891,0.3965783715248108,62.9352912902832,62.93564987182617,60.3421630859375,0.10527199506759644,10.527199745178223,0.0
153,2,Drums,35.41548156738281,-35.415428161621094,0.0008716314914636314,0.0008716312004253268,0.00042636547004804015,99.91283416748047,99.91283416748047,99.95736694335938,0.00028729450423270464,0.028729449957609177,35.41548156738281,-35.415428161621094,0.0008716314914636314,0.0008716312004253268,0.00042636547004804015,99.91283416748047,99.91283416748047,99.95736694335938,0.00028729450423270464,0.028729449957609177,0.0
154,0,Vocal,21.10445785522461,-21.10443878173828,0.030871104449033737,0.030870897695422173,0.0338958278298378,96.91288757324219,96.91291046142578,96.61041259765625,0.007694842293858528,0.7694842219352722,21.10445785522461,-21.10443878173828,0.030871104449033737,0.030870897695422173,0.0338958278298378,96.91288757324219,96.91291046142578,96.61041259765625,0.007694842293858528,0.7694842219352722,0.0
154,1,Bass,6.383837699890137,-6.38383674621582,0.41973814368247986,0.4197380840778351,0.45919278264045715,58.02618408203125,58.02619552612305,54.080726623535156,0.18695281445980072,18.695281982421875,6.383837699890137,-6.38383674621582,0.41973814368247986,0.4197380840778351,0.45919278264045715,58.02618408203125,58.02619552612305,54.080726623535156,0.18695281445980072,18.695281982421875,0.0
154,2,Drums,32.980045318603516,-32.97988510131836,0.000507502758409828,0.0005075026419945061,0.0006077311118133366,99.94924926757812,99.94924926757812,99.93922424316406,0.0005032248445786536,0.050322484225034714,32.980045318603516,-32.97988510131836,0.000507502758409828,0.0005075026419945061,0.0006077311118133366,99.94924926757812,99.94924926757812,99.93922424316406,0.0005032248445786536,0.050322484225034714,0.0
155,0,Vocal,31.116119384765625,-31.116273880004883,0.018867602571845055,0.01886758580803871,0.019846217706799507,98.11323547363281,98.11323547363281,98.015380859375,0.0007727486081421375,0.0772748589515686,31.116119384765625,-31.116273880004883,0.018867602571845055,0.01886758580803871,0.019846217706799507,98.11323547363281,98.11323547363281,98.015380859375,0.0007727486081421375,0.0772748589515686,0.0
155,1,Bass,9.201305389404297,-9.201306343078613,0.32511788606643677,0.32511618733406067,0.3311766982078552,67.48821258544922,67.48838806152344,66.88233184814453,0.10729456692934036,10.729456901550293,9.201305389404297,-9.201306343078613,0.32511788606643677,0.32511618733406067,0.3311766982078552,67.48821258544922,67.48838806152344,66.88233184814453,0.10729456692934036,10.729456901550293,0.0
155,2,Drums,38.213623046875,-38.21369934082031,0.0014544123550876975,0.0014544000150635839,0.0019491072744131088,99.85456085205078,99.85456085205078,99.80508422851562,0.00015084448386915028,0.015084448270499706,38.213623046875,-38.21369934082031,0.0014544123550876975,0.0014544000150635839,0.0019491072744131088,99.85456085205078,99.85456085205078,99.80508422851562,0.00015084448386915028,0.015084448270499706,0.0
156,0,Vocal,25.639053344726562,-25.639049530029297,0.035842832177877426,0.03584269806742668,0.03786430507898331,96.41571807861328,96.41572570800781,96.21356964111328,0.0027221336495131254,0.2722133696079254,25.639053344726562,-25.639049530029297,0.035842832177877426,0.03584269806742668,0.03786430507898331,96.41571807861328,96.41572570800781,96.21356964111328,0.0027221336495131254,0.2722133696079254,0.0
156,1,Bass,7.910635471343994,-7.910635471343994,0.33513593673706055,0.3351343870162964,0.3332410156726837,66.48640441894531,66.48656463623047,66.6759033203125,0.13925503194332123,13.92550277709961,7.910635471343994,-7.910635471343994,0.33513593673706055,0.3351343870162964,0.3332410156726837,66.48640441894531,66.48656463623047,66.6759033203125,0.13925503194332123,13.92550277709961,0.0
156,2,Drums,37.8880500793457,-37.888797760009766,0.0010876383166760206,0.0010876316810026765,0.001475329976528883,99.8912353515625,99.89124298095703,99.85246276855469,0.0001625996665097773,0.016259966418147087,37.8880500793457,-37.888797760009766,0.0010876383166760206,0.0010876316810026765,0.001475329976528883,99.8912353515625,99.89124298095703,99.85246276855469,0.0001625996665097773,0.016259966418147087,0.0
157,0,Vocal,24.62221908569336,-24.62224006652832,0.010893819853663445,0.01089381705969572,0.011286217719316483,98.91061401367188,98.91061401367188,98.87138366699219,0.0034378059208393097,0.3437805771827698,24.62221908569336,-24.62224006652832,0.010893819853663445,0.01089381705969572,0.011286217719316483,98.91061401367188,98.91061401367188,98.87138366699219,0.0034378059208393097,0.3437805771827698,0.0
157,1,Bass,8.59437084197998,-8.59437084197998,0.24149887263774872,0.241498664021492,0.2495652735233307,75.85011291503906,75.85013580322266,75.04347229003906,0.12143326550722122,12.143326759338379,8.59437084197998,-8.59437084197998,0.24149887263774872,0.241498664021492,0.2495652735233307,75.85011291503906,75.85013580322266,75.04347229003906,0.12143326550722122,12.143326759338379,0.0
157,2,Drums,30.411977767944336,-30.412105560302734,0.0010244805598631501,0.0010244803270325065,0.001623892574571073,99.89755249023438,99.89755249023438,99.83761596679688,0.0009086561040021479,0.0908656120300293,30.411977767944336,-30.412105560302734,0.0010244805598631501,0.0010244803270325065,0.001623892574571073,99.89755249023438,99.89755249023438,99.83761596679688,0.0009086561040021479,0.0908656120300293,0.0
158,0,Vocal,12.826889991760254,-12.82689094543457,0.052008841186761856,0.05200836807489395,0.05385633185505867,94.79911041259766,94.79916381835938,94.61437225341797,0.04957133159041405,4.9571332931518555,12.826889991760254,-12.82689094543457,0.052008841186761856,0.05200836807489395,0.05385633185505867,94.79911041259766,94.79916381835938,94.61437225341797,0.04957133159041405,4.9571332931518555,0.0
158,1,Bass,6.682424068450928,-6.682425022125244,0.4912283420562744,0.49122384190559387,0.4828540086746216,50.877166748046875,50.87761688232422,51.714599609375,0.17672647535800934,17.67264747619629,6.682424068450928,-6.682425022125244,0.4912283420562744,0.49122384190559387,0.4828540086746216,50.877166748046875,50.87761688232422,51.714599609375,0.17672647535800934,17.67264747619629,0.0
158,2,Drums,42.28620910644531,-42.283660888671875,0.00018038904818240553,0.00018038837879430503,0.0011904349084943533,99.98196411132812,99.98196411132812,99.8809585571289,5.907728336751461e-05,0.005907728336751461,42.28620910644531,-42.283660888671875,0.00018038904818240553,0.00018038837879430503,0.0011904349084943533,99.98196411132812,99.98196411132812,99.8809585571289,5.907728336751461e-05,0.005907728336751461,0.0
159,0,Vocal,31.454456329345703,-31.454627990722656,0.0150867635384202,0.015086760744452477,0.015794852748513222,98.49132537841797,98.49132537841797,98.4205093383789,0.0007148980512283742,0.07148980349302292,31.454456329345703,-31.454627990722656,0.0150867635384202,0.015086760744452477,0.015794852748513222,98.49132537841797,98.49132537841797,98.4205093383789,0.0007148980512283742,0.07148980349302292,0.0
159,1,Bass,10.818864822387695,-10.818864822387695,0.3133416473865509,0.313340425491333,0.3079499900341034,68.66584014892578,68.66595458984375,69.20500183105469,0.07648195326328278,7.648195266723633,10.818864822387695,-10.818864822387695,0.3133416473865509,0.313340425491333,0.3079499900341034,68.66584014892578,68.66595458984375,69.20500183105469,0.07648195326328278,7.648195266723633,0.0
159,2,Drums,39.09536361694336,-39.0952262878418,0.00113693717867136,0.0011369294952601194,0.0016222370322793722,99.88630676269531,99.88630676269531,99.83777618408203,0.0001231500500580296,0.01231500506401062,39.09536361694336,-39.0952262878418,0.00113693717867136,0.0011369294952601194,0.0016222370322793722,99.88630676269531,99.88630676269531,99.83777618408203,0.0001231500500580296,0.01231500506401062,0.0
160,0,Vocal,30.263973236083984,-30.264041900634766,0.007527031935751438,0.007527031935751438,0.008177771233022213,99.2472915649414,99.2472915649414,99.18222045898438,0.000940121419262141,0.09401214122772217,30.263973236083984,-30.264041900634766,0.007527031935751438,0.007527031935751438,0.008177771233022213,99.2472915649414,99.2472915649414,99.18222045898438,0.000940121419262141,0.09401214122772217,0.0
160,1,Bass,20.48077392578125,-20.48078155517578,0.06703377515077591,0.06703373044729233,0.07808483392000198,93.29662322998047,93.296630859375,92.19152069091797,0.008872661739587784,0.8872661590576172,20.48077392578125,-20.48078155517578,0.06703377515077591,0.06703373044729233,0.07808483392000198,93.29662322998047,93.296630859375,92.19152069091797,0.008872661739587784,0.8872661590576172,0.0
160,2,Drums,24.035303115844727,-24.03530502319336,0.0030056152027100325,0.003005614969879389,0.004895369987934828,99.6994400024414,99.6994400024414,99.51045989990234,0.003933338914066553,0.39333388209342957,24.035303115844727,-24.03530502319336,0.0030056152027100325,0.003005614969879389,0.004895369987934828,99.6994400024414,99.6994400024414,99.51045989990234,0.003933338914066553,0.39333388209342957,0.0
161,0,Vocal,20.53595542907715,-20.53595542907715,0.007868967950344086,0.007868966087698936,0.008844615891575813,99.21310424804688,99.21310424804688,99.11553955078125,0.008761586621403694,0.8761586546897888,20.53595542907715,-20.53595542907715,0.007868967950344086,0.007868966087698936,0.008844615891575813,99.21310424804688,99.21310424804688,99.11553955078125,0.008761586621403694,0.8761586546897888,0.0
161,1,Bass,17.728439331054688,-17.728466033935547,0.14280618727207184,0.14280617237091064,0.15707477927207947,85.7193832397461,85.7193832397461,84.29251861572266,0.016591593623161316,1.6591594219207764,17.728439331054688,-17.728466033935547,0.14280618727207184,0.14280617237091064,0.15707477927207947,85.7193832397461,85.7193832397461,84.29251861572266,0.016591593623161316,1.6591594219207764,0.0
161,2,Drums,24.944419860839844,-24.944442749023438,0.002791348844766617,0.0027913483791053295,0.003277904586866498,99.72086334228516,99.72086334228516,99.67221069335938,0.003192794742062688,0.3192794620990753,24.944419860839844,-24.944442749023438,0.002791348844766617,0.0027913483791053295,0.003277904586866498,99.72086334228516,99.72086334228516,99.67221069335938,0.003192794742062688,0.3192794620990753,0.0
162,0,Vocal,25.736339569091797,-25.73630142211914,0.005425718612968922,0.005425712559372187,0.00660141883417964,99.45742797851562,99.45742797851562,99.33985900878906,0.0026620100252330303,0.266200989484787,25.736339569091797,-25.73630142211914,0.005425718612968922,0.005425712559372187,0.00660141883417964,99.45742797851562,99.45742797851562,99.33985900878906,0.0026620100252330303,0.266200989484787,0.0
162,1,Bass,31.037385940551758,-31.037498474121094,0.05868542939424515,0.058685265481472015,0.05902308225631714,94.13145446777344,94.13147735595703,94.09769439697266,0.0007868960965424776,0.07868961244821548,31.037385940551758,-31.037498474121094,0.05868542939424515,0.058685265481472015,0.05902308225631714,94.13145446777344,94.13147735595703,94.09769439697266,0.0007868960965424776,0.07868961244821548,0.0
162,2,Drums,36.43468475341797,-36.433860778808594,0.005813672672957182,0.005813672672957182,0.006957005709409714,99.41863250732422,99.41863250732422,99.3042984008789,0.0002272199053550139,0.022721990942955017,36.43468475341797,-36.433860778808594,0.005813672672957182,0.005813672672957182,0.006957005709409714,99.41863250732422,99.41863250732422,99.3042984008789,0.0002272199053550139,0.022721990942955017,0.0
163,0,Vocal,19.62582778930664,-19.62582015991211,0.06975360214710236,0.06975355744361877,0.07477100193500519,93.02464294433594,93.02465057373047,92.52290344238281,0.010782287456095219,1.0782287120819092,19.62582778930664,-19.62582015991211,0.06975360214710236,0.06975355744361877,0.07477100193500519,93.02464294433594,93.02465057373047,92.52290344238281,0.010782287456095219,1.0782287120819092,0.0
163,1,Bass,17.815664291381836,-17.815673828125,0.11150366812944412,0.1115032359957695,0.128368079662323,88.8496322631836,88.84967803955078,87.16319274902344,0.016267091035842896,1.6267091035842896,17.815664291381836,-17.815673828125,0.11150366812944412,0.1115032359957695,0.128368079662323,88.8496322631836,88.84967803955078,87.16319274902344,0.016267091035842896,1.6267091035842896,0.0
163,2,Drums,34.64299011230469,-34.643314361572266,0.0011047523003071547,0.0011047523003071547,0.0013532463926821947,99.8895263671875,99.8895263671875,99.86466979980469,0.0003431870136409998,0.034318700432777405,34.64299011230469,-34.643314361572266,0.0011047523003071547,0.0011047523003071547,0.0013532463926821947,99.8895263671875,99.8895263671875,99.86466979980469,0.0003431870136409998,0.034318700432777405,0.0
164,0,Vocal,28.859384536743164,-28.859718322753906,0.043974507600069046,0.043974507600069046,0.046026088297367096,95.60254669189453,95.60254669189453,95.39739227294922,0.0012986304936930537,0.12986305356025696,28.859384536743164,-28.859718322753906,0.043974507600069046,0.043974507600069046,0.046026088297367096,95.60254669189453,95.60254669189453,95.39739227294922,0.0012986304936930537,0.12986305356025696,0.0
164,1,Bass,23.904281616210938,-23.904287338256836,0.09158068150281906,0.09158063679933548,0.09244251996278763,90.84193420410156,90.84193420410156,90.75575256347656,0.004053316544741392,0.40533164143562317,23.904281616210938,-23.904287338256836,0.09158068150281906,0.09158063679933548,0.09244251996278763,90.84193420410156,90.84193420410156,90.75575256347656,0.004053316544741392,0.40533164143562317,0.0
164,2,Drums,47.155094146728516,-47.1513671875,0.0018331955652683973,0.0018331955652683973,0.001983423251658678,99.81668090820312,99.81668090820312,99.8016586303711,1.926012191688642e-05,0.0019260122207924724,47.155094146728516,-47.1513671875,0.0018331955652683973,0.0018331955652683973,0.001983423251658678,99.81668090820312,99.81668090820312,99.8016586303711,1.926012191688642e-05,0.0019260122207924724,0.0
165,0,Vocal,18.10774803161621,-18.10778045654297,0.029537826776504517,0.029537826776504517,0.029041573405265808,97.04621887207031,97.04621887207031,97.09584045410156,0.015225095674395561,1.5225095748901367,18.10774803161621,-18.10778045654297,0.029537826776504517,0.029537826776504517,0.029041573405265808,97.04621887207031,97.04621887207031,97.09584045410156,0.015225095674395561,1.5225095748901367,0.0
165,1,Bass,25.526939392089844,-25.52691650390625,0.23025494813919067,0.23025454580783844,0.23230986297130585,76.97450256347656,76.97454833984375,76.76901245117188,0.0027931693475693464,0.2793169319629669,25.526939392089844,-25.52691650390625,0.23025494813919067,0.23025454580783844,0.23230986297130585,76.97450256347656,76.97454833984375,76.76901245117188,0.0027931693475693464,0.2793169319629669,0.0
165,2,Drums,44.516502380371094,-44.51786804199219,0.0008504058932885528,0.0008504058350808918,0.0012038005515933037,99.91496276855469,99.91496276855469,99.87962341308594,3.534614370437339e-05,0.0035346143413335085,44.516502380371094,-44.51786804199219,0.0008504058932885528,0.0008504058350808918,0.0012038005515933037,99.91496276855469,99.91496276855469,99.87962341308594,3.534614370437339e-05,0.0035346143413335085,0.0
166,0,Vocal,13.650617599487305,-13.650615692138672,0.19883662462234497,0.19883662462234497,0.20125812292099,80.11634063720703,80.11634063720703,79.87419128417969,0.041361257433891296,4.136125564575195,13.650617599487305,-13.650615692138672,0.19883662462234497,0.19883662462234497,0.20125812292099,80.11634063720703,80.11634063720703,79.87419128417969,0.041361257433891296,4.136125564575195,0.0
166,1,Bass,19.023414611816406,-19.02338409423828,0.07488348335027695,0.07488338649272919,0.055312179028987885,92.51165771484375,92.51165771484375,94.46878051757812,0.012366748414933681,1.2366747856140137,19.023414611816406,-19.02338409423828,0.07488348335027695,0.07488338649272919,0.055312179028987885,92.51165771484375,92.51165771484375,94.46878051757812,0.012366748414933681,1.2366747856140137,0.0
166,2,Drums,40.754642486572266,-40.753639221191406,0.00010072271106764674,0.00010072270379168913,0.0,99.98992919921875,99.98992919921875,100.0,8.403715764870867e-05,0.008403715677559376,40.754642486572266,-40.753639221191406,0.00010072271106764674,0.00010072270379168913,0.0,99.98992919921875,99.98992919921875,100.0,8.403715764870867e-05,0.008403715677559376,0.0
167,0,Vocal,49.302486419677734,-49.312625885009766,0.0023976729717105627,0.0023976729717105627,0.00292257871478796,99.7602310180664,99.7602310180664,99.7077407836914,1.1712531886587385e-05,0.0011712531559169292,49.302486419677734,-49.312625885009766,0.0023976729717105627,0.0023976729717105627,0.00292257871478796,99.7602310180664,99.7602310180664,99.7077407836914,1.1712531886587385e-05,0.0011712531559169292,0.0
167,1,Bass,12.58315658569336,-12.583155632019043,0.13076722621917725,0.13076266646385193,0.13750886917114258,86.92327880859375,86.9237289428711,86.24911499023438,0.052283283323049545,5.228328227996826,12.58315658569336,-12.583155632019043,0.13076722621917725,0.13076266646385193,0.13750886917114258,86.92327880859375,86.9237289428711,86.24911499023438,0.052283283323049545,5.228328227996826,0.0
167,2,Drums,32.78580093383789,-32.78603744506836,0.010213789530098438,0.010213787667453289,0.01039695180952549,98.97862243652344,98.97862243652344,98.9603042602539,0.0005262207705527544,0.052622076123952866,32.78580093383789,-32.78603744506836,0.010213789530098438,0.010213787667453289,0.01039695180952549,98.97862243652344,98.97862243652344,98.9603042602539,0.0005262207705527544,0.052622076123952866,0.0
168,0,Vocal,32.841270446777344,-32.84142303466797,0.00032103052944876254,0.00032103052944876254,0.001347472076304257,99.9678955078125,99.9678955078125,99.86524963378906,0.0005196034326218069,0.05196034163236618,32.841270446777344,-32.84142303466797,0.00032103052944876254,0.00032103052944876254,0.001347472076304257,99.9678955078125,99.9678955078125,99.86524963378906,0.0005196034326218069,0.05196034163236618,0.0
168,1,Bass,9.434164047241211,-9.434167861938477,0.028923174366354942,0.02892313525080681,0.033173900097608566,97.10768127441406,97.10768127441406,96.68260955810547,0.10226596146821976,10.226595878601074,9.434164047241211,-9.434167861938477,0.028923174366354942,0.02892313525080681,0.033173900097608566,97.10768127441406,97.10768127441406,96.68260955810547,0.10226596146821976,10.226595878601074,0.0
168,2,Drums,22.492544174194336,-22.49262237548828,0.0066808611154556274,0.0066808611154556274,0.006590959150344133,99.33191680908203,99.33191680908203,99.34090423583984,0.005601465702056885,0.5601465702056885,22.492544174194336,-22.49262237548828,0.0066808611154556274,0.0066808611154556274,0.006590959150344133,99.33191680908203,99.33191680908203,99.34090423583984,0.005601465702056885,0.5601465702056885,0.0
169,0,Vocal,27.268381118774414,-27.268142700195312,0.035260915756225586,0.0352608785033226,0.03711141273379326,96.47390747070312,96.47391510009766,96.28885650634766,0.0018722101813182235,0.18722102046012878,27.268381118774414,-27.268142700195312,0.035260915756225586,0.0352608785033226,0.03711141273379326,96.47390747070312,96.47391510009766,96.28885650634766,0.0018722101813182235,0.18722102046012878,0.0
169,1,Bass,15.354872703552246,-15.354869842529297,0.055560920387506485,0.05556056648492813,0.05995912849903107,94.44390869140625,94.44393920898438,94.00408935546875,0.028316399082541466,2.8316400051116943,15.354872703552246,-15.354869842529297,0.055560920387506485,0.05556056648492813,0.05995912849903107,94.44390869140625,94.44393920898438,94.00408935546875,0.028316399082541466,2.8316400051116943,0.0
169,2,Drums,36.54547882080078,-36.54544448852539,0.0015309659065678716,0.0015309657901525497,0.0030588977970182896,99.84690856933594,99.84690856933594,99.69410705566406,0.00022149745200295,0.022149745374917984,36.54547882080078,-36.54544448852539,0.0015309659065678716,0.0015309657901525497,0.0030588977970182896,99.84690856933594,99.84690856933594,99.69410705566406,0.00022149745200295,0.022149745374917984,0.0
170,0,Vocal,35.62882995605469,-35.630767822265625,0.03869028016924858,0.038690198212862015,0.04219977930188179,96.13097381591797,96.1309814453125,95.78002166748047,0.00027348430012352765,0.027348430827260017,35.62882995605469,-35.630767822265625,0.03869028016924858,0.038690198212862015,0.04219977930188179,96.13097381591797,96.1309814453125,95.78002166748047,0.00027348430012352765,0.027348430827260017,0.0
170,1,Bass,18.846792221069336,-18.84679412841797,0.49567848443984985,0.4956779479980469,0.5072423219680786,50.432151794433594,50.43220520019531,49.2757682800293,0.012873469851911068,1.2873469591140747,18.846792221069336,-18.84679412841797,0.49567848443984985,0.4956779479980469,0.5072423219680786,50.432151794433594,50.43220520019531,49.2757682800293,0.012873469851911068,1.2873469591140747,0.0
170,2,Drums,29.863264083862305,-29.863197326660156,0.008793905377388,0.008793887682259083,0.007746909745037556,99.12061309814453,99.12061309814453,99.22530364990234,0.001030933577567339,0.10309335589408875,29.863264083862305,-29.863197326660156,0.008793905377388,0.008793887682259083,0.007746909745037556,99.12061309814453,99.12061309814453,99.22530364990234,0.001030933577567339,0.10309335589408875,0.0
171,0,Vocal,21.632919311523438,-21.6329288482666,0.06985390931367874,0.06985390931367874,0.07331230491399765,93.01461029052734,93.01461029052734,92.66876983642578,0.006819271948188543,0.6819272041320801,21.632919311523438,-21.6329288482666,0.06985390931367874,0.06985390931367874,0.07331230491399765,93.01461029052734,93.01461029052734,92.66876983642578,0.006819271948188543,0.6819272041320801,0.0
171,1,Bass,13.216068267822266,-13.216066360473633,0.06009591370820999,0.06009577214717865,0.06495402008295059,93.99040985107422,93.99041748046875,93.50459289550781,0.04551578313112259,4.551578521728516,13.216068267822266,-13.216066360473633,0.06009591370820999,0.06009577214717865,0.06495402008295059,93.99040985107422,93.99041748046875,93.50459289550781,0.04551578313112259,4.551578521728516,0.0
171,2,Drums,39.59854507446289,-39.598548889160156,0.0009669907158240676,0.0009669905994087458,0.0013842015760019422,99.90330505371094,99.90330505371094,99.86157989501953,0.0001096678533940576,0.010966785252094269,39.59854507446289,-39.598548889160156,0.0009669907158240676,0.0009669905994087458,0.0013842015760019422,99.90330505371094,99.90330505371094,99.86157989501953,0.0001096678533940576,0.010966785252094269,0.0
172,0,Vocal,11.579503059387207,-11.57950496673584,0.017930159345269203,0.017930157482624054,0.025235764682292938,98.20698547363281,98.20698547363281,97.47642517089844,0.06499272584915161,6.499272346496582,11.579503059387207,-11.57950496673584,0.017930159345269203,0.017930157482624054,0.025235764682292938,98.20698547363281,98.20698547363281,97.47642517089844,0.06499272584915161,6.499272346496582,0.0
172,1,Bass,6.56995964050293,-6.569958209991455,0.12451668083667755,0.12451666593551636,0.11497583985328674,87.54833221435547,87.54833221435547,88.5024185180664,0.18052585422992706,18.05258560180664,6.56995964050293,-6.569958209991455,0.12451668083667755,0.12451666593551636,0.11497583985328674,87.54833221435547,87.54833221435547,88.5024185180664,0.18052585422992706,18.05258560180664,0.0
172,2,Drums,39.843753814697266,-39.844051361083984,0.002106749452650547,0.0021067485213279724,0.0038808330427855253,99.7893295288086,99.7893295288086,99.6119155883789,0.00010362843750044703,0.010362843982875347,39.843753814697266,-39.844051361083984,0.002106749452650547,0.0021067485213279724,0.0038808330427855253,99.7893295288086,99.7893295288086,99.6119155883789,0.00010362843750044703,0.010362843982875347,0.0
173,0,Vocal,1.5637098550796509,-1.5637093782424927,0.1934014856815338,0.19340147078037262,0.28769755363464355,80.65985107421875,80.65985107421875,71.2302474975586,0.41094568371772766,41.09457015991211,1.5637098550796509,-1.5637093782424927,0.1934014856815338,0.19340147078037262,0.28769755363464355,80.65985107421875,80.65985107421875,71.2302474975586,0.41094568371772766,41.09457015991211,0.0
173,1,Bass,0.35896214842796326,-0.35896164178848267,0.21261274814605713,0.21261239051818848,0.30989891290664673,78.73872375488281,78.73876190185547,69.0101089477539,0.4793482720851898,47.9348258972168,0.35896214842796326,-0.35896164178848267,0.21261274814605713,0.21261239051818848,0.30989891290664673,78.73872375488281,78.73876190185547,69.0101089477539,0.4793482720851898,47.9348258972168,0.0
173,2,Drums,37.94898223876953,-37.94966125488281,0.00025868730153888464,0.0002586872724350542,0.0007051322027109563,99.97412872314453,99.97412872314453,99.92948913574219,0.00016034930013120174,0.01603493094444275,37.94898223876953,-37.94966125488281,0.00025868730153888464,0.0002586872724350542,0.0007051322027109563,99.97412872314453,99.97412872314453,99.92948913574219,0.00016034930013120174,0.01603493094444275,0.0
174,0,Vocal,41.14097213745117,-41.13862609863281,0.007892902009189129,0.00789289828389883,0.00855895783752203,99.21070861816406,99.21070861816406,99.14410400390625,7.690092024859041e-05,0.007690092083066702,41.14097213745117,-41.13862609863281,0.007892902009189129,0.00789289828389883,0.00855895783752203,99.21070861816406,99.21070861816406,99.14410400390625,7.690092024859041e-05,0.007690092083066702,0.0
174,1,Bass,16.344234466552734,-16.34423065185547,0.12404504418373108,0.12404504418373108,0.12310469150543213,87.59549713134766,87.59549713134766,87.68952941894531,0.022678570821881294,2.267857074737549,16.344234466552734,-16.34423065185547,0.12404504418373108,0.12404504418373108,0.12310469150543213,87.59549713134766,87.59549713134766,87.68952941894531,0.022678570821881294,2.267857074737549,0.0
174,2,Drums,36.63166427612305,-36.63217544555664,0.007568694185465574,0.007568692322820425,0.00900164432823658,99.24312591552734,99.24312591552734,99.0998306274414,0.00021714167087338865,0.021714167669415474,36.63166427612305,-36.63217544555664,0.007568694185465574,0.007568692322820425,0.00900164432823658,99.24312591552734,99.24312591552734,99.0998306274414,0.00021714167087338865,0.021714167669415474,0.0
175,0,Vocal,30.005311965942383,-30.005159378051758,0.026469511911273003,0.02646949701011181,0.02740495838224888,97.3530502319336,97.3530502319336,97.25950622558594,0.0009978306479752064,0.09978306293487549,30.005311965942383,-30.005159378051758,0.026469511911273003,0.02646949701011181,0.02740495838224888,97.3530502319336,97.3530502319336,97.25950622558594,0.0009978306479752064,0.09978306293487549,0.0
175,1,Bass,18.20640754699707,-18.20640754699707,0.08712689578533173,0.08712689578533173,0.09041623026132584,91.28730773925781,91.28730773925781,90.9583740234375,0.014888272620737553,1.4888272285461426,18.20640754699707,-18.20640754699707,0.08712689578533173,0.08712689578533173,0.09041623026132584,91.28730773925781,91.28730773925781,90.9583740234375,0.014888272620737553,1.4888272285461426,0.0
175,2,Drums,37.420536041259766,-37.42000198364258,0.0023614605888724327,0.002361460356041789,0.0020722101908177137,99.76385498046875,99.76385498046875,99.79277801513672,0.00018112215911969543,0.018112216144800186,37.420536041259766,-37.42000198364258,0.0023614605888724327,0.002361460356041789,0.0020722101908177137,99.76385498046875,99.76385498046875,99.79277801513672,0.00018112215911969543,0.018112216144800186,0.0
176,0,Vocal,13.160219192504883,-13.1602144241333,0.05747232586145401,0.05747232213616371,0.060322534292936325,94.25276184082031,94.25276184082031,93.9677505493164,0.04607773572206497,4.607773780822754,13.160219192504883,-13.1602144241333,0.05747232586145401,0.05747232213616371,0.060322534292936325,94.25276184082031,94.25276184082031,93.9677505493164,0.04607773572206497,4.607773780822754,0.0
176,1,Bass,20.754850387573242,-20.754854202270508,0.2332482933998108,0.23324693739414215,0.23516730964183807,76.6751708984375,76.67530822753906,76.48326873779297,0.008334508165717125,0.8334507942199707,20.754850387573242,-20.754854202270508,0.2332482933998108,0.23324693739414215,0.23516730964183807,76.6751708984375,76.67530822753906,76.48326873779297,0.008334508165717125,0.8334507942199707,0.0
176,2,Drums,27.178035736083984,-27.178075790405273,0.004442267119884491,0.004442265722900629,0.0033405597787350416,99.55577087402344,99.55577087402344,99.66594696044922,0.0019114509923383594,0.19114509224891663,27.178035736083984,-27.178075790405273,0.004442267119884491,0.004442265722900629,0.0033405597787350416,99.55577087402344,99.55577087402344,99.66594696044922,0.0019114509923383594,0.19114509224891663,0.0
177,0,Vocal,25.429973602294922,-25.42994499206543,0.01531294360756874,0.015312937088310719,0.015002710744738579,98.46870422363281,98.46871185302734,98.49972534179688,0.0028560208156704903,0.2856020927429199,25.429973602294922,-25.42994499206543,0.01531294360756874,0.015312937088310719,0.015002710744738579,98.46870422363281,98.46871185302734,98.49972534179688,0.0028560208156704903,0.2856020927429199,0.0
177,1,Bass,17.475908279418945,-17.47590446472168,0.11869990080595016,0.11869784444570541,0.12129297107458115,88.13001251220703,88.13021850585938,87.8707046508789,0.017567599192261696,1.7567598819732666,17.475908279418945,-17.47590446472168,0.11869990080595016,0.11869784444570541,0.12129297107458115,88.13001251220703,88.13021850585938,87.8707046508789,0.017567599192261696,1.7567598819732666,0.0
177,2,Drums,29.86980438232422,-29.869873046875,0.0021735280752182007,0.00217352039180696,0.0029656393453478813,99.78264617919922,99.78264617919922,99.70343780517578,0.0010293548693880439,0.10293548554182053,29.86980438232422,-29.869873046875,0.0021735280752182007,0.00217352039180696,0.0029656393453478813,99.78264617919922,99.78264617919922,99.70343780517578,0.0010293548693880439,0.10293548554182053,0.0
178,0,Vocal,18.850419998168945,-18.850419998168945,0.020944591611623764,0.020944522693753242,0.02252916805446148,97.9055404663086,97.90554809570312,97.74707794189453,0.01286280807107687,1.2862807512283325,18.850419998168945,-18.850419998168945,0.020944591611623764,0.020944522693753242,0.02252916805446148,97.9055404663086,97.90554809570312,97.74707794189453,0.01286280807107687,1.2862807512283325,0.0
178,1,Bass,7.1995697021484375,-7.199569225311279,0.11521149426698685,0.11521143466234207,0.1352892816066742,88.47885131835938,88.4788589477539,86.4710693359375,0.16006264090538025,16.006263732910156,7.1995697021484375,-7.199569225311279,0.11521149426698685,0.11521143466234207,0.1352892816066742,88.47885131835938,88.4788589477539,86.4710693359375,0.16006264090538025,16.006263732910156,0.0
178,2,Drums,24.538251876831055,-24.538240432739258,0.003259369870647788,0.003259366611018777,0.004951149690896273,99.67406463623047,99.67406463623047,99.5048828125,0.003504726104438305,0.3504725992679596,24.538251876831055,-24.538240432739258,0.003259369870647788,0.003259366611018777,0.004951149690896273,99.67406463623047,99.67406463623047,99.5048828125,0.003504726104438305,0.3504725992679596,0.0
179,0,Vocal,22.845666885375977,-22.845638275146484,0.012760084122419357,0.012760062702000141,0.01337385457009077,98.72399139404297,98.7239990234375,98.66261291503906,0.005166369955986738,0.5166369676589966,22.845666885375977,-22.845638275146484,0.012760084122419357,0.012760062702000141,0.01337385457009077,98.72399139404297,98.7239990234375,98.66261291503906,0.005166369955986738,0.5166369676589966,0.0
179,1,Bass,9.132790565490723,-9.13278865814209,0.10495010763406754,0.10495009273290634,0.13220971822738647,89.50498962402344,89.50498962402344,86.7790298461914,0.10881504416465759,10.88150405883789,9.132790565490723,-9.13278865814209,0.10495010763406754,0.10495009273290634,0.13220971822738647,89.50498962402344,89.50498962402344,86.7790298461914,0.10881504416465759,10.88150405883789,0.0
179,2,Drums,26.30706787109375,-26.307031631469727,0.0021456170361489058,0.0021456002723425627,0.0023154285736382008,99.78543853759766,99.78543853759766,99.76846313476562,0.0023349756374955177,0.23349756002426147,26.30706787109375,-26.307031631469727,0.0021456170361489058,0.0021456002723425627,0.0023154285736382008,99.78543853759766,99.78543853759766,99.76846313476562,0.0023349756374955177,0.23349756002426147,0.0
180,0,Vocal,15.946645736694336,-15.94664478302002,0.031051360070705414,0.03105129860341549,0.033828556537628174,96.89486694335938,96.8948745727539,96.61714172363281,0.0247988048940897,2.4798805713653564,15.946645736694336,-15.94664478302002,0.031051360070705414,0.03105129860341549,0.033828556537628174,96.89486694335938,96.8948745727539,96.61714172363281,0.0247988048940897,2.4798805713653564,0.0
180,1,Bass,10.917948722839355,-10.917947769165039,0.24455636739730835,0.2445540428161621,0.24608060717582703,75.54436492919922,75.54459381103516,75.39193725585938,0.07488593459129333,7.488593578338623,10.917948722839355,-10.917947769165039,0.24455636739730835,0.2445540428161621,0.24608060717582703,75.54436492919922,75.54459381103516,75.39193725585938,0.07488593459129333,7.488593578338623,0.0
180,2,Drums,24.566362380981445,-24.566335678100586,0.0022895033471286297,0.0022895028814673424,0.003006639890372753,99.77104949951172,99.77104949951172,99.69933319091797,0.0034821873996406794,0.34821873903274536,24.566362380981445,-24.566335678100586,0.0022895033471286297,0.0022895028814673424,0.003006639890372753,99.77104949951172,99.77104949951172,99.69933319091797,0.0034821873996406794,0.34821873903274536,0.0
181,0,Vocal,19.218923568725586,-19.218921661376953,0.03965684771537781,0.03965684399008751,0.04152362793684006,96.03430938720703,96.03431701660156,95.8476333618164,0.011828780174255371,1.182878017425537,19.218923568725586,-19.218921661376953,0.03965684771537781,0.03965684399008751,0.04152362793684006,96.03430938720703,96.03431701660156,95.8476333618164,0.011828780174255371,1.182878017425537,0.0
181,1,Bass,14.534758567810059,-14.534770011901855,0.190073162317276,0.19007021188735962,0.19777162373065948,80.99268341064453,80.99298095703125,80.22283935546875,0.0340016670525074,3.4001667499542236,14.534758567810059,-14.534770011901855,0.190073162317276,0.19007021188735962,0.19777162373065948,80.99268341064453,80.99298095703125,80.22283935546875,0.0340016670525074,3.4001667499542236,0.0
181,2,Drums,29.986652374267578,-29.986726760864258,0.001948827994056046,0.001948827994056046,0.001497735152952373,99.80511474609375,99.80511474609375,99.85022735595703,0.0010020856279879808,0.10020856559276581,29.986652374267578,-29.986726760864258,0.001948827994056046,0.001948827994056046,0.001497735152952373,99.80511474609375,99.80511474609375,99.85022735595703,0.0010020856279879808,0.10020856559276581,0.0
182,0,Vocal,19.01797103881836,-19.017963409423828,0.011744355782866478,0.01174432784318924,0.012495825998485088,98.8255615234375,98.82556915283203,98.75041961669922,0.0123820211738348,1.2382020950317383,19.01797103881836,-19.017963409423828,0.011744355782866478,0.01174432784318924,0.012495825998485088,98.8255615234375,98.82556915283203,98.75041961669922,0.0123820211738348,1.2382020950317383,0.0
182,1,Bass,15.044912338256836,-15.044912338256836,0.03597130998969078,0.03597130998969078,0.013731923885643482,96.40287017822266,96.40287017822266,98.6268081665039,0.030347688123583794,3.03476881980896,15.044912338256836,-15.044912338256836,0.03597130998969078,0.03597130998969078,0.013731923885643482,96.40287017822266,96.40287017822266,98.6268081665039,0.030347688123583794,3.03476881980896,0.0
182,2,Drums,32.769588470458984,-32.76939392089844,0.0070670414716005325,0.007067041005939245,0.006311951670795679,99.29329681396484,99.29329681396484,99.36880493164062,0.0005282460479065776,0.052824605256319046,32.769588470458984,-32.76939392089844,0.0070670414716005325,0.007067041005939245,0.006311951670795679,99.29329681396484,99.29329681396484,99.36880493164062,0.0005282460479065776,0.052824605256319046,0.0
183,0,Vocal,29.908493041992188,-29.908449172973633,0.02126159518957138,0.02126159518957138,0.02242986112833023,97.87384033203125,97.87384033203125,97.75701141357422,0.0010202775010839105,0.10202775150537491,29.908493041992188,-29.908449172973633,0.02126159518957138,0.02126159518957138,0.02242986112833023,97.87384033203125,97.87384033203125,97.75701141357422,0.0010202775010839105,0.10202775150537491,0.0
183,1,Bass,17.723365783691406,-17.723392486572266,0.13766208291053772,0.1376596987247467,0.14681124687194824,86.23379516601562,86.2340316772461,85.31887817382812,0.01661067083477974,1.6610671281814575,17.723365783691406,-17.723392486572266,0.13766208291053772,0.1376596987247467,0.14681124687194824,86.23379516601562,86.2340316772461,85.31887817382812,0.01661067083477974,1.6610671281814575,0.0
183,2,Drums,35.65922927856445,-35.659385681152344,0.0012974451528862119,0.0012974445708096027,0.0029322172049432993,99.87025451660156,99.87025451660156,99.70677947998047,0.0002716361777856946,0.027163617312908173,35.65922927856445,-35.659385681152344,0.0012974451528862119,0.0012974445708096027,0.0029322172049432993,99.87025451660156,99.87025451660156,99.70677947998047,0.0002716361777856946,0.027163617312908173,0.0
184,0,Vocal,36.27251434326172,-36.27218246459961,0.009440998546779156,0.009440994821488857,0.010132218711078167,99.05590057373047,99.05590057373047,98.98677825927734,0.00023584661539644003,0.02358466200530529,36.27251434326172,-36.27218246459961,0.009440998546779156,0.009440994821488857,0.010132218711078167,99.05590057373047,99.05590057373047,98.98677825927734,0.00023584661539644003,0.02358466200530529,0.0
184,1,Bass,32.8482551574707,-32.84785461425781,0.05351410433650017,0.05351400002837181,0.05325078219175339,94.64859008789062,94.64859771728516,94.67491912841797,0.0005187847418710589,0.05187847465276718,32.8482551574707,-32.84785461425781,0.05351410433650017,0.05351400002837181,0.05325078219175339,94.64859008789062,94.64859771728516,94.67491912841797,0.0005187847418710589,0.05187847465276718,0.0
184,2,Drums,40.696510314941406,-40.69654083251953,0.002363662701100111,0.00236366200260818,0.0025162927340716124,99.76363372802734,99.76363372802734,99.74837493896484,8.515782974427566e-05,0.008515782654285431,40.696510314941406,-40.69654083251953,0.002363662701100111,0.00236366200260818,0.0025162927340716124,99.76363372802734,99.76363372802734,99.74837493896484,8.515782974427566e-05,0.008515782654285431,0.0
185,0,Vocal,17.092073440551758,-17.092077255249023,0.07353903353214264,0.07353897392749786,0.07223272323608398,92.6460952758789,92.64610290527344,92.77672576904297,0.019159842282533646,1.9159842729568481,17.092073440551758,-17.092077255249023,0.07353903353214264,0.07353897392749786,0.07223272323608398,92.6460952758789,92.64610290527344,92.77672576904297,0.019159842282533646,1.9159842729568481,0.0
185,1,Bass,18.147581100463867,-18.14757537841797,0.221062570810318,0.22106073796749115,0.21956391632556915,77.89374542236328,77.8939208984375,78.04360961914062,0.015088269487023354,1.5088269710540771,18.147581100463867,-18.14757537841797,0.221062570810318,0.22106073796749115,0.21956391632556915,77.89374542236328,77.8939208984375,78.04360961914062,0.015088269487023354,1.5088269710540771,0.0
185,2,Drums,33.28376007080078,-33.283973693847656,0.0023315672297030687,0.0023315618745982647,0.0025631426833570004,99.766845703125,99.766845703125,99.74369049072266,0.00046926888171583414,0.046926889568567276,33.28376007080078,-33.283973693847656,0.0023315672297030687,0.0023315618745982647,0.0025631426833570004,99.766845703125,99.766845703125,99.74369049072266,0.00046926888171583414,0.046926889568567276,0.0
186,0,Vocal,28.320350646972656,-28.320281982421875,0.010623235255479813,0.010623232461512089,0.011330134235322475,98.93767547607422,98.93767547607422,98.86698913574219,0.001470021903514862,0.1470021903514862,28.320350646972656,-28.320281982421875,0.010623235255479813,0.010623232461512089,0.011330134235322475,98.93767547607422,98.93767547607422,98.86698913574219,0.001470021903514862,0.1470021903514862,0.0
186,1,Bass,14.833736419677734,-14.833732604980469,0.06699527055025101,0.06699518859386444,0.06934976577758789,93.30047607421875,93.30047607421875,93.06502532958984,0.031811684370040894,3.181168556213379,14.833736419677734,-14.833732604980469,0.06699527055025101,0.06699518859386444,0.06934976577758789,93.30047607421875,93.30047607421875,93.06502532958984,0.031811684370040894,3.181168556213379,0.0
186,2,Drums,38.430015563964844,-38.429908752441406,0.002011189702898264,0.002011189702898264,0.0021887316834181547,99.79888153076172,99.79888153076172,99.7811279296875,0.00014351574645843357,0.014351574704051018,38.430015563964844,-38.429908752441406,0.002011189702898264,0.002011189702898264,0.0021887316834181547,99.79888153076172,99.79888153076172,99.7811279296875,0.00014351574645843357,0.014351574704051018,0.0
187,0,Vocal,17.148460388183594,-17.148479461669922,0.030918113887310028,0.030917929485440254,0.03266876935958862,96.90818786621094,96.908203125,96.73312377929688,0.01891728863120079,1.8917288780212402,17.148460388183594,-17.148479461669922,0.030918113887310028,0.030917929485440254,0.03266876935958862,96.90818786621094,96.908203125,96.73312377929688,0.01891728863120079,1.8917288780212402,0.0
187,1,Bass,17.10546875,-17.105472564697266,0.05476948991417885,0.05476875230669975,0.04824027419090271,94.5230484008789,94.52312469482422,95.17597198486328,0.019101904705166817,1.910190463066101,17.10546875,-17.105472564697266,0.05476948991417885,0.05476875230669975,0.04824027419090271,94.5230484008789,94.52312469482422,95.17597198486328,0.019101904705166817,1.910190463066101,0.0
187,2,Drums,33.08368682861328,-33.0837287902832,0.0012066933559253812,0.0012066932395100594,0.0023673695977777243,99.87933349609375,99.87933349609375,99.76325988769531,0.0004914032178930938,0.0491403229534626,33.08368682861328,-33.0837287902832,0.0012066933559253812,0.0012066932395100594,0.0023673695977777243,99.87933349609375,99.87933349609375,99.76325988769531,0.0004914032178930938,0.0491403229534626,0.0
188,0,Vocal,26.346134185791016,-26.346115112304688,0.0076731471344828606,0.007673146668821573,0.008297660388052464,99.2326889038086,99.2326889038086,99.17023468017578,0.0023140558041632175,0.2314055860042572,26.346134185791016,-26.346115112304688,0.0076731471344828606,0.007673146668821573,0.008297660388052464,99.2326889038086,99.2326889038086,99.17023468017578,0.0023140558041632175,0.2314055860042572,0.0
188,1,Bass,21.966245651245117,-21.96624755859375,0.056112486869096756,0.056112486869096756,0.058877330273389816,94.38875579833984,94.38875579833984,94.11226654052734,0.006318648345768452,0.6318648457527161,21.966245651245117,-21.96624755859375,0.056112486869096756,0.056112486869096756,0.058877330273389816,94.38875579833984,94.38875579833984,94.11226654052734,0.006318648345768452,0.6318648457527161,0.0
188,2,Drums,26.256467819213867,-26.25664520263672,0.0005867229774594307,0.0005867229774594307,0.0009640196221880615,99.94132232666016,99.94132232666016,99.90359497070312,0.0023621979635208845,0.23621979355812073,26.256467819213867,-26.25664520263672,0.0005867229774594307,0.0005867229774594307,0.0009640196221880615,99.94132232666016,99.94132232666016,99.90359497070312,0.0023621979635208845,0.23621979355812073,0.0
189,0,Vocal,9.62686538696289,-9.626862525939941,0.1303357034921646,0.1303357034921646,0.1369761973619461,86.9664306640625,86.9664306640625,86.30238342285156,0.0982636883854866,9.826369285583496,9.62686538696289,-9.626862525939941,0.1303357034921646,0.1303357034921646,0.1369761973619461,86.9664306640625,86.9664306640625,86.30238342285156,0.0982636883854866,9.826369285583496,0.0
189,1,Bass,13.853644371032715,-13.853644371032715,0.2732294201850891,0.2732293903827667,0.27880600094795227,72.67705535888672,72.67706298828125,72.11940002441406,0.03954688459634781,3.954688549041748,13.853644371032715,-13.853644371032715,0.2732294201850891,0.2732293903827667,0.27880600094795227,72.67705535888672,72.67706298828125,72.11940002441406,0.03954688459634781,3.954688549041748,0.0
189,2,Drums,44.74197006225586,-44.74103927612305,0.0012440524296835065,0.0012440524296835065,0.0013218041276559234,99.87559509277344,99.87559509277344,99.8678207397461,3.356402521603741e-05,0.0033564025070518255,44.74197006225586,-44.74103927612305,0.0012440524296835065,0.0012440524296835065,0.0013218041276559234,99.87559509277344,99.87559509277344,99.8678207397461,3.356402521603741e-05,0.0033564025070518255,0.0
190,0,Vocal,18.001070022583008,-18.001075744628906,0.19465391337871552,0.19465361535549164,0.19838474690914154,80.53460693359375,80.53463745117188,80.1615219116211,0.015597888268530369,1.5597888231277466,18.001070022583008,-18.001075744628906,0.19465391337871552,0.19465361535549164,0.19838474690914154,80.53460693359375,80.53463745117188,80.1615219116211,0.015597888268530369,1.5597888231277466,0.0
190,1,Bass,16.876127243041992,-16.876123428344727,0.028959238901734352,0.028959151357412338,0.025910301133990288,97.10408020019531,97.10408782958984,97.40896606445312,0.020116932690143585,2.011693239212036,16.876127243041992,-16.876123428344727,0.028959238901734352,0.028959151357412338,0.025910301133990288,97.10408020019531,97.10408782958984,97.40896606445312,0.020116932690143585,2.011693239212036,0.0
190,2,Drums,35.38136672973633,-35.38180160522461,0.0003621256910264492,0.0003621235955506563,0.0,99.96379089355469,99.96379089355469,100.0,0.0002895423094742,0.02895423024892807,35.38136672973633,-35.38180160522461,0.0003621256910264492,0.0003621235955506563,0.0,99.96379089355469,99.96379089355469,100.0,0.0002895423094742,0.02895423024892807,0.0
191,0,Vocal,7.956575393676758,-7.956575393676758,0.2536388337612152,0.25363850593566895,0.2650017738342285,74.63611602783203,74.63614654541016,73.49982452392578,0.1379920095205307,13.799201011657715,7.956575393676758,-7.956575393676758,0.2536388337612152,0.25363850593566895,0.2650017738342285,74.63611602783203,74.63614654541016,73.49982452392578,0.1379920095205307,13.799201011657715,0.0
191,1,Bass,18.383594512939453,-18.383594512939453,0.05101034417748451,0.05101001635193825,0.05749083310365677,94.89896392822266,94.89900207519531,94.25091552734375,0.014301602728664875,1.4301602840423584,18.383594512939453,-18.383594512939453,0.05101034417748451,0.05101001635193825,0.05749083310365677,94.89896392822266,94.89900207519531,94.25091552734375,0.014301602728664875,1.4301602840423584,0.0
191,2,Drums,34.890602111816406,-34.89060974121094,0.0006501824827864766,0.000650182191748172,0.000730828964151442,99.93498229980469,99.93498229980469,99.92691802978516,0.00032422688673250377,0.032422687858343124,34.890602111816406,-34.89060974121094,0.0006501824827864766,0.000650182191748172,0.000730828964151442,99.93498229980469,99.93498229980469,99.92691802978516,0.00032422688673250377,0.032422687858343124,0.0
192,0,Vocal,34.04676055908203,-34.04670715332031,0.0022552860900759697,0.002255285158753395,0.0024946334306150675,99.77447509765625,99.77447509765625,99.75053405761719,0.00039370154263451695,0.03937015309929848,34.04676055908203,-34.04670715332031,0.0022552860900759697,0.002255285158753395,0.0024946334306150675,99.77447509765625,99.77447509765625,99.75053405761719,0.00039370154263451695,0.03937015309929848,0.0
192,1,Bass,13.06969165802002,-13.06968879699707,0.020075589418411255,0.02007557451725006,0.021386096253991127,97.99244689941406,97.99244689941406,97.86138916015625,0.04700273647904396,4.700273513793945,13.06969165802002,-13.06968879699707,0.020075589418411255,0.02007557451725006,0.021386096253991127,97.99244689941406,97.99244689941406,97.86138916015625,0.04700273647904396,4.700273513793945,0.0
192,2,Drums,30.267831802368164,-30.267940521240234,0.02338862046599388,0.023388603702187538,0.02425934374332428,97.66114044189453,97.66114044189453,97.57406616210938,0.0009393147774972022,0.09393148124217987,30.267831802368164,-30.267940521240234,0.02338862046599388,0.023388603702187538,0.02425934374332428,97.66114044189453,97.66114044189453,97.57406616210938,0.0009393147774972022,0.09393148124217987,0.0
193,0,Vocal,3.3867905139923096,-3.3867907524108887,0.3295617699623108,0.3295617699623108,0.3467239737510681,67.0438232421875,67.0438232421875,65.32760620117188,0.31435492634773254,31.43549346923828,3.3867905139923096,-3.3867907524108887,0.3295617699623108,0.3295617699623108,0.3467239737510681,67.0438232421875,67.0438232421875,65.32760620117188,0.31435492634773254,31.43549346923828,0.0
193,1,Bass,16.609912872314453,-16.609912872314453,0.019251463934779167,0.019251462072134018,0.011171345598995686,98.0748519897461,98.0748519897461,98.88286590576172,0.021361440420150757,2.1361441612243652,16.609912872314453,-16.609912872314453,0.019251463934779167,0.019251462072134018,0.011171345598995686,98.0748519897461,98.0748519897461,98.88286590576172,0.021361440420150757,2.1361441612243652,0.0
193,2,Drums,33.325904846191406,-33.325927734375,0.00017764786025509238,0.00017764786025509238,0.0,99.98223876953125,99.98223876953125,100.0,0.0004647551104426384,0.04647551104426384,33.325904846191406,-33.325927734375,0.00017764786025509238,0.00017764786025509238,0.0,99.98223876953125,99.98223876953125,100.0,0.0004647551104426384,0.04647551104426384,0.0
194,0,Vocal,5.119241714477539,-5.119240760803223,0.3200446367263794,0.3200388252735138,0.3302598297595978,67.99553680419922,67.99612426757812,66.9740219116211,0.23527728021144867,23.527727127075195,5.119241714477539,-5.119240760803223,0.3200446367263794,0.3200388252735138,0.3302598297595978,67.99553680419922,67.99612426757812,66.9740219116211,0.23527728021144867,23.527727127075195,0.0
194,1,Bass,18.229766845703125,-18.22974395751953,0.015355754643678665,0.015355730429291725,0.008713873103260994,98.46442413330078,98.46443176269531,99.12860870361328,0.014809614047408104,1.4809614419937134,18.229766845703125,-18.22974395751953,0.015355754643678665,0.015355730429291725,0.008713873103260994,98.46442413330078,98.46443176269531,99.12860870361328,0.014809614047408104,1.4809614419937134,0.0
194,2,Drums,37.37078094482422,-37.371315002441406,0.00011310028639854863,0.00011310028639854863,0.0,99.98868560791016,99.98868560791016,100.0,0.00018315827765036374,0.01831582747399807,37.37078094482422,-37.371315002441406,0.00011310028639854863,0.00011310028639854863,0.0,99.98868560791016,99.98868560791016,100.0,0.00018315827765036374,0.01831582747399807,0.0
195,0,Vocal,41.43701934814453,-41.4362907409668,0.0009087100625038147,0.0009087100625038147,0.0010049444390460849,99.90912628173828,99.90912628173828,99.89950561523438,7.178815576480702e-05,0.007178815547376871,41.43701934814453,-41.4362907409668,0.0009087100625038147,0.0009087100625038147,0.0010049444390460849,99.90912628173828,99.90912628173828,99.89950561523438,7.178815576480702e-05,0.007178815547376871,0.0
195,1,Bass,16.011812210083008,-16.011816024780273,0.03859039768576622,0.038590334355831146,0.038037966936826706,96.14096069335938,96.1409683227539,96.19620513916016,0.02443845011293888,2.44384503364563,16.011812210083008,-16.011816024780273,0.03859039768576622,0.038590334355831146,0.038037966936826706,96.14096069335938,96.1409683227539,96.19620513916016,0.02443845011293888,2.44384503364563,0.0
195,2,Drums,11.892367362976074,-11.892366409301758,0.0011082513956353068,0.0011082513956353068,0.0,99.88917541503906,99.88917541503906,100.0,0.06074976921081543,6.074976921081543,11.892367362976074,-11.892366409301758,0.0011082513956353068,0.0011082513956353068,0.0,99.88917541503906,99.88917541503906,100.0,0.06074976921081543,6.074976921081543,0.0
196,0,Vocal,28.949932098388672,-28.949932098388672,0.005365234799683094,0.005365233868360519,0.005728963762521744,99.4634780883789,99.4634780883789,99.4271011352539,0.0012718563666567206,0.1271856427192688,28.949932098388672,-28.949932098388672,0.005365234799683094,0.005365233868360519,0.005728963762521744,99.4634780883789,99.4634780883789,99.4271011352539,0.0012718563666567206,0.1271856427192688,0.0
196,1,Bass,27.972400665283203,-27.97247886657715,0.01705613173544407,0.017056090757250786,0.017593353986740112,98.29438781738281,98.29438781738281,98.24066162109375,0.0015924988547340035,0.15924988687038422,27.972400665283203,-27.97247886657715,0.01705613173544407,0.017056090757250786,0.017593353986740112,98.29438781738281,98.29438781738281,98.24066162109375,0.0015924988547340035,0.15924988687038422,0.0
196,2,Drums,31.47006607055664,-31.470722198486328,0.0058064707554876804,0.005806468427181244,0.005930817686021328,99.41935729980469,99.41935729980469,99.40691375732422,0.0007122756214812398,0.07122756540775299,31.47006607055664,-31.470722198486328,0.0058064707554876804,0.005806468427181244,0.005930817686021328,99.41935729980469,99.41935729980469,99.40691375732422,0.0007122756214812398,0.07122756540775299,0.0
197,0,Vocal,38.397666931152344,-38.39789581298828,0.0007890966953709722,0.0007890966953709722,0.0009342099656350911,99.92108917236328,99.92108917236328,99.90657806396484,0.00014463344996329397,0.01446334458887577,38.397666931152344,-38.39789581298828,0.0007890966953709722,0.0007890966953709722,0.0009342099656350911,99.92108917236328,99.92108917236328,99.90657806396484,0.00014463344996329397,0.01446334458887577,0.0
197,1,Bass,14.354277610778809,-14.354278564453125,0.00942317396402359,0.009423171170055866,0.01221033651381731,99.05767822265625,99.05767822265625,98.77896881103516,0.03539340943098068,3.5393409729003906,14.354277610778809,-14.354278564453125,0.00942317396402359,0.009423171170055866,0.01221033651381731,99.05767822265625,99.05767822265625,98.77896881103516,0.03539340943098068,3.5393409729003906,0.0
197,2,Drums,18.7820987701416,-18.78209686279297,0.04418144375085831,0.04418144375085831,0.043135207146406174,95.58185577392578,95.58185577392578,95.68647766113281,0.0130640659481287,1.3064066171646118,18.7820987701416,-18.78209686279297,0.04418144375085831,0.04418144375085831,0.043135207146406174,95.58185577392578,95.58185577392578,95.68647766113281,0.0130640659481287,1.3064066171646118,0.0
198,0,Vocal,21.48858070373535,-21.48858070373535,0.0020864903926849365,0.002086490159854293,0.0031064776703715324,99.79135131835938,99.79135131835938,99.6893539428711,0.007048035506159067,0.7048035264015198,21.48858070373535,-21.48858070373535,0.0020864903926849365,0.002086490159854293,0.0031064776703715324,99.79135131835938,99.79135131835938,99.6893539428711,0.007048035506159067,0.7048035264015198,0.0
198,1,Bass,14.60485553741455,-14.604849815368652,0.011944888159632683,0.011944861151278019,0.01914186403155327,98.80551147460938,98.80551147460938,98.0858154296875,0.03347555175423622,3.347555160522461,14.60485553741455,-14.604849815368652,0.011944888159632683,0.011944861151278019,0.01914186403155327,98.80551147460938,98.80551147460938,98.0858154296875,0.03347555175423622,3.347555160522461,0.0
198,2,Drums,28.244651794433594,-28.244606018066406,0.0005048046004958451,0.0005048044840805233,0.0,99.94952392578125,99.94952392578125,100.0,0.001495822099968791,0.14958220720291138,28.244651794433594,-28.244606018066406,0.0005048046004958451,0.0005048044840805233,0.0,99.94952392578125,99.94952392578125,100.0,0.001495822099968791,0.14958220720291138,0.0
199,0,Vocal,36.158748626708984,-36.15837860107422,0.005751841235905886,0.005751841235905886,0.006207794416695833,99.42481231689453,99.42481231689453,99.37921905517578,0.0002421183598926291,0.024211835116147995,36.158748626708984,-36.15837860107422,0.005751841235905886,0.005751841235905886,0.006207794416695833,99.42481231689453,99.42481231689453,99.37921905517578,0.0002421183598926291,0.024211835116147995,0.0
199,1,Bass,17.761943817138672,-17.76192855834961,0.04399494454264641,0.04399494454264641,0.04691755771636963,95.60050201416016,95.60050201416016,95.30824279785156,0.016466310247778893,1.6466310024261475,17.761943817138672,-17.76192855834961,0.04399494454264641,0.04399494454264641,0.04691755771636963,95.60050201416016,95.60050201416016,95.30824279785156,0.016466310247778893,1.6466310024261475,0.0
199,2,Drums,29.38235092163086,-29.382369995117188,0.013231612741947174,0.013231612741947174,0.013643966056406498,98.67683410644531,98.67683410644531,98.63560485839844,0.001151515170931816,0.11515151709318161,29.38235092163086,-29.382369995117188,0.013231612741947174,0.013231612741947174,0.013643966056406498,98.67683410644531,98.67683410644531,98.63560485839844,0.001151515170931816,0.11515151709318161,0.0
200,0,Vocal,12.132097244262695,-12.132096290588379,0.2498905509710312,0.2498905211687088,0.2525179982185364,75.01094055175781,75.01094818115234,74.74819946289062,0.05767545849084854,5.767545700073242,12.132097244262695,-12.132096290588379,0.2498905509710312,0.2498905211687088,0.2525179982185364,75.01094055175781,75.01094818115234,74.74819946289062,0.05767545849084854,5.767545700073242,0.0
200,1,Bass,5.790953636169434,-5.790951728820801,0.26790851354599,0.26790815591812134,0.26218169927597046,73.20915222167969,73.20918273925781,73.78182983398438,0.20859485864639282,20.859485626220703,5.790953636169434,-5.790951728820801,0.26790851354599,0.26790815591812134,0.26218169927597046,73.20915222167969,73.20918273925781,73.78182983398438,0.20859485864639282,20.859485626220703,0.0
200,2,Drums,45.83234405517578,-45.827293395996094,0.0013719293056055903,0.0013719291891902685,0.001140905893407762,99.86280822753906,99.86280822753906,99.88591003417969,2.612334537843708e-05,0.002612334443256259,45.83234405517578,-45.827293395996094,0.0013719293056055903,0.0013719291891902685,0.001140905893407762,99.86280822753906,99.86280822753906,99.88591003417969,2.612334537843708e-05,0.002612334443256259,0.0
201,0,Vocal,17.92909049987793,-17.929092407226562,0.12836357951164246,0.12836353480815887,0.12625518441200256,87.16363525390625,87.16364288330078,87.37448120117188,0.015854449942708015,1.5854450464248657,17.92909049987793,-17.929092407226562,0.12836357951164246,0.12836353480815887,0.12625518441200256,87.16363525390625,87.16364288330078,87.37448120117188,0.015854449942708015,1.5854450464248657,0.0
201,1,Bass,9.941375732421875,-9.941376686096191,0.28159987926483154,0.28159984946250916,0.2885616719722748,71.84001159667969,71.84001159667969,71.14382934570312,0.09203090518712997,9.20309066772461,9.941375732421875,-9.941376686096191,0.28159987926483154,0.28159984946250916,0.2885616719722748,71.84001159667969,71.84001159667969,71.14382934570312,0.09203090518712997,9.20309066772461,0.0
201,2,Drums,35.71101379394531,-35.70982360839844,0.002000757260248065,0.002000757260248065,0.0005844552651979029,99.7999267578125,99.7999267578125,99.9415512084961,0.0002684246574062854,0.02684246562421322,35.71101379394531,-35.70982360839844,0.002000757260248065,0.002000757260248065,0.0005844552651979029,99.7999267578125,99.7999267578125,99.9415512084961,0.0002684246574062854,0.02684246562421322,0.0
202,0,Vocal,7.882591247558594,-7.8825907707214355,0.23817719519138336,0.23817694187164307,0.2395850419998169,76.18228149414062,76.18230438232422,76.04149627685547,0.1400308907032013,14.00308895111084,7.882591247558594,-7.8825907707214355,0.23817719519138336,0.23817694187164307,0.2395850419998169,76.18228149414062,76.18230438232422,76.04149627685547,0.1400308907032013,14.00308895111084,0.0
202,1,Bass,9.415855407714844,-9.415855407714844,0.3248525559902191,0.32485222816467285,0.3171427845954895,67.51473999023438,67.51477813720703,68.28572082519531,0.10265368223190308,10.265368461608887,9.415855407714844,-9.415855407714844,0.3248525559902191,0.32485222816467285,0.3171427845954895,67.51473999023438,67.51477813720703,68.28572082519531,0.10265368223190308,10.265368461608887,0.0
202,2,Drums,40.02741241455078,-40.02659606933594,0.000911719398573041,0.000911719398573041,0.0009739494998939335,99.90882873535156,99.90882873535156,99.90260314941406,9.936061542248353e-05,0.009936061687767506,40.02741241455078,-40.02659606933594,0.000911719398573041,0.000911719398573041,0.0009739494998939335,99.90882873535156,99.90882873535156,99.90260314941406,9.936061542248353e-05,0.009936061687767506,0.0
203,0,Vocal,20.853633880615234,-20.853683471679688,0.14712795615196228,0.1471276432275772,0.1480879932641983,85.28720092773438,85.28723907470703,85.19120025634766,0.008148535154759884,0.8148534893989563,20.853633880615234,-20.853683471679688,0.14712795615196228,0.1471276432275772,0.1480879932641983,85.28720092773438,85.28723907470703,85.19120025634766,0.008148535154759884,0.8148534893989563,0.0
203,1,Bass,1.9887508153915405,-1.9887502193450928,0.3926191031932831,0.39261800050735474,0.38789719343185425,60.73808670043945,60.73820114135742,61.21028137207031,0.3874777555465698,38.74777603149414,1.9887508153915405,-1.9887502193450928,0.3926191031932831,0.39261800050735474,0.38789719343185425,60.73808670043945,60.73820114135742,61.21028137207031,0.3874777555465698,38.74777603149414,0.0
203,2,Drums,36.3601188659668,-36.360618591308594,0.0015895325923338532,0.0015895325923338532,0.0002784685930237174,99.84104919433594,99.84104919433594,99.97215270996094,0.00023112125927582383,0.02311212569475174,36.3601188659668,-36.360618591308594,0.0015895325923338532,0.0015895325923338532,0.0002784685930237174,99.84104919433594,99.84104919433594,99.97215270996094,0.00023112125927582383,0.02311212569475174,0.0
204,0,Vocal,7.395017147064209,-7.395017623901367,0.4046434462070465,0.4046420753002167,0.400288850069046,59.53565979003906,59.535789489746094,59.97111892700195,0.15410439670085907,15.410439491271973,7.395017147064209,-7.395017623901367,0.4046434462070465,0.4046420753002167,0.400288850069046,59.53565979003906,59.535789489746094,59.97111892700195,0.15410439670085907,15.410439491271973,0.0
204,1,Bass,7.6135945320129395,-7.6135945320129395,0.423669695854187,0.4236685335636139,0.4168022871017456,57.63302993774414,57.633148193359375,58.31977081298828,0.14765729010105133,14.765728950500488,7.6135945320129395,-7.6135945320129395,0.423669695854187,0.4236685335636139,0.4168022871017456,57.63302993774414,57.633148193359375,58.31977081298828,0.14765729010105133,14.765728950500488,0.0
204,2,Drums,41.2639045715332,-41.26502227783203,0.0004017179016955197,0.00040171784348785877,0.0,99.95982360839844,99.95982360839844,100.0,7.47471276554279e-05,0.007474712561815977,41.2639045715332,-41.26502227783203,0.0004017179016955197,0.00040171784348785877,0.0,99.95982360839844,99.95982360839844,100.0,7.47471276554279e-05,0.007474712561815977,0.0
205,0,Vocal,14.246535301208496,-14.246532440185547,0.1700446754693985,0.17004461586475372,0.17239072918891907,82.99553680419922,82.99553680419922,82.76093292236328,0.03625022992491722,3.6250228881835938,14.246535301208496,-14.246532440185547,0.1700446754693985,0.17004461586475372,0.17239072918891907,82.99553680419922,82.99553680419922,82.76093292236328,0.03625022992491722,3.6250228881835938,0.0
205,1,Bass,2.7283382415771484,-2.7283380031585693,0.35737964510917664,0.3573794364929199,0.3647350072860718,64.26203155517578,64.26205444335938,63.5265007019043,0.34791359305381775,34.791358947753906,2.7283382415771484,-2.7283380031585693,0.35737964510917664,0.3573794364929199,0.3647350072860718,64.26203155517578,64.26205444335938,63.5265007019043,0.34791359305381775,34.791358947753906,0.0
205,2,Drums,35.328041076660156,-35.327720642089844,0.0018254558090120554,0.0018254558090120554,0.0015333276242017746,99.81745147705078,99.81745147705078,99.84666442871094,0.00029314126004464924,0.029314126819372177,35.328041076660156,-35.327720642089844,0.0018254558090120554,0.0018254558090120554,0.0015333276242017746,99.81745147705078,99.81745147705078,99.84666442871094,0.00029314126004464924,0.029314126819372177,0.0
206,0,Vocal,12.019208908081055,-12.019208908081055,0.10255636274814606,0.10255526751279831,0.11140750348567963,89.7443618774414,89.74447631835938,88.85924530029297,0.059104450047016144,5.910445213317871,12.019208908081055,-12.019208908081055,0.10255636274814606,0.10255526751279831,0.11140750348567963,89.7443618774414,89.74447631835938,88.85924530029297,0.059104450047016144,5.910445213317871,0.0
206,1,Bass,2.4612667560577393,-2.4612679481506348,0.4317162334918976,0.4317077100276947,0.4523543119430542,56.8283805847168,56.829227447509766,54.76456832885742,0.361992210149765,36.199222564697266,2.4612667560577393,-2.4612679481506348,0.4317162334918976,0.4317077100276947,0.4523543119430542,56.8283805847168,56.829227447509766,54.76456832885742,0.361992210149765,36.199222564697266,0.0
206,2,Drums,34.66416931152344,-34.66408157348633,0.0016735659446567297,0.0016735653625801206,0.0005586041952483356,99.8326416015625,99.8326416015625,99.94413757324219,0.0003415356623008847,0.034153565764427185,34.66416931152344,-34.66408157348633,0.0016735659446567297,0.0016735653625801206,0.0005586041952483356,99.8326416015625,99.8326416015625,99.94413757324219,0.0003415356623008847,0.034153565764427185,0.0
207,0,Vocal,20.013385772705078,-20.013381958007812,0.11744862049818039,0.1174486055970192,0.11823474615812302,88.25513458251953,88.25513458251953,88.17652130126953,0.009870834648609161,0.9870834350585938,20.013385772705078,-20.013381958007812,0.11744862049818039,0.1174486055970192,0.11823474615812302,88.25513458251953,88.25513458251953,88.17652130126953,0.009870834648609161,0.9870834350585938,0.0
207,1,Bass,0.09830084443092346,-0.0983002632856369,0.5363940000534058,0.5363937020301819,0.5130624175071716,46.360599517822266,46.36063003540039,48.69375991821289,0.49434158205986023,49.43415832519531,0.09830084443092346,-0.0983002632856369,0.5363940000534058,0.5363937020301819,0.5130624175071716,46.360599517822266,46.36063003540039,48.69375991821289,0.49434158205986023,49.43415832519531,0.0
207,2,Drums,37.246761322021484,-37.2462158203125,0.0008837398490868509,0.0008837398490868509,0.002135117072612047,99.91162109375,99.91162109375,99.78649139404297,0.00018847963656298816,0.018847962841391563,37.246761322021484,-37.2462158203125,0.0008837398490868509,0.0008837398490868509,0.002135117072612047,99.91162109375,99.91162109375,99.78649139404297,0.00018847963656298816,0.018847962841391563,0.0
208,0,Vocal,22.08470916748047,-22.084806442260742,0.005879235919564962,0.005879235919564962,0.006205317564308643,99.41207885742188,99.41207885742188,99.37947082519531,0.006149606313556433,0.6149606108665466,22.08470916748047,-22.084806442260742,0.005879235919564962,0.005879235919564962,0.006205317564308643,99.41207885742188,99.41207885742188,99.37947082519531,0.006149606313556433,0.6149606108665466,0.0
208,1,Bass,14.742071151733398,-14.742074966430664,0.0804964080452919,0.0804964080452919,0.10744991153478622,91.95035552978516,91.95035552978516,89.25501251220703,0.03246816247701645,3.2468161582946777,14.742071151733398,-14.742074966430664,0.0804964080452919,0.0804964080452919,0.10744991153478622,91.95035552978516,91.95035552978516,89.25501251220703,0.03246816247701645,3.2468161582946777,0.0
208,2,Drums,21.774486541748047,-21.77446746826172,0.010457136668264866,0.010457135736942291,0.010413418523967266,98.95428466796875,98.95428466796875,98.95865631103516,0.006601965520530939,0.6601965427398682,21.774486541748047,-21.77446746826172,0.010457136668264866,0.010457135736942291,0.010413418523967266,98.95428466796875,98.95428466796875,98.95865631103516,0.006601965520530939,0.6601965427398682,0.0
209,0,Vocal,17.282487869262695,-17.282482147216797,0.008167361840605736,0.008167360909283161,0.007925376296043396,99.18325805664062,99.18325805664062,99.20745849609375,0.018353018909692764,1.8353018760681152,17.282487869262695,-17.282482147216797,0.008167361840605736,0.008167360909283161,0.007925376296043396,99.18325805664062,99.18325805664062,99.20745849609375,0.018353018909692764,1.8353018760681152,0.0
209,1,Bass,7.28066349029541,-7.280663967132568,0.06693276017904282,0.06693214923143387,0.049617886543273926,93.30672454833984,93.3067855834961,95.0382080078125,0.15756814181804657,15.756814002990723,7.28066349029541,-7.280663967132568,0.06693276017904282,0.06693214923143387,0.049617886543273926,93.30672454833984,93.3067855834961,95.0382080078125,0.15756814181804657,15.756814002990723,0.0
209,2,Drums,21.08251190185547,-21.082489013671875,0.0023618212435394526,0.0023618191480636597,0.001369424513541162,99.7638168334961,99.7638168334961,99.8630599975586,0.007733547128736973,0.773354709148407,21.08251190185547,-21.082489013671875,0.0023618212435394526,0.0023618191480636597,0.001369424513541162,99.7638168334961,99.7638168334961,99.8630599975586,0.007733547128736973,0.773354709148407,0.0
210,0,Vocal,10.625558853149414,-10.625558853149414,0.021454069763422012,0.021454067900776863,0.023964272812008858,97.8545913696289,97.8545913696289,97.60356903076172,0.07968571782112122,7.968571662902832,10.625558853149414,-10.625558853149414,0.021454069763422012,0.021454067900776863,0.023964272812008858,97.8545913696289,97.8545913696289,97.60356903076172,0.07968571782112122,7.968571662902832,0.0
210,1,Bass,20.093700408935547,-20.093765258789062,0.030967509374022484,0.030966462567448616,0.023871272802352905,96.90324401855469,96.90335083007812,97.61286926269531,0.009691659361124039,0.9691659212112427,20.093700408935547,-20.093765258789062,0.030967509374022484,0.030966462567448616,0.023871272802352905,96.90324401855469,96.90335083007812,97.61286926269531,0.009691659361124039,0.9691659212112427,0.0
210,2,Drums,13.739729881286621,-13.739729881286621,0.003881995100528002,0.003881993470713496,0.0035334837157279253,99.61180114746094,99.61180114746094,99.64665222167969,0.04055526852607727,4.0555267333984375,13.739729881286621,-13.739729881286621,0.003881995100528002,0.003881993470713496,0.0035334837157279253,99.61180114746094,99.61180114746094,99.64665222167969,0.04055526852607727,4.0555267333984375,0.0
211,0,Vocal,32.22769546508789,-32.22785949707031,0.0006153939757496119,0.0006153933354653418,0.0011027524014934897,99.93846130371094,99.93846130371094,99.88972473144531,0.0005983691080473363,0.05983690917491913,32.22769546508789,-32.22785949707031,0.0006153939757496119,0.0006153933354653418,0.0011027524014934897,99.93846130371094,99.93846130371094,99.88972473144531,0.0005983691080473363,0.05983690917491913,0.0
211,1,Bass,14.936307907104492,-14.936305046081543,0.020022669807076454,0.020022355020046234,0.00904750358313322,97.99773406982422,97.99776458740234,99.09524536132812,0.03109223209321499,3.1092231273651123,14.936307907104492,-14.936305046081543,0.020022669807076454,0.020022355020046234,0.00904750358313322,97.99773406982422,97.99776458740234,99.09524536132812,0.03109223209321499,3.1092231273651123,0.0
211,2,Drums,17.924198150634766,-17.924192428588867,0.0015985309146344662,0.001597592025063932,0.010315665043890476,99.84014892578125,99.84024047851562,98.96843719482422,0.015872038900852203,1.587203860282898,17.924198150634766,-17.924192428588867,0.0015985309146344662,0.001597592025063932,0.010315665043890476,99.84014892578125,99.84024047851562,98.96843719482422,0.015872038900852203,1.587203860282898,0.0
212,0,Vocal,38.12360763549805,-38.12212371826172,0.0003868632484227419,0.0003868632484227419,0.0004330678202677518,99.96131896972656,99.96131896972656,99.9566879272461,0.00015403192082885653,0.01540319249033928,38.12360763549805,-38.12212371826172,0.0003868632484227419,0.0003868632484227419,0.0004330678202677518,99.96131896972656,99.96131896972656,99.9566879272461,0.00015403192082885653,0.01540319249033928,0.0
212,1,Bass,12.275343894958496,-12.275351524353027,0.012662122026085854,0.012661764398217201,0.0,98.7337875366211,98.73382568359375,100.0,0.05590871348977089,5.590871334075928,12.275343894958496,-12.275351524353027,0.012662122026085854,0.012661764398217201,0.0,98.7337875366211,98.73382568359375,100.0,0.05590871348977089,5.590871334075928,0.0
212,2,Drums,28.214771270751953,-28.214738845825195,0.015512119978666306,0.015511936508119106,0.015388647094368935,98.44879150390625,98.44880676269531,98.46113586425781,0.0015061513986438513,0.1506151407957077,28.214771270751953,-28.214738845825195,0.015512119978666306,0.015511936508119106,0.015388647094368935,98.44879150390625,98.44880676269531,98.46113586425781,0.0015061513986438513,0.1506151407957077,0.0
213,0,Vocal,20.488550186157227,-20.488536834716797,0.006156641058623791,0.006156640592962503,0.007140563800930977,99.38433837890625,99.38433837890625,99.28594207763672,0.008856859058141708,0.885685920715332,20.488550186157227,-20.488536834716797,0.006156641058623791,0.006156640592962503,0.007140563800930977,99.38433837890625,99.38433837890625,99.28594207763672,0.008856859058141708,0.885685920715332,0.0
213,1,Bass,12.548943519592285,-12.548941612243652,0.1931248903274536,0.1931237429380417,0.1983395218849182,80.68750762939453,80.6876220703125,80.16604614257812,0.05267500877380371,5.267500877380371,12.548943519592285,-12.548941612243652,0.1931248903274536,0.1931237429380417,0.1983395218849182,80.68750762939453,80.6876220703125,80.16604614257812,0.05267500877380371,5.267500877380371,0.0
213,2,Drums,23.34275245666504,-23.3427791595459,0.0009225109242834151,0.0009225109242834151,0.0003571213164832443,99.90775299072266,99.90775299072266,99.96428680419922,0.004610168281942606,0.46101683378219604,23.34275245666504,-23.3427791595459,0.0009225109242834151,0.0009225109242834151,0.0003571213164832443,99.90775299072266,99.90775299072266,99.96428680419922,0.004610168281942606,0.46101683378219604,0.0
214,0,Vocal,17.17919158935547,-17.179182052612305,0.0174658615142107,0.0174658615142107,0.01875288225710392,98.25341033935547,98.25341033935547,98.12471008300781,0.018786437809467316,1.8786437511444092,17.17919158935547,-17.179182052612305,0.0174658615142107,0.0174658615142107,0.01875288225710392,98.25341033935547,98.25341033935547,98.12471008300781,0.018786437809467316,1.8786437511444092,0.0
214,1,Bass,17.407955169677734,-17.407936096191406,0.08088570088148117,0.08088568598031998,0.09365873783826828,91.91143035888672,91.91143035888672,90.63412475585938,0.017839670181274414,1.7839670181274414,17.407955169677734,-17.407936096191406,0.08088570088148117,0.08088568598031998,0.09365873783826828,91.91143035888672,91.91143035888672,90.63412475585938,0.017839670181274414,1.7839670181274414,0.0
214,2,Drums,20.8048038482666,-20.80481719970703,0.0017885583220049739,0.0017885583220049739,0.0,99.8211441040039,99.8211441040039,100.0,0.008239971473813057,0.8239971399307251,20.8048038482666,-20.80481719970703,0.0017885583220049739,0.0017885583220049739,0.0,99.8211441040039,99.8211441040039,100.0,0.008239971473813057,0.8239971399307251,0.0
215,0,Vocal,23.513633728027344,-23.513648986816406,0.005741499364376068,0.005741499364376068,0.006195524707436562,99.42584991455078,99.42584991455078,99.38044738769531,0.004433095455169678,0.4433095455169678,23.513633728027344,-23.513648986816406,0.005741499364376068,0.005741499364376068,0.006195524707436562,99.42584991455078,99.42584991455078,99.38044738769531,0.004433095455169678,0.4433095455169678,0.0
215,1,Bass,15.28996467590332,-15.289968490600586,0.08714385330677032,0.08714381605386734,0.07519274950027466,91.28561401367188,91.28561401367188,92.48072814941406,0.028730522841215134,2.8730523586273193,15.28996467590332,-15.289968490600586,0.08714385330677032,0.08714381605386734,0.07519274950027466,91.28561401367188,91.28561401367188,92.48072814941406,0.028730522841215134,2.8730523586273193,0.0
215,2,Drums,15.767208099365234,-15.76720142364502,0.0009256096673198044,0.0009256096091121435,0.003489134833216667,99.90744018554688,99.90744018554688,99.65108489990234,0.025817839428782463,2.5817840099334717,15.767208099365234,-15.76720142364502,0.0009256096673198044,0.0009256096091121435,0.003489134833216667,99.90744018554688,99.90744018554688,99.65108489990234,0.025817839428782463,2.5817840099334717,0.0
216,0,Vocal,8.865804672241211,-8.865803718566895,0.739643931388855,0.7396437525749207,0.741019606590271,26.035606384277344,26.035625457763672,25.898038864135742,0.11492151767015457,11.492152214050293,8.865804672241211,-8.865803718566895,0.739643931388855,0.7396437525749207,0.741019606590271,26.035606384277344,26.035625457763672,25.898038864135742,0.11492151767015457,11.492152214050293,0.0
216,1,Bass,27.466472625732422,-27.466447830200195,0.33041420578956604,0.33041420578956604,0.3265856206417084,66.95858001708984,66.95858001708984,67.34143829345703,0.0017888875445351005,0.17888875305652618,27.466472625732422,-27.466447830200195,0.33041420578956604,0.33041420578956604,0.3265856206417084,66.95858001708984,66.95858001708984,67.34143829345703,0.0017888875445351005,0.17888875305652618,0.0
216,2,Drums,57.475982666015625,-57.33432388305664,0.0007591373287141323,0.0007591365720145404,0.0006274983752518892,99.92408752441406,99.92408752441406,99.93724822998047,1.807320472835272e-06,0.00018073205137625337,57.475982666015625,-57.33432388305664,0.0007591373287141323,0.0007591365720145404,0.0006274983752518892,99.92408752441406,99.92408752441406,99.93724822998047,1.807320472835272e-06,0.00018073205137625337,0.0
217,0,Vocal,7.2486419677734375,-7.248640537261963,0.8701496720314026,0.8701475262641907,0.87300705909729,12.98503303527832,12.985247611999512,12.699294090270996,0.15854938328266144,15.854938507080078,7.2486419677734375,-7.248640537261963,0.8701496720314026,0.8701475262641907,0.87300705909729,12.98503303527832,12.985247611999512,12.699294090270996,0.15854938328266144,15.854938507080078,0.0
217,1,Bass,27.940282821655273,-27.940290451049805,0.34867388010025024,0.34867385029792786,0.34377142786979675,65.13261413574219,65.13261413574219,65.62285614013672,0.0016042569186538458,0.16042569279670715,27.940282821655273,-27.940290451049805,0.34867388010025024,0.34867385029792786,0.34377142786979675,65.13261413574219,65.13261413574219,65.62285614013672,0.0016042569186538458,0.16042569279670715,0.0
217,2,Drums,56.932403564453125,-56.90746307373047,0.0004474316374398768,0.0004474316374398768,0.0007453252328559756,99.95525360107422,99.95525360107422,99.92546844482422,2.06328991225746e-06,0.00020632898667827249,56.932403564453125,-56.90746307373047,0.0004474316374398768,0.0004474316374398768,0.0007453252328559756,99.95525360107422,99.95525360107422,99.92546844482422,2.06328991225746e-06,0.00020632898667827249,0.0
218,0,Vocal,10.245880126953125,-10.245878219604492,0.7348396182060242,0.7348393201828003,0.7356029152870178,26.51603889465332,26.516067504882812,26.439708709716797,0.08633723109960556,8.633723258972168,10.245880126953125,-10.245878219604492,0.7348396182060242,0.7348393201828003,0.7356029152870178,26.51603889465332,26.516067504882812,26.439708709716797,0.08633723109960556,8.633723258972168,0.0
218,1,Bass,21.470163345336914,-21.470115661621094,0.3265707194805145,0.32657065987586975,0.3261280953884125,67.34292602539062,67.34293365478516,67.3871841430664,0.007077840156853199,0.7077839970588684,21.470163345336914,-21.470115661621094,0.3265707194805145,0.32657065987586975,0.3261280953884125,67.34292602539062,67.34293365478516,67.3871841430664,0.007077840156853199,0.7077839970588684,0.0
218,2,Drums,59.69447326660156,-59.58889389038086,0.0007650962797924876,0.0007650962215848267,0.000750906765460968,99.92349243164062,99.92349243164062,99.92491149902344,1.0649675914464751e-06,0.00010649675823515281,59.69447326660156,-59.58889389038086,0.0007650962797924876,0.0007650962215848267,0.000750906765460968,99.92349243164062,99.92349243164062,99.92491149902344,1.0649675914464751e-06,0.00010649675823515281,0.0
219,0,Vocal,6.8526411056518555,-6.852640151977539,0.6909914612770081,0.6909912824630737,0.692817747592926,30.900854110717773,30.90087127685547,30.718225479125977,0.1710961014032364,17.109609603881836,6.8526411056518555,-6.852640151977539,0.6909914612770081,0.6909912824630737,0.692817747592926,30.900854110717773,30.90087127685547,30.718225479125977,0.1710961014032364,17.109609603881836,0.0
219,1,Bass,32.976959228515625,-32.977962493896484,0.3950338363647461,0.39503005146980286,0.3973115086555481,60.49661636352539,60.49699783325195,60.26884841918945,0.0005035469075664878,0.05035468935966492,32.976959228515625,-32.977962493896484,0.3950338363647461,0.39503005146980286,0.3973115086555481,60.49661636352539,60.49699783325195,60.26884841918945,0.0005035469075664878,0.05035468935966492,0.0
219,2,Drums,51.52835464477539,-51.53651428222656,0.0004873713187407702,0.0004873712023254484,0.0010457084281370044,99.95126342773438,99.95126342773438,99.89543151855469,7.028136678854935e-06,0.0007028136751614511,51.52835464477539,-51.53651428222656,0.0004873713187407702,0.0004873712023254484,0.0010457084281370044,99.95126342773438,99.95126342773438,99.89543151855469,7.028136678854935e-06,0.0007028136751614511,0.0
220,0,Vocal,9.791413307189941,-9.791414260864258,0.7308418154716492,0.7308417558670044,0.7345227003097534,26.91581916809082,26.91582489013672,26.5477294921875,0.0949571505188942,9.495715141296387,9.791413307189941,-9.791414260864258,0.7308418154716492,0.7308417558670044,0.7345227003097534,26.91581916809082,26.91582489013672,26.5477294921875,0.0949571505188942,9.495715141296387,0.0
220,1,Bass,24.121173858642578,-24.121200561523438,0.3284539580345154,0.3284539580345154,0.3274160921573639,67.15460205078125,67.15460205078125,67.25839233398438,0.0038565672002732754,0.3856567144393921,24.121173858642578,-24.121200561523438,0.3284539580345154,0.3284539580345154,0.3274160921573639,67.15460205078125,67.15460205078125,67.25839233398438,0.0038565672002732754,0.3856567144393921,0.0
220,2,Drums,43.47905731201172,-43.47710418701172,0.0007264919113367796,0.0007264856249094009,0.00172826973721385,99.9273452758789,99.92735290527344,99.8271713256836,4.491139770834707e-05,0.0044911396689713,43.47905731201172,-43.47710418701172,0.0007264919113367796,0.0007264856249094009,0.00172826973721385,99.9273452758789,99.92735290527344,99.8271713256836,4.491139770834707e-05,0.0044911396689713,0.0
221,0,Vocal,5.435714244842529,-5.435715675354004,0.7076195478439331,0.7076165676116943,0.7108044028282166,29.23804473876953,29.23834228515625,28.919559478759766,0.22241996228694916,22.24199676513672,5.435714244842529,-5.435715675354004,0.7076195478439331,0.7076165676116943,0.7108044028282166,29.23804473876953,29.23834228515625,28.919559478759766,0.22241996228694916,22.24199676513672,0.0
221,1,Bass,33.40349578857422,-33.40362548828125,0.33224576711654663,0.33224570751190186,0.3323974907398224,66.77542114257812,66.77542877197266,66.76025390625,0.0004565454146359116,0.0456545427441597,33.40349578857422,-33.40362548828125,0.33224576711654663,0.33224570751190186,0.3323974907398224,66.77542114257812,66.77542877197266,66.76025390625,0.0004565454146359116,0.0456545427441597,0.0
221,2,Drums,63.21630096435547,-63.36146926879883,0.0006946924258954823,0.0006946873036213219,0.0007046519895084202,99.93053436279297,99.93053436279297,99.92953491210938,4.543379077404097e-07,4.5433789637172595e-05,63.21630096435547,-63.36146926879883,0.0006946924258954823,0.0006946873036213219,0.0007046519895084202,99.93053436279297,99.93053436279297,99.92953491210938,4.543379077404097e-07,4.5433789637172595e-05,0.0
222,0,Vocal,7.912164211273193,-7.912162780761719,0.7099747657775879,0.709973931312561,0.7089532613754272,29.00252342224121,29.002607345581055,29.104673385620117,0.13921286165714264,13.921286582946777,7.912164211273193,-7.912162780761719,0.7099747657775879,0.709973931312561,0.7089532613754272,29.00252342224121,29.002607345581055,29.104673385620117,0.13921286165714264,13.921286582946777,0.0
222,1,Bass,35.73810958862305,-35.737892150878906,0.3507957458496094,0.3507938086986542,0.3532234728336334,64.92042541503906,64.92061614990234,64.67765808105469,0.00026674135006032884,0.02667413465678692,35.73810958862305,-35.737892150878906,0.3507957458496094,0.3507938086986542,0.3532234728336334,64.92042541503906,64.92061614990234,64.67765808105469,0.00026674135006032884,0.02667413465678692,0.0
222,2,Drums,53.109039306640625,-53.07602310180664,0.0005541705759242177,0.0005541705759242177,0.0,99.94458770751953,99.94458770751953,100.0,4.912225449515972e-06,0.0004912225413136184,53.109039306640625,-53.07602310180664,0.0005541705759242177,0.0005541705759242177,0.0,99.94458770751953,99.94458770751953,100.0,4.912225449515972e-06,0.0004912225413136184,0.0
223,0,Vocal,6.899355888366699,-6.899355888366699,0.7295327186584473,0.7295318245887756,0.7203704118728638,27.046728134155273,27.046817779541016,27.96295928955078,0.16957597434520721,16.957597732543945,6.899355888366699,-6.899355888366699,0.7295327186584473,0.7295318245887756,0.7203704118728638,27.046728134155273,27.046817779541016,27.96295928955078,0.16957597434520721,16.957597732543945,0.0
223,1,Bass,35.376895904541016,-35.376708984375,0.28375983238220215,0.28375983238220215,0.28563424944877625,71.62401580810547,71.62401580810547,71.43656921386719,0.00028985575772821903,0.02898557484149933,35.376895904541016,-35.376708984375,0.28375983238220215,0.28375983238220215,0.28563424944877625,71.62401580810547,71.62401580810547,71.43656921386719,0.00028985575772821903,0.02898557484149933,0.0
223,2,Drums,56.5651741027832,-56.50511169433594,0.001036444678902626,0.0010364374611526728,0.0010417511221021414,99.89635467529297,99.89635467529297,99.89582061767578,2.2120702851680107e-06,0.00022120702487882227,56.5651741027832,-56.50511169433594,0.001036444678902626,0.0010364374611526728,0.0010417511221021414,99.89635467529297,99.89635467529297,99.89582061767578,2.2120702851680107e-06,0.00022120702487882227,0.0
224,0,Vocal,8.191415786743164,-8.191412925720215,0.6962334513664246,0.6962317824363708,0.6973939538002014,30.37665557861328,30.376821517944336,30.260604858398438,0.13168486952781677,13.168486595153809,8.191415786743164,-8.191412925720215,0.6962334513664246,0.6962317824363708,0.6973939538002014,30.37665557861328,30.376821517944336,30.260604858398438,0.13168486952781677,13.168486595153809,0.0
224,1,Bass,18.59685516357422,-18.59688949584961,0.3962158262729645,0.3961954116821289,0.4112588167190552,60.378421783447266,60.38045883178711,58.87411880493164,0.013625558465719223,1.3625558614730835,18.59685516357422,-18.59688949584961,0.3962158262729645,0.3961954116821289,0.4112588167190552,60.378421783447266,60.38045883178711,58.87411880493164,0.013625558465719223,1.3625558614730835,0.0
224,2,Drums,55.912506103515625,-55.906219482421875,0.0005687265656888485,0.0005687236553058028,0.0006385872839018703,99.94312286376953,99.94312286376953,99.93614196777344,2.5847591587080387e-06,0.0002584759204182774,55.912506103515625,-55.906219482421875,0.0005687265656888485,0.0005687236553058028,0.0006385872839018703,99.94312286376953,99.94312286376953,99.93614196777344,2.5847591587080387e-06,0.0002584759204182774,0.0
225,0,Vocal,4.7017412185668945,-4.701742172241211,0.3900165855884552,0.3900165259838104,0.3891054689884186,60.99834442138672,60.99834442138672,61.089454650878906,0.2530112862586975,25.301128387451172,4.7017412185668945,-4.701742172241211,0.3900165855884552,0.3900165259838104,0.3891054689884186,60.99834442138672,60.99834442138672,61.089454650878906,0.2530112862586975,25.301128387451172,0.0
225,1,Bass,23.507305145263672,-23.5073184967041,0.4978701174259186,0.4978700876235962,0.4973592460155487,50.212989807128906,50.212989807128906,50.26407241821289,0.004439570941030979,0.4439570903778076,23.507305145263672,-23.5073184967041,0.4978701174259186,0.4978700876235962,0.4973592460155487,50.212989807128906,50.212989807128906,50.26407241821289,0.004439570941030979,0.4439570903778076,0.0
225,2,Drums,49.302486419677734,-49.29834747314453,0.0014693483244627714,0.0014693483244627714,0.0016402722103521228,99.85306549072266,99.85306549072266,99.83597564697266,1.177335980173666e-05,0.0011773359728977084,49.302486419677734,-49.29834747314453,0.0014693483244627714,0.0014693483244627714,0.0016402722103521228,99.85306549072266,99.85306549072266,99.83597564697266,1.177335980173666e-05,0.0011773359728977084,0.0
226,0,Vocal,-4.832143306732178,4.832143306732178,0.05400719866156578,0.05400719866156578,0.05914139375090599,94.59928131103516,94.59928131103516,94.08586120605469,0.7526213526725769,75.26213836669922,-4.832143306732178,4.832143306732178,0.05400719866156578,0.05400719866156578,0.05914139375090599,94.59928131103516,94.59928131103516,94.08586120605469,0.7526213526725769,75.26213836669922,0.0
226,1,Bass,41.124168395996094,-41.12312698364258,0.001169628114439547,0.0011696277651935816,0.0013206027215346694,99.88304138183594,99.88304138183594,99.8679428100586,7.72055791458115e-05,0.007720557972788811,41.124168395996094,-41.12312698364258,0.001169628114439547,0.0011696277651935816,0.0013206027215346694,99.88304138183594,99.88304138183594,99.8679428100586,7.72055791458115e-05,0.007720557972788811,0.0
226,2,Drums,13.607938766479492,-13.607935905456543,0.02067405916750431,0.02067405916750431,0.021531274542212486,97.9325942993164,97.9325942993164,97.84687042236328,0.04175268113613129,4.175268173217773,13.607938766479492,-13.607935905456543,0.02067405916750431,0.02067405916750431,0.021531274542212486,97.9325942993164,97.9325942993164,97.84687042236328,0.04175268113613129,4.175268173217773,0.0
227,0,Vocal,-3.8130834102630615,3.8130834102630615,0.6258097290992737,0.6258096694946289,0.6152613162994385,37.41902542114258,37.41903305053711,38.47386932373047,0.7064065337181091,70.64065551757812,-3.8130834102630615,3.8130834102630615,0.6258097290992737,0.6258096694946289,0.6152613162994385,37.41902542114258,37.41903305053711,38.47386932373047,0.7064065337181091,70.64065551757812,0.0
227,1,Bass,25.670246124267578,-25.670242309570312,0.3037753999233246,0.303774356842041,0.29939305782318115,69.6224594116211,69.62256622314453,70.0606918334961,0.0027027535252273083,0.270275354385376,25.670246124267578,-25.670242309570312,0.3037753999233246,0.303774356842041,0.29939305782318115,69.6224594116211,69.62256622314453,70.0606918334961,0.0027027535252273083,0.270275354385376,0.0
227,2,Drums,40.38288879394531,-40.3822021484375,0.001680464018136263,0.001680464018136263,0.00210006907582283,99.83194732666016,99.83194732666016,99.78999328613281,9.15548880584538e-05,0.009155488573014736,40.38288879394531,-40.3822021484375,0.001680464018136263,0.001680464018136263,0.00210006907582283,99.83194732666016,99.83194732666016,99.78999328613281,9.15548880584538e-05,0.009155488573014736,0.0
228,0,Vocal,5.4775238037109375,-5.477524280548096,0.6311385035514832,0.6311153769493103,0.6223233938217163,36.88615036010742,36.88846206665039,37.767662048339844,0.22075936198234558,22.07593536376953,5.4775238037109375,-5.477524280548096,0.6311385035514832,0.6311153769493103,0.6223233938217163,36.88615036010742,36.88846206665039,37.767662048339844,0.22075936198234558,22.07593536376953,0.0
228,1,Bass,17.883779525756836,-17.883756637573242,0.4883138835430145,0.48831385374069214,0.49040061235427856,51.168609619140625,51.16861343383789,50.959938049316406,0.016018057242035866,1.6018056869506836,17.883779525756836,-17.883756637573242,0.4883138835430145,0.48831385374069214,0.49040061235427856,51.168609619140625,51.16861343383789,50.959938049316406,0.016018057242035866,1.6018056869506836,0.0
228,2,Drums,29.63628387451172,-29.636322021484375,0.00016298142145387828,0.0001629813341423869,0.0,99.98370361328125,99.98370361328125,100.0,0.0010861638002097607,0.10861638188362122,29.63628387451172,-29.636322021484375,0.00016298142145387828,0.0001629813341423869,0.0,99.98370361328125,99.98370361328125,100.0,0.0010861638002097607,0.10861638188362122,0.0
229,0,Vocal,-4.31602668762207,4.31602668762207,0.09361249953508377,0.09361188113689423,0.10126172751188278,90.63874816894531,90.63880920410156,89.87382507324219,0.7298381924629211,72.98381805419922,-4.31602668762207,4.31602668762207,0.09361249953508377,0.09361188113689423,0.10126172751188278,90.63874816894531,90.63880920410156,89.87382507324219,0.7298381924629211,72.98381805419922,0.0
229,1,Bass,36.823020935058594,-36.82335662841797,0.0006811466882936656,0.0006811454077251256,0.001149220042861998,99.931884765625,99.931884765625,99.88507843017578,0.00020780172781087458,0.02078017219901085,36.823020935058594,-36.82335662841797,0.0006811466882936656,0.0006811454077251256,0.001149220042861998,99.931884765625,99.931884765625,99.88507843017578,0.00020780172781087458,0.02078017219901085,0.0
229,2,Drums,10.69709587097168,-10.697096824645996,0.0024479536805301905,0.0024479522835463285,0.0038291497621685266,99.75520324707031,99.75520324707031,99.6170883178711,0.07848601043224335,7.8486008644104,10.69709587097168,-10.697096824645996,0.0024479536805301905,0.0024479522835463285,0.0038291497621685266,99.75520324707031,99.75520324707031,99.6170883178711,0.07848601043224335,7.8486008644104,0.0
230,0,Vocal,-3.294405937194824,3.2944061756134033,0.04670343175530434,0.04670339077711105,0.042308855801820755,95.32965087890625,95.32965850830078,95.76911163330078,0.6810420751571655,68.10420989990234,-3.294405937194824,3.2944061756134033,0.04670343175530434,0.04670339077711105,0.042308855801820755,95.32965087890625,95.32965850830078,95.76911163330078,0.6810420751571655,68.10420989990234,0.0
230,1,Bass,47.195621490478516,-47.19084167480469,0.0010684659937396646,0.001068465644493699,0.0013775484403595328,99.89315032958984,99.89315032958984,99.86225128173828,1.9084123778156936e-05,0.0019084124360233545,47.195621490478516,-47.19084167480469,0.0010684659937396646,0.001068465644493699,0.0013775484403595328,99.89315032958984,99.89315032958984,99.86225128173828,1.9084123778156936e-05,0.0019084124360233545,0.0
230,2,Drums,13.707038879394531,-13.707036018371582,0.05961551144719124,0.05961551144719124,0.048712391406297684,94.0384521484375,94.0384521484375,95.1287612915039,0.040849171578884125,4.084917068481445,13.707038879394531,-13.707036018371582,0.05961551144719124,0.05961551144719124,0.048712391406297684,94.0384521484375,94.0384521484375,95.1287612915039,0.040849171578884125,4.084917068481445,0.0
231,0,Vocal,1.4921517372131348,-1.4921517372131348,0.5748242139816284,0.574799656867981,0.5791703462600708,42.517578125,42.52003479003906,42.08296585083008,0.4149399697780609,41.493995666503906,1.4921517372131348,-1.4921517372131348,0.5748242139816284,0.574799656867981,0.5791703462600708,42.517578125,42.52003479003906,42.08296585083008,0.4149399697780609,41.493995666503906,0.0
231,1,Bass,21.980077743530273,-21.980026245117188,0.3244549036026001,0.3244513273239136,0.3268483877182007,67.55451202392578,67.55487060546875,67.3151626586914,0.0062986984848976135,0.629869818687439,21.980077743530273,-21.980026245117188,0.3244549036026001,0.3244513273239136,0.3268483877182007,67.55451202392578,67.55487060546875,67.3151626586914,0.0062986984848976135,0.629869818687439,0.0
231,2,Drums,49.552024841308594,-49.548614501953125,0.001374850980937481,0.001374850980937481,0.0016637509688735008,99.86251831054688,99.86251831054688,99.83362579345703,1.1088802239100914e-05,0.001108880271203816,49.552024841308594,-49.548614501953125,0.001374850980937481,0.001374850980937481,0.0016637509688735008,99.86251831054688,99.86251831054688,99.83362579345703,1.1088802239100914e-05,0.001108880271203816,0.0
232,0,Vocal,-12.009895324707031,12.009895324707031,0.12728343904018402,0.12727932631969452,0.07086525857448578,87.27165222167969,87.27206420898438,92.9134750366211,0.9407761096954346,94.0776138305664,-12.009895324707031,12.009895324707031,0.12728343904018402,0.12727932631969452,0.07086525857448578,87.27165222167969,87.27206420898438,92.9134750366211,0.9407761096954346,94.0776138305664,0.0
232,1,Bass,17.6983642578125,-17.698362350463867,0.057216934859752655,0.057216666638851166,0.0,94.27830505371094,94.27833557128906,100.0,0.01670505292713642,1.6705052852630615,17.6983642578125,-17.698362350463867,0.057216934859752655,0.057216666638851166,0.0,94.27830505371094,94.27833557128906,100.0,0.01670505292713642,1.6705052852630615,0.0
232,2,Drums,14.052748680114746,-14.05274772644043,0.03597567230463028,0.035975370556116104,0.02128237672150135,96.40242767333984,96.40245819091797,97.87176513671875,0.0378417931497097,3.784179210662842,14.052748680114746,-14.05274772644043,0.03597567230463028,0.035975370556116104,0.02128237672150135,96.40242767333984,96.40245819091797,97.87176513671875,0.0378417931497097,3.784179210662842,0.0
233,0,Vocal,11.528779983520508,-11.52878189086914,0.16379962861537933,0.16378527879714966,0.18117263913154602,83.62003326416016,83.62147521972656,81.88273620605469,0.06570602208375931,6.5706024169921875,11.528779983520508,-11.52878189086914,0.16379962861537933,0.16378527879714966,0.18117263913154602,83.62003326416016,83.62147521972656,81.88273620605469,0.06570602208375931,6.5706024169921875,0.0
233,1,Bass,15.025362968444824,-15.025358200073242,0.19458919763565063,0.19457988440990448,0.17470726370811462,80.54107666015625,80.54200744628906,82.5292739868164,0.030480409041047096,3.0480408668518066,15.025362968444824,-15.025358200073242,0.19458919763565063,0.19457988440990448,0.17470726370811462,80.54107666015625,80.54200744628906,82.5292739868164,0.030480409041047096,3.0480408668518066,0.0
233,2,Drums,24.005931854248047,-24.005918502807617,0.018796293064951897,0.018795987591147423,0.02832256257534027,98.12037658691406,98.12040710449219,97.16773986816406,0.00395992211997509,0.3959922194480896,24.005931854248047,-24.005918502807617,0.018796293064951897,0.018795987591147423,0.02832256257534027,98.12037658691406,98.12040710449219,97.16773986816406,0.00395992211997509,0.3959922194480896,0.0
234,0,Vocal,5.554559230804443,-5.554558753967285,0.24373748898506165,0.24369966983795166,0.23772099614143372,75.62625122070312,75.63003540039062,76.2279052734375,0.21772311627864838,21.77231216430664,5.554559230804443,-5.554558753967285,0.24373748898506165,0.24369966983795166,0.23772099614143372,75.62625122070312,75.63003540039062,76.2279052734375,0.21772311627864838,21.77231216430664,0.0
234,1,Bass,20.169952392578125,-20.16994285583496,0.37754184007644653,0.37751755118370056,0.36795997619628906,62.24581527709961,62.24824142456055,63.204002380371094,0.009524649940431118,0.9524649977684021,20.169952392578125,-20.16994285583496,0.37754184007644653,0.37751755118370056,0.36795997619628906,62.24581527709961,62.24824142456055,63.204002380371094,0.009524649940431118,0.9524649977684021,0.0
234,2,Drums,32.05083465576172,-32.05075454711914,0.013419002294540405,0.013418675400316715,0.012607227079570293,98.65809631347656,98.65813446044922,98.7392807006836,0.0006232234300114214,0.06232234463095665,32.05083465576172,-32.05075454711914,0.013419002294540405,0.013418675400316715,0.012607227079570293,98.65809631347656,98.65813446044922,98.7392807006836,0.0006232234300114214,0.06232234463095665,0.0
235,0,Vocal,-8.298685073852539,8.298685073852539,0.12329114973545074,0.12327205389738083,0.12539154291152954,87.67088317871094,87.67279052734375,87.46084594726562,0.8711138367652893,87.11138153076172,-8.298685073852539,8.298685073852539,0.12329114973545074,0.12327205389738083,0.12539154291152954,87.67088317871094,87.67279052734375,87.46084594726562,0.8711138367652893,87.11138153076172,0.0
235,1,Bass,16.645801544189453,-16.64579200744629,0.026939386501908302,0.02693929150700569,0.0,97.30606079101562,97.30607604980469,100.0,0.021189410239458084,2.118941068649292,16.645801544189453,-16.64579200744629,0.026939386501908302,0.02693929150700569,0.0,97.30606079101562,97.30607604980469,100.0,0.021189410239458084,2.118941068649292,0.0
235,2,Drums,11.18391227722168,-11.183910369873047,0.010601473040878773,0.010601201094686985,0.01879272609949112,98.93985748291016,98.93988037109375,98.1207275390625,0.07075228542089462,7.075228691101074,11.18391227722168,-11.183910369873047,0.010601473040878773,0.010601201094686985,0.01879272609949112,98.93985748291016,98.93988037109375,98.1207275390625,0.07075228542089462,7.075228691101074,0.0
236,0,Vocal,15.861701965332031,-15.861698150634766,0.16621705889701843,0.1661781221628189,0.17158293724060059,83.37828826904297,83.38218688964844,82.84170532226562,0.025276195257902145,2.5276196002960205,15.861701965332031,-15.861698150634766,0.16621705889701843,0.1661781221628189,0.17158293724060059,83.37828826904297,83.38218688964844,82.84170532226562,0.025276195257902145,2.5276196002960205,0.0
236,1,Bass,20.4791259765625,-20.479122161865234,0.26542389392852783,0.26537731289863586,0.2913993000984192,73.45761108398438,73.46227264404297,70.86006927490234,0.008875994943082333,0.8875994682312012,20.4791259765625,-20.479122161865234,0.26542389392852783,0.26537731289863586,0.2913993000984192,73.45761108398438,73.46227264404297,70.86006927490234,0.008875994943082333,0.8875994682312012,0.0
236,2,Drums,23.456584930419922,-23.456554412841797,0.016480369493365288,0.016479743644595146,0.011896437034010887,98.35195922851562,98.3520278930664,98.81035614013672,0.0044914735481143,0.4491473436355591,23.456584930419922,-23.456554412841797,0.016480369493365288,0.016479743644595146,0.011896437034010887,98.35195922851562,98.3520278930664,98.81035614013672,0.0044914735481143,0.4491473436355591,0.0
237,0,Vocal,-9.117528915405273,9.117528915405273,0.11865600943565369,0.11865052580833435,0.11508356779813766,88.1343994140625,88.13494110107422,88.49164581298828,0.8908437490463257,89.0843734741211,-9.117528915405273,9.117528915405273,0.11865600943565369,0.11865052580833435,0.11508356779813766,88.1343994140625,88.13494110107422,88.49164581298828,0.8908437490463257,89.0843734741211,0.0
237,1,Bass,19.965126037597656,-19.965137481689453,0.06836023926734924,0.06835918128490448,0.08310440182685852,93.16397857666016,93.16407775878906,91.68955993652344,0.009980062954127789,0.998006284236908,19.965126037597656,-19.965137481689453,0.06836023926734924,0.06835918128490448,0.08310440182685852,93.16397857666016,93.16407775878906,91.68955993652344,0.009980062954127789,0.998006284236908,0.0
237,2,Drums,14.467530250549316,-14.467521667480469,0.031451888382434845,0.03145135939121246,0.049590788781642914,96.85481262207031,96.85486602783203,95.04092407226562,0.03451384976506233,3.451385021209717,14.467530250549316,-14.467521667480469,0.031451888382434845,0.03145135939121246,0.049590788781642914,96.85481262207031,96.85486602783203,95.04092407226562,0.03451384976506233,3.451385021209717,0.0
238,0,Vocal,-25.880706787109375,25.880706787109375,0.36111125349998474,0.36092522740364075,0.3779688775539398,63.88887023925781,63.90747833251953,62.20310974121094,0.9974247813224792,99.74247741699219,-25.880706787109375,25.880706787109375,0.36111125349998474,0.36092522740364075,0.3779688775539398,63.88887023925781,63.90747833251953,62.20310974121094,0.9974247813224792,99.74247741699219,0.0
238,1,Bass,32.21127700805664,-32.211307525634766,0.13751867413520813,0.13751250505447388,0.147981196641922,86.24813842773438,86.24874877929688,85.2018814086914,0.0006006421754136682,0.06006421893835068,32.21127700805664,-32.211307525634766,0.13751867413520813,0.13751250505447388,0.147981196641922,86.24813842773438,86.24874877929688,85.2018814086914,0.0006006421754136682,0.06006421893835068,0.0
238,2,Drums,23.210294723510742,-23.210304260253906,0.02329150028526783,0.023290827870368958,0.021273553371429443,97.67084503173828,97.6709213256836,97.87264251708984,0.004752269946038723,0.4752269983291626,23.210294723510742,-23.210304260253906,0.02329150028526783,0.023290827870368958,0.021273553371429443,97.67084503173828,97.6709213256836,97.87264251708984,0.004752269946038723,0.4752269983291626,0.0
239,0,Vocal,4.948657989501953,-4.948657512664795,0.14182375371456146,0.1418043076992035,0.14536139369010925,85.817626953125,85.81956481933594,85.46385955810547,0.2424175888299942,24.241758346557617,4.948657989501953,-4.948657512664795,0.14182375371456146,0.1418043076992035,0.14536139369010925,85.817626953125,85.81956481933594,85.46385955810547,0.2424175888299942,24.241758346557617,0.0
239,1,Bass,21.08490753173828,-21.084915161132812,0.18243196606636047,0.18241804838180542,0.19159087538719177,81.75680541992188,81.75819396972656,80.84091186523438,0.007729274686425924,0.772927463054657,21.08490753173828,-21.084915161132812,0.18243196606636047,0.18241804838180542,0.19159087538719177,81.75680541992188,81.75819396972656,80.84091186523438,0.007729274686425924,0.772927463054657,0.0
239,2,Drums,26.71297264099121,-26.712949752807617,0.01865694485604763,0.01865658164024353,0.017199663445353508,98.1343002319336,98.13433837890625,98.28003692626953,0.002127105137333274,0.21271051466464996,26.71297264099121,-26.712949752807617,0.01865694485604763,0.01865658164024353,0.017199663445353508,98.1343002319336,98.13433837890625,98.28003692626953,0.002127105137333274,0.21271051466464996,0.0
240,0,Vocal,22.888484954833984,-22.888500213623047,0.008519003167748451,0.008519002236425877,0.008205365389585495,99.14810180664062,99.14810180664062,99.1794662475586,0.005115911830216646,0.5115911960601807,22.888484954833984,-22.888500213623047,0.008519003167748451,0.008519002236425877,0.008205365389585495,99.14810180664062,99.14810180664062,99.1794662475586,0.005115911830216646,0.5115911960601807,0.0
240,1,Bass,21.705638885498047,-21.705636978149414,0.023655902594327927,0.023655887693166733,0.017200009897351265,97.63441467285156,97.63441467285156,98.27999877929688,0.006706802174448967,0.6706802248954773,21.705638885498047,-21.705636978149414,0.023655902594327927,0.023655887693166733,0.017200009897351265,97.63441467285156,97.63441467285156,98.27999877929688,0.006706802174448967,0.6706802248954773,0.0
240,2,Drums,26.9285945892334,-26.928646087646484,0.0017047690926119685,0.0017047689761966467,0.0,99.82952117919922,99.82952117919922,100.0,0.0020242079626768827,0.20242080092430115,26.9285945892334,-26.928646087646484,0.0017047690926119685,0.0017047689761966467,0.0,99.82952117919922,99.82952117919922,100.0,0.0020242079626768827,0.20242080092430115,0.0
241,0,Vocal,15.27426815032959,-15.274256706237793,0.006006178911775351,0.006006097421050072,0.0064425538294017315,99.39938354492188,99.3993911743164,99.35574340820312,0.02883155457675457,2.883155345916748,15.27426815032959,-15.274256706237793,0.006006178911775351,0.006006097421050072,0.0064425538294017315,99.39938354492188,99.3993911743164,99.35574340820312,0.02883155457675457,2.883155345916748,0.0
241,1,Bass,19.027910232543945,-19.027889251708984,0.013206669129431248,0.013206669129431248,0.03156043589115143,98.67933654785156,98.67933654785156,96.84395599365234,0.01235412061214447,1.2354121208190918,19.027910232543945,-19.027889251708984,0.013206669129431248,0.013206669129431248,0.03156043589115143,98.67933654785156,98.67933654785156,96.84395599365234,0.01235412061214447,1.2354121208190918,0.0
241,2,Drums,18.318950653076172,-18.318960189819336,0.004253377206623554,0.00425337627530098,0.0076747434213757515,99.57466125488281,99.57466125488281,99.2325210571289,0.014512945897877216,1.4512945413589478,18.318950653076172,-18.318960189819336,0.004253377206623554,0.00425337627530098,0.0076747434213757515,99.57466125488281,99.57466125488281,99.2325210571289,0.014512945897877216,1.4512945413589478,0.0
242,0,Vocal,16.81505584716797,-16.81505012512207,0.050297994166612625,0.050297994166612625,0.04539015144109726,94.97019958496094,94.97019958496094,95.46098327636719,0.020395958796143532,2.03959584236145,16.81505584716797,-16.81505012512207,0.050297994166612625,0.050297994166612625,0.04539015144109726,94.97019958496094,94.97019958496094,95.46098327636719,0.020395958796143532,2.03959584236145,0.0
242,1,Bass,18.034183502197266,-18.034164428710938,0.0667257159948349,0.06672543287277222,0.04571576789021492,93.32742309570312,93.32745361328125,95.42842864990234,0.015481268987059593,1.5481269359588623,18.034183502197266,-18.034164428710938,0.0667257159948349,0.06672543287277222,0.04571576789021492,93.32742309570312,93.32745361328125,95.42842864990234,0.015481268987059593,1.5481269359588623,0.0
242,2,Drums,27.217561721801758,-27.217561721801758,0.0003977058222517371,0.0003977058222517371,0.0,99.96023559570312,99.96023559570312,100.0,0.0018941505113616586,0.18941505253314972,27.217561721801758,-27.217561721801758,0.0003977058222517371,0.0003977058222517371,0.0,99.96023559570312,99.96023559570312,100.0,0.0018941505113616586,0.18941505253314972,0.0
243,0,Vocal,18.11351776123047,-18.113513946533203,0.06523619592189789,0.06523606926202774,0.06513786315917969,93.47637939453125,93.47639465332031,93.48621368408203,0.01520528644323349,1.5205286741256714,18.11351776123047,-18.113513946533203,0.06523619592189789,0.06523606926202774,0.06513786315917969,93.47637939453125,93.47639465332031,93.48621368408203,0.01520528644323349,1.5205286741256714,0.0
243,1,Bass,21.70793342590332,-21.707904815673828,0.08927253633737564,0.08927245438098907,0.08673670142889023,91.07274627685547,91.07275390625,91.32633209228516,0.006703285500407219,0.6703285574913025,21.70793342590332,-21.707904815673828,0.08927253633737564,0.08927245438098907,0.08673670142889023,91.07274627685547,91.07275390625,91.32633209228516,0.006703285500407219,0.6703285574913025,0.0
243,2,Drums,34.5070686340332,-34.506980895996094,0.0027640052139759064,0.0027640049811452627,0.004912162199616432,99.72360229492188,99.72360229492188,99.5087890625,0.0003541241749189794,0.035412415862083435,34.5070686340332,-34.506980895996094,0.0027640052139759064,0.0027640049811452627,0.004912162199616432,99.72360229492188,99.72360229492188,99.5087890625,0.0003541241749189794,0.035412415862083435,0.0
244,0,Vocal,19.602832794189453,-19.60287094116211,0.033992208540439606,0.03399218991398811,0.035912349820137024,96.60077667236328,96.60078430175781,96.40876770019531,0.010838835500180721,1.08388352394104,19.602832794189453,-19.60287094116211,0.033992208540439606,0.03399218991398811,0.035912349820137024,96.60077667236328,96.60078430175781,96.40876770019531,0.010838835500180721,1.08388352394104,0.0
244,1,Bass,13.661905288696289,-13.66189956665039,0.09702741354703903,0.09702712297439575,0.09985388815402985,90.29725646972656,90.29728698730469,90.01461029052734,0.04125829041004181,4.125829219818115,13.661905288696289,-13.66189956665039,0.09702741354703903,0.09702712297439575,0.09985388815402985,90.29725646972656,90.29728698730469,90.01461029052734,0.04125829041004181,4.125829219818115,0.0
244,2,Drums,32.23592758178711,-32.23571014404297,0.004885252099484205,0.004885251168161631,0.005506094545125961,99.511474609375,99.511474609375,99.44938659667969,0.0005972718936391175,0.05972718819975853,32.23592758178711,-32.23571014404297,0.004885252099484205,0.004885251168161631,0.005506094545125961,99.511474609375,99.511474609375,99.44938659667969,0.0005972718936391175,0.05972718819975853,0.0
245,0,Vocal,18.55124855041504,-18.55124282836914,0.014394601806998253,0.014394600875675678,0.013697739690542221,98.56053924560547,98.56053924560547,98.6302261352539,0.013767505995929241,1.3767505884170532,18.55124855041504,-18.55124282836914,0.014394601806998253,0.014394600875675678,0.013697739690542221,98.56053924560547,98.56053924560547,98.6302261352539,0.013767505995929241,1.3767505884170532,0.0
245,1,Bass,15.790186882019043,-15.790186882019043,0.04748352989554405,0.047483425587415695,0.04178527742624283,95.25164794921875,95.25165557861328,95.82147216796875,0.025685053318738937,2.56850528717041,15.790186882019043,-15.790186882019043,0.04748352989554405,0.047483425587415695,0.04178527742624283,95.25164794921875,95.25165557861328,95.82147216796875,0.025685053318738937,2.56850528717041,0.0
245,2,Drums,29.545616149902344,-29.545398712158203,0.0029573473148047924,0.0029573114588856697,0.004284201189875603,99.70426940917969,99.70426940917969,99.57157897949219,0.0011090913321822882,0.11090913414955139,29.545616149902344,-29.545398712158203,0.0029573473148047924,0.0029573114588856697,0.004284201189875603,99.70426940917969,99.70426940917969,99.57157897949219,0.0011090913321822882,0.11090913414955139,0.0
246,0,Vocal,11.889618873596191,-11.889616012573242,0.05476420372724533,0.054764021188020706,0.05618983879685402,94.5235824584961,94.52359771728516,94.38101959228516,0.0607859268784523,6.078592777252197,11.889618873596191,-11.889616012573242,0.05476420372724533,0.054764021188020706,0.05618983879685402,94.5235824584961,94.52359771728516,94.38101959228516,0.0607859268784523,6.078592777252197,0.0
246,1,Bass,23.61443519592285,-23.614421844482422,0.07004215568304062,0.0700417086482048,0.07128635793924332,92.99578857421875,92.9958267211914,92.8713607788086,0.00433184253051877,0.43318426609039307,23.61443519592285,-23.614421844482422,0.07004215568304062,0.0700417086482048,0.07128635793924332,92.99578857421875,92.9958267211914,92.8713607788086,0.00433184253051877,0.43318426609039307,0.0
246,2,Drums,22.093908309936523,-22.093887329101562,0.0012459602439776063,0.0012459543067961931,0.000751024519558996,99.87540435791016,99.87540435791016,99.92489624023438,0.006136739626526833,0.613673985004425,22.093908309936523,-22.093887329101562,0.0012459602439776063,0.0012459543067961931,0.000751024519558996,99.87540435791016,99.87540435791016,99.92489624023438,0.006136739626526833,0.613673985004425,0.0
247,0,Vocal,29.57280921936035,-29.57281494140625,0.015163564123213291,0.015163556672632694,0.01614287495613098,98.483642578125,98.483642578125,98.38571166992188,0.0011021395912393928,0.11021395772695541,29.57280921936035,-29.57281494140625,0.015163564123213291,0.015163556672632694,0.01614287495613098,98.483642578125,98.483642578125,98.38571166992188,0.0011021395912393928,0.11021395772695541,0.0
247,1,Bass,22.683452606201172,-22.683393478393555,0.039711326360702515,0.03971131891012192,0.045643314719200134,96.02886199951172,96.02886962890625,95.4356689453125,0.005361924413591623,0.5361924171447754,22.683452606201172,-22.683393478393555,0.039711326360702515,0.03971131891012192,0.045643314719200134,96.02886199951172,96.02886962890625,95.4356689453125,0.005361924413591623,0.5361924171447754,0.0
247,2,Drums,32.20481491088867,-32.2047004699707,0.002771068597212434,0.002771068597212434,0.0034258407540619373,99.72289276123047,99.72289276123047,99.65741729736328,0.0006015459657646716,0.06015459820628166,32.20481491088867,-32.2047004699707,0.002771068597212434,0.002771068597212434,0.0034258407540619373,99.72289276123047,99.72289276123047,99.65741729736328,0.0006015459657646716,0.06015459820628166,0.0
248,0,Vocal,24.3604679107666,-24.360456466674805,0.009630589745938778,0.009630589745938778,0.010157337412238121,99.03694152832031,99.03694152832031,98.98426818847656,0.0036505928728729486,0.3650592863559723,24.3604679107666,-24.360456466674805,0.009630589745938778,0.009630589745938778,0.010157337412238121,99.03694152832031,99.03694152832031,98.98426818847656,0.0036505928728729486,0.3650592863559723,0.0
248,1,Bass,11.394731521606445,-11.394730567932129,0.44344767928123474,0.4434303045272827,0.44843754172325134,55.65522766113281,55.6569709777832,55.15624237060547,0.06762649118900299,6.762649059295654,11.394731521606445,-11.394730567932129,0.44344767928123474,0.4434303045272827,0.44843754172325134,55.65522766113281,55.6569709777832,55.15624237060547,0.06762649118900299,6.762649059295654,0.0
248,2,Drums,33.84309005737305,-33.842689514160156,0.0017849779687821865,0.0017849777359515429,0.002312410855665803,99.82150268554688,99.82150268554688,99.76876068115234,0.0004126022395212203,0.04126022383570671,33.84309005737305,-33.842689514160156,0.0017849779687821865,0.0017849777359515429,0.002312410855665803,99.82150268554688,99.82150268554688,99.76876068115234,0.0004126022395212203,0.04126022383570671,0.0
249,0,Vocal,54.538665771484375,-54.46302032470703,0.005475183948874474,0.005475183948874474,0.005674510262906551,99.45248413085938,99.45248413085938,99.43254852294922,3.5439222756394884e-06,0.0003543922211974859,54.538665771484375,-54.46302032470703,0.005475183948874474,0.005475183948874474,0.005674510262906551,99.45248413085938,99.45248413085938,99.43254852294922,3.5439222756394884e-06,0.0003543922211974859,0.0
249,1,Bass,1.86897611618042,-1.8689762353897095,0.34940817952156067,0.34940817952156067,0.3553209602832794,65.05918884277344,65.05918884277344,64.46791076660156,0.39404332637786865,39.40433120727539,1.86897611618042,-1.8689762353897095,0.34940817952156067,0.34940817952156067,0.3553209602832794,65.05918884277344,65.05918884277344,64.46791076660156,0.39404332637786865,39.40433120727539,0.0
249,2,Drums,44.84342956542969,-44.84031295776367,0.0008631449309177697,0.0008631449309177697,0.0012316707288846374,99.91368865966797,99.91368865966797,99.8768310546875,3.2790783734526485e-05,0.003279078286141157,44.84342956542969,-44.84031295776367,0.0008631449309177697,0.0008631449309177697,0.0012316707288846374,99.91368865966797,99.91368865966797,99.8768310546875,3.2790783734526485e-05,0.003279078286141157,0.0
250,0,Vocal,24.750720977783203,-24.75088882446289,0.002612739335745573,0.0026127391029149294,0.0025149520952254534,99.73873138427734,99.73873138427734,99.74850463867188,0.0033378377556800842,0.3337837755680084,24.750720977783203,-24.75088882446289,0.002612739335745573,0.0026127391029149294,0.0025149520952254534,99.73873138427734,99.73873138427734,99.74850463867188,0.0033378377556800842,0.3337837755680084,0.0
250,1,Bass,17.856943130493164,-17.856948852539062,0.01214149035513401,0.01214149035513401,0.006075473967939615,98.78585052490234,98.78585052490234,99.39244842529297,0.016115698963403702,1.611569881439209,17.856943130493164,-17.856948852539062,0.01214149035513401,0.01214149035513401,0.006075473967939615,98.78585052490234,98.78585052490234,99.39244842529297,0.016115698963403702,1.611569881439209,0.0
250,2,Drums,22.637054443359375,-22.637073516845703,0.00022518110927194357,0.00022518110927194357,0.0017101174453273416,99.97747802734375,99.97747802734375,99.82898712158203,0.005419192370027304,0.5419192314147949,22.637054443359375,-22.637073516845703,0.00022518110927194357,0.00022518110927194357,0.0017101174453273416,99.97747802734375,99.97747802734375,99.82898712158203,0.005419192370027304,0.5419192314147949,0.0
251,0,Vocal,46.40378952026367,-46.4040412902832,0.0006758340168744326,0.0006758339004591107,0.0011495242360979319,99.93241119384766,99.93241119384766,99.88504791259766,2.2942012947169133e-05,0.0022942014038562775,46.40378952026367,-46.4040412902832,0.0006758340168744326,0.0006758339004591107,0.0011495242360979319,99.93241119384766,99.93241119384766,99.88504791259766,2.2942012947169133e-05,0.0022942014038562775,0.0
251,1,Bass,32.01194381713867,-32.01261520385742,0.004117427859455347,0.004117405042052269,0.0030774001497775316,99.5882568359375,99.5882568359375,99.6922607421875,0.0006287581636570394,0.06287581473588943,32.01194381713867,-32.01261520385742,0.004117427859455347,0.004117405042052269,0.0030774001497775316,99.5882568359375,99.5882568359375,99.6922607421875,0.0006287581636570394,0.06287581473588943,0.0
251,2,Drums,40.81981658935547,-40.817848205566406,0.001981658861041069,0.00198165699839592,0.0020812717266380787,99.80183410644531,99.80183410644531,99.7918701171875,8.281924237962812e-05,0.008281923830509186,40.81981658935547,-40.817848205566406,0.001981658861041069,0.00198165699839592,0.0020812717266380787,99.80183410644531,99.80183410644531,99.7918701171875,8.281924237962812e-05,0.008281923830509186,0.0
252,0,Vocal,31.067115783691406,-31.06707000732422,0.003113481681793928,0.00311348051764071,0.0033522015437483788,99.68865203857422,99.68865203857422,99.66477966308594,0.0007815841818228364,0.0781584158539772,31.067115783691406,-31.06707000732422,0.003113481681793928,0.00311348051764071,0.0033522015437483788,99.68865203857422,99.68865203857422,99.66477966308594,0.0007815841818228364,0.0781584158539772,0.0
252,1,Bass,27.316997528076172,-27.317031860351562,0.013336539268493652,0.013336514122784138,0.013411875814199448,98.66634368896484,98.66634368896484,98.6588134765625,0.0018514132825657725,0.18514132499694824,27.316997528076172,-27.317031860351562,0.013336539268493652,0.013336514122784138,0.013411875814199448,98.66634368896484,98.66634368896484,98.6588134765625,0.0018514132825657725,0.18514132499694824,0.0
252,2,Drums,33.77830123901367,-33.778472900390625,0.0075844768434762955,0.007584475912153721,0.00939759612083435,99.2415542602539,99.2415542602539,99.06023406982422,0.00041878505726344883,0.041878506541252136,33.77830123901367,-33.778472900390625,0.0075844768434762955,0.007584475912153721,0.00939759612083435,99.2415542602539,99.2415542602539,99.06023406982422,0.00041878505726344883,0.041878506541252136,0.0
253,0,Vocal,33.688941955566406,-33.68833541870117,0.002919521415606141,0.0029195211827754974,0.0036476976238191128,99.70805358886719,99.70805358886719,99.6352310180664,0.00042751632281579077,0.04275163263082504,33.688941955566406,-33.68833541870117,0.002919521415606141,0.0029195211827754974,0.0036476976238191128,99.70805358886719,99.70805358886719,99.6352310180664,0.00042751632281579077,0.04275163263082504,0.0
253,1,Bass,28.23928451538086,-28.239212036132812,0.02174987643957138,0.02174987643957138,0.01962568610906601,97.82501220703125,97.82501220703125,98.03742980957031,0.0014976912643760443,0.149769127368927,28.23928451538086,-28.239212036132812,0.02174987643957138,0.02174987643957138,0.01962568610906601,97.82501220703125,97.82501220703125,98.03742980957031,0.0014976912643760443,0.149769127368927,0.0
253,2,Drums,24.760303497314453,-24.7602481842041,0.005994237493723631,0.005994236562401056,0.002700640819966793,99.40057373046875,99.40057373046875,99.72993469238281,0.0033305927645415068,0.33305928111076355,24.760303497314453,-24.7602481842041,0.005994237493723631,0.005994236562401056,0.002700640819966793,99.40057373046875,99.40057373046875,99.72993469238281,0.0033305927645415068,0.33305928111076355,0.0
254,0,Vocal,54.118045806884766,-54.055572509765625,0.03332488611340523,0.03332488611340523,0.033562492579221725,96.66751098632812,96.66751098632812,96.64375305175781,3.8607681744906586e-06,0.00038607680471614003,54.118045806884766,-54.055572509765625,0.03332488611340523,0.03332488611340523,0.033562492579221725,96.66751098632812,96.66751098632812,96.64375305175781,3.8607681744906586e-06,0.00038607680471614003,0.0
254,1,Bass,31.653526306152344,-31.65350914001465,0.03262528404593468,0.03262528404593468,0.03528735786676407,96.73747253417969,96.73747253417969,96.47126007080078,0.0006829222547821701,0.06829222291707993,31.653526306152344,-31.65350914001465,0.03262528404593468,0.03262528404593468,0.03528735786676407,96.73747253417969,96.73747253417969,96.47126007080078,0.0006829222547821701,0.06829222291707993,0.0
254,2,Drums,17.254426956176758,-17.25442123413086,0.004273759201169014,0.004273758735507727,0.004220002796500921,99.57262420654297,99.57262420654297,99.5780029296875,0.018469801172614098,1.846980094909668,17.254426956176758,-17.25442123413086,0.004273759201169014,0.004273758735507727,0.004220002796500921,99.57262420654297,99.57262420654297,99.5780029296875,0.018469801172614098,1.846980094909668,0.0
255,0,Vocal,36.044761657714844,-36.04462814331055,0.001814452582038939,0.001814452582038939,0.00045584762119688094,99.81855773925781,99.81855773925781,99.95441436767578,0.0002485816949047148,0.02485816925764084,36.044761657714844,-36.04462814331055,0.001814452582038939,0.001814452582038939,0.00045584762119688094,99.81855773925781,99.81855773925781,99.95441436767578,0.0002485816949047148,0.02485816925764084,0.0
255,1,Bass,19.83831787109375,-19.83832359313965,0.017927663400769234,0.017927540466189384,0.013769487850368023,98.20723724365234,98.20724487304688,98.623046875,0.010272664949297905,1.027266502380371,19.83831787109375,-19.83832359313965,0.017927663400769234,0.017927540466189384,0.013769487850368023,98.20723724365234,98.20724487304688,98.623046875,0.010272664949297905,1.027266502380371,0.0
255,2,Drums,23.48464012145996,-23.48465347290039,0.003185748355463147,0.003185748355463147,0.0,99.68142700195312,99.68142700195312,100.0,0.004462677054107189,0.446267694234848,23.48464012145996,-23.48465347290039,0.003185748355463147,0.003185748355463147,0.0,99.68142700195312,99.68142700195312,100.0,0.004462677054107189,0.446267694234848,0.0
256,0,Vocal,27.530437469482422,-27.5302677154541,0.0014955982333049178,0.0014955982333049178,0.003474950324743986,99.8504409790039,99.8504409790039,99.65250396728516,0.0017627808265388012,0.17627808451652527,27.530437469482422,-27.5302677154541,0.0014955982333049178,0.0014955982333049178,0.003474950324743986,99.8504409790039,99.8504409790039,99.65250396728516,0.0017627808265388012,0.17627808451652527,0.0
256,1,Bass,20.701862335205078,-20.701854705810547,0.012993085198104382,0.012993085198104382,0.017885373905301094,98.70069122314453,98.70069122314453,98.21146392822266,0.008436004631221294,0.8436004519462585,20.701862335205078,-20.701854705810547,0.012993085198104382,0.012993085198104382,0.017885373905301094,98.70069122314453,98.70069122314453,98.21146392822266,0.008436004631221294,0.8436004519462585,0.0
256,2,Drums,24.84168815612793,-24.841678619384766,0.00011160485883010551,0.00011160482245031744,0.00045280143967829645,99.98884582519531,99.98884582519531,99.95471954345703,0.003268931992352009,0.3268932104110718,24.84168815612793,-24.841678619384766,0.00011160485883010551,0.00011160482245031744,0.00045280143967829645,99.98884582519531,99.98884582519531,99.95471954345703,0.003268931992352009,0.3268932104110718,0.0
257,0,Vocal,31.277996063232422,-31.277584075927734,0.000826339004561305,0.0008263385971076787,0.0015091300010681152,99.91736602783203,99.91736602783203,99.84909057617188,0.0007445428636856377,0.07445428520441055,31.277996063232422,-31.277584075927734,0.000826339004561305,0.0008263385971076787,0.0015091300010681152,99.91736602783203,99.91736602783203,99.84909057617188,0.0007445428636856377,0.07445428520441055,0.0
257,1,Bass,27.655946731567383,-27.65618324279785,0.009129824116826057,0.009129801765084267,0.011907397769391537,99.08702087402344,99.08702087402344,98.80925750732422,0.001712554250843823,0.171255424618721,27.655946731567383,-27.65618324279785,0.009129824116826057,0.009129801765084267,0.011907397769391537,99.08702087402344,99.08702087402344,98.80925750732422,0.001712554250843823,0.171255424618721,0.0
257,2,Drums,30.893932342529297,-30.89397430419922,0.004175679292529821,0.004175662528723478,0.007474088110029697,99.58243560791016,99.58243560791016,99.25259399414062,0.0008132914081215858,0.08132913708686829,30.893932342529297,-30.89397430419922,0.004175679292529821,0.004175662528723478,0.007474088110029697,99.58243560791016,99.58243560791016,99.25259399414062,0.0008132914081215858,0.08132913708686829,0.0
258,0,Vocal,30.481245040893555,-30.481246948242188,0.0003304955898784101,0.0003304948622826487,0.00036344712134450674,99.96694946289062,99.96694946289062,99.96365356445312,0.00089432013919577,0.0894320160150528,30.481245040893555,-30.481246948242188,0.0003304955898784101,0.0003304948622826487,0.00036344712134450674,99.96694946289062,99.96694946289062,99.96365356445312,0.00089432013919577,0.0894320160150528,0.0
258,1,Bass,20.753753662109375,-20.75371742248535,0.005942783784121275,0.005942781921476126,0.0035783553030341864,99.40572357177734,99.40572357177734,99.64216613769531,0.008336616680026054,0.833661675453186,20.753753662109375,-20.75371742248535,0.005942783784121275,0.005942781921476126,0.0035783553030341864,99.40572357177734,99.40572357177734,99.64216613769531,0.008336616680026054,0.833661675453186,0.0
258,2,Drums,20.10485076904297,-20.104848861694336,0.016000822186470032,0.016000717878341675,0.016999926418066025,98.39991760253906,98.3999252319336,98.30001068115234,0.009667140431702137,0.9667140245437622,20.10485076904297,-20.104848861694336,0.016000822186470032,0.016000717878341675,0.016999926418066025,98.39991760253906,98.3999252319336,98.30001068115234,0.009667140431702137,0.9667140245437622,0.0
259,0,Vocal,33.99575424194336,-33.99724578857422,0.0014425922418013215,0.0014425922418013215,0.0015447406331077218,99.8557357788086,99.8557357788086,99.84552764892578,0.0003982738417107612,0.0398273840546608,33.99575424194336,-33.99724578857422,0.0014425922418013215,0.0014425922418013215,0.0015447406331077218,99.8557357788086,99.8557357788086,99.84552764892578,0.0003982738417107612,0.0398273840546608,0.0
259,1,Bass,22.721721649169922,-22.721662521362305,0.011770178563892841,0.011770102195441723,0.012516281567513943,98.82298278808594,98.82299041748047,98.74837493896484,0.005315112881362438,0.5315113067626953,22.721721649169922,-22.721662521362305,0.011770178563892841,0.011770102195441723,0.012516281567513943,98.82298278808594,98.82299041748047,98.74837493896484,0.005315112881362438,0.5315113067626953,0.0
259,2,Drums,28.612632751464844,-28.61260414123535,0.005228128284215927,0.005228122696280479,0.006884600501507521,99.47718811035156,99.47718811035156,99.31153869628906,0.0013744833413511515,0.13744834065437317,28.612632751464844,-28.61260414123535,0.005228128284215927,0.005228122696280479,0.006884600501507521,99.47718811035156,99.47718811035156,99.31153869628906,0.0013744833413511515,0.13744834065437317,0.0
260,0,Vocal,31.191524505615234,-31.191633224487305,0.0023969062604010105,0.0023969055619090796,0.003594405483454466,99.76031494140625,99.76031494140625,99.64056396484375,0.0007595086353830993,0.07595086097717285,31.191524505615234,-31.191633224487305,0.0023969062604010105,0.0023969055619090796,0.003594405483454466,99.76031494140625,99.76031494140625,99.64056396484375,0.0007595086353830993,0.07595086097717285,0.0
260,1,Bass,20.66629409790039,-20.666284561157227,0.012868599966168404,0.012868591584265232,0.01967262476682663,98.71314239501953,98.71314239501953,98.0327377319336,0.008504791185259819,0.8504791259765625,20.66629409790039,-20.666284561157227,0.012868599966168404,0.012868591584265232,0.01967262476682663,98.71314239501953,98.71314239501953,98.0327377319336,0.008504791185259819,0.8504791259765625,0.0
260,2,Drums,24.853782653808594,-24.853778839111328,0.00011935724614886567,0.00011935724614886567,0.0004846264491789043,99.98806762695312,99.98806762695312,99.9515380859375,0.0032599028199911118,0.3259902894496918,24.853782653808594,-24.853778839111328,0.00011935724614886567,0.00011935724614886567,0.0004846264491789043,99.98806762695312,99.98806762695312,99.9515380859375,0.0032599028199911118,0.3259902894496918,0.0
261,0,Vocal,24.208765029907227,-24.208744049072266,0.0007501431973651052,0.0007501427899114788,0.0015439579728990793,99.92498779296875,99.92498779296875,99.8456039428711,0.003779907478019595,0.3779907524585724,24.208765029907227,-24.208744049072266,0.0007501431973651052,0.0007501427899114788,0.0015439579728990793,99.92498779296875,99.92498779296875,99.8456039428711,0.003779907478019595,0.3779907524585724,0.0
261,1,Bass,21.789274215698242,-21.789339065551758,0.01055685430765152,0.010556853376328945,0.010718680918216705,98.9443130493164,98.9443130493164,98.92813110351562,0.0065796817652881145,0.6579681634902954,21.789274215698242,-21.789339065551758,0.01055685430765152,0.010556853376328945,0.010718680918216705,98.9443130493164,98.9443130493164,98.92813110351562,0.0065796817652881145,0.6579681634902954,0.0
261,2,Drums,22.53963851928711,-22.53962516784668,0.0021171148400753736,0.0021171148400753736,0.004281495697796345,99.78829193115234,99.78829193115234,99.57184600830078,0.005541450809687376,0.554145097732544,22.53963851928711,-22.53962516784668,0.0021171148400753736,0.0021171148400753736,0.004281495697796345,99.78829193115234,99.78829193115234,99.57184600830078,0.005541450809687376,0.554145097732544,0.0
262,0,Vocal,34.81930160522461,-34.81951141357422,0.00020168792980257422,0.00020168792980257422,0.0,99.97982788085938,99.97982788085938,100.0,0.00032958260271698236,0.0329582616686821,34.81930160522461,-34.81951141357422,0.00020168792980257422,0.00020168792980257422,0.0,99.97982788085938,99.97982788085938,100.0,0.00032958260271698236,0.0329582616686821,0.0
262,1,Bass,23.810327529907227,-23.810272216796875,0.0008494138601236045,0.0008494115900248289,0.0053976913914084435,99.91505432128906,99.91505432128906,99.46023559570312,0.004141576588153839,0.4141576588153839,23.810327529907227,-23.810272216796875,0.0008494138601236045,0.0008494115900248289,0.0053976913914084435,99.91505432128906,99.91505432128906,99.46023559570312,0.004141576588153839,0.4141576588153839,0.0
262,2,Drums,26.048519134521484,-26.048503875732422,0.0078103248961269855,0.0078103248961269855,0.016762349754571915,99.21896362304688,99.21896362304688,98.32376098632812,0.002477854723110795,0.24778547883033752,26.048519134521484,-26.048503875732422,0.0078103248961269855,0.0078103248961269855,0.016762349754571915,99.21896362304688,99.21896362304688,98.32376098632812,0.002477854723110795,0.24778547883033752,0.0
263,0,Vocal,30.707801818847656,-30.707523345947266,0.0037288975436240435,0.003728896379470825,0.0047779325395822525,99.62710571289062,99.62711334228516,99.52220916748047,0.0008488805033266544,0.0848880484700203,30.707801818847656,-30.707523345947266,0.0037288975436240435,0.003728896379470825,0.0047779325395822525,99.62710571289062,99.62711334228516,99.52220916748047,0.0008488805033266544,0.0848880484700203,0.0
263,1,Bass,21.192319869995117,-21.192325592041016,0.010824060998857021,0.010824060998857021,0.012066369876265526,98.91759490966797,98.91759490966797,98.79336547851562,0.007541895378381014,0.7541895508766174,21.192319869995117,-21.192325592041016,0.010824060998857021,0.010824060998857021,0.012066369876265526,98.91759490966797,98.91759490966797,98.79336547851562,0.007541895378381014,0.7541895508766174,0.0
263,2,Drums,38.519309997558594,-38.51995849609375,0.0019002188928425312,0.0019002178451046348,0.0017451817402616143,99.80998229980469,99.80998229980469,99.82548522949219,0.00014062196714803576,0.01406219694763422,38.519309997558594,-38.51995849609375,0.0019002188928425312,0.0019002178451046348,0.0017451817402616143,99.80998229980469,99.80998229980469,99.82548522949219,0.00014062196714803576,0.01406219694763422,0.0
264,0,Vocal,24.381513595581055,-24.381505966186523,0.0022785940673202276,0.002278593135997653,0.0022252839989960194,99.77214050292969,99.77214050292969,99.77747344970703,0.0036330372095108032,0.3633037209510803,24.381513595581055,-24.381505966186523,0.0022785940673202276,0.002278593135997653,0.0022252839989960194,99.77214050292969,99.77214050292969,99.77747344970703,0.0036330372095108032,0.3633037209510803,0.0
264,1,Bass,24.184839248657227,-24.18480682373047,0.0030711833387613297,0.0030711640138179064,0.002916220808401704,99.69287872314453,99.69287872314453,99.70838165283203,0.003800675505772233,0.3800675570964813,24.184839248657227,-24.18480682373047,0.0030711833387613297,0.0030711640138179064,0.002916220808401704,99.69287872314453,99.69287872314453,99.70838165283203,0.003800675505772233,0.3800675570964813,0.0
264,2,Drums,31.38258171081543,-31.3825626373291,0.0007169907330535352,0.0007169906748458743,0.0,99.92829895019531,99.92829895019531,100.0,0.000726824626326561,0.0726824626326561,31.38258171081543,-31.3825626373291,0.0007169907330535352,0.0007169906748458743,0.0,99.92829895019531,99.92829895019531,100.0,0.000726824626326561,0.0726824626326561,0.0
265,0,Vocal,28.931224822998047,-28.93128204345703,0.01100474689155817,0.01100474689155817,0.011322423815727234,98.89952850341797,98.89952850341797,98.86775970458984,0.0012774077476933599,0.1277407705783844,28.931224822998047,-28.93128204345703,0.01100474689155817,0.01100474689155817,0.011322423815727234,98.89952850341797,98.89952850341797,98.86775970458984,0.0012774077476933599,0.1277407705783844,0.0
265,1,Bass,29.239990234375,-29.23990249633789,0.006558732595294714,0.006558683700859547,0.00995405949652195,99.34413146972656,99.34413146972656,99.00459289550781,0.0011898258235305548,0.11898258328437805,29.239990234375,-29.23990249633789,0.006558732595294714,0.006558683700859547,0.00995405949652195,99.34413146972656,99.34413146972656,99.00459289550781,0.0011898258235305548,0.11898258328437805,0.0
265,2,Drums,36.37919998168945,-36.3797492980957,0.0005041729309596121,0.0005041725817136467,0.0014584970194846392,99.94957733154297,99.94957733154297,99.8541488647461,0.0002301222993992269,0.023012230172753334,36.37919998168945,-36.3797492980957,0.0005041729309596121,0.0005041725817136467,0.0014584970194846392,99.94957733154297,99.94957733154297,99.8541488647461,0.0002301222993992269,0.023012230172753334,0.0
266,0,Vocal,23.690595626831055,-23.69061279296875,0.0014146271860226989,0.0014146269531920552,0.0016608559526503086,99.85853576660156,99.85853576660156,99.83390808105469,0.004256842657923698,0.42568427324295044,23.690595626831055,-23.69061279296875,0.0014146271860226989,0.0014146269531920552,0.0016608559526503086,99.85853576660156,99.85853576660156,99.83390808105469,0.004256842657923698,0.42568427324295044,0.0
266,1,Bass,27.66594886779785,-27.665912628173828,0.002478277077898383,0.0024782572872936726,0.003381820162758231,99.75216674804688,99.7521743774414,99.66181182861328,0.0017087258165702224,0.17087258398532867,27.66594886779785,-27.665912628173828,0.002478277077898383,0.0024782572872936726,0.003381820162758231,99.75216674804688,99.7521743774414,99.66181182861328,0.0017087258165702224,0.17087258398532867,0.0
266,2,Drums,28.136980056762695,-28.13704490661621,0.000257840845733881,0.000257840845733881,0.0036365382838994265,99.97421264648438,99.97421264648438,99.63634490966797,0.0015333011979237199,0.15333011746406555,28.136980056762695,-28.13704490661621,0.000257840845733881,0.000257840845733881,0.0036365382838994265,99.97421264648438,99.97421264648438,99.63634490966797,0.0015333011979237199,0.15333011746406555,0.0
267,0,Vocal,27.746204376220703,-27.7462215423584,0.004914965480566025,0.00491495942696929,0.005569180473685265,99.50850677490234,99.50850677490234,99.44308471679688,0.0016774852992966771,0.16774852573871613,27.746204376220703,-27.7462215423584,0.004914965480566025,0.00491495942696929,0.005569180473685265,99.50850677490234,99.50850677490234,99.44308471679688,0.0016774852992966771,0.16774852573871613,0.0
267,1,Bass,24.06101417541504,-24.061031341552734,0.0036972351372241974,0.0036972344387322664,0.0027842188719660044,99.63027954101562,99.63027954101562,99.7215805053711,0.003910209983587265,0.3910210132598877,24.06101417541504,-24.061031341552734,0.0036972351372241974,0.0036972344387322664,0.0027842188719660044,99.63027954101562,99.63027954101562,99.7215805053711,0.003910209983587265,0.3910210132598877,0.0
267,2,Drums,34.64374923706055,-34.64376449584961,0.002081786748021841,0.0020817862823605537,0.0017449172446504235,99.79181671142578,99.79181671142578,99.82550811767578,0.0003431687073316425,0.03431687131524086,34.64374923706055,-34.64376449584961,0.002081786748021841,0.0020817862823605537,0.0017449172446504235,99.79181671142578,99.79181671142578,99.82550811767578,0.0003431687073316425,0.03431687131524086,0.0
268,0,Vocal,30.668609619140625,-30.668411254882812,0.004555923864245415,0.004555923398584127,0.004998365417122841,99.54440307617188,99.54440307617188,99.50016021728516,0.0008565878961235285,0.08565878868103027,30.668609619140625,-30.668411254882812,0.004555923864245415,0.004555923398584127,0.004998365417122841,99.54440307617188,99.54440307617188,99.50016021728516,0.0008565878961235285,0.08565878868103027,0.0
268,1,Bass,30.534879684448242,-30.534832000732422,0.00602069403976202,0.006020691245794296,0.00694760587066412,99.39793395996094,99.39793395996094,99.30524444580078,0.0008833874017000198,0.08833874017000198,30.534879684448242,-30.534832000732422,0.00602069403976202,0.006020691245794296,0.00694760587066412,99.39793395996094,99.39793395996094,99.30524444580078,0.0008833874017000198,0.08833874017000198,0.0
268,2,Drums,40.05879211425781,-40.05899429321289,0.002135529415681958,0.0021355291828513145,0.0030201843474060297,99.78644561767578,99.78644561767578,99.69798278808594,9.861652506515384e-05,0.009861652739346027,40.05879211425781,-40.05899429321289,0.002135529415681958,0.0021355291828513145,0.0030201843474060297,99.78644561767578,99.78644561767578,99.69798278808594,9.861652506515384e-05,0.009861652739346027,0.0
269,0,Vocal,6.198409080505371,-6.198408603668213,0.28024280071258545,0.2802419066429138,0.29344746470451355,71.97572326660156,71.9758071899414,70.6552505493164,0.19352968037128448,19.352968215942383,6.198409080505371,-6.198408603668213,0.28024280071258545,0.2802419066429138,0.29344746470451355,71.97572326660156,71.9758071899414,70.6552505493164,0.19352968037128448,19.352968215942383,0.0
269,1,Bass,33.52662658691406,-33.52780532836914,0.006798921152949333,0.0067989155650138855,0.008092821575701237,99.32010650634766,99.32010650634766,99.19071960449219,0.000443699216702953,0.04436992108821869,33.52662658691406,-33.52780532836914,0.006798921152949333,0.0067989155650138855,0.008092821575701237,99.32010650634766,99.32010650634766,99.19071960449219,0.000443699216702953,0.04436992108821869,0.0
269,2,Drums,42.632755279541016,-42.63420104980469,0.0003854837850667536,0.0003854837850667536,0.0006529265083372593,99.96145629882812,99.96145629882812,99.93470764160156,5.4542910220334306e-05,0.005454291123896837,42.632755279541016,-42.63420104980469,0.0003854837850667536,0.0003854837850667536,0.0006529265083372593,99.96145629882812,99.96145629882812,99.93470764160156,5.4542910220334306e-05,0.005454291123896837,0.0
270,0,Vocal,19.929481506347656,-19.92949104309082,0.003052696119993925,0.0030526937916874886,0.002742740325629711,99.69473266601562,99.69473266601562,99.72572326660156,0.010061460547149181,1.0061460733413696,19.929481506347656,-19.92949104309082,0.003052696119993925,0.0030526937916874886,0.002742740325629711,99.69473266601562,99.69473266601562,99.72572326660156,0.010061460547149181,1.0061460733413696,0.0
270,1,Bass,21.0208740234375,-21.020824432373047,0.00758624542504549,0.00758624542504549,0.02245432697236538,99.24137878417969,99.24137878417969,97.75457000732422,0.007843244820833206,0.7843244671821594,21.0208740234375,-21.020824432373047,0.00758624542504549,0.00758624542504549,0.02245432697236538,99.24137878417969,99.24137878417969,97.75457000732422,0.007843244820833206,0.7843244671821594,0.0
270,2,Drums,31.899717330932617,-31.8996639251709,0.0010878911707550287,0.0010878911707550287,0.0028188726864755154,99.8912124633789,99.8912124633789,99.71810913085938,0.0006452664965763688,0.06452664732933044,31.899717330932617,-31.8996639251709,0.0010878911707550287,0.0010878911707550287,0.0028188726864755154,99.8912124633789,99.8912124633789,99.71810913085938,0.0006452664965763688,0.06452664732933044,0.0
271,0,Vocal,27.242279052734375,-27.24230194091797,0.007751961704343557,0.007751956582069397,0.00598484231159091,99.22480773925781,99.22480773925781,99.4015121459961,0.0018834428628906608,0.18834428489208221,27.242279052734375,-27.24230194091797,0.007751961704343557,0.007751956582069397,0.00598484231159091,99.22480773925781,99.22480773925781,99.4015121459961,0.0018834428628906608,0.18834428489208221,0.0
271,1,Bass,24.588645935058594,-24.588558197021484,0.006659449078142643,0.0066594406962394714,0.009022788144648075,99.33405303955078,99.33405303955078,99.09772491455078,0.003464427310973406,0.34644272923469543,24.588645935058594,-24.588558197021484,0.006659449078142643,0.0066594406962394714,0.009022788144648075,99.33405303955078,99.33405303955078,99.09772491455078,0.003464427310973406,0.34644272923469543,0.0
271,2,Drums,37.285396575927734,-37.28602600097656,0.0014826399274170399,0.0014826399274170399,0.0028994493186473846,99.85173034667969,99.85173034667969,99.71005249023438,0.00018682681547943503,0.018682681024074554,37.285396575927734,-37.28602600097656,0.0014826399274170399,0.0014826399274170399,0.0028994493186473846,99.85173034667969,99.85173034667969,99.71005249023438,0.00018682681547943503,0.018682681024074554,0.0
272,0,Vocal,25.748348236083984,-25.748327255249023,0.12681521475315094,0.12681519985198975,0.12740907073020935,87.3184814453125,87.3184814453125,87.25908660888672,0.002654691692441702,0.26546916365623474,25.748348236083984,-25.748327255249023,0.12681521475315094,0.12681519985198975,0.12740907073020935,87.3184814453125,87.3184814453125,87.25908660888672,0.002654691692441702,0.26546916365623474,0.0
272,1,Bass,10.247037887573242,-10.247039794921875,0.32300910353660583,0.32300910353660583,0.32279300689697266,67.69908905029297,67.69908905029297,67.720703125,0.08631614595651627,8.631614685058594,10.247037887573242,-10.247039794921875,0.32300910353660583,0.32300910353660583,0.32279300689697266,67.69908905029297,67.69908905029297,67.720703125,0.08631614595651627,8.631614685058594,0.0
272,2,Drums,36.120418548583984,-36.12059020996094,0.001588301151059568,0.0015883005689829588,0.002484111348167062,99.84117126464844,99.84117126464844,99.75159454345703,0.0002442750846967101,0.0244275089353323,36.120418548583984,-36.12059020996094,0.001588301151059568,0.0015883005689829588,0.002484111348167062,99.84117126464844,99.84117126464844,99.75159454345703,0.0002442750846967101,0.0244275089353323,0.0
273,0,Vocal,14.569548606872559,-14.569548606872559,0.16777679324150085,0.1677766740322113,0.16177894175052643,83.22232055664062,83.22232818603516,83.82210540771484,0.03373953327536583,3.373953342437744,14.569548606872559,-14.569548606872559,0.16777679324150085,0.1677766740322113,0.16177894175052643,83.22232055664062,83.22232818603516,83.82210540771484,0.03373953327536583,3.373953342437744,0.0
273,1,Bass,9.957181930541992,-9.957181930541992,0.41219958662986755,0.4121994078159332,0.4108300507068634,58.78003692626953,58.78006362915039,58.91699981689453,0.09172716736793518,9.172717094421387,9.957181930541992,-9.957181930541992,0.41219958662986755,0.4121994078159332,0.4108300507068634,58.78003692626953,58.78006362915039,58.91699981689453,0.09172716736793518,9.172717094421387,0.0
273,2,Drums,38.914188385009766,-38.91458511352539,0.0007562278769910336,0.000756227585952729,0.0011266283690929413,99.92437744140625,99.92437744140625,99.88733673095703,0.0001283762394450605,0.012837624177336693,38.914188385009766,-38.91458511352539,0.0007562278769910336,0.000756227585952729,0.0011266283690929413,99.92437744140625,99.92437744140625,99.88733673095703,0.0001283762394450605,0.012837624177336693,0.0
274,0,Vocal,14.8704833984375,-14.870481491088867,0.1465350091457367,0.1465350091457367,0.14593471586704254,85.34649658203125,85.34649658203125,85.40653228759766,0.03155209496617317,3.155209541320801,14.8704833984375,-14.870481491088867,0.1465350091457367,0.1465350091457367,0.14593471586704254,85.34649658203125,85.34649658203125,85.40653228759766,0.03155209496617317,3.155209541320801,0.0
274,1,Bass,5.111151218414307,-5.111150741577148,0.4101370871067047,0.4101370871067047,0.4072590172290802,58.98629379272461,58.98629379272461,59.27410125732422,0.23561261594295502,23.561262130737305,5.111151218414307,-5.111150741577148,0.4101370871067047,0.4101370871067047,0.4072590172290802,58.98629379272461,58.98629379272461,59.27410125732422,0.23561261594295502,23.561262130737305,0.0
274,2,Drums,42.743324279785156,-42.74337387084961,0.001115664024837315,0.001115664024837315,0.0015307302819564939,99.88843536376953,99.88843536376953,99.84693145751953,5.315427915775217e-05,0.0053154281340539455,42.743324279785156,-42.74337387084961,0.001115664024837315,0.001115664024837315,0.0015307302819564939,99.88843536376953,99.88843536376953,99.84693145751953,5.315427915775217e-05,0.0053154281340539455,0.0
275,0,Vocal,17.6075382232666,-17.6075439453125,0.08952908217906952,0.08952873945236206,0.08927261084318161,91.04708862304688,91.04712677001953,91.07273864746094,0.017052022740244865,1.7052022218704224,17.6075382232666,-17.6075439453125,0.08952908217906952,0.08952873945236206,0.08927261084318161,91.04708862304688,91.04712677001953,91.07273864746094,0.017052022740244865,1.7052022218704224,0.0
275,1,Bass,4.874691009521484,-4.874689102172852,0.41762128472328186,0.41761940717697144,0.4148220717906952,58.23787307739258,58.238059997558594,58.517791748046875,0.2455592006444931,24.555919647216797,4.874691009521484,-4.874689102172852,0.41762128472328186,0.41761940717697144,0.4148220717906952,58.23787307739258,58.238059997558594,58.517791748046875,0.2455592006444931,24.555919647216797,0.0
275,2,Drums,38.277591705322266,-38.277565002441406,0.0018510814988985658,0.0018510814988985658,0.0018315179040655494,99.81489562988281,99.81489562988281,99.81684875488281,0.00014867632125969976,0.01486763171851635,38.277591705322266,-38.277565002441406,0.0018510814988985658,0.0018510814988985658,0.0018315179040655494,99.81489562988281,99.81489562988281,99.81684875488281,0.00014867632125969976,0.01486763171851635,0.0
276,0,Vocal,17.617990493774414,-17.617977142333984,0.09039369225502014,0.09039368480443954,0.0928141325712204,90.96063232421875,90.96063232421875,90.71858215332031,0.01701180823147297,1.7011808156967163,17.617990493774414,-17.617977142333984,0.09039369225502014,0.09039368480443954,0.0928141325712204,90.96063232421875,90.96063232421875,90.71858215332031,0.01701180823147297,1.7011808156967163,0.0
276,1,Bass,5.683133125305176,-5.683135509490967,0.5522549748420715,0.5522536635398865,0.5739126205444336,44.77450180053711,44.774635314941406,42.60873794555664,0.21272292733192444,21.272293090820312,5.683133125305176,-5.683135509490967,0.5522549748420715,0.5522536635398865,0.5739126205444336,44.77450180053711,44.774635314941406,42.60873794555664,0.21272292733192444,21.272293090820312,0.0
276,2,Drums,36.123600006103516,-36.12303161621094,0.002348626498132944,0.002348626498132944,0.00026040099328383803,99.76513671875,99.76513671875,99.97396087646484,0.00024406785087194294,0.024406785145401955,36.123600006103516,-36.12303161621094,0.002348626498132944,0.002348626498132944,0.00026040099328383803,99.76513671875,99.76513671875,99.97396087646484,0.00024406785087194294,0.024406785145401955,0.0
277,0,Vocal,26.120004653930664,-26.11992645263672,0.0845799446105957,0.08457958698272705,0.08771710097789764,91.54200744628906,91.54203796386719,91.22828674316406,0.002437480026856065,0.2437480092048645,26.120004653930664,-26.11992645263672,0.0845799446105957,0.08457958698272705,0.08771710097789764,91.54200744628906,91.54203796386719,91.22828674316406,0.002437480026856065,0.2437480092048645,0.0
277,1,Bass,7.731886386871338,-7.731884956359863,0.3478076756000519,0.34778982400894165,0.3528999388217926,65.21923828125,65.22101593017578,64.71000671386719,0.14426209032535553,14.426209449768066,7.731886386871338,-7.731884956359863,0.3478076756000519,0.34778982400894165,0.3528999388217926,65.21923828125,65.22101593017578,64.71000671386719,0.14426209032535553,14.426209449768066,0.0
277,2,Drums,36.40289306640625,-36.402679443359375,0.003781957784667611,0.003781957319006324,0.004359990358352661,99.6218032836914,99.6218032836914,99.56400299072266,0.00022891235130373389,0.02289123460650444,36.40289306640625,-36.402679443359375,0.003781957784667611,0.003781957319006324,0.004359990358352661,99.6218032836914,99.6218032836914,99.56400299072266,0.00022891235130373389,0.02289123460650444,0.0
278,0,Vocal,12.527624130249023,-12.527633666992188,0.06411361694335938,0.06411361694335938,0.062070053070783615,93.58863830566406,93.58863830566406,93.7929916381836,0.05292043462395668,5.292043685913086,12.527624130249023,-12.527633666992188,0.06411361694335938,0.06411361694335938,0.062070053070783615,93.58863830566406,93.58863830566406,93.7929916381836,0.05292043462395668,5.292043685913086,0.0
278,1,Bass,7.108797550201416,-7.108797550201416,0.4719463288784027,0.47194522619247437,0.4823005497455597,52.805362701416016,52.805477142333984,51.76994705200195,0.1628926545381546,16.289264678955078,7.108797550201416,-7.108797550201416,0.4719463288784027,0.47194522619247437,0.4823005497455597,52.805362701416016,52.805477142333984,51.76994705200195,0.1628926545381546,16.289264678955078,0.0
278,2,Drums,28.837881088256836,-28.83782386779785,0.0002004807465709746,0.0002004807465709746,0.0005578863201662898,99.97994995117188,99.97994995117188,99.9442138671875,0.0013050974812358618,0.13050974905490875,28.837881088256836,-28.83782386779785,0.0002004807465709746,0.0002004807465709746,0.0005578863201662898,99.97994995117188,99.97994995117188,99.9442138671875,0.0013050974812358618,0.13050974905490875,0.0
279,0,Vocal,28.725540161132812,-28.72549057006836,0.08052810281515121,0.08052803575992584,0.08187254518270493,91.94718933105469,91.94719696044922,91.812744140625,0.0013392780674621463,0.13392780721187592,28.725540161132812,-28.72549057006836,0.08052810281515121,0.08052803575992584,0.08187254518270493,91.94718933105469,91.94719696044922,91.812744140625,0.0013392780674621463,0.13392780721187592,0.0
279,1,Bass,5.991419792175293,-5.991419792175293,0.3896924555301666,0.3896903693675995,0.41376036405563354,61.030757904052734,61.03096008300781,58.62396240234375,0.20107722282409668,20.107723236083984,5.991419792175293,-5.991419792175293,0.3896924555301666,0.3896903693675995,0.41376036405563354,61.030757904052734,61.03096008300781,58.62396240234375,0.20107722282409668,20.107723236083984,0.0
279,2,Drums,42.59965515136719,-42.59724426269531,0.0017010231968015432,0.001701022614724934,0.0019469565013423562,99.82990264892578,99.82990264892578,99.8052978515625,5.496832091012038e-05,0.005496832076460123,42.59965515136719,-42.59724426269531,0.0017010231968015432,0.001701022614724934,0.0019469565013423562,99.82990264892578,99.82990264892578,99.8052978515625,5.496832091012038e-05,0.005496832076460123,0.0
280,0,Vocal,23.95977783203125,-23.959781646728516,0.029382528737187386,0.029382504522800446,0.030027631670236588,97.0617446899414,97.0617446899414,96.99723815917969,0.004002053290605545,0.4002053141593933,23.95977783203125,-23.959781646728516,0.029382528737187386,0.029382504522800446,0.030027631670236588,97.0617446899414,97.0617446899414,96.99723815917969,0.004002053290605545,0.4002053141593933,0.0
280,1,Bass,28.080703735351562,-28.08067512512207,0.05773361027240753,0.05773293226957321,0.055093150585889816,94.22663879394531,94.2267074584961,94.49068450927734,0.0015532764373347163,0.15532764792442322,28.080703735351562,-28.08067512512207,0.05773361027240753,0.05773293226957321,0.055093150585889816,94.22663879394531,94.2267074584961,94.49068450927734,0.0015532764373347163,0.15532764792442322,0.0
280,2,Drums,20.889005661010742,-20.889007568359375,0.0034228579606860876,0.0034228574950248003,0.004525244701653719,99.65771484375,99.65771484375,99.54747772216797,0.008083063177764416,0.8083063364028931,20.889005661010742,-20.889007568359375,0.0034228579606860876,0.0034228574950248003,0.004525244701653719,99.65771484375,99.65771484375,99.54747772216797,0.008083063177764416,0.8083063364028931,0.0
281,0,Vocal,26.28147315979004,-26.281463623046875,0.016213413327932358,0.016213374212384224,0.018463358283042908,98.378662109375,98.378662109375,98.1536636352539,0.002348722890019417,0.23487228155136108,26.28147315979004,-26.281463623046875,0.016213413327932358,0.016213374212384224,0.018463358283042908,98.378662109375,98.378662109375,98.1536636352539,0.002348722890019417,0.23487228155136108,0.0
281,1,Bass,33.777061462402344,-33.77656173706055,0.07211875915527344,0.07211840897798538,0.0699424147605896,92.78812408447266,92.78816223144531,93.0057601928711,0.00041889521526172757,0.04188952222466469,33.777061462402344,-33.77656173706055,0.07211875915527344,0.07211840897798538,0.0699424147605896,92.78812408447266,92.78816223144531,93.0057601928711,0.00041889521526172757,0.04188952222466469,0.0
281,2,Drums,47.141666412353516,-47.13500213623047,0.0012070054654031992,0.00120700360275805,0.0013928008265793324,99.87930297851562,99.87930297851562,99.86072540283203,1.9313318261993118e-05,0.0019313318189233541,47.141666412353516,-47.13500213623047,0.0012070054654031992,0.00120700360275805,0.0013928008265793324,99.87930297851562,99.87930297851562,99.86072540283203,1.9313318261993118e-05,0.0019313318189233541,0.0
282,0,Vocal,21.877920150756836,-21.877906799316406,0.011990077793598175,0.0119900768622756,0.012321969494223595,98.80099487304688,98.80099487304688,98.76780700683594,0.006447636988013983,0.644763708114624,21.877920150756836,-21.877906799316406,0.011990077793598175,0.0119900768622756,0.012321969494223595,98.80099487304688,98.80099487304688,98.76780700683594,0.006447636988013983,0.644763708114624,0.0
282,1,Bass,14.849091529846191,-14.849091529846191,0.10649937391281128,0.10649862140417099,0.11139005422592163,89.35005950927734,89.35014343261719,88.86099243164062,0.031702931970357895,3.170293092727661,14.849091529846191,-14.849091529846191,0.10649937391281128,0.10649862140417099,0.11139005422592163,89.35005950927734,89.35014343261719,88.86099243164062,0.031702931970357895,3.170293092727661,0.0
282,2,Drums,26.588420867919922,-26.58843231201172,0.008059258572757244,0.00805925764143467,0.01088743470609188,99.19407653808594,99.19407653808594,98.9112548828125,0.0021887789480388165,0.2188778966665268,26.588420867919922,-26.58843231201172,0.008059258572757244,0.00805925764143467,0.01088743470609188,99.19407653808594,99.19407653808594,98.9112548828125,0.0021887789480388165,0.2188778966665268,0.0
283,0,Vocal,28.421146392822266,-28.421228408813477,0.00026969503960572183,0.00026969495229423046,0.001638453803025186,99.97303009033203,99.97303009033203,99.83615112304688,0.0014363699592649937,0.14363700151443481,28.421146392822266,-28.421228408813477,0.00026969503960572183,0.00026969495229423046,0.001638453803025186,99.97303009033203,99.97303009033203,99.83615112304688,0.0014363699592649937,0.14363700151443481,0.0
283,1,Bass,16.487468719482422,-16.487472534179688,0.003909202292561531,0.003909202292561531,0.0027148888912051916,99.60907745361328,99.60907745361328,99.728515625,0.021958868950605392,2.1958868503570557,16.487468719482422,-16.487472534179688,0.003909202292561531,0.003909202292561531,0.0027148888912051916,99.60907745361328,99.60907745361328,99.728515625,0.021958868950605392,2.1958868503570557,0.0
283,2,Drums,11.35958194732666,-11.359580993652344,0.010161549784243107,0.010161541402339935,0.018317347392439842,98.98384094238281,98.98384857177734,98.16826629638672,0.06813859939575195,6.813859939575195,11.35958194732666,-11.359580993652344,0.010161549784243107,0.010161541402339935,0.018317347392439842,98.98384094238281,98.98384857177734,98.16826629638672,0.06813859939575195,6.813859939575195,0.0
284,0,Vocal,23.862417221069336,-23.862438201904297,0.0028713257052004337,0.002871324773877859,0.003842246951535344,99.7128677368164,99.7128677368164,99.61577606201172,0.004092379938811064,0.40923798084259033,23.862417221069336,-23.862438201904297,0.0028713257052004337,0.002871324773877859,0.003842246951535344,99.7128677368164,99.7128677368164,99.61577606201172,0.004092379938811064,0.40923798084259033,0.0
284,1,Bass,17.42816734313965,-17.42815399169922,0.03914712369441986,0.039147112518548965,0.032651785761117935,96.08528900146484,96.08528900146484,96.73482513427734,0.017758313566446304,1.7758313417434692,17.42816734313965,-17.42815399169922,0.03914712369441986,0.039147112518548965,0.032651785761117935,96.08528900146484,96.08528900146484,96.73482513427734,0.017758313566446304,1.7758313417434692,0.0
284,2,Drums,27.018314361572266,-27.018281936645508,0.010694148950278759,0.010694148018956184,0.010446586646139622,98.93058776855469,98.93058776855469,98.95533752441406,0.001982948277145624,0.19829483330249786,27.018314361572266,-27.018281936645508,0.010694148950278759,0.010694148018956184,0.010446586646139622,98.93058776855469,98.93058776855469,98.95533752441406,0.001982948277145624,0.19829483330249786,0.0
285,0,Vocal,35.28847122192383,-35.2883186340332,0.02210528962314129,0.02210528776049614,0.023175857961177826,97.78947448730469,97.78947448730469,97.68241882324219,0.0002958046388812363,0.029580464586615562,35.28847122192383,-35.2883186340332,0.02210528962314129,0.02210528776049614,0.023175857961177826,97.78947448730469,97.78947448730469,97.68241882324219,0.0002958046388812363,0.029580464586615562,0.0
285,1,Bass,16.754047393798828,-16.754043579101562,0.07823404669761658,0.07823403924703598,0.08924634009599686,92.17658996582031,92.17659759521484,91.07536315917969,0.020678604021668434,2.0678603649139404,16.754047393798828,-16.754043579101562,0.07823404669761658,0.07823403924703598,0.08924634009599686,92.17658996582031,92.17659759521484,91.07536315917969,0.020678604021668434,2.0678603649139404,0.0
285,2,Drums,25.61992645263672,-25.619956970214844,0.003057420253753662,0.003057419788092375,0.0,99.69425964355469,99.69425964355469,100.0,0.0027341011445969343,0.2734101116657257,25.61992645263672,-25.619956970214844,0.003057420253753662,0.003057419788092375,0.0,99.69425964355469,99.69425964355469,100.0,0.0027341011445969343,0.2734101116657257,0.0
286,0,Vocal,36.16516876220703,-36.16542434692383,0.022877832874655724,0.022877832874655724,0.024824639782309532,97.71221923828125,97.71221923828125,97.51753997802734,0.0002417921496089548,0.024179214611649513,36.16516876220703,-36.16542434692383,0.022877832874655724,0.022877832874655724,0.024824639782309532,97.71221923828125,97.71221923828125,97.51753997802734,0.0002417921496089548,0.024179214611649513,0.0
286,1,Bass,17.031461715698242,-17.031455993652344,0.13572879135608673,0.13572879135608673,0.13284331560134888,86.4271240234375,86.4271240234375,86.71566772460938,0.019423842430114746,1.9423842430114746,17.031461715698242,-17.031455993652344,0.13572879135608673,0.13572879135608673,0.13284331560134888,86.4271240234375,86.4271240234375,86.71566772460938,0.019423842430114746,1.9423842430114746,0.0
286,2,Drums,38.04035949707031,-38.03958511352539,0.0027369793970137835,0.00273697916418314,0.004796403925865889,99.72630310058594,99.72630310058594,99.5203628540039,0.00015700928634032607,0.01570092886686325,38.04035949707031,-38.03958511352539,0.0027369793970137835,0.00273697916418314,0.004796403925865889,99.72630310058594,99.72630310058594,99.5203628540039,0.00015700928634032607,0.01570092886686325,0.0
287,0,Vocal,31.478435516357422,-31.47829818725586,0.019645314663648605,0.019645243883132935,0.020308610051870346,98.03546905517578,98.03547668457031,97.9691390991211,0.0007109589641913772,0.07109589874744415,31.478435516357422,-31.47829818725586,0.019645314663648605,0.019645243883132935,0.020308610051870346,98.03546905517578,98.03547668457031,97.9691390991211,0.0007109589641913772,0.07109589874744415,0.0
287,1,Bass,12.420663833618164,-12.420660018920898,0.14567828178405762,0.14567707479000092,0.1590319722890854,85.43217468261719,85.43228912353516,84.0968017578125,0.054168593138456345,5.416859149932861,12.420663833618164,-12.420660018920898,0.14567828178405762,0.14567707479000092,0.1590319722890854,85.43217468261719,85.43228912353516,84.0968017578125,0.054168593138456345,5.416859149932861,0.0
287,2,Drums,35.056678771972656,-35.056148529052734,0.0025690936017781496,0.0025690924376249313,0.003140711458399892,99.74309539794922,99.74309539794922,99.68592834472656,0.00031204140395857394,0.031204139813780785,35.056678771972656,-35.056148529052734,0.0025690936017781496,0.0025690924376249313,0.003140711458399892,99.74309539794922,99.74309539794922,99.68592834472656,0.00031204140395857394,0.031204139813780785,0.0
288,0,Vocal,16.823434829711914,-16.82343864440918,0.020377781242132187,0.02037777379155159,0.016582870855927467,97.96222686767578,97.96222686767578,98.34171295166016,0.020357470959424973,2.0357470512390137,16.823434829711914,-16.82343864440918,0.020377781242132187,0.02037777379155159,0.016582870855927467,97.96222686767578,97.96222686767578,98.34171295166016,0.020357470959424973,2.0357470512390137,0.0
288,1,Bass,29.505613327026367,-29.50558853149414,0.019997941330075264,0.019997941330075264,0.015059681609272957,98.00020599365234,98.00020599365234,98.49402618408203,0.0011193148093298078,0.11193148046731949,29.505613327026367,-29.50558853149414,0.019997941330075264,0.019997941330075264,0.015059681609272957,98.00020599365234,98.00020599365234,98.49402618408203,0.0011193148093298078,0.11193148046731949,0.0
288,2,Drums,34.93475341796875,-34.93492889404297,0.0071075609885156155,0.007107560522854328,0.0057426742278039455,99.28924560546875,99.28924560546875,99.42573547363281,0.00032092983019538224,0.03209298476576805,34.93475341796875,-34.93492889404297,0.0071075609885156155,0.007107560522854328,0.0057426742278039455,99.28924560546875,99.28924560546875,99.42573547363281,0.00032092983019538224,0.03209298476576805,0.0
289,0,Vocal,23.9251708984375,-23.925167083740234,0.011621038429439068,0.011621038429439068,0.0,98.837890625,98.837890625,100.0,0.004033937584608793,0.4033937454223633,23.9251708984375,-23.925167083740234,0.011621038429439068,0.011621038429439068,0.0,98.837890625,98.837890625,100.0,0.004033937584608793,0.4033937454223633,0.0
289,1,Bass,32.477577209472656,-32.477725982666016,0.0075364140793681145,0.007536404766142368,0.021970095112919807,99.2463607788086,99.2463607788086,97.80299377441406,0.0005649005179293454,0.05649005249142647,32.477577209472656,-32.477725982666016,0.0075364140793681145,0.007536404766142368,0.021970095112919807,99.2463607788086,99.2463607788086,97.80299377441406,0.0005649005179293454,0.05649005249142647,0.0
289,2,Drums,29.521617889404297,-29.521480560302734,0.0007552634924650192,0.0007552634924650192,0.0,99.92447662353516,99.92447662353516,100.0,0.0011152010411024094,0.11152010411024094,29.521617889404297,-29.521480560302734,0.0007552634924650192,0.0007552634924650192,0.0,99.92447662353516,99.92447662353516,100.0,0.0011152010411024094,0.11152010411024094,0.0
290,0,Vocal,21.444711685180664,-21.444717407226562,0.006894657388329506,0.006894655991345644,0.006485839374363422,99.31053161621094,99.31053161621094,99.3514175415039,0.007119099609553814,0.7119099497795105,21.444711685180664,-21.444717407226562,0.006894657388329506,0.006894655991345644,0.006485839374363422,99.31053161621094,99.31053161621094,99.3514175415039,0.007119099609553814,0.7119099497795105,0.0
290,1,Bass,16.48542022705078,-16.485414505004883,0.045716580003499985,0.045716412365436554,0.05613427609205246,95.4283447265625,95.42835998535156,94.3865737915039,0.021969009190797806,2.1969008445739746,16.48542022705078,-16.485414505004883,0.045716580003499985,0.045716412365436554,0.05613427609205246,95.4283447265625,95.42835998535156,94.3865737915039,0.021969009190797806,2.1969008445739746,0.0
290,2,Drums,23.05866050720215,-23.058635711669922,2.1766372810816392e-05,2.1766198187833652e-05,0.00012875846005044878,99.9978256225586,99.9978256225586,99.98712158203125,0.00492035923525691,0.4920359253883362,23.05866050720215,-23.058635711669922,2.1766372810816392e-05,2.1766198187833652e-05,0.00012875846005044878,99.9978256225586,99.9978256225586,99.98712158203125,0.00492035923525691,0.4920359253883362,0.0
291,0,Vocal,25.656536102294922,-25.656526565551758,0.007716229651123285,0.007716228254139423,0.008539981208741665,99.22837829589844,99.22837829589844,99.14600372314453,0.0027112397365272045,0.2711239755153656,25.656536102294922,-25.656526565551758,0.007716229651123285,0.007716228254139423,0.008539981208741665,99.22837829589844,99.22837829589844,99.14600372314453,0.0027112397365272045,0.2711239755153656,0.0
291,1,Bass,24.784622192382812,-24.784637451171875,0.02405821718275547,0.02405809983611107,0.047993019223213196,97.59417724609375,97.59419250488281,95.20069885253906,0.0033120561856776476,0.3312056064605713,24.784622192382812,-24.784637451171875,0.02405821718275547,0.02405809983611107,0.047993019223213196,97.59417724609375,97.59419250488281,95.20069885253906,0.0033120561856776476,0.3312056064605713,0.0
291,2,Drums,26.393030166625977,-26.39299201965332,0.00398577656596899,0.003985776100307703,0.0033703939989209175,99.60142517089844,99.60142517089844,99.66295623779297,0.0022893103305250406,0.22893103957176208,26.393030166625977,-26.39299201965332,0.00398577656596899,0.003985776100307703,0.0033703939989209175,99.60142517089844,99.60142517089844,99.66295623779297,0.0022893103305250406,0.22893103957176208,0.0
292,0,Vocal,17.270334243774414,-17.27033805847168,0.01227800827473402,0.01227798406034708,0.014070631936192513,98.77220153808594,98.77220153808594,98.59293365478516,0.018403438851237297,1.8403438329696655,17.270334243774414,-17.27033805847168,0.01227800827473402,0.01227798406034708,0.014070631936192513,98.77220153808594,98.77220153808594,98.59293365478516,0.018403438851237297,1.8403438329696655,0.0
292,1,Bass,25.344642639160156,-25.344680786132812,0.04020366445183754,0.04020366445183754,0.03232787176966667,95.97962951660156,95.97962951660156,96.7672119140625,0.002912517637014389,0.2912517786026001,25.344642639160156,-25.344680786132812,0.04020366445183754,0.04020366445183754,0.03232787176966667,95.97962951660156,95.97962951660156,96.7672119140625,0.002912517637014389,0.2912517786026001,0.0
292,2,Drums,20.36746597290039,-20.367446899414062,0.0012976301368325949,0.0012976299040019512,0.0007119383662939072,99.87023162841797,99.87023162841797,99.9288101196289,0.009105042554438114,0.9105042815208435,20.36746597290039,-20.367446899414062,0.0012976301368325949,0.0012976299040019512,0.0007119383662939072,99.87023162841797,99.87023162841797,99.9288101196289,0.009105042554438114,0.9105042815208435,0.0
293,0,Vocal,19.350696563720703,-19.35070037841797,0.008501403033733368,0.008501401171088219,0.01136829610913992,99.14985656738281,99.14985656738281,98.86317443847656,0.011479348875582218,1.147934913635254,19.350696563720703,-19.35070037841797,0.008501403033733368,0.008501401171088219,0.01136829610913992,99.14985656738281,99.14985656738281,98.86317443847656,0.011479348875582218,1.147934913635254,0.0
293,1,Bass,29.057626724243164,-29.057722091674805,0.024225646629929543,0.024225575849413872,0.009298382326960564,97.57743835449219,97.57743835449219,99.07015991210938,0.0012408015318214893,0.12408015131950378,29.057626724243164,-29.057722091674805,0.024225646629929543,0.024225575849413872,0.009298382326960564,97.57743835449219,97.57743835449219,99.07015991210938,0.0012408015318214893,0.12408015131950378,0.0
293,2,Drums,23.239343643188477,-23.239322662353516,0.003397054271772504,0.0033970437943935394,0.0005318511975929141,99.66029357910156,99.66029357910156,99.94681549072266,0.00472080335021019,0.4720803499221802,23.239343643188477,-23.239322662353516,0.003397054271772504,0.0033970437943935394,0.0005318511975929141,99.66029357910156,99.66029357910156,99.94681549072266,0.00472080335021019,0.4720803499221802,0.0
294,0,Vocal,15.30909538269043,-15.30909538269043,0.014351899735629559,0.014351898804306984,0.0,98.56481170654297,98.56481170654297,100.0,0.02860790491104126,2.860790491104126,15.30909538269043,-15.30909538269043,0.014351899735629559,0.014351898804306984,0.0,98.56481170654297,98.56481170654297,100.0,0.02860790491104126,2.860790491104126,0.0
294,1,Bass,22.768535614013672,-22.76862144470215,0.01101547759026289,0.01101547759026289,0.0,98.89845275878906,98.89845275878906,100.0,0.005258380901068449,0.5258380770683289,22.768535614013672,-22.76862144470215,0.01101547759026289,0.01101547759026289,0.0,98.89845275878906,98.89845275878906,100.0,0.005258380901068449,0.5258380770683289,0.0
294,2,Drums,24.75259017944336,-24.752588272094727,0.0006647288100793958,0.0006647258996963501,0.0,99.93353271484375,99.93353271484375,100.0,0.0033365089911967516,0.3336508870124817,24.75259017944336,-24.752588272094727,0.0006647288100793958,0.0006647258996963501,0.0,99.93353271484375,99.93353271484375,100.0,0.0033365089911967516,0.3336508870124817,0.0
295,0,Vocal,21.116134643554688,-21.116140365600586,0.014569000340998173,0.014568997547030449,0.028720518574118614,98.54309844970703,98.54309844970703,97.1279525756836,0.007674310356378555,0.7674310207366943,21.116134643554688,-21.116140365600586,0.014569000340998173,0.014568997547030449,0.028720518574118614,98.54309844970703,98.54309844970703,97.1279525756836,0.007674310356378555,0.7674310207366943,0.0
295,1,Bass,25.219863891601562,-25.219877243041992,0.0087041724473238,0.008704165928065777,0.01813480257987976,99.12957763671875,99.12957763671875,98.18651580810547,0.0029971806798130274,0.29971808195114136,25.219863891601562,-25.219877243041992,0.0087041724473238,0.008704165928065777,0.01813480257987976,99.12957763671875,99.12957763671875,98.18651580810547,0.0029971806798130274,0.29971808195114136,0.0
295,2,Drums,28.009681701660156,-28.009693145751953,0.0004430859407875687,0.00044308562064543366,0.0,99.9556884765625,99.9556884765625,100.0,0.0015788397286087275,0.15788397192955017,28.009681701660156,-28.009693145751953,0.0004430859407875687,0.00044308562064543366,0.0,99.9556884765625,99.9556884765625,100.0,0.0015788397286087275,0.15788397192955017,0.0
296,0,Vocal,6.122769832611084,-6.122768402099609,0.1771286129951477,0.17712759971618652,0.17908258736133575,82.28713989257812,82.28723907470703,82.09174346923828,0.19626249372959137,19.626249313354492,6.122769832611084,-6.122768402099609,0.1771286129951477,0.17712759971618652,0.17908258736133575,82.28713989257812,82.28723907470703,82.09174346923828,0.19626249372959137,19.626249313354492,0.0
296,1,Bass,26.621612548828125,-26.621572494506836,0.03361119329929352,0.03361118584871292,0.046791110187768936,96.63888549804688,96.63888549804688,95.32088470458984,0.0021721620578318834,0.21721620857715607,26.621612548828125,-26.621572494506836,0.03361119329929352,0.03361118584871292,0.046791110187768936,96.63888549804688,96.63888549804688,95.32088470458984,0.0021721620578318834,0.21721620857715607,0.0
296,2,Drums,43.32048797607422,-43.320980072021484,0.0028521702624857426,0.0028520701453089714,0.003124103182926774,99.71478271484375,99.71479034423828,99.68759155273438,4.653586802305654e-05,0.004653587006032467,43.32048797607422,-43.320980072021484,0.0028521702624857426,0.0028520701453089714,0.003124103182926774,99.71478271484375,99.71479034423828,99.68759155273438,4.653586802305654e-05,0.004653587006032467,0.0
297,0,Vocal,13.59033203125,-13.590324401855469,0.31738871335983276,0.31738871335983276,0.3169623613357544,68.2611312866211,68.2611312866211,68.30376434326172,0.041915163397789,4.191516399383545,13.59033203125,-13.590324401855469,0.31738871335983276,0.31738871335983276,0.3169623613357544,68.2611312866211,68.2611312866211,68.30376434326172,0.041915163397789,4.191516399383545,0.0
297,1,Bass,30.570812225341797,-30.57027816772461,0.029712041839957237,0.029711998999118805,0.03302672877907753,97.02880096435547,97.02880096435547,96.69732666015625,0.00087611103663221,0.08761110156774521,30.570812225341797,-30.57027816772461,0.029712041839957237,0.029711998999118805,0.03302672877907753,97.02880096435547,97.02880096435547,96.69732666015625,0.00087611103663221,0.08761110156774521,0.0
297,2,Drums,12.47305965423584,-12.473058700561523,0.002926507033407688,0.0029264898039400578,0.009968075901269913,99.70734405517578,99.70735168457031,99.00318908691406,0.05355381220579147,5.355381011962891,12.47305965423584,-12.473058700561523,0.002926507033407688,0.0029264898039400578,0.009968075901269913,99.70734405517578,99.70735168457031,99.00318908691406,0.05355381220579147,5.355381011962891,0.0
298,0,Vocal,5.345597267150879,-5.345596790313721,0.02641713246703148,0.026417121291160583,0.025846710428595543,97.35828399658203,97.35828399658203,97.41532897949219,0.22602936625480652,22.602935791015625,5.345597267150879,-5.345596790313721,0.02641713246703148,0.026417121291160583,0.025846710428595543,97.35828399658203,97.35828399658203,97.41532897949219,0.22602936625480652,22.602935791015625,0.0
298,1,Bass,31.876895904541016,-31.876689910888672,0.032098591327667236,0.03209858760237694,0.034766603261232376,96.7901382446289,96.7901382446289,96.5233383178711,0.0006487194332294166,0.06487194448709488,31.876895904541016,-31.876689910888672,0.032098591327667236,0.03209858760237694,0.034766603261232376,96.7901382446289,96.7901382446289,96.5233383178711,0.0006487194332294166,0.06487194448709488,0.0
298,2,Drums,12.855522155761719,-12.855518341064453,0.0030252556316554546,0.0030252505093812943,0.004671252332627773,99.69747924804688,99.69747924804688,99.53287506103516,0.04926164820790291,4.926164627075195,12.855522155761719,-12.855518341064453,0.0030252556316554546,0.0030252505093812943,0.004671252332627773,99.69747924804688,99.69747924804688,99.53287506103516,0.04926164820790291,4.926164627075195,0.0
299,0,Vocal,5.292815685272217,-5.292815208435059,0.02902963198721409,0.02902960777282715,0.02935703471302986,97.09703826904297,97.09703826904297,97.06430053710938,0.22816255688667297,22.816255569458008,5.292815685272217,-5.292815208435059,0.02902963198721409,0.02902960777282715,0.02935703471302986,97.09703826904297,97.09703826904297,97.06430053710938,0.22816255688667297,22.816255569458008,0.0
299,1,Bass,26.50320816040039,-26.503211975097656,0.036440491676330566,0.03644048795104027,0.04127399995923042,96.35594940185547,96.35594940185547,95.87259674072266,0.00223210989497602,0.22321099042892456,26.50320816040039,-26.503211975097656,0.036440491676330566,0.03644048795104027,0.04127399995923042,96.35594940185547,96.35594940185547,95.87259674072266,0.00223210989497602,0.22321099042892456,0.0
299,2,Drums,13.326330184936523,-13.326324462890625,0.002649742178618908,0.0026497412472963333,0.005998147185891867,99.73503112792969,99.73503112792969,99.40018463134766,0.04442545026540756,4.442544937133789,13.326330184936523,-13.326324462890625,0.002649742178618908,0.0026497412472963333,0.005998147185891867,99.73503112792969,99.73503112792969,99.40018463134766,0.04442545026540756,4.442544937133789,0.0
300,0,Vocal,15.256009101867676,-15.256010055541992,0.0115771209821105,0.011577032506465912,0.01115676574409008,98.84228515625,98.84230041503906,98.88432312011719,0.028949521481990814,2.8949520587921143,15.256009101867676,-15.256010055541992,0.0115771209821105,0.011577032506465912,0.01115676574409008,98.84228515625,98.84230041503906,98.88432312011719,0.028949521481990814,2.8949520587921143,0.0
300,1,Bass,25.91678810119629,-25.916807174682617,0.041777435690164566,0.04177625849843025,0.041884370148181915,95.82225799560547,95.82237243652344,95.81156158447266,0.002553915372118354,0.25539153814315796,25.91678810119629,-25.916807174682617,0.041777435690164566,0.04177625849843025,0.041884370148181915,95.82225799560547,95.82237243652344,95.81156158447266,0.002553915372118354,0.25539153814315796,0.0
300,2,Drums,16.402132034301758,-16.402132034301758,0.001839101198129356,0.0018391003832221031,0.0022887650411576033,99.81609344482422,99.81609344482422,99.77112579345703,0.022384919226169586,2.238492012023926,16.402132034301758,-16.402132034301758,0.001839101198129356,0.0018391003832221031,0.0022887650411576033,99.81609344482422,99.81609344482422,99.77112579345703,0.022384919226169586,2.238492012023926,0.0
301,0,Vocal,18.669084548950195,-18.6690731048584,0.012251042760908604,0.012251039035618305,0.011794972233474255,98.77489471435547,98.77489471435547,98.82050323486328,0.013403929769992828,1.3403929471969604,18.669084548950195,-18.6690731048584,0.012251042760908604,0.012251039035618305,0.011794972233474255,98.77489471435547,98.77489471435547,98.82050323486328,0.013403929769992828,1.3403929471969604,0.0
301,1,Bass,22.29045867919922,-22.29041290283203,0.09947837889194489,0.09947305172681808,0.09220049530267715,90.05216217041016,90.05269622802734,90.77994537353516,0.005866745952516794,0.5866745710372925,22.29045867919922,-22.29041290283203,0.09947837889194489,0.09947305172681808,0.09220049530267715,90.05216217041016,90.05269622802734,90.77994537353516,0.005866745952516794,0.5866745710372925,0.0
301,2,Drums,28.05607032775879,-28.05610466003418,0.008103927597403526,0.008103925734758377,0.010512628592550755,99.18960571289062,99.18960571289062,98.94873809814453,0.0015621494967490435,0.15621495246887207,28.05607032775879,-28.05610466003418,0.008103927597403526,0.008103925734758377,0.010512628592550755,99.18960571289062,99.18960571289062,98.94873809814453,0.0015621494967490435,0.15621495246887207,0.0
302,0,Vocal,4.954597473144531,-4.954596996307373,0.03040495701134205,0.030404822900891304,0.029009494930505753,96.95950317382812,96.95951843261719,97.09904479980469,0.24216653406620026,24.21665382385254,4.954597473144531,-4.954596996307373,0.03040495701134205,0.030404822900891304,0.029009494930505753,96.95950317382812,96.95951843261719,97.09904479980469,0.24216653406620026,24.21665382385254,0.0
302,1,Bass,22.169206619262695,-22.16922378540039,0.03847568854689598,0.03847566619515419,0.025185246020555496,96.15242767333984,96.15242767333984,97.48147583007812,0.006031840108335018,0.6031839847564697,22.169206619262695,-22.16922378540039,0.03847568854689598,0.03847566619515419,0.025185246020555496,96.15242767333984,96.15242767333984,97.48147583007812,0.006031840108335018,0.6031839847564697,0.0
302,2,Drums,22.7358455657959,-22.735843658447266,0.033757295459508896,0.033757176250219345,0.0346793457865715,96.62427520751953,96.62428283691406,96.53206634521484,0.005297977011650801,0.5297976732254028,22.7358455657959,-22.735843658447266,0.033757295459508896,0.033757176250219345,0.0346793457865715,96.62427520751953,96.62428283691406,96.53206634521484,0.005297977011650801,0.5297976732254028,0.0
303,0,Vocal,34.036251068115234,-34.03633117675781,0.14579005539417267,0.1457897573709488,0.14724963903427124,85.4209976196289,85.42102813720703,85.27503967285156,0.00039461173582822084,0.0394611731171608,34.036251068115234,-34.03633117675781,0.14579005539417267,0.1457897573709488,0.14724963903427124,85.4209976196289,85.42102813720703,85.27503967285156,0.00039461173582822084,0.0394611731171608,0.0
303,1,Bass,30.24033546447754,-30.240238189697266,0.03166597709059715,0.03166596218943596,0.03473242372274399,96.83340454101562,96.83340454101562,96.5267562866211,0.0009452878148294985,0.09452877938747406,30.24033546447754,-30.240238189697266,0.03166597709059715,0.03166596218943596,0.03473242372274399,96.83340454101562,96.83340454101562,96.5267562866211,0.0009452878148294985,0.09452877938747406,0.0
303,2,Drums,24.164306640625,-24.164236068725586,0.00029542556148953736,0.0002954255323857069,0.0,99.970458984375,99.970458984375,100.0,0.0038186609745025635,0.38186609745025635,24.164306640625,-24.164236068725586,0.00029542556148953736,0.0002954255323857069,0.0,99.970458984375,99.970458984375,100.0,0.0038186609745025635,0.38186609745025635,0.0
304,0,Vocal,36.135284423828125,-36.13547897338867,0.008453653194010258,0.008453651331365108,0.008709554560482502,99.15463256835938,99.15463256835938,99.12904357910156,0.00024340367235708982,0.024340366944670677,36.135284423828125,-36.13547897338867,0.008453653194010258,0.008453651331365108,0.008709554560482502,99.15463256835938,99.15463256835938,99.12904357910156,0.00024340367235708982,0.024340366944670677,0.0
304,1,Bass,24.467815399169922,-24.467941284179688,0.048048537224531174,0.04804380610585213,0.04978654161095619,95.19514465332031,95.19561767578125,95.02134704589844,0.0035617549438029528,0.3561754822731018,24.467815399169922,-24.467941284179688,0.048048537224531174,0.04804380610585213,0.04978654161095619,95.19514465332031,95.19561767578125,95.02134704589844,0.0035617549438029528,0.3561754822731018,0.0
304,2,Drums,28.24604034423828,-28.246078491210938,0.007527817972004414,0.007527812384068966,0.0075975386425852776,99.2472152709961,99.2472152709961,99.24024200439453,0.0014953736681491137,0.1495373696088791,28.24604034423828,-28.246078491210938,0.007527817972004414,0.007527812384068966,0.0075975386425852776,99.2472152709961,99.2472152709961,99.24024200439453,0.0014953736681491137,0.1495373696088791,0.0
305,0,Vocal,27.85831069946289,-27.858335494995117,0.0011020231759175658,0.001102022361010313,0.0010928118135780096,99.8897933959961,99.8897933959961,99.8907241821289,0.0016347852069884539,0.1634785234928131,27.85831069946289,-27.858335494995117,0.0011020231759175658,0.001102022361010313,0.0010928118135780096,99.8897933959961,99.8897933959961,99.8907241821289,0.0016347852069884539,0.1634785234928131,0.0
305,1,Bass,16.27832794189453,-16.278329849243164,0.03410682827234268,0.0341067835688591,0.03349936753511429,96.58931732177734,96.58931732177734,96.65006256103516,0.023017264902591705,2.3017265796661377,16.27832794189453,-16.278329849243164,0.03410682827234268,0.0341067835688591,0.03349936753511429,96.58931732177734,96.58931732177734,96.65006256103516,0.023017264902591705,2.3017265796661377,0.0
305,2,Drums,35.70812225341797,-35.708160400390625,0.006564261857420206,0.006564260460436344,0.006406966596841812,99.34357452392578,99.34357452392578,99.35930633544922,0.000268617324763909,0.026861732825636864,35.70812225341797,-35.708160400390625,0.006564261857420206,0.006564260460436344,0.006406966596841812,99.34357452392578,99.34357452392578,99.35930633544922,0.000268617324763909,0.026861732825636864,0.0
306,0,Vocal,18.024938583374023,-18.024946212768555,0.07653118669986725,0.07653113454580307,0.07684239745140076,92.34688568115234,92.34688568115234,92.31575775146484,0.015513676218688488,1.5513676404953003,18.024938583374023,-18.024946212768555,0.07653118669986725,0.07653113454580307,0.07684239745140076,92.34688568115234,92.34688568115234,92.31575775146484,0.015513676218688488,1.5513676404953003,0.0
306,1,Bass,37.193511962890625,-37.19256591796875,0.006973398849368095,0.0069732447154819965,0.006664445158094168,99.30265808105469,99.30267333984375,99.33355712890625,0.00019079275080002844,0.01907927542924881,37.193511962890625,-37.19256591796875,0.006973398849368095,0.0069732447154819965,0.006664445158094168,99.30265808105469,99.30267333984375,99.33355712890625,0.00019079275080002844,0.01907927542924881,0.0
306,2,Drums,24.025468826293945,-24.025442123413086,0.05274807661771774,0.05274806171655655,0.053030937910079956,94.72518920898438,94.72518920898438,94.6968994140625,0.003942248877137899,0.3942248821258545,24.025468826293945,-24.025442123413086,0.05274807661771774,0.05274806171655655,0.053030937910079956,94.72518920898438,94.72518920898438,94.6968994140625,0.003942248877137899,0.3942248821258545,0.0
307,0,Vocal,9.97307300567627,-9.973073959350586,0.0038937730714678764,0.0038937681820243597,0.004968167282640934,99.6106185913086,99.6106185913086,99.50318145751953,0.09142281860113144,9.142281532287598,9.97307300567627,-9.973073959350586,0.0038937730714678764,0.0038937681820243597,0.004968167282640934,99.6106185913086,99.6106185913086,99.50318145751953,0.09142281860113144,9.142281532287598,0.0
307,1,Bass,28.71819305419922,-28.717937469482422,0.0011790001299232244,0.0011789790587499738,0.0028629612643271685,99.8821029663086,99.8821029663086,99.71369934082031,0.001341550494544208,0.1341550499200821,28.71819305419922,-28.717937469482422,0.0011790001299232244,0.0011789790587499738,0.0028629612643271685,99.8821029663086,99.8821029663086,99.71369934082031,0.001341550494544208,0.1341550499200821,0.0
307,2,Drums,10.478338241577148,-10.478338241577148,0.015436604619026184,0.015436568297445774,0.02514452487230301,98.45634460449219,98.45634460449219,97.48554992675781,0.08220737427473068,8.22073745727539,10.478338241577148,-10.478338241577148,0.015436604619026184,0.015436568297445774,0.02514452487230301,98.45634460449219,98.45634460449219,97.48554992675781,0.08220737427473068,8.22073745727539,0.0
308,0,Vocal,17.619400024414062,-17.619396209716797,0.016969047486782074,0.01696903631091118,0.017191261053085327,98.3031005859375,98.3031005859375,98.28086853027344,0.017006324604153633,1.7006324529647827,17.619400024414062,-17.619396209716797,0.016969047486782074,0.01696903631091118,0.017191261053085327,98.3031005859375,98.3031005859375,98.28086853027344,0.017006324604153633,1.7006324529647827,0.0
308,1,Bass,28.61527442932129,-28.615312576293945,0.014812934212386608,0.014812694862484932,0.013777886517345905,98.51870727539062,98.51873016357422,98.62220764160156,0.0013736400287598372,0.137364000082016,28.61527442932129,-28.615312576293945,0.014812934212386608,0.014812694862484932,0.013777886517345905,98.51870727539062,98.51873016357422,98.62220764160156,0.0013736400287598372,0.137364000082016,0.0
308,2,Drums,28.774982452392578,-28.775020599365234,0.03221455216407776,0.03221454471349716,0.026675477623939514,96.77854919433594,96.77854919433594,97.33245086669922,0.0013241209089756012,0.13241209089756012,28.774982452392578,-28.775020599365234,0.03221455216407776,0.03221454471349716,0.026675477623939514,96.77854919433594,96.77854919433594,97.33245086669922,0.0013241209089756012,0.13241209089756012,0.0
309,0,Vocal,34.84056854248047,-34.84072494506836,0.02945881150662899,0.029458779841661453,0.029702769592404366,97.05411529541016,97.05412292480469,97.02972412109375,0.00032793378341011703,0.032793376594781876,34.84056854248047,-34.84072494506836,0.02945881150662899,0.029458779841661453,0.029702769592404366,97.05411529541016,97.05412292480469,97.02972412109375,0.00032793378341011703,0.032793376594781876,0.0
309,1,Bass,27.614057540893555,-27.614049911499023,0.016933195292949677,0.016933102160692215,0.020114082843065262,98.30667877197266,98.30669403076172,97.98859405517578,0.0017292191041633487,0.17292191088199615,27.614057540893555,-27.614049911499023,0.016933195292949677,0.016933102160692215,0.020114082843065262,98.30667877197266,98.30669403076172,97.98859405517578,0.0017292191041633487,0.17292191088199615,0.0
309,2,Drums,29.42009925842285,-29.42007827758789,0.03339318186044693,0.03339311480522156,0.033915258944034576,96.66068267822266,96.66068267822266,96.60847473144531,0.0011415857588872313,0.11415857821702957,29.42009925842285,-29.42007827758789,0.03339318186044693,0.03339311480522156,0.033915258944034576,96.66068267822266,96.66068267822266,96.60847473144531,0.0011415857588872313,0.11415857821702957,0.0
310,0,Vocal,25.006181716918945,-25.006160736083984,0.002110917354002595,0.0021109171211719513,0.0024516484700143337,99.78890991210938,99.78890991210938,99.75483703613281,0.003147844225168228,0.3147844076156616,25.006181716918945,-25.006160736083984,0.002110917354002595,0.0021109171211719513,0.0024516484700143337,99.78890991210938,99.78890991210938,99.75483703613281,0.003147844225168228,0.3147844076156616,0.0
310,1,Bass,19.721132278442383,-19.721174240112305,0.026231028139591217,0.02623084932565689,0.02427827939391136,97.37689208984375,97.37691497802734,97.57217407226562,0.010550638660788536,1.0550638437271118,19.721132278442383,-19.721174240112305,0.026231028139591217,0.02623084932565689,0.02427827939391136,97.37689208984375,97.37691497802734,97.57217407226562,0.010550638660788536,1.0550638437271118,0.0
310,2,Drums,34.67707824707031,-34.6764030456543,0.008322197943925858,0.008322197012603283,0.009567762725055218,99.16778564453125,99.16778564453125,99.04322814941406,0.0003405403986107558,0.03405404090881348,34.67707824707031,-34.6764030456543,0.008322197943925858,0.008322197012603283,0.009567762725055218,99.16778564453125,99.16778564453125,99.04322814941406,0.0003405403986107558,0.03405404090881348,0.0
311,0,Vocal,22.97544288635254,-22.9754638671875,0.018566228449344635,0.018566220998764038,0.018032042309641838,98.14337158203125,98.14337158203125,98.1968002319336,0.005015057511627674,0.5015057325363159,22.97544288635254,-22.9754638671875,0.018566228449344635,0.018566220998764038,0.018032042309641838,98.14337158203125,98.14337158203125,98.1968002319336,0.005015057511627674,0.5015057325363159,0.0
311,1,Bass,30.31024169921875,-30.310190200805664,0.018637526780366898,0.01863749884068966,0.021028002724051476,98.13624572753906,98.1362533569336,97.89720153808594,0.0009301825775764883,0.09301825612783432,30.31024169921875,-30.310190200805664,0.018637526780366898,0.01863749884068966,0.021028002724051476,98.13624572753906,98.1362533569336,97.89720153808594,0.0009301825775764883,0.09301825612783432,0.0
311,2,Drums,20.122028350830078,-20.121997833251953,0.03593366593122482,0.03593366593122482,0.03758779540657997,96.40663146972656,96.40663146972656,96.24121856689453,0.009629335254430771,0.9629335403442383,20.122028350830078,-20.121997833251953,0.03593366593122482,0.03593366593122482,0.03758779540657997,96.40663146972656,96.40663146972656,96.24121856689453,0.009629335254430771,0.9629335403442383,0.0
312,0,Vocal,27.959394454956055,-27.959383010864258,0.008989660069346428,0.008989659138023853,0.00909219216555357,99.10103607177734,99.10103607177734,99.09078216552734,0.0015972851542755961,0.1597285121679306,27.959394454956055,-27.959383010864258,0.008989660069346428,0.008989659138023853,0.00909219216555357,99.10103607177734,99.10103607177734,99.09078216552734,0.0015972851542755961,0.1597285121679306,0.0
312,1,Bass,13.060880661010742,-13.060879707336426,0.11477836221456528,0.11477815359830856,0.1147962287068367,88.52216339111328,88.52218627929688,88.52037811279297,0.04709367826581001,4.709367752075195,13.060880661010742,-13.060879707336426,0.11477836221456528,0.11477815359830856,0.1147962287068367,88.52216339111328,88.52218627929688,88.52037811279297,0.04709367826581001,4.709367752075195,0.0
312,2,Drums,23.063369750976562,-23.063364028930664,3.91752109862864e-05,3.917516369256191e-05,0.0,99.99608612060547,99.99608612060547,100.0,0.004915040452033281,0.491504043340683,23.063369750976562,-23.063364028930664,3.91752109862864e-05,3.917516369256191e-05,0.0,99.99608612060547,99.99608612060547,100.0,0.004915040452033281,0.491504043340683,0.0
313,0,Vocal,-13.880385398864746,13.880385398864746,0.6242193579673767,0.6242178082466125,0.6364296674728394,37.57806396484375,37.57822036743164,36.357032775878906,0.9606863856315613,96.06864166259766,-13.880385398864746,13.880385398864746,0.6242193579673767,0.6242178082466125,0.6364296674728394,37.57806396484375,37.57822036743164,36.357032775878906,0.9606863856315613,96.06864166259766,0.0
313,1,Bass,23.627779006958008,-23.627775192260742,0.21799342334270477,0.21799340844154358,0.22315764427185059,78.20065307617188,78.2006607055664,77.68423461914062,0.004318602848798037,0.4318602979183197,23.627779006958008,-23.627775192260742,0.21799342334270477,0.21799340844154358,0.22315764427185059,78.20065307617188,78.2006607055664,77.68423461914062,0.004318602848798037,0.4318602979183197,0.0
313,2,Drums,54.05174255371094,-54.038482666015625,7.594355702167377e-05,7.594355702167377e-05,0.0,99.9924087524414,99.9924087524414,100.0,3.955717147618998e-06,0.0003955717256758362,54.05174255371094,-54.038482666015625,7.594355702167377e-05,7.594355702167377e-05,0.0,99.9924087524414,99.9924087524414,100.0,3.955717147618998e-06,0.0003955717256758362,0.0
314,0,Vocal,21.516559600830078,-21.51663589477539,0.03452160209417343,0.03452159836888313,0.034382905811071396,96.54784393310547,96.54784393310547,96.56171417236328,0.0070030963979661465,0.7003096342086792,21.516559600830078,-21.51663589477539,0.03452160209417343,0.03452159836888313,0.034382905811071396,96.54784393310547,96.54784393310547,96.56171417236328,0.0070030963979661465,0.7003096342086792,0.0
314,1,Bass,13.766925811767578,-13.766923904418945,0.14761558175086975,0.1476147323846817,0.14357507228851318,85.23844146728516,85.238525390625,85.64249420166016,0.04031233489513397,4.031233310699463,13.766925811767578,-13.766923904418945,0.14761558175086975,0.1476147323846817,0.14357507228851318,85.23844146728516,85.238525390625,85.64249420166016,0.04031233489513397,4.031233310699463,0.0
314,2,Drums,39.413692474365234,-39.41460037231445,0.0008609650540165603,0.0008609627839177847,6.077111538616009e-05,99.91390228271484,99.91390228271484,99.9939193725586,0.000114429734821897,0.011442973278462887,39.413692474365234,-39.41460037231445,0.0008609650540165603,0.0008609627839177847,6.077111538616009e-05,99.91390228271484,99.91390228271484,99.9939193725586,0.000114429734821897,0.011442973278462887,0.0
315,0,Vocal,31.45264434814453,-31.45328712463379,0.006191598251461983,0.006191597785800695,0.005951399449259043,99.3808364868164,99.3808364868164,99.40486145019531,0.0007151675526984036,0.07151675224304199,31.45264434814453,-31.45328712463379,0.006191598251461983,0.006191597785800695,0.005951399449259043,99.3808364868164,99.3808364868164,99.40486145019531,0.0007151675526984036,0.07151675224304199,0.0
315,1,Bass,24.127445220947266,-24.127437591552734,0.10368549823760986,0.10368407517671585,0.10709056258201599,89.6314468383789,89.631591796875,89.29093933105469,0.003851060988381505,0.38510608673095703,24.127445220947266,-24.127437591552734,0.10368549823760986,0.10368407517671585,0.10709056258201599,89.6314468383789,89.631591796875,89.29093933105469,0.003851060988381505,0.38510608673095703,0.0
315,2,Drums,31.264097213745117,-31.26410675048828,0.005918323993682861,0.005918323528021574,0.007309818174690008,99.40816497802734,99.40816497802734,99.2690200805664,0.0007469378178939223,0.07469378411769867,31.264097213745117,-31.26410675048828,0.005918323993682861,0.005918323528021574,0.007309818174690008,99.40816497802734,99.40816497802734,99.2690200805664,0.0007469378178939223,0.07469378411769867,0.0
316,0,Vocal,15.718621253967285,-15.71864128112793,0.1062454953789711,0.1062454804778099,0.11251932382583618,89.37545013427734,89.37545776367188,88.7480697631836,0.026100628077983856,2.610062837600708,15.718621253967285,-15.71864128112793,0.1062454953789711,0.1062454804778099,0.11251932382583618,89.37545013427734,89.37545776367188,88.7480697631836,0.026100628077983856,2.610062837600708,0.0
316,1,Bass,22.04717445373535,-22.047183990478516,0.1603046953678131,0.160301074385643,0.15973655879497528,83.96953582763672,83.96989440917969,84.0263442993164,0.006202719174325466,0.6202719211578369,22.04717445373535,-22.047183990478516,0.1603046953678131,0.160301074385643,0.15973655879497528,83.96953582763672,83.96989440917969,84.0263442993164,0.006202719174325466,0.6202719211578369,0.0
316,2,Drums,32.84326934814453,-32.84330749511719,0.0002066571469185874,0.00020665713236667216,0.0007509880815632641,99.97933197021484,99.97933197021484,99.9249038696289,0.0005193580291233957,0.05193580314517021,32.84326934814453,-32.84330749511719,0.0002066571469185874,0.00020665713236667216,0.0007509880815632641,99.97933197021484,99.97933197021484,99.9249038696289,0.0005193580291233957,0.05193580314517021,0.0
317,0,Vocal,22.06442642211914,-22.06444549560547,0.05062711983919144,0.050626788288354874,0.050860803574323654,94.93728637695312,94.93731689453125,94.9139175415039,0.006178275682032108,0.6178275942802429,22.06442642211914,-22.06444549560547,0.05062711983919144,0.050626788288354874,0.050860803574323654,94.93728637695312,94.93731689453125,94.9139175415039,0.006178275682032108,0.6178275942802429,0.0
317,1,Bass,19.079185485839844,-19.079177856445312,0.1684730499982834,0.16846153140068054,0.17145253717899323,83.15269470214844,83.15384674072266,82.85475158691406,0.0122108468785882,1.221084713935852,19.079185485839844,-19.079177856445312,0.1684730499982834,0.16846153140068054,0.17145253717899323,83.15269470214844,83.15384674072266,82.85475158691406,0.0122108468785882,1.221084713935852,0.0
317,2,Drums,41.969356536865234,-41.97084045410156,0.0016051405109465122,0.0016051403945311904,0.002083319239318371,99.83948516845703,99.83948516845703,99.79167175292969,6.351358024403453e-05,0.0063513582572340965,41.969356536865234,-41.97084045410156,0.0016051405109465122,0.0016051403945311904,0.002083319239318371,99.83948516845703,99.83948516845703,99.79167175292969,6.351358024403453e-05,0.0063513582572340965,0.0
318,0,Vocal,21.489395141601562,-21.489355087280273,0.032846249639987946,0.03284624218940735,0.0320296473801136,96.71537017822266,96.71537780761719,96.79703521728516,0.007046785205602646,0.7046785354614258,21.489395141601562,-21.489355087280273,0.032846249639987946,0.03284624218940735,0.0320296473801136,96.71537017822266,96.71537780761719,96.79703521728516,0.007046785205602646,0.7046785354614258,0.0
318,1,Bass,9.447084426879883,-9.447084426879883,0.17417840659618378,0.1741780787706375,0.12772642076015472,82.58216094970703,82.58219146728516,87.22735595703125,0.10199326276779175,10.199326515197754,9.447084426879883,-9.447084426879883,0.17417840659618378,0.1741780787706375,0.12772642076015472,82.58216094970703,82.58219146728516,87.22735595703125,0.10199326276779175,10.199326515197754,0.0
318,2,Drums,29.96472930908203,-29.96443748474121,0.0002359659265493974,0.00023596591199748218,0.0,99.97640228271484,99.97640228271484,100.0,0.0010071650613099337,0.10071650892496109,29.96472930908203,-29.96443748474121,0.0002359659265493974,0.00023596591199748218,0.0,99.97640228271484,99.97640228271484,100.0,0.0010071650613099337,0.10071650892496109,0.0
319,0,Vocal,32.71501541137695,-32.71584701538086,0.011398440226912498,0.011398437432944775,0.010468650609254837,98.86015319824219,98.86015319824219,98.95313262939453,0.0005348489503376186,0.05348489433526993,32.71501541137695,-32.71584701538086,0.011398440226912498,0.011398437432944775,0.010468650609254837,98.86015319824219,98.86015319824219,98.95313262939453,0.0005348489503376186,0.05348489433526993,0.0
319,1,Bass,17.29707908630371,-17.29706573486328,0.06251489371061325,0.06251481175422668,0.08026646077632904,93.7485122680664,93.74851989746094,91.97335052490234,0.018292583525180817,1.8292583227157593,17.29707908630371,-17.29706573486328,0.06251489371061325,0.06251481175422668,0.08026646077632904,93.7485122680664,93.74851989746094,91.97335052490234,0.018292583525180817,1.8292583227157593,0.0
319,2,Drums,31.02850341796875,-31.028419494628906,0.0007149736047722399,0.000714973546564579,0.0,99.92850494384766,99.92850494384766,100.0,0.0007885469822213054,0.07885469496250153,31.02850341796875,-31.028419494628906,0.0007149736047722399,0.000714973546564579,0.0,99.92850494384766,99.92850494384766,100.0,0.0007885469822213054,0.07885469496250153,0.0
320,0,Vocal,10.488283157348633,-10.488282203674316,0.021777622401714325,0.021777620539069176,0.02391582727432251,97.82223510742188,97.82223510742188,97.60841369628906,0.08203474432229996,8.203474044799805,10.488283157348633,-10.488282203674316,0.021777622401714325,0.021777620539069176,0.02391582727432251,97.82223510742188,97.82223510742188,97.60841369628906,0.08203474432229996,8.203474044799805,0.0
320,1,Bass,19.974647521972656,-19.974624633789062,0.33816438913345337,0.33816346526145935,0.33453258872032166,66.18356323242188,66.18364715576172,66.54673767089844,0.009958358481526375,0.9958358407020569,19.974647521972656,-19.974624633789062,0.33816438913345337,0.33816346526145935,0.33453258872032166,66.18356323242188,66.18364715576172,66.54673767089844,0.009958358481526375,0.9958358407020569,0.0
320,2,Drums,23.361013412475586,-23.360998153686523,0.0023408408742398024,0.0023408157285302877,0.0037111472338438034,99.76591491699219,99.76592254638672,99.6288833618164,0.004590913187712431,0.45909130573272705,23.361013412475586,-23.360998153686523,0.0023408408742398024,0.0023408157285302877,0.0037111472338438034,99.76591491699219,99.76592254638672,99.6288833618164,0.004590913187712431,0.45909130573272705,0.0
321,0,Vocal,8.904219627380371,-8.904219627380371,0.031982772052288055,0.03198276832699776,0.03428858146071434,96.80171966552734,96.80171966552734,96.5711441040039,0.11402486264705658,11.402485847473145,8.904219627380371,-8.904219627380371,0.031982772052288055,0.03198276832699776,0.03428858146071434,96.80171966552734,96.80171966552734,96.5711441040039,0.11402486264705658,11.402485847473145,0.0
321,1,Bass,21.71116065979004,-21.711170196533203,0.4030071198940277,0.4030071198940277,0.4042946994304657,59.699283599853516,59.699283599853516,59.570526123046875,0.006698320619761944,0.6698320508003235,21.71116065979004,-21.711170196533203,0.4030071198940277,0.4030071198940277,0.4042946994304657,59.699283599853516,59.699283599853516,59.570526123046875,0.006698320619761944,0.6698320508003235,0.0
321,2,Drums,27.354700088500977,-27.354642868041992,0.0066345930099487305,0.006634592544287443,0.005768666509538889,99.33654022216797,99.33654022216797,99.42313385009766,0.0018354174681007862,0.18354174494743347,27.354700088500977,-27.354642868041992,0.0066345930099487305,0.006634592544287443,0.005768666509538889,99.33654022216797,99.33654022216797,99.42313385009766,0.0018354174681007862,0.18354174494743347,0.0
322,0,Vocal,21.99382972717285,-21.993896484375,0.1341276615858078,0.1341276317834854,0.1341145783662796,86.58723449707031,86.58723449707031,86.58854675292969,0.006278840824961662,0.6278840899467468,21.99382972717285,-21.993896484375,0.1341276615858078,0.1341276317834854,0.1341145783662796,86.58723449707031,86.58723449707031,86.58854675292969,0.006278840824961662,0.6278840899467468,0.0
322,1,Bass,21.634754180908203,-21.63473892211914,0.3372112512588501,0.33721110224723816,0.33930352330207825,66.27887725830078,66.27888488769531,66.06964874267578,0.0068164183758199215,0.6816418170928955,21.634754180908203,-21.63473892211914,0.3372112512588501,0.33721110224723816,0.33930352330207825,66.27887725830078,66.27888488769531,66.06964874267578,0.0068164183758199215,0.6816418170928955,0.0
322,2,Drums,31.97176170349121,-31.971643447875977,0.006802225485444069,0.006802225485444069,0.005712137091904879,99.31977844238281,99.31977844238281,99.42878723144531,0.0006346781156025827,0.06346780806779861,31.97176170349121,-31.971643447875977,0.006802225485444069,0.006802225485444069,0.005712137091904879,99.31977844238281,99.31977844238281,99.42878723144531,0.0006346781156025827,0.06346780806779861,0.0
323,0,Vocal,21.60670280456543,-21.606700897216797,0.09443387389183044,0.09443380683660507,0.09435050189495087,90.55661010742188,90.55662536621094,90.56494903564453,0.006860256195068359,0.6860256195068359,21.60670280456543,-21.606700897216797,0.09443387389183044,0.09443380683660507,0.09435050189495087,90.55661010742188,90.55662536621094,90.56494903564453,0.006860256195068359,0.6860256195068359,0.0
323,1,Bass,17.16863250732422,-17.168624877929688,0.4661768972873688,0.4661767780780792,0.47638973593711853,53.3823127746582,53.38232421875,52.36102294921875,0.01883132942020893,1.8831329345703125,17.16863250732422,-17.168624877929688,0.4661768972873688,0.4661767780780792,0.47638973593711853,53.3823127746582,53.38232421875,52.36102294921875,0.01883132942020893,1.8831329345703125,0.0
323,2,Drums,29.251331329345703,-29.251272201538086,0.009329129010438919,0.009329129010438919,0.007666291669011116,99.06708526611328,99.06708526611328,99.23336791992188,0.0011867571156471968,0.11867570877075195,29.251331329345703,-29.251272201538086,0.009329129010438919,0.009329129010438919,0.007666291669011116,99.06708526611328,99.06708526611328,99.23336791992188,0.0011867571156471968,0.11867570877075195,0.0
324,0,Vocal,8.963170051574707,-8.96316909790039,0.044214844703674316,0.04421484097838402,0.03750059753656387,95.5785140991211,95.5785140991211,96.24993896484375,0.11266075074672699,11.266075134277344,8.963170051574707,-8.96316909790039,0.044214844703674316,0.04421484097838402,0.03750059753656387,95.5785140991211,95.5785140991211,96.24993896484375,0.11266075074672699,11.266075134277344,0.0
324,1,Bass,21.4495849609375,-21.449556350708008,0.2694430649280548,0.2694425880908966,0.26530712842941284,73.05569458007812,73.05574035644531,73.46928405761719,0.007111199200153351,0.7111198902130127,21.4495849609375,-21.449556350708008,0.2694430649280548,0.2694425880908966,0.26530712842941284,73.05569458007812,73.05574035644531,73.46928405761719,0.007111199200153351,0.7111198902130127,0.0
324,2,Drums,35.99916076660156,-35.998931884765625,0.009324248880147934,0.009324210695922375,0.009589568711817265,99.06757354736328,99.06758117675781,99.04104614257812,0.00025121186627075076,0.025121185928583145,35.99916076660156,-35.998931884765625,0.009324248880147934,0.009324210695922375,0.009589568711817265,99.06757354736328,99.06758117675781,99.04104614257812,0.00025121186627075076,0.025121185928583145,0.0
325,0,Vocal,11.670923233032227,-11.67092514038086,0.03891858458518982,0.038918569684028625,0.03237531706690788,96.10813903808594,96.10814666748047,96.76246643066406,0.06372518092393875,6.372518062591553,11.670923233032227,-11.67092514038086,0.03891858458518982,0.038918569684028625,0.03237531706690788,96.10813903808594,96.10814666748047,96.76246643066406,0.06372518092393875,6.372518062591553,0.0
325,1,Bass,20.847328186035156,-20.847322463989258,0.3160415589809418,0.31604111194610596,0.31710854172706604,68.39584350585938,68.39588928222656,68.28914642333984,0.008160369470715523,0.8160369396209717,20.847328186035156,-20.847322463989258,0.3160415589809418,0.31604111194610596,0.31710854172706604,68.39584350585938,68.39588928222656,68.28914642333984,0.008160369470715523,0.8160369396209717,0.0
325,2,Drums,33.20175552368164,-33.20170593261719,0.006173064932227135,0.006173053756356239,0.007488320581614971,99.3826904296875,99.3826904296875,99.25116729736328,0.0004782071046065539,0.04782070964574814,33.20175552368164,-33.20170593261719,0.006173064932227135,0.006173053756356239,0.007488320581614971,99.3826904296875,99.3826904296875,99.25116729736328,0.0004782071046065539,0.04782070964574814,0.0
326,0,Vocal,17.796215057373047,-17.796207427978516,0.1019236296415329,0.1019236296415329,0.10131916403770447,89.80763244628906,89.80763244628906,89.86808013916016,0.016338974237442017,1.6338974237442017,17.796215057373047,-17.796207427978516,0.1019236296415329,0.1019236296415329,0.10131916403770447,89.80763244628906,89.80763244628906,89.86808013916016,0.016338974237442017,1.6338974237442017,0.0
326,1,Bass,18.21096420288086,-18.21096420288086,0.4255625307559967,0.42556244134902954,0.4246777296066284,57.443748474121094,57.443756103515625,57.5322265625,0.014872915111482143,1.4872914552688599,18.21096420288086,-18.21096420288086,0.4255625307559967,0.42556244134902954,0.4246777296066284,57.443748474121094,57.443756103515625,57.5322265625,0.014872915111482143,1.4872914552688599,0.0
326,2,Drums,35.807586669921875,-35.8068962097168,0.008682824671268463,0.008682822808623314,0.009208086878061295,99.1317138671875,99.1317138671875,99.07919311523438,0.0002625144552439451,0.026251446455717087,35.807586669921875,-35.8068962097168,0.008682824671268463,0.008682822808623314,0.009208086878061295,99.1317138671875,99.1317138671875,99.07919311523438,0.0002625144552439451,0.026251446455717087,0.0
327,0,Vocal,17.222469329833984,-17.222455978393555,0.16359640657901764,0.16359639167785645,0.16296882927417755,83.6403579711914,83.6403579711914,83.70311737060547,0.018603628501296043,1.8603628873825073,17.222469329833984,-17.222455978393555,0.16359640657901764,0.16359639167785645,0.16296882927417755,83.6403579711914,83.6403579711914,83.70311737060547,0.018603628501296043,1.8603628873825073,0.0
327,1,Bass,26.491485595703125,-26.49140167236328,0.27634260058403015,0.2763422429561615,0.2792333662509918,72.36573791503906,72.36577606201172,72.07666778564453,0.0022380996961146593,0.22380997240543365,26.491485595703125,-26.49140167236328,0.27634260058403015,0.2763422429561615,0.2792333662509918,72.36573791503906,72.36577606201172,72.07666778564453,0.0022380996961146593,0.22380997240543365,0.0
327,2,Drums,31.114778518676758,-31.11454200744629,0.005571900401264429,0.005571900401264429,0.005403333343565464,99.44281005859375,99.44281005859375,99.45966339111328,0.0007730008801445365,0.07730008661746979,31.114778518676758,-31.11454200744629,0.005571900401264429,0.005571900401264429,0.005403333343565464,99.44281005859375,99.44281005859375,99.45966339111328,0.0007730008801445365,0.07730008661746979,0.0
328,0,Vocal,26.79384422302246,-26.793827056884766,0.028370410203933716,0.028370410203933716,0.02803557738661766,97.1629638671875,97.1629638671875,97.19644165039062,0.002087912056595087,0.20879121124744415,26.79384422302246,-26.793827056884766,0.028370410203933716,0.028370410203933716,0.02803557738661766,97.1629638671875,97.1629638671875,97.19644165039062,0.002087912056595087,0.20879121124744415,0.0
328,1,Bass,19.073158264160156,-19.073144912719727,0.07063108682632446,0.07063040882349014,0.07287819683551788,92.9368896484375,92.93695831298828,92.7121810913086,0.012227647937834263,1.2227648496627808,19.073158264160156,-19.073144912719727,0.07063108682632446,0.07063040882349014,0.07287819683551788,92.9368896484375,92.93695831298828,92.7121810913086,0.012227647937834263,1.2227648496627808,0.0
328,2,Drums,35.97449493408203,-35.97408676147461,0.0006044143228791654,0.0006044142064638436,0.0009576110169291496,99.93955993652344,99.93955993652344,99.90423583984375,0.00025262261624448,0.02526226080954075,35.97449493408203,-35.97408676147461,0.0006044143228791654,0.0006044142064638436,0.0009576110169291496,99.93955993652344,99.93955993652344,99.90423583984375,0.00025262261624448,0.02526226080954075,0.0
329,0,Vocal,17.90081024169922,-17.90081214904785,0.01972942240536213,0.019729413092136383,0.016612745821475983,98.02705383300781,98.02705383300781,98.3387222290039,0.015956323593854904,1.5956323146820068,17.90081024169922,-17.90081214904785,0.01972942240536213,0.019729413092136383,0.016612745821475983,98.02705383300781,98.02705383300781,98.3387222290039,0.015956323593854904,1.5956323146820068,0.0
329,1,Bass,24.85409927368164,-24.854049682617188,0.07626824080944061,0.07626815140247345,0.0775919109582901,92.37317657470703,92.37318420410156,92.24081420898438,0.003259679302573204,0.325967937707901,24.85409927368164,-24.854049682617188,0.07626824080944061,0.07626815140247345,0.0775919109582901,92.37317657470703,92.37318420410156,92.24081420898438,0.003259679302573204,0.325967937707901,0.0
329,2,Drums,28.807008743286133,-28.806926727294922,0.0003337920643389225,0.00033379203523509204,0.0006112658302299678,99.96662139892578,99.96662139892578,99.93887329101562,0.001314407680183649,0.13144077360630035,28.807008743286133,-28.806926727294922,0.0003337920643389225,0.00033379203523509204,0.0006112658302299678,99.96662139892578,99.96662139892578,99.93887329101562,0.001314407680183649,0.13144077360630035,0.0
330,0,Vocal,19.852140426635742,-19.852142333984375,0.023430543020367622,0.023430543020367622,0.022920193150639534,97.65694427490234,97.65694427490234,97.70797729492188,0.010240369476377964,1.0240370035171509,19.852140426635742,-19.852142333984375,0.023430543020367622,0.023430543020367622,0.022920193150639534,97.65694427490234,97.65694427490234,97.70797729492188,0.010240369476377964,1.0240370035171509,0.0
330,1,Bass,20.066864013671875,-20.066917419433594,0.053536899387836456,0.05353681743144989,0.06412331759929657,94.64630889892578,94.64631652832031,93.5876693725586,0.009751124307513237,0.9751124382019043,20.066864013671875,-20.066917419433594,0.053536899387836456,0.05353681743144989,0.06412331759929657,94.64630889892578,94.64631652832031,93.5876693725586,0.009751124307513237,0.9751124382019043,0.0
330,2,Drums,33.68470001220703,-33.68440246582031,0.0010513442102819681,0.0010513442102819681,0.0014779079938307405,99.89486694335938,99.89486694335938,99.85221099853516,0.00042795814806595445,0.0427958145737648,33.68470001220703,-33.68440246582031,0.0010513442102819681,0.0010513442102819681,0.0014779079938307405,99.89486694335938,99.89486694335938,99.85221099853516,0.00042795814806595445,0.0427958145737648,0.0
331,0,Vocal,8.001163482666016,-8.001163482666016,0.7876225709915161,0.787613034248352,0.7960802912712097,21.237743377685547,21.238697052001953,20.391971588134766,0.13677528500556946,13.677528381347656,8.001163482666016,-8.001163482666016,0.7876225709915161,0.787613034248352,0.7960802912712097,21.237743377685547,21.238697052001953,20.391971588134766,0.13677528500556946,13.677528381347656,0.0
331,1,Bass,14.449997901916504,-14.449997901916504,0.11676479130983353,0.11676476895809174,0.10967449098825455,88.32352447509766,88.32352447509766,89.03254699707031,0.034648582339286804,3.464858293533325,14.449997901916504,-14.449997901916504,0.11676479130983353,0.11676476895809174,0.10967449098825455,88.32352447509766,88.32352447509766,89.03254699707031,0.034648582339286804,3.464858293533325,0.0
331,2,Drums,39.324134826660156,-39.32329177856445,8.776038157520816e-05,8.776037429925054e-05,0.0,99.99122619628906,99.99122619628906,100.0,0.00011681551404763013,0.011681551113724709,39.324134826660156,-39.32329177856445,8.776038157520816e-05,8.776037429925054e-05,0.0,99.99122619628906,99.99122619628906,100.0,0.00011681551404763013,0.011681551113724709,0.0
332,0,Vocal,19.597740173339844,-19.59774398803711,0.019360946491360664,0.019360942766070366,0.02024325169622898,98.06390380859375,98.06390380859375,97.97567749023438,0.010851447470486164,1.0851447582244873,19.597740173339844,-19.59774398803711,0.019360946491360664,0.019360942766070366,0.02024325169622898,98.06390380859375,98.06390380859375,97.97567749023438,0.010851447470486164,1.0851447582244873,0.0
332,1,Bass,19.043424606323242,-19.04339599609375,0.11298703402280807,0.11298687756061554,0.09930010885000229,88.7012939453125,88.7013168334961,90.06999206542969,0.012310609221458435,1.2310609817504883,19.043424606323242,-19.04339599609375,0.11298703402280807,0.11298687756061554,0.09930010885000229,88.7012939453125,88.7013168334961,90.06999206542969,0.012310609221458435,1.2310609817504883,0.0
332,2,Drums,33.36677932739258,-33.36665725708008,0.0006409907946363091,0.0006409907946363091,0.0,99.93589782714844,99.93589782714844,100.0,0.0004604041459970176,0.04604041576385498,33.36677932739258,-33.36665725708008,0.0006409907946363091,0.0006409907946363091,0.0,99.93589782714844,99.93589782714844,100.0,0.0004604041459970176,0.04604041576385498,0.0
333,0,Vocal,18.527538299560547,-18.527544021606445,0.032883673906326294,0.03288363292813301,0.022329650819301605,96.71163940429688,96.71163940429688,97.76703643798828,0.013841788284480572,1.384178876876831,18.527538299560547,-18.527544021606445,0.032883673906326294,0.03288363292813301,0.022329650819301605,96.71163940429688,96.71163940429688,97.76703643798828,0.013841788284480572,1.384178876876831,0.0
333,1,Bass,20.821434020996094,-20.821441650390625,0.07289863377809525,0.07289858162403107,0.07488247752189636,92.71013641357422,92.71014404296875,92.51174926757812,0.008208750747144222,0.8208750486373901,20.821434020996094,-20.821441650390625,0.07289863377809525,0.07289858162403107,0.07488247752189636,92.71013641357422,92.71014404296875,92.51174926757812,0.008208750747144222,0.8208750486373901,0.0
333,2,Drums,33.44281768798828,-33.44277572631836,0.0008023155387490988,0.0008023054688237607,0.0012430157512426376,99.91976928710938,99.91976928710938,99.87570190429688,0.0004524156975094229,0.045241568237543106,33.44281768798828,-33.44277572631836,0.0008023155387490988,0.0008023054688237607,0.0012430157512426376,99.91976928710938,99.91976928710938,99.87570190429688,0.0004524156975094229,0.045241568237543106,0.0
334,0,Vocal,24.50701141357422,-24.50701904296875,0.03031506948173046,0.030315067619085312,0.03154223784804344,96.96849822998047,96.96849822998047,96.84577941894531,0.0035299158189445734,0.35299158096313477,24.50701141357422,-24.50701904296875,0.03031506948173046,0.030315067619085312,0.03154223784804344,96.96849822998047,96.96849822998047,96.84577941894531,0.0035299158189445734,0.35299158096313477,0.0
334,1,Bass,26.431732177734375,-26.431676864624023,0.07907945662736893,0.07907944172620773,0.07967595756053925,92.09205627441406,92.09205627441406,92.03240203857422,0.0022690549958497286,0.22690549492835999,26.431732177734375,-26.431676864624023,0.07907945662736893,0.07907944172620773,0.07967595756053925,92.09205627441406,92.09205627441406,92.03240203857422,0.0022690549958497286,0.22690549492835999,0.0
334,2,Drums,35.0285530090332,-35.02821350097656,0.001437819330021739,0.0014378192136064172,0.0014117667451500893,99.85621643066406,99.85621643066406,99.85881805419922,0.00031409095390699804,0.03140909597277641,35.0285530090332,-35.02821350097656,0.001437819330021739,0.0014378192136064172,0.0014117667451500893,99.85621643066406,99.85621643066406,99.85881805419922,0.00031409095390699804,0.03140909597277641,0.0
335,0,Vocal,23.951017379760742,-23.950984954833984,0.041313838213682175,0.041313834488391876,0.0426998995244503,95.86861419677734,95.86861419677734,95.73001098632812,0.004010104574263096,0.4010104537010193,23.951017379760742,-23.950984954833984,0.041313838213682175,0.041313834488391876,0.0426998995244503,95.86861419677734,95.86861419677734,95.73001098632812,0.004010104574263096,0.4010104537010193,0.0
335,1,Bass,35.5139274597168,-35.513648986816406,0.07911942154169083,0.0791192352771759,0.0805497094988823,92.08805847167969,92.08808135986328,91.94503021240234,0.00028084125369787216,0.028084125369787216,35.5139274597168,-35.513648986816406,0.07911942154169083,0.0791192352771759,0.0805497094988823,92.08805847167969,92.08808135986328,91.94503021240234,0.00028084125369787216,0.028084125369787216,0.0
335,2,Drums,37.33979034423828,-37.33995056152344,0.0009744911221787333,0.0009744911221787333,0.00023660826263949275,99.90254974365234,99.90254974365234,99.97633361816406,0.00018449277558829635,0.01844927668571472,37.33979034423828,-37.33995056152344,0.0009744911221787333,0.0009744911221787333,0.00023660826263949275,99.90254974365234,99.90254974365234,99.97633361816406,0.00018449277558829635,0.01844927668571472,0.0
336,0,Vocal,26.270660400390625,-26.270673751831055,0.02748093008995056,0.02748091146349907,0.029530666768550873,97.25190734863281,97.25190734863281,97.04693603515625,0.0023545341100543737,0.23545341193675995,26.270660400390625,-26.270673751831055,0.02748093008995056,0.02748091146349907,0.029530666768550873,97.25190734863281,97.25190734863281,97.04693603515625,0.0023545341100543737,0.23545341193675995,0.0
336,1,Bass,25.189048767089844,-25.189077377319336,0.01284792274236679,0.012847885489463806,0.012073271907866001,98.7152099609375,98.7152099609375,98.79267120361328,0.0030184490606188774,0.30184489488601685,25.189048767089844,-25.189077377319336,0.01284792274236679,0.012847885489463806,0.012073271907866001,98.7152099609375,98.7152099609375,98.79267120361328,0.0030184490606188774,0.30184489488601685,0.0
336,2,Drums,30.893932342529297,-30.893869400024414,0.002874034224078059,0.0028740328270941973,0.005132652819156647,99.71260070800781,99.71260070800781,99.48673248291016,0.0008133226656354964,0.081332266330719,30.893932342529297,-30.893869400024414,0.002874034224078059,0.0028740328270941973,0.005132652819156647,99.71260070800781,99.71260070800781,99.48673248291016,0.0008133226656354964,0.081332266330719,0.0
337,0,Vocal,9.437056541442871,-9.437058448791504,0.3660549819469452,0.3660545349121094,0.38802602887153625,63.394500732421875,63.39454650878906,61.1973991394043,0.102204829454422,10.22048282623291,9.437056541442871,-9.437058448791504,0.3660549819469452,0.3660545349121094,0.38802602887153625,63.394500732421875,63.39454650878906,61.1973991394043,0.102204829454422,10.22048282623291,0.0
337,1,Bass,40.55889892578125,-40.55999755859375,0.03713328391313553,0.03713328018784523,0.036948107182979584,96.28667449951172,96.28667449951172,96.30519104003906,8.789325511315838e-05,0.008789325132966042,40.55889892578125,-40.55999755859375,0.03713328391313553,0.03713328018784523,0.036948107182979584,96.28667449951172,96.28667449951172,96.30519104003906,8.789325511315838e-05,0.008789325132966042,0.0
337,2,Drums,43.05620574951172,-43.058387756347656,0.0012643092777580023,0.0012643091613426805,0.0018440685234963894,99.87356567382812,99.87356567382812,99.81559753417969,4.946162152918987e-05,0.0049461619928479195,43.05620574951172,-43.058387756347656,0.0012643092777580023,0.0012643091613426805,0.0018440685234963894,99.87356567382812,99.87356567382812,99.81559753417969,4.946162152918987e-05,0.0049461619928479195,0.0
338,0,Vocal,19.20305061340332,-19.20305633544922,0.03485390916466713,0.034853823482990265,0.034576646983623505,96.51460266113281,96.51461791992188,96.5423355102539,0.01187159214168787,1.1871591806411743,19.20305061340332,-19.20305633544922,0.03485390916466713,0.034853823482990265,0.034576646983623505,96.51460266113281,96.51461791992188,96.5423355102539,0.01187159214168787,1.1871591806411743,0.0
338,1,Bass,21.71809196472168,-21.718154907226562,0.04565320163965225,0.04565318673849106,0.03914991766214371,95.43467712402344,95.43468475341797,96.08500671386719,0.006687629036605358,0.6687629222869873,21.71809196472168,-21.718154907226562,0.04565320163965225,0.04565318673849106,0.03914991766214371,95.43467712402344,95.43468475341797,96.08500671386719,0.006687629036605358,0.6687629222869873,0.0
338,2,Drums,30.46735954284668,-30.4674072265625,0.0005758804618380964,0.0005758801707997918,0.0016523360973224044,99.94241333007812,99.94241333007812,99.83476257324219,0.0008971411734819412,0.08971411734819412,30.46735954284668,-30.4674072265625,0.0005758804618380964,0.0005758801707997918,0.0016523360973224044,99.94241333007812,99.94241333007812,99.83476257324219,0.0008971411734819412,0.08971411734819412,0.0
339,0,Vocal,22.294767379760742,-22.294788360595703,0.015942875295877457,0.01594286784529686,0.017076564952731133,98.40571594238281,98.40571594238281,98.29234313964844,0.005860964767634869,0.586096465587616,22.294767379760742,-22.294788360595703,0.015942875295877457,0.01594286784529686,0.017076564952731133,98.40571594238281,98.40571594238281,98.29234313964844,0.005860964767634869,0.586096465587616,0.0
339,1,Bass,38.44446563720703,-38.443214416503906,0.026607219129800797,0.026607196778059006,0.02792637050151825,97.33927917480469,97.33927917480469,97.20735931396484,0.0001430333941243589,0.014303339645266533,38.44446563720703,-38.443214416503906,0.026607219129800797,0.026607196778059006,0.02792637050151825,97.33927917480469,97.33927917480469,97.20735931396484,0.0001430333941243589,0.014303339645266533,0.0
339,2,Drums,28.357364654541016,-28.357431411743164,0.001582861877977848,0.0015828616451472044,0.0030177810695022345,99.84171295166016,99.84171295166016,99.6982192993164,0.0014575482346117496,0.1457548290491104,28.357364654541016,-28.357431411743164,0.001582861877977848,0.0015828616451472044,0.0030177810695022345,99.84171295166016,99.84171295166016,99.6982192993164,0.0014575482346117496,0.1457548290491104,0.0
340,0,Vocal,16.65239715576172,-16.65238380432129,0.12621550261974335,0.12621383368968964,0.12917616963386536,87.37844848632812,87.37861633300781,87.08238220214844,0.021157952025532722,2.115795135498047,16.65239715576172,-16.65238380432129,0.12621550261974335,0.12621383368968964,0.12917616963386536,87.37844848632812,87.37861633300781,87.08238220214844,0.021157952025532722,2.115795135498047,0.0
340,1,Bass,46.6600227355957,-46.68209457397461,0.009294547140598297,0.009294502437114716,0.010088132694363594,99.07054138183594,99.07054901123047,98.9911880493164,2.156413029297255e-05,0.0021564129274338484,46.6600227355957,-46.68209457397461,0.009294547140598297,0.009294502437114716,0.010088132694363594,99.07054138183594,99.07054901123047,98.9911880493164,2.156413029297255e-05,0.0021564129274338484,0.0
340,2,Drums,38.75579071044922,-38.755210876464844,0.002855458064004779,0.002855450613424182,0.0029244055040180683,99.7144546508789,99.7144546508789,99.70756530761719,0.00013316786498762667,0.013316786848008633,38.75579071044922,-38.755210876464844,0.002855458064004779,0.002855450613424182,0.0029244055040180683,99.7144546508789,99.7144546508789,99.70756530761719,0.00013316786498762667,0.013316786848008633,0.0
341,0,Vocal,22.077980041503906,-22.077970504760742,0.00356998760253191,0.003569986904039979,0.004501185845583677,99.64300537109375,99.64300537109375,99.54988098144531,0.006159152369946241,0.6159152388572693,22.077980041503906,-22.077970504760742,0.00356998760253191,0.003569986904039979,0.004501185845583677,99.64300537109375,99.64300537109375,99.54988098144531,0.006159152369946241,0.6159152388572693,0.0
341,1,Bass,26.312406539916992,-26.31240463256836,0.009733758866786957,0.009733757004141808,0.0098043791949749,99.02662658691406,99.02662658691406,99.01956176757812,0.0023320873733609915,0.23320873081684113,26.312406539916992,-26.31240463256836,0.009733758866786957,0.009733757004141808,0.0098043791949749,99.02662658691406,99.02662658691406,99.01956176757812,0.0023320873733609915,0.23320873081684113,0.0
341,2,Drums,27.164487838745117,-27.16453742980957,0.0009042315068654716,0.0009042313322424889,0.001282671233639121,99.90957641601562,99.90957641601562,99.87173461914062,0.001917421817779541,0.1917421817779541,27.164487838745117,-27.16453742980957,0.0009042315068654716,0.0009042313322424889,0.001282671233639121,99.90957641601562,99.90957641601562,99.87173461914062,0.001917421817779541,0.1917421817779541,0.0
342,0,Vocal,29.708209991455078,-29.708057403564453,0.01667792722582817,0.016677923500537872,0.018702346831560135,98.33220672607422,98.33220672607422,98.12976837158203,0.0010683739092200994,0.10683739185333252,29.708209991455078,-29.708057403564453,0.01667792722582817,0.016677923500537872,0.018702346831560135,98.33220672607422,98.33220672607422,98.12976837158203,0.0010683739092200994,0.10683739185333252,0.0
342,1,Bass,37.28401184082031,-37.28429412841797,0.019021406769752502,0.01902139186859131,0.019578229635953903,98.09786224365234,98.09786224365234,98.04217529296875,0.0001868400431703776,0.01868400350213051,37.28401184082031,-37.28429412841797,0.019021406769752502,0.01902139186859131,0.019578229635953903,98.09786224365234,98.09786224365234,98.04217529296875,0.0001868400431703776,0.01868400350213051,0.0
342,2,Drums,38.32663345336914,-38.32600021362305,0.006173624657094479,0.006173624191433191,0.006342852953821421,99.38263702392578,99.38263702392578,99.36571502685547,0.00014700478641316295,0.014700478874146938,38.32663345336914,-38.32600021362305,0.006173624657094479,0.006173624191433191,0.006342852953821421,99.38263702392578,99.38263702392578,99.36571502685547,0.00014700478641316295,0.014700478874146938,0.0
343,0,Vocal,11.656557083129883,-11.656558990478516,0.017466023564338684,0.017466016113758087,0.02140820398926735,98.25340270996094,98.25340270996094,97.85917663574219,0.06392282992601395,6.392282962799072,11.656557083129883,-11.656558990478516,0.017466023564338684,0.017466016113758087,0.02140820398926735,98.25340270996094,98.25340270996094,97.85917663574219,0.06392282992601395,6.392282962799072,0.0
343,1,Bass,22.56545639038086,-22.565431594848633,0.00875342357903719,0.008753392845392227,0.011044268496334553,99.1246566772461,99.1246566772461,98.89557647705078,0.005508814938366413,0.5508815050125122,22.56545639038086,-22.565431594848633,0.00875342357903719,0.008753392845392227,0.011044268496334553,99.1246566772461,99.1246566772461,98.89557647705078,0.005508814938366413,0.5508815050125122,0.0
343,2,Drums,25.15742301940918,-25.15732192993164,0.0009258437785319984,0.0009258436621166766,0.0022696300875395536,99.90741729736328,99.90741729736328,99.77304077148438,0.0030404487624764442,0.3040448725223541,25.15742301940918,-25.15732192993164,0.0009258437785319984,0.0009258436621166766,0.0022696300875395536,99.90741729736328,99.90741729736328,99.77304077148438,0.0030404487624764442,0.3040448725223541,0.0
344,0,Vocal,27.006032943725586,-27.005950927734375,0.023085717111825943,0.023085681721568108,0.023770296946167946,97.6914291381836,97.69143676757812,97.62297058105469,0.001988551812246442,0.1988551765680313,27.006032943725586,-27.005950927734375,0.023085717111825943,0.023085681721568108,0.023770296946167946,97.6914291381836,97.69143676757812,97.62297058105469,0.001988551812246442,0.1988551765680313,0.0
344,1,Bass,17.27802085876465,-17.27800750732422,0.042970508337020874,0.042970508337020874,0.04491225257515907,95.70294952392578,95.70294952392578,95.50877380371094,0.018371516838669777,1.8371516466140747,17.27802085876465,-17.27800750732422,0.042970508337020874,0.042970508337020874,0.04491225257515907,95.70294952392578,95.70294952392578,95.50877380371094,0.018371516838669777,1.8371516466140747,0.0
344,2,Drums,38.40483093261719,-38.40387725830078,0.0012304541887715459,0.001230435911566019,0.0018094814149662852,99.876953125,99.87696075439453,99.81905364990234,0.00014437077334150672,0.014437077566981316,38.40483093261719,-38.40387725830078,0.0012304541887715459,0.001230435911566019,0.0018094814149662852,99.876953125,99.87696075439453,99.81905364990234,0.00014437077334150672,0.014437077566981316,0.0
345,0,Vocal,20.351455688476562,-20.351449966430664,0.01594761572778225,0.015947610139846802,0.016903238371014595,98.40523529052734,98.40524291992188,98.30967712402344,0.009138363413512707,0.9138363599777222,20.351455688476562,-20.351449966430664,0.01594761572778225,0.015947610139846802,0.016903238371014595,98.40523529052734,98.40524291992188,98.30967712402344,0.009138363413512707,0.9138363599777222,0.0
345,1,Bass,27.053773880004883,-27.053720474243164,0.015800274908542633,0.015800273045897484,0.012616154737770557,98.41996765136719,98.41996765136719,98.73838806152344,0.0019668492022901773,0.19668492674827576,27.053773880004883,-27.053720474243164,0.015800274908542633,0.015800273045897484,0.012616154737770557,98.41996765136719,98.41996765136719,98.73838806152344,0.0019668492022901773,0.19668492674827576,0.0
345,2,Drums,30.04601287841797,-30.045948028564453,0.0008186426712200046,0.0008186423801817,0.0,99.91813659667969,99.91813659667969,100.0,0.0009884710889309645,0.09884710609912872,30.04601287841797,-30.045948028564453,0.0008186426712200046,0.0008186423801817,0.0,99.91813659667969,99.91813659667969,100.0,0.0009884710889309645,0.09884710609912872,0.0
346,0,Vocal,24.01868438720703,-24.018699645996094,0.010091167874634266,0.010091151110827923,0.011749755591154099,98.99088287353516,98.99089050292969,98.82502746582031,0.003948314115405083,0.39483141899108887,24.01868438720703,-24.018699645996094,0.010091167874634266,0.010091151110827923,0.011749755591154099,98.99088287353516,98.99089050292969,98.82502746582031,0.003948314115405083,0.39483141899108887,0.0
346,1,Bass,31.796581268310547,-31.796628952026367,0.015791358426213264,0.01579132303595543,0.01615792326629162,98.42086791992188,98.42086791992188,98.38420867919922,0.0006608078838326037,0.06608078628778458,31.796581268310547,-31.796628952026367,0.015791358426213264,0.01579132303595543,0.01615792326629162,98.42086791992188,98.42086791992188,98.38420867919922,0.0006608078838326037,0.06608078628778458,0.0
346,2,Drums,36.046844482421875,-36.04684066772461,0.0027094800025224686,0.002709475113078952,0.008114773780107498,99.72904968261719,99.72905731201172,99.18852233886719,0.00024844109429977834,0.024844110012054443,36.046844482421875,-36.04684066772461,0.0027094800025224686,0.002709475113078952,0.008114773780107498,99.72904968261719,99.72905731201172,99.18852233886719,0.00024844109429977834,0.024844110012054443,0.0
347,0,Vocal,30.52608871459961,-30.52608871459961,0.0024432518985122442,0.0024432509671896696,0.0037840972654521465,99.75567626953125,99.75567626953125,99.62158966064453,0.0008851535967551172,0.08851535618305206,30.52608871459961,-30.52608871459961,0.0024432518985122442,0.0024432509671896696,0.0037840972654521465,99.75567626953125,99.75567626953125,99.62158966064453,0.0008851535967551172,0.08851535618305206,0.0
347,1,Bass,39.273460388183594,-39.27315902709961,0.0015905629843473434,0.0015905590262264013,0.0019818476866930723,99.8409423828125,99.8409423828125,99.80181121826172,0.00011822494707303122,0.011822494678199291,39.273460388183594,-39.27315902709961,0.0015905629843473434,0.0015905590262264013,0.0019818476866930723,99.8409423828125,99.8409423828125,99.80181121826172,0.00011822494707303122,0.011822494678199291,0.0
347,2,Drums,17.92076873779297,-17.92075538635254,0.013917378149926662,0.013916956260800362,0.015390530228614807,98.60826110839844,98.60830688476562,98.46094512939453,0.015884360298514366,1.5884360074996948,17.92076873779297,-17.92075538635254,0.013917378149926662,0.013916956260800362,0.015390530228614807,98.60826110839844,98.60830688476562,98.46094512939453,0.015884360298514366,1.5884360074996948,0.0
348,0,Vocal,19.364152908325195,-19.36415672302246,0.002204340184107423,0.002204338787123561,0.0038898519705981016,99.7795639038086,99.7795639038086,99.61101531982422,0.011444244533777237,1.1444244384765625,19.364152908325195,-19.36415672302246,0.002204340184107423,0.002204338787123561,0.0038898519705981016,99.7795639038086,99.7795639038086,99.61101531982422,0.011444244533777237,1.1444244384765625,0.0
348,1,Bass,23.837589263916016,-23.837596893310547,0.005289563909173012,0.005289562977850437,0.02429264411330223,99.4710464477539,99.4710464477539,97.57073211669922,0.004115778487175703,0.41157785058021545,23.837589263916016,-23.837596893310547,0.005289563909173012,0.005289562977850437,0.02429264411330223,99.4710464477539,99.4710464477539,97.57073211669922,0.004115778487175703,0.41157785058021545,0.0
348,2,Drums,19.94802474975586,-19.94801139831543,0.0030892828945070505,0.0030892794020473957,0.028018971905112267,99.69107055664062,99.69107055664062,97.19810485839844,0.010019042529165745,1.0019042491912842,19.94802474975586,-19.94801139831543,0.0030892828945070505,0.0030892794020473957,0.028018971905112267,99.69107055664062,99.69107055664062,97.19810485839844,0.010019042529165745,1.0019042491912842,0.0
349,0,Vocal,22.059917449951172,-22.059926986694336,0.01080895122140646,0.010808950290083885,0.011698709800839424,98.91910552978516,98.91910552978516,98.83012390136719,0.0061846463941037655,0.6184646487236023,22.059917449951172,-22.059926986694336,0.01080895122140646,0.010808950290083885,0.011698709800839424,98.91910552978516,98.91910552978516,98.83012390136719,0.0061846463941037655,0.6184646487236023,0.0
349,1,Bass,38.98534393310547,-38.98576736450195,0.046569909900426865,0.046569693833589554,0.04712247848510742,95.34300994873047,95.34303283691406,95.28775024414062,0.0001263390004169196,0.01263390015810728,38.98534393310547,-38.98576736450195,0.046569909900426865,0.046569693833589554,0.04712247848510742,95.34300994873047,95.34303283691406,95.28775024414062,0.0001263390004169196,0.01263390015810728,0.0
349,2,Drums,33.95692443847656,-33.9566764831543,0.0022665360011160374,0.00226653553545475,0.0019670254550874233,99.77334594726562,99.77334594726562,99.80329895019531,0.00040191246080212295,0.04019124433398247,33.95692443847656,-33.9566764831543,0.0022665360011160374,0.00226653553545475,0.0019670254550874233,99.77334594726562,99.77334594726562,99.80329895019531,0.00040191246080212295,0.04019124433398247,0.0
350,0,Vocal,14.409598350524902,-14.40959358215332,0.05533522367477417,0.05533513426780701,0.05418454855680466,94.46647644042969,94.46648406982422,94.58154296875,0.03496110811829567,3.4961109161376953,14.409598350524902,-14.40959358215332,0.05533522367477417,0.05533513426780701,0.05418454855680466,94.46647644042969,94.46648406982422,94.58154296875,0.03496110811829567,3.4961109161376953,0.0
350,1,Bass,27.930110931396484,-27.930049896240234,0.0061033680103719234,0.0061033423990011215,0.011439741589128971,99.38966369628906,99.38966369628906,98.85602569580078,0.0016080569475889206,0.16080570220947266,27.930110931396484,-27.930049896240234,0.0061033680103719234,0.0061033423990011215,0.011439741589128971,99.38966369628906,99.38966369628906,98.85602569580078,0.0016080569475889206,0.16080570220947266,0.0
350,2,Drums,35.842247009277344,-35.841941833496094,0.0002024144196184352,0.0002024139539571479,0.0,99.9797592163086,99.9797592163086,100.0,0.0002604321052785963,0.026043210178613663,35.842247009277344,-35.841941833496094,0.0002024144196184352,0.0002024139539571479,0.0,99.9797592163086,99.9797592163086,100.0,0.0002604321052785963,0.026043210178613663,0.0
351,0,Vocal,27.240076065063477,-27.240318298339844,0.0026862595696002245,0.0026862595696002245,0.005608638282865286,99.73137664794922,99.73137664794922,99.43914031982422,0.0018843498546630144,0.18843498826026917,27.240076065063477,-27.240318298339844,0.0026862595696002245,0.0026862595696002245,0.005608638282865286,99.73137664794922,99.73137664794922,99.43914031982422,0.0018843498546630144,0.18843498826026917,0.0
351,1,Bass,28.066041946411133,-28.066083908081055,0.0028370723593980074,0.0028370723593980074,0.001046065823175013,99.71629333496094,99.71629333496094,99.89539337158203,0.0015585623914375901,0.15585623681545258,28.066041946411133,-28.066083908081055,0.0028370723593980074,0.0028370723593980074,0.001046065823175013,99.71629333496094,99.71629333496094,99.89539337158203,0.0015585623914375901,0.15585623681545258,0.0
351,2,Drums,22.559646606445312,-22.559616088867188,0.005036279559135437,0.0050362772308290005,0.008773930370807648,99.49636840820312,99.49636840820312,99.12260437011719,0.005516129080206156,0.551612913608551,22.559646606445312,-22.559616088867188,0.005036279559135437,0.0050362772308290005,0.008773930370807648,99.49636840820312,99.49636840820312,99.12260437011719,0.005516129080206156,0.551612913608551,0.0
352,0,Vocal,16.591156005859375,-16.591156005859375,0.02824866585433483,0.028248630464076996,0.027584269642829895,97.17513275146484,97.17514038085938,97.2415771484375,0.02145192213356495,2.1451921463012695,16.591156005859375,-16.591156005859375,0.02824866585433483,0.028248630464076996,0.027584269642829895,97.17513275146484,97.17514038085938,97.2415771484375,0.02145192213356495,2.1451921463012695,0.0
352,1,Bass,15.18017864227295,-15.180176734924316,0.10628408938646317,0.10628380626440048,0.11011388897895813,89.37158966064453,89.37162017822266,88.98861694335938,0.029444420710206032,2.9444420337677,15.18017864227295,-15.180176734924316,0.10628408938646317,0.10628380626440048,0.11011388897895813,89.37158966064453,89.37162017822266,88.98861694335938,0.029444420710206032,2.9444420337677,0.0
352,2,Drums,40.5295524597168,-40.526893615722656,0.0025665664579719305,0.0025665664579719305,0.0029534061904996634,99.74333953857422,99.74333953857422,99.70465850830078,8.853121107676998e-05,0.008853120729327202,40.5295524597168,-40.526893615722656,0.0025665664579719305,0.0025665664579719305,0.0029534061904996634,99.74333953857422,99.74333953857422,99.70465850830078,8.853121107676998e-05,0.008853120729327202,0.0
353,0,Vocal,9.451118469238281,-9.451118469238281,0.052426282316446304,0.05242624878883362,0.051300063729286194,94.75736999511719,94.75737762451172,94.8699951171875,0.1019081398844719,10.190814018249512,9.451118469238281,-9.451118469238281,0.052426282316446304,0.05242624878883362,0.051300063729286194,94.75736999511719,94.75737762451172,94.8699951171875,0.1019081398844719,10.190814018249512,0.0
353,1,Bass,10.449928283691406,-10.449928283691406,0.037587858736515045,0.03758782520890236,0.0358637236058712,96.2412109375,96.24121856689453,96.41362762451172,0.08270227909088135,8.270227432250977,10.449928283691406,-10.449928283691406,0.037587858736515045,0.03758782520890236,0.0358637236058712,96.2412109375,96.24121856689453,96.41362762451172,0.08270227909088135,8.270227432250977,0.0
353,2,Drums,27.546796798706055,-27.546634674072266,0.00023027924180496484,0.00023027797578833997,0.000520570669323206,99.97697448730469,99.97697448730469,99.94794464111328,0.001756155863404274,0.1756155788898468,27.546796798706055,-27.546634674072266,0.00023027924180496484,0.00023027797578833997,0.000520570669323206,99.97697448730469,99.97697448730469,99.94794464111328,0.001756155863404274,0.1756155788898468,0.0
354,0,Vocal,22.49565887451172,-22.495641708374023,0.014297880232334137,0.014297879301011562,0.01505708135664463,98.5702133178711,98.5702133178711,98.49429321289062,0.005597569048404694,0.559756875038147,22.49565887451172,-22.495641708374023,0.014297880232334137,0.014297879301011562,0.01505708135664463,98.5702133178711,98.5702133178711,98.49429321289062,0.005597569048404694,0.559756875038147,0.0
354,1,Bass,10.882867813110352,-10.882864952087402,0.1310618370771408,0.13106073439121246,0.14483673870563507,86.89381408691406,86.89392852783203,85.51632690429688,0.07544753700494766,7.544753551483154,10.882867813110352,-10.882864952087402,0.1310618370771408,0.13106073439121246,0.14483673870563507,86.89381408691406,86.89392852783203,85.51632690429688,0.07544753700494766,7.544753551483154,0.0
354,2,Drums,27.02787208557129,-27.027881622314453,0.004979130811989307,0.0049791294150054455,0.005484871566295624,99.50209045410156,99.50209045410156,99.4515151977539,0.0019786010961979628,0.19786010682582855,27.02787208557129,-27.027881622314453,0.004979130811989307,0.0049791294150054455,0.005484871566295624,99.50209045410156,99.50209045410156,99.4515151977539,0.0019786010961979628,0.19786010682582855,0.0
355,0,Vocal,20.284385681152344,-20.28435516357422,0.024872375652194023,0.024872364476323128,0.02524537406861782,97.51276397705078,97.51276397705078,97.4754638671875,0.009279259480535984,0.9279259443283081,20.284385681152344,-20.28435516357422,0.024872375652194023,0.024872364476323128,0.02524537406861782,97.51276397705078,97.51276397705078,97.4754638671875,0.009279259480535984,0.9279259443283081,0.0
355,1,Bass,24.067533493041992,-24.06755828857422,0.0706794410943985,0.07067934423685074,0.07499924302101135,92.93206024169922,92.93206024169922,92.50007629394531,0.003904322860762477,0.39043229818344116,24.067533493041992,-24.06755828857422,0.0706794410943985,0.07067934423685074,0.07499924302101135,92.93206024169922,92.93206024169922,92.50007629394531,0.003904322860762477,0.39043229818344116,0.0
355,2,Drums,29.136672973632812,-29.13661766052246,0.011258759535849094,0.01125875674188137,0.011255872435867786,98.8741226196289,98.8741226196289,98.8744125366211,0.001218438264913857,0.12184382975101471,29.136672973632812,-29.13661766052246,0.011258759535849094,0.01125875674188137,0.011255872435867786,98.8741226196289,98.8741226196289,98.8744125366211,0.001218438264913857,0.12184382975101471,0.0
356,0,Vocal,17.749046325683594,-17.74905014038086,0.020576030015945435,0.02057601511478424,0.02286653406918049,97.94239807128906,97.94239807128906,97.71334838867188,0.016514405608177185,1.6514406204223633,17.749046325683594,-17.74905014038086,0.020576030015945435,0.02057601511478424,0.02286653406918049,97.94239807128906,97.94239807128906,97.71334838867188,0.016514405608177185,1.6514406204223633,0.0
356,1,Bass,13.434515953063965,-13.434514999389648,0.031171496957540512,0.031171487644314766,0.040603410452604294,96.88285064697266,96.88285064697266,95.93965911865234,0.043379850685596466,4.337985038757324,13.434515953063965,-13.434514999389648,0.031171496957540512,0.031171487644314766,0.040603410452604294,96.88285064697266,96.88285064697266,95.93965911865234,0.043379850685596466,4.337985038757324,0.0
356,2,Drums,32.95132064819336,-32.95124435424805,0.001378874876536429,0.001378874760121107,0.0024850645568221807,99.86211395263672,99.86211395263672,99.75149536132812,0.000506567070260644,0.05065670609474182,32.95132064819336,-32.95124435424805,0.001378874876536429,0.001378874760121107,0.0024850645568221807,99.86211395263672,99.86211395263672,99.75149536132812,0.000506567070260644,0.05065670609474182,0.0
357,0,Vocal,18.069753646850586,-18.069747924804688,0.05229762941598892,0.052297573536634445,0.054713670164346695,94.77023315429688,94.7702407836914,94.52863311767578,0.015356901101768017,1.5356900691986084,18.069753646850586,-18.069747924804688,0.05229762941598892,0.052297573536634445,0.054713670164346695,94.77023315429688,94.7702407836914,94.52863311767578,0.015356901101768017,1.5356900691986084,0.0
357,1,Bass,16.556047439575195,-16.5560359954834,0.11356514692306519,0.11356504261493683,0.11280661076307297,88.64348602294922,88.64349365234375,88.7193374633789,0.021622344851493835,2.1622345447540283,16.556047439575195,-16.5560359954834,0.11356514692306519,0.11356504261493683,0.11280661076307297,88.64348602294922,88.64349365234375,88.7193374633789,0.021622344851493835,2.1622345447540283,0.0
357,2,Drums,37.43055725097656,-37.4303092956543,0.0025077403988689184,0.0025077383033931255,0.0032749520614743233,99.74922180175781,99.74922180175781,99.67250061035156,0.0001806495274649933,0.0180649533867836,37.43055725097656,-37.4303092956543,0.0025077403988689184,0.0025077383033931255,0.0032749520614743233,99.74922180175781,99.74922180175781,99.67250061035156,0.0001806495274649933,0.0180649533867836,0.0
358,0,Vocal,21.432788848876953,-21.432758331298828,0.017503848299384117,0.01750384084880352,0.017622629180550575,98.2496109008789,98.2496109008789,98.23773193359375,0.007138588931411505,0.7138589024543762,21.432788848876953,-21.432758331298828,0.017503848299384117,0.01750384084880352,0.017622629180550575,98.2496109008789,98.2496109008789,98.23773193359375,0.007138588931411505,0.7138589024543762,0.0
358,1,Bass,12.82535171508789,-12.825345039367676,0.21046869456768036,0.21046867966651917,0.20351655781269073,78.95313262939453,78.95313262939453,79.64834594726562,0.049588073045015335,4.958807468414307,12.82535171508789,-12.825345039367676,0.21046869456768036,0.21046867966651917,0.20351655781269073,78.95313262939453,78.95313262939453,79.64834594726562,0.049588073045015335,4.958807468414307,0.0
358,2,Drums,23.890514373779297,-23.890525817871094,0.00029841772629879415,0.0002984151942655444,0.0014634483959525824,99.97015380859375,99.97015380859375,99.85365295410156,0.004066090099513531,0.4066089987754822,23.890514373779297,-23.890525817871094,0.00029841772629879415,0.0002984151942655444,0.0014634483959525824,99.97015380859375,99.97015380859375,99.85365295410156,0.004066090099513531,0.4066089987754822,0.0
359,0,Vocal,17.219621658325195,-17.219650268554688,0.0017252032412216067,0.0017252027755603194,0.0020096045918762684,99.82748413085938,99.82748413085938,99.79903411865234,0.018615543842315674,1.8615543842315674,17.219621658325195,-17.219650268554688,0.0017252032412216067,0.0017252027755603194,0.0020096045918762684,99.82748413085938,99.82748413085938,99.79903411865234,0.018615543842315674,1.8615543842315674,0.0
359,1,Bass,29.962928771972656,-29.96291160583496,0.0014303126372396946,0.0014303027419373393,0.0026513359043747187,99.85696411132812,99.85697174072266,99.73486328125,0.001007606158964336,0.10076061636209488,29.962928771972656,-29.96291160583496,0.0014303126372396946,0.0014303027419373393,0.0026513359043747187,99.85696411132812,99.85697174072266,99.73486328125,0.001007606158964336,0.10076061636209488,0.0
359,2,Drums,-3.5137887001037598,3.5137887001037598,0.11972693353891373,0.11972611397504807,0.1451033502817154,88.02730560302734,88.02738952636719,85.48966979980469,0.691913366317749,69.19133758544922,-3.5137887001037598,3.5137887001037598,0.11972693353891373,0.11972611397504807,0.1451033502817154,88.02730560302734,88.02738952636719,85.48966979980469,0.691913366317749,69.19133758544922,0.0
360,0,Vocal,25.97046661376953,-25.97049331665039,0.006071136798709631,0.006071136798709631,0.008580809459090233,99.39288330078125,99.39288330078125,99.14192199707031,0.0025226243305951357,0.2522624433040619,25.97046661376953,-25.97049331665039,0.006071136798709631,0.006071136798709631,0.008580809459090233,99.39288330078125,99.39288330078125,99.14192199707031,0.0025226243305951357,0.2522624433040619,0.0
360,1,Bass,15.670402526855469,-15.67039680480957,0.05845832824707031,0.058458030223846436,0.06564418971538544,94.15416717529297,94.1541976928711,93.43557739257812,0.026384441182017326,2.638444185256958,15.670402526855469,-15.67039680480957,0.05845832824707031,0.058458030223846436,0.06564418971538544,94.15416717529297,94.1541976928711,93.43557739257812,0.026384441182017326,2.638444185256958,0.0
360,2,Drums,24.29568862915039,-24.295631408691406,0.0005049601895734668,0.0005049601895734668,0.0015341900289058685,99.94950103759766,99.94950103759766,99.8465805053711,0.0037052875850349665,0.3705287575721741,24.29568862915039,-24.295631408691406,0.0005049601895734668,0.0005049601895734668,0.0015341900289058685,99.94950103759766,99.94950103759766,99.8465805053711,0.0037052875850349665,0.3705287575721741,0.0
361,0,Vocal,33.548858642578125,-33.549007415771484,0.023348750546574593,0.023348744958639145,0.02741226740181446,97.66512298583984,97.66512298583984,97.25877380371094,0.0004414601135067642,0.044146012514829636,33.548858642578125,-33.549007415771484,0.023348750546574593,0.023348744958639145,0.02741226740181446,97.66512298583984,97.66512298583984,97.25877380371094,0.0004414601135067642,0.044146012514829636,0.0
361,1,Bass,16.130050659179688,-16.130041122436523,0.03743944689631462,0.037439215928316116,0.028111876919865608,96.25605010986328,96.2560806274414,97.18881225585938,0.023797694593667984,2.3797695636749268,16.130050659179688,-16.130041122436523,0.03743944689631462,0.037439215928316116,0.028111876919865608,96.25605010986328,96.2560806274414,97.18881225585938,0.023797694593667984,2.3797695636749268,0.0
361,2,Drums,34.844520568847656,-34.84476089477539,0.00252726161852479,0.0025272562634199858,0.0007830534013919532,99.74727630615234,99.74727630615234,99.92169952392578,0.00032763733179308474,0.032763734459877014,34.844520568847656,-34.84476089477539,0.00252726161852479,0.0025272562634199858,0.0007830534013919532,99.74727630615234,99.74727630615234,99.92169952392578,0.00032763733179308474,0.032763734459877014,0.0
362,0,Vocal,26.36141014099121,-26.361379623413086,0.0075136590749025345,0.0075136576779186726,0.015241147950291634,99.2486343383789,99.2486343383789,98.47588348388672,0.0023060219828039408,0.2306022047996521,26.36141014099121,-26.361379623413086,0.0075136590749025345,0.0075136576779186726,0.015241147950291634,99.2486343383789,99.2486343383789,98.47588348388672,0.0023060219828039408,0.2306022047996521,0.0
362,1,Bass,25.986955642700195,-25.986957550048828,0.001389598473906517,0.0013895940501242876,0.002256441628560424,99.86103820800781,99.86103820800781,99.77435302734375,0.0025131397414952517,0.2513139843940735,25.986955642700195,-25.986957550048828,0.001389598473906517,0.0013895940501242876,0.002256441628560424,99.86103820800781,99.86103820800781,99.77435302734375,0.0025131397414952517,0.2513139843940735,0.0
362,2,Drums,33.27824401855469,-33.278011322021484,0.015689682215452194,0.015689676627516747,0.01940765045583248,98.4310302734375,98.4310302734375,98.05923461914062,0.0004699030832853168,0.04699030891060829,33.27824401855469,-33.278011322021484,0.015689682215452194,0.015689676627516747,0.01940765045583248,98.4310302734375,98.4310302734375,98.05923461914062,0.0004699030832853168,0.04699030891060829,0.0
363,0,Vocal,16.81624984741211,-16.816232681274414,0.010844288393855095,0.010844227857887745,0.015963571146130562,98.91557312011719,98.91557312011719,98.40364074707031,0.020390501245856285,2.0390501022338867,16.81624984741211,-16.816232681274414,0.010844288393855095,0.010844227857887745,0.015963571146130562,98.91557312011719,98.91557312011719,98.40364074707031,0.020390501245856285,2.0390501022338867,0.0
363,1,Bass,16.33171844482422,-16.331737518310547,0.02261495217680931,0.022614769637584686,0.023576177656650543,97.7385025024414,97.738525390625,97.64237976074219,0.02274240367114544,2.274240255355835,16.33171844482422,-16.331737518310547,0.02261495217680931,0.022614769637584686,0.023576177656650543,97.7385025024414,97.738525390625,97.64237976074219,0.02274240367114544,2.274240255355835,0.0
363,2,Drums,34.04018783569336,-34.03977584838867,0.000505521718878299,0.0005055212532170117,0.00032345473300665617,99.94944763183594,99.94944763183594,99.9676513671875,0.00039429788012057543,0.039429787546396255,34.04018783569336,-34.03977584838867,0.000505521718878299,0.0005055212532170117,0.00032345473300665617,99.94944763183594,99.94944763183594,99.9676513671875,0.00039429788012057543,0.039429787546396255,0.0
364,0,Vocal,18.787744522094727,-18.787729263305664,0.02022356539964676,0.020223531872034073,0.025441590696573257,97.97764587402344,97.97764587402344,97.45584106445312,0.013047322630882263,1.304732322692871,18.787744522094727,-18.787729263305664,0.02022356539964676,0.020223531872034073,0.025441590696573257,97.97764587402344,97.97764587402344,97.45584106445312,0.013047322630882263,1.304732322692871,0.0
364,1,Bass,16.720754623413086,-16.720748901367188,0.06478934735059738,0.0647893100976944,0.08557967096567154,93.52106475830078,93.52107238769531,91.44203186035156,0.020834438502788544,2.0834438800811768,16.720754623413086,-16.720748901367188,0.06478934735059738,0.0647893100976944,0.08557967096567154,93.52106475830078,93.52107238769531,91.44203186035156,0.020834438502788544,2.0834438800811768,0.0
364,2,Drums,37.20710372924805,-37.207088470458984,0.00018383115821052343,0.00018383070710115135,0.0006858272827230394,99.98162078857422,99.98162078857422,99.9314193725586,0.00019021173648070544,0.01902117393910885,37.20710372924805,-37.207088470458984,0.00018383115821052343,0.00018383070710115135,0.0006858272827230394,99.98162078857422,99.98162078857422,99.9314193725586,0.00019021173648070544,0.01902117393910885,0.0
365,0,Vocal,18.066604614257812,-18.06660270690918,0.022514862939715385,0.022514861077070236,0.040072470903396606,97.7485122680664,97.7485122680664,95.99275207519531,0.01536788884550333,1.5367889404296875,18.066604614257812,-18.06660270690918,0.022514862939715385,0.022514861077070236,0.040072470903396606,97.7485122680664,97.7485122680664,95.99275207519531,0.01536788884550333,1.5367889404296875,0.0
365,1,Bass,21.74757194519043,-21.747560501098633,0.005323096178472042,0.005323092453181744,0.006897583603858948,99.46768951416016,99.46768951416016,99.31024169921875,0.006642816588282585,0.6642816662788391,21.74757194519043,-21.747560501098633,0.005323096178472042,0.005323092453181744,0.006897583603858948,99.46768951416016,99.46768951416016,99.31024169921875,0.006642816588282585,0.6642816662788391,0.0
365,2,Drums,29.114395141601562,-29.11435317993164,0.0015127771766856313,0.0015127771766856313,0.0023179256822913885,99.84872436523438,99.84872436523438,99.7682113647461,0.001224688021466136,0.12246879935264587,29.114395141601562,-29.11435317993164,0.0015127771766856313,0.0015127771766856313,0.0023179256822913885,99.84872436523438,99.84872436523438,99.7682113647461,0.001224688021466136,0.12246879935264587,0.0
366,0,Vocal,24.292604446411133,-24.292573928833008,0.0002967474574688822,0.00029674742836505175,0.0035236573312431574,99.97032165527344,99.97032165527344,99.64763641357422,0.0037078855093568563,0.3707885444164276,24.292604446411133,-24.292573928833008,0.0002967474574688822,0.00029674742836505175,0.0035236573312431574,99.97032165527344,99.97032165527344,99.64763641357422,0.0037078855093568563,0.3707885444164276,0.0
366,1,Bass,22.888484954833984,-22.888490676879883,0.0008305878727696836,0.0008305868832394481,0.0007721192669123411,99.91693878173828,99.91693878173828,99.92279052734375,0.0051159183494746685,0.5115918517112732,22.888484954833984,-22.888490676879883,0.0008305878727696836,0.0008305868832394481,0.0007721192669123411,99.91693878173828,99.91693878173828,99.92279052734375,0.0051159183494746685,0.5115918517112732,0.0
366,2,Drums,-7.049983978271484,7.049983024597168,0.10510818660259247,0.10510814934968948,0.11528263986110687,89.48918151855469,89.48918914794922,88.47173309326172,0.8352522850036621,83.52523040771484,-7.049983978271484,7.049983024597168,0.10510818660259247,0.10510814934968948,0.11528263986110687,89.48918151855469,89.48918914794922,88.47173309326172,0.8352522850036621,83.52523040771484,0.0
367,0,Vocal,28.79224395751953,-28.792320251464844,0.006527346093207598,0.006527344696223736,0.009563034400343895,99.3472671508789,99.3472671508789,99.04369354248047,0.001318848691880703,0.1318848729133606,28.79224395751953,-28.792320251464844,0.006527346093207598,0.006527344696223736,0.009563034400343895,99.3472671508789,99.3472671508789,99.04369354248047,0.001318848691880703,0.1318848729133606,0.0
367,1,Bass,18.322952270507812,-18.32294273376465,0.017677847295999527,0.017677847295999527,0.018702233210206032,98.23221588134766,98.23221588134766,98.12977600097656,0.014499819837510586,1.449981927871704,18.322952270507812,-18.32294273376465,0.017677847295999527,0.017677847295999527,0.018702233210206032,98.23221588134766,98.23221588134766,98.12977600097656,0.014499819837510586,1.449981927871704,0.0
367,2,Drums,39.8587646484375,-39.85798645019531,0.001541997422464192,0.0015419943956658244,0.001982780871912837,99.8458023071289,99.8458023071289,99.80171966552734,0.00010328516509616747,0.010328516364097595,39.8587646484375,-39.85798645019531,0.001541997422464192,0.0015419943956658244,0.001982780871912837,99.8458023071289,99.8458023071289,99.80171966552734,0.00010328516509616747,0.010328516364097595,0.0
368,0,Vocal,12.57917308807373,-12.579181671142578,0.09501723945140839,0.09501692652702332,0.0957665666937828,90.49827575683594,90.49830627441406,90.42334747314453,0.05232873186469078,5.23287296295166,12.57917308807373,-12.579181671142578,0.09501723945140839,0.09501692652702332,0.0957665666937828,90.49827575683594,90.49830627441406,90.42334747314453,0.05232873186469078,5.23287296295166,0.0
368,1,Bass,12.286252975463867,-12.28625202178955,0.20195727050304413,0.2019565999507904,0.1980402171611786,79.80426788330078,79.80433654785156,80.19597625732422,0.05577632784843445,5.577632904052734,12.286252975463867,-12.28625202178955,0.20195727050304413,0.2019565999507904,0.1980402171611786,79.80426788330078,79.80433654785156,80.19597625732422,0.05577632784843445,5.577632904052734,0.0
368,2,Drums,45.248695373535156,-45.251792907714844,0.0009561461629346013,0.0009561461629346013,0.0010727423941716552,99.90438842773438,99.90438842773438,99.8927230834961,2.9836040994268842e-05,0.0029836040921509266,45.248695373535156,-45.251792907714844,0.0009561461629346013,0.0009561461629346013,0.0010727423941716552,99.90438842773438,99.90438842773438,99.8927230834961,2.9836040994268842e-05,0.0029836040921509266,0.0
369,0,Vocal,17.248062133789062,-17.248062133789062,0.07448163628578186,0.07448156923055649,0.07555816322565079,92.55184173583984,92.55184173583984,92.44418334960938,0.018496347591280937,1.8496347665786743,17.248062133789062,-17.248062133789062,0.07448163628578186,0.07448156923055649,0.07555816322565079,92.55184173583984,92.55184173583984,92.44418334960938,0.018496347591280937,1.8496347665786743,0.0
369,1,Bass,3.1096222400665283,-3.109621524810791,0.33219659328460693,0.332195907831192,0.3316597640514374,66.78034210205078,66.78041076660156,66.83402252197266,0.32827070355415344,32.82707214355469,3.1096222400665283,-3.109621524810791,0.33219659328460693,0.332195907831192,0.3316597640514374,66.78034210205078,66.78041076660156,66.83402252197266,0.32827070355415344,32.82707214355469,0.0
369,2,Drums,38.79288864135742,-38.79076385498047,0.0012368493480607867,0.0012368493480607867,0.001282346434891224,99.87631225585938,99.87631225585938,99.87176513671875,0.00013205394498072565,0.013205394148826599,38.79288864135742,-38.79076385498047,0.0012368493480607867,0.0012368493480607867,0.001282346434891224,99.87631225585938,99.87631225585938,99.87176513671875,0.00013205394498072565,0.013205394148826599,0.0
370,0,Vocal,11.525083541870117,-11.52508544921875,0.20618773996829987,0.2061874121427536,0.205756276845932,79.3812255859375,79.38125610351562,79.42436981201172,0.0657583624124527,6.575836181640625,11.525083541870117,-11.52508544921875,0.20618773996829987,0.2061874121427536,0.205756276845932,79.3812255859375,79.38125610351562,79.42436981201172,0.0657583624124527,6.575836181640625,0.0
370,1,Bass,3.82460355758667,-3.824603319168091,0.2742900848388672,0.2742897570133209,0.27638348937034607,72.57099151611328,72.57102966308594,72.36164855957031,0.2930436134338379,29.30436134338379,3.82460355758667,-3.824603319168091,0.2742900848388672,0.2742897570133209,0.27638348937034607,72.57099151611328,72.57102966308594,72.36164855957031,0.2930436134338379,29.30436134338379,0.0
370,2,Drums,36.67359924316406,-36.673797607421875,0.0005148764466866851,0.0005148640484549105,0.0010906524257734418,99.94851684570312,99.94851684570312,99.89093780517578,0.00021507056953851134,0.021507056429982185,36.67359924316406,-36.673797607421875,0.0005148764466866851,0.0005148640484549105,0.0010906524257734418,99.94851684570312,99.94851684570312,99.89093780517578,0.00021507056953851134,0.021507056429982185,0.0
371,0,Vocal,11.892367362976074,-11.89236831665039,0.23452700674533844,0.23452700674533844,0.23636691272258759,76.54730224609375,76.54730224609375,76.3633041381836,0.06074977293610573,6.074977397918701,11.892367362976074,-11.89236831665039,0.23452700674533844,0.23452700674533844,0.23636691272258759,76.54730224609375,76.54730224609375,76.3633041381836,0.06074977293610573,6.074977397918701,0.0
371,1,Bass,6.420207977294922,-6.420207500457764,0.12161096930503845,0.12160748243331909,0.10754815489053726,87.83889770507812,87.83924865722656,89.24518585205078,0.18568317592144012,18.568317413330078,6.420207977294922,-6.420207500457764,0.12161096930503845,0.12160748243331909,0.10754815489053726,87.83889770507812,87.83924865722656,89.24518585205078,0.18568317592144012,18.568317413330078,0.0
371,2,Drums,36.54547882080078,-36.544403076171875,0.0003864130121655762,0.0003864079772029072,0.002183516975492239,99.96135711669922,99.96135711669922,99.78164672851562,0.00022149413416627795,0.02214941382408142,36.54547882080078,-36.544403076171875,0.0003864130121655762,0.0003864079772029072,0.002183516975492239,99.96135711669922,99.96135711669922,99.78164672851562,0.00022149413416627795,0.02214941382408142,0.0
372,0,Vocal,12.013315200805664,-12.013321876525879,0.24774101376533508,0.2477407157421112,0.24592995643615723,75.22589874267578,75.22592163085938,75.4070053100586,0.05917995423078537,5.917995452880859,12.013315200805664,-12.013321876525879,0.24774101376533508,0.2477407157421112,0.24592995643615723,75.22589874267578,75.22592163085938,75.4070053100586,0.05917995423078537,5.917995452880859,0.0
372,1,Bass,7.179333686828613,-7.1793341636657715,0.2373601347208023,0.23735842108726501,0.23080384731292725,76.26398468017578,76.26415252685547,76.91961669921875,0.160690039396286,16.06900405883789,7.179333686828613,-7.1793341636657715,0.2373601347208023,0.23735842108726501,0.23080384731292725,76.26398468017578,76.26415252685547,76.91961669921875,0.160690039396286,16.06900405883789,0.0
372,2,Drums,40.474334716796875,-40.47486114501953,0.0006596844177693129,0.0006596833118237555,0.0006080975872464478,99.93402862548828,99.93402862548828,99.93919372558594,8.965955930761993e-05,0.008965956047177315,40.474334716796875,-40.47486114501953,0.0006596844177693129,0.0006596833118237555,0.0006080975872464478,99.93402862548828,99.93402862548828,99.93919372558594,8.965955930761993e-05,0.008965956047177315,0.0
373,0,Vocal,16.137535095214844,-16.137527465820312,0.07193267345428467,0.07193266600370407,0.07235667109489441,92.80673217773438,92.80673217773438,92.76432800292969,0.0237576961517334,2.37576961517334,16.137535095214844,-16.137527465820312,0.07193267345428467,0.07193266600370407,0.07235667109489441,92.80673217773438,92.80673217773438,92.76432800292969,0.0237576961517334,2.37576961517334,0.0
373,1,Bass,7.61948823928833,-7.61948823928833,0.2695285677909851,0.26952847838401794,0.2675311267375946,73.0471420288086,73.04714965820312,73.24688720703125,0.14748656749725342,14.7486572265625,7.61948823928833,-7.61948823928833,0.2695285677909851,0.26952847838401794,0.2675311267375946,73.0471420288086,73.04714965820312,73.24688720703125,0.14748656749725342,14.7486572265625,0.0
373,2,Drums,26.492877960205078,-26.492877960205078,0.0001755233242874965,0.00017552329518366605,0.0005804504617117345,99.9824447631836,99.9824447631836,99.94195556640625,0.002237392822280526,0.22373928129673004,26.492877960205078,-26.492877960205078,0.0001755233242874965,0.00017552329518366605,0.0005804504617117345,99.9824447631836,99.9824447631836,99.94195556640625,0.002237392822280526,0.22373928129673004,0.0
374,0,Vocal,13.7403564453125,-13.74035358428955,0.13356907665729523,0.13356906175613403,0.13261842727661133,86.64309692382812,86.64309692382812,86.7381591796875,0.04054967686533928,4.054967880249023,13.7403564453125,-13.74035358428955,0.13356907665729523,0.13356906175613403,0.13261842727661133,86.64309692382812,86.64309692382812,86.7381591796875,0.04054967686533928,4.054967880249023,0.0
374,1,Bass,9.517899513244629,-9.517899513244629,0.24806393682956696,0.24806387722492218,0.25191810727119446,75.19361114501953,75.19361114501953,74.80818939208984,0.1005093976855278,10.050939559936523,9.517899513244629,-9.517899513244629,0.24806393682956696,0.24806387722492218,0.25191810727119446,75.19361114501953,75.19361114501953,74.80818939208984,0.1005093976855278,10.050939559936523,0.0
374,2,Drums,30.08498191833496,-30.085033416748047,0.00018091226229444146,0.00018091224774252623,0.0005706780357286334,99.9819107055664,99.9819107055664,99.94293212890625,0.0009796592639759183,0.09796592593193054,30.08498191833496,-30.085033416748047,0.00018091226229444146,0.00018091224774252623,0.0005706780357286334,99.9819107055664,99.9819107055664,99.94293212890625,0.0009796592639759183,0.09796592593193054,0.0
375,0,Vocal,15.751766204833984,-15.75177001953125,0.09891247749328613,0.09891042113304138,0.10117097198963165,90.10874938964844,90.10895538330078,89.88290405273438,0.025907378643751144,2.590737819671631,15.751766204833984,-15.75177001953125,0.09891247749328613,0.09891042113304138,0.10117097198963165,90.10874938964844,90.10895538330078,89.88290405273438,0.025907378643751144,2.590737819671631,0.0
375,1,Bass,7.6047258377075195,-7.604725360870361,0.15143969655036926,0.15143781900405884,0.1387374997138977,84.85603332519531,84.85621643066406,86.12625122070312,0.14791445434093475,14.7914457321167,7.6047258377075195,-7.604725360870361,0.15143969655036926,0.15143781900405884,0.1387374997138977,84.85603332519531,84.85621643066406,86.12625122070312,0.14791445434093475,14.7914457321167,0.0
375,2,Drums,26.682348251342773,-26.68228530883789,0.00024126812058966607,0.00024126753851305693,0.0019869909156113863,99.97587585449219,99.97587585449219,99.80130004882812,0.002142051700502634,0.21420517563819885,26.682348251342773,-26.68228530883789,0.00024126812058966607,0.00024126753851305693,0.0019869909156113863,99.97587585449219,99.97587585449219,99.80130004882812,0.002142051700502634,0.21420517563819885,0.0
376,0,Vocal,6.079724311828613,-6.079724311828613,0.020076900720596313,0.020076576620340347,0.020792217925190926,97.9923095703125,97.99234008789062,97.9207763671875,0.19783072173595428,19.783071517944336,6.079724311828613,-6.079724311828613,0.020076900720596313,0.020076576620340347,0.020792217925190926,97.9923095703125,97.99234008789062,97.9207763671875,0.19783072173595428,19.783071517944336,0.0
376,1,Bass,16.11537742614746,-16.11537742614746,0.016276918351650238,0.016276907175779343,0.059379372745752335,98.37230682373047,98.37230682373047,94.06205749511719,0.023876341059803963,2.387634038925171,16.11537742614746,-16.11537742614746,0.016276918351650238,0.016276907175779343,0.059379372745752335,98.37230682373047,98.37230682373047,94.06205749511719,0.023876341059803963,2.387634038925171,0.0
376,2,Drums,18.768287658691406,-18.768281936645508,0.007139722816646099,0.007139713503420353,0.012235384434461594,99.28602600097656,99.28602600097656,98.77645874023438,0.01310514286160469,1.3105143308639526,18.768287658691406,-18.768281936645508,0.007139722816646099,0.007139713503420353,0.012235384434461594,99.28602600097656,99.28602600097656,98.77645874023438,0.01310514286160469,1.3105143308639526,0.0
377,0,Vocal,5.20789098739624,-5.20789098739624,0.00765917357057333,0.0076589686796069145,0.0086583336815238,99.23407745361328,99.23410034179688,99.13416290283203,0.2316245138645172,23.162450790405273,5.20789098739624,-5.20789098739624,0.00765917357057333,0.0076589686796069145,0.0086583336815238,99.23407745361328,99.23410034179688,99.13416290283203,0.2316245138645172,23.162450790405273,0.0
377,1,Bass,19.8714656829834,-19.871471405029297,0.012527387589216232,0.012527113780379295,0.01939283311367035,98.74726104736328,98.7472915649414,98.06071472167969,0.010195383802056313,1.019538402557373,19.8714656829834,-19.871471405029297,0.012527387589216232,0.012527113780379295,0.01939283311367035,98.74726104736328,98.7472915649414,98.06071472167969,0.010195383802056313,1.019538402557373,0.0
377,2,Drums,15.020572662353516,-15.020565032958984,0.005064402706921101,0.005064358934760094,0.008279062807559967,99.49356079101562,99.49356079101562,99.17208862304688,0.030513007193803787,3.0513007640838623,15.020572662353516,-15.020565032958984,0.005064402706921101,0.005064358934760094,0.008279062807559967,99.49356079101562,99.49356079101562,99.17208862304688,0.030513007193803787,3.0513007640838623,0.0
378,0,Vocal,34.28330612182617,-34.2833137512207,0.004860875196754932,0.004860874265432358,0.005536901764571667,99.513916015625,99.513916015625,99.4463119506836,0.000372818554751575,0.03728185594081879,34.28330612182617,-34.2833137512207,0.004860875196754932,0.004860874265432358,0.005536901764571667,99.513916015625,99.513916015625,99.4463119506836,0.000372818554751575,0.03728185594081879,0.0
378,1,Bass,1.649947166442871,-1.6499476432800293,0.7390375733375549,0.7388471961021423,0.7369310259819031,26.096242904663086,26.115280151367188,26.30689811706543,0.4061475098133087,40.614749908447266,1.649947166442871,-1.6499476432800293,0.7390375733375549,0.7388471961021423,0.7369310259819031,26.096242904663086,26.115280151367188,26.30689811706543,0.4061475098133087,40.614749908447266,0.0
378,2,Drums,33.5138053894043,-33.51386642456055,0.007100341375917196,0.007100339978933334,0.007606534752994776,99.28996276855469,99.28996276855469,99.23934936523438,0.0004450893902685493,0.04450893774628639,33.5138053894043,-33.51386642456055,0.007100341375917196,0.007100339978933334,0.007606534752994776,99.28996276855469,99.28996276855469,99.23934936523438,0.0004450893902685493,0.04450893774628639,0.0
379,0,Vocal,14.133919715881348,-14.133906364440918,0.021654313430190086,0.02165427803993225,0.024057187139987946,97.8345718383789,97.8345718383789,97.59427642822266,0.03716716542840004,3.7167165279388428,14.133919715881348,-14.133906364440918,0.021654313430190086,0.02165427803993225,0.024057187139987946,97.8345718383789,97.8345718383789,97.59427642822266,0.03716716542840004,3.7167165279388428,0.0
379,1,Bass,20.64950180053711,-20.64948844909668,0.06667522341012955,0.06666819751262665,0.06829575449228287,93.33247375488281,93.33317565917969,93.17042541503906,0.008537371642887592,0.8537371754646301,20.64950180053711,-20.64948844909668,0.06667522341012955,0.06666819751262665,0.06829575449228287,93.33247375488281,93.33317565917969,93.17042541503906,0.008537371642887592,0.8537371754646301,0.0
379,2,Drums,31.682832717895508,-31.68292999267578,0.014705450274050236,0.014705435372889042,0.014330246485769749,98.52944946289062,98.52945709228516,98.56697082519531,0.0006783186690881848,0.0678318664431572,31.682832717895508,-31.68292999267578,0.014705450274050236,0.014705435372889042,0.014330246485769749,98.52944946289062,98.52945709228516,98.56697082519531,0.0006783186690881848,0.0678318664431572,0.0
380,0,Vocal,17.35955047607422,-17.359542846679688,0.04705264791846275,0.04705255478620529,0.04983950033783913,95.29473876953125,95.29474639892578,95.01605224609375,0.0180360134691,1.8036013841629028,17.35955047607422,-17.359542846679688,0.04705264791846275,0.04705255478620529,0.04983950033783913,95.29473876953125,95.29474639892578,95.01605224609375,0.0180360134691,1.8036013841629028,0.0
380,1,Bass,22.784648895263672,-22.7846622467041,0.023068921640515327,0.023068590089678764,0.02465115860104561,97.69310760498047,97.6931381225586,97.53488159179688,0.00523909367620945,0.5239093899726868,22.784648895263672,-22.7846622467041,0.023068921640515327,0.023068590089678764,0.02465115860104561,97.69310760498047,97.6931381225586,97.53488159179688,0.00523909367620945,0.5239093899726868,0.0
380,2,Drums,16.437925338745117,-16.43792724609375,0.00113982695620507,0.001139820204116404,0.006666839122772217,99.88601684570312,99.88601684570312,99.33331298828125,0.022205231711268425,2.2205231189727783,16.437925338745117,-16.43792724609375,0.00113982695620507,0.001139820204116404,0.006666839122772217,99.88601684570312,99.88601684570312,99.33331298828125,0.022205231711268425,2.2205231189727783,0.0
381,0,Vocal,12.146493911743164,-12.146501541137695,0.006206806283444166,0.006206806283444166,0.006367454770952463,99.37931823730469,99.37931823730469,99.3632583618164,0.05749547481536865,5.749547481536865,12.146493911743164,-12.146501541137695,0.006206806283444166,0.006206806283444166,0.006367454770952463,99.37931823730469,99.37931823730469,99.3632583618164,0.05749547481536865,5.749547481536865,0.0
381,1,Bass,16.009239196777344,-16.00923728942871,0.02022307924926281,0.020223068073391914,0.01831529662013054,97.97769165039062,97.97769165039062,98.16847229003906,0.024452554062008858,2.4452555179595947,16.009239196777344,-16.00923728942871,0.02022307924926281,0.020223068073391914,0.01831529662013054,97.97769165039062,97.97769165039062,98.16847229003906,0.024452554062008858,2.4452555179595947,0.0
381,2,Drums,17.34650421142578,-17.346494674682617,0.004636676050722599,0.0046366555616259575,0.0042997729033231735,99.53633117675781,99.53633880615234,99.57002258300781,0.018089311197400093,1.8089311122894287,17.34650421142578,-17.346494674682617,0.004636676050722599,0.0046366555616259575,0.0042997729033231735,99.53633117675781,99.53633880615234,99.57002258300781,0.018089311197400093,1.8089311122894287,0.0
382,0,Vocal,17.735170364379883,-17.735164642333984,0.06519529223442078,0.06519529223442078,0.06720156967639923,93.48046875,93.48046875,93.27984619140625,0.01656639575958252,1.656639575958252,17.735170364379883,-17.735164642333984,0.06519529223442078,0.06519529223442078,0.06720156967639923,93.48046875,93.48046875,93.27984619140625,0.01656639575958252,1.656639575958252,0.0
382,1,Bass,28.28190040588379,-28.281803131103516,0.09132746607065201,0.09132746607065201,0.09822440892457962,90.86724853515625,90.86724853515625,90.17755889892578,0.0014830828877165914,0.14830829203128815,28.28190040588379,-28.281803131103516,0.09132746607065201,0.09132746607065201,0.09822440892457962,90.86724853515625,90.86724853515625,90.17755889892578,0.0014830828877165914,0.14830829203128815,0.0
382,2,Drums,24.068466186523438,-24.068435668945312,0.013179519213736057,0.013179507106542587,0.012638642452657223,98.68204498291016,98.68205261230469,98.73613739013672,0.003903561271727085,0.3903561234474182,24.068466186523438,-24.068435668945312,0.013179519213736057,0.013179507106542587,0.012638642452657223,98.68204498291016,98.68205261230469,98.73613739013672,0.003903561271727085,0.3903561234474182,0.0
383,0,Vocal,5.119078636169434,-5.119078636169434,0.03465297445654869,0.03465283662080765,0.03457916900515556,96.53470611572266,96.53471374511719,96.54208374023438,0.2352839857339859,23.528398513793945,5.119078636169434,-5.119078636169434,0.03465297445654869,0.03465283662080765,0.03457916900515556,96.53470611572266,96.53471374511719,96.54208374023438,0.2352839857339859,23.528398513793945,0.0
383,1,Bass,15.407547950744629,-15.407544136047363,0.00742509076371789,0.0074249026365578175,0.00015247751434799284,99.25749206542969,99.25750732421875,99.98475646972656,0.027984583750367165,2.7984583377838135,15.407547950744629,-15.407544136047363,0.00742509076371789,0.0074249026365578175,0.00015247751434799284,99.25749206542969,99.25750732421875,99.98475646972656,0.027984583750367165,2.7984583377838135,0.0
383,2,Drums,17.24995994567871,-17.24996566772461,0.011411743238568306,0.011411553248763084,0.01722905971109867,98.85882568359375,98.85884857177734,98.27709197998047,0.01848839595913887,1.8488396406173706,17.24995994567871,-17.24996566772461,0.011411743238568306,0.011411553248763084,0.01722905971109867,98.85882568359375,98.85884857177734,98.27709197998047,0.01848839595913887,1.8488396406173706,0.0
384,0,Vocal,11.865654945373535,-11.865649223327637,0.4346899390220642,0.43468955159187317,0.43957147002220154,56.531005859375,56.53104782104492,56.042850494384766,0.061101701110601425,6.110169887542725,11.865654945373535,-11.865649223327637,0.4346899390220642,0.43468955159187317,0.43957147002220154,56.531005859375,56.53104782104492,56.042850494384766,0.061101701110601425,6.110169887542725,0.0
384,1,Bass,8.146394729614258,-8.146393775939941,0.4483886957168579,0.4483886957168579,0.4560011625289917,55.161128997802734,55.161128997802734,54.39988327026367,0.1328747570514679,13.2874755859375,8.146394729614258,-8.146393775939941,0.4483886957168579,0.4483886957168579,0.4560011625289917,55.161128997802734,55.161128997802734,54.39988327026367,0.1328747570514679,13.2874755859375,0.0
384,2,Drums,43.625701904296875,-43.623077392578125,0.0007572841714136302,0.0007572838803753257,0.0007819297607056797,99.92427062988281,99.92427062988281,99.92180633544922,4.337236168794334e-05,0.004337236285209656,43.625701904296875,-43.623077392578125,0.0007572841714136302,0.0007572838803753257,0.0007819297607056797,99.92427062988281,99.92427062988281,99.92180633544922,4.337236168794334e-05,0.004337236285209656,0.0
385,0,Vocal,13.684931755065918,-13.684932708740234,0.4892932176589966,0.4892929792404175,0.4905034601688385,51.0706787109375,51.070701599121094,50.94965744018555,0.04104909673333168,4.104909896850586,13.684931755065918,-13.684932708740234,0.4892932176589966,0.4892929792404175,0.4905034601688385,51.0706787109375,51.070701599121094,50.94965744018555,0.04104909673333168,4.104909896850586,0.0
385,1,Bass,9.969627380371094,-9.969626426696777,0.7146633267402649,0.7146631479263306,0.7125875949859619,28.533666610717773,28.5336856842041,28.741241455078125,0.09148874878883362,9.14887523651123,9.969627380371094,-9.969626426696777,0.7146633267402649,0.7146631479263306,0.7125875949859619,28.533666610717773,28.5336856842041,28.741241455078125,0.09148874878883362,9.14887523651123,0.0
385,2,Drums,33.46577453613281,-33.46574401855469,0.00163937546312809,0.00163937546312809,0.0011732525890693069,99.8360595703125,99.8360595703125,99.88267517089844,0.0004500717332120985,0.04500717297196388,33.46577453613281,-33.46574401855469,0.00163937546312809,0.00163937546312809,0.0011732525890693069,99.8360595703125,99.8360595703125,99.88267517089844,0.0004500717332120985,0.04500717297196388,0.0
386,0,Vocal,17.896608352661133,-17.896602630615234,0.20655158162117004,0.20655158162117004,0.2108944058418274,79.3448486328125,79.3448486328125,78.91056060791016,0.015971597284078598,1.597159743309021,17.896608352661133,-17.896602630615234,0.20655158162117004,0.20655158162117004,0.2108944058418274,79.3448486328125,79.3448486328125,78.91056060791016,0.015971597284078598,1.597159743309021,0.0
386,1,Bass,14.142717361450195,-14.142728805541992,0.4287661910057068,0.4287658631801605,0.41746240854263306,57.123382568359375,57.123409271240234,58.25375747680664,0.03709467127919197,3.7094671726226807,14.142717361450195,-14.142728805541992,0.4287661910057068,0.4287658631801605,0.41746240854263306,57.123382568359375,57.123409271240234,58.25375747680664,0.03709467127919197,3.7094671726226807,0.0
386,2,Drums,31.583538055419922,-31.583463668823242,0.0016362606547772884,0.0016362606547772884,0.0,99.83637237548828,99.83637237548828,100.0,0.0006940113962627947,0.06940113753080368,31.583538055419922,-31.583463668823242,0.0016362606547772884,0.0016362606547772884,0.0,99.83637237548828,99.83637237548828,100.0,0.0006940113962627947,0.06940113753080368,0.0
387,0,Vocal,5.877786636352539,-5.8777875900268555,0.7022912502288818,0.7022265195846558,0.7139847874641418,29.7708740234375,29.777347564697266,28.601520538330078,0.20531338453292847,20.53133773803711,5.877786636352539,-5.8777875900268555,0.7022912502288818,0.7022265195846558,0.7139847874641418,29.7708740234375,29.777347564697266,28.601520538330078,0.20531338453292847,20.53133773803711,0.0
387,1,Bass,18.409210205078125,-18.40918731689453,0.6634457111358643,0.6634207963943481,0.6643109321594238,33.65542984008789,33.657920837402344,33.56890869140625,0.014218677766621113,1.4218677282333374,18.409210205078125,-18.40918731689453,0.6634457111358643,0.6634207963943481,0.6643109321594238,33.65542984008789,33.657920837402344,33.56890869140625,0.014218677766621113,1.4218677282333374,0.0
387,2,Drums,40.14091873168945,-40.14179611206055,0.0006012412486597896,0.0006012400845065713,0.00035149886389262974,99.93988037109375,99.93988037109375,99.96485137939453,9.677230264060199e-05,0.009677230380475521,40.14091873168945,-40.14179611206055,0.0006012412486597896,0.0006012400845065713,0.00035149886389262974,99.93988037109375,99.93988037109375,99.96485137939453,9.677230264060199e-05,0.009677230380475521,0.0
388,0,Vocal,9.244686126708984,-9.244686126708984,0.2173658162355423,0.2173658013343811,0.21404141187667847,78.26342010498047,78.26342010498047,78.59585571289062,0.10634154826402664,10.6341552734375,9.244686126708984,-9.244686126708984,0.2173658162355423,0.2173658013343811,0.21404141187667847,78.26342010498047,78.26342010498047,78.59585571289062,0.10634154826402664,10.6341552734375,0.0
388,1,Bass,11.984051704406738,-11.984048843383789,0.5343588590621948,0.53435879945755,0.5364924669265747,46.56411361694336,46.56412124633789,46.35075378417969,0.05955633148550987,5.955633163452148,11.984051704406738,-11.984048843383789,0.5343588590621948,0.53435879945755,0.5364924669265747,46.56411361694336,46.56412124633789,46.35075378417969,0.05955633148550987,5.955633163452148,0.0
388,2,Drums,35.336883544921875,-35.33717727661133,0.004360711667686701,0.004360710736364126,0.003752659074962139,99.56392669677734,99.56392669677734,99.6247329711914,0.00029255234403535724,0.029255233705043793,35.336883544921875,-35.33717727661133,0.004360711667686701,0.004360710736364126,0.003752659074962139,99.56392669677734,99.56392669677734,99.6247329711914,0.00029255234403535724,0.029255233705043793,0.0
389,0,Vocal,12.261253356933594,-12.261253356933594,0.22820428013801575,0.22820396721363068,0.2174062430858612,77.17957305908203,77.17960357666016,78.25936889648438,0.05608024448156357,5.608024597167969,12.261253356933594,-12.261253356933594,0.22820428013801575,0.22820396721363068,0.2174062430858612,77.17957305908203,77.17960357666016,78.25936889648438,0.05608024448156357,5.608024597167969,0.0
389,1,Bass,6.402070045471191,-6.402070045471191,0.6945262551307678,0.6945261359214783,0.6781823635101318,30.547374725341797,30.547386169433594,32.1817626953125,0.18631552159786224,18.63155174255371,6.402070045471191,-6.402070045471191,0.6945262551307678,0.6945261359214783,0.6781823635101318,30.547374725341797,30.547386169433594,32.1817626953125,0.18631552159786224,18.63155174255371,0.0
389,2,Drums,38.17093276977539,-38.17021560668945,0.00031102122738957405,0.00031102122738957405,0.0006546750664710999,99.9688949584961,99.9688949584961,99.93453216552734,0.00015236847684718668,0.015236848033964634,38.17093276977539,-38.17021560668945,0.00031102122738957405,0.00031102122738957405,0.0006546750664710999,99.9688949584961,99.9688949584961,99.93453216552734,0.00015236847684718668,0.015236848033964634,0.0
390,0,Vocal,18.481542587280273,-18.48154640197754,0.20043446123600006,0.20043432712554932,0.20137493312358856,79.95655822753906,79.9565658569336,79.86250305175781,0.013987088575959206,1.3987088203430176,18.481542587280273,-18.48154640197754,0.20043446123600006,0.20043432712554932,0.20137493312358856,79.95655822753906,79.9565658569336,79.86250305175781,0.013987088575959206,1.3987088203430176,0.0
390,1,Bass,3.0926897525787354,-3.0926897525787354,0.6876208782196045,0.6876206398010254,0.6776537895202637,31.237911224365234,31.23793601989746,32.234619140625,0.32913094758987427,32.91309356689453,3.0926897525787354,-3.0926897525787354,0.6876208782196045,0.6876206398010254,0.6776537895202637,31.237911224365234,31.23793601989746,32.234619140625,0.32913094758987427,32.91309356689453,0.0
390,2,Drums,36.251708984375,-36.251617431640625,0.0003417744592297822,0.00034177443012595177,0.0004927795380353928,99.9658203125,99.9658203125,99.95072174072266,0.00023700634483247995,0.023700634017586708,36.251708984375,-36.251617431640625,0.0003417744592297822,0.00034177443012595177,0.0004927795380353928,99.9658203125,99.9658203125,99.95072174072266,0.00023700634483247995,0.023700634017586708,0.0
391,0,Vocal,21.72511100769043,-21.725080490112305,0.07117403298616409,0.0711740255355835,0.07209286093711853,92.88259887695312,92.88259887695312,92.79071044921875,0.006677014287561178,0.6677014231681824,21.72511100769043,-21.725080490112305,0.07117403298616409,0.0711740255355835,0.07209286093711853,92.88259887695312,92.88259887695312,92.79071044921875,0.006677014287561178,0.6677014231681824,0.0
391,1,Bass,22.02417755126953,-22.024185180664062,0.5063090920448303,0.5062797665596008,0.5033356547355652,49.36909103393555,49.37202453613281,49.66643524169922,0.0062354207038879395,0.623542070388794,22.02417755126953,-22.024185180664062,0.5063090920448303,0.5062797665596008,0.5033356547355652,49.36909103393555,49.37202453613281,49.66643524169922,0.0062354207038879395,0.623542070388794,0.0
391,2,Drums,36.520999908447266,-36.52092742919922,0.007707538083195686,0.007707478478550911,0.009216350503265858,99.229248046875,99.22925567626953,99.07836151123047,0.00022275454830378294,0.02227545529603958,36.520999908447266,-36.52092742919922,0.007707538083195686,0.007707478478550911,0.009216350503265858,99.229248046875,99.22925567626953,99.07836151123047,0.00022275454830378294,0.02227545529603958,0.0
392,0,Vocal,34.469207763671875,-34.46888732910156,0.036802392452955246,0.03680219501256943,0.03825129568576813,96.31975555419922,96.31978607177734,96.17487335205078,0.0003572273126337677,0.03572273254394531,34.469207763671875,-34.46888732910156,0.036802392452955246,0.03680219501256943,0.03825129568576813,96.31975555419922,96.31978607177734,96.17487335205078,0.0003572273126337677,0.03572273254394531,0.0
392,1,Bass,11.911835670471191,-11.911839485168457,0.2511683404445648,0.25116389989852905,0.2361426204442978,74.88316345214844,74.88361358642578,76.38573455810547,0.06049448251724243,6.049448013305664,11.911835670471191,-11.911839485168457,0.2511683404445648,0.25116389989852905,0.2361426204442978,74.88316345214844,74.88361358642578,76.38573455810547,0.06049448251724243,6.049448013305664,0.0
392,2,Drums,45.619503021240234,-45.61123275756836,0.0004515640903264284,0.0004515640903264284,0.0009912133682519197,99.95484161376953,99.95484161376953,99.90087890625,2.7446303647593595e-05,0.0027446304447948933,45.619503021240234,-45.61123275756836,0.0004515640903264284,0.0004515640903264284,0.0009912133682519197,99.95484161376953,99.95484161376953,99.90087890625,2.7446303647593595e-05,0.0027446304447948933,0.0
393,0,Vocal,26.718830108642578,-26.718772888183594,0.010586561635136604,0.01058655884116888,0.010689428076148033,98.94134521484375,98.94134521484375,98.9310531616211,0.0021242189686745405,0.21242189407348633,26.718830108642578,-26.718772888183594,0.010586561635136604,0.01058655884116888,0.010689428076148033,98.94134521484375,98.94134521484375,98.9310531616211,0.0021242189686745405,0.21242189407348633,0.0
393,1,Bass,10.837244987487793,-10.83724594116211,0.2164137214422226,0.2164137214422226,0.2066190093755722,78.35862731933594,78.35862731933594,79.33809661865234,0.07618352770805359,7.618352890014648,10.837244987487793,-10.83724594116211,0.2164137214422226,0.2164137214422226,0.2066190093755722,78.35862731933594,78.35862731933594,79.33809661865234,0.07618352770805359,7.618352890014648,0.0
393,2,Drums,41.22597122192383,-41.22686767578125,0.004238588735461235,0.004238588735461235,0.004426592029631138,99.57614135742188,99.57614135742188,99.55734252929688,7.540427031926811e-05,0.007540427148342133,41.22597122192383,-41.22686767578125,0.004238588735461235,0.004238588735461235,0.004426592029631138,99.57614135742188,99.57614135742188,99.55734252929688,7.540427031926811e-05,0.007540427148342133,0.0
394,0,Vocal,28.39290428161621,-28.392698287963867,0.015616149641573429,0.015616149641573429,0.014966992661356926,98.43838500976562,98.43838500976562,98.50330352783203,0.0014457331271842122,0.14457331597805023,28.39290428161621,-28.392698287963867,0.015616149641573429,0.015616149641573429,0.014966992661356926,98.43838500976562,98.43838500976562,98.50330352783203,0.0014457331271842122,0.14457331597805023,0.0
394,1,Bass,11.452618598937988,-11.452617645263672,0.32537057995796204,0.3253704011440277,0.330700159072876,67.46294403076172,67.46295928955078,66.92998504638672,0.0667908564209938,6.679085731506348,11.452618598937988,-11.452617645263672,0.32537057995796204,0.3253704011440277,0.330700159072876,67.46294403076172,67.46295928955078,66.92998504638672,0.0667908564209938,6.679085731506348,0.0
394,2,Drums,41.83299255371094,-41.831512451171875,0.0010782127501443028,0.00107821193523705,0.001703913789242506,99.89218139648438,99.89218139648438,99.82960510253906,6.55749681754969e-05,0.006557496730238199,41.83299255371094,-41.831512451171875,0.0010782127501443028,0.00107821193523705,0.001703913789242506,99.89218139648438,99.89218139648438,99.82960510253906,6.55749681754969e-05,0.006557496730238199,0.0
395,0,Vocal,15.864097595214844,-15.864091873168945,0.018812967464327812,0.018812956288456917,0.02097129262983799,98.11870574951172,98.11870574951172,97.90287017822266,0.025262601673603058,2.5262601375579834,15.864097595214844,-15.864091873168945,0.018812967464327812,0.018812956288456917,0.02097129262983799,98.11870574951172,98.11870574951172,97.90287017822266,0.025262601673603058,2.5262601375579834,0.0
395,1,Bass,15.067805290222168,-15.067808151245117,0.16970783472061157,0.16970516741275787,0.1776106208562851,83.02921295166016,83.02948760986328,82.23893737792969,0.030192874372005463,3.019287347793579,15.067805290222168,-15.067808151245117,0.16970783472061157,0.16970516741275787,0.1776106208562851,83.02921295166016,83.02948760986328,82.23893737792969,0.030192874372005463,3.019287347793579,0.0
395,2,Drums,28.731157302856445,-28.730979919433594,0.0012599293841049075,0.0012599275214597583,0.0018254085443913937,99.87400817871094,99.87400817871094,99.81745910644531,0.0013375465059652925,0.1337546557188034,28.731157302856445,-28.730979919433594,0.0012599293841049075,0.0012599275214597583,0.0018254085443913937,99.87400817871094,99.87400817871094,99.81745910644531,0.0013375465059652925,0.1337546557188034,0.0
396,0,Vocal,29.920188903808594,-29.920162200927734,0.05964719131588936,0.05964719131588936,0.062076929956674576,94.0352783203125,94.0352783203125,93.79230499267578,0.001017485628835857,0.10174856334924698,29.920188903808594,-29.920162200927734,0.05964719131588936,0.05964719131588936,0.062076929956674576,94.0352783203125,94.0352783203125,93.79230499267578,0.001017485628835857,0.10174856334924698,0.0
396,1,Bass,9.962220191955566,-9.962217330932617,0.2530973553657532,0.25309717655181885,0.263221800327301,74.69026184082031,74.6902847290039,73.67781829833984,0.09163057804107666,9.163057327270508,9.962220191955566,-9.962217330932617,0.2530973553657532,0.25309717655181885,0.263221800327301,74.69026184082031,74.6902847290039,73.67781829833984,0.09163057804107666,9.163057327270508,0.0
396,2,Drums,42.089149475097656,-42.08944320678711,0.0009810772025957704,0.0009810758056119084,0.00046686752466484904,99.90189361572266,99.90189361572266,99.95330810546875,6.181793287396431e-05,0.006181793287396431,42.089149475097656,-42.08944320678711,0.0009810772025957704,0.0009810758056119084,0.00046686752466484904,99.90189361572266,99.90189361572266,99.95330810546875,6.181793287396431e-05,0.006181793287396431,0.0
397,0,Vocal,26.85024070739746,-26.850208282470703,0.01203281432390213,0.012032812461256981,0.012271608226001263,98.79672241210938,98.79672241210938,98.77284240722656,0.002060985192656517,0.2060985267162323,26.85024070739746,-26.850208282470703,0.01203281432390213,0.012032812461256981,0.012271608226001263,98.79672241210938,98.79672241210938,98.77284240722656,0.002060985192656517,0.2060985267162323,0.0
397,1,Bass,10.089316368103027,-10.08932113647461,0.059197138994932175,0.05919663608074188,0.06012514978647232,94.08028411865234,94.08033752441406,93.98748016357422,0.08922361582517624,8.922361373901367,10.089316368103027,-10.08932113647461,0.059197138994932175,0.05919663608074188,0.06012514978647232,94.08028411865234,94.08033752441406,93.98748016357422,0.08922361582517624,8.922361373901367,0.0
397,2,Drums,39.51206970214844,-39.51201629638672,0.002077599987387657,0.0020775969605892897,0.0017261499306187034,99.79224395751953,99.79224395751953,99.82738494873047,0.0001118941800086759,0.011189417913556099,39.51206970214844,-39.51201629638672,0.002077599987387657,0.0020775969605892897,0.0017261499306187034,99.79224395751953,99.79224395751953,99.82738494873047,0.0001118941800086759,0.011189417913556099,0.0
398,0,Vocal,29.885440826416016,-29.885427474975586,0.01387479156255722,0.013874778524041176,0.01397422980517149,98.6125259399414,98.6125259399414,98.60257720947266,0.001025644363835454,0.10256443917751312,29.885440826416016,-29.885427474975586,0.01387479156255722,0.013874778524041176,0.01397422980517149,98.6125259399414,98.6125259399414,98.60257720947266,0.001025644363835454,0.10256443917751312,0.0
398,1,Bass,21.28902816772461,-21.288984298706055,0.10865515470504761,0.10865514725446701,0.11250536143779755,89.13448333740234,89.13448333740234,88.74946594238281,0.007377034053206444,0.7377033829689026,21.28902816772461,-21.288984298706055,0.10865515470504761,0.10865514725446701,0.11250536143779755,89.13448333740234,89.13448333740234,88.74946594238281,0.007377034053206444,0.7377033829689026,0.0
398,2,Drums,34.17289352416992,-34.17277908325195,0.003801771905273199,0.003801767947152257,0.004622441716492176,99.61982727050781,99.61982727050781,99.53775024414062,0.00038247491465881467,0.0382474921643734,34.17289352416992,-34.17277908325195,0.003801771905273199,0.003801767947152257,0.004622441716492176,99.61982727050781,99.61982727050781,99.53775024414062,0.00038247491465881467,0.0382474921643734,0.0
399,0,Vocal,3.8111748695373535,-3.811175584793091,0.6559125185012817,0.6559016108512878,0.6927736401557922,34.408748626708984,34.40983963012695,30.72263526916504,0.29368460178375244,29.368459701538086,3.8111748695373535,-3.811175584793091,0.6559125185012817,0.6559016108512878,0.6927736401557922,34.408748626708984,34.40983963012695,30.72263526916504,0.29368460178375244,29.368459701538086,0.0
399,1,Bass,7.275727272033691,-7.275725364685059,0.09287223219871521,0.09287180751562119,0.08719232678413391,90.71277618408203,90.71282196044922,91.28076934814453,0.15771910548210144,15.771910667419434,7.275727272033691,-7.275725364685059,0.09287223219871521,0.09287180751562119,0.08719232678413391,90.71277618408203,90.71282196044922,91.28076934814453,0.15771910548210144,15.771910667419434,0.0
399,2,Drums,45.25736999511719,-45.255271911621094,4.290913784643635e-05,4.2909134208457544e-05,0.0004092194722034037,99.99571228027344,99.99571228027344,99.95907592773438,2.9792381610604934e-05,0.0029792380519211292,45.25736999511719,-45.255271911621094,4.290913784643635e-05,4.2909134208457544e-05,0.0004092194722034037,99.99571228027344,99.99571228027344,99.95907592773438,2.9792381610604934e-05,0.0029792380519211292,0.0
