idx,ch,stem,lag_in,lag_out,sisdr_in,sisnr_in,sir_in,sar_in,sisdr,sisnr,sir,sar,sisdr_impr,sisnr_impr,sir_impr,sar_impr
0,0,Vocal,0,0,13.261753300816096,13.261753300816094,63.39613164730687,13.261797030320164,13.261753300816096,13.261753300816094,63.39613164730687,13.261797030320164,0.0,0.0,0.0,0.0
0,1,Bass,0,0,8.126555421976814,8.126555421976814,36.7388801842256,8.133457505954956,8.126555421976814,8.126555421976814,36.7388801842256,8.133457505954956,0.0,0.0,0.0,0.0
0,2,Drums,0,0,28.286960060385606,28.286960060385606,38.459886612684855,28.72635720711331,28.286960060385606,28.286960060385606,38.459886612684855,28.72635720711331,0.0,0.0,0.0,0.0
1,0,Vocal,0,0,12.87754294003274,12.87754294003274,43.18341610396962,12.881800805737564,12.87754294003274,12.87754294003274,43.18341610396962,12.881800805737564,0.0,0.0,0.0,0.0
1,1,Bass,0,0,13.21299935223551,13.21299935223551,26.4269309292363,13.435181978131949,13.21299935223551,13.21299935223551,26.4269309292363,13.435181978131949,0.0,0.0,0.0,0.0
1,2,Drums,0,0,19.234766235125555,19.234766235125555,24.35663392025431,20.846323553397426,19.234766235125555,19.234766235125555,24.35663392025431,20.846323553397426,0.0,0.0,0.0,0.0
2,0,Vocal,0,0,19.64276781744895,19.64276781744895,31.64007258078872,19.928971081524324,19.64276781744895,19.64276781744895,31.64007258078872,19.928971081524324,0.0,0.0,0.0,0.0
2,1,Bass,0,0,15.291090879278586,15.291090879278586,28.26277557167891,15.522370509871177,15.291090879278586,15.291090879278586,28.26277557167891,15.522370509871177,0.0,0.0,0.0,0.0
2,2,Drums,0,0,23.51765902881782,23.517659028817818,34.896946683408295,23.847281646416135,23.51765902881782,23.517659028817818,34.896946683408295,23.847281646416135,0.0,0.0,0.0,0.0
3,0,Vocal,0,0,17.758491709269244,17.758491709269244,38.13015967032774,17.799210583498702,17.758491709269244,17.758491709269244,38.13015967032774,17.799210583498702,0.0,0.0,0.0,0.0
3,1,Bass,0,0,7.306945701100042,7.306945701100042,19.963334843398496,7.592738191653776,7.306945701100042,7.306945701100042,19.963334843398496,7.592738191653776,0.0,0.0,0.0,0.0
3,2,Drums,0,0,25.10068231862878,25.10068231862878,29.840477068393593,26.881891844072637,25.10068231862878,25.10068231862878,29.840477068393593,26.881891844072637,0.0,0.0,0.0,0.0
4,0,Vocal,0,0,13.072441639937027,13.072441639937027,56.49061616161681,13.072648853841704,13.072441639937027,13.072441639937027,56.49061616161681,13.072648853841704,0.0,0.0,0.0,0.0
4,1,Bass,1,1,12.798842937714493,12.798842937714493,39.082344398892474,12.809610912790523,12.798842937714493,12.798842937714493,39.082344398892474,12.809610912790523,0.0,0.0,0.0,0.0
4,2,Drums,0,0,24.759570538231483,24.759570538231483,34.437085406846315,25.256063917601516,24.759570538231483,24.759570538231483,34.437085406846315,25.256063917601516,0.0,0.0,0.0,0.0
5,0,Vocal,0,0,16.32929818240615,16.32929818240615,49.726975090778396,16.3313307135966,16.32929818240615,16.32929818240615,49.726975090778396,16.3313307135966,0.0,0.0,0.0,0.0
5,1,Bass,0,0,11.244907435898499,11.244907435898497,28.39539938880192,11.335705839771332,11.244907435898499,11.244907435898497,28.39539938880192,11.335705839771332,0.0,0.0,0.0,0.0
5,2,Drums,0,0,23.891365298720565,23.891365298720565,33.625271811238065,24.381421979298175,23.891365298720565,23.891365298720565,33.625271811238065,24.381421979298175,0.0,0.0,0.0,0.0
6,0,Vocal,0,0,15.582910890880818,15.582910890880818,28.087425261339448,15.84073910305868,15.582910890880818,15.582910890880818,28.087425261339448,15.84073910305868,0.0,0.0,0.0,0.0
6,1,Bass,1,1,14.805744437259914,14.805744437259916,32.19454375285856,14.888327939453038,14.805744437259914,14.805744437259916,32.19454375285856,14.888327939453038,0.0,0.0,0.0,0.0
6,2,Drums,0,0,24.431850026870208,24.431850026870208,33.0907339816386,25.06974410268817,24.431850026870208,24.431850026870208,33.0907339816386,25.06974410268817,0.0,0.0,0.0,0.0
7,0,Vocal,0,0,10.3415148830392,10.3415148830392,39.59609144425306,10.347150558983609,10.3415148830392,10.3415148830392,39.59609144425306,10.347150558983609,0.0,0.0,0.0,0.0
7,1,Bass,0,0,13.22825825933598,13.228258259335984,31.260742475013856,13.300366797217062,13.22825825933598,13.228258259335984,31.260742475013856,13.300366797217062,0.0,0.0,0.0,0.0
7,2,Drums,0,0,21.960980489452474,21.960980489452474,33.05317465907915,22.314710764089355,21.960980489452474,21.960980489452474,33.05317465907915,22.314710764089355,0.0,0.0,0.0,0.0
8,0,Vocal,0,0,21.91168617240352,21.91168617240352,35.45508655395792,22.10935875497161,21.91168617240352,21.91168617240352,35.45508655395792,22.10935875497161,0.0,0.0,0.0,0.0
8,1,Bass,0,0,18.112788862752208,18.112788862752204,29.116908449674476,18.477196956330232,18.112788862752208,18.112788862752204,29.116908449674476,18.477196956330232,0.0,0.0,0.0,0.0
8,2,Drums,0,0,21.232373084590556,21.232373084590552,34.83279557899677,21.42761750570906,21.232373084590556,21.232373084590552,34.83279557899677,21.42761750570906,0.0,0.0,0.0,0.0
9,0,Vocal,0,0,24.063547226540997,24.063547226540997,50.94402755749926,24.07249460976045,24.063547226540997,24.063547226540997,50.94402755749926,24.07249460976045,0.0,0.0,0.0,0.0
9,1,Bass,0,0,14.948607888968779,14.948607888968779,28.56781563463819,15.147606250465127,14.948607888968779,14.948607888968779,28.56781563463819,15.147606250465127,0.0,0.0,0.0,0.0
9,2,Drums,0,0,21.4943486318248,21.4943486318248,30.404059522753396,22.095813624366052,21.4943486318248,21.4943486318248,30.404059522753396,22.095813624366052,0.0,0.0,0.0,0.0
10,0,Vocal,0,0,20.648951578413634,20.648951578413634,39.175143067974815,20.710883531935345,20.648951578413634,20.648951578413634,39.175143067974815,20.710883531935345,0.0,0.0,0.0,0.0
10,1,Bass,0,0,13.698026863448284,13.698026863448288,28.61079305680684,13.846435129805304,13.698026863448284,13.698026863448288,28.61079305680684,13.846435129805304,0.0,0.0,0.0,0.0
10,2,Drums,0,0,22.221267632410353,22.221267632410353,32.621421431177296,22.638946953723643,22.221267632410353,22.221267632410353,32.621421431177296,22.638946953723643,0.0,0.0,0.0,0.0
11,0,Vocal,0,0,24.415331043509873,24.415331043509873,51.78938013622745,24.423314675433247,24.415331043509873,24.415331043509873,51.78938013622745,24.423314675433247,0.0,0.0,0.0,0.0
11,1,Bass,0,0,14.709249303626335,14.709249303626335,26.714875424267955,15.00116152732678,14.709249303626335,14.709249303626335,26.714875424267955,15.00116152732678,0.0,0.0,0.0,0.0
11,2,Drums,0,0,18.334923235695868,18.334923235695868,26.458938242552875,19.07116407120084,18.334923235695868,18.334923235695868,26.458938242552875,19.07116407120084,0.0,0.0,0.0,0.0
12,0,Vocal,0,0,22.510199134828763,22.510199134828763,39.572965649676405,22.596936327331637,22.510199134828763,22.510199134828763,39.572965649676405,22.596936327331637,0.0,0.0,0.0,0.0
12,1,Bass,0,0,17.82658436581989,17.82658436581989,30.483509160482797,18.072650863644192,17.82658436581989,17.82658436581989,30.483509160482797,18.072650863644192,0.0,0.0,0.0,0.0
12,2,Drums,0,0,20.682476907950868,20.682476907950868,29.991077355292965,21.228484324413262,20.682476907950868,20.682476907950868,29.991077355292965,21.228484324413262,0.0,0.0,0.0,0.0
13,0,Vocal,0,0,24.31914684223402,24.31914684223402,40.39124727911411,24.428182310985207,24.31914684223402,24.31914684223402,40.39124727911411,24.428182310985207,0.0,0.0,0.0,0.0
13,1,Bass,0,0,15.725826811418369,15.725826811418369,26.2815349853514,16.136038436552212,15.725826811418369,15.725826811418369,26.2815349853514,16.136038436552212,0.0,0.0,0.0,0.0
13,2,Drums,0,0,19.24612332306711,19.24612332306711,29.88571749755621,19.642570650069814,19.24612332306711,19.24612332306711,29.88571749755621,19.642570650069814,0.0,0.0,0.0,0.0
14,0,Vocal,0,0,13.47083449441961,13.47083449441961,45.41052954626289,13.473737146671866,13.47083449441961,13.47083449441961,45.41052954626289,13.473737146671866,0.0,0.0,0.0,0.0
14,1,Bass,0,0,13.532726431994353,13.532726431994355,31.6489328514346,13.60323211041303,13.532726431994353,13.532726431994355,31.6489328514346,13.60323211041303,0.0,0.0,0.0,0.0
14,2,Drums,0,0,25.33383926955025,25.33383926955025,36.58686017679309,25.673076591162843,25.33383926955025,25.33383926955025,36.58686017679309,25.673076591162843,0.0,0.0,0.0,0.0
15,0,Vocal,0,0,22.935695156920026,22.935695156920026,44.548871629284335,22.96590387698254,22.935695156920026,22.935695156920026,44.548871629284335,22.96590387698254,0.0,0.0,0.0,0.0
15,1,Bass,0,0,16.05029898479654,16.050298984796544,25.23541249711045,16.621617180975413,16.05029898479654,16.050298984796544,25.23541249711045,16.621617180975413,0.0,0.0,0.0,0.0
15,2,Drums,0,0,18.069702978996553,18.069702978996556,25.99024636018364,18.84515420607768,18.069702978996553,18.069702978996556,25.99024636018364,18.84515420607768,0.0,0.0,0.0,0.0
16,0,Vocal,0,0,12.654305160970502,12.654305160970502,30.975449930455326,12.722172622383642,12.654305160970502,12.654305160970502,30.975449930455326,12.722172622383642,0.0,0.0,0.0,0.0
16,1,Bass,0,0,5.60528187622204,5.605281876222039,20.23245480877931,5.798539629535018,5.60528187622204,5.605281876222039,20.23245480877931,5.798539629535018,0.0,0.0,0.0,0.0
16,2,Drums,0,0,26.48682767984868,26.48682767984868,46.83177836667291,26.5272145362402,26.48682767984868,26.48682767984868,46.83177836667291,26.5272145362402,0.0,0.0,0.0,0.0
17,0,Vocal,0,0,17.71307169158988,17.71307169158988,36.5704379991685,17.770898488854012,17.71307169158988,17.71307169158988,36.5704379991685,17.770898488854012,0.0,0.0,0.0,0.0
17,1,Bass,0,0,5.131813058105412,5.131813058105412,18.106343598979294,5.4231197199853245,5.131813058105412,5.131813058105412,18.106343598979294,5.4231197199853245,0.0,0.0,0.0,0.0
17,2,Drums,0,0,20.400455877328916,20.400455877328916,25.590348534618826,21.978222478322863,20.400455877328916,20.400455877328916,25.590348534618826,21.978222478322863,0.0,0.0,0.0,0.0
18,0,Vocal,0,0,5.549837329568384,5.549837329568385,27.872309306783283,5.582435495073988,5.549837329568384,5.549837329568385,27.872309306783283,5.582435495073988,0.0,0.0,0.0,0.0
18,1,Bass,0,0,4.78323384307144,4.78323384307144,19.06466009630285,5.001916743258377,4.78323384307144,4.78323384307144,19.06466009630285,5.001916743258377,0.0,0.0,0.0,0.0
18,2,Drums,0,0,28.54105503803914,28.54105503803914,42.642972503083584,28.71354171308813,28.54105503803914,28.54105503803914,42.642972503083584,28.71354171308813,0.0,0.0,0.0,0.0
19,0,Vocal,0,0,6.2062274599116325,6.2062274599116325,29.972095307685507,6.228881399008946,6.2062274599116325,6.2062274599116325,29.972095307685507,6.228881399008946,0.0,0.0,0.0,0.0
19,1,Bass,0,0,5.287992592979962,5.287992592979961,19.084853641726657,5.5263433547333545,5.287992592979962,5.287992592979961,19.084853641726657,5.5263433547333545,0.0,0.0,0.0,0.0
19,2,Drums,0,0,29.290706170775323,29.290706170775323,45.48563058404534,29.39639671236,29.290706170775323,29.290706170775323,45.48563058404534,29.39639671236,0.0,0.0,0.0,0.0
20,0,Vocal,0,0,13.644338407266929,13.644338407266929,35.02487424888074,13.677422153747006,13.644338407266929,13.644338407266929,35.02487424888074,13.677422153747006,0.0,0.0,0.0,0.0
20,1,Bass,0,0,3.0167355179879207,3.0167355179879207,17.891381993277427,3.2304518567481457,3.0167355179879207,3.0167355179879207,17.891381993277427,3.2304518567481457,0.0,0.0,0.0,0.0
20,2,Drums,0,0,25.976351875028506,25.976351875028506,38.72526508620747,26.213899095417567,25.976351875028506,25.976351875028506,38.72526508620747,26.213899095417567,0.0,0.0,0.0,0.0
21,0,Vocal,0,0,11.547463603495341,11.547463603495343,29.801623012087187,11.617415258722701,11.547463603495341,11.547463603495343,29.801623012087187,11.617415258722701,0.0,0.0,0.0,0.0
21,1,Bass,0,0,6.760135049088506,6.7601350490885075,20.77693578773929,6.972035667141288,6.760135049088506,6.7601350490885075,20.77693578773929,6.972035667141288,0.0,0.0,0.0,0.0
21,2,Drums,0,0,26.633969641582524,26.633969641582528,43.695295601862796,26.720441125529156,26.633969641582524,26.633969641582528,43.695295601862796,26.720441125529156,0.0,0.0,0.0,0.0
22,0,Vocal,0,0,2.0029448997048624,2.002944899704863,18.70787802074193,2.154782467162547,2.0029448997048624,2.002944899704863,18.70787802074193,2.154782467162547,0.0,0.0,0.0,0.0
22,1,Bass,0,0,5.1932989912124805,5.1932989912124805,19.644949420285794,5.398856741722927,5.1932989912124805,5.1932989912124805,19.644949420285794,5.398856741722927,0.0,0.0,0.0,0.0
22,2,Drums,0,0,28.73049975989749,28.73049975989749,77.90796716453751,28.73054677955727,28.73049975989749,28.73049975989749,77.90796716453751,28.73054677955727,0.0,0.0,0.0,0.0
23,0,Vocal,0,0,15.019821013577845,15.019821013577845,40.23015248178278,15.033336515273902,15.019821013577845,15.019821013577845,40.23015248178278,15.033336515273902,0.0,0.0,0.0,0.0
23,1,Bass,0,0,5.577450534548047,5.577450534548047,19.341733456443105,5.814182188868989,5.577450534548047,5.577450534548047,19.341733456443105,5.814182188868989,0.0,0.0,0.0,0.0
23,2,Drums,0,0,22.546294211433118,22.546294211433118,29.867298067633115,23.440846054456145,22.546294211433118,22.546294211433118,29.867298067633115,23.440846054456145,0.0,0.0,0.0,0.0
24,0,Vocal,0,0,17.18370933183587,17.18370933183587,40.946628432838345,17.202356345534195,17.18370933183587,17.18370933183587,40.946628432838345,17.202356345534195,0.0,0.0,0.0,0.0
24,1,Bass,0,0,12.506157474848198,12.506157474848198,26.689156033473765,12.6844637995559,12.506157474848198,12.506157474848198,26.689156033473765,12.6844637995559,0.0,0.0,0.0,0.0
24,2,Drums,0,0,23.0794370070128,23.0794370070128,48.42611929490877,23.09219673850508,23.0794370070128,23.0794370070128,48.42611929490877,23.09219673850508,0.0,0.0,0.0,0.0
25,0,Vocal,0,0,18.627747519972246,18.627747519972246,41.33240425532085,18.651427299370535,18.627747519972246,18.627747519972246,41.33240425532085,18.651427299370535,0.0,0.0,0.0,0.0
25,1,Bass,0,0,12.582057431581191,12.582057431581188,28.639356376096377,12.697011050169994,12.582057431581191,12.582057431581188,28.639356376096377,12.697011050169994,0.0,0.0,0.0,0.0
25,2,Drums,0,0,23.31606946176802,23.31606946176802,38.9029735606023,23.438291863393385,23.31606946176802,23.31606946176802,38.9029735606023,23.438291863393385,0.0,0.0,0.0,0.0
26,0,Vocal,0,0,8.120208619029867,8.120208619029869,37.57133897842272,8.12589887837195,8.120208619029867,8.120208619029869,37.57133897842272,8.12589887837195,0.0,0.0,0.0,0.0
26,1,Bass,0,0,9.247461124260482,9.247461124260482,24.343932293200833,9.399844813837676,9.247461124260482,9.247461124260482,24.343932293200833,9.399844813837676,0.0,0.0,0.0,0.0
26,2,Drums,0,0,17.32329984198264,17.32329984198264,35.51562636346526,17.390872676012272,17.32329984198264,17.32329984198264,35.51562636346526,17.390872676012272,0.0,0.0,0.0,0.0
27,0,Vocal,0,0,21.165352283351414,21.165352283351414,46.12211455694858,21.17935107546703,21.165352283351414,21.165352283351414,46.12211455694858,21.17935107546703,0.0,0.0,0.0,0.0
27,1,Bass,0,0,12.698090154223996,12.698090154223996,29.594837720678647,12.792512164933429,12.698090154223996,12.698090154223996,29.594837720678647,12.792512164933429,0.0,0.0,0.0,0.0
27,2,Drums,0,0,23.114602138143287,23.114602138143287,52.204314181349424,23.119986171726936,23.114602138143287,23.114602138143287,52.204314181349424,23.119986171726936,0.0,0.0,0.0,0.0
28,0,Vocal,0,0,13.18456961949446,13.18456961949446,42.48372276141943,13.18992110374037,13.18456961949446,13.18456961949446,42.48372276141943,13.18992110374037,0.0,0.0,0.0,0.0
28,1,Bass,0,0,9.067053083878017,9.067053083878017,23.506767430876362,9.2455063750325,9.067053083878017,9.067053083878017,23.506767430876362,9.2455063750325,0.0,0.0,0.0,0.0
28,2,Drums,0,0,16.499325478344737,16.499325478344737,32.52319512847174,16.611623792673203,16.499325478344737,16.499325478344737,32.52319512847174,16.611623792673203,0.0,0.0,0.0,0.0
29,0,Vocal,0,0,16.62806645827505,16.628066458275047,41.4253744147787,16.64279248832493,16.62806645827505,16.628066458275047,41.4253744147787,16.64279248832493,0.0,0.0,0.0,0.0
29,1,Bass,0,0,9.564051614599283,9.564051614599283,24.918518487043855,9.706475786678523,9.564051614599283,9.564051614599283,24.918518487043855,9.706475786678523,0.0,0.0,0.0,0.0
29,2,Drums,0,0,20.742007859145602,20.742007859145602,33.02050801635434,21.009091850492418,20.742007859145602,20.742007859145602,33.02050801635434,21.009091850492418,0.0,0.0,0.0,0.0
30,0,Vocal,0,0,-0.20663127967321665,-0.20663127967321562,25.800258431393157,-0.1843187784528756,-0.20663127967321665,-0.20663127967321562,25.800258431393157,-0.1843187784528756,0.0,0.0,0.0,0.0
30,1,Bass,0,0,9.316936143445918,9.316936143445918,24.83366136349632,9.454857198121967,9.316936143445918,9.316936143445918,24.83366136349632,9.454857198121967,0.0,0.0,0.0,0.0
30,2,Drums,0,0,17.512897011170324,17.512897011170324,37.385425416120476,17.558644518156438,17.512897011170324,17.512897011170324,37.385425416120476,17.558644518156438,0.0,0.0,0.0,0.0
31,0,Vocal,0,0,11.354314294102942,11.354314294102942,34.82533468395462,11.375316696655934,11.354314294102942,11.354314294102942,34.82533468395462,11.375316696655934,0.0,0.0,0.0,0.0
31,1,Bass,0,0,6.34040844508864,6.340408445088642,23.697935096339684,6.439451525771723,6.34040844508864,6.340408445088642,23.697935096339684,6.439451525771723,0.0,0.0,0.0,0.0
31,2,Drums,0,0,29.009193321123007,29.009193321123007,46.70326398644054,29.083773818626263,29.009193321123007,29.009193321123007,46.70326398644054,29.083773818626263,0.0,0.0,0.0,0.0
32,0,Vocal,0,0,6.534825767510604,6.534825767510604,51.599113602915864,6.534990494822396,6.534825767510604,6.534825767510604,51.599113602915864,6.534990494822396,0.0,0.0,0.0,0.0
32,1,Bass,0,0,10.321717492419179,10.321717492419179,29.398009961894243,10.380760596406981,10.321717492419179,10.321717492419179,29.398009961894243,10.380760596406981,0.0,0.0,0.0,0.0
32,2,Drums,0,0,31.66708457651395,31.66708457651395,47.83060460604219,31.773501006311996,31.66708457651395,31.66708457651395,47.83060460604219,31.773501006311996,0.0,0.0,0.0,0.0
33,0,Vocal,0,0,4.537027034212653,4.537027034212653,50.81868130258989,4.5371649216663155,4.537027034212653,4.537027034212653,50.81868130258989,4.5371649216663155,0.0,0.0,0.0,0.0
33,1,Bass,0,0,8.925657991735806,8.925657991735807,27.263277874248008,8.997960256803974,8.925657991735806,8.925657991735807,27.263277874248008,8.997960256803974,0.0,0.0,0.0,0.0
33,2,Drums,0,0,33.58986860713563,33.58986860713563,56.02522379428721,33.61473512513127,33.58986860713563,33.58986860713563,56.02522379428721,33.61473512513127,0.0,0.0,0.0,0.0
34,0,Vocal,0,0,5.758992628779697,5.758992628779696,30.26534035343156,5.778489855631595,5.758992628779697,5.758992628779696,30.26534035343156,5.778489855631595,0.0,0.0,0.0,0.0
34,1,Bass,0,0,6.43182270432402,6.431822704324022,25.64931501790309,6.495950623610779,6.43182270432402,6.431822704324022,25.64931501790309,6.495950623610779,0.0,0.0,0.0,0.0
34,2,Drums,0,0,33.81193808349292,33.81193808349292,46.20584066987,34.069793852509534,33.81193808349292,33.81193808349292,46.20584066987,34.069793852509534,0.0,0.0,0.0,0.0
35,0,Vocal,0,0,-4.69130920687712,-4.69130920687712,41.07122811089589,-4.690856237898026,-4.69130920687712,-4.69130920687712,41.07122811089589,-4.690856237898026,0.0,0.0,0.0,0.0
35,1,Bass,0,0,8.02033997665852,8.02033997665852,27.299450982522984,8.079996560780602,8.02033997665852,8.02033997665852,27.299450982522984,8.079996560780602,0.0,0.0,0.0,0.0
35,2,Drums,0,0,37.94040968693248,37.94040968693248,50.954838948564365,38.162974933658,37.94040968693248,37.94040968693248,50.954838948564365,38.162974933658,0.0,0.0,0.0,0.0
36,0,Vocal,0,0,12.694257838655325,12.694257838655327,36.95436884891392,12.711448181668514,12.694257838655325,12.694257838655327,36.95436884891392,12.711448181668514,0.0,0.0,0.0,0.0
36,1,Bass,0,0,4.072079429490174,4.072079429490174,21.36201827923498,4.185525132585662,4.072079429490174,4.072079429490174,21.36201827923498,4.185525132585662,0.0,0.0,0.0,0.0
36,2,Drums,0,0,34.1639305156647,34.1639305156647,62.781841619940806,34.16990191591899,34.1639305156647,34.1639305156647,62.781841619940806,34.16990191591899,0.0,0.0,0.0,0.0
37,0,Vocal,0,0,-3.8646148381438787,-3.864614838143879,27.168647795055506,-3.852863832856712,-3.8646148381438787,-3.864614838143879,27.168647795055506,-3.852863832856712,0.0,0.0,0.0,0.0
37,1,Bass,0,0,7.171983618925846,7.171983618925846,25.849346395749745,7.242556768722173,7.171983618925846,7.171983618925846,25.849346395749745,7.242556768722173,0.0,0.0,0.0,0.0
37,2,Drums,0,0,37.32046055422921,37.32046055422921,49.68195083818259,37.58024586802398,37.32046055422921,37.32046055422921,49.68195083818259,37.58024586802398,0.0,0.0,0.0,0.0
38,0,Vocal,0,0,5.3639260072788915,5.3639260072788915,49.1638318919426,5.364159031716751,5.3639260072788915,5.3639260072788915,49.1638318919426,5.364159031716751,0.0,0.0,0.0,0.0
38,1,Bass,0,0,7.096172836955369,7.096172836955368,26.530870883912975,7.155566567173297,7.096172836955369,7.096172836955368,26.530870883912975,7.155566567173297,0.0,0.0,0.0,0.0
38,2,Drums,0,0,35.227976928252296,35.227976928252296,48.43280985049489,35.44079072298302,35.227976928252296,35.227976928252296,48.43280985049489,35.44079072298302,0.0,0.0,0.0,0.0
39,0,Vocal,0,0,3.2983783968210165,3.298378396821018,34.98800971052659,3.302698940031095,3.2983783968210165,3.298378396821018,34.98800971052659,3.302698940031095,0.0,0.0,0.0,0.0
39,1,Bass,0,0,7.664098252053563,7.664098252053563,27.50219588624763,7.71712501280402,7.664098252053563,7.664098252053563,27.50219588624763,7.71712501280402,0.0,0.0,0.0,0.0
39,2,Drums,0,0,37.484376949833454,37.484376949833454,59.81238394393906,37.50984849747149,37.484376949833454,37.484376949833454,59.81238394393906,37.50984849747149,0.0,0.0,0.0,0.0
40,0,Vocal,0,0,15.197039721004762,15.197039721004762,52.35697532629107,15.197899306138885,15.197039721004762,15.197039721004762,52.35697532629107,15.197899306138885,0.0,0.0,0.0,0.0
40,1,Bass,0,0,20.913175628220703,20.913175628220703,35.301545748254036,21.07551096887662,20.913175628220703,20.913175628220703,35.301545748254036,21.07551096887662,0.0,0.0,0.0,0.0
40,2,Drums,0,0,19.339819437941618,19.339819437941618,38.417777763198714,19.394480004261844,19.339819437941618,19.339819437941618,38.417777763198714,19.394480004261844,0.0,0.0,0.0,0.0
41,0,Vocal,0,0,24.7581065119231,24.7581065119231,45.112289510457416,24.7984506358926,24.7581065119231,24.7581065119231,45.112289510457416,24.7984506358926,0.0,0.0,0.0,0.0
41,1,Bass,0,0,12.175689610440122,12.175689610440122,25.576619994902245,12.390844758968992,12.175689610440122,12.175689610440122,25.576619994902245,12.390844758968992,0.0,0.0,0.0,0.0
41,2,Drums,0,0,24.814588790004883,24.814588790004883,32.14885414088945,25.704301060519835,24.814588790004883,24.814588790004883,32.14885414088945,25.704301060519835,0.0,0.0,0.0,0.0
42,0,Vocal,0,0,22.738301924942967,22.738301924942963,32.643643942574656,23.208883375100754,22.738301924942967,22.738301924942963,32.643643942574656,23.208883375100754,0.0,0.0,0.0,0.0
42,1,Bass,0,0,17.98247295182642,17.98247295182642,27.08126361386909,18.561275552077138,17.98247295182642,17.98247295182642,27.08126361386909,18.561275552077138,0.0,0.0,0.0,0.0
42,2,Drums,0,0,21.841679926280158,21.841679926280158,27.34503740036695,23.286135249523042,21.841679926280158,21.841679926280158,27.34503740036695,23.286135249523042,0.0,0.0,0.0,0.0
43,0,Vocal,0,0,15.437785878059437,15.437785878059433,50.39890396419381,15.439210680184996,15.437785878059437,15.437785878059433,50.39890396419381,15.439210680184996,0.0,0.0,0.0,0.0
43,1,Bass,0,0,20.093910714366775,20.093910714366775,34.44064159941065,20.258108263180596,20.093910714366775,20.093910714366775,34.44064159941065,20.258108263180596,0.0,0.0,0.0,0.0
43,2,Drums,0,0,20.344347003719033,20.344347003719033,35.77853809379286,20.471576405752486,20.344347003719033,20.344347003719033,35.77853809379286,20.471576405752486,0.0,0.0,0.0,0.0
44,0,Vocal,0,0,18.737170612880764,18.737170612880764,60.47118926189481,18.737464444304116,18.737170612880764,18.737170612880764,60.47118926189481,18.737464444304116,0.0,0.0,0.0,0.0
44,1,Bass,0,0,16.133636991729013,16.133636991729013,31.83791149265149,16.2548555820039,16.133636991729013,16.133636991729013,31.83791149265149,16.2548555820039,0.0,0.0,0.0,0.0
44,2,Drums,0,0,25.860712954953208,25.8607129549532,62.86884362230542,25.861578370957016,25.860712954953208,25.8607129549532,62.86884362230542,25.861578370957016,0.0,0.0,0.0,0.0
45,0,Vocal,0,0,23.167772300876663,23.167772300876663,47.29911752815223,23.18465614192036,23.167772300876663,23.167772300876663,47.29911752815223,23.18465614192036,0.0,0.0,0.0,0.0
45,1,Bass,0,0,17.17866607705582,17.17866607705582,32.740912334392206,17.303341677374483,17.17866607705582,17.17866607705582,32.740912334392206,17.303341677374483,0.0,0.0,0.0,0.0
45,2,Drums,0,0,25.423123589607957,25.423123589607957,41.91121545802004,25.5220036622066,25.423123589607957,25.423123589607957,41.91121545802004,25.5220036622066,0.0,0.0,0.0,0.0
46,0,Vocal,0,0,17.077747613367556,17.077747613367556,46.30393881074394,17.083041346579087,17.077747613367556,17.077747613367556,46.30393881074394,17.083041346579087,0.0,0.0,0.0,0.0
46,1,Bass,0,0,16.22385222487349,16.22385222487349,25.436317644763363,16.790845261436612,16.22385222487349,16.22385222487349,25.436317644763363,16.790845261436612,0.0,0.0,0.0,0.0
46,2,Drums,0,0,25.29215930342993,25.29215930342993,40.84851413363293,25.41505071811131,25.29215930342993,25.29215930342993,40.84851413363293,25.41505071811131,0.0,0.0,0.0,0.0
47,0,Vocal,0,0,15.286797763771968,15.286797763771968,48.63941693232193,15.288863590149855,15.286797763771968,15.286797763771968,48.63941693232193,15.288863590149855,0.0,0.0,0.0,0.0
47,1,Bass,0,0,13.472247614523328,13.472247614523328,23.380073873250012,13.960082358451809,13.472247614523328,13.472247614523328,23.380073873250012,13.960082358451809,0.0,0.0,0.0,0.0
47,2,Drums,0,0,28.32187179492971,28.32187179492971,44.1297195309371,28.43758642239493,28.32187179492971,28.32187179492971,44.1297195309371,28.43758642239493,0.0,0.0,0.0,0.0
48,0,Vocal,0,0,7.226667152168215,7.226667152168215,38.294119818639146,7.230707925571243,7.226667152168215,7.226667152168215,38.294119818639146,7.230707925571243,0.0,0.0,0.0,0.0
48,1,Bass,0,0,6.238407483688334,6.238407483688334,22.892043693954307,6.355540302995248,6.238407483688334,6.238407483688334,22.892043693954307,6.355540302995248,0.0,0.0,0.0,0.0
48,2,Drums,0,0,29.54549214394147,29.54549214394147,41.587001720806064,29.82605833591999,29.54549214394147,29.54549214394147,41.587001720806064,29.82605833591999,0.0,0.0,0.0,0.0
49,0,Vocal,0,0,15.284259828667874,15.284259828667876,31.27403872823762,15.398243320754188,15.284259828667874,15.284259828667876,31.27403872823762,15.398243320754188,0.0,0.0,0.0,0.0
49,1,Bass,0,0,13.778313412283648,13.778313412283644,33.674643037745724,13.824884126854391,13.778313412283648,13.778313412283644,33.674643037745724,13.824884126854391,0.0,0.0,0.0,0.0
49,2,Drums,0,0,24.397857830837367,24.39785783083737,35.2493048005511,24.771656093428874,24.397857830837367,24.39785783083737,35.2493048005511,24.771656093428874,0.0,0.0,0.0,0.0
50,0,Vocal,0,0,9.101830877207066,9.101830877207068,45.05301929038475,9.103069515616147,9.101830877207066,9.101830877207068,45.05301929038475,9.103069515616147,0.0,0.0,0.0,0.0
50,1,Bass,0,0,6.861407826405007,6.861407826405007,23.86516003129207,6.966658975189319,6.861407826405007,6.861407826405007,23.86516003129207,6.966658975189319,0.0,0.0,0.0,0.0
50,2,Drums,0,0,27.080026637231672,27.080026637231672,38.20897374677894,27.42917744613395,27.080026637231672,27.080026637231672,38.20897374677894,27.42917744613395,0.0,0.0,0.0,0.0
51,0,Vocal,0,0,9.450090375526221,9.450090375526221,42.98503460526237,9.45223329585777,9.450090375526221,9.450090375526221,42.98503460526237,9.45223329585777,0.0,0.0,0.0,0.0
51,1,Bass,0,0,7.389442384332306,7.389442384332306,25.577000336123085,7.467877840081143,7.389442384332306,7.389442384332306,25.577000336123085,7.467877840081143,0.0,0.0,0.0,0.0
51,2,Drums,0,0,27.958830786602633,27.958830786602633,45.026054080919735,28.045137622884596,27.958830786602633,27.958830786602633,45.026054080919735,28.045137622884596,0.0,0.0,0.0,0.0
52,0,Vocal,0,0,8.188209024371547,8.188209024371547,42.12168212313313,8.190231025343918,8.188209024371547,8.188209024371547,42.12168212313313,8.190231025343918,0.0,0.0,0.0,0.0
52,1,Bass,0,0,7.345380608511629,7.345380608511629,24.039431411229245,7.456467639834354,7.345380608511629,7.345380608511629,24.039431411229245,7.456467639834354,0.0,0.0,0.0,0.0
52,2,Drums,0,0,30.41832927600351,30.41832927600351,44.229785139398736,30.6029193681597,30.41832927600351,30.41832927600351,44.229785139398736,30.6029193681597,0.0,0.0,0.0,0.0
53,0,Vocal,0,0,11.576582428982379,11.576582428982379,47.9386605796521,11.577655612797496,11.576582428982379,11.576582428982379,47.9386605796521,11.577655612797496,0.0,0.0,0.0,0.0
53,1,Bass,0,0,9.04268384089523,9.04268384089523,25.572418556291453,9.152357501023165,9.04268384089523,9.04268384089523,25.572418556291453,9.152357501023165,0.0,0.0,0.0,0.0
53,2,Drums,0,0,28.584042671745152,28.584042671745152,40.59460934618659,28.86675635252352,28.584042671745152,28.584042671745152,40.59460934618659,28.86675635252352,0.0,0.0,0.0,0.0
54,0,Vocal,0,0,11.635393513252472,11.635393513252472,35.2790984051882,11.65548924182567,11.635393513252472,11.635393513252472,35.2790984051882,11.65548924182567,0.0,0.0,0.0,0.0
54,1,Bass,0,0,8.650972404575985,8.650972404575985,25.469649047455466,8.754581398012032,8.650972404575985,8.650972404575985,25.469649047455466,8.754581398012032,0.0,0.0,0.0,0.0
54,2,Drums,0,0,30.07949906593764,30.07949906593764,67.69926391592035,30.08024801081168,30.07949906593764,30.07949906593764,67.69926391592035,30.08024801081168,0.0,0.0,0.0,0.0
55,0,Vocal,0,0,7.104013301408536,7.104013301408536,51.66322725966779,7.104194150129651,7.104013301408536,7.104013301408536,51.66322725966779,7.104194150129651,0.0,0.0,0.0,0.0
55,1,Bass,0,0,10.042743864233037,10.042743864233037,28.251766324069656,10.115331460814435,10.042743864233037,10.042743864233037,28.251766324069656,10.115331460814435,0.0,0.0,0.0,0.0
55,2,Drums,0,0,32.205730324351734,32.205730324351734,55.77691073459418,32.22486460435824,32.205730324351734,32.205730324351734,55.77691073459418,32.22486460435824,0.0,0.0,0.0,0.0
56,0,Vocal,0,0,21.403489133991016,21.403489133991016,47.92149681611305,21.413249408849776,21.403489133991016,21.403489133991016,47.92149681611305,21.413249408849776,0.0,0.0,0.0,0.0
56,1,Bass,0,0,21.64153957001843,21.64153957001843,29.8878528966332,22.350527992969162,21.64153957001843,21.64153957001843,29.8878528966332,22.350527992969162,0.0,0.0,0.0,0.0
56,2,Drums,0,0,23.727167700497006,23.727167700497006,40.406622602731055,23.821868283120395,23.727167700497006,23.727167700497006,40.406622602731055,23.821868283120395,0.0,0.0,0.0,0.0
57,0,Vocal,0,0,18.829593791115144,18.829593791115144,27.265759871474557,19.50967544780704,18.829593791115144,18.829593791115144,27.265759871474557,19.50967544780704,0.0,0.0,0.0,0.0
57,1,Bass,0,0,24.26306823010885,24.263068230108846,33.73302946990493,24.785572961091205,24.26306823010885,24.263068230108846,33.73302946990493,24.785572961091205,0.0,0.0,0.0,0.0
57,2,Drums,0,0,24.310995844192288,24.310995844192288,33.616115142022274,24.855003047845,24.310995844192288,24.310995844192288,33.616115142022274,24.855003047845,0.0,0.0,0.0,0.0
58,0,Vocal,0,0,16.171616448896163,16.171616448896163,54.57191781488981,16.172257327211106,16.171616448896163,16.171616448896163,54.57191781488981,16.172257327211106,0.0,0.0,0.0,0.0
58,1,Bass,0,0,22.50378629934343,22.50378629934343,32.94447912011178,22.917247822554558,22.50378629934343,22.50378629934343,32.94447912011178,22.917247822554558,0.0,0.0,0.0,0.0
58,2,Drums,0,0,24.88964074779986,24.88964074779986,52.99807126106347,24.89637879689417,24.88964074779986,24.88964074779986,52.99807126106347,24.89637879689417,0.0,0.0,0.0,0.0
59,0,Vocal,0,0,18.670153147157308,18.670153147157308,27.29351953451014,19.319632225527506,18.670153147157308,18.670153147157308,27.29351953451014,19.319632225527506,0.0,0.0,0.0,0.0
59,1,Bass,0,0,25.285069944317556,25.285069944317556,34.498582613769656,25.84105654116632,25.285069944317556,25.285069944317556,34.498582613769656,25.84105654116632,0.0,0.0,0.0,0.0
59,2,Drums,0,0,20.760663894102738,20.760663894102738,29.346556370985326,21.413091559636808,20.760663894102738,20.760663894102738,29.346556370985326,21.413091559636808,0.0,0.0,0.0,0.0
60,0,Vocal,0,0,21.503218059556243,21.50321805955624,46.76645408167033,21.516251982354156,21.503218059556243,21.50321805955624,46.76645408167033,21.516251982354156,0.0,0.0,0.0,0.0
60,1,Bass,0,0,21.11667935536975,21.11667935536975,28.459837766754674,22.007918300830344,21.11667935536975,21.11667935536975,28.459837766754674,22.007918300830344,0.0,0.0,0.0,0.0
60,2,Drums,0,0,24.2883925640814,24.2883925640814,43.56979118799344,24.340130259481217,24.2883925640814,24.2883925640814,43.56979118799344,24.340130259481217,0.0,0.0,0.0,0.0
61,0,Vocal,0,0,17.84204165989416,17.84204165989416,62.10733614478805,17.842205034099855,17.84204165989416,17.84204165989416,62.10733614478805,17.842205034099855,0.0,0.0,0.0,0.0
61,1,Bass,0,0,24.713930807862702,24.713930807862702,34.0612894756361,25.25216837319015,24.713930807862702,24.713930807862702,34.0612894756361,25.25216837319015,0.0,0.0,0.0,0.0
61,2,Drums,0,0,21.830730386591036,21.830730386591036,48.09527431931039,21.841072136469762,21.830730386591036,21.830730386591036,48.09527431931039,21.841072136469762,0.0,0.0,0.0,0.0
62,0,Vocal,0,0,25.357872101800044,25.357872101800044,47.045634181892346,25.387497114256345,25.357872101800044,25.357872101800044,47.045634181892346,25.387497114256345,0.0,0.0,0.0,0.0
62,1,Bass,0,0,13.318755240980966,13.318755240980966,24.28034146381745,13.697708871631631,13.318755240980966,13.318755240980966,24.28034146381745,13.697708871631631,0.0,0.0,0.0,0.0
62,2,Drums,0,0,31.71552192605472,31.71552192605472,47.27147298947807,31.838146834290256,31.71552192605472,31.71552192605472,47.27147298947807,31.838146834290256,0.0,0.0,0.0,0.0
63,0,Vocal,0,0,15.407677819902512,15.407677819902512,36.57667995462156,15.441936197682246,15.407677819902512,15.407677819902512,36.57667995462156,15.441936197682246,0.0,0.0,0.0,0.0
63,1,Bass,0,0,23.197863706652797,23.197863706652797,35.773995191591794,23.445873584901907,23.197863706652797,23.197863706652797,35.773995191591794,23.445873584901907,0.0,0.0,0.0,0.0
63,2,Drums,0,0,28.326363096830164,28.326363096830164,40.31992543534815,28.610239786940227,28.326363096830164,28.326363096830164,40.31992543534815,28.610239786940227,0.0,0.0,0.0,0.0
64,0,Vocal,0,0,14.315741829333561,14.315741829333561,49.24309743880691,14.317188762906936,14.315741829333561,14.315741829333561,49.24309743880691,14.317188762906936,0.0,0.0,0.0,0.0
64,1,Bass,0,0,12.284812542848037,12.284812542848037,22.689602169648868,12.722970190873951,12.284812542848037,12.284812542848037,22.689602169648868,12.722970190873951,0.0,0.0,0.0,0.0
64,2,Drums,0,0,34.28755962055882,34.28755962055882,49.942582823841526,34.40734415935574,34.28755962055882,34.28755962055882,49.942582823841526,34.40734415935574,0.0,0.0,0.0,0.0
65,0,Vocal,0,0,16.01851930916164,16.01851930916164,42.034053386868486,16.029673071641746,16.01851930916164,16.01851930916164,42.034053386868486,16.029673071641746,0.0,0.0,0.0,0.0
65,1,Bass,0,0,15.698990296468134,15.698990296468134,27.878458831560312,15.977286675112094,15.698990296468134,15.698990296468134,27.878458831560312,15.977286675112094,0.0,0.0,0.0,0.0
65,2,Drums,0,0,30.686856907482607,30.686856907482607,43.05853750776771,30.94619335039626,30.686856907482607,30.686856907482607,43.05853750776771,30.94619335039626,0.0,0.0,0.0,0.0
66,0,Vocal,0,0,16.35363780702085,16.35363780702085,59.71186316574631,16.353841591059737,16.35363780702085,16.35363780702085,59.71186316574631,16.353841591059737,0.0,0.0,0.0,0.0
66,1,Bass,0,0,10.453967467178998,10.453967467178998,20.20873704603085,10.980860327420856,10.453967467178998,10.453967467178998,20.20873704603085,10.980860327420856,0.0,0.0,0.0,0.0
66,2,Drums,0,0,33.25438432794026,33.25438432794026,44.11058741100198,33.626629395039785,33.25438432794026,33.25438432794026,44.11058741100198,33.626629395039785,0.0,0.0,0.0,0.0
67,0,Vocal,0,0,-4.146883347923885,-4.146883347923884,23.98067170483461,-4.122866914738531,-4.146883347923885,-4.146883347923884,23.98067170483461,-4.122866914738531,0.0,0.0,0.0,0.0
67,1,Bass,0,0,14.1147804737774,14.1147804737774,24.52384980805703,14.544491176800456,14.1147804737774,14.1147804737774,24.52384980805703,14.544491176800456,0.0,0.0,0.0,0.0
67,2,Drums,0,0,37.42227256103934,37.42227256103934,48.55445937092217,37.770549817882,37.42227256103934,37.42227256103934,48.55445937092217,37.770549817882,0.0,0.0,0.0,0.0
68,0,Vocal,0,0,10.093558328733954,10.093558328733954,34.88670280372959,10.109394104036687,10.093558328733954,10.093558328733954,34.88670280372959,10.109394104036687,0.0,0.0,0.0,0.0
68,1,Bass,0,0,13.228931544971198,13.228931544971198,23.60151105495663,13.665924544545112,13.228931544971198,13.228931544971198,23.60151105495663,13.665924544545112,0.0,0.0,0.0,0.0
68,2,Drums,0,0,34.35850232753717,34.35850232753717,45.199264060635954,34.732093348616864,34.35850232753717,34.35850232753717,45.199264060635954,34.732093348616864,0.0,0.0,0.0,0.0
69,0,Vocal,0,0,17.303873799004243,17.303873799004243,42.450810420398746,17.317416369252754,17.303873799004243,17.303873799004243,42.450810420398746,17.317416369252754,0.0,0.0,0.0,0.0
69,1,Bass,0,0,16.80471692045035,16.804716920450346,26.746511841144198,17.277983693342634,16.80471692045035,16.804716920450346,26.746511841144198,17.277983693342634,0.0,0.0,0.0,0.0
69,2,Drums,0,0,28.51696036925445,28.51696036925445,37.4668429323828,29.109354636337585,28.51696036925445,28.51696036925445,37.4668429323828,29.109354636337585,0.0,0.0,0.0,0.0
70,0,Vocal,0,0,12.083105998547971,12.083105998547971,38.95579283000549,12.092589694829353,12.083105998547971,12.083105998547971,38.95579283000549,12.092589694829353,0.0,0.0,0.0,0.0
70,1,Bass,0,0,16.230375023852357,16.23037502385236,28.221882952448205,16.520530318400585,16.230375023852357,16.23037502385236,28.221882952448205,16.520530318400585,0.0,0.0,0.0,0.0
70,2,Drums,0,0,26.79454523763353,26.79454523763353,37.47868731345541,27.183127202113745,26.79454523763353,26.79454523763353,37.47868731345541,27.183127202113745,0.0,0.0,0.0,0.0
71,0,Vocal,0,0,8.687571660248546,8.687571660248546,39.977184003657975,8.691236059844003,8.687571660248546,8.687571660248546,39.977184003657975,8.691236059844003,0.0,0.0,0.0,0.0
71,1,Bass,0,0,18.849214572134922,18.849214572134922,25.35889530898978,19.95971854279228,18.849214572134922,18.849214572134922,25.35889530898978,19.95971854279228,0.0,0.0,0.0,0.0
71,2,Drums,0,0,27.019828836084848,27.01982883608485,35.83305055748426,27.632887753392975,27.019828836084848,27.01982883608485,35.83305055748426,27.632887753392975,0.0,0.0,0.0,0.0
72,0,Vocal,0,0,25.91168943281894,25.91168943281894,46.41998864713638,25.950592167191306,25.91168943281894,25.91168943281894,46.41998864713638,25.950592167191306,0.0,0.0,0.0,0.0
72,1,Bass,0,0,4.937194001617119,4.9371940016171205,15.470777978224607,5.460845461072925,4.937194001617119,4.9371940016171205,15.470777978224607,5.460845461072925,0.0,0.0,0.0,0.0
72,2,Drums,0,0,25.890416928339025,25.890416928339025,33.94799453286136,26.63080949871132,25.890416928339025,25.890416928339025,33.94799453286136,26.63080949871132,0.0,0.0,0.0,0.0
73,0,Vocal,0,0,20.20172553815915,20.201725538159145,42.46530962248564,20.2278359398004,20.20172553815915,20.201725538159145,42.46530962248564,20.2278359398004,0.0,0.0,0.0,0.0
73,1,Bass,0,0,8.894536212383654,8.894536212383654,26.061863463831276,8.989466108132797,8.894536212383654,8.894536212383654,26.061863463831276,8.989466108132797,0.0,0.0,0.0,0.0
73,2,Drums,0,0,25.811092808411097,25.811092808411097,32.551474859946886,26.847236501885604,25.811092808411097,25.811092808411097,32.551474859946886,26.847236501885604,0.0,0.0,0.0,0.0
74,0,Vocal,0,0,29.58820339231002,29.588203392310028,50.6454942317341,29.62240698402516,29.58820339231002,29.588203392310028,50.6454942317341,29.62240698402516,0.0,0.0,0.0,0.0
74,1,Bass,0,0,11.261097426451343,11.261097426451343,21.986405201260695,11.672478594661051,11.261097426451343,11.261097426451343,21.986405201260695,11.672478594661051,0.0,0.0,0.0,0.0
74,2,Drums,0,0,16.91580027608164,16.91580027608164,28.40780033854645,17.24155128107205,16.91580027608164,16.91580027608164,28.40780033854645,17.24155128107205,0.0,0.0,0.0,0.0
75,0,Vocal,2324,2324,-50.011483560916176,-50.011483560916176,-16.502292853909662,-33.416272813008405,-50.011483560916176,-50.011483560916176,-16.502292853909662,-33.416272813008405,0.0,0.0,0.0,0.0
75,1,Bass,0,0,8.896661776029376,8.896661776029376,24.449307094164503,9.034865059778882,8.896661776029376,8.896661776029376,24.449307094164503,9.034865059778882,0.0,0.0,0.0,0.0
75,2,Drums,0,0,35.93268423886087,35.93268423886087,51.77465883389857,36.04732577340725,35.93268423886087,35.93268423886087,51.77465883389857,36.04732577340725,0.0,0.0,0.0,0.0
76,0,Vocal,0,0,25.173287304227102,25.173287304227102,49.909366650551725,25.187948451752703,25.173287304227102,25.173287304227102,49.909366650551725,25.187948451752703,0.0,0.0,0.0,0.0
76,1,Bass,0,0,6.203538702269935,6.203538702269935,22.878291170788167,6.320276480015675,6.203538702269935,6.203538702269935,22.878291170788167,6.320276480015675,0.0,0.0,0.0,0.0
76,2,Drums,0,0,29.833496822912583,29.833496822912583,49.569638209367966,29.87993834764406,29.833496822912583,29.833496822912583,49.569638209367966,29.87993834764406,0.0,0.0,0.0,0.0
77,0,Vocal,0,0,21.80860056507486,21.80860056507486,65.25535435003306,21.808797186542492,21.80860056507486,21.80860056507486,65.25535435003306,21.808797186542492,0.0,0.0,0.0,0.0
77,1,Bass,0,0,8.935156983041395,8.935156983041393,24.136817780779275,9.085002138389516,8.935156983041395,8.935156983041393,24.136817780779275,9.085002138389516,0.0,0.0,0.0,0.0
77,2,Drums,0,0,24.28990428192209,24.28990428192209,29.90363236578029,25.6882883194821,24.28990428192209,24.28990428192209,29.90363236578029,25.6882883194821,0.0,0.0,0.0,0.0
78,0,Vocal,0,0,26.41837165822043,26.41837165822043,50.589232941044536,26.43506142408823,26.41837165822043,26.41837165822043,50.589232941044536,26.43506142408823,0.0,0.0,0.0,0.0
78,1,Bass,0,0,2.458346089607656,2.458346089607656,15.025629973921212,2.8401523795443087,2.458346089607656,2.458346089607656,15.025629973921212,2.8401523795443087,0.0,0.0,0.0,0.0
78,2,Drums,0,0,24.234865385185937,24.234865385185937,32.24526286087715,24.984901139833,24.234865385185937,24.234865385185937,32.24526286087715,24.984901139833,0.0,0.0,0.0,0.0
79,0,Vocal,0,0,24.45003688608537,24.45003688608537,44.08032476239717,24.49775276819063,24.45003688608537,24.45003688608537,44.08032476239717,24.49775276819063,0.0,0.0,0.0,0.0
79,1,Bass,0,0,7.450225889454252,7.450225889454252,17.31756944131493,8.002598397284261,7.450225889454252,7.450225889454252,17.31756944131493,8.002598397284261,0.0,0.0,0.0,0.0
79,2,Drums,0,0,22.766690742353486,22.766690742353486,30.040670587720413,23.671835342694227,22.766690742353486,22.766690742353486,30.040670587720413,23.671835342694227,0.0,0.0,0.0,0.0
80,0,Vocal,0,0,8.490226292488783,8.490226292488783,24.41524114563148,8.61834344204794,8.490226292488783,8.490226292488783,24.41524114563148,8.61834344204794,0.0,0.0,0.0,0.0
80,1,Bass,0,0,-4.5142000151332935,-4.5142000151332935,7.540334321575602,-3.530047529261619,-4.5142000151332935,-4.5142000151332935,7.540334321575602,-3.530047529261619,0.0,0.0,0.0,0.0
80,2,Drums,0,0,25.518734775632616,25.518734775632616,30.69399748689008,27.09459483962086,25.518734775632616,25.518734775632616,30.69399748689008,27.09459483962086,0.0,0.0,0.0,0.0
81,0,Vocal,0,0,3.6339685996819733,3.6339685996819733,22.63155017382605,3.7126498915051185,3.6339685996819733,3.6339685996819733,22.63155017382605,3.7126498915051185,0.0,0.0,0.0,0.0
81,1,Bass,0,0,-0.20817728222236656,-0.20817728222236656,13.263100144753553,0.1918114826222407,-0.20817728222236656,-0.20817728222236656,13.263100144753553,0.1918114826222407,0.0,0.0,0.0,0.0
81,2,Drums,0,0,30.97949517399684,30.97949517399684,43.37839727926034,31.237146943252235,30.97949517399684,30.97949517399684,43.37839727926034,31.237146943252235,0.0,0.0,0.0,0.0
82,0,Vocal,0,0,8.976976209526843,8.976976209526844,23.724167456191992,9.143423670297588,8.976976209526843,8.976976209526844,23.724167456191992,9.143423670297588,0.0,0.0,0.0,0.0
82,1,Bass,0,0,-3.3039969279460593,-3.3039969279460593,7.471079113073207,-2.209389321870407,-3.3039969279460593,-3.3039969279460593,7.471079113073207,-2.209389321870407,0.0,0.0,0.0,0.0
82,2,Drums,0,0,23.780327092135984,23.780327092135984,32.37328398721455,24.42908900553948,23.780327092135984,23.780327092135984,32.37328398721455,24.42908900553948,0.0,0.0,0.0,0.0
83,0,Vocal,0,0,9.46279217022067,9.46279217022067,26.356915275185994,9.562540582855867,9.46279217022067,9.46279217022067,26.356915275185994,9.562540582855867,0.0,0.0,0.0,0.0
83,1,Bass,0,0,-1.9777910848418667,-1.9777910848418667,10.296377347341423,-1.3247958043517525,-1.9777910848418667,-1.9777910848418667,10.296377347341423,-1.3247958043517525,0.0,0.0,0.0,0.0
83,2,Drums,0,0,23.257043630803395,23.257043630803395,29.49459358258562,24.44133261145066,23.257043630803395,23.257043630803395,29.49459358258562,24.44133261145066,0.0,0.0,0.0,0.0
84,0,Vocal,0,0,7.682264086396823,7.682264086396824,22.53936305255159,7.850699651411841,7.682264086396823,7.682264086396824,22.53936305255159,7.850699651411841,0.0,0.0,0.0,0.0
84,1,Bass,0,0,-3.8052869935022215,-3.8052869935022215,7.870323117638098,-2.842605856680183,-3.8052869935022215,-3.8052869935022215,7.870323117638098,-2.842605856680183,0.0,0.0,0.0,0.0
84,2,Drums,0,0,27.1305813864485,27.1305813864485,35.97847330757257,27.7383794151865,27.1305813864485,27.1305813864485,35.97847330757257,27.7383794151865,0.0,0.0,0.0,0.0
85,0,Vocal,0,0,8.389335008210978,8.389335008210978,24.146409633753066,8.522944882871592,8.389335008210978,8.389335008210978,24.146409633753066,8.522944882871592,0.0,0.0,0.0,0.0
85,1,Bass,0,0,0.4318231844741483,0.4318231844741483,11.643063221959915,1.0612608385940112,0.4318231844741483,0.4318231844741483,11.643063221959915,1.0612608385940112,0.0,0.0,0.0,0.0
85,2,Drums,0,0,23.106003182431373,23.106003182431373,31.301441565647252,23.82277806605885,23.106003182431373,23.106003182431373,31.301441565647252,23.82277806605885,0.0,0.0,0.0,0.0
86,0,Vocal,0,0,7.358408000612171,7.358408000612171,22.323008739781578,7.52448689597755,7.358408000612171,7.358408000612171,22.323008739781578,7.52448689597755,0.0,0.0,0.0,0.0
86,1,Bass,-504,-504,-2.8933640000614167,-2.8933640000614167,22.87393588177393,-2.859489560023831,-2.8933640000614167,-2.8933640000614167,22.87393588177393,-2.859489560023831,0.0,0.0,0.0,0.0
86,2,Drums,0,0,24.476075007085218,24.476075007085218,32.84047474038422,25.162398155655712,24.476075007085218,24.476075007085218,32.84047474038422,25.162398155655712,0.0,0.0,0.0,0.0
87,0,Vocal,0,0,8.31726459485568,8.317264594855677,22.76974156664226,8.498807314969453,8.31726459485568,8.317264594855677,22.76974156664226,8.498807314969453,0.0,0.0,0.0,0.0
87,1,Bass,0,0,-2.834727882133505,-2.834727882133504,8.47409372871831,-1.9238917587629003,-2.834727882133505,-2.834727882133504,8.47409372871831,-1.9238917587629003,0.0,0.0,0.0,0.0
87,2,Drums,0,0,23.03531627014799,23.03531627014799,30.346501227299193,23.93163752637235,23.03531627014799,23.03531627014799,30.346501227299193,23.93163752637235,0.0,0.0,0.0,0.0
88,0,Vocal,0,0,15.91514017301316,15.915140173013162,43.65835528488483,15.922634602769538,15.91514017301316,15.915140173013162,43.65835528488483,15.922634602769538,0.0,0.0,0.0,0.0
88,1,Bass,0,0,9.404567438602559,9.404567438602559,26.48251551527504,9.500274920125376,9.404567438602559,9.404567438602559,26.48251551527504,9.500274920125376,0.0,0.0,0.0,0.0
88,2,Drums,0,0,28.108322962747287,28.108322962747287,34.45741511034599,29.255064867325732,28.108322962747287,28.108322962747287,34.45741511034599,29.255064867325732,0.0,0.0,0.0,0.0
89,0,Vocal,0,0,22.216399299739926,22.216399299739926,61.867254372143336,22.216871772288425,22.216399299739926,22.216399299739926,61.867254372143336,22.216871772288425,0.0,0.0,0.0,0.0
89,1,Bass,0,0,8.18181462939907,8.181814629399069,22.30274145651446,8.378786175000853,8.18181462939907,8.181814629399069,22.30274145651446,8.378786175000853,0.0,0.0,0.0,0.0
89,2,Drums,0,0,25.94790354434184,25.94790354434184,33.99303897732756,26.690588921239645,25.94790354434184,25.94790354434184,33.99303897732756,26.690588921239645,0.0,0.0,0.0,0.0
90,0,Vocal,0,0,16.07498731387386,16.074987313873855,42.02725615583126,16.08630226953809,16.07498731387386,16.074987313873855,42.02725615583126,16.08630226953809,0.0,0.0,0.0,0.0
90,1,Bass,0,0,7.8802307629499335,7.8802307629499335,22.85866373541132,8.04291927932331,7.8802307629499335,7.8802307629499335,22.85866373541132,8.04291927932331,0.0,0.0,0.0,0.0
90,2,Drums,0,0,27.9785026357591,27.978502635759096,32.88825962395002,29.673996821338747,27.9785026357591,27.978502635759096,32.88825962395002,29.673996821338747,0.0,0.0,0.0,0.0
91,0,Vocal,0,0,22.097714178263995,22.097714178263995,53.66963768053517,22.100756914650503,22.097714178263995,22.097714178263995,53.66963768053517,22.100756914650503,0.0,0.0,0.0,0.0
91,1,Bass,0,0,8.457860411232245,8.457860411232245,22.006480020616905,8.681333982904357,8.457860411232245,8.457860411232245,22.006480020616905,8.681333982904357,0.0,0.0,0.0,0.0
91,2,Drums,0,0,25.222317862372,25.222317862372,32.64800726827354,26.09129080524569,25.222317862372,25.222317862372,32.64800726827354,26.09129080524569,0.0,0.0,0.0,0.0
92,0,Vocal,0,0,25.961476547600945,25.961476547600945,47.85219872782831,25.989736104432097,25.961476547600945,25.961476547600945,47.85219872782831,25.989736104432097,0.0,0.0,0.0,0.0
92,1,Bass,0,0,4.8283937518173845,4.828393751817385,16.792624954561354,5.203813231605423,4.8283937518173845,4.828393751817385,16.792624954561354,5.203813231605423,0.0,0.0,0.0,0.0
92,2,Drums,0,0,25.246083616113406,25.246083616113406,32.32053210535127,26.196795738882305,25.246083616113406,25.246083616113406,32.32053210535127,26.196795738882305,0.0,0.0,0.0,0.0
93,0,Vocal,0,0,14.721668414333102,14.721668414333102,42.48778388309339,14.729182531104122,14.721668414333102,14.721668414333102,42.48778388309339,14.729182531104122,0.0,0.0,0.0,0.0
93,1,Bass,0,0,7.44503958407864,7.44503958407864,22.849912328940214,7.594461740117221,7.44503958407864,7.44503958407864,22.849912328940214,7.594461740117221,0.0,0.0,0.0,0.0
93,2,Drums,0,0,30.179604746483882,30.179604746483882,35.227770310970286,31.809694376435253,30.179604746483882,30.179604746483882,35.227770310970286,31.809694376435253,0.0,0.0,0.0,0.0
94,0,Vocal,0,0,20.563179421073713,20.563179421073713,65.74610234740064,20.563311033579428,20.563179421073713,20.563179421073713,65.74610234740064,20.563311033579428,0.0,0.0,0.0,0.0
94,1,Bass,0,0,8.35227955034772,8.35227955034772,22.85662816213258,8.531451845400522,8.35227955034772,8.35227955034772,22.85662816213258,8.531451845400522,0.0,0.0,0.0,0.0
94,2,Drums,0,0,24.64717569305129,24.64717569305129,29.075663538316725,26.595525732895588,24.64717569305129,24.64717569305129,29.075663538316725,26.595525732895588,0.0,0.0,0.0,0.0
95,0,Vocal,0,0,11.512005099556637,11.512005099556637,44.336989332400556,11.514430524692433,11.512005099556637,11.512005099556637,44.336989332400556,11.514430524692433,0.0,0.0,0.0,0.0
95,1,Bass,0,0,9.012808795272173,9.012808795272173,27.588913025008207,9.08107075584655,9.012808795272173,9.012808795272173,27.588913025008207,9.08107075584655,0.0,0.0,0.0,0.0
95,2,Drums,0,0,29.710808262062194,29.710808262062194,37.97242987358435,30.413343194229792,29.710808262062194,29.710808262062194,37.97242987358435,30.413343194229792,0.0,0.0,0.0,0.0
96,0,Vocal,0,0,17.16763951030942,17.16763951030942,39.86335270965597,17.191495993125564,17.16763951030942,17.16763951030942,39.86335270965597,17.191495993125564,0.0,0.0,0.0,0.0
96,1,Bass,0,0,16.861232619180477,16.861232619180477,23.78860303261697,17.864169821426263,16.861232619180477,16.861232619180477,23.78860303261697,17.864169821426263,0.0,0.0,0.0,0.0
96,2,Drums,0,0,27.08409925386263,27.08409925386263,31.453339361780923,29.06397483210516,27.08409925386263,27.08409925386263,31.453339361780923,29.06397483210516,0.0,0.0,0.0,0.0
97,0,Vocal,0,0,17.26769557124503,17.26769557124503,35.92289759885245,17.328404321569913,17.26769557124503,17.26769557124503,35.92289759885245,17.328404321569913,0.0,0.0,0.0,0.0
97,1,Bass,-1,-1,19.015224595181486,19.015224595181486,30.42604009399323,19.344912614243036,19.015224595181486,19.015224595181486,30.42604009399323,19.344912614243036,0.0,0.0,0.0,0.0
97,2,Drums,0,0,24.73969147831493,24.739691478314928,31.008512206357896,25.912834212377366,24.73969147831493,24.739691478314928,31.008512206357896,25.912834212377366,0.0,0.0,0.0,0.0
98,0,Vocal,0,0,27.99973158461638,27.99973158461638,38.849044220852846,28.37298981495531,27.99973158461638,27.99973158461638,38.849044220852846,28.37298981495531,0.0,0.0,0.0,0.0
98,1,Bass,0,0,8.298712080785467,8.298712080785467,14.488160297795877,9.645073137094979,8.298712080785467,8.298712080785467,14.488160297795877,9.645073137094979,0.0,0.0,0.0,0.0
98,2,Drums,0,0,21.85959341840343,21.859593418403428,28.597285360546422,22.900042131701305,21.85959341840343,21.859593418403428,28.597285360546422,22.900042131701305,0.0,0.0,0.0,0.0
99,0,Vocal,0,0,17.20308906297664,17.20308906297664,35.805357780230004,17.264564241918087,17.20308906297664,17.20308906297664,35.805357780230004,17.264564241918087,0.0,0.0,0.0,0.0
99,1,Bass,-1,-1,19.087633507127183,19.087633507127183,30.38298844047845,19.426484382619876,19.087633507127183,19.087633507127183,30.38298844047845,19.426484382619876,0.0,0.0,0.0,0.0
99,2,Drums,0,0,24.559427775715406,24.559427775715406,31.080633020555428,25.657380944865082,24.559427775715406,24.559427775715406,31.080633020555428,25.657380944865082,0.0,0.0,0.0,0.0
100,0,Vocal,0,0,7.256531391431339,7.256531391431339,16.020158401086253,7.983258789278937,7.256531391431339,7.256531391431339,16.020158401086253,7.983258789278937,0.0,0.0,0.0,0.0
100,1,Bass,0,0,9.334363949670758,9.334363949670758,17.44308238944807,10.141144448904809,9.334363949670758,9.334363949670758,17.44308238944807,10.141144448904809,0.0,0.0,0.0,0.0
100,2,Drums,0,0,33.65496193843744,33.65496193843744,77.88186959270197,33.65512001946647,33.65496193843744,33.65496193843744,77.88186959270197,33.65512001946647,0.0,0.0,0.0,0.0
101,0,Vocal,0,0,16.052617023916337,16.052617023916337,28.437474136913448,16.317150235311374,16.052617023916337,16.052617023916337,28.437474136913448,16.317150235311374,0.0,0.0,0.0,0.0
101,1,Bass,0,0,14.214881443915692,14.214881443915692,22.641821055342128,14.91194224199569,14.214881443915692,14.214881443915692,22.641821055342128,14.91194224199569,0.0,0.0,0.0,0.0
101,2,Drums,0,0,30.692215746769776,30.692215746769772,41.046352523955285,31.112505391693027,30.692215746769776,30.692215746769772,41.046352523955285,31.112505391693027,0.0,0.0,0.0,0.0
102,0,Vocal,0,0,16.147944187056908,16.147944187056908,23.186618438066514,17.12568570084445,16.147944187056908,16.147944187056908,23.186618438066514,17.12568570084445,0.0,0.0,0.0,0.0
102,1,Bass,1,1,9.821076928938142,9.821076928938142,15.504283850267306,11.309606027272705,9.821076928938142,9.821076928938142,15.504283850267306,11.309606027272705,0.0,0.0,0.0,0.0
102,2,Drums,0,0,32.628181850481155,32.62818185048116,49.334767376271564,32.721941814453125,32.628181850481155,32.62818185048116,49.334767376271564,32.721941814453125,0.0,0.0,0.0,0.0
103,0,Vocal,0,0,25.965975854008413,25.965975854008413,38.64124608687463,26.207701385306695,25.965975854008413,25.965975854008413,38.64124608687463,26.207701385306695,0.0,0.0,0.0,0.0
103,1,Bass,1,1,9.777943922098869,9.777943922098869,16.078669526640223,11.043663413657434,9.777943922098869,9.777943922098869,16.078669526640223,11.043663413657434,0.0,0.0,0.0,0.0
103,2,Drums,0,0,20.441302258069143,20.44130225806915,28.509674757819333,21.18406432482186,20.441302258069143,20.44130225806915,28.509674757819333,21.18406432482186,0.0,0.0,0.0,0.0
104,0,Vocal,0,0,-12.810454377974171,-12.810454377974171,18.06750116737761,-12.739660423269068,-12.810454377974171,-12.810454377974171,18.06750116737761,-12.739660423269068,0.0,0.0,0.0,0.0
104,1,Bass,0,0,0.953539515054012,0.953539515054012,18.01468578124141,1.1078953526554676,0.953539515054012,0.953539515054012,18.01468578124141,1.1078953526554676,0.0,0.0,0.0,0.0
104,2,Drums,0,0,40.520798600654224,40.520798600654224,67.97159458698127,40.528604536011116,40.520798600654224,40.520798600654224,67.97159458698127,40.528604536011116,0.0,0.0,0.0,0.0
105,0,Vocal,0,0,7.131631911741781,7.131631911741781,34.249138893910775,7.141706195914363,7.131631911741781,7.131631911741781,34.249138893910775,7.141706195914363,0.0,0.0,0.0,0.0
105,1,Bass,0,0,4.810120703607263,4.810120703607261,21.612619199742518,4.931621433408863,4.810120703607263,4.810120703607261,21.612619199742518,4.931621433408863,0.0,0.0,0.0,0.0
105,2,Drums,0,0,26.758622320758164,26.758622320758164,42.016283980663914,26.890286855502875,26.758622320758164,26.758622320758164,42.016283980663914,26.890286855502875,0.0,0.0,0.0,0.0
106,0,Vocal,0,0,1.6296648900932145,1.6296648900932154,29.288261715564715,1.6422304644718413,1.6296648900932145,1.6296648900932154,29.288261715564715,1.6422304644718413,0.0,0.0,0.0,0.0
106,1,Bass,0,0,0.8963415721014106,0.89634157210141,17.451509801555186,1.070820562738692,0.8963415721014106,0.89634157210141,17.451509801555186,1.070820562738692,0.0,0.0,0.0,0.0
106,2,Drums,0,0,35.22737852821874,35.22737852821874,49.45276037202129,35.39475794721519,35.22737852821874,35.22737852821874,49.45276037202129,35.39475794721519,0.0,0.0,0.0,0.0
107,0,Vocal,0,0,12.308139061078371,12.308139061078371,63.842586968008135,12.308170932918301,12.308139061078371,12.308139061078371,63.842586968008135,12.308170932918301,0.0,0.0,0.0,0.0
107,1,Bass,0,0,4.982478235301199,4.9824782353012,21.185843799264088,5.120772374322053,4.982478235301199,4.9824782353012,21.185843799264088,5.120772374322053,0.0,0.0,0.0,0.0
107,2,Drums,0,0,28.146307352151236,28.146307352151236,36.942821189914035,28.761644170671534,28.146307352151236,28.146307352151236,36.942821189914035,28.761644170671534,0.0,0.0,0.0,0.0
108,0,Vocal,0,0,8.186265945368433,8.186265945368433,45.29250259155667,8.187239760441173,8.186265945368433,8.186265945368433,45.29250259155667,8.187239760441173,0.0,0.0,0.0,0.0
108,1,Bass,0,0,0.42929715064716767,0.42929715064716767,18.004022521090267,0.5741091455700404,0.42929715064716767,0.42929715064716767,18.004022521090267,0.5741091455700404,0.0,0.0,0.0,0.0
108,2,Drums,0,0,30.270382240344112,30.270382240344112,54.70108609275171,30.286080029818102,30.270382240344112,30.270382240344112,54.70108609275171,30.286080029818102,0.0,0.0,0.0,0.0
109,0,Vocal,0,0,0.9509482068540362,0.9509482068540362,27.311629090238178,0.9690570718786217,0.9509482068540362,0.9509482068540362,27.311629090238178,0.9690570718786217,0.0,0.0,0.0,0.0
109,1,Bass,0,0,1.93933872798487,1.93933872798487,17.865637309245436,2.122157460468275,1.93933872798487,1.93933872798487,17.865637309245436,2.122157460468275,0.0,0.0,0.0,0.0
109,2,Drums,0,0,32.844529815582135,32.844529815582135,52.97097729744812,32.886938331542666,32.844529815582135,32.844529815582135,52.97097729744812,32.886938331542666,0.0,0.0,0.0,0.0
110,0,Vocal,0,0,6.455799368869888,6.4557993688698865,31.057330923273547,6.474281731935995,6.455799368869888,6.4557993688698865,31.057330923273547,6.474281731935995,0.0,0.0,0.0,0.0
110,1,Bass,0,0,4.981088988649595,4.981088988649594,21.81413091838275,5.100591455619572,4.981088988649595,4.981088988649594,21.81413091838275,5.100591455619572,0.0,0.0,0.0,0.0
110,2,Drums,0,0,28.135167099244235,28.135167099244235,52.96604056067316,28.149490085830276,28.135167099244235,28.135167099244235,52.96604056067316,28.149490085830276,0.0,0.0,0.0,0.0
111,0,Vocal,0,0,6.4345327303438795,6.4345327303438795,35.72795993405642,6.440807112985745,6.4345327303438795,6.4345327303438795,35.72795993405642,6.440807112985745,0.0,0.0,0.0,0.0
111,1,Bass,0,0,2.127631198322961,2.127631198322961,19.15809178070359,2.2669450765754537,2.127631198322961,2.127631198322961,19.15809178070359,2.2669450765754537,0.0,0.0,0.0,0.0
111,2,Drums,0,0,29.81716569210961,29.81716569210961,42.15039508662092,30.078928446993093,29.81716569210961,29.81716569210961,42.15039508662092,30.078928446993093,0.0,0.0,0.0,0.0
112,0,Vocal,0,0,18.3404248797546,18.3404248797546,43.665230998822025,18.35337321269781,18.3404248797546,18.3404248797546,43.665230998822025,18.35337321269781,0.0,0.0,0.0,0.0
112,1,Bass,0,0,13.499324679523435,13.499324679523435,27.07826168302809,13.7026291063571,13.499324679523435,13.499324679523435,27.07826168302809,13.7026291063571,0.0,0.0,0.0,0.0
112,2,Drums,0,0,26.16903723637446,26.16903723637446,35.09383900424049,26.76566983472789,26.16903723637446,26.16903723637446,35.09383900424049,26.76566983472789,0.0,0.0,0.0,0.0
113,0,Vocal,0,0,21.612636352723786,21.612636352723786,54.50451878707494,21.614882556103503,21.612636352723786,21.612636352723786,54.50451878707494,21.614882556103503,0.0,0.0,0.0,0.0
113,1,Bass,0,0,11.15222178858823,11.15222178858823,27.368173146244736,11.265233860884226,11.15222178858823,11.15222178858823,27.368173146244736,11.265233860884226,0.0,0.0,0.0,0.0
113,2,Drums,0,0,29.302025567387116,29.302025567387116,50.75801221520543,29.333229773969357,29.302025567387116,29.302025567387116,50.75801221520543,29.333229773969357,0.0,0.0,0.0,0.0
114,0,Vocal,0,0,13.455942507390034,13.455942507390034,37.32967694343101,13.474581235379224,13.455942507390034,13.455942507390034,37.32967694343101,13.474581235379224,0.0,0.0,0.0,0.0
114,1,Bass,0,0,11.724770204613925,11.724770204613923,27.23755654457781,11.856754845489657,11.724770204613925,11.724770204613923,27.23755654457781,11.856754845489657,0.0,0.0,0.0,0.0
114,2,Drums,0,0,26.918284969838044,26.918284969838044,37.08524820957797,27.35854649319741,26.918284969838044,26.918284969838044,37.08524820957797,27.35854649319741,0.0,0.0,0.0,0.0
115,0,Vocal,0,0,20.010363573630418,20.010363573630418,45.02874437682568,20.024196053602683,20.010363573630418,20.010363573630418,45.02874437682568,20.024196053602683,0.0,0.0,0.0,0.0
115,1,Bass,0,0,11.802400789316938,11.802400789316938,24.469125462506614,12.059514456676695,11.802400789316938,11.802400789316938,24.469125462506614,12.059514456676695,0.0,0.0,0.0,0.0
115,2,Drums,0,0,24.604813240856508,24.604813240856508,33.780411379407184,25.166266822481596,24.604813240856508,24.604813240856508,33.780411379407184,25.166266822481596,0.0,0.0,0.0,0.0
116,0,Vocal,0,0,20.749385523606513,20.749385523606513,46.10067731203148,20.76217570609565,20.749385523606513,20.749385523606513,46.10067731203148,20.76217570609565,0.0,0.0,0.0,0.0
116,1,Bass,0,0,12.526388135174605,12.526388135174605,24.937088903197846,12.797036162929762,12.526388135174605,12.526388135174605,24.937088903197846,12.797036162929762,0.0,0.0,0.0,0.0
116,2,Drums,0,0,23.970516904794476,23.970516904794476,34.19338555524994,24.40567225641152,23.970516904794476,23.970516904794476,34.19338555524994,24.40567225641152,0.0,0.0,0.0,0.0
117,0,Vocal,0,0,17.77703642923742,17.77703642923742,43.799642461624906,17.788082383942232,17.77703642923742,17.77703642923742,43.799642461624906,17.788082383942232,0.0,0.0,0.0,0.0
117,1,Bass,0,0,12.941354991653714,12.941354991653714,27.56543954721204,13.101351551604319,12.941354991653714,12.941354991653714,27.56543954721204,13.101351551604319,0.0,0.0,0.0,0.0
117,2,Drums,0,0,25.800194973397183,25.800194973397183,35.82018869430074,26.25668957327063,25.800194973397183,25.800194973397183,35.82018869430074,26.25668957327063,0.0,0.0,0.0,0.0
118,0,Vocal,0,0,20.445678123343853,20.445678123343853,68.03256649932335,20.445753251492967,20.445678123343853,20.445678123343853,68.03256649932335,20.445753251492967,0.0,0.0,0.0,0.0
118,1,Bass,0,0,11.857913513982774,11.857913513982776,24.855699115652584,12.095511317963062,11.857913513982774,11.857913513982776,24.855699115652584,12.095511317963062,0.0,0.0,0.0,0.0
118,2,Drums,0,0,28.29045323967883,28.29045323967883,36.92951522378978,28.930229570233784,28.29045323967883,28.29045323967883,36.92951522378978,28.930229570233784,0.0,0.0,0.0,0.0
119,0,Vocal,0,0,20.873084378861137,20.873084378861137,44.83187567448986,20.890714706352963,20.873084378861137,20.873084378861137,44.83187567448986,20.890714706352963,0.0,0.0,0.0,0.0
119,1,Bass,0,0,12.157888039225371,12.157888039225373,27.417193894235908,12.297094479030665,12.157888039225371,12.157888039225373,27.417193894235908,12.297094479030665,0.0,0.0,0.0,0.0
119,2,Drums,0,0,27.11184702050726,27.11184702050726,39.53740059896691,27.368161452495684,27.11184702050726,27.11184702050726,39.53740059896691,27.368161452495684,0.0,0.0,0.0,0.0
120,0,Vocal,0,0,13.231599145170694,13.231599145170694,33.7794286933915,13.271869676113791,13.231599145170694,13.231599145170694,33.7794286933915,13.271869676113791,0.0,0.0,0.0,0.0
120,1,Bass,0,0,8.648786266292085,8.648786266292088,29.78776623428988,8.686884163047617,8.648786266292085,8.648786266292088,29.78776623428988,8.686884163047617,0.0,0.0,0.0,0.0
120,2,Drums,0,0,24.141228542332463,24.141228542332463,30.384023736155143,25.3229798001516,24.141228542332463,24.141228542332463,30.384023736155143,25.3229798001516,0.0,0.0,0.0,0.0
121,0,Vocal,0,0,10.480020297631734,10.480020297631734,33.393911217680476,10.50426647663497,10.480020297631734,10.480020297631734,33.393911217680476,10.50426647663497,0.0,0.0,0.0,0.0
121,1,Bass,0,0,6.645940644550925,6.645940644550924,25.405329452144173,6.716609373849346,6.645940644550925,6.645940644550924,25.405329452144173,6.716609373849346,0.0,0.0,0.0,0.0
121,2,Drums,0,0,25.960843614017378,25.960843614017378,35.929344081312074,26.423039641644543,25.960843614017378,25.960843614017378,35.929344081312074,26.423039641644543,0.0,0.0,0.0,0.0
122,0,Vocal,0,0,3.845636817915383,3.8456368179153815,30.402677787475874,3.859199187167957,3.845636817915383,3.8456368179153815,30.402677787475874,3.859199187167957,0.0,0.0,0.0,0.0
122,1,Bass,0,0,7.84728531002389,7.8472853100238895,25.926060262200032,7.926492712119765,7.84728531002389,7.8472853100238895,25.926060262200032,7.926492712119765,0.0,0.0,0.0,0.0
122,2,Drums,0,0,29.367836524579044,29.367836524579047,37.46247283342568,30.100420350522313,29.367836524579044,29.367836524579047,37.46247283342568,30.100420350522313,0.0,0.0,0.0,0.0
123,0,Vocal,0,0,9.014828783942255,9.014828783942257,28.731022754561195,9.067252818207617,9.014828783942255,9.014828783942257,28.731022754561195,9.067252818207617,0.0,0.0,0.0,0.0
123,1,Bass,0,0,8.19396544868077,8.19396544868077,26.300684249861224,8.271817698744883,8.19396544868077,8.19396544868077,26.300684249861224,8.271817698744883,0.0,0.0,0.0,0.0
123,2,Drums,0,0,27.11407235140598,27.11407235140598,33.724678897193144,28.18519140478301,27.11407235140598,27.11407235140598,33.724678897193144,28.18519140478301,0.0,0.0,0.0,0.0
124,0,Vocal,0,0,3.4858651211058485,3.4858651211058485,31.151754448004432,3.4966343808977274,3.4858651211058485,3.4858651211058485,31.151754448004432,3.4966343808977274,0.0,0.0,0.0,0.0
124,1,Bass,0,0,7.4720833660917805,7.4720833660917805,26.83324898070704,7.531683707146981,7.4720833660917805,7.4720833660917805,26.83324898070704,7.531683707146981,0.0,0.0,0.0,0.0
124,2,Drums,0,0,28.928048787127988,28.928048787127988,37.55184538749373,29.570131129237073,28.928048787127988,28.928048787127988,37.55184538749373,29.570131129237073,0.0,0.0,0.0,0.0
125,0,Vocal,0,0,13.217844452088194,13.217844452088197,34.4277628504355,13.252405038387348,13.217844452088194,13.217844452088197,34.4277628504355,13.252405038387348,0.0,0.0,0.0,0.0
125,1,Bass,0,0,8.686388169863623,8.686388169863623,28.63285224473701,8.736525959772779,8.686388169863623,8.686388169863623,28.63285224473701,8.736525959772779,0.0,0.0,0.0,0.0
125,2,Drums,0,0,25.564882687393716,25.564882687393716,32.78844386517717,26.479716919504952,25.564882687393716,25.564882687393716,32.78844386517717,26.479716919504952,0.0,0.0,0.0,0.0
126,0,Vocal,0,0,12.418544464062265,12.418544464062267,28.648043758762668,12.52919632825229,12.418544464062265,12.418544464062267,28.648043758762668,12.52919632825229,0.0,0.0,0.0,0.0
126,1,Bass,0,0,9.802702795379476,9.802702795379478,29.79366398562785,9.85099404018481,9.802702795379476,9.802702795379478,29.79366398562785,9.85099404018481,0.0,0.0,0.0,0.0
126,2,Drums,0,0,25.857442524676337,25.857442524676337,32.89757005144894,26.81625286930069,25.857442524676337,25.857442524676337,32.89757005144894,26.81625286930069,0.0,0.0,0.0,0.0
127,0,Vocal,0,0,11.816831369020262,11.816831369020262,34.54954205734106,11.841564015097978,11.816831369020262,11.816831369020262,34.54954205734106,11.841564015097978,0.0,0.0,0.0,0.0
127,1,Bass,0,0,7.180534948560649,7.180534948560649,25.85674407393548,7.251104759418383,7.180534948560649,7.180534948560649,25.85674407393548,7.251104759418383,0.0,0.0,0.0,0.0
127,2,Drums,0,0,27.919983071267588,27.919983071267588,36.734147501271245,28.532685542411688,27.919983071267588,27.919983071267588,36.734147501271245,28.532685542411688,0.0,0.0,0.0,0.0
128,0,Vocal,0,0,20.750741910095552,20.750741910095552,43.340227559755576,20.77493023477534,20.750741910095552,20.750741910095552,43.340227559755576,20.77493023477534,0.0,0.0,0.0,0.0
128,1,Bass,0,0,18.67556111693814,18.67556111693814,33.06997471811898,18.83852921573867,18.67556111693814,18.67556111693814,33.06997471811898,18.83852921573867,0.0,0.0,0.0,0.0
128,2,Drums,0,0,24.320714224192134,24.320714224192134,33.215658166441486,24.922476455312296,24.320714224192134,24.320714224192134,33.215658166441486,24.922476455312296,0.0,0.0,0.0,0.0
129,0,Vocal,0,0,18.9252700179834,18.9252700179834,34.12300272449562,19.060194462783244,18.9252700179834,18.9252700179834,34.12300272449562,19.060194462783244,0.0,0.0,0.0,0.0
129,1,Bass,0,0,17.345258242139426,17.345258242139426,31.54393683952491,17.516687391363266,17.345258242139426,17.345258242139426,31.54393683952491,17.516687391363266,0.0,0.0,0.0,0.0
129,2,Drums,0,0,30.14448511863273,30.14448511863273,40.74932733963066,30.540137021657657,30.14448511863273,30.14448511863273,40.74932733963066,30.540137021657657,0.0,0.0,0.0,0.0
130,0,Vocal,0,0,18.13481662657367,18.13481662657367,37.74831552400682,18.183276745502162,18.13481662657367,18.13481662657367,37.74831552400682,18.183276745502162,0.0,0.0,0.0,0.0
130,1,Bass,0,0,16.084887884805642,16.084887884805642,31.345781273727194,16.219365580834452,16.084887884805642,16.084887884805642,31.345781273727194,16.219365580834452,0.0,0.0,0.0,0.0
130,2,Drums,0,0,29.042960461274415,29.042960461274415,39.28043442823962,29.475443513720705,29.042960461274415,29.042960461274415,39.28043442823962,29.475443513720705,0.0,0.0,0.0,0.0
131,0,Vocal,0,0,19.33418044124685,19.33418044124685,37.58886932200003,19.400334129660685,19.33418044124685,19.33418044124685,37.58886932200003,19.400334129660685,0.0,0.0,0.0,0.0
131,1,Bass,0,0,20.55823565778693,20.55823565778693,36.09162997133707,20.682497233155598,20.55823565778693,20.55823565778693,36.09162997133707,20.682497233155598,0.0,0.0,0.0,0.0
131,2,Drums,0,0,25.960475221648434,25.960475221648437,35.33161426901699,26.495163582484782,25.960475221648434,25.960475221648437,35.33161426901699,26.495163582484782,0.0,0.0,0.0,0.0
132,0,Vocal,0,0,20.05127955141222,20.05127955141222,43.805793175026565,20.069791262326923,20.05127955141222,20.05127955141222,43.805793175026565,20.069791262326923,0.0,0.0,0.0,0.0
132,1,Bass,0,0,17.453055942771712,17.453055942771712,32.72194811175605,17.586423623675778,17.453055942771712,17.453055942771712,32.72194811175605,17.586423623675778,0.0,0.0,0.0,0.0
132,2,Drums,0,0,26.038160683564474,26.038160683564474,36.72196221528487,26.426921528070135,26.038160683564474,26.038160683564474,36.72196221528487,26.426921528070135,0.0,0.0,0.0,0.0
133,0,Vocal,0,0,18.14569633061573,18.14569633061573,48.653948427628904,18.14961796841924,18.14569633061573,18.14569633061573,48.653948427628904,18.14961796841924,0.0,0.0,0.0,0.0
133,1,Bass,0,0,17.694086988356613,17.694086988356613,31.76581905979466,17.87046042631024,17.694086988356613,17.694086988356613,31.76581905979466,17.87046042631024,0.0,0.0,0.0,0.0
133,2,Drums,0,0,30.411426626687657,30.411426626687657,51.389918270516894,30.4462626558156,30.411426626687657,30.411426626687657,51.389918270516894,30.4462626558156,0.0,0.0,0.0,0.0
134,0,Vocal,0,0,21.976527579054682,21.976527579054682,45.462667749601565,21.996151969799254,21.976527579054682,21.976527579054682,45.462667749601565,21.996151969799254,0.0,0.0,0.0,0.0
134,1,Bass,0,0,20.421005996226103,20.421005996226103,33.11661815868711,20.663099090163772,20.421005996226103,20.421005996226103,33.11661815868711,20.663099090163772,0.0,0.0,0.0,0.0
134,2,Drums,0,0,23.661811926669305,23.661811926669305,34.43397050151775,24.04305075240401,23.661811926669305,23.661811926669305,34.43397050151775,24.04305075240401,0.0,0.0,0.0,0.0
135,0,Vocal,0,0,19.77782704964363,19.777827049643626,35.986170911952804,19.884163914991035,19.77782704964363,19.777827049643626,35.986170911952804,19.884163914991035,0.0,0.0,0.0,0.0
135,1,Bass,0,0,17.43452209545859,17.434522095458586,32.22942569348801,17.583538071031786,17.43452209545859,17.434522095458586,32.22942569348801,17.583538071031786,0.0,0.0,0.0,0.0
135,2,Drums,0,0,28.17939232458105,28.17939232458105,39.184267491300645,28.53893902308274,28.17939232458105,28.17939232458105,39.184267491300645,28.53893902308274,0.0,0.0,0.0,0.0
136,0,Vocal,0,0,-4.47058631975511,-4.47058631975511,20.60569239742307,-4.419460689601706,-4.47058631975511,-4.47058631975511,20.60569239742307,-4.419460689601706,0.0,0.0,0.0,0.0
136,1,Bass,0,0,3.6376494179118337,3.6376494179118337,20.282499192317147,3.7732243530880973,3.6376494179118337,3.6376494179118337,20.282499192317147,3.7732243530880973,0.0,0.0,0.0,0.0
136,2,Drums,0,0,37.17719607323262,37.17719607323262,57.645127978043845,37.21633970401139,37.17719607323262,37.17719607323262,57.645127978043845,37.21633970401139,0.0,0.0,0.0,0.0
137,0,Vocal,0,0,17.152545384284,17.152545384284,42.060680834906435,17.166865072504358,17.152545384284,17.152545384284,42.060680834906435,17.166865072504358,0.0,0.0,0.0,0.0
137,1,Bass,0,0,6.321758337044163,6.321758337044162,20.145673931507567,6.547441931476474,6.321758337044163,6.321758337044162,20.145673931507567,6.547441931476474,0.0,0.0,0.0,0.0
137,2,Drums,0,0,18.302610776577733,18.302610776577733,23.570135966806042,19.85417971762154,18.302610776577733,18.302610776577733,23.570135966806042,19.85417971762154,0.0,0.0,0.0,0.0
138,0,Vocal,0,0,16.257789160846286,16.257789160846286,46.33505925079868,16.262158091857145,16.257789160846286,16.257789160846286,46.33505925079868,16.262158091857145,0.0,0.0,0.0,0.0
138,1,Bass,0,0,6.816449619759646,6.816449619759646,20.68697755901647,7.035251394671564,6.816449619759646,6.816449619759646,20.68697755901647,7.035251394671564,0.0,0.0,0.0,0.0
138,2,Drums,0,0,21.097024393254422,21.097024393254422,24.67419101635016,23.620755245763874,21.097024393254422,21.097024393254422,24.67419101635016,23.620755245763874,0.0,0.0,0.0,0.0
139,0,Vocal,0,0,15.43857027801199,15.438570278011989,41.48025035701168,15.449696786972627,15.43857027801199,15.438570278011989,41.48025035701168,15.449696786972627,0.0,0.0,0.0,0.0
139,1,Bass,0,0,4.543177390246037,4.543177390246037,18.841971636524832,4.7639869334261356,4.543177390246037,4.543177390246037,18.841971636524832,4.7639869334261356,0.0,0.0,0.0,0.0
139,2,Drums,0,0,22.03496904690285,22.034969046902848,27.576820163645763,23.464011356701935,22.03496904690285,22.034969046902848,27.576820163645763,23.464011356701935,0.0,0.0,0.0,0.0
140,0,Vocal,0,0,17.141560673108696,17.141560673108696,52.79594812050529,17.142764311122246,17.141560673108696,17.141560673108696,52.79594812050529,17.142764311122246,0.0,0.0,0.0,0.0
140,1,Bass,0,0,9.115450869224563,9.115450869224563,23.970622538673517,9.277189040166391,9.115450869224563,9.115450869224563,23.970622538673517,9.277189040166391,0.0,0.0,0.0,0.0
140,2,Drums,0,0,19.92121451053509,19.92121451053509,27.086778632503936,20.855923843111917,19.92121451053509,19.92121451053509,27.086778632503936,20.855923843111917,0.0,0.0,0.0,0.0
141,0,Vocal,0,0,15.609839804531042,15.609839804531042,49.80945851939502,15.611536327948976,15.609839804531042,15.609839804531042,49.80945851939502,15.611536327948976,0.0,0.0,0.0,0.0
141,1,Bass,0,0,7.215147923623934,7.215147923623933,21.687997486982766,7.402387300165127,7.215147923623934,7.215147923623933,21.687997486982766,7.402387300165127,0.0,0.0,0.0,0.0
141,2,Drums,0,0,20.164950764198917,20.164950764198917,28.24611950080274,20.90573348196898,20.164950764198917,20.164950764198917,28.24611950080274,20.90573348196898,0.0,0.0,0.0,0.0
142,0,Vocal,0,0,11.324337155693442,11.324337155693442,36.166532832034505,11.339651334623575,11.324337155693442,11.324337155693442,36.166532832034505,11.339651334623575,0.0,0.0,0.0,0.0
142,1,Bass,0,0,-1.6362249140497256,-1.6362249140497263,14.143243422250208,-1.355764222571916,-1.6362249140497256,-1.6362249140497263,14.143243422250208,-1.355764222571916,0.0,0.0,0.0,0.0
142,2,Drums,0,0,31.410232815010538,31.410232815010538,38.56819024058474,32.3388552825662,31.410232815010538,31.410232815010538,38.56819024058474,32.3388552825662,0.0,0.0,0.0,0.0
143,0,Vocal,0,0,0.7904154993668988,0.7904154993668988,21.61367086931641,0.8563406811133154,0.7904154993668988,0.7904154993668988,21.61367086931641,0.8563406811133154,0.0,0.0,0.0,0.0
143,1,Bass,0,0,5.887843799740352,5.887843799740352,24.543392191931144,5.962667362215481,5.887843799740352,5.887843799740352,24.543392191931144,5.962667362215481,0.0,0.0,0.0,0.0
143,2,Drums,0,0,33.013448641188056,33.013448641188056,37.223993381961776,35.08519926825517,33.013448641188056,33.013448641188056,37.223993381961776,35.08519926825517,0.0,0.0,0.0,0.0
144,0,Vocal,17150,17150,-37.68690213387846,-37.68690213387846,15.005951697730591,-37.55259482669053,-37.68690213387846,-37.68690213387846,15.005951697730591,-37.55259482669053,0.0,0.0,0.0,0.0
144,1,Bass,0,0,-4.4105097765178645,-4.410509776517867,7.253344181502634,-3.354892829349407,-4.4105097765178645,-4.410509776517867,7.253344181502634,-3.354892829349407,0.0,0.0,0.0,0.0
144,2,Drums,0,0,41.35432909923141,41.35432909923142,82.17004830518256,41.35463942301851,41.35432909923141,41.35432909923142,82.17004830518256,41.35463942301851,0.0,0.0,0.0,0.0
145,0,Vocal,0,0,0.7325500578494348,0.7325500578494348,17.28570610649044,0.9100589289200414,0.7325500578494348,0.7325500578494348,17.28570610649044,0.9100589289200414,0.0,0.0,0.0,0.0
145,1,Bass,0,0,-10.359275915502726,-10.359275915502726,1.1706377407251387,-7.578358671003914,-10.359275915502726,-10.359275915502726,1.1706377407251387,-7.578358671003914,0.0,0.0,0.0,0.0
145,2,Drums,0,0,30.482251143948083,30.482251143948076,38.19778558329481,31.288033356787473,30.482251143948083,30.482251143948076,38.19778558329481,31.288033356787473,0.0,0.0,0.0,0.0
146,0,Vocal,0,0,-5.304625978291547,-5.304625978291549,16.726353033884905,-5.186011517163061,-5.304625978291547,-5.304625978291549,16.726353033884905,-5.186011517163061,0.0,0.0,0.0,0.0
146,1,Bass,0,0,-0.9646091832090892,-0.964609183209088,11.186919106466924,-0.3731063307261824,-0.9646091832090892,-0.964609183209088,11.186919106466924,-0.3731063307261824,0.0,0.0,0.0,0.0
146,2,Drums,0,0,35.319120782045005,35.319120782045005,51.31742292614121,35.42966722960489,35.319120782045005,35.319120782045005,51.31742292614121,35.42966722960489,0.0,0.0,0.0,0.0
147,0,Vocal,0,0,-1.2135263630122752,-1.2135263630122752,16.833610822988923,-1.0557827670930513,-1.2135263630122752,-1.2135263630122752,16.833610822988923,-1.0557827670930513,0.0,0.0,0.0,0.0
147,1,Bass,0,0,2.380002922124609,2.380002922124609,16.925087781708516,2.622524799046249,2.380002922124609,2.380002922124609,16.925087781708516,2.622524799046249,0.0,0.0,0.0,0.0
147,2,Drums,0,0,32.34640916458154,32.34640916458154,54.42255360477051,32.37342335149299,32.34640916458154,32.34640916458154,54.42255360477051,32.37342335149299,0.0,0.0,0.0,0.0
148,0,Vocal,0,0,4.2347655281966565,4.234765528196656,21.487221613014743,4.348031734112335,4.2347655281966565,4.234765528196656,21.487221613014743,4.348031734112335,0.0,0.0,0.0,0.0
148,1,Bass,-2359,-2359,-10.265150306597535,-10.265150306597535,31.796831415765862,-10.262009803652543,-10.265150306597535,-10.265150306597535,31.796831415765862,-10.262009803652543,0.0,0.0,0.0,0.0
148,2,Drums,0,0,28.316061001260433,28.316061001260433,33.38014974090109,29.939614121540068,28.316061001260433,28.316061001260433,33.38014974090109,29.939614121540068,0.0,0.0,0.0,0.0
149,0,Vocal,0,0,3.804398258604516,3.8043982586045164,20.747976116812037,3.92948912118051,3.804398258604516,3.8043982586045164,20.747976116812037,3.92948912118051,0.0,0.0,0.0,0.0
149,1,Bass,0,0,-3.8096024317111077,-3.8096024317111086,7.978551010053389,-2.8700485186331854,-3.8096024317111077,-3.8096024317111086,7.978551010053389,-2.8700485186331854,0.0,0.0,0.0,0.0
149,2,Drums,0,0,30.770555921186464,30.770555921186464,41.45858864680491,31.15830579564839,30.770555921186464,30.770555921186464,41.45858864680491,31.15830579564839,0.0,0.0,0.0,0.0
150,0,Vocal,0,0,-0.4617631750301583,-0.4617631750301583,16.793935633791307,-0.2893602342389811,-0.4617631750301583,-0.4617631750301583,16.793935633791307,-0.2893602342389811,0.0,0.0,0.0,0.0
150,1,Bass,0,0,-10.256370609740026,-10.256370609740026,1.8943081940993851,-7.817664943559209,-10.256370609740026,-10.256370609740026,1.8943081940993851,-7.817664943559209,0.0,0.0,0.0,0.0
150,2,Drums,0,0,31.335972335985876,31.335972335985876,38.615268252925496,32.236186097667755,31.335972335985876,31.335972335985876,38.615268252925496,32.236186097667755,0.0,0.0,0.0,0.0
151,0,Vocal,0,0,-1.4290457284341798,-1.4290457284341793,14.292347497989297,-1.152437501524814,-1.4290457284341798,-1.4290457284341793,14.292347497989297,-1.152437501524814,0.0,0.0,0.0,0.0
151,1,Bass,0,0,-5.938400558722061,-5.938400558722061,4.742529737221913,-4.2937171407879315,-5.938400558722061,-5.938400558722061,4.742529737221913,-4.2937171407879315,0.0,0.0,0.0,0.0
151,2,Drums,0,0,29.33908370747514,29.33908370747514,38.847008647313245,29.85550366594843,29.33908370747514,29.33908370747514,38.847008647313245,29.85550366594843,0.0,0.0,0.0,0.0
152,0,Vocal,0,0,15.420112310510547,15.420112310510547,43.927539204672684,15.42641520821091,15.420112310510547,15.420112310510547,43.927539204672684,15.42641520821091,0.0,0.0,0.0,0.0
152,1,Bass,1,1,-2.0554231794550843,-2.0554231794550843,17.582786163181353,-1.9328447752263311,-2.0554231794550843,-2.0554231794550843,17.582786163181353,-1.9328447752263311,0.0,0.0,0.0,0.0
152,2,Drums,0,0,29.953173966268153,29.953173966268153,38.767893229494575,30.565440084436784,29.953173966268153,29.953173966268153,38.767893229494575,30.565440084436784,0.0,0.0,0.0,0.0
153,0,Vocal,0,0,14.59443959046105,14.594439590461048,68.71986110765887,14.594454953732082,14.59443959046105,14.594439590461048,68.71986110765887,14.594454953732082,0.0,0.0,0.0,0.0
153,1,Bass,1,1,1.0989738647943084,1.0989738647943084,22.28679190529376,1.157712495658751,1.0989738647943084,1.0989738647943084,22.28679190529376,1.157712495658751,0.0,0.0,0.0,0.0
153,2,Drums,0,0,29.355032018347572,29.355032018347572,37.641823567364824,30.053216553762574,29.355032018347572,29.355032018347572,37.641823567364824,30.053216553762574,0.0,0.0,0.0,0.0
154,0,Vocal,0,0,13.901429381204935,13.901429381204935,47.43490691007406,13.903431832538065,13.901429381204935,13.901429381204935,47.43490691007406,13.903431832538065,0.0,0.0,0.0,0.0
154,1,Bass,0,0,-0.5465638602949562,-0.5465638602949545,20.19996095803593,-0.46856038418274026,-0.5465638602949562,-0.5465638602949545,20.19996095803593,-0.46856038418274026,0.0,0.0,0.0,0.0
154,2,Drums,0,0,29.87874123322353,29.87874123322353,42.36576514985322,30.131114152056266,29.87874123322353,29.87874123322353,42.36576514985322,30.131114152056266,0.0,0.0,0.0,0.0
155,0,Vocal,0,0,16.901450772039656,16.901450772039656,61.971439299644125,16.901587295515384,16.901450772039656,16.901450772039656,61.971439299644125,16.901587295515384,0.0,0.0,0.0,0.0
155,1,Bass,0,0,1.7460000606967077,1.7460000606967083,20.26758038989721,1.848118128750658,1.7460000606967077,1.7460000606967083,20.26758038989721,1.848118128750658,0.0,0.0,0.0,0.0
155,2,Drums,0,0,27.859454840972337,27.859454840972337,35.509824926000924,28.679188948750106,27.859454840972337,27.859454840972337,35.509824926000924,28.679188948750106,0.0,0.0,0.0,0.0
156,0,Vocal,0,0,13.888055904827137,13.888055904827139,42.20878895708977,13.894713594026404,13.888055904827137,13.888055904827139,42.20878895708977,13.894713594026404,0.0,0.0,0.0,0.0
156,1,Bass,0,0,1.1594126689469242,1.1594126689469242,19.192180051450492,1.2802643489159515,1.1594126689469242,1.1594126689469242,19.192180051450492,1.2802643489159515,0.0,0.0,0.0,0.0
156,2,Drums,0,0,29.0344526795175,29.0344526795175,39.34354724527821,29.459498632411997,29.0344526795175,29.0344526795175,39.34354724527821,29.459498632411997,0.0,0.0,0.0,0.0
157,0,Vocal,0,0,18.392420324147086,18.392420324147086,47.228995888412975,18.398181525002496,18.392420324147086,18.392420324147086,47.228995888412975,18.398181525002496,0.0,0.0,0.0,0.0
157,1,Bass,0,0,2.710585374008001,2.710585374008001,21.713704448113514,2.794738015041274,2.710585374008001,2.710585374008001,21.713704448113514,2.794738015041274,0.0,0.0,0.0,0.0
157,2,Drums,0,0,27.132090208017697,27.132090208017697,34.990474495176315,27.910058329370404,27.132090208017697,27.132090208017697,34.990474495176315,27.910058329370404,0.0,0.0,0.0,0.0
158,0,Vocal,0,0,9.576595922738202,9.5765959227382,38.79956179611234,9.582364434024873,9.576595922738202,9.5765959227382,38.79956179611234,9.582364434024873,0.0,0.0,0.0,0.0
158,1,Bass,0,0,-1.5433300364493143,-1.5433300364493134,17.886971745561603,-1.4234513557019755,-1.5433300364493143,-1.5433300364493134,17.886971745561603,-1.4234513557019755,0.0,0.0,0.0,0.0
158,2,Drums,0,0,36.3843125856176,36.3843125856176,55.437813329248925,36.43863987617525,36.3843125856176,36.3843125856176,55.437813329248925,36.43863987617525,0.0,0.0,0.0,0.0
159,0,Vocal,0,0,17.95276329864724,17.95276329864724,53.01319416807015,17.954137928266128,17.95276329864724,17.95276329864724,53.01319416807015,17.954137928266128,0.0,0.0,0.0,0.0
159,1,Bass,0,0,2.4126432001108937,2.4126432001108946,23.21184402298041,2.4696044228789256,2.4126432001108937,2.4126432001108946,23.21184402298041,2.4696044228789256,0.0,0.0,0.0,0.0
159,2,Drums,0,0,28.989490931606735,28.989490931606735,37.174013905858615,29.705827997272486,28.989490931606735,28.989490931606735,37.174013905858615,29.705827997272486,0.0,0.0,0.0,0.0
160,0,Vocal,0,0,20.651292121403763,20.651292121403763,52.991718390923324,20.653846983765863,20.651292121403763,20.651292121403763,52.991718390923324,20.653846983765863,0.0,0.0,0.0,0.0
160,1,Bass,0,0,10.714439985929015,10.714439985929015,24.589316892443833,10.911207145571176,10.714439985929015,10.714439985929015,24.589316892443833,10.911207145571176,0.0,0.0,0.0,0.0
160,2,Drums,0,0,21.489271740358614,21.489271740358614,27.54101410013911,22.735969770071527,21.489271740358614,21.489271740358614,27.54101410013911,22.735969770071527,0.0,0.0,0.0,0.0
161,0,Vocal,0,0,17.62893517541152,17.62893517541152,45.94141357571057,17.635455037789818,17.62893517541152,17.62893517541152,45.94141357571057,17.635455037789818,0.0,0.0,0.0,0.0
161,1,Bass,0,0,7.11700147639884,7.117001476398839,24.062840996216536,7.222648198053161,7.11700147639884,7.117001476398839,24.062840996216536,7.222648198053161,0.0,0.0,0.0,0.0
161,2,Drums,0,0,22.181656137143975,22.181656137143975,28.458405195295114,23.355099659585065,22.181656137143975,22.181656137143975,28.458405195295114,23.355099659585065,0.0,0.0,0.0,0.0
162,0,Vocal,0,0,20.947959377453387,20.947959377453387,50.38154786388384,20.952947258952218,20.947959377453387,20.947959377453387,50.38154786388384,20.952947258952218,0.0,0.0,0.0,0.0
162,1,Bass,0,0,11.836270470971924,11.836270470971924,27.27285963049905,11.970411621617846,11.836270470971924,11.836270470971924,27.27285963049905,11.970411621617846,0.0,0.0,0.0,0.0
162,2,Drums,0,0,22.086729831201133,22.086729831201133,31.879676056151936,22.570747014910182,22.086729831201133,22.086729831201133,31.879676056151936,22.570747014910182,0.0,0.0,0.0,0.0
163,0,Vocal,0,0,10.750847406579386,10.750847406579386,42.40250846972561,10.754066387183416,10.750847406579386,10.750847406579386,42.40250846972561,10.754066387183416,0.0,0.0,0.0,0.0
163,1,Bass,0,0,8.195769354795708,8.195769354795708,26.375350038627595,8.272313651331192,8.195769354795708,8.195769354795708,26.375350038627595,8.272313651331192,0.0,0.0,0.0,0.0
163,2,Drums,0,0,28.25460093657632,28.25460093657632,43.63957081961477,28.382325369507953,28.25460093657632,28.25460093657632,43.63957081961477,28.382325369507953,0.0,0.0,0.0,0.0
164,0,Vocal,0,0,13.265519105194635,13.265519105194635,41.734471405588145,13.27199200933359,13.265519105194635,13.265519105194635,41.734471405588145,13.27199200933359,0.0,0.0,0.0,0.0
164,1,Bass,0,0,9.423114479908065,9.423114479908065,25.650672482301516,9.539695659380943,9.423114479908065,9.423114479908065,25.650672482301516,9.539695659380943,0.0,0.0,0.0,0.0
164,2,Drums,0,0,27.319999934136842,27.319999934136842,39.165841618580274,27.614149693990942,27.319999934136842,27.319999934136842,39.165841618580274,27.614149693990942,0.0,0.0,0.0,0.0
165,0,Vocal,0,0,13.475279321604619,13.475279321604619,40.956480412964744,13.483390117405381,13.475279321604619,13.475279321604619,40.956480412964744,13.483390117405381,0.0,0.0,0.0,0.0
165,1,Bass,0,0,4.12813811810732,4.12813811810732,22.73201331159349,4.21154084333644,4.12813811810732,4.12813811810732,22.73201331159349,4.21154084333644,0.0,0.0,0.0,0.0
165,2,Drums,0,0,30.440524810270837,30.440524810270833,43.15129102345553,30.679847485430507,30.440524810270837,30.440524810270833,43.15129102345553,30.679847485430507,0.0,0.0,0.0,0.0
166,0,Vocal,0,0,5.267831026109966,5.267831026109965,37.19023908918571,5.271448169765084,5.267831026109966,5.267831026109965,37.19023908918571,5.271448169765084,0.0,0.0,0.0,0.0
166,1,Bass,0,0,10.035035881426168,10.035035881426168,28.119103564065814,10.109769042723224,10.035035881426168,10.035035881426168,28.119103564065814,10.109769042723224,0.0,0.0,0.0,0.0
166,2,Drums,0,0,37.29347068459457,37.29347068459457,80.1993411938936,37.29366711763327,37.29347068459457,37.29347068459457,80.1993411938936,37.29366711763327,0.0,0.0,0.0,0.0
167,0,Vocal,0,0,26.179092033731663,26.179092033731663,49.31436526015396,26.200287977179745,26.179092033731663,26.179092033731663,49.31436526015396,26.200287977179745,0.0,0.0,0.0,0.0
167,1,Bass,1,1,6.033552659862968,6.033552659862968,18.966171060782273,6.315198677500269,6.033552659862968,6.033552659862968,18.966171060782273,6.315198677500269,0.0,0.0,0.0,0.0
167,2,Drums,0,0,19.609863051388764,19.609863051388764,25.39863295140631,20.95187114303709,19.609863051388764,19.609863051388764,25.39863295140631,20.95187114303709,0.0,0.0,0.0,0.0
168,0,Vocal,0,0,30.56951242644837,30.56951242644837,42.99026998517781,30.825827520853576,30.56951242644837,30.56951242644837,42.99026998517781,30.825827520853576,0.0,0.0,0.0,0.0
168,1,Bass,0,0,8.288047292277428,8.288047292277426,17.04734514328001,8.993067128509098,8.288047292277428,8.288047292277426,17.04734514328001,8.993067128509098,0.0,0.0,0.0,0.0
168,2,Drums,0,0,18.759041512381735,18.75904151238173,23.709462938286805,20.451493019439408,18.759041512381735,18.75904151238173,23.709462938286805,20.451493019439408,0.0,0.0,0.0,0.0
169,0,Vocal,0,0,14.002177345399147,14.002177345399147,59.53455253747897,14.00230274780441,14.002177345399147,14.002177345399147,59.53455253747897,14.00230274780441,0.0,0.0,0.0,0.0
169,1,Bass,0,0,10.341648482491468,10.341648482491468,27.441851251923637,10.434981446449115,10.341648482491468,10.341648482491468,27.441851251923637,10.434981446449115,0.0,0.0,0.0,0.0
169,2,Drums,0,0,27.5529174993181,27.552917499318102,47.469338884665106,27.59749298762275,27.5529174993181,27.552917499318102,47.469338884665106,27.59749298762275,0.0,0.0,0.0,0.0
170,0,Vocal,0,0,13.934926623943147,13.934926623943147,41.39248187289376,13.943045453346361,13.934926623943147,13.934926623943147,41.39248187289376,13.943045453346361,0.0,0.0,0.0,0.0
170,1,Bass,0,0,-0.46543379272660756,-0.46543379272660756,13.64180376317899,-0.10957752501363606,-0.46543379272660756,-0.46543379272660756,13.64180376317899,-0.10957752501363606,0.0,0.0,0.0,0.0
170,2,Drums,0,0,19.667055800824876,19.667055800824873,24.547559598012644,21.389545133843452,19.667055800824876,19.667055800824873,24.547559598012644,21.389545133843452,0.0,0.0,0.0,0.0
171,0,Vocal,0,0,10.834705155804263,10.834705155804263,55.30494439516055,10.834871547527438,10.834705155804263,10.834705155804263,55.30494439516055,10.834871547527438,0.0,0.0,0.0,0.0
171,1,Bass,0,0,9.221313783929597,9.221313783929597,26.403858457153614,9.315133925869203,9.221313783929597,9.221313783929597,26.403858457153614,9.315133925869203,0.0,0.0,0.0,0.0
171,2,Drums,0,0,29.6457263248713,29.6457263248713,54.067377523821925,29.66145592869331,29.6457263248713,29.6457263248713,54.067377523821925,29.66145592869331,0.0,0.0,0.0,0.0
172,0,Vocal,0,0,10.247530109018166,10.247530109018166,38.32682346258446,10.25493134182135,10.247530109018166,10.247530109018166,38.32682346258446,10.25493134182135,0.0,0.0,0.0,0.0
172,1,Bass,-213,-213,3.028242782811523,3.028242782811523,29.472374947938324,3.043003488274479,3.028242782811523,3.028242782811523,29.472374947938324,3.043003488274479,0.0,0.0,0.0,0.0
172,2,Drums,0,0,26.430900108038657,26.430900108038657,35.264428503375676,27.041049141269816,26.430900108038657,26.430900108038657,35.264428503375676,27.041049141269816,0.0,0.0,0.0,0.0
173,0,Vocal,0,0,-1.2854829923477689,-1.2854829923477684,18.780857406252167,-1.1853753302585837,-1.2854829923477689,-1.2854829923477684,18.780857406252167,-1.1853753302585837,0.0,0.0,0.0,0.0
173,1,Bass,0,0,-3.0534805820294073,-3.0534805820294064,9.764194980387973,-2.384437677892377,-3.0534805820294073,-3.0534805820294064,9.764194980387973,-2.384437677892377,0.0,0.0,0.0,0.0
173,2,Drums,0,0,34.29454326023177,34.29454326023177,40.32029904581915,35.54254996662265,34.29454326023177,34.29454326023177,40.32029904581915,35.54254996662265,0.0,0.0,0.0,0.0
174,0,Vocal,0,0,20.960269351482147,20.960269351482147,48.80172262001342,20.967469470994665,20.960269351482147,20.960269351482147,48.80172262001342,20.967469470994665,0.0,0.0,0.0,0.0
174,1,Bass,0,0,7.477522672571095,7.477522672571093,22.82403876609324,7.628821684278679,7.477522672571095,7.477522672571093,22.82403876609324,7.628821684278679,0.0,0.0,0.0,0.0
174,2,Drums,0,0,21.00985512299794,21.00985512299794,31.038412952211864,21.467685626921128,21.00985512299794,21.00985512299794,31.038412952211864,21.467685626921128,0.0,0.0,0.0,0.0
175,0,Vocal,0,0,15.490010098513219,15.490010098513219,53.36191406399534,15.490738175468739,15.490010098513219,15.490010098513219,53.36191406399534,15.490738175468739,0.0,0.0,0.0,0.0
175,1,Bass,0,0,9.426297509154722,9.426297509154724,26.060952827550395,9.532337036315115,9.426297509154722,9.426297509154724,26.060952827550395,9.532337036315115,0.0,0.0,0.0,0.0
175,2,Drums,0,0,25.901705142410204,25.901705142410204,40.07822406089282,26.071394862419858,25.901705142410204,25.901705142410204,40.07822406089282,26.071394862419858,0.0,0.0,0.0,0.0
176,0,Vocal,0,0,9.459901006333858,9.45990100633386,70.68108094394526,9.459904156430635,9.459901006333858,9.45990100633386,70.68108094394526,9.459904156430635,0.0,0.0,0.0,0.0
176,1,Bass,0,0,4.907380981074054,4.907380981074054,29.499716847364176,4.927362727144492,4.907380981074054,4.907380981074054,29.499716847364176,4.927362727144492,0.0,0.0,0.0,0.0
176,2,Drums,0,0,21.94182183948581,21.94182183948581,30.714681254478215,22.5635695181608,21.94182183948581,21.94182183948581,30.714681254478215,22.5635695181608,0.0,0.0,0.0,0.0
177,0,Vocal,0,0,17.32474389824542,17.324743898245416,54.141796211467145,17.32566338816193,17.32474389824542,17.324743898245416,54.141796211467145,17.32566338816193,0.0,0.0,0.0,0.0
177,1,Bass,0,0,8.061274022867213,8.061274022867213,27.43046723904598,8.119625470670535,8.061274022867213,8.061274022867213,27.43046723904598,8.119625470670535,0.0,0.0,0.0,0.0
177,2,Drums,0,0,24.883357820396114,24.883357820396114,44.64564869986926,24.929621766720235,24.883357820396114,24.883357820396114,44.64564869986926,24.929621766720235,0.0,0.0,0.0,0.0
178,0,Vocal,0,0,14.444059255550188,14.444059255550188,47.634035577415546,14.446217592308923,14.444059255550188,14.444059255550188,47.634035577415546,14.446217592308923,0.0,0.0,0.0,0.0
178,1,Bass,-1,-1,4.632742716325924,4.6327427163259225,24.563496947255665,4.692254888153985,4.632742716325924,4.6327427163259225,24.563496947255665,4.692254888153985,0.0,0.0,0.0,0.0
178,2,Drums,0,0,21.677286816865248,21.677286816865248,36.809000141179276,21.813511283477922,21.677286816865248,21.677286816865248,36.809000141179276,21.813511283477922,0.0,0.0,0.0,0.0
179,0,Vocal,0,0,17.391379885426254,17.391379885426257,46.47061817926911,17.396848880175156,17.391379885426254,17.391379885426257,46.47061817926911,17.396848880175156,0.0,0.0,0.0,0.0
179,1,Bass,0,0,5.8782097229586014,5.8782097229586014,24.870542396263573,5.947454935142975,5.8782097229586014,5.8782097229586014,24.870542396263573,5.947454935142975,0.0,0.0,0.0,0.0
179,2,Drums,0,0,23.463203866668252,23.463203866668252,43.97630658889945,23.502139070671426,23.463203866668252,23.463203866668252,43.97630658889945,23.502139070671426,0.0,0.0,0.0,0.0
180,0,Vocal,0,0,12.150082408861829,12.150082408861827,56.06641104941357,12.15026898248963,12.150082408861829,12.150082408861827,56.06641104941357,12.15026898248963,0.0,0.0,0.0,0.0
180,1,Bass,-1,-1,3.5486764789752527,3.5486764789752527,27.14320411058263,3.5760756456301386,3.5486764789752527,3.5486764789752527,27.14320411058263,3.5760756456301386,0.0,0.0,0.0,0.0
180,2,Drums,0,0,22.334759300868633,22.334759300868633,31.380323024309703,22.915746210663816,22.334759300868633,22.334759300868633,31.380323024309703,22.915746210663816,0.0,0.0,0.0,0.0
181,0,Vocal,0,0,12.704523236959492,12.70452323695949,52.369143856939615,12.705016449937737,12.704523236959492,12.70452323695949,52.369143856939615,12.705016449937737,0.0,0.0,0.0,0.0
181,1,Bass,0,0,5.515009941583566,5.515009941583566,28.37503472925668,5.543856269084353,5.515009941583566,5.515009941583566,28.37503472925668,5.543856269084353,0.0,0.0,0.0,0.0
181,2,Drums,0,0,25.257225924007965,25.257225924007965,45.45570241065994,25.299036405924134,25.257225924007965,25.257225924007965,45.45570241065994,25.299036405924134,0.0,0.0,0.0,0.0
182,0,Vocal,0,0,15.980010123373653,15.980010123373653,41.583575473631846,15.992278966995189,15.980010123373653,15.980010123373653,41.583575473631846,15.992278966995189,0.0,0.0,0.0,0.0
182,1,Bass,0,0,11.818933409322936,11.818933409322936,32.27078123744871,11.860822389473993,11.818933409322936,11.818933409322936,32.27078123744871,11.860822389473993,0.0,0.0,0.0,0.0
182,2,Drums,0,0,21.077371624787613,21.077371624787613,30.783833869131158,21.572444330855006,21.077371624787613,21.077371624787613,30.783833869131158,21.572444330855006,0.0,0.0,0.0,0.0
183,0,Vocal,0,0,16.391735629723826,16.391735629723826,44.983945640154836,16.39788205669974,16.391735629723826,16.391735629723826,44.983945640154836,16.39788205669974,0.0,0.0,0.0,0.0
183,1,Bass,0,0,7.583340055042301,7.5833400550423,26.33646584756341,7.651685302414214,7.583340055042301,7.5833400550423,26.33646584756341,7.651685302414214,0.0,0.0,0.0,0.0
183,2,Drums,0,0,27.940780512570882,27.940780512570882,34.79583684817942,28.94563983549493,27.940780512570882,27.940780512570882,34.79583684817942,28.94563983549493,0.0,0.0,0.0,0.0
184,0,Vocal,0,0,20.092257940961243,20.092257940961243,46.82619080685467,20.101569324675737,20.092257940961243,20.092257940961243,46.82619080685467,20.101569324675737,0.0,0.0,0.0,0.0
184,1,Bass,0,0,12.244613578001363,12.244613578001363,27.3565663373456,12.388535017159104,12.244613578001363,12.244613578001363,27.3565663373456,12.388535017159104,0.0,0.0,0.0,0.0
184,2,Drums,0,0,26.059756765047403,26.059756765047403,36.61449817804562,26.460796049571933,26.059756765047403,26.059756765047403,36.61449817804562,26.460796049571933,0.0,0.0,0.0,0.0
185,0,Vocal,0,0,10.019313959313473,10.019313959313473,35.17392082690883,10.033906562977197,10.019313959313473,10.019313959313473,35.17392082690883,10.033906562977197,0.0,0.0,0.0,0.0
185,1,Bass,0,0,5.0498854104401225,5.0498854104401225,21.266361543597615,5.187255511530467,5.0498854104401225,5.0498854104401225,21.266361543597615,5.187255511530467,0.0,0.0,0.0,0.0
185,2,Drums,0,0,25.49399945780808,25.49399945780808,35.67237593667709,25.93337463004149,25.49399945780808,25.49399945780808,35.67237593667709,25.93337463004149,0.0,0.0,0.0,0.0
186,0,Vocal,0,0,19.103261814397317,19.103261814397317,47.87042931381621,19.109104127281377,19.103261814397317,19.103261814397317,47.87042931381621,19.109104127281377,0.0,0.0,0.0,0.0
186,1,Bass,0,0,9.614159114275667,9.614159114275667,24.131676225575397,9.78715049903157,9.614159114275667,9.614159114275667,24.131676225575397,9.78715049903157,0.0,0.0,0.0,0.0
186,2,Drums,0,0,26.62373417777607,26.62373417777607,34.28293578299552,27.44204652529045,26.62373417777607,26.62373417777607,34.28293578299552,27.44204652529045,0.0,0.0,0.0,0.0
187,0,Vocal,0,0,12.769223468294893,12.769223468294895,44.72224631958231,12.772140243429623,12.769223468294893,12.769223468294895,44.72224631958231,12.772140243429623,0.0,0.0,0.0,0.0
187,1,Bass,0,0,10.966410406472043,10.966410406472043,26.69486804139308,11.093405663235643,10.966410406472043,10.966410406472043,26.69486804139308,11.093405663235643,0.0,0.0,0.0,0.0
187,2,Drums,0,0,27.65115098862473,27.651150988624735,40.10603386870598,27.905634415274335,27.65115098862473,27.651150988624735,40.10603386870598,27.905634415274335,0.0,0.0,0.0,0.0
188,0,Vocal,0,0,19.87338191457973,19.87338191457973,63.219440780829686,19.873583760468247,19.87338191457973,19.87338191457973,63.219440780829686,19.873583760468247,0.0,0.0,0.0,0.0
188,1,Bass,0,0,11.669905540747227,11.669905540747227,26.835772231391694,11.813138551878733,11.669905540747227,11.669905540747227,26.835772231391694,11.813138551878733,0.0,0.0,0.0,0.0
188,2,Drums,0,0,25.278637729499465,25.278637729499465,34.280903322917,25.864282786557066,25.278637729499465,25.278637729499465,34.280903322917,25.864282786557066,0.0,0.0,0.0,0.0
189,0,Vocal,0,0,5.381193731219708,5.381193731219707,32.26615676324186,5.3926771512507905,5.381193731219708,5.381193731219707,32.26615676324186,5.3926771512507905,0.0,0.0,0.0,0.0
189,1,Bass,0,0,3.457259199899341,3.457259199899341,20.281129186422774,3.588967107777325,3.457259199899341,3.457259199899341,20.281129186422774,3.588967107777325,0.0,0.0,0.0,0.0
189,2,Drums,0,0,28.846182346455336,28.846182346455336,41.32787991833175,29.09895066657316,28.846182346455336,28.846182346455336,41.32787991833175,29.09895066657316,0.0,0.0,0.0,0.0
190,0,Vocal,0,0,5.811296540114225,5.811296540114226,31.968448866007844,5.824589034340944,5.811296540114225,5.811296540114226,31.968448866007844,5.824589034340944,0.0,0.0,0.0,0.0
190,1,Bass,0,0,12.709906371768962,12.709906371768962,30.13763789157376,12.793355864243045,12.709906371768962,12.709906371768962,30.13763789157376,12.793355864243045,0.0,0.0,0.0,0.0
190,2,Drums,0,0,31.844998254105548,31.844998254105548,61.69823210981946,31.84949402820896,31.844998254105548,31.844998254105548,61.69823210981946,31.84949402820896,0.0,0.0,0.0,0.0
191,0,Vocal,0,0,2.4795152522075146,2.4795152522075146,26.480868362456413,2.506587656367448,2.4795152522075146,2.4795152522075146,26.480868362456413,2.506587656367448,0.0,0.0,0.0,0.0
191,1,Bass,0,0,11.535756955333378,11.535756955333378,28.529672394124788,11.629498628096908,11.535756955333378,11.535756955333378,28.529672394124788,11.629498628096908,0.0,0.0,0.0,0.0
191,2,Drums,0,0,30.082423502542525,30.082423502542525,50.9947280939048,30.11780102065074,30.082423502542525,30.082423502542525,50.9947280939048,30.11780102065074,0.0,0.0,0.0,0.0
192,0,Vocal,0,0,25.749295716990726,25.749295716990726,56.11920039945596,25.753294884623926,25.749295716990726,25.749295716990726,56.11920039945596,25.753294884623926,0.0,0.0,0.0,0.0
192,1,Bass,0,0,11.499391366991333,11.499391366991333,20.803659613167362,12.077569155184909,11.499391366991333,11.499391366991333,20.803659613167362,12.077569155184909,0.0,0.0,0.0,0.0
192,2,Drums,0,0,16.011175133722748,16.011175133722748,20.07867813662839,18.214345846805326,16.011175133722748,16.011175133722748,20.07867813662839,18.214345846805326,0.0,0.0,0.0,0.0
193,0,Vocal,0,0,-0.5666623098731698,-0.5666623098731698,28.28565173448076,-0.5545661389874305,-0.5666623098731698,-0.5666623098731698,28.28565173448076,-0.5545661389874305,0.0,0.0,0.0,0.0
193,1,Bass,0,0,13.755749537050484,13.755749537050484,31.379369005133558,13.83462792732766,13.755749537050484,13.755749537050484,31.379369005133558,13.83462792732766,0.0,0.0,0.0,0.0
193,2,Drums,0,0,32.18224766008626,32.18224766008626,45.94044557201286,32.36909275129027,32.18224766008626,32.18224766008626,45.94044557201286,32.36909275129027,0.0,0.0,0.0,0.0
194,0,Vocal,0,0,0.38926191783487446,0.38926191783487446,24.908112015466088,0.41863255039494957,0.38926191783487446,0.38926191783487446,24.908112015466088,0.41863255039494957,0.0,0.0,0.0,0.0
194,1,Bass,0,0,14.995760306384643,14.995760306384643,32.42356652024598,15.07748771828597,14.995760306384643,14.995760306384643,32.42356652024598,15.07748771828597,0.0,0.0,0.0,0.0
194,2,Drums,0,0,35.993828230565974,35.993828230565974,50.6365779460016,36.145556269574996,35.993828230565974,35.993828230565974,50.6365779460016,36.145556269574996,0.0,0.0,0.0,0.0
195,0,Vocal,0,0,30.100321441252905,30.100321441252905,56.707154068851096,30.10982476136683,30.100321441252905,30.100321441252905,56.707154068851096,30.10982476136683,0.0,0.0,0.0,0.0
195,1,Bass,0,0,11.761644158766556,11.761644158766558,17.74864033468112,13.09461729557421,11.761644158766556,11.761644158766558,17.74864033468112,13.09461729557421,0.0,0.0,0.0,0.0
195,2,Drums,0,0,11.79932830832145,11.79932830832145,13.68355808904884,16.516030804391526,11.79932830832145,11.79932830832145,13.68355808904884,16.516030804391526,0.0,0.0,0.0,0.0
196,0,Vocal,0,0,21.778747324364602,21.778747324364602,39.67182778742845,21.85033743388464,21.778747324364602,21.778747324364602,39.67182778742845,21.85033743388464,0.0,0.0,0.0,0.0
196,1,Bass,0,0,17.20569995594227,17.20569995594227,29.69498017414005,17.462352699154355,17.20569995594227,17.20569995594227,29.69498017414005,17.462352699154355,0.0,0.0,0.0,0.0
196,2,Drums,0,0,21.769013829114932,21.769013829114932,32.39290031983859,22.1649915899617,21.769013829114932,21.769013829114932,32.39290031983859,22.1649915899617,0.0,0.0,0.0,0.0
197,0,Vocal,0,0,30.305380528766747,30.305380528766747,62.86681970208303,30.307787115348916,30.305380528766747,30.305380528766747,62.86681970208303,30.307787115348916,0.0,0.0,0.0,0.0
197,1,Bass,0,0,13.318372191373967,13.318372191373967,19.44294823287054,14.582740788429769,13.318372191373967,13.318372191373967,19.44294823287054,14.582740788429769,0.0,0.0,0.0,0.0
197,2,Drums,0,0,12.118224007104846,12.118224007104846,14.280506677243213,16.342448785516122,12.118224007104846,12.118224007104846,14.280506677243213,16.342448785516122,0.0,0.0,0.0,0.0
198,0,Vocal,0,0,20.17145234290374,20.17145234290374,67.47995337885375,20.171532125199544,20.17145234290374,20.17145234290374,67.47995337885375,20.171532125199544,0.0,0.0,0.0,0.0
198,1,Bass,0,0,13.182485796136778,13.182485796136778,27.319389381121848,13.361376389872632,13.182485796136778,13.182485796136778,27.319389381121848,13.361376389872632,0.0,0.0,0.0,0.0
198,2,Drums,0,0,26.93795558063117,26.93795558063117,43.375960011127574,27.03791201085299,26.93795558063117,26.93795558063117,43.375960011127574,27.03791201085299,0.0,0.0,0.0,0.0
199,0,Vocal,0,0,22.20149542008535,22.20149542008535,42.894242960369766,22.23890156287203,22.20149542008535,22.20149542008535,42.894242960369766,22.23890156287203,0.0,0.0,0.0,0.0
199,1,Bass,0,0,11.670576383759085,11.670576383759085,24.04438559283278,11.94664968498914,11.670576383759085,11.670576383759085,24.04438559283278,11.94664968498914,0.0,0.0,0.0,0.0
199,2,Drums,0,0,18.25922204707641,18.25922204707641,22.83365197704809,20.144530170752763,18.25922204707641,18.25922204707641,22.83365197704809,20.144530170752763,0.0,0.0,0.0,0.0
200,0,Vocal,0,0,3.8314779338694334,3.831477933869433,21.792389544108147,3.930141674632075,3.8314779338694334,3.831477933869433,21.792389544108147,3.930141674632075,0.0,0.0,0.0,0.0
200,1,Bass,0,0,1.3385816651114362,1.3385816651114355,13.825104578940993,1.76711364691121,1.3385816651114362,1.3385816651114355,13.825104578940993,1.76711364691121,0.0,0.0,0.0,0.0
200,2,Drums,0,0,28.51411729011645,28.51411729011645,45.87134785759246,28.594780864312742,28.51411729011645,28.51411729011645,45.87134785759246,28.594780864312742,0.0,0.0,0.0,0.0
201,0,Vocal,0,0,7.831696890984059,7.831696890984059,25.0516959364399,7.928410806281978,7.831696890984059,7.831696890984059,25.0516959364399,7.928410806281978,0.0,0.0,0.0,0.0
201,1,Bass,0,0,2.5867729378166997,2.5867729378166997,14.54799524557022,3.022231644553913,2.5867729378166997,2.5867729378166997,14.54799524557022,3.022231644553913,0.0,0.0,0.0,0.0
201,2,Drums,0,0,26.418472737017314,26.418472737017314,47.99172302063495,26.44887649530331,26.418472737017314,26.418472737017314,47.99172302063495,26.44887649530331,0.0,0.0,0.0,0.0
202,0,Vocal,0,0,2.790021324530603,2.7900213245306045,21.678824739594347,2.875884621432556,2.790021324530603,2.7900213245306045,21.678824739594347,2.875884621432556,0.0,0.0,0.0,0.0
202,1,Bass,0,0,1.8734224476602548,1.8734224476602548,14.611326752642599,2.258662340713073,1.8734224476602548,1.8734224476602548,14.611326752642599,2.258662340713073,0.0,0.0,0.0,0.0
202,2,Drums,0,0,29.88426994527211,29.88426994527211,44.77831959635235,30.027469814016538,29.88426994527211,29.88426994527211,44.77831959635235,30.027469814016538,0.0,0.0,0.0,0.0
203,0,Vocal,0,0,7.370106540218865,7.370106540218863,24.44494995263588,7.471703284202928,7.370106540218865,7.370106540218863,24.44494995263588,7.471703284202928,0.0,0.0,0.0,0.0
203,1,Bass,0,0,-2.3780029862539216,-2.3780029862539207,10.010037061562462,-1.7068672178529976,-2.3780029862539216,-2.3780029862539207,10.010037061562462,-1.7068672178529976,0.0,0.0,0.0,0.0
203,2,Drums,0,0,27.344199230944582,27.344199230944582,38.999184284600815,27.652042675917357,27.344199230944582,27.344199230944582,38.999184284600815,27.652042675917357,0.0,0.0,0.0,0.0
204,0,Vocal,0,0,0.0938666601740599,0.0938666601740599,17.60418803065033,0.24635645035299772,0.0938666601740599,0.0938666601740599,17.60418803065033,0.24635645035299772,0.0,0.0,0.0,0.0
204,1,Bass,0,0,-0.5396083154682474,-0.5396083154682474,11.851364790651225,-0.006978604132346469,-0.5396083154682474,-0.5396083154682474,11.851364790651225,-0.006978604132346469,0.0,0.0,0.0,0.0
204,2,Drums,0,0,33.15576014917142,33.15576014917142,57.59140993062874,33.171429848454935,33.15576014917142,33.15576014917142,57.59140993062874,33.171429848454935,0.0,0.0,0.0,0.0
205,0,Vocal,0,0,5.98917448710117,5.98917448710117,23.11629625401267,6.095293520174546,5.98917448710117,5.98917448710117,23.11629625401267,6.095293520174546,0.0,0.0,0.0,0.0
205,1,Bass,0,0,-1.8097388773182685,-1.8097388773182685,10.425515783399963,-1.1651644446046363,-1.8097388773182685,-1.8097388773182685,10.425515783399963,-1.1651644446046363,0.0,0.0,0.0,0.0
205,2,Drums,0,0,26.683926312613615,26.683926312613615,37.20599703004157,27.08801028365563,26.683926312613615,26.683926312613615,37.20599703004157,27.08801028365563,0.0,0.0,0.0,0.0
206,0,Vocal,0,0,7.030203868867211,7.0302038688672095,22.408578302443765,7.182811568114685,7.030203868867211,7.0302038688672095,22.408578302443765,7.182811568114685,0.0,0.0,0.0,0.0
206,1,Bass,0,0,-2.621545445925912,-2.621545445925912,9.614926484643306,-1.9035904350734534,-2.621545445925912,-2.621545445925912,9.614926484643306,-1.9035904350734534,0.0,0.0,0.0,0.0
206,2,Drums,0,0,26.852534535544578,26.852534535544578,38.97439042194663,27.128046117440977,26.852534535544578,26.852534535544578,38.97439042194663,27.128046117440977,0.0,0.0,0.0,0.0
207,0,Vocal,0,0,8.38757881683013,8.38757881683013,24.98523630507536,8.497457696968473,8.38757881683013,8.38757881683013,24.98523630507536,8.497457696968473,0.0,0.0,0.0,0.0
207,1,Bass,0,0,-5.612294168091832,-5.612294168091832,7.2401239353575715,-4.629994431389674,-5.612294168091832,-5.612294168091832,7.2401239353575715,-4.629994431389674,0.0,0.0,0.0,0.0
207,2,Drums,0,0,29.593112619033857,29.593112619033857,42.724795982160245,29.809810325823676,29.593112619033857,29.593112619033857,42.724795982160245,29.809810325823676,0.0,0.0,0.0,0.0
208,0,Vocal,0,0,19.139553161010557,19.139553161010557,56.025866959581656,19.14045316343812,19.139553161010557,19.139553161010557,56.025866959581656,19.14045316343812,0.0,0.0,0.0,0.0
208,1,Bass,0,0,9.041747948652386,9.041747948652386,21.267620348926833,9.342313454286277,9.041747948652386,9.041747948652386,21.267620348926833,9.342313454286277,0.0,0.0,0.0,0.0
208,2,Drums,0,0,17.556464497331522,17.556464497331522,25.50737321277765,18.327378219756564,17.556464497331522,17.556464497331522,25.50737321277765,18.327378219756564,0.0,0.0,0.0,0.0
209,0,Vocal,0,0,15.695841950363988,15.695841950363988,59.579109518720074,15.696023885962491,15.695841950363988,15.695841950363988,59.579109518720074,15.696023885962491,0.0,0.0,0.0,0.0
209,1,Bass,0,0,5.6729808626569564,5.6729808626569564,19.522833917115197,5.903955608957519,5.6729808626569564,5.6729808626569564,19.522833917115197,5.903955608957519,0.0,0.0,0.0,0.0
209,2,Drums,0,0,19.899908730600536,19.899908730600536,26.859239300576547,20.885575528031172,19.899908730600536,19.899908730600536,26.859239300576547,20.885575528031172,0.0,0.0,0.0,0.0
210,0,Vocal,0,0,9.593424411765106,9.593424411765106,33.64229710889638,9.612430145016885,9.593424411765106,9.593424411765106,33.64229710889638,9.612430145016885,0.0,0.0,0.0,0.0
210,1,Bass,0,0,13.71333714550161,13.71333714550161,26.46888316994808,13.959713243487311,13.71333714550161,13.71333714550161,26.46888316994808,13.959713243487311,0.0,0.0,0.0,0.0
210,2,Drums,0,0,13.336355047942888,13.336355047942888,33.898292727106494,13.376450280088225,13.336355047942888,13.336355047942888,33.898292727106494,13.376450280088225,0.0,0.0,0.0,0.0
211,0,Vocal,0,0,30.130203114410556,30.130203114410556,56.61756619866509,30.13994919365787,30.130203114410556,30.130203114410556,56.61756619866509,30.13994919365787,0.0,0.0,0.0,0.0
211,1,Bass,0,0,13.873130409769612,13.873130409769612,23.020480013459228,14.458274237638168,13.873130409769612,13.873130409769612,23.020480013459228,14.458274237638168,0.0,0.0,0.0,0.0
211,2,Drums,0,0,17.56764512372732,17.56764512372732,21.8732270964954,19.609655510188247,17.56764512372732,17.56764512372732,21.8732270964954,19.609655510188247,0.0,0.0,0.0,0.0
212,0,Vocal,0,0,32.65817829833815,32.65817829833815,62.699505059898215,32.662471256625736,32.65817829833815,32.65817829833815,62.699505059898215,32.662471256625736,0.0,0.0,0.0,0.0
212,1,Bass,0,0,11.917994580457567,11.917994580457567,21.15814818965201,12.501962886903879,11.917994580457567,11.917994580457567,21.15814818965201,12.501962886903879,0.0,0.0,0.0,0.0
212,2,Drums,0,0,17.56474097454662,17.56474097454662,22.73606509568365,19.161690327036712,17.56474097454662,17.56474097454662,22.73606509568365,19.161690327036712,0.0,0.0,0.0,0.0
213,0,Vocal,0,0,18.019493610676665,18.019493610676665,51.19978937149757,18.021614569228216,18.019493610676665,18.019493610676665,51.19978937149757,18.021614569228216,0.0,0.0,0.0,0.0
213,1,Bass,0,0,5.089224723931274,5.089224723931274,18.19772708179217,5.37215554035958,5.089224723931274,5.089224723931274,18.19772708179217,5.37215554035958,0.0,0.0,0.0,0.0
213,2,Drums,0,0,22.500132592092434,22.500132592092434,27.18484606617877,24.313244674331074,22.500132592092434,22.500132592092434,27.18484606617877,24.313244674331074,0.0,0.0,0.0,0.0
214,0,Vocal,0,0,14.331662652364967,14.331662652364967,57.91053142737567,14.331859433233769,14.331662652364967,14.331662652364967,57.91053142737567,14.331859433233769,0.0,0.0,0.0,0.0
214,1,Bass,0,0,9.558949727292989,9.558949727292989,23.693110979197478,9.748422969140575,9.558949727292989,9.558949727292989,23.693110979197478,9.748422969140575,0.0,0.0,0.0,0.0
214,2,Drums,0,0,19.948887823209432,19.948887823209432,30.476297073147833,20.355516966351992,19.948887823209432,19.948887823209432,30.476297073147833,20.355516966351992,0.0,0.0,0.0,0.0
215,0,Vocal,0,0,19.878615404573797,19.878615404573797,65.82598693433036,19.878726183493917,19.878615404573797,19.878615404573797,65.82598693433036,19.878726183493917,0.0,0.0,0.0,0.0
215,1,Bass,0,0,8.80548219158835,8.80548219158835,18.350425195996134,9.379728243026433,8.80548219158835,8.80548219158835,18.350425195996134,9.379728243026433,0.0,0.0,0.0,0.0
215,2,Drums,0,0,15.615177047972056,15.615177047972056,20.20558979720566,17.510617351024546,15.615177047972056,15.615177047972056,20.20558979720566,17.510617351024546,0.0,0.0,0.0,0.0
216,0,Vocal,0,0,-5.268881803396097,-5.268881803396095,31.323681667383546,-5.2647296130182255,-5.268881803396097,-5.268881803396095,31.323681667383546,-5.2647296130182255,0.0,0.0,0.0,0.0
216,1,Bass,0,0,3.0228787690972125,3.0228787690972125,23.16444298098058,3.0860272536493456,3.0228787690972125,3.0228787690972125,23.16444298098058,3.0860272536493456,0.0,0.0,0.0,0.0
216,2,Drums,0,0,31.18022787919233,31.18022787919233,45.408586111818124,31.347570048481934,31.18022787919233,31.18022787919233,45.408586111818124,31.347570048481934,0.0,0.0,0.0,0.0
217,0,Vocal,0,0,-9.258205300313545,-9.258205300313545,52.298958823598376,-9.258177701803668,-9.258205300313545,-9.258205300313545,52.298958823598376,-9.258177701803668,0.0,0.0,0.0,0.0
217,1,Bass,0,0,2.674894013745377,2.674894013745377,22.513578467223464,2.744480393893032,2.674894013745377,2.674894013745377,22.513578467223464,2.744480393893032,0.0,0.0,0.0,0.0
217,2,Drums,0,0,33.46973082294609,33.46973082294609,48.02584367041604,33.624641627091265,33.46973082294609,33.46973082294609,48.02584367041604,33.624641627091265,0.0,0.0,0.0,0.0
218,0,Vocal,0,0,-4.930510193313692,-4.930510193313692,30.60719525306141,-4.925522383565978,-4.930510193313692,-4.930510193313692,30.60719525306141,-4.925522383565978,0.0,0.0,0.0,0.0
218,1,Bass,0,0,3.0257593011030415,3.025759301103043,23.22957073681458,3.0879933171704836,3.0257593011030415,3.025759301103043,23.22957073681458,3.0879933171704836,0.0,0.0,0.0,0.0
218,2,Drums,0,0,31.150132127607428,31.150132127607428,45.37158983022944,31.317746464768167,31.150132127607428,31.150132127607428,45.37158983022944,31.317746464768167,0.0,0.0,0.0,0.0
219,0,Vocal,0,0,-4.632912063641844,-4.632912063641845,37.449084839686584,-4.631862259411894,-4.632912063641844,-4.632912063641845,37.449084839686584,-4.631862259411894,0.0,0.0,0.0,0.0
219,1,Bass,0,0,1.8341992680005936,1.8341992680005936,21.623938308253287,1.909802288836651,1.8341992680005936,1.8341992680005936,21.623938308253287,1.909802288836651,0.0,0.0,0.0,0.0
219,2,Drums,0,0,33.05638386363582,33.05638386363582,45.958607641405784,33.28502039895612,33.05638386363582,33.05638386363582,45.958607641405784,33.28502039895612,0.0,0.0,0.0,0.0
220,0,Vocal,0,0,-4.949651235296594,-4.949651235296592,30.12607766130621,-4.944085208072094,-4.949651235296594,-4.949651235296592,30.12607766130621,-4.944085208072094,0.0,0.0,0.0,0.0
220,1,Bass,0,0,3.0314150103159374,3.0314150103159374,23.242591912871614,3.0935166163769408,3.0314150103159374,3.0314150103159374,23.242591912871614,3.0935166163769408,0.0,0.0,0.0,0.0
220,2,Drums,0,0,31.12946082691847,31.129460826918468,45.33696883689678,31.297625578403863,31.12946082691847,31.129460826918468,45.33696883689678,31.297625578403863,0.0,0.0,0.0,0.0
221,0,Vocal,0,0,-5.336955029735777,-5.336955029735777,33.684050292593724,-5.334552323311906,-5.336955029735777,-5.336955029735777,33.684050292593724,-5.334552323311906,0.0,0.0,0.0,0.0
221,1,Bass,0,0,3.0016899410460978,3.0016899410460978,23.5220806960918,3.059645110652892,3.0016899410460978,3.0016899410460978,23.5220806960918,3.059645110652892,0.0,0.0,0.0,0.0
221,2,Drums,0,0,31.573974883854415,31.57397488385441,45.838213305765024,31.739902859258706,31.573974883854415,31.57397488385441,45.838213305765024,31.739902859258706,0.0,0.0,0.0,0.0
222,0,Vocal,0,0,-4.729804967921988,-4.729804967921986,30.84751374159123,-4.725031304836604,-4.729804967921988,-4.729804967921986,30.84751374159123,-4.725031304836604,0.0,0.0,0.0,0.0
222,1,Bass,0,0,2.662812814950846,2.662812814950846,22.931160412511318,2.725891031031682,2.662812814950846,2.662812814950846,22.931160412511318,2.725891031031682,0.0,0.0,0.0,0.0
222,2,Drums,0,0,32.52320686100041,32.52320686100041,46.34854876469027,32.707133557398095,32.52320686100041,32.52320686100041,46.34854876469027,32.707133557398095,0.0,0.0,0.0,0.0
223,0,Vocal,0,0,-5.13686863585587,-5.13686863585587,28.577126087933618,-5.128999603458439,-5.13686863585587,-5.13686863585587,28.577126087933618,-5.128999603458439,0.0,0.0,0.0,0.0
223,1,Bass,0,0,4.001516598707941,4.001516598707941,24.368163831784415,4.05746990785831,4.001516598707941,4.001516598707941,24.368163831784415,4.05746990785831,0.0,0.0,0.0,0.0
223,2,Drums,0,0,29.830104095876052,29.830104095876052,47.048404313730856,29.913386309637346,29.830104095876052,29.830104095876052,47.048404313730856,29.913386309637346,0.0,0.0,0.0,0.0
224,0,Vocal,0,0,-4.463269315209986,-4.463269315209986,21.190128248974407,-4.41854345627764,-4.463269315209986,-4.463269315209986,21.190128248974407,-4.41854345627764,0.0,0.0,0.0,0.0
224,1,Bass,0,0,0.9998486093411028,0.9998486093411035,17.1575649999877,1.1891147654576042,0.9998486093411028,0.9998486093411035,17.1575649999877,1.1891147654576042,0.0,0.0,0.0,0.0
224,2,Drums,0,0,32.137176508618865,32.137176508618865,47.38533267466253,32.26893856353601,32.137176508618865,32.137176508618865,47.38533267466253,32.26893856353601,0.0,0.0,0.0,0.0
225,0,Vocal,0,0,-0.7367427194682126,-0.7367427194682137,24.43128190999895,-0.7078833740999446,-0.7367427194682126,-0.7367427194682137,24.43128190999895,-0.7078833740999446,0.0,0.0,0.0,0.0
225,1,Bass,-225,-225,-0.7400116712172767,-0.7400116712172775,19.886032429926598,-0.6578917801409488,-0.7400116712172767,-0.7400116712172775,19.886032429926598,-0.6578917801409488,0.0,0.0,0.0,0.0
225,2,Drums,0,0,27.754079091636473,27.754079091636477,36.251800919089995,28.416833838312737,27.754079091636473,27.754079091636477,36.251800919089995,28.416833838312737,0.0,0.0,0.0,0.0
226,0,Vocal,0,0,-5.151161564742893,-5.151161564742893,9.57661749356178,-4.54825650430789,-5.151161564742893,-5.151161564742893,9.57661749356178,-4.54825650430789,0.0,0.0,0.0,0.0
226,1,Bass,0,0,28.88248710795998,28.88248710795998,45.81567206199442,28.97149807875554,28.88248710795998,28.88248710795998,45.81567206199442,28.97149807875554,0.0,0.0,0.0,0.0
226,2,Drums,0,0,11.776802910475277,11.776802910475277,31.400361558417163,11.827569434212446,11.776802910475277,11.776802910475277,31.400361558417163,11.827569434212446,0.0,0.0,0.0,0.0
227,0,Vocal,0,0,-8.951899288396199,-8.951899288396199,16.104222312132293,-8.833103343400808,-8.951899288396199,-8.951899288396199,16.104222312132293,-8.833103343400808,0.0,0.0,0.0,0.0
227,1,Bass,0,0,2.4359988254256684,2.4359988254256697,19.59033920363792,2.5679073386482165,2.4359988254256684,2.4359988254256697,19.59033920363792,2.5679073386482165,0.0,0.0,0.0,0.0
227,2,Drums,0,0,26.765780434031186,26.765780434031186,41.097729695700735,26.9293184902877,26.765780434031186,26.765780434031186,41.097729695700735,26.9293184902877,0.0,0.0,0.0,0.0
228,0,Vocal,0,0,-3.9645909032144404,-3.9645909032144404,24.946009298057255,-3.9451232413751445,-3.9645909032144404,-3.9645909032144404,24.946009298057255,-3.9451232413751445,0.0,0.0,0.0,0.0
228,1,Bass,0,0,-0.2556082422258178,-0.2556082422258178,17.278437292740776,-0.09777674078674048,-0.2556082422258178,-0.2556082422258178,17.278437292740776,-0.09777674078674048,0.0,0.0,0.0,0.0
228,2,Drums,0,0,28.978271290694583,28.978271290694583,47.13449083847167,29.04526622739653,28.978271290694583,28.978271290694583,47.13449083847167,29.04526622739653,0.0,0.0,0.0,0.0
229,0,Vocal,0,0,-4.86877558518617,-4.86877558518617,9.617437583380617,-4.2612429646154295,-4.86877558518617,-4.86877558518617,9.617437583380617,-4.2612429646154295,0.0,0.0,0.0,0.0
229,1,Bass,0,0,30.28780580203062,30.28780580203062,47.007004193273865,30.381327160113358,30.28780580203062,30.28780580203062,47.007004193273865,30.381327160113358,0.0,0.0,0.0,0.0
229,2,Drums,0,0,10.575372939884279,10.575372939884279,30.4148384565414,10.624618482002845,10.575372939884279,10.575372939884279,30.4148384565414,10.624618482002845,0.0,0.0,0.0,0.0
230,0,Vocal,0,0,-3.5166067099195435,-3.516606709919544,10.407139391667535,-2.9585336931573787,-3.5166067099195435,-3.516606709919544,10.407139391667535,-2.9585336931573787,0.0,0.0,0.0,0.0
230,1,Bass,0,0,29.656541892355275,29.656541892355275,83.10792684151922,29.65655671647326,29.656541892355275,29.656541892355275,83.10792684151922,29.65655671647326,0.0,0.0,0.0,0.0
230,2,Drums,0,0,9.549047876673743,9.549047876673743,28.977965090180117,9.60435674458667,9.549047876673743,9.549047876673743,28.977965090180117,9.60435674458667,0.0,0.0,0.0,0.0
231,0,Vocal,0,0,-4.899525903960926,-4.899525903960925,29.31623619314479,-4.892800224882186,-4.899525903960926,-4.899525903960925,29.31623619314479,-4.892800224882186,0.0,0.0,0.0,0.0
231,1,Bass,0,0,2.338090197040636,2.338090197040636,18.5377824050353,2.503940121293854,2.338090197040636,2.338090197040636,18.5377824050353,2.503940121293854,0.0,0.0,0.0,0.0
231,2,Drums,0,0,28.30518275646635,28.30518275646635,41.8220907842834,28.503136696818498,28.30518275646635,28.30518275646635,41.8220907842834,28.503136696818498,0.0,0.0,0.0,0.0
232,0,Vocal,-19811,-19811,-43.38538597107511,-43.38538597107511,-24.00045457210616,-19.317356503069117,-43.38538597107511,-43.38538597107511,-24.00045457210616,-19.317356503069117,0.0,0.0,0.0,0.0
232,1,Bass,1,1,10.902624495158319,10.902624495158319,27.059583874642314,11.017676432660474,10.902624495158319,10.902624495158319,27.059583874642314,11.017676432660474,0.0,0.0,0.0,0.0
232,2,Drums,0,0,10.446525472000248,10.446525472000248,20.59021229379897,10.926170952395328,10.446525472000248,10.446525472000248,20.59021229379897,10.926170952395328,0.0,0.0,0.0,0.0
233,0,Vocal,0,0,4.923616253467978,4.923616253467978,27.324016056579957,4.95671192570428,4.923616253467978,4.923616253467978,27.324016056579957,4.95671192570428,0.0,0.0,0.0,0.0
233,1,Bass,-1,-1,5.212374701512591,5.212374701512591,20.675075329927314,5.37463892465836,5.212374701512591,5.212374701512591,20.675075329927314,5.37463892465836,0.0,0.0,0.0,0.0
233,2,Drums,0,0,16.179416762226257,16.179416762226257,26.1261662597969,16.653532312264346,16.179416762226257,16.179416762226257,26.1261662597969,16.653532312264346,0.0,0.0,0.0,0.0
234,0,Vocal,0,0,1.7586671323368785,1.7586671323368805,38.19298006469549,1.7603125575075584,1.7586671323368785,1.7586671323368805,38.19298006469549,1.7603125575075584,0.0,0.0,0.0,0.0
234,1,Bass,0,0,1.9959797175471727,1.995979717547172,16.67870257167843,2.238614770473312,1.9959797175471727,1.995979717547172,16.67870257167843,2.238614770473312,0.0,0.0,0.0,0.0
234,2,Drums,0,0,18.472548675604767,18.472548675604767,28.783116780569603,18.90269129280582,18.472548675604767,18.472548675604767,28.783116780569603,18.90269129280582,0.0,0.0,0.0,0.0
235,0,Vocal,0,0,-8.951555525425267,-8.951555525425269,5.3368193913035755,-7.6719364727995165,-8.951555525425267,-8.951555525425269,5.3368193913035755,-7.6719364727995165,0.0,0.0,0.0,0.0
235,1,Bass,-1,-1,12.963694313661026,12.963694313661026,30.79955708197518,13.039382463233757,12.963694313661026,12.963694313661026,30.79955708197518,13.039382463233757,0.0,0.0,0.0,0.0
235,2,Drums,0,0,10.52964775797025,10.52964775797025,20.465411574474697,11.033260789592008,10.52964775797025,10.52964775797025,20.465411574474697,11.033260789592008,0.0,0.0,0.0,0.0
236,0,Vocal,0,0,6.08085367509711,6.08085367509711,29.694577753558633,6.104449371565287,6.08085367509711,6.08085367509711,29.694577753558633,6.104449371565287,0.0,0.0,0.0,0.0
236,1,Bass,0,0,4.035519458842588,4.035519458842588,19.23593221144201,4.220159747358392,4.035519458842588,4.035519458842588,19.23593221144201,4.220159747358392,0.0,0.0,0.0,0.0
236,2,Drums,0,0,16.49528009107018,16.49528009107018,26.79014639113477,16.93037897301479,16.49528009107018,16.49528009107018,26.79014639113477,16.93037897301479,0.0,0.0,0.0,0.0
237,0,Vocal,0,0,-10.402702613279748,-10.402702613279748,11.933947462668835,-10.10759811646648,-10.402702613279748,-10.402702613279748,11.933947462668835,-10.10759811646648,0.0,0.0,0.0,0.0
237,1,Bass,-2,-2,10.650242589964954,10.650242589964954,26.514754116030332,10.773952245666912,10.650242589964954,10.650242589964954,26.514754116030332,10.773952245666912,0.0,0.0,0.0,0.0
237,2,Drums,0,0,11.098063914373736,11.098063914373736,21.42656419825597,11.551784469007595,11.098063914373736,11.098063914373736,21.42656419825597,11.551784469007595,0.0,0.0,0.0,0.0
238,0,Vocal,-19948,-19948,-42.44537463736271,-42.44537463736271,-27.03176699507155,-15.27833281056705,-42.44537463736271,-42.44537463736271,-27.03176699507155,-15.27833281056705,0.0,0.0,0.0,0.0
238,1,Bass,0,0,7.880731146713372,7.880731146713373,24.822095009180135,7.983746750720099,7.880731146713372,7.880731146713373,24.822095009180135,7.983746750720099,0.0,0.0,0.0,0.0
238,2,Drums,0,0,15.359700634579191,15.359700634579195,26.080251572669624,15.754818815020728,15.359700634579191,15.359700634579195,26.080251572669624,15.754818815020728,0.0,0.0,0.0,0.0
239,0,Vocal,0,0,2.676071111894212,2.6760711118942133,30.988573599057297,2.6859383328130493,2.676071111894212,2.6760711118942133,30.988573599057297,2.6859383328130493,0.0,0.0,0.0,0.0
239,1,Bass,0,0,6.274697897292371,6.274697897292371,22.33572361237405,6.4089099439324855,6.274697897292371,6.274697897292371,22.33572361237405,6.4089099439324855,0.0,0.0,0.0,0.0
239,2,Drums,0,0,16.731840661387626,16.731840661387626,27.297177186975876,17.138997317644936,16.731840661387626,16.731840661387626,27.297177186975876,17.138997317644936,0.0,0.0,0.0,0.0
240,0,Vocal,0,0,18.63672543188775,18.636725431887754,37.737007334617054,18.691213572450987,18.63672543188775,18.636725431887754,37.737007334617054,18.691213572450987,0.0,0.0,0.0,0.0
240,1,Bass,0,0,14.974242715220313,14.974242715220312,31.912279430688262,15.065837684369122,14.974242715220313,14.974242715220312,31.912279430688262,15.065837684369122,0.0,0.0,0.0,0.0
240,2,Drums,0,0,24.279644912190253,24.279644912190253,46.150612596921036,24.308069878829365,24.279644912190253,24.279644912190253,46.150612596921036,24.308069878829365,0.0,0.0,0.0,0.0
241,0,Vocal,0,0,13.950599481398235,13.950599481398239,41.770268180418896,13.958068829177712,13.950599481398235,13.950599481398239,41.770268180418896,13.958068829177712,0.0,0.0,0.0,0.0
241,1,Bass,0,0,15.811621265320447,15.81162126532045,29.56806743521714,16.003245877263694,15.811621265320447,15.81162126532045,29.56806743521714,16.003245877263694,0.0,0.0,0.0,0.0
241,2,Drums,0,0,17.21279629851242,17.21279629851242,33.83918456772186,17.310068884670592,17.21279629851242,17.21279629851242,33.83918456772186,17.310068884670592,0.0,0.0,0.0,0.0
242,0,Vocal,0,0,11.386171703339592,11.386171703339592,32.74840200519287,11.420330508465836,11.386171703339592,11.386171703339592,32.74840200519287,11.420330508465836,0.0,0.0,0.0,0.0
242,1,Bass,0,0,10.429112385657223,10.429112385657222,27.150938431628013,10.530855451710874,10.429112385657223,10.429112385657222,27.150938431628013,10.530855451710874,0.0,0.0,0.0,0.0
242,2,Drums,0,0,26.312839250633505,26.312839250633505,32.9728517600514,27.370614257391537,26.312839250633505,26.312839250633505,32.9728517600514,27.370614257391537,0.0,0.0,0.0,0.0
243,0,Vocal,0,0,10.65893833733247,10.658938337332472,59.09313853965199,10.659005790773449,10.65893833733247,10.658938337332472,59.09313853965199,10.659005790773449,0.0,0.0,0.0,0.0
243,1,Bass,0,0,9.595210365643098,9.595210365643098,25.342835238049584,9.725066835223847,9.595210365643098,9.595210365643098,25.342835238049584,9.725066835223847,0.0,0.0,0.0,0.0
243,2,Drums,0,0,24.994594284580813,24.994594284580813,61.660512339270646,24.995532500668087,24.994594284580813,24.994594284580813,61.660512339270646,24.995532500668087,0.0,0.0,0.0,0.0
244,0,Vocal,0,0,13.283592174181605,13.283592174181605,44.74519372026434,13.286840590812073,13.283592174181605,13.283592174181605,44.74519372026434,13.286840590812073,0.0,0.0,0.0,0.0
244,1,Bass,0,0,8.036579605143066,8.036579605143066,22.57639640235054,8.2159457127429,8.036579605143066,8.036579605143066,22.57639640235054,8.2159457127429,0.0,0.0,0.0,0.0
244,2,Drums,0,0,22.57379597209896,22.57379597209896,36.010945764869355,22.776302764602207,22.57379597209896,22.57379597209896,36.010945764869355,22.776302764602207,0.0,0.0,0.0,0.0
245,0,Vocal,0,0,15.331492230530825,15.331492230530825,41.97140734299326,15.341192383697276,15.331492230530825,15.331492230530825,41.97140734299326,15.341192383697276,0.0,0.0,0.0,0.0
245,1,Bass,0,0,11.282950901104929,11.28295090110493,26.86556209852929,11.41366566542738,11.282950901104929,11.28295090110493,26.86556209852929,11.41366566542738,0.0,0.0,0.0,0.0
245,2,Drums,0,0,23.855792932954675,23.855792932954675,34.47604326274166,24.251164899371318,23.855792932954675,23.855792932954675,34.47604326274166,24.251164899371318,0.0,0.0,0.0,0.0
246,0,Vocal,0,0,9.000453980590791,9.000453980590791,41.33689618209993,9.003309751760542,9.000453980590791,9.000453980590791,41.33689618209993,9.003309751760542,0.0,0.0,0.0,0.0
246,1,Bass,0,0,10.83519599633178,10.83519599633178,26.961233865106998,10.951213848894586,10.83519599633178,10.83519599633178,26.961233865106998,10.951213848894586,0.0,0.0,0.0,0.0
246,2,Drums,0,0,21.290033803365063,21.290033803365063,36.55718532828027,21.42209436612337,21.290033803365063,21.290033803365063,36.55718532828027,21.42209436612337,0.0,0.0,0.0,0.0
247,0,Vocal,0,0,17.828508870694307,17.828508870694307,33.751868375124275,17.942814281373664,17.828508870694307,17.828508870694307,33.751868375124275,17.942814281373664,0.0,0.0,0.0,0.0
247,1,Bass,0,0,13.236706553515297,13.236706553515297,28.978258086040285,13.359547815592892,13.236706553515297,13.236706553515297,28.978258086040285,13.359547815592892,0.0,0.0,0.0,0.0
247,2,Drums,0,0,24.676206800608544,24.676206800608544,49.68652298670909,24.6899751538075,24.676206800608544,24.676206800608544,49.68652298670909,24.6899751538075,0.0,0.0,0.0,0.0
248,0,Vocal,0,0,18.6871426852927,18.687142685292695,44.68114526448279,18.698227916604566,18.6871426852927,18.687142685292695,44.68114526448279,18.698227916604566,0.0,0.0,0.0,0.0
248,1,Bass,0,0,0.34839210323125114,0.34839210323125114,16.09006608084014,0.5712961451459511,0.34839210323125114,0.34839210323125114,16.09006608084014,0.5712961451459511,0.0,0.0,0.0,0.0
248,2,Drums,0,0,26.559167739410015,26.559167739410015,58.964231013380186,26.56166806753295,26.559167739410015,26.559167739410015,58.964231013380186,26.56166806753295,0.0,0.0,0.0,0.0
249,0,Vocal,0,0,22.595323045602225,22.595323045602225,38.36994841288568,22.712401645668947,22.595323045602225,22.595323045602225,38.36994841288568,22.712401645668947,0.0,0.0,0.0,0.0
249,1,Bass,0,0,-1.8414419924101197,-1.8414419924101204,35.90809648890553,-1.8395992512360353,-1.8414419924101197,-1.8414419924101204,35.90809648890553,-1.8395992512360353,0.0,0.0,0.0,0.0
249,2,Drums,0,0,30.44724945451283,30.44724945451283,68.8689779439293,30.44787130141644,30.44724945451283,30.44724945451283,68.8689779439293,30.44787130141644,0.0,0.0,0.0,0.0
250,0,Vocal,0,0,22.70043686352484,22.70043686352484,46.465461677228376,22.718822500125476,22.70043686352484,22.70043686352484,46.465461677228376,22.718822500125476,0.0,0.0,0.0,0.0
250,1,Bass,0,0,14.757421631810416,14.75742163181042,20.850077141849486,16.018616373435904,14.757421631810416,14.75742163181042,20.850077141849486,16.018616373435904,0.0,0.0,0.0,0.0
250,2,Drums,0,0,22.461340999934404,22.461340999934404,30.184300908166865,23.269118812292756,22.461340999934404,22.461340999934404,30.184300908166865,23.269118812292756,0.0,0.0,0.0,0.0
251,0,Vocal,0,0,31.605637213598765,31.605637213598765,45.38222220465137,31.79169976428891,31.605637213598765,31.605637213598765,45.38222220465137,31.79169976428891,0.0,0.0,0.0,0.0
251,1,Bass,0,0,23.202629542950305,23.202629542950305,36.157368273452285,23.42938739989262,23.202629542950305,23.202629542950305,36.157368273452285,23.42938739989262,0.0,0.0,0.0,0.0
251,2,Drums,0,0,26.823115995741897,26.823115995741897,41.869584770924305,26.96143900948845,26.823115995741897,26.823115995741897,41.869584770924305,26.96143900948845,0.0,0.0,0.0,0.0
252,0,Vocal,0,0,24.14159234964822,24.14159234964822,63.179048550265364,24.142134288764243,24.14159234964822,24.14159234964822,63.179048550265364,24.142134288764243,0.0,0.0,0.0,0.0
252,1,Bass,0,0,18.1344258553921,18.1344258553921,30.106143380144825,18.42362059317628,18.1344258553921,18.1344258553921,30.106143380144825,18.42362059317628,0.0,0.0,0.0,0.0
252,2,Drums,0,0,20.9835287494815,20.9835287494815,32.91357530158005,21.27354689794975,20.9835287494815,20.9835287494815,32.91357530158005,21.27354689794975,0.0,0.0,0.0,0.0
253,0,Vocal,0,0,24.743901942512924,24.743901942512924,54.912968075207516,24.748092882639206,24.743901942512924,24.743901942512924,54.912968075207516,24.748092882639206,0.0,0.0,0.0,0.0
253,1,Bass,0,0,16.207639078421217,16.207639078421217,26.90163749111464,16.603381426499784,16.207639078421217,16.207639078421217,26.90163749111464,16.603381426499784,0.0,0.0,0.0,0.0
253,2,Drums,0,0,20.620684607433,20.620684607433,30.532970815962578,21.09195422835027,20.620684607433,20.620684607433,30.532970815962578,21.09195422835027,0.0,0.0,0.0,0.0
254,0,Vocal,0,0,14.626348010029385,14.626348010029384,28.036115687640915,14.835892015580951,14.626348010029385,14.626348010029384,28.036115687640915,14.835892015580951,0.0,0.0,0.0,0.0
254,1,Bass,0,0,14.468009952252153,14.468009952252153,26.00396767994072,14.795050345808187,14.468009952252153,14.468009952252153,26.00396767994072,14.795050345808187,0.0,0.0,0.0,0.0
254,2,Drums,0,0,16.3410833379454,16.3410833379454,42.59902775296706,16.35161395679987,16.3410833379454,16.3410833379454,42.59902775296706,16.35161395679987,0.0,0.0,0.0,0.0
255,0,Vocal,0,0,26.832003727245343,26.832003727245343,51.849886387180135,26.84572881827247,26.832003727245343,26.832003727245343,51.849886387180135,26.84572881827247,0.0,0.0,0.0,0.0
255,1,Bass,0,0,15.195934075431678,15.195934075431678,27.736066655052714,15.452219570737197,15.195934075431678,15.195934075431678,27.736066655052714,15.452219570737197,0.0,0.0,0.0,0.0
255,2,Drums,0,0,21.20367243361602,21.20367243361602,54.30149581700026,21.20581593775777,21.20367243361602,21.20367243361602,54.30149581700026,21.20581593775777,0.0,0.0,0.0,0.0
256,0,Vocal,0,0,25.000172849909355,25.000172849909355,45.37628580010186,25.040305146216213,25.000172849909355,25.000172849909355,45.37628580010186,25.040305146216213,0.0,0.0,0.0,0.0
256,1,Bass,0,0,16.565363798161663,16.565363798161663,30.046282565020533,16.769010534768963,16.565363798161663,16.565363798161663,30.046282565020533,16.769010534768963,0.0,0.0,0.0,0.0
256,2,Drums,0,0,24.670535218637717,24.670535218637717,33.081513478924585,25.348840342923786,24.670535218637717,24.670535218637717,33.081513478924585,25.348840342923786,0.0,0.0,0.0,0.0
257,0,Vocal,0,0,27.92190327891159,27.92190327891159,45.11965790364574,28.005627133150853,27.92190327891159,27.92190327891159,45.11965790364574,28.005627133150853,0.0,0.0,0.0,0.0
257,1,Bass,0,0,19.611164504521007,19.611164504521007,32.53880573039551,19.84074167968236,19.611164504521007,19.611164504521007,32.53880573039551,19.84074167968236,0.0,0.0,0.0,0.0
257,2,Drums,0,0,22.9116739086134,22.9116739086134,44.8009357210698,22.94001758450221,22.9116739086134,22.9116739086134,44.8009357210698,22.94001758450221,0.0,0.0,0.0,0.0
258,0,Vocal,0,0,28.816592549366153,28.816592549366156,39.46252227954919,29.20847071057768,28.816592549366153,28.816592549366156,39.46252227954919,29.20847071057768,0.0,0.0,0.0,0.0
258,1,Bass,0,0,18.22687929634984,18.22687929634984,27.741560214454722,18.749182033457814,18.22687929634984,18.22687929634984,27.741560214454722,18.749182033457814,0.0,0.0,0.0,0.0
258,2,Drums,0,0,15.779921477185013,15.779921477185013,32.934151487964364,15.866575033662668,15.779921477185013,15.779921477185013,32.934151487964364,15.866575033662668,0.0,0.0,0.0,0.0
259,0,Vocal,0,0,27.278401807592868,27.278401807592864,47.268045645150956,27.322230382823896,27.278401807592868,27.278401807592864,47.268045645150956,27.322230382823896,0.0,0.0,0.0,0.0
259,1,Bass,0,0,17.412439090231164,17.412439090231164,29.90348634225134,17.66876754126954,17.412439090231164,17.412439090231164,29.90348634225134,17.66876754126954,0.0,0.0,0.0,0.0
259,2,Drums,0,0,21.77964205409364,21.77964205409364,37.22241968231373,21.906293667494253,21.77964205409364,21.77964205409364,37.22241968231373,21.906293667494253,0.0,0.0,0.0,0.0
260,0,Vocal,0,0,24.942661574752677,24.942661574752677,45.39629283393658,24.982082293372848,24.942661574752677,24.942661574752677,45.39629283393658,24.982082293372848,0.0,0.0,0.0,0.0
260,1,Bass,0,0,16.58933835115938,16.58933835115938,30.111618188083057,16.79098781930042,16.58933835115938,16.58933835115938,30.111618188083057,16.79098781930042,0.0,0.0,0.0,0.0
260,2,Drums,0,0,24.673563228375755,24.673563228375755,33.11823266251882,25.346200106088155,24.673563228375755,24.673563228375755,33.11823266251882,25.346200106088155,0.0,0.0,0.0,0.0
261,0,Vocal,0,0,23.40110007364187,23.40110007364187,50.26609161729936,23.410087213251085,23.40110007364187,23.40110007364187,50.26609161729936,23.410087213251085,0.0,0.0,0.0,0.0
261,1,Bass,0,0,17.52545002391874,17.52545002391874,34.11229461897368,17.623496096873062,17.52545002391874,17.52545002391874,34.11229461897368,17.623496096873062,0.0,0.0,0.0,0.0
261,2,Drums,0,0,21.118311651497976,21.118311651497976,53.25726394132861,21.120985289778687,21.118311651497976,21.118311651497976,53.25726394132861,21.120985289778687,0.0,0.0,0.0,0.0
262,0,Vocal,0,0,32.86747408428164,32.86747408428164,58.56818464579967,32.87917014637118,32.86747408428164,32.86747408428164,58.56818464579967,32.87917014637118,0.0,0.0,0.0,0.0
262,1,Bass,0,0,22.903096974485436,22.903096974485436,32.47891548169032,23.412916228093348,22.903096974485436,22.903096974485436,32.47891548169032,23.412916228093348,0.0,0.0,0.0,0.0
262,2,Drums,0,0,19.7553346238116,19.755334623811603,52.36288629189704,19.75774009534797,19.7553346238116,19.755334623811603,52.36288629189704,19.75774009534797,0.0,0.0,0.0,0.0
263,0,Vocal,0,0,23.36274308636691,23.36274308636691,55.919973787255714,23.36516242379392,23.36274308636691,23.36274308636691,55.919973787255714,23.36516242379392,0.0,0.0,0.0,0.0
263,1,Bass,0,0,17.55914328920649,17.55914328920649,31.20839807565931,17.75403309673718,17.55914328920649,17.55914328920649,31.20839807565931,17.75403309673718,0.0,0.0,0.0,0.0
263,2,Drums,0,0,26.814253120244928,26.814253120244928,38.60162757025351,27.112598019267228,26.814253120244928,26.814253120244928,38.60162757025351,27.112598019267228,0.0,0.0,0.0,0.0
264,0,Vocal,0,0,22.19243443276686,22.19243443276686,48.63156472801215,22.202363130060462,22.19243443276686,22.19243443276686,48.63156472801215,22.202363130060462,0.0,0.0,0.0,0.0
264,1,Bass,0,0,21.593621138396614,21.593621138396614,29.23871699305684,22.41841030265537,21.593621138396614,21.593621138396614,29.23871699305684,22.41841030265537,0.0,0.0,0.0,0.0
264,2,Drums,0,0,28.369026347354733,28.369026347354737,50.44159759809696,28.39609560278799,28.369026347354733,28.369026347354737,50.44159759809696,28.39609560278799,0.0,0.0,0.0,0.0
265,0,Vocal,0,0,18.95931158584018,18.95931158584018,56.73228369410041,18.960044560896705,18.95931158584018,18.95931158584018,56.73228369410041,18.960044560896705,0.0,0.0,0.0,0.0
265,1,Bass,0,0,21.059813382589773,21.059813382589773,28.59038586686514,21.90960566050498,21.059813382589773,21.059813382589773,28.59038586686514,21.90960566050498,0.0,0.0,0.0,0.0
265,2,Drums,0,0,31.286225964161734,31.286225964161734,43.16109313993611,31.578038182459448,31.286225964161734,31.286225964161734,43.16109313993611,31.578038182459448,0.0,0.0,0.0,0.0
266,0,Vocal,0,0,22.61776783338336,22.61776783338336,29.209792434143548,23.69745086129643,22.61776783338336,22.61776783338336,29.209792434143548,23.69745086129643,0.0,0.0,0.0,0.0
266,1,Bass,0,0,23.822646827191797,23.82264682719179,33.02891486073315,24.380242417846528,23.822646827191797,23.82264682719179,33.02891486073315,24.380242417846528,0.0,0.0,0.0,0.0
266,2,Drums,0,0,27.38424645791782,27.38424645791782,53.62422915033008,27.394597043687558,27.38424645791782,27.38424645791782,53.62422915033008,27.394597043687558,0.0,0.0,0.0,0.0
267,0,Vocal,0,0,21.850716795801453,21.850716795801453,59.26955179678303,21.85150653114061,21.850716795801453,21.850716795801453,59.26955179678303,21.85150653114061,0.0,0.0,0.0,0.0
267,1,Bass,0,0,21.208038043738263,21.208038043738263,28.77551675722206,22.049706109071423,21.208038043738263,21.208038043738263,28.77551675722206,22.049706109071423,0.0,0.0,0.0,0.0
267,2,Drums,0,0,26.058021563342063,26.05802156334206,73.92864824274865,26.058091568570507,26.058021563342063,26.05802156334206,73.92864824274865,26.058091568570507,0.0,0.0,0.0,0.0
268,0,Vocal,0,0,22.660045614848705,22.660045614848705,52.665414055287876,22.664406534127146,22.660045614848705,22.660045614848705,52.665414055287876,22.664406534127146,0.0,0.0,0.0,0.0
268,1,Bass,0,0,21.54496129708718,21.54496129708718,29.315410450319852,22.34407088234875,21.54496129708718,21.54496129708718,29.315410450319852,22.34407088234875,0.0,0.0,0.0,0.0
268,2,Drums,0,0,26.399569573532077,26.399569573532077,50.95590404704247,26.414840654583173,26.399569573532077,26.399569573532077,50.95590404704247,26.414840654583173,0.0,0.0,0.0,0.0
269,0,Vocal,0,0,1.4847432681870902,1.484743268187091,35.295317777030114,1.4878293190288434,1.4847432681870902,1.484743268187091,35.295317777030114,1.4878293190288434,0.0,0.0,0.0,0.0
269,1,Bass,0,0,21.22017383935717,21.22017383935717,28.60586515290457,22.10165367418101,21.22017383935717,21.22017383935717,28.60586515290457,22.10165367418101,0.0,0.0,0.0,0.0
269,2,Drums,0,0,33.392206232892725,33.392206232892725,46.22828094968234,33.624433659206716,33.392206232892725,33.392206232892725,46.22828094968234,33.624433659206716,0.0,0.0,0.0,0.0
270,0,Vocal,0,0,18.497161457749282,18.497161457749282,35.36675057507885,18.5886477939687,18.497161457749282,18.497161457749282,35.36675057507885,18.5886477939687,0.0,0.0,0.0,0.0
270,1,Bass,0,0,18.087665832415162,18.087665832415162,26.309875670185683,18.806607358217526,18.087665832415162,18.087665832415162,26.309875670185683,18.806607358217526,0.0,0.0,0.0,0.0
270,2,Drums,0,0,27.4997849854932,27.4997849854932,38.70962890677178,27.842172789894107,27.4997849854932,27.4997849854932,38.70962890677178,27.842172789894107,0.0,0.0,0.0,0.0
271,0,Vocal,0,0,20.51935077483327,20.51935077483327,47.385618506434966,20.528373618496254,20.51935077483327,20.51935077483327,47.385618506434966,20.528373618496254,0.0,0.0,0.0,0.0
271,1,Bass,0,0,19.87642598923355,19.876425989233546,26.919808438105683,20.841026099954444,19.87642598923355,19.876425989233546,26.919808438105683,20.841026099954444,0.0,0.0,0.0,0.0
271,2,Drums,0,0,27.746724222359596,27.746724222359592,48.443416366892734,27.783935907789804,27.746724222359596,27.746724222359592,48.443416366892734,27.783935907789804,0.0,0.0,0.0,0.0
272,0,Vocal,0,0,8.281711797858792,8.281711797858794,27.450149192423403,8.342432341823336,8.281711797858792,8.281711797858794,27.450149192423403,8.342432341823336,0.0,0.0,0.0,0.0
272,1,Bass,0,0,2.0857654602394957,2.0857654602394957,16.64770191605427,2.3333704773705044,2.0857654602394957,2.0857654602394957,16.64770191605427,2.3333704773705044,0.0,0.0,0.0,0.0
272,2,Drums,0,0,27.33506260425658,27.33506260425658,34.29605637565519,28.312981665403566,27.33506260425658,27.33506260425658,34.29605637565519,28.312981665403566,0.0,0.0,0.0,0.0
273,0,Vocal,0,0,6.189043080240067,6.189043080240065,25.152754539441872,6.257767839540275,6.189043080240067,6.189043080240065,25.152754539441872,6.257767839540275,0.0,0.0,0.0,0.0
273,1,Bass,0,0,0.2656930950714365,0.2656930950714356,15.257711768300927,0.5330407935439297,0.2656930950714365,0.2656930950714356,15.257711768300927,0.5330407935439297,0.0,0.0,0.0,0.0
273,2,Drums,0,0,30.50238973196376,30.502389731963756,42.837321951617,30.76400691119305,30.50238973196376,30.502389731963756,42.837321951617,30.76400691119305,0.0,0.0,0.0,0.0
274,0,Vocal,0,0,6.775164442122166,6.775164442122166,25.024005118611843,6.854290092801275,6.775164442122166,6.775164442122166,25.024005118611843,6.854290092801275,0.0,0.0,0.0,0.0
274,1,Bass,0,0,-0.9006677948355146,-0.9006677948355146,13.958665444730725,-0.5853095397875001,-0.9006677948355146,-0.9006677948355146,13.958665444730725,-0.5853095397875001,0.0,0.0,0.0,0.0
274,2,Drums,0,0,29.217260522248978,29.217260522248978,37.240900014387826,29.963043305886128,29.217260522248978,29.217260522248978,37.240900014387826,29.963043305886128,0.0,0.0,0.0,0.0
275,0,Vocal,0,0,9.300948745496484,9.300948745496484,27.082541685860487,9.382433549787226,9.300948745496484,9.300948745496484,27.082541685860487,9.382433549787226,0.0,0.0,0.0,0.0
275,1,Bass,0,0,-1.3159135110003641,-1.3159135110003641,12.293158546683847,-0.8736225093357455,-1.3159135110003641,-1.3159135110003641,12.293158546683847,-0.8736225093357455,0.0,0.0,0.0,0.0
275,2,Drums,0,0,26.950966835428392,26.950966835428392,33.17974738384565,28.135207271813243,26.950966835428392,26.950966835428392,33.17974738384565,28.135207271813243,0.0,0.0,0.0,0.0
276,0,Vocal,0,0,9.067362419314316,9.067362419314316,26.647112407462533,9.15324510164597,9.067362419314316,9.067362419314316,26.647112407462533,9.15324510164597,0.0,0.0,0.0,0.0
276,1,Bass,-1,-1,-3.7807311388274547,-3.780731138827455,9.84912519260968,-3.16038912650502,-3.7807311388274547,-3.780731138827455,9.84912519260968,-3.16038912650502,0.0,0.0,0.0,0.0
276,2,Drums,0,0,25.84240775164674,25.84240775164674,31.37541688437034,27.270459968664564,25.84240775164674,25.84240775164674,31.37541688437034,27.270459968664564,0.0,0.0,0.0,0.0
277,0,Vocal,0,0,9.69620634490312,9.69620634490312,28.636186544355,9.757939451610131,9.69620634490312,9.69620634490312,28.636186544355,9.757939451610131,0.0,0.0,0.0,0.0
277,1,Bass,0,0,0.7504291383031804,0.7504291383031804,14.614175114663091,1.0801629310900998,0.7504291383031804,0.7504291383031804,14.614175114663091,1.0801629310900998,0.0,0.0,0.0,0.0
277,2,Drums,0,0,23.911288372180245,23.911288372180245,30.77011107177997,24.917368059522886,23.911288372180245,23.911288372180245,30.77011107177997,24.917368059522886,0.0,0.0,0.0,0.0
278,0,Vocal,0,0,8.91087866729933,8.91087866729933,27.271916106735986,8.982817106320818,8.91087866729933,8.91087866729933,27.271916106735986,8.982817106320818,0.0,0.0,0.0,0.0
278,1,Bass,0,0,-1.0046802107801394,-1.0046802107801394,13.858876934082677,-0.6855659515445066,-1.0046802107801394,-1.0046802107801394,13.858876934082677,-0.6855659515445066,0.0,0.0,0.0,0.0
278,2,Drums,0,0,28.16348628073687,28.16348628073687,35.55623306894403,29.0386152357711,28.16348628073687,28.16348628073687,35.55623306894403,29.0386152357711,0.0,0.0,0.0,0.0
279,0,Vocal,0,0,10.440432528637926,10.440432528637926,29.962509468121368,10.493564918013814,10.440432528637926,10.440432528637926,29.962509468121368,10.493564918013814,0.0,0.0,0.0,0.0
279,1,Bass,0,0,-0.5905335152487055,-0.5905335152487049,15.120404333811715,-0.3407743677219249,-0.5905335152487055,-0.5905335152487049,15.120404333811715,-0.3407743677219249,0.0,0.0,0.0,0.0
279,2,Drums,0,0,27.527903237152987,27.527903237152987,33.63027413045331,28.752252216807342,27.527903237152987,27.527903237152987,33.63027413045331,28.752252216807342,0.0,0.0,0.0,0.0
280,0,Vocal,0,0,14.626450617481655,14.626450617481655,40.48908979008359,14.638112275306518,14.626450617481655,14.626450617481655,40.48908979008359,14.638112275306518,0.0,0.0,0.0,0.0
280,1,Bass,0,0,11.895227422297207,11.895227422297207,26.556312654252288,12.05589431326266,11.895227422297207,11.895227422297207,26.556312654252288,12.05589431326266,0.0,0.0,0.0,0.0
280,2,Drums,0,0,19.329969065121112,19.329969065121112,32.32656639866985,19.55599570215913,19.329969065121112,19.329969065121112,32.32656639866985,19.55599570215913,0.0,0.0,0.0,0.0
281,0,Vocal,0,0,17.265533515225556,17.265533515225552,52.70605693933234,17.266794691906075,17.265533515225556,17.265533515225552,52.70605693933234,17.266794691906075,0.0,0.0,0.0,0.0
281,1,Bass,0,0,11.054526016842534,11.054526016842537,29.04554898271634,11.129459550388706,11.054526016842534,11.054526016842537,29.04554898271634,11.129459550388706,0.0,0.0,0.0,0.0
281,2,Drums,0,0,29.07035169143754,29.07035169143754,51.79717540673144,29.093612296202767,29.07035169143754,29.07035169143754,51.79717540673144,29.093612296202767,0.0,0.0,0.0,0.0
282,0,Vocal,0,0,17.299494401874313,17.299494401874313,48.78310463581805,17.302638490146215,17.299494401874313,17.299494401874313,48.78310463581805,17.302638490146215,0.0,0.0,0.0,0.0
282,1,Bass,0,0,8.027084899426962,8.027084899426962,25.42956080620542,8.119217783115879,8.027084899426962,8.027084899426962,25.42956080620542,8.119217783115879,0.0,0.0,0.0,0.0
282,2,Drums,0,0,19.74838437503579,19.74838437503579,25.390596989222423,21.144132973668306,19.74838437503579,19.74838437503579,25.390596989222423,21.144132973668306,0.0,0.0,0.0,0.0
283,0,Vocal,0,0,27.51252157177109,27.51252157177109,47.643790572785875,27.554919319523815,27.51252157177109,27.51252157177109,47.643790572785875,27.554919319523815,0.0,0.0,0.0,0.0
283,1,Bass,0,0,15.682831975321378,15.682831975321378,20.264793685052958,17.58221610531099,15.682831975321378,15.682831975321378,20.264793685052958,17.58221610531099,0.0,0.0,0.0,0.0
283,2,Drums,0,0,10.791077513888025,10.791077513888025,18.60832229874403,11.635198567696929,10.791077513888025,10.791077513888025,18.60832229874403,11.635198567696929,0.0,0.0,0.0,0.0
284,0,Vocal,0,0,21.35763705026019,21.35763705026019,44.9294977684243,21.37689766389205,21.35763705026019,21.35763705026019,44.9294977684243,21.37689766389205,0.0,0.0,0.0,0.0
284,1,Bass,0,0,12.132479325550511,12.132479325550511,26.904659820499074,12.288526856844111,12.132479325550511,12.132479325550511,26.904659820499074,12.288526856844111,0.0,0.0,0.0,0.0
284,2,Drums,0,0,18.778917916396058,18.778917916396058,23.664442358779503,20.502421045352914,18.778917916396058,18.778917916396058,23.664442358779503,20.502421045352914,0.0,0.0,0.0,0.0
285,0,Vocal,0,0,16.402988694069684,16.402988694069684,38.14115887602045,16.432856599668593,16.402988694069684,16.402988694069684,38.14115887602045,16.432856599668593,0.0,0.0,0.0,0.0
285,1,Bass,0,0,8.855848385652829,8.855848385652829,23.14295149729812,9.041786597395125,8.855848385652829,8.855848385652829,23.14295149729812,9.041786597395125,0.0,0.0,0.0,0.0
285,2,Drums,0,0,22.343020944625856,22.343020944625856,34.27511757205938,22.632300952564854,22.343020944625856,22.343020944625856,34.27511757205938,22.632300952564854,0.0,0.0,0.0,0.0
286,0,Vocal,0,0,16.273045980404458,16.273045980404458,63.28678256561206,16.273132199540406,16.273045980404458,16.273045980404458,63.28678256561206,16.273132199540406,0.0,0.0,0.0,0.0
286,1,Bass,0,0,6.148627403924149,6.148627403924149,23.741152750711557,6.243207268090814,6.148627403924149,6.148627403924149,23.741152750711557,6.243207268090814,0.0,0.0,0.0,0.0
286,2,Drums,0,0,25.232808303196386,25.232808303196386,32.168840671084205,26.218059026534604,25.232808303196386,25.232808303196386,32.168840671084205,26.218059026534604,0.0,0.0,0.0,0.0
287,0,Vocal,0,0,16.673134362444685,16.673134362444685,47.417268261727784,16.676872543868072,16.673134362444685,16.673134362444685,47.417268261727784,16.676872543868072,0.0,0.0,0.0,0.0
287,1,Bass,0,0,5.472418548933389,5.472418548933389,24.496569336269687,5.54252700756615,5.472418548933389,5.472418548933389,24.496569336269687,5.54252700756615,0.0,0.0,0.0,0.0
287,2,Drums,0,0,25.33996576653474,25.33996576653474,31.889588300721464,26.429231141263074,25.33996576653474,25.33996576653474,31.889588300721464,26.429231141263074,0.0,0.0,0.0,0.0
288,0,Vocal,0,0,13.681059926538964,13.681059926538964,32.64994267868937,13.738838055595753,13.681059926538964,13.681059926538964,32.64994267868937,13.738838055595753,0.0,0.0,0.0,0.0
288,1,Bass,0,0,16.555707334795798,16.555707334795798,34.004003749919264,16.63630063414891,16.555707334795798,16.555707334795798,34.004003749919264,16.63630063414891,0.0,0.0,0.0,0.0
288,2,Drums,0,0,21.092826651967624,21.092826651967624,41.22663877753258,21.135471011163965,21.092826651967624,21.092826651967624,41.22663877753258,21.135471011163965,0.0,0.0,0.0,0.0
289,0,Vocal,0,0,17.296276058230745,17.296276058230745,37.77644626778909,17.336058473964982,17.296276058230745,17.296276058230745,37.77644626778909,17.336058473964982,0.0,0.0,0.0,0.0
289,1,Bass,0,0,20.970717538779038,20.970717538779038,36.99442276769835,21.081459086992318,20.970717538779038,20.970717538779038,36.99442276769835,21.081459086992318,0.0,0.0,0.0,0.0
289,2,Drums,0,0,27.4545972226205,27.4545972226205,41.28179720108768,27.63866483024943,27.4545972226205,27.4545972226205,41.28179720108768,27.63866483024943,0.0,0.0,0.0,0.0
290,0,Vocal,0,0,18.47234313357763,18.47234313357763,37.89803110354058,18.522901908884613,18.47234313357763,18.47234313357763,37.89803110354058,18.522901908884613,0.0,0.0,0.0,0.0
290,1,Bass,0,0,11.395530356809056,11.395530356809056,24.987433517079126,11.603490299405435,11.395530356809056,11.395530356809056,24.987433517079126,11.603490299405435,0.0,0.0,0.0,0.0
290,2,Drums,0,0,23.024858329648218,23.024858329648218,48.38536597361713,23.037578835474257,23.024858329648218,23.024858329648218,48.38536597361713,23.037578835474257,0.0,0.0,0.0,0.0
291,0,Vocal,0,0,19.675963209440777,19.675963209440777,39.711447528861996,19.719717863185075,19.675963209440777,19.675963209440777,39.711447528861996,19.719717863185075,0.0,0.0,0.0,0.0
291,1,Bass,0,0,15.299213586562338,15.299213586562338,32.08746999053278,15.393847399569056,15.299213586562338,15.299213586562338,32.08746999053278,15.393847399569056,0.0,0.0,0.0,0.0
291,2,Drums,0,0,22.00527687717626,22.00527687717626,39.62245478940452,22.081582244922366,22.00527687717626,22.00527687717626,39.62245478940452,22.081582244922366,0.0,0.0,0.0,0.0
292,0,Vocal,0,0,15.019571323680715,15.019571323680719,26.601068603988356,15.341795245478334,15.019571323680715,15.019571323680719,26.601068603988356,15.341795245478334,0.0,0.0,0.0,0.0
292,1,Bass,0,0,13.395159163345724,13.395159163345724,29.322321238833275,13.512608679343858,13.395159163345724,13.395159163345724,29.322321238833275,13.512608679343858,0.0,0.0,0.0,0.0
292,2,Drums,0,0,19.765547115292545,19.765547115292545,33.23687300929317,19.967411237896734,19.765547115292545,19.765547115292545,33.23687300929317,19.967411237896734,0.0,0.0,0.0,0.0
293,0,Vocal,0,0,16.807850752726225,16.807850752726225,27.33458253055695,17.21867154005044,16.807850752726225,16.807850752726225,27.33458253055695,17.21867154005044,0.0,0.0,0.0,0.0
293,1,Bass,0,0,15.70608017127684,15.70608017127684,31.361131167570896,15.828996984680137,15.70608017127684,15.70608017127684,31.361131167570896,15.828996984680137,0.0,0.0,0.0,0.0
293,2,Drums,0,0,20.96676681884658,20.96676681884658,46.99030585441061,20.97771698411645,20.96676681884658,20.96676681884658,46.99030585441061,20.97771698411645,0.0,0.0,0.0,0.0
294,0,Vocal,0,0,13.834873117129384,13.834873117129384,22.480194997974493,14.497244079534703,13.834873117129384,13.834873117129384,22.480194997974493,14.497244079534703,0.0,0.0,0.0,0.0
294,1,Bass,0,0,17.783519030871247,17.783519030871247,36.62314650155296,17.84156879760506,17.783519030871247,17.783519030871247,36.62314650155296,17.84156879760506,0.0,0.0,0.0,0.0
294,2,Drums,0,0,23.477616188920422,23.477616188920422,28.835311677370168,24.97821381648815,23.477616188920422,23.477616188920422,28.835311677370168,24.97821381648815,0.0,0.0,0.0,0.0
295,0,Vocal,0,0,16.177927950874814,16.177927950874814,40.49140031505807,16.194430507937593,16.177927950874814,16.177927950874814,40.49140031505807,16.194430507937593,0.0,0.0,0.0,0.0
295,1,Bass,0,0,19.370812109326454,19.370812109326454,36.066548129709176,19.46583674200466,19.370812109326454,19.370812109326454,36.066548129709176,19.46583674200466,0.0,0.0,0.0,0.0
295,2,Drums,0,0,26.872178728122247,26.872178728122247,44.50219455818061,26.947937786089554,26.872178728122247,26.872178728122247,44.50219455818061,26.947937786089554,0.0,0.0,0.0,0.0
296,0,Vocal,0,0,2.9006109060593626,2.900610906059362,14.657491573553019,3.346650437195566,2.9006109060593626,2.900610906059362,14.657491573553019,3.346650437195566,0.0,0.0,0.0,0.0
296,1,Bass,0,0,13.1257691294294,13.1257691294294,29.244022679228742,13.238413215702751,13.1257691294294,13.1257691294294,29.244022679228742,13.238413215702751,0.0,0.0,0.0,0.0
296,2,Drums,0,0,25.279385079923273,25.279385079923273,26.633527548335934,31.00949079384735,25.279385079923273,25.279385079923273,26.633527548335934,31.00949079384735,0.0,0.0,0.0,0.0
297,0,Vocal,0,0,2.802773617017637,2.802773617017637,17.067052705273387,3.0530854992593848,2.802773617017637,2.802773617017637,17.067052705273387,3.0530854992593848,0.0,0.0,0.0,0.0
297,1,Bass,0,0,14.753735458688649,14.753735458688649,31.437138593564946,14.85107432889503,14.753735458688649,14.753735458688649,31.437138593564946,14.85107432889503,0.0,0.0,0.0,0.0
297,2,Drums,0,0,12.268792913908396,12.268792913908397,26.468379793352824,12.446926598921046,12.268792913908396,12.268792913908397,26.468379793352824,12.446926598921046,0.0,0.0,0.0,0.0
298,0,Vocal,0,0,4.8731017229987525,4.873101722998752,19.89793783479005,5.056083422637457,4.8731017229987525,4.873101722998752,19.89793783479005,5.056083422637457,0.0,0.0,0.0,0.0
298,1,Bass,0,0,14.501180668047533,14.501180668047533,30.691459230089713,14.610571763484682,14.501180668047533,14.501180668047533,30.691459230089713,14.610571763484682,0.0,0.0,0.0,0.0
298,2,Drums,0,0,12.597336882461136,12.597336882461136,29.28964738311762,12.696474060478476,12.597336882461136,12.597336882461136,29.28964738311762,12.696474060478476,0.0,0.0,0.0,0.0
299,0,Vocal,0,0,4.748048793820759,4.74804879382076,18.70169781598896,4.984583123502052,4.748048793820759,4.74804879382076,18.70169781598896,4.984583123502052,0.0,0.0,0.0,0.0
299,1,Bass,0,0,13.797178617547921,13.797178617547921,30.63230134692812,13.891883246913011,13.797178617547921,13.797178617547921,30.63230134692812,13.891883246913011,0.0,0.0,0.0,0.0
299,2,Drums,0,0,13.08092506894257,13.08092506894257,26.866399828050653,13.27541068724077,13.08092506894257,13.08092506894257,26.866399828050653,13.27541068724077,0.0,0.0,0.0,0.0
300,0,Vocal,0,0,13.831523235686527,13.831523235686529,22.96893050012942,14.418305094008122,13.831523235686527,13.831523235686529,22.96893050012942,14.418305094008122,0.0,0.0,0.0,0.0
300,1,Bass,0,0,13.271104918234922,13.271104918234922,27.623647128138508,13.441019009692369,13.271104918234922,13.271104918234922,27.623647128138508,13.441019009692369,0.0,0.0,0.0,0.0
300,2,Drums,0,0,16.024478187578644,16.024478187578644,24.765866087607495,16.661848115704903,16.024478187578644,16.024478187578644,24.765866087607495,16.661848115704903,0.0,0.0,0.0,0.0
301,0,Vocal,0,0,15.918506873746496,15.918506873746496,30.24718442253972,16.085933341329785,15.918506873746496,15.918506873746496,30.24718442253972,16.085933341329785,0.0,0.0,0.0,0.0
301,1,Bass,0,0,9.294743094434759,9.294743094434757,23.60847187737422,9.477522940011989,9.294743094434759,9.294743094434757,23.60847187737422,9.477522940011989,0.0,0.0,0.0,0.0
301,2,Drums,0,0,20.00378179161423,20.003781791614227,36.404719040153836,20.105401410284536,20.00378179161423,20.003781791614227,36.404719040153836,20.105401410284536,0.0,0.0,0.0,0.0
302,0,Vocal,0,0,4.459814300285576,4.459814300285576,21.903508278055106,4.566692740899174,4.459814300285576,4.459814300285576,21.903508278055106,4.566692740899174,0.0,0.0,0.0,0.0
302,1,Bass,0,0,13.373919200280671,13.373919200280671,30.258399929737323,13.467922545766584,13.373919200280671,13.373919200280671,30.258399929737323,13.467922545766584,0.0,0.0,0.0,0.0
302,2,Drums,0,0,13.883185240394322,13.883185240394322,27.61475517310551,14.078627449890881,13.883185240394322,13.883185240394322,27.61475517310551,14.078627449890881,0.0,0.0,0.0,0.0
303,0,Vocal,0,0,7.663977729563214,7.663977729563214,18.021959889001277,8.151487888842464,7.663977729563214,7.663977729563214,18.021959889001277,8.151487888842464,0.0,0.0,0.0,0.0
303,1,Bass,0,0,14.572116869773037,14.572116869773037,32.53043431325791,14.644598073189092,14.572116869773037,14.572116869773037,32.53043431325791,14.644598073189092,0.0,0.0,0.0,0.0
303,2,Drums,0,0,23.81647786440854,23.81647786440854,25.474936789255416,28.812436279358458,23.81647786440854,23.81647786440854,25.474936789255416,28.812436279358458,0.0,0.0,0.0,0.0
304,0,Vocal,0,0,20.58223511220696,20.58223511220696,37.58966197916689,20.670368651567177,20.58223511220696,20.58223511220696,37.58966197916689,20.670368651567177,0.0,0.0,0.0,0.0
304,1,Bass,0,0,12.642403386387786,12.642403386387786,22.68603330687085,13.118491868966656,12.642403386387786,12.642403386387786,22.68603330687085,13.118491868966656,0.0,0.0,0.0,0.0
304,2,Drums,0,0,20.396873908803343,20.396873908803343,30.57773930075157,20.83860945844366,20.396873908803343,20.396873908803343,30.57773930075157,20.83860945844366,0.0,0.0,0.0,0.0
305,0,Vocal,0,0,25.71089452539109,25.71089452539109,51.5335150071634,25.722302198960865,25.71089452539109,25.71089452539109,51.5335150071634,25.722302198960865,0.0,0.0,0.0,0.0
305,1,Bass,0,0,12.017708496042768,12.017708496042768,23.316927100477606,12.372462571799645,12.017708496042768,12.017708496042768,23.316927100477606,12.372462571799645,0.0,0.0,0.0,0.0
305,2,Drums,0,0,21.580551330548673,21.580551330548673,33.43550478334477,21.875511324116438,21.580551330548673,21.580551330548673,33.43550478334477,21.875511324116438,0.0,0.0,0.0,0.0
306,0,Vocal,0,0,10.009536581023742,10.009536581023742,27.96594758699939,10.086556137137912,10.009536581023742,10.009536581023742,27.96594758699939,10.086556137137912,0.0,0.0,0.0,0.0
306,1,Bass,0,0,21.326305778132465,21.326305778132465,33.37855993664431,21.607850896675245,21.326305778132465,21.326305778132465,33.37855993664431,21.607850896675245,0.0,0.0,0.0,0.0
306,2,Drums,0,0,12.21570890623055,12.21570890623055,21.95924940383354,12.730309777112833,12.21570890623055,12.21570890623055,21.95924940383354,12.730309777112833,0.0,0.0,0.0,0.0
307,0,Vocal,0,0,9.71503860265328,9.715038602653282,28.73240778097838,9.775650066484175,9.71503860265328,9.715038602653282,28.73240778097838,9.775650066484175,0.0,0.0,0.0,0.0
307,1,Bass,0,0,25.945880588888407,25.945880588888407,31.485769225092497,27.371185572116467,25.945880588888407,25.945880588888407,31.485769225092497,27.371185572116467,0.0,0.0,0.0,0.0
307,2,Drums,0,0,9.7253292928876,9.7253292928876,15.472393258217508,11.191329255594372,9.7253292928876,9.7253292928876,15.472393258217508,11.191329255594372,0.0,0.0,0.0,0.0
308,0,Vocal,0,0,14.586824285611474,14.586824285611474,24.344258722454892,15.088149029479291,14.586824285611474,14.586824285611474,24.344258722454892,15.088149029479291,0.0,0.0,0.0,0.0
308,1,Bass,0,0,17.700882447242112,17.700882447242112,29.53718085409203,18.000007720023106,17.700882447242112,17.700882447242112,29.53718085409203,18.000007720023106,0.0,0.0,0.0,0.0
308,2,Drums,0,0,14.579068477990596,14.579068477990596,45.0829421621613,14.58307199386863,14.579068477990596,14.579068477990596,45.0829421621613,14.58307199386863,0.0,0.0,0.0,0.0
309,0,Vocal,0,0,15.128459982590034,15.128459982590034,26.900780762660492,15.436134688487009,15.128459982590034,15.128459982590034,26.900780762660492,15.436134688487009,0.0,0.0,0.0,0.0
309,1,Bass,0,0,17.148602113467216,17.148602113467216,29.435771042744708,17.41791829979958,17.148602113467216,17.148602113467216,29.435771042744708,17.41791829979958,0.0,0.0,0.0,0.0
309,2,Drums,0,0,14.451470327547861,14.45147032754786,37.3724334725062,14.474488183861304,14.451470327547861,14.45147032754786,37.3724334725062,14.474488183861304,0.0,0.0,0.0,0.0
310,0,Vocal,0,0,22.818557957919165,22.818557957919165,49.04288060186283,22.82898263856751,22.818557957919165,22.818557957919165,49.04288060186283,22.82898263856751,0.0,0.0,0.0,0.0
310,1,Bass,0,0,14.042298226058627,14.042298226058627,26.536455344471094,14.303633676404203,14.042298226058627,14.042298226058627,26.536455344471094,14.303633676404203,0.0,0.0,0.0,0.0
310,2,Drums,0,0,20.503825873359126,20.503825873359126,42.45585064047509,20.531866905761774,20.503825873359126,20.503825873359126,42.45585064047509,20.531866905761774,0.0,0.0,0.0,0.0
311,0,Vocal,0,0,16.19383212853091,16.19383212853091,26.47377569200294,16.631157791505103,16.19383212853091,16.19383212853091,26.47377569200294,16.631157791505103,0.0,0.0,0.0,0.0
311,1,Bass,0,0,16.841299390567727,16.841299390567727,24.733001532171684,17.625984933227922,16.841299390567727,16.841299390567727,24.733001532171684,17.625984933227922,0.0,0.0,0.0,0.0
311,2,Drums,0,0,13.227243668793246,13.22724366879325,28.609099260653963,13.360855362797963,13.227243668793246,13.22724366879325,28.609099260653963,13.360855362797963,0.0,0.0,0.0,0.0
312,0,Vocal,0,0,19.623193552154653,19.62319355215465,38.16341815295137,19.685065427555028,19.623193552154653,19.62319355215465,38.16341815295137,19.685065427555028,0.0,0.0,0.0,0.0
312,1,Bass,0,0,7.358892096886061,7.358892096886061,19.739839667007956,7.6633146510839625,7.358892096886061,7.358892096886061,19.739839667007956,7.6633146510839625,0.0,0.0,0.0,0.0
312,2,Drums,0,0,23.021520217656686,23.021520217656686,25.609390685955397,26.511728529639353,23.021520217656686,23.021520217656686,25.609390685955397,26.511728529639353,0.0,0.0,0.0,0.0
313,0,Vocal,-1,-1,-19.329397881892856,-19.329397881892856,2.8094767116842068,-17.473908913372014,-19.329397881892856,-19.329397881892856,2.8094767116842068,-17.473908913372014,0.0,0.0,0.0,0.0
313,1,Bass,0,0,5.339782434690793,5.339782434690794,19.30193736923022,5.568495295483926,5.339782434690793,5.339782434690794,19.30193736923022,5.568495295483926,0.0,0.0,0.0,0.0
313,2,Drums,0,0,41.04665121501589,41.04665121501589,74.63987715352731,41.04852562473635,41.04665121501589,41.04665121501589,74.63987715352731,41.04852562473635,0.0,0.0,0.0,0.0
314,0,Vocal,0,0,13.654162822415861,13.654162822415861,37.80960803635804,13.671595219016474,13.654162822415861,13.654162822415861,37.80960803635804,13.671595219016474,0.0,0.0,0.0,0.0
314,1,Bass,0,0,6.44275387872736,6.442753878727359,22.488866295654244,6.576471525692179,6.44275387872736,6.442753878727359,22.488866295654244,6.576471525692179,0.0,0.0,0.0,0.0
314,2,Drums,0,0,30.068711786740216,30.068711786740216,42.08115416556502,30.351188690936826,30.068711786740216,30.068711786740216,42.08115416556502,30.351188690936826,0.0,0.0,0.0,0.0
315,0,Vocal,0,0,21.637073965910588,21.637073965910588,43.589981003318705,21.66505211857846,21.637073965910588,21.637073965910588,43.589981003318705,21.66505211857846,0.0,0.0,0.0,0.0
315,1,Bass,0,0,8.872270644806205,8.872270644806203,20.95033284929132,9.184865802698909,8.872270644806205,8.872270644806203,20.95033284929132,9.184865802698909,0.0,0.0,0.0,0.0
315,2,Drums,0,0,21.691895679941272,21.691895679941272,30.430649840461456,22.319131763217413,21.691895679941272,21.691895679941272,30.430649840461456,22.319131763217413,0.0,0.0,0.0,0.0
316,0,Vocal,0,0,8.21930679462336,8.21930679462336,33.91233267206884,8.232794015062785,8.21930679462336,8.21930679462336,33.91233267206884,8.232794015062785,0.0,0.0,0.0,0.0
316,1,Bass,0,0,6.737203857126161,6.737203857126161,23.01303130171086,6.862453595896093,6.737203857126161,6.737203857126161,23.01303130171086,6.862453595896093,0.0,0.0,0.0,0.0
316,2,Drums,0,0,31.22786985800871,31.22786985800871,43.35986241509189,31.502367395614943,31.22786985800871,31.22786985800871,43.35986241509189,31.502367395614943,0.0,0.0,0.0,0.0
317,0,Vocal,0,0,12.128495059183583,12.128495059183583,33.69312939735541,12.160747329683355,12.128495059183583,12.128495059183583,33.69312939735541,12.160747329683355,0.0,0.0,0.0,0.0
317,1,Bass,0,0,6.496859655575196,6.496859655575196,22.551282935914138,6.630018247844084,6.496859655575196,6.496859655575196,22.551282935914138,6.630018247844084,0.0,0.0,0.0,0.0
317,2,Drums,0,0,27.717155210401554,27.717155210401554,35.52918690705357,28.50410239944553,27.717155210401554,27.717155210401554,35.52918690705357,28.50410239944553,0.0,0.0,0.0,0.0
318,0,Vocal,0,0,13.99042681388021,13.99042681388021,39.95131479543509,14.001887187350423,13.99042681388021,13.99042681388021,39.95131479543509,14.001887187350423,0.0,0.0,0.0,0.0
318,1,Bass,0,0,4.476794301868259,4.476794301868259,20.71560929228049,4.617970999372218,4.476794301868259,4.476794301868259,20.71560929228049,4.617970999372218,0.0,0.0,0.0,0.0
318,2,Drums,0,0,29.032717103705732,29.032717103705732,39.0665624753574,29.48708409057837,29.032717103705732,29.032717103705732,39.0665624753574,29.48708409057837,0.0,0.0,0.0,0.0
319,0,Vocal,0,0,19.134071087143838,19.134071087143838,33.64254290362418,19.292528975690665,19.134071087143838,19.134071087143838,33.64254290362418,19.292528975690665,0.0,0.0,0.0,0.0
319,1,Bass,0,0,10.534621515637346,10.534621515637347,19.815350159312878,11.125076775968612,10.534621515637346,10.534621515637347,19.815350159312878,11.125076775968612,0.0,0.0,0.0,0.0
319,2,Drums,0,0,28.213249977008804,28.213249977008804,61.358108364523915,28.215352158735136,28.213249977008804,28.213249977008804,61.358108364523915,28.215352158735136,0.0,0.0,0.0,0.0
320,0,Vocal,0,0,9.321739695919328,9.321739695919328,26.439881559955314,9.41674373273983,9.321739695919328,9.321739695919328,26.439881559955314,9.41674373273983,0.0,0.0,0.0,0.0
320,1,Bass,0,0,2.6805599651238787,2.6805599651238787,13.812634674883807,3.2056620685152253,2.6805599651238787,2.6805599651238787,13.812634674883807,3.2056620685152253,0.0,0.0,0.0,0.0
320,2,Drums,0,0,21.530022424282436,21.530022424282436,27.334894408526832,22.861781708892202,21.530022424282436,21.530022424282436,27.334894408526832,22.861781708892202,0.0,0.0,0.0,0.0
321,0,Vocal,0,0,7.728014656889028,7.728014656889028,26.55407136981843,7.794891158877778,7.728014656889028,7.728014656889028,26.55407136981843,7.794891158877778,0.0,0.0,0.0,0.0
321,1,Bass,0,0,1.5739630637579598,1.5739630637579598,12.54436537575514,2.1712228923399994,1.5739630637579598,1.5739630637579598,12.54436537575514,2.1712228923399994,0.0,0.0,0.0,0.0
321,2,Drums,0,0,20.63026011832495,20.63026011832495,33.83860132404885,20.84464023284124,20.63026011832495,20.63026011832495,33.83860132404885,20.84464023284124,0.0,0.0,0.0,0.0
322,0,Vocal,0,0,7.922705638597414,7.922705638597414,26.4230807069403,7.994368392852208,7.922705638597414,7.922705638597414,26.4230807069403,7.994368392852208,0.0,0.0,0.0,0.0
322,1,Bass,0,0,2.831240873863105,2.831240873863105,15.144398949696612,3.224842493380497,2.831240873863105,2.831240873863105,15.144398949696612,3.224842493380497,0.0,0.0,0.0,0.0
322,2,Drums,0,0,21.205467988240688,21.205467988240688,30.327267038862857,21.77658088491516,21.205467988240688,21.205467988240688,30.327267038862857,21.77658088491516,0.0,0.0,0.0,0.0
323,0,Vocal,0,0,9.49673370906172,9.49673370906172,25.99310108780502,9.6060607144653,9.49673370906172,9.49673370906172,25.99310108780502,9.6060607144653,0.0,0.0,0.0,0.0
323,1,Bass,0,0,0.3612919984726828,0.3612919984726828,11.39554415475418,1.0218399604373227,0.3612919984726828,0.3612919984726828,11.39554415475418,1.0218399604373227,0.0,0.0,0.0,0.0
323,2,Drums,0,0,19.71015469262167,19.71015469262167,24.64962787894972,21.40418127978325,19.71015469262167,19.71015469262167,24.64962787894972,21.40418127978325,0.0,0.0,0.0,0.0
324,0,Vocal,0,0,7.594562862271221,7.594562862271222,25.599770856833004,7.675806924268205,7.594562862271221,7.594562862271222,25.599770856833004,7.675806924268205,0.0,0.0,0.0,0.0
324,1,Bass,0,0,4.210527427878108,4.210527427878108,15.261280969937403,4.693050119282372,4.210527427878108,4.210527427878108,15.261280969937403,4.693050119282372,0.0,0.0,0.0,0.0
324,2,Drums,0,0,20.1028849417167,20.1028849417167,29.806077265918773,20.599264538319716,20.1028849417167,20.1028849417167,29.806077265918773,20.599264538319716,0.0,0.0,0.0,0.0
325,0,Vocal,0,0,9.6669401386648,9.6669401386648,26.73458944605788,9.762304607545225,9.6669401386648,9.6669401386648,26.73458944605788,9.762304607545225,0.0,0.0,0.0,0.0
325,1,Bass,0,0,3.217292145656352,3.217292145656352,14.626690750100511,3.6902978858981648,3.217292145656352,3.217292145656352,14.626690750100511,3.6902978858981648,0.0,0.0,0.0,0.0
325,2,Drums,0,0,21.686352052627804,21.686352052627797,30.369942585800736,22.322220169846425,21.686352052627804,21.686352052627797,30.369942585800736,22.322220169846425,0.0,0.0,0.0,0.0
326,0,Vocal,0,0,8.820948444818779,8.82094844481878,25.607492913245622,8.924858670969943,8.820948444818779,8.82094844481878,25.607492913245622,8.924858670969943,0.0,0.0,0.0,0.0
326,1,Bass,0,0,1.11929220934683,1.11929220934683,12.491884122751957,1.6860712638637585,1.11929220934683,1.11929220934683,12.491884122751957,1.6860712638637585,0.0,0.0,0.0,0.0
326,2,Drums,0,0,20.410938839035353,20.41093883903535,28.89169472421144,21.081065112676463,20.410938839035353,20.41093883903535,28.89169472421144,21.081065112676463,0.0,0.0,0.0,0.0
327,0,Vocal,0,0,6.625605411816407,6.625605411816405,24.74780572578243,6.707577952724132,6.625605411816407,6.625605411816405,24.74780572578243,6.707577952724132,0.0,0.0,0.0,0.0
327,1,Bass,0,0,4.139644386424562,4.139644386424562,14.987093117566626,4.648112727767239,4.139644386424562,4.139644386424562,14.987093117566626,4.648112727767239,0.0,0.0,0.0,0.0
327,2,Drums,0,0,21.878304026870023,21.878304026870023,34.25584603303177,22.138697009891356,21.878304026870023,21.878304026870023,34.25584603303177,22.138697009891356,0.0,0.0,0.0,0.0
328,0,Vocal,0,0,15.040928732037763,15.040928732037761,41.247089674089125,15.051669911593606,15.040928732037763,15.040928732037761,41.247089674089125,15.051669911593606,0.0,0.0,0.0,0.0
328,1,Bass,0,0,10.300717518637557,10.300717518637558,46.733286936550726,10.301797160890338,10.300717518637557,10.300717518637558,46.733286936550726,10.301797160890338,0.0,0.0,0.0,0.0
328,2,Drums,0,0,30.551943249654364,30.55194324965436,45.036961083730205,30.70952360745137,30.551943249654364,30.55194324965436,45.036961083730205,30.70952360745137,0.0,0.0,0.0,0.0
329,0,Vocal,0,0,14.764484491358466,14.764484491358466,49.499602385937536,14.765992726382702,14.764484491358466,14.764484491358466,49.499602385937536,14.765992726382702,0.0,0.0,0.0,0.0
329,1,Bass,0,0,10.482534674689152,10.482534674689152,35.71476165705127,10.496737447130995,10.482534674689152,10.482534674689152,35.71476165705127,10.496737447130995,0.0,0.0,0.0,0.0
329,2,Drums,0,0,27.70824615014036,27.70824615014036,43.63302660582235,27.820871808725208,27.70824615014036,27.70824615014036,43.63302660582235,27.820871808725208,0.0,0.0,0.0,0.0
330,0,Vocal,0,0,14.622071271766012,14.622071271766012,76.89597482277532,14.622073405506107,14.622071271766012,14.622071271766012,76.89597482277532,14.622073405506107,0.0,0.0,0.0,0.0
330,1,Bass,0,0,11.605930997567294,11.605930997567294,35.54984272595578,11.624690458801341,11.605930997567294,11.605930997567294,35.54984272595578,11.624690458801341,0.0,0.0,0.0,0.0
330,2,Drums,0,0,28.2495169628167,28.2495169628167,40.058269370916825,28.546179524970512,28.2495169628167,28.2495169628167,40.058269370916825,28.546179524970512,0.0,0.0,0.0,0.0
331,0,Vocal,0,0,-6.436196788254277,-6.436196788254276,21.556397400785304,-6.39905501828737,-6.436196788254277,-6.436196788254276,21.556397400785304,-6.39905501828737,0.0,0.0,0.0,0.0
331,1,Bass,0,0,7.548428828550585,7.548428828550585,39.229892464557686,7.5518970171083915,7.548428828550585,7.548428828550585,39.229892464557686,7.5518970171083915,0.0,0.0,0.0,0.0
331,2,Drums,0,0,36.73377410448794,36.73377410448794,46.02935482500314,37.27726663673902,36.73377410448794,36.73377410448794,46.02935482500314,37.27726663673902,0.0,0.0,0.0,0.0
332,0,Vocal,0,0,15.12591936714339,15.12591936714339,42.79715316363168,15.133577492484317,15.12591936714339,15.12591936714339,42.79715316363168,15.133577492484317,0.0,0.0,0.0,0.0
332,1,Bass,0,0,8.545841911757684,8.545841911757684,31.08578024758689,8.573488979707095,8.545841911757684,8.545841911757684,31.08578024758689,8.573488979707095,0.0,0.0,0.0,0.0
332,2,Drums,0,0,29.555811081747223,29.555811081747223,41.46268854784072,29.845510391111286,29.555811081747223,29.555811081747223,41.46268854784072,29.845510391111286,0.0,0.0,0.0,0.0
333,0,Vocal,0,0,13.650090761329945,13.650090761329945,34.23533181149568,13.689848840107551,13.650090761329945,13.650090761329945,34.23533181149568,13.689848840107551,0.0,0.0,0.0,0.0
333,1,Bass,0,0,10.530312800807941,10.530312800807941,38.96201287290441,10.537100506797778,10.530312800807941,10.530312800807941,38.96201287290441,10.537100506797778,0.0,0.0,0.0,0.0
333,2,Drums,0,0,28.963251216740762,28.963251216740762,37.587858148935574,29.605199449544997,28.963251216740762,28.963251216740762,37.587858148935574,29.605199449544997,0.0,0.0,0.0,0.0
334,0,Vocal,0,0,14.556845224592003,14.556845224592006,49.90665769348185,14.558156447161243,14.556845224592003,14.556845224592006,49.90665769348185,14.558156447161243,0.0,0.0,0.0,0.0
334,1,Bass,0,0,10.375596383564698,10.375596383564698,35.56865201117625,10.389957320143361,10.375596383564698,10.375596383564698,35.56865201117625,10.389957320143361,0.0,0.0,0.0,0.0
334,2,Drums,0,0,27.555129353070225,27.555129353070225,38.99133394754748,27.87945781290191,27.555129353070225,27.555129353070225,38.99133394754748,27.87945781290191,0.0,0.0,0.0,0.0
335,0,Vocal,0,0,13.246946196537257,13.246946196537257,32.456162264814004,13.301830144988124,13.246946196537257,13.246946196537257,32.456162264814004,13.301830144988124,0.0,0.0,0.0,0.0
335,1,Bass,0,0,10.63000335324549,10.630003353245492,37.93697437664059,10.638783061288757,10.63000335324549,10.630003353245492,37.93697437664059,10.638783061288757,0.0,0.0,0.0,0.0
335,2,Drums,0,0,29.252055005918578,29.252055005918578,36.496761969655566,30.160647313897478,29.252055005918578,29.252055005918578,36.496761969655566,30.160647313897478,0.0,0.0,0.0,0.0
336,0,Vocal,0,0,15.124522436171496,15.124522436171496,41.34073527019892,15.135231607801662,15.124522436171496,15.124522436171496,41.34073527019892,15.135231607801662,0.0,0.0,0.0,0.0
336,1,Bass,0,0,17.92605794027061,17.926057940270606,34.50037492299133,18.024241927938668,17.92605794027061,17.926057940270606,34.50037492299133,18.024241927938668,0.0,0.0,0.0,0.0
336,2,Drums,0,0,24.332156917152894,24.332156917152894,45.47367289143021,24.365798430862693,24.332156917152894,24.332156917152894,45.47367289143021,24.365798430862693,0.0,0.0,0.0,0.0
337,0,Vocal,0,0,1.313718905748967,1.3137189057489675,23.951034184940983,1.3548919841442506,1.313718905748967,1.3137189057489675,23.951034184940983,1.3548919841442506,0.0,0.0,0.0,0.0
337,1,Bass,0,0,14.101866709128515,14.101866709128512,33.08441207421008,14.159244646967206,14.101866709128515,14.101866709128512,33.08441207421008,14.159244646967206,0.0,0.0,0.0,0.0
337,2,Drums,0,0,28.808327427742704,28.808327427742704,53.26777722208271,28.82392434911097,28.808327427742704,28.808327427742704,53.26777722208271,28.82392434911097,0.0,0.0,0.0,0.0
338,0,Vocal,0,0,13.287635530399832,13.287635530399832,41.167383047658305,13.295047620640359,13.287635530399832,13.287635530399832,41.167383047658305,13.295047620640359,0.0,0.0,0.0,0.0
338,1,Bass,0,0,12.42021286943501,12.42021286943501,29.811183739534705,12.50466980095375,12.42021286943501,12.42021286943501,29.811183739534705,12.50466980095375,0.0,0.0,0.0,0.0
338,2,Drums,0,0,28.31812268383002,28.31812268383002,46.17649423191918,28.38992499562425,28.31812268383002,28.31812268383002,46.17649423191918,28.38992499562425,0.0,0.0,0.0,0.0
339,0,Vocal,0,0,16.52613137703974,16.52613137703974,47.03583460865653,16.530078997747935,16.52613137703974,16.52613137703974,47.03583460865653,16.530078997747935,0.0,0.0,0.0,0.0
339,1,Bass,0,0,15.51846279526738,15.51846279526738,31.820457020925318,15.624290004863076,15.51846279526738,15.51846279526738,31.820457020925318,15.624290004863076,0.0,0.0,0.0,0.0
339,2,Drums,0,0,25.139185996082848,25.139185996082848,37.87091700522356,25.377824694241813,25.139185996082848,25.139185996082848,37.87091700522356,25.377824694241813,0.0,0.0,0.0,0.0
340,0,Vocal,0,0,7.805911214742375,7.805911214742375,29.445817400651745,7.840714597042995,7.805911214742375,7.805911214742375,29.445817400651745,7.840714597042995,0.0,0.0,0.0,0.0
340,1,Bass,0,0,20.158014372023718,20.158014372023718,37.479610735793464,20.24001220808821,20.158014372023718,20.158014372023718,37.479610735793464,20.24001220808821,0.0,0.0,0.0,0.0
340,2,Drums,0,0,25.17133057282323,25.17133057282323,41.66537896834576,25.270091967853233,25.17133057282323,25.17133057282323,41.66537896834576,25.270091967853233,0.0,0.0,0.0,0.0
341,0,Vocal,0,0,20.22065281769454,20.22065281769454,50.63862061046958,20.224635200619087,20.22065281769454,20.22065281769454,50.63862061046958,20.224635200619087,0.0,0.0,0.0,0.0
341,1,Bass,0,0,19.051344321997206,19.05134432199721,30.689956131594943,19.363548224522177,19.051344321997206,19.05134432199721,30.689956131594943,19.363548224522177,0.0,0.0,0.0,0.0
341,2,Drums,0,0,25.451603885836597,25.451603885836597,36.07206433274564,25.84647923309447,25.451603885836597,25.451603885836597,36.07206433274564,25.84647923309447,0.0,0.0,0.0,0.0
342,0,Vocal,0,0,17.42720957168457,17.42720957168457,48.47841812440968,17.43067941381654,17.42720957168457,17.42720957168457,48.47841812440968,17.43067941381654,0.0,0.0,0.0,0.0
342,1,Bass,0,0,17.046169882784078,17.046169882784078,30.77998194502428,17.237624170127145,17.046169882784078,17.046169882784078,30.77998194502428,17.237624170127145,0.0,0.0,0.0,0.0
342,2,Drums,0,0,21.959057382609586,21.959057382609586,35.02730966967913,22.180154249646225,21.959057382609586,21.959057382609586,35.02730966967913,22.180154249646225,0.0,0.0,0.0,0.0
343,0,Vocal,0,0,10.59995961085227,10.59995961085227,37.67214361875758,10.609231189468986,10.59995961085227,10.59995961085227,37.67214361875758,10.609231189468986,0.0,0.0,0.0,0.0
343,1,Bass,0,0,18.358514558447983,18.358514558447983,32.21264083195639,18.543708308348325,18.358514558447983,18.358514558447983,32.21264083195639,18.543708308348325,0.0,0.0,0.0,0.0
343,2,Drums,0,0,23.967194872230294,23.967194872230294,44.64176945766045,24.004682928735626,23.967194872230294,23.967194872230294,44.64176945766045,24.004682928735626,0.0,0.0,0.0,0.0
344,0,Vocal,0,0,15.806758498069396,15.806758498069392,40.04617223015422,15.823580846372229,15.806758498069396,15.806758498069392,40.04617223015422,15.823580846372229,0.0,0.0,0.0,0.0
344,1,Bass,0,0,11.945927576973299,11.945927576973299,26.640107673212544,12.105244678362165,11.945927576973299,11.945927576973299,26.640107673212544,12.105244678362165,0.0,0.0,0.0,0.0
344,2,Drums,0,0,28.56117920211598,28.56117920211598,40.69802617534796,28.835532972301014,28.56117920211598,28.56117920211598,40.69802617534796,28.835532972301014,0.0,0.0,0.0,0.0
345,0,Vocal,0,0,15.830995004816584,15.830995004816584,25.518340371079546,16.336911382850918,15.830995004816584,15.830995004816584,25.518340371079546,16.336911382850918,0.0,0.0,0.0,0.0
345,1,Bass,0,0,17.477372404671296,17.477372404671296,34.24385831346442,17.571422728620906,17.477372404671296,17.477372404671296,34.24385831346442,17.571422728620906,0.0,0.0,0.0,0.0
345,2,Drums,0,0,27.386517970444277,27.386517970444277,35.02611150358799,28.2086431973361,27.386517970444277,27.386517970444277,35.02611150358799,28.2086431973361,0.0,0.0,0.0,0.0
346,0,Vocal,0,0,18.49347624633947,18.49347624633947,54.84073968997785,18.49449531628554,18.49347624633947,18.49347624633947,54.84073968997785,18.49449531628554,0.0,0.0,0.0,0.0
346,1,Bass,0,0,17.500486314922906,17.500486314922906,34.89850435678438,17.58168469754237,17.500486314922906,17.500486314922906,34.89850435678438,17.58168469754237,0.0,0.0,0.0,0.0
346,2,Drums,0,0,25.2316858745756,25.2316858745756,36.94612100479275,25.53552976498262,25.2316858745756,25.2316858745756,36.94612100479275,25.53552976498262,0.0,0.0,0.0,0.0
347,0,Vocal,0,0,24.803073010536547,24.803073010536547,45.01687251351005,24.844744221431693,24.803073010536547,24.803073010536547,45.01687251351005,24.844744221431693,0.0,0.0,0.0,0.0
347,1,Bass,0,0,27.71913531342124,27.71913531342124,36.528456371151094,28.332610949613375,27.71913531342124,27.71913531342124,36.528456371151094,28.332610949613375,0.0,0.0,0.0,0.0
347,2,Drums,0,0,15.553555153761812,15.553555153761813,43.801381887868786,15.56023912704767,15.553555153761812,15.553555153761813,43.801381887868786,15.56023912704767,0.0,0.0,0.0,0.0
348,0,Vocal,0,0,18.475932402053935,18.475932402053935,26.370269632353192,19.255532039626885,18.475932402053935,18.475932402053935,26.370269632353192,19.255532039626885,0.0,0.0,0.0,0.0
348,1,Bass,0,0,20.231761388032137,20.231761388032137,33.722433914939224,20.432498354641243,20.231761388032137,20.231761388032137,33.722433914939224,20.432498354641243,0.0,0.0,0.0,0.0
348,2,Drums,0,0,18.96193800794085,18.96193800794085,22.853070116271773,21.262738902848742,18.96193800794085,18.96193800794085,22.853070116271773,21.262738902848742,0.0,0.0,0.0,0.0
349,0,Vocal,0,0,17.67242729283969,17.67242729283969,38.05242621521743,17.71307859272311,17.67242729283969,17.67242729283969,38.05242621521743,17.71307859272311,0.0,0.0,0.0,0.0
349,1,Bass,0,0,13.001725205456552,13.001725205456552,30.768771666425835,13.078599286128892,13.001725205456552,13.001725205456552,30.768771666425835,13.078599286128892,0.0,0.0,0.0,0.0
349,2,Drums,0,0,25.744980332279482,25.744980332279482,46.86452788550021,25.778755920481537,25.744980332279482,25.744980332279482,46.86452788550021,25.778755920481537,0.0,0.0,0.0,0.0
350,0,Vocal,0,0,10.118965905125904,10.118965905125904,34.19435832631486,10.137643365586879,10.118965905125904,10.118965905125904,34.19435832631486,10.137643365586879,0.0,0.0,0.0,0.0
350,1,Bass,0,0,21.063456670255402,21.063456670255402,39.748589277101864,21.12310376230328,21.063456670255402,21.063456670255402,39.748589277101864,21.12310376230328,0.0,0.0,0.0,0.0
350,2,Drums,0,0,33.35355250111866,33.35355250111866,40.01515240252617,34.40913059527838,33.35355250111866,33.35355250111866,40.01515240252617,34.40913059527838,0.0,0.0,0.0,0.0
351,0,Vocal,0,0,23.316982390751043,23.31698239075104,42.85207148894814,23.365812806096727,23.316982390751043,23.31698239075104,42.85207148894814,23.365812806096727,0.0,0.0,0.0,0.0
351,1,Bass,0,0,23.43852248017855,23.43852248017855,38.49061357932609,23.577000293623016,23.43852248017855,23.43852248017855,38.49061357932609,23.577000293623016,0.0,0.0,0.0,0.0
351,2,Drums,0,0,19.768506141501806,19.768506141501806,45.93464928709785,19.77912788550666,19.768506141501806,19.768506141501806,45.93464928709785,19.77912788550666,0.0,0.0,0.0,0.0
352,0,Vocal,0,0,12.900741881580123,12.900741881580123,29.49939642592225,13.001710464945194,12.900741881580123,12.900741881580123,29.49939642592225,13.001710464945194,0.0,0.0,0.0,0.0
352,1,Bass,0,0,8.04751598728817,8.04751598728817,25.39386854603643,8.140797827142631,8.04751598728817,8.04751598728817,25.39386854603643,8.140797827142631,0.0,0.0,0.0,0.0
352,2,Drums,0,0,25.691594328769018,25.691594328769018,37.63704063102856,25.979087375511885,25.691594328769018,25.691594328769018,37.63704063102856,25.979087375511885,0.0,0.0,0.0,0.0
353,0,Vocal,0,0,7.6212471221729885,7.6212471221729885,37.148073751341414,7.626929730480544,7.6212471221729885,7.6212471221729885,37.148073751341414,7.626929730480544,0.0,0.0,0.0,0.0
353,1,Bass,0,0,8.800820965311493,8.800820965311493,38.72018002520703,8.805830602039041,8.800820965311493,8.800820965311493,38.72018002520703,8.805830602039041,0.0,0.0,0.0,0.0
353,2,Drums,0,0,26.967001884976092,26.967001884976092,42.86408717387822,27.080392037321694,26.967001884976092,26.967001884976092,42.86408717387822,27.080392037321694,0.0,0.0,0.0,0.0
354,0,Vocal,0,0,16.929322508177073,16.929322508177073,35.11398372560427,16.997131435642828,16.929322508177073,16.929322508177073,35.11398372560427,16.997131435642828,0.0,0.0,0.0,0.0
354,1,Bass,0,0,6.198016769881209,6.198016769881209,47.16801506452082,6.198447433311927,6.198016769881209,6.198016769881209,47.16801506452082,6.198447433311927,0.0,0.0,0.0,0.0
354,2,Drums,0,0,21.491518265169532,21.491518265169532,28.534660581115165,22.453440209696865,21.491518265169532,21.491518265169532,28.534660581115165,22.453440209696865,0.0,0.0,0.0,0.0
355,0,Vocal,0,0,14.574305499433278,14.574305499433278,31.245956092247393,14.672042496820744,14.574305499433278,14.574305499433278,31.245956092247393,14.672042496820744,0.0,0.0,0.0,0.0
355,1,Bass,0,0,10.953239241582931,10.953239241582931,25.62597733307843,11.11578141707721,10.953239241582931,10.953239241582931,25.62597733307843,11.11578141707721,0.0,0.0,0.0,0.0
355,2,Drums,0,0,18.950709354863264,18.950709354863264,33.03263170889497,19.125935823418295,18.950709354863264,18.950709354863264,33.03263170889497,19.125935823418295,0.0,0.0,0.0,0.0
356,0,Vocal,0,0,14.132556977047372,14.132556977047376,33.24851123988498,14.188174531368018,14.132556977047372,14.132556977047376,33.24851123988498,14.188174531368018,0.0,0.0,0.0,0.0
356,1,Bass,0,0,10.98763217679151,10.987632176791509,29.88541916130227,11.048429214275345,10.98763217679151,10.987632176791509,29.88541916130227,11.048429214275345,0.0,0.0,0.0,0.0
356,2,Drums,0,0,27.197647034867842,27.197647034867842,42.26632770145169,27.335232515839873,27.197647034867842,27.197647034867842,42.26632770145169,27.335232515839873,0.0,0.0,0.0,0.0
357,0,Vocal,0,0,11.383449204284775,11.383449204284775,28.134447222964273,11.482866991472784,11.383449204284775,11.383449204284775,28.134447222964273,11.482866991472784,0.0,0.0,0.0,0.0
357,1,Bass,0,0,8.129486104768471,8.129486104768471,28.850939190862007,8.172079681693878,8.129486104768471,8.129486104768471,28.850939190862007,8.172079681693878,0.0,0.0,0.0,0.0
357,2,Drums,0,0,25.667452206112664,25.667452206112667,41.4532858666424,25.783905042002093,25.667452206112664,25.667452206112667,41.4532858666424,25.783905042002093,0.0,0.0,0.0,0.0
358,0,Vocal,0,0,16.063011625149265,16.063011625149265,35.60263705921584,16.112762717326817,16.063011625149265,16.063011625149265,35.60263705921584,16.112762717326817,0.0,0.0,0.0,0.0
358,1,Bass,0,0,4.742592349869166,4.742592349869165,40.95861455223687,4.743978582511922,4.742592349869166,4.742592349869165,40.95861455223687,4.743978582511922,0.0,0.0,0.0,0.0
358,2,Drums,0,0,23.57371363726527,23.57371363726527,29.196018286345495,24.96963965604099,23.57371363726527,23.57371363726527,29.196018286345495,24.96963965604099,0.0,0.0,0.0,0.0
359,0,Vocal,0,0,16.885580579232197,16.885580579232197,41.84471320350858,16.899749293750826,16.885580579232197,16.885580579232197,41.84471320350858,16.899749293750826,0.0,0.0,0.0,0.0
359,1,Bass,0,0,25.74556943294879,25.74556943294879,31.01191219653692,27.28202710948945,25.74556943294879,25.74556943294879,31.01191219653692,27.28202710948945,0.0,0.0,0.0,0.0
359,2,Drums,0,0,-3.681374575194187,-3.681374575194187,7.069335722070726,-2.521094955027947,-3.681374575194187,-3.681374575194187,7.069335722070726,-2.521094955027947,0.0,0.0,0.0,0.0
360,0,Vocal,0,0,20.628588633563698,20.628588633563698,62.09750525412602,20.62889320007728,20.628588633563698,20.628588633563698,62.09750525412602,20.62889320007728,0.0,0.0,0.0,0.0
360,1,Bass,0,0,10.353504764931946,10.353504764931946,27.767867236185644,10.440249173726171,10.353504764931946,10.353504764931946,27.767867236185644,10.440249173726171,0.0,0.0,0.0,0.0
360,2,Drums,0,0,23.718262115906516,23.718262115906516,32.04587725623372,24.41134384804859,23.718262115906516,23.718262115906516,32.04587725623372,24.41134384804859,0.0,0.0,0.0,0.0
361,0,Vocal,0,0,16.131734346873976,16.131734346873976,52.856678518443545,16.132676086262048,16.131734346873976,16.131734346873976,52.856678518443545,16.132676086262048,0.0,0.0,0.0,0.0
361,1,Bass,0,0,11.868494303866196,11.8684943038662,26.475037317485274,12.031284781463935,11.868494303866196,11.8684943038662,26.475037317485274,12.031284781463935,0.0,0.0,0.0,0.0
361,2,Drums,0,0,25.35813898297226,25.358138982972264,38.23353696866564,25.588770013214663,25.35813898297226,25.358138982972264,38.23353696866564,25.588770013214663,0.0,0.0,0.0,0.0
362,0,Vocal,0,0,20.16570552429675,20.16570552429675,32.009729002884036,20.4621747412155,20.16570552429675,20.16570552429675,32.009729002884036,20.4621747412155,0.0,0.0,0.0,0.0
362,1,Bass,0,0,23.74138350085786,23.741383500857857,53.13281352223774,23.746397100765193,23.74138350085786,23.741383500857857,53.13281352223774,23.746397100765193,0.0,0.0,0.0,0.0
362,2,Drums,0,0,17.84370512052154,17.84370512052154,36.612677388270754,17.90269485003677,17.84370512052154,17.84370512052154,36.612677388270754,17.90269485003677,0.0,0.0,0.0,0.0
363,0,Vocal,0,0,14.793366790176139,14.793366790176139,51.73338907200563,14.794270176169274,14.793366790176139,14.793366790176139,51.73338907200563,14.794270176169274,0.0,0.0,0.0,0.0
363,1,Bass,0,0,13.2554060408929,13.2554060408929,26.2854731518513,13.487334152711632,13.2554060408929,13.2554060408929,26.2854731518513,13.487334152711632,0.0,0.0,0.0,0.0
363,2,Drums,0,0,30.30409496049942,30.30409496049942,50.295230312251896,30.347866376104843,30.30409496049942,30.30409496049942,50.295230312251896,30.347866376104843,0.0,0.0,0.0,0.0
364,0,Vocal,0,0,14.606268223438946,14.606268223438946,37.299263281393074,14.630497100997603,14.606268223438946,14.606268223438946,37.299263281393074,14.630497100997603,0.0,0.0,0.0,0.0
364,1,Bass,0,0,10.35681753351028,10.35681753351028,35.151905757262206,10.372563878704426,10.35681753351028,10.35681753351028,35.151905757262206,10.372563878704426,0.0,0.0,0.0,0.0
364,2,Drums,0,0,34.18786305683528,34.18786305683528,54.19686037694505,34.23142756398394,34.18786305683528,34.18786305683528,54.19686037694505,34.23142756398394,0.0,0.0,0.0,0.0
365,0,Vocal,0,0,14.159802217403683,14.159802217403683,33.05598469110027,14.218301627574048,14.159802217403683,14.159802217403683,33.05598469110027,14.218301627574048,0.0,0.0,0.0,0.0
365,1,Bass,0,0,18.98470743500498,18.98470743500498,34.871343687772224,19.09956179123145,18.98470743500498,18.98470743500498,34.871343687772224,19.09956179123145,0.0,0.0,0.0,0.0
365,2,Drums,0,0,25.291337467986747,25.291337467986747,47.36280415498303,25.31844673039835,25.291337467986747,25.291337467986747,47.36280415498303,25.31844673039835,0.0,0.0,0.0,0.0
366,0,Vocal,0,0,23.850812748242568,23.85081274824257,37.49469210009404,24.043414328145218,23.850812748242568,23.85081274824257,37.49469210009404,24.043414328145218,0.0,0.0,0.0,0.0
366,1,Bass,0,0,22.24624387926772,22.246243879267716,41.98561195099508,22.292870518062298,22.24624387926772,22.246243879267716,41.98561195099508,22.292870518062298,0.0,0.0,0.0,0.0
366,2,Drums,1,1,-7.53479027325926,-7.53479027325926,0.4490141547516261,-3.9907459939808114,-7.53479027325926,-7.53479027325926,0.4490141547516261,-3.9907459939808114,0.0,0.0,0.0,0.0
367,0,Vocal,0,0,21.030472341090668,21.030472341090668,51.94277810082599,21.034012134003174,21.030472341090668,21.030472341090668,51.94277810082599,21.034012134003174,0.0,0.0,0.0,0.0
367,1,Bass,0,0,14.849910748243985,14.849910748243985,26.801740107164548,15.145280974024004,14.849910748243985,14.849910748243985,26.801740107164548,15.145280974024004,0.0,0.0,0.0,0.0
367,2,Drums,0,0,27.757579355507,27.757579355507,40.394542888584795,28.001303192657492,27.757579355507,27.757579355507,40.394542888584795,28.001303192657492,0.0,0.0,0.0,0.0
368,0,Vocal,0,0,7.519397538942595,7.519397538942595,23.33295836989244,7.654905042024368,7.519397538942595,7.519397538942595,23.33295836989244,7.654905042024368,0.0,0.0,0.0,0.0
368,1,Bass,0,0,4.827067979419021,4.827067979419021,17.91630621705474,5.115326242781087,4.827067979419021,4.827067979419021,17.91630621705474,5.115326242781087,0.0,0.0,0.0,0.0
368,2,Drums,0,0,30.051069817218522,30.051069817218522,50.89555883116918,30.087002419051135,30.051069817218522,30.051069817218522,50.89555883116918,30.087002419051135,0.0,0.0,0.0,0.0
369,0,Vocal,0,0,9.966408167467412,9.966408167467412,30.09736846130174,10.012997733246076,9.966408167467412,9.966408167467412,30.09736846130174,10.012997733246076,0.0,0.0,0.0,0.0
369,1,Bass,0,0,-0.8878103663891436,-0.8878103663891436,14.283631059730311,-0.5947241100975623,-0.8878103663891436,-0.8878103663891436,14.283631059730311,-0.5947241100975623,0.0,0.0,0.0,0.0
369,2,Drums,0,0,28.595503019792083,28.595503019792083,35.26220848673202,29.650540283241845,28.595503019792083,28.595503019792083,35.26220848673202,29.650540283241845,0.0,0.0,0.0,0.0
370,0,Vocal,0,0,4.5409191251166225,4.5409191251166225,22.592720670768006,4.633312863218536,4.5409191251166225,4.5409191251166225,22.592720670768006,4.633312863218536,0.0,0.0,0.0,0.0
370,1,Bass,0,0,0.1864585316344523,0.18645853163445325,14.08959927522421,0.5330991694760077,0.1864585316344523,0.18645853163445325,14.08959927522421,0.5330991694760077,0.0,0.0,0.0,0.0
370,2,Drums,0,0,31.33413021098201,31.33413021098201,46.68180934766632,31.462877828101377,31.33413021098201,31.33413021098201,46.68180934766632,31.462877828101377,0.0,0.0,0.0,0.0
371,0,Vocal,0,0,4.069924447113972,4.069924447113971,20.611560039108802,4.2048687037933945,4.069924447113972,4.069924447113971,20.611560039108802,4.2048687037933945,0.0,0.0,0.0,0.0
371,1,Bass,0,0,3.9517636455495246,3.9517636455495246,15.34310737403177,4.40412187780542,3.9517636455495246,3.9517636455495246,15.34310737403177,4.40412187780542,0.0,0.0,0.0,0.0
371,2,Drums,0,0,32.2062917203804,32.2062917203804,53.35296393688948,32.23978398891902,32.2062917203804,32.2062917203804,53.35296393688948,32.23978398891902,0.0,0.0,0.0,0.0
372,0,Vocal,0,0,3.842814773867123,3.8428147738671243,23.742703253396176,3.90579193740132,3.842814773867123,3.8428147738671243,23.742703253396176,3.90579193740132,0.0,0.0,0.0,0.0
372,1,Bass,0,0,2.6085304656444523,2.6085304656444523,16.323481120863647,2.8972912724749857,2.6085304656444523,2.6085304656444523,16.323481120863647,2.8972912724749857,0.0,0.0,0.0,0.0
372,2,Drums,0,0,31.236040549124134,31.23604054912414,49.189209058910066,31.30622996573728,31.236040549124134,31.23604054912414,49.189209058910066,31.30622996573728,0.0,0.0,0.0,0.0
373,0,Vocal,0,0,9.836402408562659,9.836402408562659,28.479294917218013,9.902331201159988,9.836402408562659,9.836402408562659,28.479294917218013,9.902331201159988,0.0,0.0,0.0,0.0
373,1,Bass,0,0,2.135931395160951,2.135931395160951,16.00352683765885,2.42559647364985,2.135931395160951,2.135931395160951,16.00352683765885,2.42559647364985,0.0,0.0,0.0,0.0
373,2,Drums,0,0,26.165471504649858,26.165471504649858,34.82734773312596,26.802190906683236,26.165471504649858,26.165471504649858,34.82734773312596,26.802190906683236,0.0,0.0,0.0,0.0
374,0,Vocal,0,0,6.853864155570792,6.853864155570792,24.46195571870514,6.945373406686343,6.853864155570792,6.853864155570792,24.46195571870514,6.945373406686343,0.0,0.0,0.0,0.0
374,1,Bass,0,0,3.2624314574087347,3.262431457408734,16.99822445436524,3.5360067846359438,3.2624314574087347,3.262431457408734,16.99822445436524,3.5360067846359438,0.0,0.0,0.0,0.0
374,2,Drums,0,0,29.315631154517042,29.315631154517042,42.7415298485117,29.517813917340252,29.315631154517042,29.315631154517042,42.7415298485117,29.517813917340252,0.0,0.0,0.0,0.0
375,0,Vocal,0,0,8.542287869137503,8.542287869137503,26.900643993698836,8.614990924304154,8.542287869137503,8.542287869137503,26.900643993698836,8.614990924304154,0.0,0.0,0.0,0.0
375,1,Bass,0,0,4.08244663798799,4.08244663798799,17.21275925207702,4.3807213777330976,4.08244663798799,4.08244663798799,17.21275925207702,4.3807213777330976,0.0,0.0,0.0,0.0
375,2,Drums,0,0,26.156537986388187,26.156537986388187,39.226806422296924,26.37668517924224,26.156537986388187,26.156537986388187,39.226806422296924,26.37668517924224,0.0,0.0,0.0,0.0
376,0,Vocal,0,0,5.7484904462527755,5.7484904462527755,49.7921001551105,5.748706934212803,5.7484904462527755,5.7484904462527755,49.7921001551105,5.748706934212803,0.0,0.0,0.0,0.0
376,1,Bass,0,0,13.941701855675483,13.941701855675483,30.36353335492176,14.045831749729027,13.941701855675483,13.941701855675483,30.36353335492176,14.045831749729027,0.0,0.0,0.0,0.0
376,2,Drums,0,0,16.780552064426658,16.780552064426658,23.914825629732448,17.73184425201507,16.780552064426658,16.780552064426658,23.914825629732448,17.73184425201507,0.0,0.0,0.0,0.0
377,0,Vocal,0,0,5.066686582686145,5.066686582686146,20.322173133404647,5.238284263938336,5.066686582686145,5.066686582686146,20.322173133404647,5.238284263938336,0.0,0.0,0.0,0.0
377,1,Bass,0,0,16.36759607691562,16.36759607691562,31.333700495374067,16.51145483327446,16.36759607691562,16.36759607691562,31.333700495374067,16.51145483327446,0.0,0.0,0.0,0.0
377,2,Drums,0,0,14.36209749875669,14.36209749875669,16.410421292071494,18.70807242940874,14.36209749875669,14.36209749875669,16.410421292071494,18.70807242940874,0.0,0.0,0.0,0.0
378,0,Vocal,0,0,22.784508184674653,22.784508184674653,52.67031296426595,22.78899058955009,22.784508184674653,22.784508184674653,52.67031296426595,22.78899058955009,0.0,0.0,0.0,0.0
378,1,Bass,11666,11666,-5.924841901445307,-5.924841901445307,49.66137914347585,-5.924785268533833,-5.924841901445307,-5.924841901445307,49.66137914347585,-5.924785268533833,0.0,0.0,0.0,0.0
378,2,Drums,0,0,21.13074443031185,21.130744430311847,25.944959261363394,22.881346846087858,21.13074443031185,21.130744430311847,25.944959261363394,22.881346846087858,0.0,0.0,0.0,0.0
379,0,Vocal,0,0,11.920403818547022,11.920403818547022,31.959620035517382,11.96642219544324,11.920403818547022,11.920403818547022,31.959620035517382,11.96642219544324,0.0,0.0,0.0,0.0
379,1,Bass,-1,-1,10.479209740208473,10.479209740208473,25.48396584809439,10.630876497357907,10.479209740208473,10.479209740208473,25.48396584809439,10.630876497357907,0.0,0.0,0.0,0.0
379,2,Drums,0,0,17.87158138949058,17.87158138949058,21.568599820980396,20.319226760398294,17.87158138949058,17.87158138949058,21.568599820980396,20.319226760398294,0.0,0.0,0.0,0.0
380,0,Vocal,0,0,11.434807773064684,11.434807773064682,26.71873020731053,11.574631438349321,11.434807773064684,11.434807773064682,26.71873020731053,11.574631438349321,0.0,0.0,0.0,0.0
380,1,Bass,0,0,15.141217128790519,15.141217128790515,28.85880415497446,15.33540773854918,15.141217128790519,15.141217128790515,28.85880415497446,15.33540773854918,0.0,0.0,0.0,0.0
380,2,Drums,0,0,16.248113715168913,16.248113715168916,21.757394162085543,17.711134286730164,16.248113715168913,16.248113715168916,21.757394162085543,17.711134286730164,0.0,0.0,0.0,0.0
381,0,Vocal,0,0,11.690829556234515,11.690829556234512,28.17302200595593,11.796178442688527,11.690829556234515,11.690829556234512,28.17302200595593,11.796178442688527,0.0,0.0,0.0,0.0
381,1,Bass,0,0,13.301365243947807,13.301365243947807,24.665771763774874,13.645560740242574,13.301365243947807,13.301365243947807,24.665771763774874,13.645560740242574,0.0,0.0,0.0,0.0
381,2,Drums,0,0,16.277605032599393,16.277605032599393,20.685855468725066,18.268973777860047,16.277605032599393,16.277605032599393,20.685855468725066,18.268973777860047,0.0,0.0,0.0,0.0
382,0,Vocal,0,0,10.559348376354983,10.559348376354983,36.72307401544441,10.570789663058058,10.559348376354983,10.559348376354983,36.72307401544441,10.570789663058058,0.0,0.0,0.0,0.0
382,1,Bass,0,0,9.895748176827746,9.895748176827746,24.01267675135584,10.084603710548949,9.895748176827746,9.895748176827746,24.01267675135584,10.084603710548949,0.0,0.0,0.0,0.0
382,2,Drums,0,0,17.608183643534066,17.60818364353407,21.45976136507107,19.944945858326495,17.608183643534066,17.60818364353407,21.45976136507107,19.944945858326495,0.0,0.0,0.0,0.0
383,0,Vocal,0,0,4.526113814783767,4.526113814783767,21.77138053379803,4.637578321254511,4.526113814783767,4.526113814783767,21.77138053379803,4.637578321254511,0.0,0.0,0.0,0.0
383,1,Bass,0,0,14.318158934261048,14.318158934261048,29.491214665388167,14.45705637553683,14.318158934261048,14.318158934261048,29.491214665388167,14.45705637553683,0.0,0.0,0.0,0.0
383,2,Drums,0,0,15.165135818903558,15.165135818903558,20.442050077878747,16.732741795818523,15.165135818903558,15.165135818903558,20.442050077878747,16.732741795818523,0.0,0.0,0.0,0.0
384,0,Vocal,0,0,0.4851961876758166,0.4851961876758149,23.757611180582895,0.5239306412042724,0.4851961876758166,0.4851961876758149,23.757611180582895,0.5239306412042724,0.0,0.0,0.0,0.0
384,1,Bass,0,0,-0.8673065561180475,-0.8673065561180475,14.776807679534443,-0.6050327703997207,-0.8673065561180475,-0.8673065561180475,14.776807679534443,-0.6050327703997207,0.0,0.0,0.0,0.0
384,2,Drums,0,0,30.93473919126055,30.93473919126055,41.632005923127366,31.3216176249282,30.93473919126055,30.93473919126055,41.632005923127366,31.3216176249282,0.0,0.0,0.0,0.0
385,0,Vocal,0,0,-0.1552979285568988,-0.1552979285568988,16.49922530281795,0.03572920224379599,-0.1552979285568988,-0.1552979285568988,16.49922530281795,0.03572920224379599,0.0,0.0,0.0,0.0
385,1,Bass,-1,-1,-4.696325887350955,-4.696325887350955,7.249020619430602,-3.6599191922306877,-4.696325887350955,-4.696325887350955,7.249020619430602,-3.6599191922306877,0.0,0.0,0.0,0.0
385,2,Drums,0,0,26.73902833324061,26.73902833324061,39.144419471499624,26.996614874959597,26.73902833324061,26.73902833324061,39.144419471499624,26.996614874959597,0.0,0.0,0.0,0.0
386,0,Vocal,0,0,5.446931306032706,5.446931306032706,33.341457295101975,5.45600067773063,5.446931306032706,5.446931306032706,33.341457295101975,5.45600067773063,0.0,0.0,0.0,0.0
386,1,Bass,0,0,0.24555602851575992,0.24555602851575992,14.94484298723797,0.5322005339796265,0.24555602851575992,0.24555602851575992,14.94484298723797,0.5322005339796265,0.0,0.0,0.0,0.0
386,2,Drums,0,0,26.27938829461991,26.27938829461991,36.982204860031516,26.66632393085979,26.27938829461991,26.27938829461991,36.982204860031516,26.66632393085979,0.0,0.0,0.0,0.0
387,0,Vocal,0,0,-5.272759605535267,-5.272759605535264,13.754389651911598,-5.038877038831897,-5.272759605535267,-5.272759605535264,13.754389651911598,-5.038877038831897,0.0,0.0,0.0,0.0
387,1,Bass,0,0,-3.1160720198763063,-3.1160720198763063,11.184584265426071,-2.6330305607770566,-3.1160720198763063,-3.1160720198763063,11.184584265426071,-2.6330305607770566,0.0,0.0,0.0,0.0
387,2,Drums,0,0,31.486833836395675,31.486833836395675,42.5309926329342,31.842726893762926,31.486833836395675,31.486833836395675,42.5309926329342,31.842726893762926,0.0,0.0,0.0,0.0
388,0,Vocal,0,0,3.6887961465849726,3.688796146584974,20.387867698230004,3.822212118828583,3.6887961465849726,3.688796146584974,20.387867698230004,3.822212118828583,0.0,0.0,0.0,0.0
388,1,Bass,0,0,-2.3264301391928845,-2.3264301391928854,10.446405202699161,-1.715612725609088,-2.3264301391928845,-2.3264301391928854,10.446405202699161,-1.715612725609088,0.0,0.0,0.0,0.0
388,2,Drums,0,0,23.23704801998131,23.2370480199813,32.79140277609004,23.749366279417423,23.23704801998131,23.2370480199813,32.79140277609004,23.749366279417423,0.0,0.0,0.0,0.0
389,0,Vocal,0,0,4.3260963907796075,4.3260963907796075,27.899504036723393,4.352250722395236,4.3260963907796075,4.3260963907796075,27.899504036723393,4.352250722395236,0.0,0.0,0.0,0.0
389,1,Bass,0,0,-5.651861796343289,-5.651861796343289,8.977919624457371,-4.9822253697661445,-5.651861796343289,-5.651861796343289,8.977919624457371,-4.9822253697661445,0.0,0.0,0.0,0.0
389,2,Drums,0,0,33.336823095225355,33.336823095225355,45.998513536236715,33.5788330015971,33.336823095225355,33.336823095225355,45.998513536236715,33.5788330015971,0.0,0.0,0.0,0.0
390,0,Vocal,0,0,5.687501874366566,5.687501874366565,27.30678832399416,5.7255846833649695,5.687501874366566,5.687501874366565,27.30678832399416,5.7255846833649695,0.0,0.0,0.0,0.0
390,1,Bass,0,0,-6.759728251320885,-6.759728251320885,7.22783374834547,-5.829761167529388,-6.759728251320885,-6.759728251320885,7.22783374834547,-5.829761167529388,0.0,0.0,0.0,0.0
390,2,Drums,0,0,32.342730491259715,32.342730491259715,46.72750858279279,32.50400747518222,32.342730491259715,32.342730491259715,46.72750858279279,32.50400747518222,0.0,0.0,0.0,0.0
391,0,Vocal,0,0,10.767825577337387,10.767825577337389,28.598296809727152,10.845985590897282,10.767825577337387,10.767825577337389,28.598296809727152,10.845985590897282,0.0,0.0,0.0,0.0
391,1,Bass,0,0,-0.46537523014839255,-0.46537523014839255,11.706343513859203,0.09006647813825455,-0.46537523014839255,-0.46537523014839255,11.706343513859203,0.09006647813825455,0.0,0.0,0.0,0.0
391,2,Drums,0,0,20.9522433172377,20.9522433172377,29.62939876726718,21.58985887205034,20.9522433172377,20.9522433172377,29.62939876726718,21.58985887205034,0.0,0.0,0.0,0.0
392,0,Vocal,0,0,14.131422518908334,14.131422518908334,33.14987179997737,14.18831059994794,14.131422518908334,14.131422518908334,33.14987179997737,14.18831059994794,0.0,0.0,0.0,0.0
392,1,Bass,0,0,3.726000770020911,3.7260007700209123,17.18436799478993,4.008682805831554,3.726000770020911,3.7260007700209123,17.18436799478993,4.008682805831554,0.0,0.0,0.0,0.0
392,2,Drums,0,0,33.18455709428261,33.18455709428261,45.02959860211937,33.478369689062866,33.18455709428261,33.18455709428261,45.02959860211937,33.478369689062866,0.0,0.0,0.0,0.0
393,0,Vocal,0,0,18.83098024809999,18.83098024809999,46.43160643486584,18.838630966703427,18.83098024809999,18.83098024809999,46.43160643486584,18.838630966703427,0.0,0.0,0.0,0.0
393,1,Bass,0,0,3.5723098452376236,3.5723098452376236,17.67940254475855,3.817836780540958,3.5723098452376236,3.5723098452376236,17.67940254475855,3.817836780540958,0.0,0.0,0.0,0.0
393,2,Drums,0,0,23.60067398543555,23.60067398543555,27.86521837069038,25.64605529610827,23.60067398543555,23.60067398543555,27.86521837069038,25.64605529610827,0.0,0.0,0.0,0.0
394,0,Vocal,0,0,17.61323705889756,17.61323705889756,44.91091170513161,17.62147529302362,17.61323705889756,17.61323705889756,44.91091170513161,17.62147529302362,0.0,0.0,0.0,0.0
394,1,Bass,0,0,2.2896756650300927,2.2896756650300936,19.810374492696592,2.4123587186037163,2.2896756650300927,2.2896756650300936,19.810374492696592,2.4123587186037163,0.0,0.0,0.0,0.0
394,2,Drums,0,0,29.36308390743249,29.36308390743249,41.60798135058371,29.630422006423697,29.36308390743249,29.36308390743249,41.60798135058371,29.630422006423697,0.0,0.0,0.0,0.0
395,0,Vocal,0,0,13.410022212404801,13.410022212404801,36.69465941275111,13.431384616123829,13.410022212404801,13.410022212404801,36.69465941275111,13.431384616123829,0.0,0.0,0.0,0.0
395,1,Bass,0,0,5.98154416665953,5.98154416665953,21.766847095340896,6.1265196528365395,5.98154416665953,5.98154416665953,21.766847095340896,6.1265196528365395,0.0,0.0,0.0,0.0
395,2,Drums,0,0,25.766686159201775,25.766686159201775,33.64684129665034,26.540909531148735,25.766686159201775,25.766686159201775,33.64684129665034,26.540909531148735,0.0,0.0,0.0,0.0
396,0,Vocal,0,0,11.90009234255216,11.90009234255216,35.76675577345156,11.919107763030867,11.90009234255216,11.90009234255216,35.76675577345156,11.919107763030867,0.0,0.0,0.0,0.0
396,1,Bass,0,0,3.125200619399907,3.125200619399907,17.929616038278226,3.3406908505445814,3.125200619399907,3.125200619399907,17.929616038278226,3.3406908505445814,0.0,0.0,0.0,0.0
396,2,Drums,0,0,29.767346219855483,29.767346219855483,37.255775872502134,30.6210385719282,29.767346219855483,29.767346219855483,37.255775872502134,30.6210385719282,0.0,0.0,0.0,0.0
397,0,Vocal,0,0,18.47744421439957,18.47744421439957,41.485835545306685,18.499529980322183,18.47744421439957,18.47744421439957,41.485835545306685,18.499529980322183,0.0,0.0,0.0,0.0
397,1,Bass,0,0,7.686960031693473,7.686960031693473,22.527842955511453,7.85600838867661,7.686960031693473,7.686960031693473,22.527842955511453,7.85600838867661,0.0,0.0,0.0,0.0
397,2,Drums,0,0,26.46984473926603,26.46984473926603,37.36092950370952,26.839612901155174,26.46984473926603,26.46984473926603,37.36092950370952,26.839612901155174,0.0,0.0,0.0,0.0
398,0,Vocal,0,0,18.22894714328221,18.22894714328221,41.13645020138253,18.251572740332588,18.22894714328221,18.22894714328221,41.13645020138253,18.251572740332588,0.0,0.0,0.0,0.0
398,1,Bass,0,0,8.827342321842501,8.827342321842501,22.5989082367343,9.037316180481598,8.827342321842501,8.827342321842501,22.5989082367343,9.037316180481598,0.0,0.0,0.0,0.0
398,2,Drums,0,0,23.693255961267823,23.693255961267823,30.618813720181052,24.68230415289301,23.693255961267823,23.693255961267823,30.618813720181052,24.68230415289301,0.0,0.0,0.0,0.0
399,0,Vocal,0,0,-4.742799870165211,-4.742799870165211,19.24149515349739,-4.67400615112984,-4.742799870165211,-4.742799870165211,19.24149515349739,-4.67400615112984,0.0,0.0,0.0,0.0
399,1,Bass,0,0,5.112552345292698,5.112552345292698,19.066620079245308,5.344409681071815,5.112552345292698,5.112552345292698,19.066620079245308,5.344409681071815,0.0,0.0,0.0,0.0
399,2,Drums,0,0,41.484218060527226,41.484218060527226,61.19237825628032,41.53087444188998,41.484218060527226,41.484218060527226,61.19237825628032,41.53087444188998,0.0,0.0,0.0,0.0
